<?xml version="1.0" encoding="UTF-8"?>
<gpx xmlns="http://www.topografix.com/GPX/1/1" xmlns:xsi="http://www.w3.org/2001/XMLSchema-instance" xsi:schemaLocation="http://www.topografix.com/GPX/1/1 http://www.topografix.com/GPX/1/1/gpx.xsd" version="1.1" creator="gpx.py -- https://github.com/tkrajina/gpxpy">
  <trk>
    <name>GDT ecc</name>
    <trkseg>
      <trkpt lat="53.881433" lon="-120.018578">
      </trkpt>
      <trkpt lat="53.881421" lon="-120.018434">
      </trkpt>
      <trkpt lat="53.881435" lon="-120.018179">
      </trkpt>
      <trkpt lat="53.881419" lon="-120.018079">
      </trkpt>
      <trkpt lat="53.881382" lon="-120.017657">
      </trkpt>
      <trkpt lat="53.881399" lon="-120.017502">
      </trkpt>
      <trkpt lat="53.881367" lon="-120.017135">
      </trkpt>
      <trkpt lat="53.881371" lon="-120.016961">
      </trkpt>
      <trkpt lat="53.881396" lon="-120.016615">
      </trkpt>
      <trkpt lat="53.881383" lon="-120.016565">
      </trkpt>
      <trkpt lat="53.881387" lon="-120.016407">
      </trkpt>
      <trkpt lat="53.88134" lon="-120.01614">
      </trkpt>
      <trkpt lat="53.88131" lon="-120.016024">
      </trkpt>
      <trkpt lat="53.881197" lon="-120.01566">
      </trkpt>
      <trkpt lat="53.881151" lon="-120.015564">
      </trkpt>
      <trkpt lat="53.881096" lon="-120.015395">
      </trkpt>
      <trkpt lat="53.881019" lon="-120.015276">
      </trkpt>
      <trkpt lat="53.880945" lon="-120.015135">
      </trkpt>
      <trkpt lat="53.880867" lon="-120.015034">
      </trkpt>
      <trkpt lat="53.880784" lon="-120.014868">
      </trkpt>
      <trkpt lat="53.880777" lon="-120.01483">
      </trkpt>
      <trkpt lat="53.880754" lon="-120.014777">
      </trkpt>
      <trkpt lat="53.880425" lon="-120.014502">
      </trkpt>
      <trkpt lat="53.880347" lon="-120.01439">
      </trkpt>
      <trkpt lat="53.880242" lon="-120.014304">
      </trkpt>
      <trkpt lat="53.879949" lon="-120.014135">
      </trkpt>
      <trkpt lat="53.879788" lon="-120.014084">
      </trkpt>
      <trkpt lat="53.879717" lon="-120.014017">
      </trkpt>
      <trkpt lat="53.879618" lon="-120.013966">
      </trkpt>
      <trkpt lat="53.879546" lon="-120.0139">
      </trkpt>
      <trkpt lat="53.879491" lon="-120.013802">
      </trkpt>
      <trkpt lat="53.87935" lon="-120.013644">
      </trkpt>
      <trkpt lat="53.879289" lon="-120.013542">
      </trkpt>
      <trkpt lat="53.87922" lon="-120.01345">
      </trkpt>
      <trkpt lat="53.87914" lon="-120.013365">
      </trkpt>
      <trkpt lat="53.879078" lon="-120.013317">
      </trkpt>
      <trkpt lat="53.879022" lon="-120.013317">
      </trkpt>
      <trkpt lat="53.878952" lon="-120.013263">
      </trkpt>
      <trkpt lat="53.878882" lon="-120.013193">
      </trkpt>
      <trkpt lat="53.87881" lon="-120.0131">
      </trkpt>
      <trkpt lat="53.878752" lon="-120.013061">
      </trkpt>
      <trkpt lat="53.878604" lon="-120.012851">
      </trkpt>
      <trkpt lat="53.878538" lon="-120.012781">
      </trkpt>
      <trkpt lat="53.878453" lon="-120.012669">
      </trkpt>
      <trkpt lat="53.878408" lon="-120.012628">
      </trkpt>
      <trkpt lat="53.878387" lon="-120.012565">
      </trkpt>
      <trkpt lat="53.878336" lon="-120.012509">
      </trkpt>
      <trkpt lat="53.878299" lon="-120.012442">
      </trkpt>
      <trkpt lat="53.878257" lon="-120.012339">
      </trkpt>
      <trkpt lat="53.878234" lon="-120.01224">
      </trkpt>
      <trkpt lat="53.878186" lon="-120.012147">
      </trkpt>
      <trkpt lat="53.878137" lon="-120.012074">
      </trkpt>
      <trkpt lat="53.878062" lon="-120.011847">
      </trkpt>
      <trkpt lat="53.877873" lon="-120.011535">
      </trkpt>
      <trkpt lat="53.877728" lon="-120.011346">
      </trkpt>
      <trkpt lat="53.877351" lon="-120.01092">
      </trkpt>
      <trkpt lat="53.877231" lon="-120.010758">
      </trkpt>
      <trkpt lat="53.877142" lon="-120.010579">
      </trkpt>
      <trkpt lat="53.877081" lon="-120.010521">
      </trkpt>
      <trkpt lat="53.877031" lon="-120.010429">
      </trkpt>
      <trkpt lat="53.876972" lon="-120.01037">
      </trkpt>
      <trkpt lat="53.876888" lon="-120.010342">
      </trkpt>
      <trkpt lat="53.876816" lon="-120.010286">
      </trkpt>
      <trkpt lat="53.8767801" lon="-120.0102491">
      </trkpt>
      <trkpt lat="53.876652" lon="-120.010196">
      </trkpt>
      <trkpt lat="53.876584" lon="-120.010176">
      </trkpt>
      <trkpt lat="53.876485" lon="-120.010208">
      </trkpt>
      <trkpt lat="53.876279" lon="-120.010155">
      </trkpt>
      <trkpt lat="53.876029" lon="-120.010158">
      </trkpt>
      <trkpt lat="53.87595" lon="-120.010128">
      </trkpt>
      <trkpt lat="53.875844" lon="-120.010023">
      </trkpt>
      <trkpt lat="53.875704" lon="-120.009845">
      </trkpt>
      <trkpt lat="53.875613" lon="-120.009776">
      </trkpt>
      <trkpt lat="53.875507" lon="-120.009753">
      </trkpt>
      <trkpt lat="53.875419" lon="-120.009714">
      </trkpt>
      <trkpt lat="53.875336" lon="-120.009652">
      </trkpt>
      <trkpt lat="53.875263" lon="-120.009575">
      </trkpt>
      <trkpt lat="53.875215" lon="-120.00956">
      </trkpt>
      <trkpt lat="53.875135" lon="-120.009509">
      </trkpt>
      <trkpt lat="53.874979" lon="-120.009393">
      </trkpt>
      <trkpt lat="53.874855" lon="-120.009353">
      </trkpt>
      <trkpt lat="53.874751" lon="-120.009277">
      </trkpt>
      <trkpt lat="53.874659" lon="-120.009175">
      </trkpt>
      <trkpt lat="53.874498" lon="-120.009032">
      </trkpt>
      <trkpt lat="53.874474" lon="-120.008953">
      </trkpt>
      <trkpt lat="53.874461" lon="-120.008847">
      </trkpt>
      <trkpt lat="53.874412" lon="-120.008719">
      </trkpt>
      <trkpt lat="53.874384" lon="-120.008551">
      </trkpt>
      <trkpt lat="53.874372" lon="-120.008388">
      </trkpt>
      <trkpt lat="53.874337" lon="-120.008169">
      </trkpt>
      <trkpt lat="53.874312" lon="-120.008109">
      </trkpt>
      <trkpt lat="53.874228" lon="-120.007967">
      </trkpt>
      <trkpt lat="53.874233" lon="-120.007946">
      </trkpt>
      <trkpt lat="53.874221" lon="-120.007905">
      </trkpt>
      <trkpt lat="53.874221" lon="-120.007854">
      </trkpt>
      <trkpt lat="53.874196" lon="-120.007734">
      </trkpt>
      <trkpt lat="53.874164" lon="-120.00763">
      </trkpt>
      <trkpt lat="53.874049" lon="-120.006772">
      </trkpt>
      <trkpt lat="53.874077" lon="-120.006574">
      </trkpt>
      <trkpt lat="53.874074" lon="-120.006397">
      </trkpt>
      <trkpt lat="53.874048" lon="-120.0062">
      </trkpt>
      <trkpt lat="53.873969" lon="-120.005887">
      </trkpt>
      <trkpt lat="53.873957" lon="-120.005783">
      </trkpt>
      <trkpt lat="53.873938" lon="-120.00572">
      </trkpt>
      <trkpt lat="53.873892" lon="-120.005473">
      </trkpt>
      <trkpt lat="53.873835" lon="-120.005259">
      </trkpt>
      <trkpt lat="53.873796" lon="-120.005138">
      </trkpt>
      <trkpt lat="53.873678" lon="-120.004941">
      </trkpt>
      <trkpt lat="53.8736339" lon="-120.0048076">
      </trkpt>
      <trkpt lat="53.873551" lon="-120.004649">
      </trkpt>
      <trkpt lat="53.873535" lon="-120.004519">
      </trkpt>
      <trkpt lat="53.873501" lon="-120.004416">
      </trkpt>
      <trkpt lat="53.873476" lon="-120.004358">
      </trkpt>
      <trkpt lat="53.873385" lon="-120.004221">
      </trkpt>
      <trkpt lat="53.873289" lon="-120.00399">
      </trkpt>
      <trkpt lat="53.873282" lon="-120.003931">
      </trkpt>
      <trkpt lat="53.873231" lon="-120.003747">
      </trkpt>
      <trkpt lat="53.873146" lon="-120.003514">
      </trkpt>
      <trkpt lat="53.8731" lon="-120.003418">
      </trkpt>
      <trkpt lat="53.873052" lon="-120.003255">
      </trkpt>
      <trkpt lat="53.873039" lon="-120.003147">
      </trkpt>
      <trkpt lat="53.8730193" lon="-120.0031106">
      </trkpt>
      <trkpt lat="53.872997" lon="-120.00309">
      </trkpt>
      <trkpt lat="53.872944" lon="-120.002951">
      </trkpt>
      <trkpt lat="53.872915" lon="-120.002897">
      </trkpt>
      <trkpt lat="53.872884" lon="-120.002755">
      </trkpt>
      <trkpt lat="53.872813" lon="-120.002538">
      </trkpt>
      <trkpt lat="53.872816" lon="-120.002476">
      </trkpt>
      <trkpt lat="53.872722" lon="-120.002246">
      </trkpt>
      <trkpt lat="53.872528" lon="-120.001903">
      </trkpt>
      <trkpt lat="53.872371" lon="-120.001587">
      </trkpt>
      <trkpt lat="53.872121" lon="-120.001211">
      </trkpt>
      <trkpt lat="53.871984" lon="-120.000908">
      </trkpt>
      <trkpt lat="53.87194" lon="-120.000667">
      </trkpt>
      <trkpt lat="53.871883" lon="-120.000542">
      </trkpt>
      <trkpt lat="53.871831" lon="-120.000365">
      </trkpt>
      <trkpt lat="53.871783" lon="-120.000134">
      </trkpt>
      <trkpt lat="53.871625" lon="-119.999664">
      </trkpt>
      <trkpt lat="53.8715" lon="-119.999245">
      </trkpt>
      <trkpt lat="53.871371" lon="-119.998975">
      </trkpt>
      <trkpt lat="53.871318" lon="-119.998829">
      </trkpt>
      <trkpt lat="53.871158" lon="-119.99848">
      </trkpt>
      <trkpt lat="53.87111" lon="-119.998296">
      </trkpt>
      <trkpt lat="53.871054" lon="-119.998205">
      </trkpt>
      <trkpt lat="53.870946" lon="-119.998106">
      </trkpt>
      <trkpt lat="53.870767" lon="-119.997892">
      </trkpt>
      <trkpt lat="53.870672" lon="-119.997798">
      </trkpt>
      <trkpt lat="53.870591" lon="-119.997696">
      </trkpt>
      <trkpt lat="53.87055" lon="-119.997664">
      </trkpt>
      <trkpt lat="53.870414" lon="-119.997477">
      </trkpt>
      <trkpt lat="53.87019" lon="-119.997357">
      </trkpt>
      <trkpt lat="53.870113" lon="-119.997273">
      </trkpt>
      <trkpt lat="53.869994" lon="-119.997228">
      </trkpt>
      <trkpt lat="53.869839" lon="-119.997197">
      </trkpt>
      <trkpt lat="53.869777" lon="-119.997166">
      </trkpt>
      <trkpt lat="53.869699" lon="-119.997152">
      </trkpt>
      <trkpt lat="53.869624" lon="-119.997121">
      </trkpt>
      <trkpt lat="53.869428" lon="-119.99683">
      </trkpt>
      <trkpt lat="53.86936" lon="-119.996743">
      </trkpt>
      <trkpt lat="53.869314" lon="-119.996632">
      </trkpt>
      <trkpt lat="53.869119" lon="-119.996344">
      </trkpt>
      <trkpt lat="53.8689" lon="-119.996052">
      </trkpt>
      <trkpt lat="53.868668" lon="-119.995816">
      </trkpt>
      <trkpt lat="53.868662" lon="-119.99578">
      </trkpt>
      <trkpt lat="53.868538" lon="-119.995554">
      </trkpt>
      <trkpt lat="53.868469" lon="-119.995488">
      </trkpt>
      <trkpt lat="53.868317" lon="-119.995286">
      </trkpt>
      <trkpt lat="53.868234" lon="-119.995194">
      </trkpt>
      <trkpt lat="53.868125" lon="-119.995006">
      </trkpt>
      <trkpt lat="53.867962" lon="-119.994761">
      </trkpt>
      <trkpt lat="53.867729" lon="-119.99457">
      </trkpt>
      <trkpt lat="53.867664" lon="-119.994532">
      </trkpt>
      <trkpt lat="53.867599" lon="-119.99452">
      </trkpt>
      <trkpt lat="53.867542" lon="-119.994442">
      </trkpt>
      <trkpt lat="53.867396" lon="-119.994362">
      </trkpt>
      <trkpt lat="53.867336" lon="-119.994264">
      </trkpt>
      <trkpt lat="53.867274" lon="-119.994202">
      </trkpt>
      <trkpt lat="53.867185" lon="-119.994159">
      </trkpt>
      <trkpt lat="53.867122" lon="-119.994111">
      </trkpt>
      <trkpt lat="53.867046" lon="-119.99402">
      </trkpt>
      <trkpt lat="53.86698" lon="-119.993973">
      </trkpt>
      <trkpt lat="53.866774" lon="-119.993781">
      </trkpt>
      <trkpt lat="53.866481" lon="-119.993421">
      </trkpt>
      <trkpt lat="53.866224" lon="-119.993198">
      </trkpt>
      <trkpt lat="53.866008" lon="-119.993059">
      </trkpt>
      <trkpt lat="53.865838" lon="-119.992802">
      </trkpt>
      <trkpt lat="53.865756" lon="-119.992705">
      </trkpt>
      <trkpt lat="53.865648" lon="-119.992621">
      </trkpt>
      <trkpt lat="53.865545" lon="-119.992482">
      </trkpt>
      <trkpt lat="53.865424" lon="-119.992288">
      </trkpt>
      <trkpt lat="53.865356" lon="-119.992209">
      </trkpt>
      <trkpt lat="53.865277" lon="-119.992154">
      </trkpt>
      <trkpt lat="53.865251" lon="-119.992115">
      </trkpt>
      <trkpt lat="53.865182" lon="-119.992053">
      </trkpt>
      <trkpt lat="53.865037" lon="-119.991852">
      </trkpt>
      <trkpt lat="53.865026" lon="-119.991703">
      </trkpt>
      <trkpt lat="53.86499" lon="-119.991583">
      </trkpt>
      <trkpt lat="53.864949" lon="-119.991497">
      </trkpt>
      <trkpt lat="53.864786" lon="-119.991408">
      </trkpt>
      <trkpt lat="53.864778" lon="-119.991278">
      </trkpt>
      <trkpt lat="53.864679" lon="-119.991189">
      </trkpt>
      <trkpt lat="53.864634" lon="-119.991047">
      </trkpt>
      <trkpt lat="53.864628" lon="-119.990981">
      </trkpt>
      <trkpt lat="53.864439" lon="-119.990505">
      </trkpt>
      <trkpt lat="53.864433" lon="-119.990465">
      </trkpt>
      <trkpt lat="53.864215" lon="-119.990103">
      </trkpt>
      <trkpt lat="53.864206" lon="-119.990068">
      </trkpt>
      <trkpt lat="53.864084" lon="-119.98985">
      </trkpt>
      <trkpt lat="53.863963" lon="-119.989685">
      </trkpt>
      <trkpt lat="53.86394" lon="-119.989637">
      </trkpt>
      <trkpt lat="53.863866" lon="-119.989555">
      </trkpt>
      <trkpt lat="53.863804" lon="-119.989446">
      </trkpt>
      <trkpt lat="53.863753" lon="-119.989438">
      </trkpt>
      <trkpt lat="53.86362" lon="-119.989325">
      </trkpt>
      <trkpt lat="53.863426" lon="-119.989097">
      </trkpt>
      <trkpt lat="53.863318" lon="-119.989034">
      </trkpt>
      <trkpt lat="53.863234" lon="-119.98895">
      </trkpt>
      <trkpt lat="53.863092" lon="-119.988877">
      </trkpt>
      <trkpt lat="53.863051" lon="-119.988755">
      </trkpt>
      <trkpt lat="53.863024" lon="-119.988713">
      </trkpt>
      <trkpt lat="53.862927" lon="-119.988637">
      </trkpt>
      <trkpt lat="53.862883" lon="-119.988562">
      </trkpt>
      <trkpt lat="53.862716" lon="-119.988583">
      </trkpt>
      <trkpt lat="53.862627" lon="-119.98857">
      </trkpt>
      <trkpt lat="53.862392" lon="-119.988379">
      </trkpt>
      <trkpt lat="53.862284" lon="-119.988231">
      </trkpt>
      <trkpt lat="53.862178" lon="-119.988163">
      </trkpt>
      <trkpt lat="53.862079" lon="-119.988127">
      </trkpt>
      <trkpt lat="53.861989" lon="-119.988112">
      </trkpt>
      <trkpt lat="53.861893" lon="-119.988196">
      </trkpt>
      <trkpt lat="53.861756" lon="-119.988263">
      </trkpt>
      <trkpt lat="53.861564" lon="-119.988262">
      </trkpt>
      <trkpt lat="53.861381" lon="-119.988099">
      </trkpt>
      <trkpt lat="53.861083" lon="-119.987917">
      </trkpt>
      <trkpt lat="53.860979" lon="-119.9879">
      </trkpt>
      <trkpt lat="53.860894" lon="-119.98787">
      </trkpt>
      <trkpt lat="53.860685" lon="-119.987879">
      </trkpt>
      <trkpt lat="53.860571" lon="-119.987809">
      </trkpt>
      <trkpt lat="53.860463" lon="-119.987766">
      </trkpt>
      <trkpt lat="53.86036" lon="-119.987706">
      </trkpt>
      <trkpt lat="53.860121" lon="-119.987629">
      </trkpt>
      <trkpt lat="53.860029" lon="-119.987588">
      </trkpt>
      <trkpt lat="53.85983" lon="-119.987341">
      </trkpt>
      <trkpt lat="53.859656" lon="-119.987208">
      </trkpt>
      <trkpt lat="53.859546" lon="-119.987098">
      </trkpt>
      <trkpt lat="53.859471" lon="-119.986992">
      </trkpt>
      <trkpt lat="53.859419" lon="-119.986881">
      </trkpt>
      <trkpt lat="53.859319" lon="-119.98671">
      </trkpt>
      <trkpt lat="53.85927" lon="-119.986546">
      </trkpt>
      <trkpt lat="53.859142" lon="-119.986326">
      </trkpt>
      <trkpt lat="53.859083" lon="-119.986287">
      </trkpt>
      <trkpt lat="53.859035" lon="-119.986212">
      </trkpt>
      <trkpt lat="53.858788" lon="-119.98603">
      </trkpt>
      <trkpt lat="53.858643" lon="-119.98594">
      </trkpt>
      <trkpt lat="53.858563" lon="-119.985928">
      </trkpt>
      <trkpt lat="53.858517" lon="-119.985888">
      </trkpt>
      <trkpt lat="53.858432" lon="-119.985881">
      </trkpt>
      <trkpt lat="53.858366" lon="-119.985853">
      </trkpt>
      <trkpt lat="53.858307" lon="-119.985859">
      </trkpt>
      <trkpt lat="53.858062" lon="-119.985811">
      </trkpt>
      <trkpt lat="53.857973" lon="-119.985779">
      </trkpt>
      <trkpt lat="53.857739" lon="-119.985742">
      </trkpt>
      <trkpt lat="53.857644" lon="-119.985732">
      </trkpt>
      <trkpt lat="53.857538" lon="-119.985745">
      </trkpt>
      <trkpt lat="53.857384" lon="-119.985725">
      </trkpt>
      <trkpt lat="53.857294" lon="-119.98571">
      </trkpt>
      <trkpt lat="53.857208" lon="-119.985674">
      </trkpt>
      <trkpt lat="53.857062" lon="-119.98555">
      </trkpt>
      <trkpt lat="53.856978" lon="-119.985493">
      </trkpt>
      <trkpt lat="53.856723" lon="-119.98536">
      </trkpt>
      <trkpt lat="53.856638" lon="-119.985335">
      </trkpt>
      <trkpt lat="53.856591" lon="-119.985258">
      </trkpt>
      <trkpt lat="53.856469" lon="-119.98514">
      </trkpt>
      <trkpt lat="53.856442" lon="-119.985085">
      </trkpt>
      <trkpt lat="53.856401" lon="-119.98496">
      </trkpt>
      <trkpt lat="53.856329" lon="-119.984906">
      </trkpt>
      <trkpt lat="53.856177" lon="-119.984852">
      </trkpt>
      <trkpt lat="53.856053" lon="-119.984791">
      </trkpt>
      <trkpt lat="53.855955" lon="-119.984771">
      </trkpt>
      <trkpt lat="53.855711" lon="-119.984771">
      </trkpt>
      <trkpt lat="53.855622" lon="-119.98472">
      </trkpt>
      <trkpt lat="53.85542" lon="-119.984634">
      </trkpt>
      <trkpt lat="53.855213" lon="-119.984491">
      </trkpt>
      <trkpt lat="53.855065" lon="-119.984349">
      </trkpt>
      <trkpt lat="53.854969" lon="-119.984283">
      </trkpt>
      <trkpt lat="53.854804" lon="-119.984225">
      </trkpt>
      <trkpt lat="53.854757" lon="-119.984191">
      </trkpt>
      <trkpt lat="53.854627" lon="-119.984079">
      </trkpt>
      <trkpt lat="53.854409" lon="-119.983863">
      </trkpt>
      <trkpt lat="53.854265" lon="-119.983766">
      </trkpt>
      <trkpt lat="53.853934" lon="-119.983788">
      </trkpt>
      <trkpt lat="53.853762" lon="-119.983708">
      </trkpt>
      <trkpt lat="53.853551" lon="-119.983654">
      </trkpt>
      <trkpt lat="53.85345" lon="-119.983644">
      </trkpt>
      <trkpt lat="53.853318" lon="-119.98356">
      </trkpt>
      <trkpt lat="53.853292" lon="-119.983529">
      </trkpt>
      <trkpt lat="53.853236" lon="-119.98349">
      </trkpt>
      <trkpt lat="53.853095" lon="-119.98331">
      </trkpt>
      <trkpt lat="53.853024" lon="-119.983288">
      </trkpt>
      <trkpt lat="53.852942" lon="-119.983227">
      </trkpt>
      <trkpt lat="53.852846" lon="-119.983126">
      </trkpt>
      <trkpt lat="53.852629" lon="-119.982949">
      </trkpt>
      <trkpt lat="53.852544" lon="-119.982918">
      </trkpt>
      <trkpt lat="53.85242" lon="-119.982906">
      </trkpt>
      <trkpt lat="53.852286" lon="-119.982849">
      </trkpt>
      <trkpt lat="53.8522" lon="-119.982867">
      </trkpt>
      <trkpt lat="53.852081" lon="-119.983014">
      </trkpt>
      <trkpt lat="53.852034" lon="-119.983058">
      </trkpt>
      <trkpt lat="53.851984" lon="-119.983037">
      </trkpt>
      <trkpt lat="53.851929" lon="-119.982874">
      </trkpt>
      <trkpt lat="53.851848" lon="-119.98277">
      </trkpt>
      <trkpt lat="53.851819" lon="-119.982713">
      </trkpt>
      <trkpt lat="53.851738" lon="-119.982678">
      </trkpt>
      <trkpt lat="53.851626" lon="-119.982603">
      </trkpt>
      <trkpt lat="53.851526" lon="-119.982556">
      </trkpt>
      <trkpt lat="53.851457" lon="-119.982541">
      </trkpt>
      <trkpt lat="53.851371" lon="-119.98249">
      </trkpt>
      <trkpt lat="53.851092" lon="-119.982409">
      </trkpt>
      <trkpt lat="53.850992" lon="-119.982391">
      </trkpt>
      <trkpt lat="53.850782" lon="-119.982289">
      </trkpt>
      <trkpt lat="53.850704" lon="-119.982267">
      </trkpt>
      <trkpt lat="53.850548" lon="-119.98218">
      </trkpt>
      <trkpt lat="53.850443" lon="-119.982153">
      </trkpt>
      <trkpt lat="53.850224" lon="-119.982058">
      </trkpt>
      <trkpt lat="53.850181" lon="-119.982075">
      </trkpt>
      <trkpt lat="53.850072" lon="-119.982072">
      </trkpt>
      <trkpt lat="53.849978" lon="-119.982092">
      </trkpt>
      <trkpt lat="53.849905" lon="-119.982082">
      </trkpt>
      <trkpt lat="53.849853" lon="-119.982037">
      </trkpt>
      <trkpt lat="53.849702" lon="-119.981943">
      </trkpt>
      <trkpt lat="53.849634" lon="-119.981866">
      </trkpt>
      <trkpt lat="53.849584" lon="-119.981831">
      </trkpt>
      <trkpt lat="53.84952" lon="-119.981815">
      </trkpt>
      <trkpt lat="53.84944" lon="-119.981747">
      </trkpt>
      <trkpt lat="53.849181" lon="-119.981591">
      </trkpt>
      <trkpt lat="53.849038" lon="-119.981479">
      </trkpt>
      <trkpt lat="53.848852" lon="-119.981403">
      </trkpt>
      <trkpt lat="53.848735" lon="-119.981377">
      </trkpt>
      <trkpt lat="53.84862" lon="-119.981377">
      </trkpt>
      <trkpt lat="53.848514" lon="-119.981348">
      </trkpt>
      <trkpt lat="53.848352" lon="-119.981339">
      </trkpt>
      <trkpt lat="53.848139" lon="-119.981277">
      </trkpt>
      <trkpt lat="53.848059" lon="-119.981191">
      </trkpt>
      <trkpt lat="53.847796" lon="-119.980989">
      </trkpt>
      <trkpt lat="53.847739" lon="-119.980974">
      </trkpt>
      <trkpt lat="53.847672" lon="-119.980937">
      </trkpt>
      <trkpt lat="53.847529" lon="-119.980926">
      </trkpt>
      <trkpt lat="53.847377" lon="-119.980815">
      </trkpt>
      <trkpt lat="53.847308" lon="-119.980752">
      </trkpt>
      <trkpt lat="53.847166" lon="-119.980719">
      </trkpt>
      <trkpt lat="53.84709" lon="-119.980669">
      </trkpt>
      <trkpt lat="53.847008" lon="-119.980586">
      </trkpt>
      <trkpt lat="53.846923" lon="-119.980537">
      </trkpt>
      <trkpt lat="53.846846" lon="-119.980465">
      </trkpt>
      <trkpt lat="53.846707" lon="-119.980377">
      </trkpt>
      <trkpt lat="53.846574" lon="-119.980362">
      </trkpt>
      <trkpt lat="53.846432" lon="-119.980239">
      </trkpt>
      <trkpt lat="53.846281" lon="-119.980168">
      </trkpt>
      <trkpt lat="53.846221" lon="-119.980119">
      </trkpt>
      <trkpt lat="53.846157" lon="-119.980096">
      </trkpt>
      <trkpt lat="53.845968" lon="-119.97996">
      </trkpt>
      <trkpt lat="53.845901" lon="-119.97987">
      </trkpt>
      <trkpt lat="53.845833" lon="-119.979823">
      </trkpt>
      <trkpt lat="53.845679" lon="-119.979738">
      </trkpt>
      <trkpt lat="53.845535" lon="-119.979638">
      </trkpt>
      <trkpt lat="53.845406" lon="-119.979578">
      </trkpt>
      <trkpt lat="53.845317" lon="-119.979574">
      </trkpt>
      <trkpt lat="53.845267" lon="-119.979541">
      </trkpt>
      <trkpt lat="53.845219" lon="-119.979486">
      </trkpt>
      <trkpt lat="53.84509" lon="-119.979425">
      </trkpt>
      <trkpt lat="53.845038" lon="-119.979387">
      </trkpt>
      <trkpt lat="53.844914" lon="-119.979354">
      </trkpt>
      <trkpt lat="53.844817" lon="-119.979313">
      </trkpt>
      <trkpt lat="53.84478" lon="-119.979311">
      </trkpt>
      <trkpt lat="53.844667" lon="-119.979227">
      </trkpt>
      <trkpt lat="53.84461" lon="-119.979226">
      </trkpt>
      <trkpt lat="53.844565" lon="-119.979204">
      </trkpt>
      <trkpt lat="53.844482" lon="-119.979233">
      </trkpt>
      <trkpt lat="53.844286" lon="-119.979354">
      </trkpt>
      <trkpt lat="53.844222" lon="-119.979343">
      </trkpt>
      <trkpt lat="53.844186" lon="-119.97932">
      </trkpt>
      <trkpt lat="53.84414" lon="-119.979241">
      </trkpt>
      <trkpt lat="53.844105" lon="-119.979147">
      </trkpt>
      <trkpt lat="53.844053" lon="-119.979013">
      </trkpt>
      <trkpt lat="53.843986" lon="-119.97894">
      </trkpt>
      <trkpt lat="53.843808" lon="-119.978777">
      </trkpt>
      <trkpt lat="53.843698" lon="-119.97875">
      </trkpt>
      <trkpt lat="53.843644" lon="-119.978682">
      </trkpt>
      <trkpt lat="53.843569" lon="-119.978498">
      </trkpt>
      <trkpt lat="53.843521" lon="-119.978412">
      </trkpt>
      <trkpt lat="53.843525" lon="-119.978305">
      </trkpt>
      <trkpt lat="53.843407" lon="-119.978068">
      </trkpt>
      <trkpt lat="53.843386" lon="-119.978006">
      </trkpt>
      <trkpt lat="53.843333" lon="-119.977994">
      </trkpt>
      <trkpt lat="53.843314" lon="-119.977968">
      </trkpt>
      <trkpt lat="53.843227" lon="-119.977904">
      </trkpt>
      <trkpt lat="53.843173" lon="-119.977753">
      </trkpt>
      <trkpt lat="53.843065" lon="-119.977535">
      </trkpt>
      <trkpt lat="53.842987" lon="-119.977417">
      </trkpt>
      <trkpt lat="53.842918" lon="-119.977281">
      </trkpt>
      <trkpt lat="53.842831" lon="-119.977198">
      </trkpt>
      <trkpt lat="53.84279" lon="-119.977119">
      </trkpt>
      <trkpt lat="53.842784" lon="-119.977017">
      </trkpt>
      <trkpt lat="53.842806" lon="-119.976862">
      </trkpt>
      <trkpt lat="53.842734" lon="-119.976636">
      </trkpt>
      <trkpt lat="53.842702" lon="-119.976569">
      </trkpt>
      <trkpt lat="53.842703" lon="-119.976496">
      </trkpt>
      <trkpt lat="53.842749" lon="-119.976453">
      </trkpt>
      <trkpt lat="53.842799" lon="-119.976427">
      </trkpt>
      <trkpt lat="53.842851" lon="-119.976345">
      </trkpt>
      <trkpt lat="53.842873" lon="-119.976299">
      </trkpt>
      <trkpt lat="53.842898" lon="-119.976184">
      </trkpt>
      <trkpt lat="53.842826" lon="-119.976007">
      </trkpt>
      <trkpt lat="53.842798" lon="-119.975917">
      </trkpt>
      <trkpt lat="53.842759" lon="-119.975835">
      </trkpt>
      <trkpt lat="53.842615" lon="-119.975637">
      </trkpt>
      <trkpt lat="53.842553" lon="-119.975555">
      </trkpt>
      <trkpt lat="53.842485" lon="-119.975539">
      </trkpt>
      <trkpt lat="53.842397" lon="-119.975557">
      </trkpt>
      <trkpt lat="53.842338" lon="-119.975477">
      </trkpt>
      <trkpt lat="53.842279" lon="-119.975455">
      </trkpt>
      <trkpt lat="53.842202" lon="-119.975393">
      </trkpt>
      <trkpt lat="53.842137" lon="-119.975366">
      </trkpt>
      <trkpt lat="53.842077" lon="-119.975266">
      </trkpt>
      <trkpt lat="53.841993" lon="-119.975188">
      </trkpt>
      <trkpt lat="53.841854" lon="-119.975104">
      </trkpt>
      <trkpt lat="53.841789" lon="-119.975087">
      </trkpt>
      <trkpt lat="53.841756" lon="-119.975091">
      </trkpt>
      <trkpt lat="53.841691" lon="-119.975135">
      </trkpt>
      <trkpt lat="53.841538" lon="-119.975197">
      </trkpt>
      <trkpt lat="53.841486" lon="-119.975201">
      </trkpt>
      <trkpt lat="53.841415" lon="-119.975176">
      </trkpt>
      <trkpt lat="53.841338" lon="-119.975207">
      </trkpt>
      <trkpt lat="53.841294" lon="-119.975203">
      </trkpt>
      <trkpt lat="53.841178" lon="-119.975154">
      </trkpt>
      <trkpt lat="53.841123" lon="-119.975111">
      </trkpt>
      <trkpt lat="53.841076" lon="-119.975101">
      </trkpt>
      <trkpt lat="53.841039" lon="-119.975008">
      </trkpt>
      <trkpt lat="53.840962" lon="-119.974661">
      </trkpt>
      <trkpt lat="53.840914" lon="-119.974402">
      </trkpt>
      <trkpt lat="53.840922" lon="-119.974233">
      </trkpt>
      <trkpt lat="53.840948" lon="-119.973984">
      </trkpt>
      <trkpt lat="53.840912" lon="-119.973845">
      </trkpt>
      <trkpt lat="53.840836" lon="-119.973704">
      </trkpt>
      <trkpt lat="53.840783" lon="-119.973632">
      </trkpt>
      <trkpt lat="53.840708" lon="-119.973571">
      </trkpt>
      <trkpt lat="53.840652" lon="-119.973445">
      </trkpt>
      <trkpt lat="53.840579" lon="-119.97334">
      </trkpt>
      <trkpt lat="53.840379" lon="-119.973099">
      </trkpt>
      <trkpt lat="53.840274" lon="-119.972884">
      </trkpt>
      <trkpt lat="53.840187" lon="-119.972751">
      </trkpt>
      <trkpt lat="53.840166" lon="-119.972685">
      </trkpt>
      <trkpt lat="53.840074" lon="-119.97249">
      </trkpt>
      <trkpt lat="53.839856" lon="-119.972157">
      </trkpt>
      <trkpt lat="53.839798" lon="-119.971995">
      </trkpt>
      <trkpt lat="53.839598" lon="-119.971564">
      </trkpt>
      <trkpt lat="53.839533" lon="-119.971371">
      </trkpt>
      <trkpt lat="53.839339" lon="-119.970896">
      </trkpt>
      <trkpt lat="53.839111" lon="-119.970413">
      </trkpt>
      <trkpt lat="53.839035" lon="-119.970197">
      </trkpt>
      <trkpt lat="53.838952" lon="-119.969993">
      </trkpt>
      <trkpt lat="53.838884" lon="-119.969851">
      </trkpt>
      <trkpt lat="53.838796" lon="-119.969676">
      </trkpt>
      <trkpt lat="53.838514" lon="-119.969253">
      </trkpt>
      <trkpt lat="53.838348" lon="-119.96896">
      </trkpt>
      <trkpt lat="53.838295" lon="-119.968828">
      </trkpt>
      <trkpt lat="53.838144" lon="-119.968525">
      </trkpt>
      <trkpt lat="53.837968" lon="-119.968202">
      </trkpt>
      <trkpt lat="53.837674" lon="-119.967554">
      </trkpt>
      <trkpt lat="53.837528" lon="-119.967328">
      </trkpt>
      <trkpt lat="53.837432" lon="-119.967239">
      </trkpt>
      <trkpt lat="53.837371" lon="-119.966995">
      </trkpt>
      <trkpt lat="53.83712" lon="-119.966522">
      </trkpt>
      <trkpt lat="53.837052" lon="-119.966465">
      </trkpt>
      <trkpt lat="53.836898" lon="-119.966098">
      </trkpt>
      <trkpt lat="53.836714" lon="-119.965822">
      </trkpt>
      <trkpt lat="53.836525" lon="-119.965486">
      </trkpt>
      <trkpt lat="53.836351" lon="-119.965242">
      </trkpt>
      <trkpt lat="53.836156" lon="-119.964923">
      </trkpt>
      <trkpt lat="53.836058" lon="-119.964743">
      </trkpt>
      <trkpt lat="53.836029" lon="-119.964657">
      </trkpt>
      <trkpt lat="53.835858" lon="-119.96443">
      </trkpt>
      <trkpt lat="53.835704" lon="-119.964174">
      </trkpt>
      <trkpt lat="53.835614" lon="-119.964127">
      </trkpt>
      <trkpt lat="53.835459" lon="-119.963955">
      </trkpt>
      <trkpt lat="53.835077" lon="-119.963326">
      </trkpt>
      <trkpt lat="53.835004" lon="-119.963216">
      </trkpt>
      <trkpt lat="53.834963" lon="-119.963176">
      </trkpt>
      <trkpt lat="53.834881" lon="-119.963024">
      </trkpt>
      <trkpt lat="53.834779" lon="-119.962861">
      </trkpt>
      <trkpt lat="53.834655" lon="-119.962488">
      </trkpt>
      <trkpt lat="53.834536" lon="-119.962265">
      </trkpt>
      <trkpt lat="53.834203" lon="-119.961364">
      </trkpt>
      <trkpt lat="53.833884" lon="-119.960645">
      </trkpt>
      <trkpt lat="53.833595" lon="-119.959849">
      </trkpt>
      <trkpt lat="53.833391" lon="-119.959331">
      </trkpt>
      <trkpt lat="53.833213" lon="-119.958809">
      </trkpt>
      <trkpt lat="53.833077" lon="-119.958342">
      </trkpt>
      <trkpt lat="53.832787" lon="-119.957152">
      </trkpt>
      <trkpt lat="53.832794" lon="-119.957062">
      </trkpt>
      <trkpt lat="53.832772" lon="-119.95687">
      </trkpt>
      <trkpt lat="53.832711" lon="-119.956527">
      </trkpt>
      <trkpt lat="53.832657" lon="-119.956117">
      </trkpt>
      <trkpt lat="53.832559" lon="-119.955618">
      </trkpt>
      <trkpt lat="53.832509" lon="-119.955422">
      </trkpt>
      <trkpt lat="53.832464" lon="-119.955293">
      </trkpt>
      <trkpt lat="53.832426" lon="-119.955082">
      </trkpt>
      <trkpt lat="53.832256" lon="-119.954569">
      </trkpt>
      <trkpt lat="53.832086" lon="-119.954162">
      </trkpt>
      <trkpt lat="53.831998" lon="-119.953916">
      </trkpt>
      <trkpt lat="53.831885" lon="-119.95367">
      </trkpt>
      <trkpt lat="53.831712" lon="-119.95344">
      </trkpt>
      <trkpt lat="53.831612" lon="-119.953325">
      </trkpt>
      <trkpt lat="53.831545" lon="-119.953071">
      </trkpt>
      <trkpt lat="53.831427" lon="-119.9528">
      </trkpt>
      <trkpt lat="53.831393" lon="-119.952659">
      </trkpt>
      <trkpt lat="53.831407" lon="-119.952469">
      </trkpt>
      <trkpt lat="53.831405" lon="-119.952204">
      </trkpt>
      <trkpt lat="53.831351" lon="-119.951895">
      </trkpt>
      <trkpt lat="53.831311" lon="-119.951722">
      </trkpt>
      <trkpt lat="53.831332" lon="-119.951679">
      </trkpt>
      <trkpt lat="53.831336" lon="-119.95153">
      </trkpt>
      <trkpt lat="53.831308" lon="-119.951444">
      </trkpt>
      <trkpt lat="53.831276" lon="-119.951283">
      </trkpt>
      <trkpt lat="53.831277" lon="-119.951027">
      </trkpt>
      <trkpt lat="53.831239" lon="-119.9507">
      </trkpt>
      <trkpt lat="53.831225" lon="-119.950227">
      </trkpt>
      <trkpt lat="53.831257" lon="-119.949797">
      </trkpt>
      <trkpt lat="53.83118" lon="-119.949182">
      </trkpt>
      <trkpt lat="53.831171" lon="-119.949002">
      </trkpt>
      <trkpt lat="53.831101" lon="-119.948631">
      </trkpt>
      <trkpt lat="53.831074" lon="-119.948442">
      </trkpt>
      <trkpt lat="53.831117" lon="-119.948361">
      </trkpt>
      <trkpt lat="53.831155" lon="-119.948177">
      </trkpt>
      <trkpt lat="53.831175" lon="-119.948049">
      </trkpt>
      <trkpt lat="53.83114" lon="-119.947935">
      </trkpt>
      <trkpt lat="53.831144" lon="-119.947903">
      </trkpt>
      <trkpt lat="53.831197" lon="-119.947767">
      </trkpt>
      <trkpt lat="53.831187" lon="-119.947666">
      </trkpt>
      <trkpt lat="53.831087" lon="-119.947543">
      </trkpt>
      <trkpt lat="53.831023" lon="-119.94749">
      </trkpt>
      <trkpt lat="53.831082" lon="-119.947426">
      </trkpt>
      <trkpt lat="53.831139" lon="-119.947321">
      </trkpt>
      <trkpt lat="53.831132" lon="-119.947258">
      </trkpt>
      <trkpt lat="53.831068" lon="-119.947018">
      </trkpt>
      <trkpt lat="53.831085" lon="-119.946813">
      </trkpt>
      <trkpt lat="53.831163" lon="-119.946523">
      </trkpt>
      <trkpt lat="53.831179" lon="-119.946289">
      </trkpt>
      <trkpt lat="53.831192" lon="-119.946256">
      </trkpt>
      <trkpt lat="53.831174" lon="-119.945969">
      </trkpt>
      <trkpt lat="53.831131" lon="-119.945738">
      </trkpt>
      <trkpt lat="53.831075" lon="-119.945253">
      </trkpt>
      <trkpt lat="53.831015" lon="-119.944999">
      </trkpt>
      <trkpt lat="53.830974" lon="-119.944864">
      </trkpt>
      <trkpt lat="53.830964" lon="-119.944744">
      </trkpt>
      <trkpt lat="53.830944" lon="-119.944701">
      </trkpt>
      <trkpt lat="53.830939" lon="-119.944648">
      </trkpt>
      <trkpt lat="53.830907" lon="-119.944547">
      </trkpt>
      <trkpt lat="53.830885" lon="-119.944372">
      </trkpt>
      <trkpt lat="53.830787" lon="-119.943864">
      </trkpt>
      <trkpt lat="53.83074" lon="-119.943755">
      </trkpt>
      <trkpt lat="53.830719" lon="-119.943592">
      </trkpt>
      <trkpt lat="53.830721" lon="-119.943564">
      </trkpt>
      <trkpt lat="53.830685" lon="-119.943475">
      </trkpt>
      <trkpt lat="53.830683" lon="-119.943385">
      </trkpt>
      <trkpt lat="53.830652" lon="-119.943257">
      </trkpt>
      <trkpt lat="53.830606" lon="-119.943181">
      </trkpt>
      <trkpt lat="53.83056" lon="-119.943082">
      </trkpt>
      <trkpt lat="53.830543" lon="-119.942731">
      </trkpt>
      <trkpt lat="53.830544" lon="-119.942568">
      </trkpt>
      <trkpt lat="53.830481" lon="-119.942357">
      </trkpt>
      <trkpt lat="53.830491" lon="-119.942144">
      </trkpt>
      <trkpt lat="53.830419" lon="-119.941938">
      </trkpt>
      <trkpt lat="53.830228" lon="-119.941524">
      </trkpt>
      <trkpt lat="53.8301752" lon="-119.9415001">
      </trkpt>
      <trkpt lat="53.8301321" lon="-119.9415">
      </trkpt>
      <trkpt lat="53.8300541" lon="-119.9414979">
      </trkpt>
      <trkpt lat="53.8299661" lon="-119.9413716">
      </trkpt>
      <trkpt lat="53.829684" lon="-119.941138">
      </trkpt>
      <trkpt lat="53.8296009" lon="-119.9411576">
      </trkpt>
      <trkpt lat="53.8295" lon="-119.941219">
      </trkpt>
      <trkpt lat="53.829231" lon="-119.941131">
      </trkpt>
      <trkpt lat="53.828934" lon="-119.941016">
      </trkpt>
      <trkpt lat="53.828768" lon="-119.940948">
      </trkpt>
      <trkpt lat="53.828642" lon="-119.940881">
      </trkpt>
      <trkpt lat="53.828629" lon="-119.940752">
      </trkpt>
      <trkpt lat="53.828642" lon="-119.940225">
      </trkpt>
      <trkpt lat="53.828669" lon="-119.939948">
      </trkpt>
      <trkpt lat="53.828723" lon="-119.939584">
      </trkpt>
      <trkpt lat="53.828714" lon="-119.939016">
      </trkpt>
      <trkpt lat="53.828791" lon="-119.938381">
      </trkpt>
      <trkpt lat="53.828719" lon="-119.938185">
      </trkpt>
      <trkpt lat="53.828615" lon="-119.937847">
      </trkpt>
      <trkpt lat="53.828485" lon="-119.93757">
      </trkpt>
      <trkpt lat="53.828364" lon="-119.937259">
      </trkpt>
      <trkpt lat="53.828283" lon="-119.936989">
      </trkpt>
      <trkpt lat="53.828189" lon="-119.936746">
      </trkpt>
      <trkpt lat="53.828081" lon="-119.936178">
      </trkpt>
      <trkpt lat="53.828041" lon="-119.935861">
      </trkpt>
      <trkpt lat="53.827982" lon="-119.935543">
      </trkpt>
      <trkpt lat="53.827933" lon="-119.935432">
      </trkpt>
      <trkpt lat="53.827756" lon="-119.935125">
      </trkpt>
      <trkpt lat="53.827572" lon="-119.934568">
      </trkpt>
      <trkpt lat="53.827408" lon="-119.934326">
      </trkpt>
      <trkpt lat="53.827318" lon="-119.934277">
      </trkpt>
      <trkpt lat="53.827217" lon="-119.934242">
      </trkpt>
      <trkpt lat="53.82699" lon="-119.93406">
      </trkpt>
      <trkpt lat="53.826797" lon="-119.93379">
      </trkpt>
      <trkpt lat="53.82667" lon="-119.933468">
      </trkpt>
      <trkpt lat="53.82663" lon="-119.933401">
      </trkpt>
      <trkpt lat="53.826481" lon="-119.933064">
      </trkpt>
      <trkpt lat="53.826277" lon="-119.932997">
      </trkpt>
      <trkpt lat="53.826208" lon="-119.932912">
      </trkpt>
      <trkpt lat="53.826133" lon="-119.932931">
      </trkpt>
      <trkpt lat="53.825857" lon="-119.932631">
      </trkpt>
      <trkpt lat="53.825682" lon="-119.932586">
      </trkpt>
      <trkpt lat="53.825605" lon="-119.932645">
      </trkpt>
      <trkpt lat="53.825539" lon="-119.93264">
      </trkpt>
      <trkpt lat="53.825463" lon="-119.932619">
      </trkpt>
      <trkpt lat="53.82538" lon="-119.93253">
      </trkpt>
      <trkpt lat="53.825327" lon="-119.932389">
      </trkpt>
      <trkpt lat="53.825313" lon="-119.932237">
      </trkpt>
      <trkpt lat="53.825302" lon="-119.932208">
      </trkpt>
      <trkpt lat="53.825302" lon="-119.932088">
      </trkpt>
      <trkpt lat="53.825258" lon="-119.93198">
      </trkpt>
      <trkpt lat="53.825229" lon="-119.931879">
      </trkpt>
      <trkpt lat="53.825145" lon="-119.931734">
      </trkpt>
      <trkpt lat="53.825118" lon="-119.93164">
      </trkpt>
      <trkpt lat="53.825118" lon="-119.931458">
      </trkpt>
      <trkpt lat="53.824833" lon="-119.931226">
      </trkpt>
      <trkpt lat="53.824818" lon="-119.931205">
      </trkpt>
      <trkpt lat="53.824822" lon="-119.931171">
      </trkpt>
      <trkpt lat="53.824799" lon="-119.931091">
      </trkpt>
      <trkpt lat="53.824667" lon="-119.930948">
      </trkpt>
      <trkpt lat="53.824623" lon="-119.930865">
      </trkpt>
      <trkpt lat="53.824599" lon="-119.93078">
      </trkpt>
      <trkpt lat="53.824452" lon="-119.930744">
      </trkpt>
      <trkpt lat="53.824412" lon="-119.930713">
      </trkpt>
      <trkpt lat="53.824401" lon="-119.930685">
      </trkpt>
      <trkpt lat="53.824394" lon="-119.930614">
      </trkpt>
      <trkpt lat="53.824396" lon="-119.930531">
      </trkpt>
      <trkpt lat="53.82438" lon="-119.930471">
      </trkpt>
      <trkpt lat="53.824326" lon="-119.930369">
      </trkpt>
      <trkpt lat="53.824268" lon="-119.930305">
      </trkpt>
      <trkpt lat="53.824229" lon="-119.93023">
      </trkpt>
      <trkpt lat="53.824084" lon="-119.930081">
      </trkpt>
      <trkpt lat="53.824002" lon="-119.929943">
      </trkpt>
      <trkpt lat="53.823922" lon="-119.929856">
      </trkpt>
      <trkpt lat="53.823848" lon="-119.929683">
      </trkpt>
      <trkpt lat="53.82378" lon="-119.929607">
      </trkpt>
      <trkpt lat="53.823749" lon="-119.929556">
      </trkpt>
      <trkpt lat="53.82375" lon="-119.929491">
      </trkpt>
      <trkpt lat="53.823659" lon="-119.929224">
      </trkpt>
      <trkpt lat="53.823633" lon="-119.929121">
      </trkpt>
      <trkpt lat="53.823605" lon="-119.929072">
      </trkpt>
      <trkpt lat="53.823568" lon="-119.929036">
      </trkpt>
      <trkpt lat="53.823457" lon="-119.928963">
      </trkpt>
      <trkpt lat="53.82337" lon="-119.928929">
      </trkpt>
      <trkpt lat="53.823262" lon="-119.928913">
      </trkpt>
      <trkpt lat="53.823125" lon="-119.928924">
      </trkpt>
      <trkpt lat="53.823005" lon="-119.92903">
      </trkpt>
      <trkpt lat="53.822956" lon="-119.929047">
      </trkpt>
      <trkpt lat="53.822822" lon="-119.929127">
      </trkpt>
      <trkpt lat="53.822746" lon="-119.929297">
      </trkpt>
      <trkpt lat="53.82266" lon="-119.929343">
      </trkpt>
      <trkpt lat="53.822534" lon="-119.929439">
      </trkpt>
      <trkpt lat="53.822488" lon="-119.929558">
      </trkpt>
      <trkpt lat="53.822422" lon="-119.92968">
      </trkpt>
      <trkpt lat="53.822325" lon="-119.929767">
      </trkpt>
      <trkpt lat="53.822264" lon="-119.929809">
      </trkpt>
      <trkpt lat="53.822232" lon="-119.929792">
      </trkpt>
      <trkpt lat="53.822125" lon="-119.929816">
      </trkpt>
      <trkpt lat="53.822033" lon="-119.929745">
      </trkpt>
      <trkpt lat="53.822008" lon="-119.929682">
      </trkpt>
      <trkpt lat="53.821933" lon="-119.929591">
      </trkpt>
      <trkpt lat="53.821914" lon="-119.929542">
      </trkpt>
      <trkpt lat="53.821911" lon="-119.929505">
      </trkpt>
      <trkpt lat="53.821873" lon="-119.92944">
      </trkpt>
      <trkpt lat="53.821839" lon="-119.929328">
      </trkpt>
      <trkpt lat="53.821807" lon="-119.929316">
      </trkpt>
      <trkpt lat="53.82166" lon="-119.929363">
      </trkpt>
      <trkpt lat="53.821584" lon="-119.929301">
      </trkpt>
      <trkpt lat="53.821531" lon="-119.929355">
      </trkpt>
      <trkpt lat="53.821493" lon="-119.929333">
      </trkpt>
      <trkpt lat="53.821437" lon="-119.929327">
      </trkpt>
      <trkpt lat="53.821308" lon="-119.929284">
      </trkpt>
      <trkpt lat="53.821224" lon="-119.929347">
      </trkpt>
      <trkpt lat="53.821165" lon="-119.929332">
      </trkpt>
      <trkpt lat="53.821016" lon="-119.929186">
      </trkpt>
      <trkpt lat="53.820846" lon="-119.929085">
      </trkpt>
      <trkpt lat="53.820775" lon="-119.928999">
      </trkpt>
      <trkpt lat="53.820722" lon="-119.928962">
      </trkpt>
      <trkpt lat="53.820631" lon="-119.928875">
      </trkpt>
      <trkpt lat="53.820562" lon="-119.928834">
      </trkpt>
      <trkpt lat="53.820492" lon="-119.928668">
      </trkpt>
      <trkpt lat="53.820492" lon="-119.928525">
      </trkpt>
      <trkpt lat="53.820393" lon="-119.9284">
      </trkpt>
      <trkpt lat="53.820295" lon="-119.928339">
      </trkpt>
      <trkpt lat="53.820016" lon="-119.928217">
      </trkpt>
      <trkpt lat="53.819844" lon="-119.928177">
      </trkpt>
      <trkpt lat="53.8198" lon="-119.928105">
      </trkpt>
      <trkpt lat="53.819773" lon="-119.928015">
      </trkpt>
      <trkpt lat="53.819599" lon="-119.927875">
      </trkpt>
      <trkpt lat="53.819558" lon="-119.927741">
      </trkpt>
      <trkpt lat="53.819506" lon="-119.927524">
      </trkpt>
      <trkpt lat="53.819447" lon="-119.927406">
      </trkpt>
      <trkpt lat="53.819413" lon="-119.927384">
      </trkpt>
      <trkpt lat="53.819258" lon="-119.927392">
      </trkpt>
      <trkpt lat="53.819152" lon="-119.927319">
      </trkpt>
      <trkpt lat="53.819068" lon="-119.9272">
      </trkpt>
      <trkpt lat="53.818999" lon="-119.926953">
      </trkpt>
      <trkpt lat="53.818991" lon="-119.92689">
      </trkpt>
      <trkpt lat="53.818976" lon="-119.926854">
      </trkpt>
      <trkpt lat="53.818936" lon="-119.926805">
      </trkpt>
      <trkpt lat="53.818895" lon="-119.926774">
      </trkpt>
      <trkpt lat="53.81881" lon="-119.926631">
      </trkpt>
      <trkpt lat="53.818744" lon="-119.926556">
      </trkpt>
      <trkpt lat="53.818602" lon="-119.926451">
      </trkpt>
      <trkpt lat="53.818556" lon="-119.926422">
      </trkpt>
      <trkpt lat="53.818529" lon="-119.92642">
      </trkpt>
      <trkpt lat="53.81846" lon="-119.926372">
      </trkpt>
      <trkpt lat="53.818338" lon="-119.9262">
      </trkpt>
      <trkpt lat="53.818279" lon="-119.926133">
      </trkpt>
      <trkpt lat="53.818117" lon="-119.926057">
      </trkpt>
      <trkpt lat="53.81802" lon="-119.925968">
      </trkpt>
      <trkpt lat="53.817906" lon="-119.925885">
      </trkpt>
      <trkpt lat="53.817862" lon="-119.925799">
      </trkpt>
      <trkpt lat="53.817834" lon="-119.925771">
      </trkpt>
      <trkpt lat="53.817748" lon="-119.925721">
      </trkpt>
      <trkpt lat="53.817703" lon="-119.925664">
      </trkpt>
      <trkpt lat="53.817672" lon="-119.925589">
      </trkpt>
      <trkpt lat="53.817575" lon="-119.925415">
      </trkpt>
      <trkpt lat="53.817562" lon="-119.925369">
      </trkpt>
      <trkpt lat="53.817526" lon="-119.925295">
      </trkpt>
      <trkpt lat="53.817408" lon="-119.925185">
      </trkpt>
      <trkpt lat="53.817387" lon="-119.925187">
      </trkpt>
      <trkpt lat="53.817234" lon="-119.925106">
      </trkpt>
      <trkpt lat="53.817147" lon="-119.925037">
      </trkpt>
      <trkpt lat="53.817055" lon="-119.924942">
      </trkpt>
      <trkpt lat="53.817041" lon="-119.924894">
      </trkpt>
      <trkpt lat="53.816858" lon="-119.924665">
      </trkpt>
      <trkpt lat="53.816791" lon="-119.92451">
      </trkpt>
      <trkpt lat="53.816694" lon="-119.924243">
      </trkpt>
      <trkpt lat="53.816677" lon="-119.924159">
      </trkpt>
      <trkpt lat="53.816651" lon="-119.924117">
      </trkpt>
      <trkpt lat="53.816595" lon="-119.923973">
      </trkpt>
      <trkpt lat="53.816541" lon="-119.923876">
      </trkpt>
      <trkpt lat="53.816522" lon="-119.923858">
      </trkpt>
      <trkpt lat="53.816403" lon="-119.923816">
      </trkpt>
      <trkpt lat="53.81632" lon="-119.923765">
      </trkpt>
      <trkpt lat="53.816168" lon="-119.923487">
      </trkpt>
      <trkpt lat="53.816158" lon="-119.923453">
      </trkpt>
      <trkpt lat="53.816071" lon="-119.923291">
      </trkpt>
      <trkpt lat="53.816014" lon="-119.923157">
      </trkpt>
      <trkpt lat="53.815906" lon="-119.923025">
      </trkpt>
      <trkpt lat="53.815873" lon="-119.922955">
      </trkpt>
      <trkpt lat="53.815849" lon="-119.922742">
      </trkpt>
      <trkpt lat="53.815773" lon="-119.922489">
      </trkpt>
      <trkpt lat="53.815723" lon="-119.922392">
      </trkpt>
      <trkpt lat="53.815712" lon="-119.922338">
      </trkpt>
      <trkpt lat="53.815598" lon="-119.922168">
      </trkpt>
      <trkpt lat="53.815501" lon="-119.922093">
      </trkpt>
      <trkpt lat="53.815368" lon="-119.922025">
      </trkpt>
      <trkpt lat="53.815199" lon="-119.92196">
      </trkpt>
      <trkpt lat="53.81508" lon="-119.921941">
      </trkpt>
      <trkpt lat="53.81499" lon="-119.921997">
      </trkpt>
      <trkpt lat="53.814932" lon="-119.922058">
      </trkpt>
      <trkpt lat="53.814819" lon="-119.922081">
      </trkpt>
      <trkpt lat="53.814596" lon="-119.922183">
      </trkpt>
      <trkpt lat="53.814457" lon="-119.922225">
      </trkpt>
      <trkpt lat="53.814382" lon="-119.922225">
      </trkpt>
      <trkpt lat="53.8142" lon="-119.922153">
      </trkpt>
      <trkpt lat="53.814095" lon="-119.922097">
      </trkpt>
      <trkpt lat="53.813973" lon="-119.922071">
      </trkpt>
      <trkpt lat="53.813745" lon="-119.921979">
      </trkpt>
      <trkpt lat="53.813625" lon="-119.921957">
      </trkpt>
      <trkpt lat="53.813557" lon="-119.921962">
      </trkpt>
      <trkpt lat="53.813446" lon="-119.922021">
      </trkpt>
      <trkpt lat="53.813393" lon="-119.921993">
      </trkpt>
      <trkpt lat="53.813345" lon="-119.922086">
      </trkpt>
      <trkpt lat="53.813297" lon="-119.922112">
      </trkpt>
      <trkpt lat="53.813206" lon="-119.92212">
      </trkpt>
      <trkpt lat="53.81313" lon="-119.922151">
      </trkpt>
      <trkpt lat="53.813039" lon="-119.922169">
      </trkpt>
      <trkpt lat="53.812854" lon="-119.922131">
      </trkpt>
      <trkpt lat="53.812811" lon="-119.922112">
      </trkpt>
      <trkpt lat="53.81268" lon="-119.922183">
      </trkpt>
      <trkpt lat="53.812621" lon="-119.922186">
      </trkpt>
      <trkpt lat="53.812563" lon="-119.922138">
      </trkpt>
      <trkpt lat="53.812498" lon="-119.922145">
      </trkpt>
      <trkpt lat="53.812386" lon="-119.922195">
      </trkpt>
      <trkpt lat="53.812367" lon="-119.922116">
      </trkpt>
      <trkpt lat="53.81224" lon="-119.922019">
      </trkpt>
      <trkpt lat="53.812136" lon="-119.92191">
      </trkpt>
      <trkpt lat="53.811985" lon="-119.92183">
      </trkpt>
      <trkpt lat="53.811899" lon="-119.921697">
      </trkpt>
      <trkpt lat="53.811766" lon="-119.921621">
      </trkpt>
      <trkpt lat="53.811616" lon="-119.921677">
      </trkpt>
      <trkpt lat="53.811569" lon="-119.921644">
      </trkpt>
      <trkpt lat="53.811534" lon="-119.921599">
      </trkpt>
      <trkpt lat="53.811558" lon="-119.921417">
      </trkpt>
      <trkpt lat="53.811546" lon="-119.921349">
      </trkpt>
      <trkpt lat="53.811556" lon="-119.921243">
      </trkpt>
      <trkpt lat="53.811524" lon="-119.921121">
      </trkpt>
      <trkpt lat="53.811656" lon="-119.920767">
      </trkpt>
      <trkpt lat="53.811663" lon="-119.920699">
      </trkpt>
      <trkpt lat="53.811661" lon="-119.920624">
      </trkpt>
      <trkpt lat="53.811599" lon="-119.920463">
      </trkpt>
      <trkpt lat="53.811541" lon="-119.920441">
      </trkpt>
      <trkpt lat="53.811475" lon="-119.920372">
      </trkpt>
      <trkpt lat="53.811433" lon="-119.92031">
      </trkpt>
      <trkpt lat="53.811404" lon="-119.920214">
      </trkpt>
      <trkpt lat="53.811357" lon="-119.920002">
      </trkpt>
      <trkpt lat="53.811317" lon="-119.919875">
      </trkpt>
      <trkpt lat="53.811287" lon="-119.919792">
      </trkpt>
      <trkpt lat="53.81124" lon="-119.919736">
      </trkpt>
      <trkpt lat="53.811197" lon="-119.919652">
      </trkpt>
      <trkpt lat="53.811178" lon="-119.919505">
      </trkpt>
      <trkpt lat="53.81119" lon="-119.919382">
      </trkpt>
      <trkpt lat="53.811171" lon="-119.919268">
      </trkpt>
      <trkpt lat="53.811119" lon="-119.919193">
      </trkpt>
      <trkpt lat="53.811123" lon="-119.919085">
      </trkpt>
      <trkpt lat="53.811098" lon="-119.918999">
      </trkpt>
      <trkpt lat="53.811057" lon="-119.918914">
      </trkpt>
      <trkpt lat="53.811006" lon="-119.918863">
      </trkpt>
      <trkpt lat="53.810939" lon="-119.918823">
      </trkpt>
      <trkpt lat="53.810887" lon="-119.918762">
      </trkpt>
      <trkpt lat="53.810983" lon="-119.91852">
      </trkpt>
      <trkpt lat="53.811126" lon="-119.918255">
      </trkpt>
      <trkpt lat="53.811206" lon="-119.918033">
      </trkpt>
      <trkpt lat="53.811215" lon="-119.917949">
      </trkpt>
      <trkpt lat="53.811204" lon="-119.917899">
      </trkpt>
      <trkpt lat="53.811211" lon="-119.917734">
      </trkpt>
      <trkpt lat="53.811161" lon="-119.917527">
      </trkpt>
      <trkpt lat="53.811132" lon="-119.917369">
      </trkpt>
      <trkpt lat="53.8110997" lon="-119.9171629">
      </trkpt>
      <trkpt lat="53.811035" lon="-119.917105">
      </trkpt>
      <trkpt lat="53.810925" lon="-119.917052">
      </trkpt>
      <trkpt lat="53.810894" lon="-119.916905">
      </trkpt>
      <trkpt lat="53.810877" lon="-119.916863">
      </trkpt>
      <trkpt lat="53.810768" lon="-119.91676">
      </trkpt>
      <trkpt lat="53.810688" lon="-119.916613">
      </trkpt>
      <trkpt lat="53.81062" lon="-119.916422">
      </trkpt>
      <trkpt lat="53.810525" lon="-119.916309">
      </trkpt>
      <trkpt lat="53.810307" lon="-119.916368">
      </trkpt>
      <trkpt lat="53.810239" lon="-119.916415">
      </trkpt>
      <trkpt lat="53.810123" lon="-119.916408">
      </trkpt>
      <trkpt lat="53.810087" lon="-119.916424">
      </trkpt>
      <trkpt lat="53.810073" lon="-119.916302">
      </trkpt>
      <trkpt lat="53.809971" lon="-119.916272">
      </trkpt>
      <trkpt lat="53.809816" lon="-119.916144">
      </trkpt>
      <trkpt lat="53.809659" lon="-119.916184">
      </trkpt>
      <trkpt lat="53.809541" lon="-119.916185">
      </trkpt>
      <trkpt lat="53.809403" lon="-119.916343">
      </trkpt>
      <trkpt lat="53.809345" lon="-119.916425">
      </trkpt>
      <trkpt lat="53.809269" lon="-119.916573">
      </trkpt>
      <trkpt lat="53.809229" lon="-119.916632">
      </trkpt>
      <trkpt lat="53.809033" lon="-119.916634">
      </trkpt>
      <trkpt lat="53.808855" lon="-119.916781">
      </trkpt>
      <trkpt lat="53.808816" lon="-119.916796">
      </trkpt>
      <trkpt lat="53.808701" lon="-119.916771">
      </trkpt>
      <trkpt lat="53.808596" lon="-119.91681">
      </trkpt>
      <trkpt lat="53.808443" lon="-119.916804">
      </trkpt>
      <trkpt lat="53.808304" lon="-119.916757">
      </trkpt>
      <trkpt lat="53.808137" lon="-119.916784">
      </trkpt>
      <trkpt lat="53.807966" lon="-119.916754">
      </trkpt>
      <trkpt lat="53.807812" lon="-119.916697">
      </trkpt>
      <trkpt lat="53.807789" lon="-119.916645">
      </trkpt>
      <trkpt lat="53.807801" lon="-119.916465">
      </trkpt>
      <trkpt lat="53.807745" lon="-119.916384">
      </trkpt>
      <trkpt lat="53.807442" lon="-119.916113">
      </trkpt>
      <trkpt lat="53.807293" lon="-119.91593">
      </trkpt>
      <trkpt lat="53.807202" lon="-119.915784">
      </trkpt>
      <trkpt lat="53.807201" lon="-119.9157">
      </trkpt>
      <trkpt lat="53.807163" lon="-119.915519">
      </trkpt>
      <trkpt lat="53.807067" lon="-119.915344">
      </trkpt>
      <trkpt lat="53.806819" lon="-119.915212">
      </trkpt>
      <trkpt lat="53.806659" lon="-119.915161">
      </trkpt>
      <trkpt lat="53.806537" lon="-119.915037">
      </trkpt>
      <trkpt lat="53.806435" lon="-119.914912">
      </trkpt>
      <trkpt lat="53.806287" lon="-119.914806">
      </trkpt>
      <trkpt lat="53.80617" lon="-119.914804">
      </trkpt>
      <trkpt lat="53.806105" lon="-119.914669">
      </trkpt>
      <trkpt lat="53.806064" lon="-119.914488">
      </trkpt>
      <trkpt lat="53.806005" lon="-119.914295">
      </trkpt>
      <trkpt lat="53.805865" lon="-119.91399">
      </trkpt>
      <trkpt lat="53.805801" lon="-119.913885">
      </trkpt>
      <trkpt lat="53.805668" lon="-119.913718">
      </trkpt>
      <trkpt lat="53.80557" lon="-119.913356">
      </trkpt>
      <trkpt lat="53.805476" lon="-119.913258">
      </trkpt>
      <trkpt lat="53.805411" lon="-119.913249">
      </trkpt>
      <trkpt lat="53.805333" lon="-119.913272">
      </trkpt>
      <trkpt lat="53.805268" lon="-119.913385">
      </trkpt>
      <trkpt lat="53.805132" lon="-119.913553">
      </trkpt>
      <trkpt lat="53.804971" lon="-119.913527">
      </trkpt>
      <trkpt lat="53.804921" lon="-119.913417">
      </trkpt>
      <trkpt lat="53.804829" lon="-119.913322">
      </trkpt>
      <trkpt lat="53.804724" lon="-119.913309">
      </trkpt>
      <trkpt lat="53.804587" lon="-119.913242">
      </trkpt>
      <trkpt lat="53.804498" lon="-119.913229">
      </trkpt>
      <trkpt lat="53.804402" lon="-119.913195">
      </trkpt>
      <trkpt lat="53.804321" lon="-119.913081">
      </trkpt>
      <trkpt lat="53.804287" lon="-119.912934">
      </trkpt>
      <trkpt lat="53.804245" lon="-119.912796">
      </trkpt>
      <trkpt lat="53.804194" lon="-119.912694">
      </trkpt>
      <trkpt lat="53.804114" lon="-119.912624">
      </trkpt>
      <trkpt lat="53.804066" lon="-119.912526">
      </trkpt>
      <trkpt lat="53.803999" lon="-119.912509">
      </trkpt>
      <trkpt lat="53.803932" lon="-119.912415">
      </trkpt>
      <trkpt lat="53.803779" lon="-119.912324">
      </trkpt>
      <trkpt lat="53.803682" lon="-119.912294">
      </trkpt>
      <trkpt lat="53.803532" lon="-119.912146">
      </trkpt>
      <trkpt lat="53.803484" lon="-119.91204">
      </trkpt>
      <trkpt lat="53.803427" lon="-119.912003">
      </trkpt>
      <trkpt lat="53.803298" lon="-119.911961">
      </trkpt>
      <trkpt lat="53.803143" lon="-119.911801">
      </trkpt>
      <trkpt lat="53.803108" lon="-119.911695">
      </trkpt>
      <trkpt lat="53.803036" lon="-119.911552">
      </trkpt>
      <trkpt lat="53.80295" lon="-119.911559">
      </trkpt>
      <trkpt lat="53.802759" lon="-119.911609">
      </trkpt>
      <trkpt lat="53.802654" lon="-119.911758">
      </trkpt>
      <trkpt lat="53.802565" lon="-119.911929">
      </trkpt>
      <trkpt lat="53.8025" lon="-119.912263">
      </trkpt>
      <trkpt lat="53.802193" lon="-119.91346">
      </trkpt>
      <trkpt lat="53.802158" lon="-119.91382">
      </trkpt>
      <trkpt lat="53.802121" lon="-119.914065">
      </trkpt>
      <trkpt lat="53.802111" lon="-119.914178">
      </trkpt>
      <trkpt lat="53.80209" lon="-119.91429">
      </trkpt>
      <trkpt lat="53.802108" lon="-119.914615">
      </trkpt>
      <trkpt lat="53.802013" lon="-119.914971">
      </trkpt>
      <trkpt lat="53.801888" lon="-119.915331">
      </trkpt>
      <trkpt lat="53.801835" lon="-119.915461">
      </trkpt>
      <trkpt lat="53.80179" lon="-119.91552">
      </trkpt>
      <trkpt lat="53.80177" lon="-119.915648">
      </trkpt>
      <trkpt lat="53.801671" lon="-119.915835">
      </trkpt>
      <trkpt lat="53.801618" lon="-119.916012">
      </trkpt>
      <trkpt lat="53.801577" lon="-119.916336">
      </trkpt>
      <trkpt lat="53.801426" lon="-119.916696">
      </trkpt>
      <trkpt lat="53.801342" lon="-119.916989">
      </trkpt>
      <trkpt lat="53.801144" lon="-119.917369">
      </trkpt>
      <trkpt lat="53.800968" lon="-119.91773">
      </trkpt>
      <trkpt lat="53.800872" lon="-119.91808">
      </trkpt>
      <trkpt lat="53.800848" lon="-119.918245">
      </trkpt>
      <trkpt lat="53.8007" lon="-119.918831">
      </trkpt>
      <trkpt lat="53.800634" lon="-119.919131">
      </trkpt>
      <trkpt lat="53.800569" lon="-119.919493">
      </trkpt>
      <trkpt lat="53.800485" lon="-119.91987">
      </trkpt>
      <trkpt lat="53.800418" lon="-119.920085">
      </trkpt>
      <trkpt lat="53.800334" lon="-119.920229">
      </trkpt>
      <trkpt lat="53.800266" lon="-119.920273">
      </trkpt>
      <trkpt lat="53.800139" lon="-119.920454">
      </trkpt>
      <trkpt lat="53.800105" lon="-119.920711">
      </trkpt>
      <trkpt lat="53.800167" lon="-119.920984">
      </trkpt>
      <trkpt lat="53.800204" lon="-119.921343">
      </trkpt>
      <trkpt lat="53.80013" lon="-119.921904">
      </trkpt>
      <trkpt lat="53.800116" lon="-119.922151">
      </trkpt>
      <trkpt lat="53.800068" lon="-119.922392">
      </trkpt>
      <trkpt lat="53.800039" lon="-119.92243">
      </trkpt>
      <trkpt lat="53.799935" lon="-119.922478">
      </trkpt>
      <trkpt lat="53.799859" lon="-119.922489">
      </trkpt>
      <trkpt lat="53.799591" lon="-119.922574">
      </trkpt>
      <trkpt lat="53.799513" lon="-119.922678">
      </trkpt>
      <trkpt lat="53.799446" lon="-119.922825">
      </trkpt>
      <trkpt lat="53.799366" lon="-119.922954">
      </trkpt>
      <trkpt lat="53.799274" lon="-119.923038">
      </trkpt>
      <trkpt lat="53.799159" lon="-119.923095">
      </trkpt>
      <trkpt lat="53.799107" lon="-119.923174">
      </trkpt>
      <trkpt lat="53.799048" lon="-119.923226">
      </trkpt>
      <trkpt lat="53.799006" lon="-119.923298">
      </trkpt>
      <trkpt lat="53.798972" lon="-119.923379">
      </trkpt>
      <trkpt lat="53.798816" lon="-119.923497">
      </trkpt>
      <trkpt lat="53.798754" lon="-119.923562">
      </trkpt>
      <trkpt lat="53.798646" lon="-119.923607">
      </trkpt>
      <trkpt lat="53.798471" lon="-119.923739">
      </trkpt>
      <trkpt lat="53.798333" lon="-119.923796">
      </trkpt>
      <trkpt lat="53.798208" lon="-119.923828">
      </trkpt>
      <trkpt lat="53.798088" lon="-119.923896">
      </trkpt>
      <trkpt lat="53.797988" lon="-119.923899">
      </trkpt>
      <trkpt lat="53.797825" lon="-119.923951">
      </trkpt>
      <trkpt lat="53.79772" lon="-119.924003">
      </trkpt>
      <trkpt lat="53.797613" lon="-119.924092">
      </trkpt>
      <trkpt lat="53.797588" lon="-119.92415">
      </trkpt>
      <trkpt lat="53.797398" lon="-119.92436">
      </trkpt>
      <trkpt lat="53.797227" lon="-119.924575">
      </trkpt>
      <trkpt lat="53.797077" lon="-119.924654">
      </trkpt>
      <trkpt lat="53.796977" lon="-119.924731">
      </trkpt>
      <trkpt lat="53.796954" lon="-119.924767">
      </trkpt>
      <trkpt lat="53.796865" lon="-119.924844">
      </trkpt>
      <trkpt lat="53.79674" lon="-119.924861">
      </trkpt>
      <trkpt lat="53.796619" lon="-119.924918">
      </trkpt>
      <trkpt lat="53.796316" lon="-119.92512">
      </trkpt>
      <trkpt lat="53.796246" lon="-119.925177">
      </trkpt>
      <trkpt lat="53.796112" lon="-119.925169">
      </trkpt>
      <trkpt lat="53.795998" lon="-119.925206">
      </trkpt>
      <trkpt lat="53.795939" lon="-119.925191">
      </trkpt>
      <trkpt lat="53.795918" lon="-119.925172">
      </trkpt>
      <trkpt lat="53.795698" lon="-119.925147">
      </trkpt>
      <trkpt lat="53.795612" lon="-119.925163">
      </trkpt>
      <trkpt lat="53.795535" lon="-119.925136">
      </trkpt>
      <trkpt lat="53.795331" lon="-119.925144">
      </trkpt>
      <trkpt lat="53.79521" lon="-119.92513">
      </trkpt>
      <trkpt lat="53.795128" lon="-119.925099">
      </trkpt>
      <trkpt lat="53.795035" lon="-119.925099">
      </trkpt>
      <trkpt lat="53.794798" lon="-119.925287">
      </trkpt>
      <trkpt lat="53.79468" lon="-119.925352">
      </trkpt>
      <trkpt lat="53.794341" lon="-119.925601">
      </trkpt>
      <trkpt lat="53.794151" lon="-119.925664">
      </trkpt>
      <trkpt lat="53.794063" lon="-119.925676">
      </trkpt>
      <trkpt lat="53.793979" lon="-119.925749">
      </trkpt>
      <trkpt lat="53.793877" lon="-119.925795">
      </trkpt>
      <trkpt lat="53.793586" lon="-119.925984">
      </trkpt>
      <trkpt lat="53.793402" lon="-119.926054">
      </trkpt>
      <trkpt lat="53.793304" lon="-119.926028">
      </trkpt>
      <trkpt lat="53.793112" lon="-119.926009">
      </trkpt>
      <trkpt lat="53.793059" lon="-119.925997">
      </trkpt>
      <trkpt lat="53.793032" lon="-119.925975">
      </trkpt>
      <trkpt lat="53.792937" lon="-119.925969">
      </trkpt>
      <trkpt lat="53.792892" lon="-119.925947">
      </trkpt>
      <trkpt lat="53.792842" lon="-119.925951">
      </trkpt>
      <trkpt lat="53.792698" lon="-119.925927">
      </trkpt>
      <trkpt lat="53.792597" lon="-119.925942">
      </trkpt>
      <trkpt lat="53.792404" lon="-119.925926">
      </trkpt>
      <trkpt lat="53.792336" lon="-119.925965">
      </trkpt>
      <trkpt lat="53.792217" lon="-119.925982">
      </trkpt>
      <trkpt lat="53.792082" lon="-119.925966">
      </trkpt>
      <trkpt lat="53.791967" lon="-119.925941">
      </trkpt>
      <trkpt lat="53.791751" lon="-119.925871">
      </trkpt>
      <trkpt lat="53.791706" lon="-119.925845">
      </trkpt>
      <trkpt lat="53.791604" lon="-119.925736">
      </trkpt>
      <trkpt lat="53.791494" lon="-119.925735">
      </trkpt>
      <trkpt lat="53.791352" lon="-119.925771">
      </trkpt>
      <trkpt lat="53.791233" lon="-119.92578">
      </trkpt>
      <trkpt lat="53.791174" lon="-119.925804">
      </trkpt>
      <trkpt lat="53.791035" lon="-119.925811">
      </trkpt>
      <trkpt lat="53.790917" lon="-119.925754">
      </trkpt>
      <trkpt lat="53.79087" lon="-119.925761">
      </trkpt>
      <trkpt lat="53.790789" lon="-119.925735">
      </trkpt>
      <trkpt lat="53.790737" lon="-119.925734">
      </trkpt>
      <trkpt lat="53.790632" lon="-119.925695">
      </trkpt>
      <trkpt lat="53.790505" lon="-119.925724">
      </trkpt>
      <trkpt lat="53.790142" lon="-119.925727">
      </trkpt>
      <trkpt lat="53.79002" lon="-119.925744">
      </trkpt>
      <trkpt lat="53.78988" lon="-119.925746">
      </trkpt>
      <trkpt lat="53.789757" lon="-119.925729">
      </trkpt>
      <trkpt lat="53.789651" lon="-119.925689">
      </trkpt>
      <trkpt lat="53.789437" lon="-119.925707">
      </trkpt>
      <trkpt lat="53.789307" lon="-119.925695">
      </trkpt>
      <trkpt lat="53.788981" lon="-119.925727">
      </trkpt>
      <trkpt lat="53.788859" lon="-119.925798">
      </trkpt>
      <trkpt lat="53.788765" lon="-119.925827">
      </trkpt>
      <trkpt lat="53.788667" lon="-119.925816">
      </trkpt>
      <trkpt lat="53.788537" lon="-119.925844">
      </trkpt>
      <trkpt lat="53.788418" lon="-119.925937">
      </trkpt>
      <trkpt lat="53.788201" lon="-119.925966">
      </trkpt>
      <trkpt lat="53.788095" lon="-119.925948">
      </trkpt>
      <trkpt lat="53.787956" lon="-119.925958">
      </trkpt>
      <trkpt lat="53.787812" lon="-119.926017">
      </trkpt>
      <trkpt lat="53.787697" lon="-119.926097">
      </trkpt>
      <trkpt lat="53.787447" lon="-119.926219">
      </trkpt>
      <trkpt lat="53.787305" lon="-119.926259">
      </trkpt>
      <trkpt lat="53.787184" lon="-119.926271">
      </trkpt>
      <trkpt lat="53.786974" lon="-119.926338">
      </trkpt>
      <trkpt lat="53.786867" lon="-119.926491">
      </trkpt>
      <trkpt lat="53.786787" lon="-119.926721">
      </trkpt>
      <trkpt lat="53.786699" lon="-119.926932">
      </trkpt>
      <trkpt lat="53.786532" lon="-119.927247">
      </trkpt>
      <trkpt lat="53.786457" lon="-119.927453">
      </trkpt>
      <trkpt lat="53.786346" lon="-119.927834">
      </trkpt>
      <trkpt lat="53.78627" lon="-119.928063">
      </trkpt>
      <trkpt lat="53.786205" lon="-119.928178">
      </trkpt>
      <trkpt lat="53.786112" lon="-119.9283">
      </trkpt>
      <trkpt lat="53.786002" lon="-119.928364">
      </trkpt>
      <trkpt lat="53.785907" lon="-119.928393">
      </trkpt>
      <trkpt lat="53.785767" lon="-119.928406">
      </trkpt>
      <trkpt lat="53.785628" lon="-119.928475">
      </trkpt>
      <trkpt lat="53.7855869" lon="-119.9284121">
      </trkpt>
    </trkseg>
    <trkseg>
      <trkpt lat="53.954426" lon="-120.10417">
      </trkpt>
      <trkpt lat="53.954404" lon="-120.104071">
      </trkpt>
      <trkpt lat="53.9543889" lon="-120.103893">
      </trkpt>
      <trkpt lat="53.954395" lon="-120.103684">
      </trkpt>
      <trkpt lat="53.954372" lon="-120.103452">
      </trkpt>
      <trkpt lat="53.954366" lon="-120.103233">
      </trkpt>
      <trkpt lat="53.954338" lon="-120.103078">
      </trkpt>
      <trkpt lat="53.954221" lon="-120.102825">
      </trkpt>
      <trkpt lat="53.954204" lon="-120.102742">
      </trkpt>
      <trkpt lat="53.954116" lon="-120.102539">
      </trkpt>
      <trkpt lat="53.954114" lon="-120.102382">
      </trkpt>
      <trkpt lat="53.954103" lon="-120.102264">
      </trkpt>
      <trkpt lat="53.954114" lon="-120.102157">
      </trkpt>
      <trkpt lat="53.954093" lon="-120.102043">
      </trkpt>
      <trkpt lat="53.95404" lon="-120.101893">
      </trkpt>
      <trkpt lat="53.953961" lon="-120.101751">
      </trkpt>
      <trkpt lat="53.95393" lon="-120.101644">
      </trkpt>
      <trkpt lat="53.953895" lon="-120.101346">
      </trkpt>
      <trkpt lat="53.953833" lon="-120.101217">
      </trkpt>
      <trkpt lat="53.953798" lon="-120.101167">
      </trkpt>
      <trkpt lat="53.953761" lon="-120.101008">
      </trkpt>
      <trkpt lat="53.953753" lon="-120.100861">
      </trkpt>
      <trkpt lat="53.953718" lon="-120.100681">
      </trkpt>
      <trkpt lat="53.953685" lon="-120.100607">
      </trkpt>
      <trkpt lat="53.953603" lon="-120.100468">
      </trkpt>
      <trkpt lat="53.9535" lon="-120.100313">
      </trkpt>
      <trkpt lat="53.95342" lon="-120.10017">
      </trkpt>
      <trkpt lat="53.953401" lon="-120.100118">
      </trkpt>
      <trkpt lat="53.953403" lon="-120.099996">
      </trkpt>
      <trkpt lat="53.953422" lon="-120.099784">
      </trkpt>
      <trkpt lat="53.953412" lon="-120.099657">
      </trkpt>
      <trkpt lat="53.953434" lon="-120.099484">
      </trkpt>
      <trkpt lat="53.953425" lon="-120.099402">
      </trkpt>
      <trkpt lat="53.953387" lon="-120.099254">
      </trkpt>
      <trkpt lat="53.953359" lon="-120.099201">
      </trkpt>
      <trkpt lat="53.953343" lon="-120.099137">
      </trkpt>
      <trkpt lat="53.953317" lon="-120.099031">
      </trkpt>
      <trkpt lat="53.953298" lon="-120.098885">
      </trkpt>
      <trkpt lat="53.953185" lon="-120.098581">
      </trkpt>
      <trkpt lat="53.953158" lon="-120.098459">
      </trkpt>
      <trkpt lat="53.953128" lon="-120.098154">
      </trkpt>
      <trkpt lat="53.953093" lon="-120.098013">
      </trkpt>
      <trkpt lat="53.953063" lon="-120.097842">
      </trkpt>
      <trkpt lat="53.953067" lon="-120.09767">
      </trkpt>
      <trkpt lat="53.953013" lon="-120.097244">
      </trkpt>
      <trkpt lat="53.953023" lon="-120.096862">
      </trkpt>
      <trkpt lat="53.953011" lon="-120.096759">
      </trkpt>
      <trkpt lat="53.953002" lon="-120.096555">
      </trkpt>
      <trkpt lat="53.952939" lon="-120.096226">
      </trkpt>
      <trkpt lat="53.952831" lon="-120.095502">
      </trkpt>
      <trkpt lat="53.952808" lon="-120.095457">
      </trkpt>
      <trkpt lat="53.952774" lon="-120.095306">
      </trkpt>
      <trkpt lat="53.95277" lon="-120.095196">
      </trkpt>
      <trkpt lat="53.952733" lon="-120.094881">
      </trkpt>
      <trkpt lat="53.952687" lon="-120.094785">
      </trkpt>
      <trkpt lat="53.952638" lon="-120.094637">
      </trkpt>
      <trkpt lat="53.952632" lon="-120.094544">
      </trkpt>
      <trkpt lat="53.952553" lon="-120.094233">
      </trkpt>
      <trkpt lat="53.9524599" lon="-120.0940211">
      </trkpt>
      <trkpt lat="53.95245" lon="-120.093765">
      </trkpt>
      <trkpt lat="53.9524" lon="-120.093485">
      </trkpt>
      <trkpt lat="53.952363" lon="-120.09314">
      </trkpt>
      <trkpt lat="53.952346" lon="-120.092969">
      </trkpt>
      <trkpt lat="53.9523539" lon="-120.0927551">
      </trkpt>
      <trkpt lat="53.952274" lon="-120.092492">
      </trkpt>
      <trkpt lat="53.952265" lon="-120.092394">
      </trkpt>
      <trkpt lat="53.952272" lon="-120.092259">
      </trkpt>
      <trkpt lat="53.952247" lon="-120.092151">
      </trkpt>
      <trkpt lat="53.952209" lon="-120.09187">
      </trkpt>
      <trkpt lat="53.952195" lon="-120.091831">
      </trkpt>
      <trkpt lat="53.952198" lon="-120.091694">
      </trkpt>
      <trkpt lat="53.952276" lon="-120.091377">
      </trkpt>
      <trkpt lat="53.952251" lon="-120.09114">
      </trkpt>
      <trkpt lat="53.952202" lon="-120.091073">
      </trkpt>
      <trkpt lat="53.952202" lon="-120.090919">
      </trkpt>
      <trkpt lat="53.952137" lon="-120.090676">
      </trkpt>
      <trkpt lat="53.952087" lon="-120.090574">
      </trkpt>
      <trkpt lat="53.951985" lon="-120.090107">
      </trkpt>
      <trkpt lat="53.951925" lon="-120.090013">
      </trkpt>
      <trkpt lat="53.951892" lon="-120.089908">
      </trkpt>
      <trkpt lat="53.951859" lon="-120.089885">
      </trkpt>
      <trkpt lat="53.951769" lon="-120.089763">
      </trkpt>
      <trkpt lat="53.951716" lon="-120.089633">
      </trkpt>
      <trkpt lat="53.95165" lon="-120.089562">
      </trkpt>
      <trkpt lat="53.951539" lon="-120.089261">
      </trkpt>
      <trkpt lat="53.951419" lon="-120.089068">
      </trkpt>
      <trkpt lat="53.951322" lon="-120.088828">
      </trkpt>
      <trkpt lat="53.951264" lon="-120.088715">
      </trkpt>
      <trkpt lat="53.951163" lon="-120.088459">
      </trkpt>
      <trkpt lat="53.9511213" lon="-120.0883569">
      </trkpt>
      <trkpt lat="53.950869" lon="-120.087721">
      </trkpt>
      <trkpt lat="53.950816" lon="-120.087604">
      </trkpt>
      <trkpt lat="53.950738" lon="-120.087527">
      </trkpt>
      <trkpt lat="53.950722" lon="-120.087499">
      </trkpt>
      <trkpt lat="53.950734" lon="-120.08736">
      </trkpt>
      <trkpt lat="53.950722" lon="-120.087247">
      </trkpt>
      <trkpt lat="53.950721" lon="-120.086936">
      </trkpt>
      <trkpt lat="53.950715" lon="-120.086883">
      </trkpt>
      <trkpt lat="53.950687" lon="-120.086799">
      </trkpt>
      <trkpt lat="53.950659" lon="-120.08666">
      </trkpt>
      <trkpt lat="53.950631" lon="-120.086593">
      </trkpt>
      <trkpt lat="53.95057" lon="-120.086509">
      </trkpt>
      <trkpt lat="53.950507" lon="-120.086364">
      </trkpt>
      <trkpt lat="53.950454" lon="-120.086229">
      </trkpt>
      <trkpt lat="53.9504392" lon="-120.0861206">
      </trkpt>
      <trkpt lat="53.950388" lon="-120.086007">
      </trkpt>
      <trkpt lat="53.95026" lon="-120.085702">
      </trkpt>
      <trkpt lat="53.950252" lon="-120.085561">
      </trkpt>
      <trkpt lat="53.950169" lon="-120.085189">
      </trkpt>
      <trkpt lat="53.9501483" lon="-120.0849614">
      </trkpt>
      <trkpt lat="53.950137" lon="-120.084837">
      </trkpt>
      <trkpt lat="53.950105" lon="-120.084714">
      </trkpt>
      <trkpt lat="53.950067" lon="-120.084601">
      </trkpt>
      <trkpt lat="53.950018" lon="-120.084498">
      </trkpt>
      <trkpt lat="53.949874" lon="-120.084396">
      </trkpt>
      <trkpt lat="53.949702" lon="-120.084155">
      </trkpt>
      <trkpt lat="53.949655" lon="-120.084052">
      </trkpt>
      <trkpt lat="53.949604" lon="-120.083966">
      </trkpt>
      <trkpt lat="53.949546" lon="-120.083833">
      </trkpt>
      <trkpt lat="53.949418" lon="-120.083151">
      </trkpt>
      <trkpt lat="53.949411" lon="-120.08303">
      </trkpt>
      <trkpt lat="53.949331" lon="-120.082899">
      </trkpt>
      <trkpt lat="53.949252" lon="-120.082836">
      </trkpt>
      <trkpt lat="53.949217" lon="-120.082788">
      </trkpt>
      <trkpt lat="53.949192" lon="-120.08263">
      </trkpt>
      <trkpt lat="53.949189" lon="-120.082493">
      </trkpt>
      <trkpt lat="53.949172" lon="-120.082358">
      </trkpt>
      <trkpt lat="53.9491579" lon="-120.0822878">
      </trkpt>
      <trkpt lat="53.949133" lon="-120.082226">
      </trkpt>
      <trkpt lat="53.949137" lon="-120.082044">
      </trkpt>
      <trkpt lat="53.949112" lon="-120.081949">
      </trkpt>
      <trkpt lat="53.949071" lon="-120.081662">
      </trkpt>
      <trkpt lat="53.949034" lon="-120.081509">
      </trkpt>
      <trkpt lat="53.94902" lon="-120.081388">
      </trkpt>
      <trkpt lat="53.948992" lon="-120.081298">
      </trkpt>
      <trkpt lat="53.948973" lon="-120.081188">
      </trkpt>
      <trkpt lat="53.948917" lon="-120.081047">
      </trkpt>
      <trkpt lat="53.949019" lon="-120.080768">
      </trkpt>
      <trkpt lat="53.949047" lon="-120.080574">
      </trkpt>
      <trkpt lat="53.94908" lon="-120.080451">
      </trkpt>
      <trkpt lat="53.94912" lon="-120.08038">
      </trkpt>
      <trkpt lat="53.949212" lon="-120.080286">
      </trkpt>
      <trkpt lat="53.949275" lon="-120.08018">
      </trkpt>
      <trkpt lat="53.949351" lon="-120.080003">
      </trkpt>
      <trkpt lat="53.949341" lon="-120.079824">
      </trkpt>
      <trkpt lat="53.949316" lon="-120.07964">
      </trkpt>
      <trkpt lat="53.949316" lon="-120.079493">
      </trkpt>
      <trkpt lat="53.949324" lon="-120.07944">
      </trkpt>
      <trkpt lat="53.949274" lon="-120.079204">
      </trkpt>
      <trkpt lat="53.949275" lon="-120.079058">
      </trkpt>
      <trkpt lat="53.949322" lon="-120.078732">
      </trkpt>
      <trkpt lat="53.949337" lon="-120.078574">
      </trkpt>
      <trkpt lat="53.949395" lon="-120.078323">
      </trkpt>
      <trkpt lat="53.949437" lon="-120.077743">
      </trkpt>
      <trkpt lat="53.949503" lon="-120.077426">
      </trkpt>
      <trkpt lat="53.94944" lon="-120.077255">
      </trkpt>
      <trkpt lat="53.949431" lon="-120.077048">
      </trkpt>
      <trkpt lat="53.94944" lon="-120.07685">
      </trkpt>
      <trkpt lat="53.949462" lon="-120.076674">
      </trkpt>
      <trkpt lat="53.949473" lon="-120.076294">
      </trkpt>
      <trkpt lat="53.949523" lon="-120.075813">
      </trkpt>
      <trkpt lat="53.949533" lon="-120.075639">
      </trkpt>
      <trkpt lat="53.949511" lon="-120.075278">
      </trkpt>
      <trkpt lat="53.94952" lon="-120.075112">
      </trkpt>
      <trkpt lat="53.949518" lon="-120.074824">
      </trkpt>
      <trkpt lat="53.949478" lon="-120.074512">
      </trkpt>
      <trkpt lat="53.949452" lon="-120.07444">
      </trkpt>
      <trkpt lat="53.949475" lon="-120.074382">
      </trkpt>
      <trkpt lat="53.949485" lon="-120.074246">
      </trkpt>
      <trkpt lat="53.949542" lon="-120.073882">
      </trkpt>
      <trkpt lat="53.949529" lon="-120.073618">
      </trkpt>
      <trkpt lat="53.949536" lon="-120.073397">
      </trkpt>
      <trkpt lat="53.949561" lon="-120.073027">
      </trkpt>
      <trkpt lat="53.949563" lon="-120.07277">
      </trkpt>
      <trkpt lat="53.949534" lon="-120.072655">
      </trkpt>
      <trkpt lat="53.949549" lon="-120.072319">
      </trkpt>
      <trkpt lat="53.949535" lon="-120.071965">
      </trkpt>
      <trkpt lat="53.949512" lon="-120.071797">
      </trkpt>
      <trkpt lat="53.949509" lon="-120.071523">
      </trkpt>
      <trkpt lat="53.949461" lon="-120.071097">
      </trkpt>
      <trkpt lat="53.949386" lon="-120.070037">
      </trkpt>
      <trkpt lat="53.949353" lon="-120.069868">
      </trkpt>
      <trkpt lat="53.94934" lon="-120.069644">
      </trkpt>
      <trkpt lat="53.94926" lon="-120.069146">
      </trkpt>
      <trkpt lat="53.949237" lon="-120.068786">
      </trkpt>
      <trkpt lat="53.949121" lon="-120.067817">
      </trkpt>
      <trkpt lat="53.949078" lon="-120.067539">
      </trkpt>
      <trkpt lat="53.948995" lon="-120.06724">
      </trkpt>
      <trkpt lat="53.948975" lon="-120.067134">
      </trkpt>
      <trkpt lat="53.9488773" lon="-120.0667386">
      </trkpt>
      <trkpt lat="53.948838" lon="-120.066575">
      </trkpt>
      <trkpt lat="53.948775" lon="-120.066534">
      </trkpt>
      <trkpt lat="53.948771" lon="-120.066421">
      </trkpt>
      <trkpt lat="53.948776" lon="-120.066332">
      </trkpt>
      <trkpt lat="53.948746" lon="-120.066173">
      </trkpt>
      <trkpt lat="53.948707" lon="-120.066009">
      </trkpt>
      <trkpt lat="53.948638" lon="-120.065773">
      </trkpt>
      <trkpt lat="53.94857" lon="-120.065457">
      </trkpt>
      <trkpt lat="53.948543" lon="-120.065313">
      </trkpt>
      <trkpt lat="53.948508" lon="-120.065026">
      </trkpt>
      <trkpt lat="53.948412" lon="-120.064526">
      </trkpt>
      <trkpt lat="53.948354" lon="-120.06434">
      </trkpt>
      <trkpt lat="53.948338" lon="-120.06412">
      </trkpt>
      <trkpt lat="53.948313" lon="-120.06404">
      </trkpt>
      <trkpt lat="53.948258" lon="-120.063926">
      </trkpt>
      <trkpt lat="53.94815" lon="-120.063603">
      </trkpt>
      <trkpt lat="53.94812" lon="-120.063489">
      </trkpt>
      <trkpt lat="53.948008" lon="-120.063205">
      </trkpt>
      <trkpt lat="53.947949" lon="-120.063016">
      </trkpt>
      <trkpt lat="53.947702" lon="-120.062386">
      </trkpt>
      <trkpt lat="53.947515" lon="-120.061839">
      </trkpt>
      <trkpt lat="53.947493" lon="-120.061809">
      </trkpt>
      <trkpt lat="53.947468" lon="-120.06165">
      </trkpt>
      <trkpt lat="53.947338" lon="-120.061282">
      </trkpt>
      <trkpt lat="53.947213" lon="-120.061058">
      </trkpt>
      <trkpt lat="53.947049" lon="-120.060599">
      </trkpt>
      <trkpt lat="53.946897" lon="-120.060274">
      </trkpt>
      <trkpt lat="53.946819" lon="-120.060142">
      </trkpt>
      <trkpt lat="53.946724" lon="-120.060031">
      </trkpt>
      <trkpt lat="53.946532" lon="-120.059836">
      </trkpt>
      <trkpt lat="53.94636" lon="-120.059618">
      </trkpt>
      <trkpt lat="53.946215" lon="-120.059497">
      </trkpt>
      <trkpt lat="53.946158" lon="-120.059403">
      </trkpt>
      <trkpt lat="53.946072" lon="-120.059351">
      </trkpt>
      <trkpt lat="53.946016" lon="-120.059277">
      </trkpt>
      <trkpt lat="53.945824" lon="-120.059142">
      </trkpt>
      <trkpt lat="53.945769" lon="-120.059066">
      </trkpt>
      <trkpt lat="53.945644" lon="-120.058938">
      </trkpt>
      <trkpt lat="53.945356" lon="-120.058788">
      </trkpt>
      <trkpt lat="53.945255" lon="-120.058709">
      </trkpt>
      <trkpt lat="53.945168" lon="-120.058607">
      </trkpt>
      <trkpt lat="53.945081" lon="-120.058537">
      </trkpt>
      <trkpt lat="53.945011" lon="-120.058509">
      </trkpt>
      <trkpt lat="53.944928" lon="-120.058392">
      </trkpt>
      <trkpt lat="53.94478" lon="-120.058286">
      </trkpt>
      <trkpt lat="53.944721" lon="-120.058202">
      </trkpt>
      <trkpt lat="53.944676" lon="-120.058177">
      </trkpt>
      <trkpt lat="53.944622" lon="-120.058092">
      </trkpt>
      <trkpt lat="53.944134" lon="-120.057676">
      </trkpt>
      <trkpt lat="53.944001" lon="-120.057508">
      </trkpt>
      <trkpt lat="53.943963" lon="-120.057499">
      </trkpt>
      <trkpt lat="53.94389" lon="-120.057424">
      </trkpt>
      <trkpt lat="53.943856" lon="-120.057327">
      </trkpt>
      <trkpt lat="53.943822" lon="-120.057265">
      </trkpt>
      <trkpt lat="53.943785" lon="-120.057239">
      </trkpt>
      <trkpt lat="53.943749" lon="-120.057191">
      </trkpt>
      <trkpt lat="53.943625" lon="-120.056987">
      </trkpt>
      <trkpt lat="53.943596" lon="-120.056879">
      </trkpt>
      <trkpt lat="53.943569" lon="-120.056736">
      </trkpt>
      <trkpt lat="53.94353" lon="-120.056677">
      </trkpt>
      <trkpt lat="53.943459" lon="-120.056478">
      </trkpt>
      <trkpt lat="53.943414" lon="-120.056449">
      </trkpt>
      <trkpt lat="53.943288" lon="-120.05626">
      </trkpt>
      <trkpt lat="53.943239" lon="-120.05617">
      </trkpt>
      <trkpt lat="53.943181" lon="-120.056006">
      </trkpt>
      <trkpt lat="53.943094" lon="-120.055843">
      </trkpt>
      <trkpt lat="53.943035" lon="-120.055678">
      </trkpt>
      <trkpt lat="53.942979" lon="-120.055472">
      </trkpt>
      <trkpt lat="53.942887" lon="-120.055242">
      </trkpt>
      <trkpt lat="53.9428561" lon="-120.0550963">
      </trkpt>
      <trkpt lat="53.94281" lon="-120.054971">
      </trkpt>
      <trkpt lat="53.942758" lon="-120.054889">
      </trkpt>
      <trkpt lat="53.942701" lon="-120.054744">
      </trkpt>
      <trkpt lat="53.94266" lon="-120.054685">
      </trkpt>
      <trkpt lat="53.942588" lon="-120.054603">
      </trkpt>
      <trkpt lat="53.942517" lon="-120.054553">
      </trkpt>
      <trkpt lat="53.942423" lon="-120.054392">
      </trkpt>
      <trkpt lat="53.942286" lon="-120.054219">
      </trkpt>
      <trkpt lat="53.942234" lon="-120.05402">
      </trkpt>
      <trkpt lat="53.942185" lon="-120.05388">
      </trkpt>
      <trkpt lat="53.942081" lon="-120.053762">
      </trkpt>
      <trkpt lat="53.942029" lon="-120.053688">
      </trkpt>
      <trkpt lat="53.941914" lon="-120.05338">
      </trkpt>
      <trkpt lat="53.941846" lon="-120.053225">
      </trkpt>
      <trkpt lat="53.941818" lon="-120.053192">
      </trkpt>
      <trkpt lat="53.941701" lon="-120.052948">
      </trkpt>
      <trkpt lat="53.941668" lon="-120.052916">
      </trkpt>
      <trkpt lat="53.941515" lon="-120.052657">
      </trkpt>
      <trkpt lat="53.941442" lon="-120.052555">
      </trkpt>
      <trkpt lat="53.941398" lon="-120.052441">
      </trkpt>
      <trkpt lat="53.941286" lon="-120.052239">
      </trkpt>
      <trkpt lat="53.941267" lon="-120.052094">
      </trkpt>
      <trkpt lat="53.941214" lon="-120.051932">
      </trkpt>
      <trkpt lat="53.941122" lon="-120.051787">
      </trkpt>
      <trkpt lat="53.941035" lon="-120.051689">
      </trkpt>
      <trkpt lat="53.941008" lon="-120.051618">
      </trkpt>
      <trkpt lat="53.940907" lon="-120.051446">
      </trkpt>
      <trkpt lat="53.940827" lon="-120.051407">
      </trkpt>
      <trkpt lat="53.940789" lon="-120.05135">
      </trkpt>
      <trkpt lat="53.940743" lon="-120.051266">
      </trkpt>
      <trkpt lat="53.940682" lon="-120.051104">
      </trkpt>
      <trkpt lat="53.94061" lon="-120.050971">
      </trkpt>
      <trkpt lat="53.940354" lon="-120.050623">
      </trkpt>
      <trkpt lat="53.940273" lon="-120.050593">
      </trkpt>
      <trkpt lat="53.940206" lon="-120.05052">
      </trkpt>
      <trkpt lat="53.940125" lon="-120.050475">
      </trkpt>
      <trkpt lat="53.940034" lon="-120.050448">
      </trkpt>
      <trkpt lat="53.939871" lon="-120.050276">
      </trkpt>
      <trkpt lat="53.939782" lon="-120.050163">
      </trkpt>
      <trkpt lat="53.939619" lon="-120.049785">
      </trkpt>
      <trkpt lat="53.939546" lon="-120.049646">
      </trkpt>
      <trkpt lat="53.939396" lon="-120.049545">
      </trkpt>
      <trkpt lat="53.939287" lon="-120.049453">
      </trkpt>
      <trkpt lat="53.939196" lon="-120.049317">
      </trkpt>
      <trkpt lat="53.939018" lon="-120.049135">
      </trkpt>
      <trkpt lat="53.938944" lon="-120.048999">
      </trkpt>
      <trkpt lat="53.93885" lon="-120.048897">
      </trkpt>
      <trkpt lat="53.938791" lon="-120.048809">
      </trkpt>
      <trkpt lat="53.938712" lon="-120.048577">
      </trkpt>
      <trkpt lat="53.938615" lon="-120.048374">
      </trkpt>
      <trkpt lat="53.938492" lon="-120.048062">
      </trkpt>
      <trkpt lat="53.938321" lon="-120.047858">
      </trkpt>
      <trkpt lat="53.938254" lon="-120.047683">
      </trkpt>
      <trkpt lat="53.938046" lon="-120.047295">
      </trkpt>
      <trkpt lat="53.937947" lon="-120.047153">
      </trkpt>
      <trkpt lat="53.937867" lon="-120.047062">
      </trkpt>
      <trkpt lat="53.937647" lon="-120.04674">
      </trkpt>
      <trkpt lat="53.937544" lon="-120.046637">
      </trkpt>
      <trkpt lat="53.937444" lon="-120.046567">
      </trkpt>
      <trkpt lat="53.937299" lon="-120.046397">
      </trkpt>
      <trkpt lat="53.937177" lon="-120.046356">
      </trkpt>
      <trkpt lat="53.937041" lon="-120.046232">
      </trkpt>
      <trkpt lat="53.936925" lon="-120.046204">
      </trkpt>
      <trkpt lat="53.936836" lon="-120.04611">
      </trkpt>
      <trkpt lat="53.936745" lon="-120.045903">
      </trkpt>
      <trkpt lat="53.93665" lon="-120.045803">
      </trkpt>
      <trkpt lat="53.936587" lon="-120.045775">
      </trkpt>
      <trkpt lat="53.936421" lon="-120.04573">
      </trkpt>
      <trkpt lat="53.936122" lon="-120.045745">
      </trkpt>
      <trkpt lat="53.93598" lon="-120.045684">
      </trkpt>
      <trkpt lat="53.935821" lon="-120.045676">
      </trkpt>
      <trkpt lat="53.935748" lon="-120.04564">
      </trkpt>
      <trkpt lat="53.93569" lon="-120.045642">
      </trkpt>
      <trkpt lat="53.935607" lon="-120.045612">
      </trkpt>
      <trkpt lat="53.935469" lon="-120.045467">
      </trkpt>
      <trkpt lat="53.935431" lon="-120.045414">
      </trkpt>
      <trkpt lat="53.935369" lon="-120.045381">
      </trkpt>
      <trkpt lat="53.935255" lon="-120.045273">
      </trkpt>
      <trkpt lat="53.935191" lon="-120.045233">
      </trkpt>
      <trkpt lat="53.935171" lon="-120.045206">
      </trkpt>
      <trkpt lat="53.935133" lon="-120.045186">
      </trkpt>
      <trkpt lat="53.935079" lon="-120.045183">
      </trkpt>
      <trkpt lat="53.935006" lon="-120.045116">
      </trkpt>
      <trkpt lat="53.934889" lon="-120.045066">
      </trkpt>
      <trkpt lat="53.934829" lon="-120.045057">
      </trkpt>
      <trkpt lat="53.934768" lon="-120.045027">
      </trkpt>
      <trkpt lat="53.93473" lon="-120.045035">
      </trkpt>
      <trkpt lat="53.934671" lon="-120.044997">
      </trkpt>
      <trkpt lat="53.9346" lon="-120.044923">
      </trkpt>
      <trkpt lat="53.934555" lon="-120.044919">
      </trkpt>
      <trkpt lat="53.934438" lon="-120.044972">
      </trkpt>
      <trkpt lat="53.934373" lon="-120.045063">
      </trkpt>
      <trkpt lat="53.934215" lon="-120.045156">
      </trkpt>
      <trkpt lat="53.934159" lon="-120.045235">
      </trkpt>
      <trkpt lat="53.934042" lon="-120.045353">
      </trkpt>
      <trkpt lat="53.933928" lon="-120.045423">
      </trkpt>
      <trkpt lat="53.933857" lon="-120.045504">
      </trkpt>
      <trkpt lat="53.93371" lon="-120.045589">
      </trkpt>
      <trkpt lat="53.933615" lon="-120.045619">
      </trkpt>
      <trkpt lat="53.933484" lon="-120.045681">
      </trkpt>
      <trkpt lat="53.933206" lon="-120.045841">
      </trkpt>
      <trkpt lat="53.933114" lon="-120.045918">
      </trkpt>
      <trkpt lat="53.933079" lon="-120.045966">
      </trkpt>
      <trkpt lat="53.93298" lon="-120.045993">
      </trkpt>
      <trkpt lat="53.932947" lon="-120.045991">
      </trkpt>
      <trkpt lat="53.93283" lon="-120.04594">
      </trkpt>
      <trkpt lat="53.932552" lon="-120.04607">
      </trkpt>
      <trkpt lat="53.932496" lon="-120.046072">
      </trkpt>
      <trkpt lat="53.932415" lon="-120.046057">
      </trkpt>
      <trkpt lat="53.932243" lon="-120.04595">
      </trkpt>
      <trkpt lat="53.932149" lon="-120.045783">
      </trkpt>
      <trkpt lat="53.932026" lon="-120.045734">
      </trkpt>
      <trkpt lat="53.931998" lon="-120.045687">
      </trkpt>
      <trkpt lat="53.93194" lon="-120.045681">
      </trkpt>
      <trkpt lat="53.931894" lon="-120.045702">
      </trkpt>
      <trkpt lat="53.931872" lon="-120.045688">
      </trkpt>
      <trkpt lat="53.931851" lon="-120.045596">
      </trkpt>
      <trkpt lat="53.931867" lon="-120.045468">
      </trkpt>
      <trkpt lat="53.93189" lon="-120.045453">
      </trkpt>
      <trkpt lat="53.931893" lon="-120.045424">
      </trkpt>
      <trkpt lat="53.931786" lon="-120.045292">
      </trkpt>
      <trkpt lat="53.931779" lon="-120.045264">
      </trkpt>
      <trkpt lat="53.931772" lon="-120.045269">
      </trkpt>
      <trkpt lat="53.931745" lon="-120.045212">
      </trkpt>
      <trkpt lat="53.931714" lon="-120.045182">
      </trkpt>
      <trkpt lat="53.931671" lon="-120.045167">
      </trkpt>
      <trkpt lat="53.931589" lon="-120.04508">
      </trkpt>
      <trkpt lat="53.931538" lon="-120.044979">
      </trkpt>
      <trkpt lat="53.93154" lon="-120.044887">
      </trkpt>
      <trkpt lat="53.931564" lon="-120.044815">
      </trkpt>
      <trkpt lat="53.931526" lon="-120.044792">
      </trkpt>
      <trkpt lat="53.931431" lon="-120.044814">
      </trkpt>
      <trkpt lat="53.931398" lon="-120.044918">
      </trkpt>
      <trkpt lat="53.931343" lon="-120.044916">
      </trkpt>
      <trkpt lat="53.93131" lon="-120.044881">
      </trkpt>
      <trkpt lat="53.931279" lon="-120.044866">
      </trkpt>
      <trkpt lat="53.931217" lon="-120.044891">
      </trkpt>
      <trkpt lat="53.93119" lon="-120.044876">
      </trkpt>
      <trkpt lat="53.931167" lon="-120.044931">
      </trkpt>
      <trkpt lat="53.931135" lon="-120.044923">
      </trkpt>
      <trkpt lat="53.93107" lon="-120.044957">
      </trkpt>
      <trkpt lat="53.930996" lon="-120.045015">
      </trkpt>
      <trkpt lat="53.930943" lon="-120.045008">
      </trkpt>
      <trkpt lat="53.930876" lon="-120.044913">
      </trkpt>
      <trkpt lat="53.930854" lon="-120.044903">
      </trkpt>
      <trkpt lat="53.930838" lon="-120.044828">
      </trkpt>
      <trkpt lat="53.93076" lon="-120.044715">
      </trkpt>
      <trkpt lat="53.930687" lon="-120.044684">
      </trkpt>
      <trkpt lat="53.930599" lon="-120.044702">
      </trkpt>
      <trkpt lat="53.930566" lon="-120.044729">
      </trkpt>
      <trkpt lat="53.930466" lon="-120.044739">
      </trkpt>
      <trkpt lat="53.930398" lon="-120.044777">
      </trkpt>
      <trkpt lat="53.930222" lon="-120.044994">
      </trkpt>
      <trkpt lat="53.930157" lon="-120.044995">
      </trkpt>
      <trkpt lat="53.930072" lon="-120.044889">
      </trkpt>
      <trkpt lat="53.930042" lon="-120.044823">
      </trkpt>
      <trkpt lat="53.929991" lon="-120.044789">
      </trkpt>
      <trkpt lat="53.929938" lon="-120.044848">
      </trkpt>
      <trkpt lat="53.929908" lon="-120.044906">
      </trkpt>
      <trkpt lat="53.929782" lon="-120.045079">
      </trkpt>
      <trkpt lat="53.929717" lon="-120.045242">
      </trkpt>
      <trkpt lat="53.929653" lon="-120.04533">
      </trkpt>
      <trkpt lat="53.929598" lon="-120.045379">
      </trkpt>
      <trkpt lat="53.929527" lon="-120.045365">
      </trkpt>
      <trkpt lat="53.929488" lon="-120.045188">
      </trkpt>
      <trkpt lat="53.929476" lon="-120.045065">
      </trkpt>
      <trkpt lat="53.929396" lon="-120.044917">
      </trkpt>
      <trkpt lat="53.929339" lon="-120.044875">
      </trkpt>
      <trkpt lat="53.929216" lon="-120.044948">
      </trkpt>
      <trkpt lat="53.929193" lon="-120.044916">
      </trkpt>
      <trkpt lat="53.929137" lon="-120.044871">
      </trkpt>
      <trkpt lat="53.929025" lon="-120.044931">
      </trkpt>
      <trkpt lat="53.92892" lon="-120.044809">
      </trkpt>
      <trkpt lat="53.928902" lon="-120.04483">
      </trkpt>
      <trkpt lat="53.928832" lon="-120.044804">
      </trkpt>
      <trkpt lat="53.928713" lon="-120.044808">
      </trkpt>
      <trkpt lat="53.928663" lon="-120.044787">
      </trkpt>
      <trkpt lat="53.928606" lon="-120.044809">
      </trkpt>
      <trkpt lat="53.92857" lon="-120.044792">
      </trkpt>
      <trkpt lat="53.928532" lon="-120.044735">
      </trkpt>
      <trkpt lat="53.928469" lon="-120.044703">
      </trkpt>
      <trkpt lat="53.928396" lon="-120.044627">
      </trkpt>
      <trkpt lat="53.928331" lon="-120.044578">
      </trkpt>
      <trkpt lat="53.928245" lon="-120.044539">
      </trkpt>
      <trkpt lat="53.92818" lon="-120.044556">
      </trkpt>
      <trkpt lat="53.928055" lon="-120.044517">
      </trkpt>
      <trkpt lat="53.927991" lon="-120.044473">
      </trkpt>
      <trkpt lat="53.927973" lon="-120.044444">
      </trkpt>
      <trkpt lat="53.927925" lon="-120.044423">
      </trkpt>
      <trkpt lat="53.927858" lon="-120.044306">
      </trkpt>
      <trkpt lat="53.927843" lon="-120.044251">
      </trkpt>
      <trkpt lat="53.927799" lon="-120.044196">
      </trkpt>
      <trkpt lat="53.927727" lon="-120.044141">
      </trkpt>
      <trkpt lat="53.927667" lon="-120.04412">
      </trkpt>
      <trkpt lat="53.927623" lon="-120.044128">
      </trkpt>
      <trkpt lat="53.927474" lon="-120.044019">
      </trkpt>
      <trkpt lat="53.927393" lon="-120.043894">
      </trkpt>
      <trkpt lat="53.927312" lon="-120.043875">
      </trkpt>
      <trkpt lat="53.927269" lon="-120.043851">
      </trkpt>
      <trkpt lat="53.927158" lon="-120.043764">
      </trkpt>
      <trkpt lat="53.927089" lon="-120.043736">
      </trkpt>
      <trkpt lat="53.926977" lon="-120.043646">
      </trkpt>
      <trkpt lat="53.926937" lon="-120.043589">
      </trkpt>
      <trkpt lat="53.926917" lon="-120.043517">
      </trkpt>
      <trkpt lat="53.926915" lon="-120.043478">
      </trkpt>
      <trkpt lat="53.926879" lon="-120.043437">
      </trkpt>
      <trkpt lat="53.926874" lon="-120.043359">
      </trkpt>
      <trkpt lat="53.926854" lon="-120.043305">
      </trkpt>
      <trkpt lat="53.9268242" lon="-120.043262">
      </trkpt>
      <trkpt lat="53.926739" lon="-120.043152">
      </trkpt>
      <trkpt lat="53.926664" lon="-120.043098">
      </trkpt>
      <trkpt lat="53.926619" lon="-120.043043">
      </trkpt>
      <trkpt lat="53.926591" lon="-120.042973">
      </trkpt>
      <trkpt lat="53.926572" lon="-120.042899">
      </trkpt>
      <trkpt lat="53.926574" lon="-120.04283">
      </trkpt>
      <trkpt lat="53.926553" lon="-120.042761">
      </trkpt>
      <trkpt lat="53.926539" lon="-120.042584">
      </trkpt>
      <trkpt lat="53.926517" lon="-120.042542">
      </trkpt>
      <trkpt lat="53.926473" lon="-120.042502">
      </trkpt>
      <trkpt lat="53.926412" lon="-120.042503">
      </trkpt>
      <trkpt lat="53.926369" lon="-120.042478">
      </trkpt>
      <trkpt lat="53.926308" lon="-120.042383">
      </trkpt>
      <trkpt lat="53.926296" lon="-120.04239">
      </trkpt>
      <trkpt lat="53.926233" lon="-120.04237">
      </trkpt>
      <trkpt lat="53.926215" lon="-120.042335">
      </trkpt>
      <trkpt lat="53.926129" lon="-120.042292">
      </trkpt>
      <trkpt lat="53.926074" lon="-120.042299">
      </trkpt>
      <trkpt lat="53.926022" lon="-120.042253">
      </trkpt>
      <trkpt lat="53.925986" lon="-120.042258">
      </trkpt>
      <trkpt lat="53.925892" lon="-120.042181">
      </trkpt>
      <trkpt lat="53.925821" lon="-120.042148">
      </trkpt>
      <trkpt lat="53.92571" lon="-120.042047">
      </trkpt>
      <trkpt lat="53.925626" lon="-120.041998">
      </trkpt>
      <trkpt lat="53.925555" lon="-120.042043">
      </trkpt>
      <trkpt lat="53.925508" lon="-120.042034">
      </trkpt>
      <trkpt lat="53.925359" lon="-120.041942">
      </trkpt>
      <trkpt lat="53.92528" lon="-120.041941">
      </trkpt>
      <trkpt lat="53.925196" lon="-120.041882">
      </trkpt>
      <trkpt lat="53.92512" lon="-120.041914">
      </trkpt>
      <trkpt lat="53.925077" lon="-120.041945">
      </trkpt>
      <trkpt lat="53.924985" lon="-120.041929">
      </trkpt>
      <trkpt lat="53.924961" lon="-120.041939">
      </trkpt>
      <trkpt lat="53.924884" lon="-120.04188">
      </trkpt>
      <trkpt lat="53.924845" lon="-120.041866">
      </trkpt>
      <trkpt lat="53.924796" lon="-120.041821">
      </trkpt>
      <trkpt lat="53.924748" lon="-120.041758">
      </trkpt>
      <trkpt lat="53.924673" lon="-120.041637">
      </trkpt>
      <trkpt lat="53.924603" lon="-120.041468">
      </trkpt>
      <trkpt lat="53.924592" lon="-120.041231">
      </trkpt>
      <trkpt lat="53.924613" lon="-120.040947">
      </trkpt>
      <trkpt lat="53.92461" lon="-120.04086">
      </trkpt>
      <trkpt lat="53.924599" lon="-120.040782">
      </trkpt>
      <trkpt lat="53.924593" lon="-120.040557">
      </trkpt>
      <trkpt lat="53.924561" lon="-120.040451">
      </trkpt>
      <trkpt lat="53.924603" lon="-120.040366">
      </trkpt>
      <trkpt lat="53.924659" lon="-120.040301">
      </trkpt>
      <trkpt lat="53.9247185" lon="-120.0401524">
      </trkpt>
      <trkpt lat="53.924739" lon="-120.040042">
      </trkpt>
      <trkpt lat="53.924771" lon="-120.039844">
      </trkpt>
      <trkpt lat="53.924761" lon="-120.039756">
      </trkpt>
      <trkpt lat="53.924774" lon="-120.039592">
      </trkpt>
      <trkpt lat="53.924715" lon="-120.039472">
      </trkpt>
      <trkpt lat="53.924661" lon="-120.039283">
      </trkpt>
      <trkpt lat="53.924596" lon="-120.0391847">
      </trkpt>
      <trkpt lat="53.924526" lon="-120.039156">
      </trkpt>
      <trkpt lat="53.924469" lon="-120.039105">
      </trkpt>
      <trkpt lat="53.924426" lon="-120.039201">
      </trkpt>
      <trkpt lat="53.924367" lon="-120.039259">
      </trkpt>
      <trkpt lat="53.924275" lon="-120.039266">
      </trkpt>
      <trkpt lat="53.924105" lon="-120.039107">
      </trkpt>
      <trkpt lat="53.92406" lon="-120.039016">
      </trkpt>
      <trkpt lat="53.924018" lon="-120.038963">
      </trkpt>
      <trkpt lat="53.923891" lon="-120.038907">
      </trkpt>
      <trkpt lat="53.923852" lon="-120.038823">
      </trkpt>
      <trkpt lat="53.923787" lon="-120.03861">
      </trkpt>
      <trkpt lat="53.923783" lon="-120.038509">
      </trkpt>
      <trkpt lat="53.92376" lon="-120.038429">
      </trkpt>
      <trkpt lat="53.923619" lon="-120.038264">
      </trkpt>
      <trkpt lat="53.923565" lon="-120.038165">
      </trkpt>
      <trkpt lat="53.923476" lon="-120.038057">
      </trkpt>
      <trkpt lat="53.923419" lon="-120.037958">
      </trkpt>
      <trkpt lat="53.923386" lon="-120.037933">
      </trkpt>
      <trkpt lat="53.923361" lon="-120.037873">
      </trkpt>
      <trkpt lat="53.923303" lon="-120.037796">
      </trkpt>
      <trkpt lat="53.923286" lon="-120.03767">
      </trkpt>
      <trkpt lat="53.923259" lon="-120.037584">
      </trkpt>
      <trkpt lat="53.923231" lon="-120.03737">
      </trkpt>
      <trkpt lat="53.923205" lon="-120.037271">
      </trkpt>
      <trkpt lat="53.923197" lon="-120.037208">
      </trkpt>
      <trkpt lat="53.923096" lon="-120.037052">
      </trkpt>
      <trkpt lat="53.923033" lon="-120.036973">
      </trkpt>
      <trkpt lat="53.922959" lon="-120.037026">
      </trkpt>
      <trkpt lat="53.922899" lon="-120.037014">
      </trkpt>
      <trkpt lat="53.922862" lon="-120.036967">
      </trkpt>
      <trkpt lat="53.922859" lon="-120.03694">
      </trkpt>
      <trkpt lat="53.922793" lon="-120.036867">
      </trkpt>
      <trkpt lat="53.922628" lon="-120.036838">
      </trkpt>
      <trkpt lat="53.922547" lon="-120.036805">
      </trkpt>
      <trkpt lat="53.922464" lon="-120.036706">
      </trkpt>
      <trkpt lat="53.922381" lon="-120.03678">
      </trkpt>
      <trkpt lat="53.922358" lon="-120.036928">
      </trkpt>
      <trkpt lat="53.922311" lon="-120.036937">
      </trkpt>
      <trkpt lat="53.922273" lon="-120.036924">
      </trkpt>
      <trkpt lat="53.922224" lon="-120.036926">
      </trkpt>
      <trkpt lat="53.922211" lon="-120.036911">
      </trkpt>
      <trkpt lat="53.922201" lon="-120.036828">
      </trkpt>
      <trkpt lat="53.922153" lon="-120.036698">
      </trkpt>
      <trkpt lat="53.922106" lon="-120.036688">
      </trkpt>
      <trkpt lat="53.922079" lon="-120.036717">
      </trkpt>
      <trkpt lat="53.922026" lon="-120.036725">
      </trkpt>
      <trkpt lat="53.921965" lon="-120.03677">
      </trkpt>
      <trkpt lat="53.921702" lon="-120.036872">
      </trkpt>
      <trkpt lat="53.921627" lon="-120.03693">
      </trkpt>
      <trkpt lat="53.921623" lon="-120.03695">
      </trkpt>
      <trkpt lat="53.921604" lon="-120.03695">
      </trkpt>
      <trkpt lat="53.921476" lon="-120.036848">
      </trkpt>
      <trkpt lat="53.921281" lon="-120.036622">
      </trkpt>
      <trkpt lat="53.921175" lon="-120.036555">
      </trkpt>
      <trkpt lat="53.921108" lon="-120.036492">
      </trkpt>
      <trkpt lat="53.921041" lon="-120.036411">
      </trkpt>
      <trkpt lat="53.921007" lon="-120.036301">
      </trkpt>
      <trkpt lat="53.920824" lon="-120.036131">
      </trkpt>
      <trkpt lat="53.920751" lon="-120.036042">
      </trkpt>
      <trkpt lat="53.920552" lon="-120.03599">
      </trkpt>
      <trkpt lat="53.920475" lon="-120.035951">
      </trkpt>
      <trkpt lat="53.920311" lon="-120.035828">
      </trkpt>
      <trkpt lat="53.920228" lon="-120.03575">
      </trkpt>
      <trkpt lat="53.920119" lon="-120.035705">
      </trkpt>
      <trkpt lat="53.920068" lon="-120.035639">
      </trkpt>
      <trkpt lat="53.919989" lon="-120.035566">
      </trkpt>
      <trkpt lat="53.919916" lon="-120.035456">
      </trkpt>
      <trkpt lat="53.919893" lon="-120.035376">
      </trkpt>
      <trkpt lat="53.919821" lon="-120.035256">
      </trkpt>
      <trkpt lat="53.919748" lon="-120.035192">
      </trkpt>
      <trkpt lat="53.919646" lon="-120.035193">
      </trkpt>
      <trkpt lat="53.919608" lon="-120.035024">
      </trkpt>
      <trkpt lat="53.919546" lon="-120.034898">
      </trkpt>
      <trkpt lat="53.919469" lon="-120.034875">
      </trkpt>
      <trkpt lat="53.919259" lon="-120.034621">
      </trkpt>
      <trkpt lat="53.919179" lon="-120.034495">
      </trkpt>
      <trkpt lat="53.919113" lon="-120.034435">
      </trkpt>
      <trkpt lat="53.91904" lon="-120.034389">
      </trkpt>
      <trkpt lat="53.918952" lon="-120.034299">
      </trkpt>
      <trkpt lat="53.918889" lon="-120.034199">
      </trkpt>
      <trkpt lat="53.918771" lon="-120.034088">
      </trkpt>
      <trkpt lat="53.918556" lon="-120.033962">
      </trkpt>
      <trkpt lat="53.918422" lon="-120.033926">
      </trkpt>
      <trkpt lat="53.918398" lon="-120.033863">
      </trkpt>
      <trkpt lat="53.918356" lon="-120.033851">
      </trkpt>
      <trkpt lat="53.918314" lon="-120.033858">
      </trkpt>
      <trkpt lat="53.918231" lon="-120.033835">
      </trkpt>
      <trkpt lat="53.918083" lon="-120.033843">
      </trkpt>
      <trkpt lat="53.917931" lon="-120.033949">
      </trkpt>
      <trkpt lat="53.917827" lon="-120.034117">
      </trkpt>
      <trkpt lat="53.917738" lon="-120.034109">
      </trkpt>
      <trkpt lat="53.917633" lon="-120.034142">
      </trkpt>
      <trkpt lat="53.91753" lon="-120.034242">
      </trkpt>
      <trkpt lat="53.917444" lon="-120.034293">
      </trkpt>
      <trkpt lat="53.917367" lon="-120.03429">
      </trkpt>
      <trkpt lat="53.917329" lon="-120.034252">
      </trkpt>
      <trkpt lat="53.917323" lon="-120.034183">
      </trkpt>
      <trkpt lat="53.917284" lon="-120.034137">
      </trkpt>
      <trkpt lat="53.917232" lon="-120.034126">
      </trkpt>
      <trkpt lat="53.917138" lon="-120.03408">
      </trkpt>
      <trkpt lat="53.917028" lon="-120.034057">
      </trkpt>
      <trkpt lat="53.916936" lon="-120.034059">
      </trkpt>
      <trkpt lat="53.916764" lon="-120.034039">
      </trkpt>
      <trkpt lat="53.916619" lon="-120.034128">
      </trkpt>
      <trkpt lat="53.916518" lon="-120.034154">
      </trkpt>
      <trkpt lat="53.916434" lon="-120.034142">
      </trkpt>
      <trkpt lat="53.916391" lon="-120.034159">
      </trkpt>
      <trkpt lat="53.916264" lon="-120.034263">
      </trkpt>
      <trkpt lat="53.916208" lon="-120.034296">
      </trkpt>
      <trkpt lat="53.916137" lon="-120.034301">
      </trkpt>
      <trkpt lat="53.916044" lon="-120.034388">
      </trkpt>
      <trkpt lat="53.915992" lon="-120.034477">
      </trkpt>
      <trkpt lat="53.915954" lon="-120.03452">
      </trkpt>
      <trkpt lat="53.915899" lon="-120.03456">
      </trkpt>
      <trkpt lat="53.915823" lon="-120.034588">
      </trkpt>
      <trkpt lat="53.915784" lon="-120.034619">
      </trkpt>
      <trkpt lat="53.915726" lon="-120.034645">
      </trkpt>
      <trkpt lat="53.915576" lon="-120.034677">
      </trkpt>
      <trkpt lat="53.915485" lon="-120.034666">
      </trkpt>
      <trkpt lat="53.91528" lon="-120.034587">
      </trkpt>
      <trkpt lat="53.915147" lon="-120.034473">
      </trkpt>
      <trkpt lat="53.915075" lon="-120.034461">
      </trkpt>
      <trkpt lat="53.914946" lon="-120.034364">
      </trkpt>
      <trkpt lat="53.914921" lon="-120.034334">
      </trkpt>
      <trkpt lat="53.9148" lon="-120.03409">
      </trkpt>
      <trkpt lat="53.914715" lon="-120.034021">
      </trkpt>
      <trkpt lat="53.914625" lon="-120.033925">
      </trkpt>
      <trkpt lat="53.914499" lon="-120.033897">
      </trkpt>
      <trkpt lat="53.914408" lon="-120.03384">
      </trkpt>
      <trkpt lat="53.914319" lon="-120.03382">
      </trkpt>
      <trkpt lat="53.914039" lon="-120.033789">
      </trkpt>
      <trkpt lat="53.913985" lon="-120.033817">
      </trkpt>
      <trkpt lat="53.913917" lon="-120.033832">
      </trkpt>
      <trkpt lat="53.913856" lon="-120.033903">
      </trkpt>
      <trkpt lat="53.913727" lon="-120.033984">
      </trkpt>
      <trkpt lat="53.913659" lon="-120.034011">
      </trkpt>
      <trkpt lat="53.913517" lon="-120.034012">
      </trkpt>
      <trkpt lat="53.913455" lon="-120.03405">
      </trkpt>
      <trkpt lat="53.913396" lon="-120.034107">
      </trkpt>
      <trkpt lat="53.913332" lon="-120.034123">
      </trkpt>
      <trkpt lat="53.913253" lon="-120.034116">
      </trkpt>
      <trkpt lat="53.912877" lon="-120.034184">
      </trkpt>
      <trkpt lat="53.912805" lon="-120.034223">
      </trkpt>
      <trkpt lat="53.912698" lon="-120.034252">
      </trkpt>
      <trkpt lat="53.912608" lon="-120.034228">
      </trkpt>
      <trkpt lat="53.912498" lon="-120.034231">
      </trkpt>
      <trkpt lat="53.912426" lon="-120.034215">
      </trkpt>
      <trkpt lat="53.912357" lon="-120.03418">
      </trkpt>
      <trkpt lat="53.912322" lon="-120.034128">
      </trkpt>
      <trkpt lat="53.912271" lon="-120.034132">
      </trkpt>
      <trkpt lat="53.912238" lon="-120.034201">
      </trkpt>
      <trkpt lat="53.912202" lon="-120.034241">
      </trkpt>
      <trkpt lat="53.912178" lon="-120.034197">
      </trkpt>
      <trkpt lat="53.91216" lon="-120.034118">
      </trkpt>
      <trkpt lat="53.912089" lon="-120.034096">
      </trkpt>
      <trkpt lat="53.91205" lon="-120.034163">
      </trkpt>
      <trkpt lat="53.9119498" lon="-120.0341426">
      </trkpt>
      <trkpt lat="53.911885" lon="-120.034164">
      </trkpt>
      <trkpt lat="53.911836" lon="-120.034145">
      </trkpt>
      <trkpt lat="53.911784" lon="-120.034076">
      </trkpt>
      <trkpt lat="53.911751" lon="-120.034064">
      </trkpt>
      <trkpt lat="53.911654" lon="-120.034099">
      </trkpt>
      <trkpt lat="53.911568" lon="-120.03406">
      </trkpt>
      <trkpt lat="53.911508" lon="-120.034057">
      </trkpt>
      <trkpt lat="53.911321" lon="-120.034108">
      </trkpt>
      <trkpt lat="53.911215" lon="-120.034152">
      </trkpt>
      <trkpt lat="53.9112" lon="-120.034201">
      </trkpt>
      <trkpt lat="53.911144" lon="-120.034294">
      </trkpt>
      <trkpt lat="53.911119" lon="-120.034367">
      </trkpt>
      <trkpt lat="53.911" lon="-120.034571">
      </trkpt>
      <trkpt lat="53.910968" lon="-120.034662">
      </trkpt>
      <trkpt lat="53.91089" lon="-120.034665">
      </trkpt>
      <trkpt lat="53.910667" lon="-120.034577">
      </trkpt>
      <trkpt lat="53.910496" lon="-120.034617">
      </trkpt>
      <trkpt lat="53.910351" lon="-120.034537">
      </trkpt>
      <trkpt lat="53.910297" lon="-120.034525">
      </trkpt>
      <trkpt lat="53.910223" lon="-120.034593">
      </trkpt>
      <trkpt lat="53.910186" lon="-120.034647">
      </trkpt>
      <trkpt lat="53.9101263" lon="-120.0347688">
      </trkpt>
      <trkpt lat="53.910049" lon="-120.034833">
      </trkpt>
      <trkpt lat="53.909981" lon="-120.03486">
      </trkpt>
      <trkpt lat="53.90981" lon="-120.034892">
      </trkpt>
      <trkpt lat="53.909765" lon="-120.035014">
      </trkpt>
      <trkpt lat="53.909744" lon="-120.035036">
      </trkpt>
      <trkpt lat="53.909653" lon="-120.035029">
      </trkpt>
      <trkpt lat="53.909592" lon="-120.035129">
      </trkpt>
      <trkpt lat="53.90954" lon="-120.035242">
      </trkpt>
      <trkpt lat="53.9095" lon="-120.035295">
      </trkpt>
      <trkpt lat="53.909501" lon="-120.035308">
      </trkpt>
      <trkpt lat="53.909424" lon="-120.03543">
      </trkpt>
      <trkpt lat="53.909372" lon="-120.035477">
      </trkpt>
      <trkpt lat="53.909257" lon="-120.035678">
      </trkpt>
      <trkpt lat="53.90914" lon="-120.035773">
      </trkpt>
      <trkpt lat="53.909048" lon="-120.035887">
      </trkpt>
      <trkpt lat="53.909029" lon="-120.035958">
      </trkpt>
      <trkpt lat="53.908973" lon="-120.036073">
      </trkpt>
      <trkpt lat="53.908968" lon="-120.036142">
      </trkpt>
      <trkpt lat="53.908944" lon="-120.036145">
      </trkpt>
      <trkpt lat="53.908731" lon="-120.036482">
      </trkpt>
      <trkpt lat="53.908638" lon="-120.036543">
      </trkpt>
      <trkpt lat="53.908533" lon="-120.036573">
      </trkpt>
      <trkpt lat="53.908475" lon="-120.036604">
      </trkpt>
      <trkpt lat="53.908351" lon="-120.036714">
      </trkpt>
      <trkpt lat="53.908339" lon="-120.036755">
      </trkpt>
      <trkpt lat="53.908245" lon="-120.0368">
      </trkpt>
      <trkpt lat="53.908152" lon="-120.036861">
      </trkpt>
      <trkpt lat="53.908109" lon="-120.0369">
      </trkpt>
      <trkpt lat="53.90805" lon="-120.036933">
      </trkpt>
      <trkpt lat="53.907987" lon="-120.036995">
      </trkpt>
      <trkpt lat="53.907909" lon="-120.037116">
      </trkpt>
      <trkpt lat="53.907781" lon="-120.037387">
      </trkpt>
      <trkpt lat="53.907586" lon="-120.037651">
      </trkpt>
      <trkpt lat="53.90756" lon="-120.037718">
      </trkpt>
      <trkpt lat="53.907528" lon="-120.037756">
      </trkpt>
      <trkpt lat="53.907409" lon="-120.038015">
      </trkpt>
      <trkpt lat="53.907349" lon="-120.038102">
      </trkpt>
      <trkpt lat="53.907127" lon="-120.038605">
      </trkpt>
      <trkpt lat="53.907035" lon="-120.038715">
      </trkpt>
      <trkpt lat="53.9069499" lon="-120.0387546">
      </trkpt>
      <trkpt lat="53.906823" lon="-120.038802">
      </trkpt>
      <trkpt lat="53.906779" lon="-120.038801">
      </trkpt>
      <trkpt lat="53.906699" lon="-120.038768">
      </trkpt>
      <trkpt lat="53.906563" lon="-120.038738">
      </trkpt>
      <trkpt lat="53.906509" lon="-120.038703">
      </trkpt>
      <trkpt lat="53.906388" lon="-120.03869">
      </trkpt>
      <trkpt lat="53.906137" lon="-120.038722">
      </trkpt>
      <trkpt lat="53.905983" lon="-120.038728">
      </trkpt>
      <trkpt lat="53.905696" lon="-120.038666">
      </trkpt>
      <trkpt lat="53.90548" lon="-120.038742">
      </trkpt>
      <trkpt lat="53.905319" lon="-120.038782">
      </trkpt>
      <trkpt lat="53.905164" lon="-120.038904">
      </trkpt>
      <trkpt lat="53.905098" lon="-120.03899">
      </trkpt>
      <trkpt lat="53.905039" lon="-120.039025">
      </trkpt>
      <trkpt lat="53.904973" lon="-120.038997">
      </trkpt>
      <trkpt lat="53.904928" lon="-120.038991">
      </trkpt>
      <trkpt lat="53.904856" lon="-120.039015">
      </trkpt>
      <trkpt lat="53.904644" lon="-120.038961">
      </trkpt>
      <trkpt lat="53.904493" lon="-120.038963">
      </trkpt>
      <trkpt lat="53.9044" lon="-120.038948">
      </trkpt>
      <trkpt lat="53.904226" lon="-120.038874">
      </trkpt>
      <trkpt lat="53.904158" lon="-120.038813">
      </trkpt>
      <trkpt lat="53.903942" lon="-120.038689">
      </trkpt>
      <trkpt lat="53.903845" lon="-120.038646">
      </trkpt>
      <trkpt lat="53.903782" lon="-120.038592">
      </trkpt>
      <trkpt lat="53.903696" lon="-120.038549">
      </trkpt>
      <trkpt lat="53.903601" lon="-120.038479">
      </trkpt>
      <trkpt lat="53.903458" lon="-120.038409">
      </trkpt>
      <trkpt lat="53.903062" lon="-120.038344">
      </trkpt>
      <trkpt lat="53.903006" lon="-120.038315">
      </trkpt>
      <trkpt lat="53.902947" lon="-120.038266">
      </trkpt>
      <trkpt lat="53.902877" lon="-120.038248">
      </trkpt>
      <trkpt lat="53.902848" lon="-120.038202">
      </trkpt>
      <trkpt lat="53.902769" lon="-120.038134">
      </trkpt>
      <trkpt lat="53.902711" lon="-120.038036">
      </trkpt>
      <trkpt lat="53.902667" lon="-120.037994">
      </trkpt>
      <trkpt lat="53.902605" lon="-120.037984">
      </trkpt>
      <trkpt lat="53.902569" lon="-120.037924">
      </trkpt>
      <trkpt lat="53.902476" lon="-120.037873">
      </trkpt>
      <trkpt lat="53.902431" lon="-120.037891">
      </trkpt>
      <trkpt lat="53.902284" lon="-120.037803">
      </trkpt>
      <trkpt lat="53.902239" lon="-120.037758">
      </trkpt>
      <trkpt lat="53.902211" lon="-120.037746">
      </trkpt>
      <trkpt lat="53.902167" lon="-120.037696">
      </trkpt>
      <trkpt lat="53.902118" lon="-120.037594">
      </trkpt>
      <trkpt lat="53.901983" lon="-120.037519">
      </trkpt>
      <trkpt lat="53.901886" lon="-120.037361">
      </trkpt>
      <trkpt lat="53.901812" lon="-120.037261">
      </trkpt>
      <trkpt lat="53.901748" lon="-120.037237">
      </trkpt>
      <trkpt lat="53.901681" lon="-120.037149">
      </trkpt>
      <trkpt lat="53.901664" lon="-120.037088">
      </trkpt>
      <trkpt lat="53.901587" lon="-120.037015">
      </trkpt>
      <trkpt lat="53.9015362" lon="-120.0369914">
      </trkpt>
      <trkpt lat="53.90145" lon="-120.036957">
      </trkpt>
      <trkpt lat="53.901308" lon="-120.036961">
      </trkpt>
      <trkpt lat="53.901245" lon="-120.036926">
      </trkpt>
      <trkpt lat="53.901193" lon="-120.03693">
      </trkpt>
      <trkpt lat="53.901143" lon="-120.036961">
      </trkpt>
      <trkpt lat="53.900982" lon="-120.036988">
      </trkpt>
      <trkpt lat="53.900822" lon="-120.03698">
      </trkpt>
      <trkpt lat="53.900509" lon="-120.036915">
      </trkpt>
      <trkpt lat="53.900452" lon="-120.03693">
      </trkpt>
      <trkpt lat="53.900396" lon="-120.036999">
      </trkpt>
      <trkpt lat="53.900308" lon="-120.037011">
      </trkpt>
      <trkpt lat="53.900213" lon="-120.036993">
      </trkpt>
      <trkpt lat="53.900143" lon="-120.036972">
      </trkpt>
      <trkpt lat="53.900032" lon="-120.036835">
      </trkpt>
      <trkpt lat="53.899868" lon="-120.036681">
      </trkpt>
      <trkpt lat="53.899746" lon="-120.036627">
      </trkpt>
      <trkpt lat="53.899667" lon="-120.036607">
      </trkpt>
      <trkpt lat="53.899549" lon="-120.036479">
      </trkpt>
      <trkpt lat="53.899477" lon="-120.036476">
      </trkpt>
      <trkpt lat="53.899378" lon="-120.036505">
      </trkpt>
      <trkpt lat="53.899162" lon="-120.036624">
      </trkpt>
      <trkpt lat="53.899055" lon="-120.036642">
      </trkpt>
      <trkpt lat="53.898963" lon="-120.036537">
      </trkpt>
      <trkpt lat="53.898943" lon="-120.036405">
      </trkpt>
      <trkpt lat="53.898888" lon="-120.03635">
      </trkpt>
      <trkpt lat="53.898675" lon="-120.036284">
      </trkpt>
      <trkpt lat="53.898598" lon="-120.036238">
      </trkpt>
      <trkpt lat="53.898526" lon="-120.036155">
      </trkpt>
      <trkpt lat="53.89849" lon="-120.03605">
      </trkpt>
      <trkpt lat="53.898441" lon="-120.036025">
      </trkpt>
      <trkpt lat="53.898287" lon="-120.035842">
      </trkpt>
      <trkpt lat="53.898206" lon="-120.035676">
      </trkpt>
      <trkpt lat="53.898086" lon="-120.035558">
      </trkpt>
      <trkpt lat="53.898039" lon="-120.035544">
      </trkpt>
      <trkpt lat="53.897988" lon="-120.035512">
      </trkpt>
      <trkpt lat="53.897876" lon="-120.035362">
      </trkpt>
      <trkpt lat="53.897763" lon="-120.035177">
      </trkpt>
      <trkpt lat="53.897683" lon="-120.034946">
      </trkpt>
      <trkpt lat="53.897624" lon="-120.034857">
      </trkpt>
      <trkpt lat="53.897599" lon="-120.034718">
      </trkpt>
      <trkpt lat="53.897561" lon="-120.034588">
      </trkpt>
      <trkpt lat="53.8975" lon="-120.034442">
      </trkpt>
      <trkpt lat="53.897508" lon="-120.034344">
      </trkpt>
      <trkpt lat="53.897492" lon="-120.034313">
      </trkpt>
      <trkpt lat="53.89745" lon="-120.034316">
      </trkpt>
      <trkpt lat="53.897404" lon="-120.034267">
      </trkpt>
      <trkpt lat="53.8973815" lon="-120.0342181">
      </trkpt>
      <trkpt lat="53.897174" lon="-120.033768">
      </trkpt>
      <trkpt lat="53.897121" lon="-120.033673">
      </trkpt>
      <trkpt lat="53.897061" lon="-120.033604">
      </trkpt>
      <trkpt lat="53.896999" lon="-120.033468">
      </trkpt>
      <trkpt lat="53.89693" lon="-120.03337">
      </trkpt>
      <trkpt lat="53.896858" lon="-120.033306">
      </trkpt>
      <trkpt lat="53.896768" lon="-120.033141">
      </trkpt>
      <trkpt lat="53.896552" lon="-120.032841">
      </trkpt>
      <trkpt lat="53.896433" lon="-120.03262">
      </trkpt>
      <trkpt lat="53.896381" lon="-120.032491">
      </trkpt>
      <trkpt lat="53.896323" lon="-120.032375">
      </trkpt>
      <trkpt lat="53.89613" lon="-120.032208">
      </trkpt>
      <trkpt lat="53.896069" lon="-120.032124">
      </trkpt>
      <trkpt lat="53.895958" lon="-120.032038">
      </trkpt>
      <trkpt lat="53.8959" lon="-120.032049">
      </trkpt>
      <trkpt lat="53.895805" lon="-120.03185">
      </trkpt>
      <trkpt lat="53.89572" lon="-120.031782">
      </trkpt>
      <trkpt lat="53.895459" lon="-120.031656">
      </trkpt>
      <trkpt lat="53.895392" lon="-120.031677">
      </trkpt>
      <trkpt lat="53.895345" lon="-120.031653">
      </trkpt>
      <trkpt lat="53.895296" lon="-120.031591">
      </trkpt>
      <trkpt lat="53.89525" lon="-120.031551">
      </trkpt>
      <trkpt lat="53.895157" lon="-120.031566">
      </trkpt>
      <trkpt lat="53.8950846" lon="-120.0315338">
      </trkpt>
      <trkpt lat="53.895011" lon="-120.031501">
      </trkpt>
      <trkpt lat="53.894912" lon="-120.031384">
      </trkpt>
      <trkpt lat="53.894859" lon="-120.03139">
      </trkpt>
      <trkpt lat="53.894744" lon="-120.031218">
      </trkpt>
      <trkpt lat="53.894616" lon="-120.030931">
      </trkpt>
      <trkpt lat="53.894578" lon="-120.030871">
      </trkpt>
      <trkpt lat="53.894474" lon="-120.030734">
      </trkpt>
      <trkpt lat="53.894398" lon="-120.030662">
      </trkpt>
      <trkpt lat="53.894217" lon="-120.030387">
      </trkpt>
      <trkpt lat="53.894138" lon="-120.030308">
      </trkpt>
      <trkpt lat="53.894041" lon="-120.030184">
      </trkpt>
      <trkpt lat="53.8939941" lon="-120.0301488">
      </trkpt>
      <trkpt lat="53.893956" lon="-120.030124">
      </trkpt>
      <trkpt lat="53.893872" lon="-120.030153">
      </trkpt>
      <trkpt lat="53.893774" lon="-120.030108">
      </trkpt>
      <trkpt lat="53.893692" lon="-120.030112">
      </trkpt>
      <trkpt lat="53.893503" lon="-120.030236">
      </trkpt>
      <trkpt lat="53.893415" lon="-120.030175">
      </trkpt>
      <trkpt lat="53.893228" lon="-120.029984">
      </trkpt>
      <trkpt lat="53.893107" lon="-120.029877">
      </trkpt>
      <trkpt lat="53.893075" lon="-120.029825">
      </trkpt>
      <trkpt lat="53.89301" lon="-120.02976">
      </trkpt>
      <trkpt lat="53.892984" lon="-120.029749">
      </trkpt>
      <trkpt lat="53.892953" lon="-120.029768">
      </trkpt>
      <trkpt lat="53.892905" lon="-120.029749">
      </trkpt>
      <trkpt lat="53.89272" lon="-120.029723">
      </trkpt>
      <trkpt lat="53.892583" lon="-120.029578">
      </trkpt>
      <trkpt lat="53.892498" lon="-120.02951">
      </trkpt>
      <trkpt lat="53.892449" lon="-120.029522">
      </trkpt>
      <trkpt lat="53.892415" lon="-120.029511">
      </trkpt>
      <trkpt lat="53.892316" lon="-120.029446">
      </trkpt>
      <trkpt lat="53.892239" lon="-120.02943">
      </trkpt>
      <trkpt lat="53.892172" lon="-120.029391">
      </trkpt>
      <trkpt lat="53.891951" lon="-120.0292">
      </trkpt>
      <trkpt lat="53.891823" lon="-120.029044">
      </trkpt>
      <trkpt lat="53.891723" lon="-120.02895">
      </trkpt>
      <trkpt lat="53.891573" lon="-120.028872">
      </trkpt>
      <trkpt lat="53.891424" lon="-120.028912">
      </trkpt>
      <trkpt lat="53.891376" lon="-120.028899">
      </trkpt>
      <trkpt lat="53.89135" lon="-120.02887">
      </trkpt>
      <trkpt lat="53.891307" lon="-120.028856">
      </trkpt>
      <trkpt lat="53.891056" lon="-120.028825">
      </trkpt>
      <trkpt lat="53.890969" lon="-120.028858">
      </trkpt>
      <trkpt lat="53.890843" lon="-120.028964">
      </trkpt>
      <trkpt lat="53.890763" lon="-120.02896">
      </trkpt>
      <trkpt lat="53.8906834" lon="-120.0290145">
      </trkpt>
      <trkpt lat="53.890636" lon="-120.02903">
      </trkpt>
      <trkpt lat="53.890602" lon="-120.028983">
      </trkpt>
      <trkpt lat="53.890332" lon="-120.028729">
      </trkpt>
      <trkpt lat="53.890268" lon="-120.028642">
      </trkpt>
      <trkpt lat="53.890168" lon="-120.028549">
      </trkpt>
      <trkpt lat="53.890066" lon="-120.028477">
      </trkpt>
      <trkpt lat="53.889968" lon="-120.02839">
      </trkpt>
      <trkpt lat="53.889852" lon="-120.028204">
      </trkpt>
      <trkpt lat="53.88982" lon="-120.027991">
      </trkpt>
      <trkpt lat="53.889806" lon="-120.027944">
      </trkpt>
      <trkpt lat="53.889758" lon="-120.02788">
      </trkpt>
      <trkpt lat="53.889736" lon="-120.027868">
      </trkpt>
      <trkpt lat="53.889733" lon="-120.027879">
      </trkpt>
      <trkpt lat="53.88972" lon="-120.027874">
      </trkpt>
      <trkpt lat="53.889662" lon="-120.027796">
      </trkpt>
      <trkpt lat="53.8896" lon="-120.027745">
      </trkpt>
      <trkpt lat="53.889516" lon="-120.027752">
      </trkpt>
      <trkpt lat="53.889212" lon="-120.027555">
      </trkpt>
      <trkpt lat="53.889175" lon="-120.027539">
      </trkpt>
      <trkpt lat="53.889094" lon="-120.027542">
      </trkpt>
      <trkpt lat="53.889" lon="-120.027522">
      </trkpt>
      <trkpt lat="53.888924" lon="-120.027473">
      </trkpt>
      <trkpt lat="53.888891" lon="-120.027437">
      </trkpt>
      <trkpt lat="53.88882" lon="-120.027435">
      </trkpt>
      <trkpt lat="53.888707" lon="-120.027493">
      </trkpt>
      <trkpt lat="53.888612" lon="-120.027455">
      </trkpt>
      <trkpt lat="53.888597" lon="-120.027426">
      </trkpt>
      <trkpt lat="53.888483" lon="-120.027503">
      </trkpt>
      <trkpt lat="53.88841" lon="-120.027569">
      </trkpt>
      <trkpt lat="53.888234" lon="-120.027765">
      </trkpt>
      <trkpt lat="53.888133" lon="-120.027833">
      </trkpt>
      <trkpt lat="53.887882" lon="-120.027828">
      </trkpt>
      <trkpt lat="53.887633" lon="-120.027855">
      </trkpt>
      <trkpt lat="53.88753" lon="-120.027903">
      </trkpt>
      <trkpt lat="53.887426" lon="-120.027922">
      </trkpt>
      <trkpt lat="53.887325" lon="-120.027918">
      </trkpt>
      <trkpt lat="53.887261" lon="-120.027933">
      </trkpt>
      <trkpt lat="53.887124" lon="-120.027817">
      </trkpt>
      <trkpt lat="53.886982" lon="-120.027662">
      </trkpt>
      <trkpt lat="53.886785" lon="-120.027418">
      </trkpt>
      <trkpt lat="53.8867" lon="-120.027376">
      </trkpt>
      <trkpt lat="53.886501" lon="-120.027431">
      </trkpt>
      <trkpt lat="53.886393" lon="-120.027479">
      </trkpt>
      <trkpt lat="53.886152" lon="-120.027498">
      </trkpt>
      <trkpt lat="53.886077" lon="-120.027547">
      </trkpt>
      <trkpt lat="53.886001" lon="-120.027625">
      </trkpt>
      <trkpt lat="53.885861" lon="-120.027727">
      </trkpt>
      <trkpt lat="53.885792" lon="-120.027749">
      </trkpt>
      <trkpt lat="53.885718" lon="-120.027737">
      </trkpt>
      <trkpt lat="53.885662" lon="-120.02767">
      </trkpt>
      <trkpt lat="53.885612" lon="-120.027581">
      </trkpt>
      <trkpt lat="53.885535" lon="-120.027528">
      </trkpt>
      <trkpt lat="53.885361" lon="-120.027462">
      </trkpt>
      <trkpt lat="53.885305" lon="-120.027456">
      </trkpt>
      <trkpt lat="53.8848908" lon="-120.0273546">
      </trkpt>
      <trkpt lat="53.8848436" lon="-120.0273407">
      </trkpt>
      <trkpt lat="53.8847382" lon="-120.0273128">
      </trkpt>
      <trkpt lat="53.8846644" lon="-120.0272808">
      </trkpt>
      <trkpt lat="53.884585" lon="-120.0272816">
      </trkpt>
      <trkpt lat="53.8844658" lon="-120.0272441">
      </trkpt>
      <trkpt lat="53.884384" lon="-120.0272466">
      </trkpt>
      <trkpt lat="53.8842773" lon="-120.0272199">
      </trkpt>
      <trkpt lat="53.884091" lon="-120.0271396">
      </trkpt>
      <trkpt lat="53.8840303" lon="-120.0270979">
      </trkpt>
      <trkpt lat="53.8839527" lon="-120.0270744">
      </trkpt>
      <trkpt lat="53.8838366" lon="-120.0269965">
      </trkpt>
      <trkpt lat="53.8837532" lon="-120.0269638">
      </trkpt>
      <trkpt lat="53.8836472" lon="-120.0269311">
      </trkpt>
      <trkpt lat="53.8835707" lon="-120.0268945">
      </trkpt>
      <trkpt lat="53.8834872" lon="-120.0268531">
      </trkpt>
      <trkpt lat="53.8834169" lon="-120.0268225">
      </trkpt>
      <trkpt lat="53.8833444" lon="-120.0268138">
      </trkpt>
      <trkpt lat="53.8832202" lon="-120.0267465">
      </trkpt>
      <trkpt lat="53.8830953" lon="-120.0267263">
      </trkpt>
      <trkpt lat="53.882843" lon="-120.0264559">
      </trkpt>
      <trkpt lat="53.8827365" lon="-120.0263851">
      </trkpt>
      <trkpt lat="53.882655" lon="-120.0263383">
      </trkpt>
      <trkpt lat="53.8826277" lon="-120.0262822">
      </trkpt>
      <trkpt lat="53.8825302" lon="-120.0260548">
      </trkpt>
      <trkpt lat="53.8824354" lon="-120.0258568">
      </trkpt>
      <trkpt lat="53.882394" lon="-120.02559">
      </trkpt>
      <trkpt lat="53.882327" lon="-120.025171">
      </trkpt>
      <trkpt lat="53.882218" lon="-120.024903">
      </trkpt>
      <trkpt lat="53.882165" lon="-120.024709">
      </trkpt>
      <trkpt lat="53.882147" lon="-120.024472">
      </trkpt>
      <trkpt lat="53.882153" lon="-120.024306">
      </trkpt>
      <trkpt lat="53.882143" lon="-120.024137">
      </trkpt>
      <trkpt lat="53.882101" lon="-120.024015">
      </trkpt>
      <trkpt lat="53.882064" lon="-120.023953">
      </trkpt>
      <trkpt lat="53.882004" lon="-120.023902">
      </trkpt>
      <trkpt lat="53.881905" lon="-120.023909">
      </trkpt>
      <trkpt lat="53.8818797" lon="-120.02387">
      </trkpt>
      <trkpt lat="53.881848" lon="-120.023805">
      </trkpt>
      <trkpt lat="53.881824" lon="-120.023742">
      </trkpt>
      <trkpt lat="53.881804" lon="-120.023719">
      </trkpt>
      <trkpt lat="53.881779" lon="-120.023635">
      </trkpt>
      <trkpt lat="53.881774" lon="-120.023446">
      </trkpt>
      <trkpt lat="53.881677" lon="-120.023294">
      </trkpt>
      <trkpt lat="53.881631" lon="-120.023165">
      </trkpt>
      <trkpt lat="53.881606" lon="-120.023121">
      </trkpt>
      <trkpt lat="53.881581" lon="-120.023022">
      </trkpt>
      <trkpt lat="53.881501" lon="-120.022907">
      </trkpt>
      <trkpt lat="53.881501" lon="-120.022859">
      </trkpt>
      <trkpt lat="53.881425" lon="-120.022682">
      </trkpt>
      <trkpt lat="53.88142" lon="-120.022515">
      </trkpt>
      <trkpt lat="53.881574" lon="-120.022381">
      </trkpt>
      <trkpt lat="53.881592" lon="-120.022298">
      </trkpt>
      <trkpt lat="53.881615" lon="-120.022255">
      </trkpt>
      <trkpt lat="53.88164" lon="-120.022026">
      </trkpt>
      <trkpt lat="53.881643" lon="-120.021973">
      </trkpt>
      <trkpt lat="53.881635" lon="-120.021916">
      </trkpt>
      <trkpt lat="53.881648" lon="-120.021838">
      </trkpt>
      <trkpt lat="53.881618" lon="-120.021658">
      </trkpt>
      <trkpt lat="53.881621" lon="-120.021538">
      </trkpt>
      <trkpt lat="53.881661" lon="-120.021339">
      </trkpt>
      <trkpt lat="53.881669" lon="-120.021015">
      </trkpt>
      <trkpt lat="53.881652" lon="-120.020826">
      </trkpt>
      <trkpt lat="53.881653" lon="-120.020536">
      </trkpt>
      <trkpt lat="53.881645" lon="-120.020372">
      </trkpt>
      <trkpt lat="53.881636" lon="-120.020337">
      </trkpt>
      <trkpt lat="53.881647" lon="-120.02018">
      </trkpt>
      <trkpt lat="53.881645" lon="-120.020022">
      </trkpt>
      <trkpt lat="53.881629" lon="-120.01996">
      </trkpt>
      <trkpt lat="53.881604" lon="-120.019716">
      </trkpt>
      <trkpt lat="53.881579" lon="-120.01956">
      </trkpt>
      <trkpt lat="53.881508" lon="-120.019249">
      </trkpt>
      <trkpt lat="53.881477" lon="-120.019075">
      </trkpt>
      <trkpt lat="53.881468" lon="-120.018926">
      </trkpt>
      <trkpt lat="53.881436" lon="-120.018778">
      </trkpt>
      <trkpt lat="53.881428" lon="-120.018638">
      </trkpt>
      <trkpt lat="53.881433" lon="-120.018578">
      </trkpt>
    </trkseg>
    <trkseg>
      <trkpt lat="53.9978036" lon="-120.1761493">
      </trkpt>
      <trkpt lat="53.9978333" lon="-120.1759801">
      </trkpt>
      <trkpt lat="53.9978117" lon="-120.1757362">
      </trkpt>
      <trkpt lat="53.9977798" lon="-120.1755804">
      </trkpt>
      <trkpt lat="53.9977948" lon="-120.1754415">
      </trkpt>
      <trkpt lat="53.9977571" lon="-120.1751693">
      </trkpt>
      <trkpt lat="53.9977331" lon="-120.1749548">
      </trkpt>
      <trkpt lat="53.9976965" lon="-120.1748806">
      </trkpt>
      <trkpt lat="53.9976488" lon="-120.1747958">
      </trkpt>
      <trkpt lat="53.9975213" lon="-120.1747014">
      </trkpt>
      <trkpt lat="53.9974709" lon="-120.1746443">
      </trkpt>
      <trkpt lat="53.997425" lon="-120.17458">
      </trkpt>
      <trkpt lat="53.99741" lon="-120.174553">
      </trkpt>
      <trkpt lat="53.9973344" lon="-120.174429">
      </trkpt>
      <trkpt lat="53.9973095" lon="-120.1742336">
      </trkpt>
      <trkpt lat="53.9973234" lon="-120.1740783">
      </trkpt>
      <trkpt lat="53.9973298" lon="-120.1739991">
      </trkpt>
      <trkpt lat="53.9973655" lon="-120.1738776">
      </trkpt>
      <trkpt lat="53.9973857" lon="-120.173816">
      </trkpt>
      <trkpt lat="53.9973929" lon="-120.1737037">
      </trkpt>
      <trkpt lat="53.9974409" lon="-120.1736139">
      </trkpt>
      <trkpt lat="53.9974374" lon="-120.1735488">
      </trkpt>
      <trkpt lat="53.9974146" lon="-120.1734381">
      </trkpt>
      <trkpt lat="53.9974029" lon="-120.1733454">
      </trkpt>
      <trkpt lat="53.9974154" lon="-120.1732733">
      </trkpt>
      <trkpt lat="53.9975253" lon="-120.1731748">
      </trkpt>
      <trkpt lat="53.9976066" lon="-120.173079">
      </trkpt>
      <trkpt lat="53.9976395" lon="-120.1729869">
      </trkpt>
      <trkpt lat="53.9977386" lon="-120.1728752">
      </trkpt>
      <trkpt lat="53.9978023" lon="-120.1728031">
      </trkpt>
      <trkpt lat="53.9979042" lon="-120.1728012">
      </trkpt>
      <trkpt lat="53.9980263" lon="-120.1727673">
      </trkpt>
      <trkpt lat="53.9980547" lon="-120.1726145">
      </trkpt>
      <trkpt lat="53.9980382" lon="-120.1724464">
      </trkpt>
      <trkpt lat="53.9979601" lon="-120.1722926">
      </trkpt>
      <trkpt lat="53.9978992" lon="-120.1721235">
      </trkpt>
      <trkpt lat="53.9978422" lon="-120.1720333">
      </trkpt>
      <trkpt lat="53.9977643" lon="-120.1719919">
      </trkpt>
      <trkpt lat="53.997717" lon="-120.1719362">
      </trkpt>
      <trkpt lat="53.997691" lon="-120.171844">
      </trkpt>
      <trkpt lat="53.997628" lon="-120.17159">
      </trkpt>
      <trkpt lat="53.997615" lon="-120.171417">
      </trkpt>
      <trkpt lat="53.9974647" lon="-120.171228">
      </trkpt>
      <trkpt lat="53.997382" lon="-120.170953">
      </trkpt>
      <trkpt lat="53.997368" lon="-120.170869">
      </trkpt>
      <trkpt lat="53.997195" lon="-120.17028">
      </trkpt>
      <trkpt lat="53.997154" lon="-120.170044">
      </trkpt>
      <trkpt lat="53.997137" lon="-120.169811">
      </trkpt>
      <trkpt lat="53.997102" lon="-120.169709">
      </trkpt>
      <trkpt lat="53.996943" lon="-120.169371">
      </trkpt>
      <trkpt lat="53.996854" lon="-120.169157">
      </trkpt>
      <trkpt lat="53.996795" lon="-120.168961">
      </trkpt>
      <trkpt lat="53.996773" lon="-120.168728">
      </trkpt>
      <trkpt lat="53.996727" lon="-120.168481">
      </trkpt>
      <trkpt lat="53.996725" lon="-120.168354">
      </trkpt>
      <trkpt lat="53.996706" lon="-120.168282">
      </trkpt>
      <trkpt lat="53.996609" lon="-120.168133">
      </trkpt>
      <trkpt lat="53.996434" lon="-120.168016">
      </trkpt>
      <trkpt lat="53.996354" lon="-120.167807">
      </trkpt>
      <trkpt lat="53.996365" lon="-120.167684">
      </trkpt>
      <trkpt lat="53.996396" lon="-120.167504">
      </trkpt>
      <trkpt lat="53.996458" lon="-120.167344">
      </trkpt>
      <trkpt lat="53.996481" lon="-120.167169">
      </trkpt>
      <trkpt lat="53.996446" lon="-120.166866">
      </trkpt>
      <trkpt lat="53.996267" lon="-120.166369">
      </trkpt>
      <trkpt lat="53.996227" lon="-120.16619">
      </trkpt>
      <trkpt lat="53.996121" lon="-120.165915">
      </trkpt>
      <trkpt lat="53.996103" lon="-120.165799">
      </trkpt>
      <trkpt lat="53.996062" lon="-120.16567">
      </trkpt>
      <trkpt lat="53.996057" lon="-120.165497">
      </trkpt>
      <trkpt lat="53.996002" lon="-120.165307">
      </trkpt>
      <trkpt lat="53.99596" lon="-120.165196">
      </trkpt>
      <trkpt lat="53.995892" lon="-120.165077">
      </trkpt>
      <trkpt lat="53.995885" lon="-120.16499">
      </trkpt>
      <trkpt lat="53.995809" lon="-120.164847">
      </trkpt>
      <trkpt lat="53.995747" lon="-120.164664">
      </trkpt>
      <trkpt lat="53.995645" lon="-120.164308">
      </trkpt>
      <trkpt lat="53.995625" lon="-120.164268">
      </trkpt>
      <trkpt lat="53.99558" lon="-120.164084">
      </trkpt>
      <trkpt lat="53.995567" lon="-120.163869">
      </trkpt>
      <trkpt lat="53.995538" lon="-120.16372">
      </trkpt>
      <trkpt lat="53.995516" lon="-120.163665">
      </trkpt>
      <trkpt lat="53.995511" lon="-120.163593">
      </trkpt>
      <trkpt lat="53.995482" lon="-120.163548">
      </trkpt>
      <trkpt lat="53.9954335" lon="-120.1634161">
      </trkpt>
      <trkpt lat="53.9953957" lon="-120.1633869">
      </trkpt>
      <trkpt lat="53.9953106" lon="-120.1634237">
      </trkpt>
      <trkpt lat="53.9951363" lon="-120.1634062">
      </trkpt>
      <trkpt lat="53.9950325" lon="-120.1635689">
      </trkpt>
      <trkpt lat="53.994808" lon="-120.163557">
      </trkpt>
      <trkpt lat="53.994722" lon="-120.163519">
      </trkpt>
      <trkpt lat="53.994563" lon="-120.163527">
      </trkpt>
      <trkpt lat="53.994545" lon="-120.163552">
      </trkpt>
      <trkpt lat="53.994434" lon="-120.163586">
      </trkpt>
      <trkpt lat="53.994307" lon="-120.163577">
      </trkpt>
      <trkpt lat="53.994164" lon="-120.163621">
      </trkpt>
      <trkpt lat="53.994019" lon="-120.163641">
      </trkpt>
      <trkpt lat="53.993886" lon="-120.163693">
      </trkpt>
      <trkpt lat="53.993791" lon="-120.163778">
      </trkpt>
      <trkpt lat="53.993675" lon="-120.163835">
      </trkpt>
      <trkpt lat="53.993631" lon="-120.16388">
      </trkpt>
      <trkpt lat="53.993512" lon="-120.16406">
      </trkpt>
      <trkpt lat="53.993431" lon="-120.164161">
      </trkpt>
      <trkpt lat="53.993333" lon="-120.164408">
      </trkpt>
      <trkpt lat="53.993294" lon="-120.164432">
      </trkpt>
      <trkpt lat="53.993237" lon="-120.164444">
      </trkpt>
      <trkpt lat="53.993069" lon="-120.164363">
      </trkpt>
      <trkpt lat="53.992955" lon="-120.164343">
      </trkpt>
      <trkpt lat="53.992895" lon="-120.164271">
      </trkpt>
      <trkpt lat="53.992684" lon="-120.164165">
      </trkpt>
      <trkpt lat="53.99255" lon="-120.164235">
      </trkpt>
      <trkpt lat="53.992499" lon="-120.164199">
      </trkpt>
      <trkpt lat="53.992479" lon="-120.164153">
      </trkpt>
      <trkpt lat="53.992343" lon="-120.164152">
      </trkpt>
      <trkpt lat="53.992309" lon="-120.164156">
      </trkpt>
      <trkpt lat="53.992282" lon="-120.164174">
      </trkpt>
      <trkpt lat="53.992222" lon="-120.164256">
      </trkpt>
      <trkpt lat="53.992183" lon="-120.164329">
      </trkpt>
      <trkpt lat="53.992095" lon="-120.164416">
      </trkpt>
      <trkpt lat="53.991892" lon="-120.164478">
      </trkpt>
      <trkpt lat="53.991788" lon="-120.164489">
      </trkpt>
      <trkpt lat="53.991752" lon="-120.16456">
      </trkpt>
      <trkpt lat="53.991573" lon="-120.164642">
      </trkpt>
      <trkpt lat="53.991465" lon="-120.164643">
      </trkpt>
      <trkpt lat="53.991404" lon="-120.164581">
      </trkpt>
      <trkpt lat="53.991328" lon="-120.164425">
      </trkpt>
      <trkpt lat="53.991219" lon="-120.164286">
      </trkpt>
      <trkpt lat="53.991172" lon="-120.164255">
      </trkpt>
      <trkpt lat="53.991137" lon="-120.164272">
      </trkpt>
      <trkpt lat="53.991068" lon="-120.16434">
      </trkpt>
      <trkpt lat="53.991009" lon="-120.164371">
      </trkpt>
      <trkpt lat="53.990925" lon="-120.16447">
      </trkpt>
      <trkpt lat="53.990845" lon="-120.164604">
      </trkpt>
      <trkpt lat="53.990806" lon="-120.164622">
      </trkpt>
      <trkpt lat="53.990693" lon="-120.164758">
      </trkpt>
      <trkpt lat="53.990603" lon="-120.164765">
      </trkpt>
      <trkpt lat="53.990515" lon="-120.164813">
      </trkpt>
      <trkpt lat="53.990463" lon="-120.16482">
      </trkpt>
      <trkpt lat="53.990422" lon="-120.164931">
      </trkpt>
      <trkpt lat="53.9902095" lon="-120.1651757">
      </trkpt>
      <trkpt lat="53.990168" lon="-120.165204">
      </trkpt>
      <trkpt lat="53.990021" lon="-120.165329">
      </trkpt>
      <trkpt lat="53.989979" lon="-120.165389">
      </trkpt>
      <trkpt lat="53.989966" lon="-120.165449">
      </trkpt>
      <trkpt lat="53.989947" lon="-120.165624">
      </trkpt>
      <trkpt lat="53.989885" lon="-120.165739">
      </trkpt>
      <trkpt lat="53.98979" lon="-120.165687">
      </trkpt>
      <trkpt lat="53.989721" lon="-120.165683">
      </trkpt>
      <trkpt lat="53.989623" lon="-120.165716">
      </trkpt>
      <trkpt lat="53.989501" lon="-120.165734">
      </trkpt>
      <trkpt lat="53.989379" lon="-120.165792">
      </trkpt>
      <trkpt lat="53.989329" lon="-120.165836">
      </trkpt>
      <trkpt lat="53.989254" lon="-120.166">
      </trkpt>
      <trkpt lat="53.989211" lon="-120.166185">
      </trkpt>
      <trkpt lat="53.989149" lon="-120.166335">
      </trkpt>
      <trkpt lat="53.989103" lon="-120.166505">
      </trkpt>
      <trkpt lat="53.989109" lon="-120.166658">
      </trkpt>
      <trkpt lat="53.989078" lon="-120.166886">
      </trkpt>
      <trkpt lat="53.988984" lon="-120.167004">
      </trkpt>
      <trkpt lat="53.988877" lon="-120.167051">
      </trkpt>
      <trkpt lat="53.988844" lon="-120.167225">
      </trkpt>
      <trkpt lat="53.98878" lon="-120.167415">
      </trkpt>
      <trkpt lat="53.988717" lon="-120.167566">
      </trkpt>
      <trkpt lat="53.988608" lon="-120.167727">
      </trkpt>
      <trkpt lat="53.98856" lon="-120.167846">
      </trkpt>
      <trkpt lat="53.988385" lon="-120.167887">
      </trkpt>
      <trkpt lat="53.988161" lon="-120.168189">
      </trkpt>
      <trkpt lat="53.98808" lon="-120.168232">
      </trkpt>
      <trkpt lat="53.988001" lon="-120.168352">
      </trkpt>
      <trkpt lat="53.98791" lon="-120.16844">
      </trkpt>
      <trkpt lat="53.9878407" lon="-120.168623">
      </trkpt>
      <trkpt lat="53.9878563" lon="-120.1687525">
      </trkpt>
      <trkpt lat="53.9877722" lon="-120.1687599">
      </trkpt>
      <trkpt lat="53.987662" lon="-120.168987">
      </trkpt>
      <trkpt lat="53.987628" lon="-120.169091">
      </trkpt>
      <trkpt lat="53.987604" lon="-120.169134">
      </trkpt>
      <trkpt lat="53.987536" lon="-120.169133">
      </trkpt>
      <trkpt lat="53.98733" lon="-120.16909">
      </trkpt>
      <trkpt lat="53.987248" lon="-120.169158">
      </trkpt>
      <trkpt lat="53.987197" lon="-120.169247">
      </trkpt>
      <trkpt lat="53.987045" lon="-120.169247">
      </trkpt>
      <trkpt lat="53.987004" lon="-120.169234">
      </trkpt>
      <trkpt lat="53.986911" lon="-120.16927">
      </trkpt>
      <trkpt lat="53.986847" lon="-120.169251">
      </trkpt>
      <trkpt lat="53.986791" lon="-120.169344">
      </trkpt>
      <trkpt lat="53.986658" lon="-120.169459">
      </trkpt>
      <trkpt lat="53.9866327" lon="-120.1698509">
      </trkpt>
      <trkpt lat="53.986414" lon="-120.169748">
      </trkpt>
      <trkpt lat="53.986371" lon="-120.169721">
      </trkpt>
      <trkpt lat="53.986291" lon="-120.169715">
      </trkpt>
      <trkpt lat="53.986204" lon="-120.169794">
      </trkpt>
      <trkpt lat="53.986136" lon="-120.169833">
      </trkpt>
      <trkpt lat="53.985996" lon="-120.169706">
      </trkpt>
      <trkpt lat="53.985929" lon="-120.169669">
      </trkpt>
      <trkpt lat="53.985846" lon="-120.169556">
      </trkpt>
      <trkpt lat="53.985811" lon="-120.169427">
      </trkpt>
      <trkpt lat="53.985736" lon="-120.169307">
      </trkpt>
      <trkpt lat="53.985673" lon="-120.169131">
      </trkpt>
      <trkpt lat="53.985582" lon="-120.169097">
      </trkpt>
      <trkpt lat="53.985479" lon="-120.169021">
      </trkpt>
      <trkpt lat="53.985297" lon="-120.168643">
      </trkpt>
      <trkpt lat="53.985326" lon="-120.168521">
      </trkpt>
      <trkpt lat="53.985267" lon="-120.168424">
      </trkpt>
      <trkpt lat="53.985196" lon="-120.168371">
      </trkpt>
      <trkpt lat="53.985118" lon="-120.168364">
      </trkpt>
      <trkpt lat="53.985057" lon="-120.168334">
      </trkpt>
      <trkpt lat="53.984986" lon="-120.168182">
      </trkpt>
      <trkpt lat="53.984928" lon="-120.168102">
      </trkpt>
      <trkpt lat="53.984879" lon="-120.16793">
      </trkpt>
      <trkpt lat="53.98483" lon="-120.167856">
      </trkpt>
      <trkpt lat="53.984699" lon="-120.167771">
      </trkpt>
      <trkpt lat="53.984623" lon="-120.167669">
      </trkpt>
      <trkpt lat="53.984571" lon="-120.16754">
      </trkpt>
      <trkpt lat="53.984524" lon="-120.167391">
      </trkpt>
      <trkpt lat="53.984479" lon="-120.167353">
      </trkpt>
      <trkpt lat="53.984366" lon="-120.167109">
      </trkpt>
      <trkpt lat="53.984326" lon="-120.167095">
      </trkpt>
      <trkpt lat="53.984243" lon="-120.1671219">
      </trkpt>
      <trkpt lat="53.984196" lon="-120.167151">
      </trkpt>
      <trkpt lat="53.984086" lon="-120.167165">
      </trkpt>
      <trkpt lat="53.984046" lon="-120.167154">
      </trkpt>
      <trkpt lat="53.983694" lon="-120.166746">
      </trkpt>
      <trkpt lat="53.983524" lon="-120.166502">
      </trkpt>
      <trkpt lat="53.983491" lon="-120.166467">
      </trkpt>
      <trkpt lat="53.983383" lon="-120.166503">
      </trkpt>
      <trkpt lat="53.983236" lon="-120.166488">
      </trkpt>
      <trkpt lat="53.983082" lon="-120.166536">
      </trkpt>
      <trkpt lat="53.982977" lon="-120.166433">
      </trkpt>
      <trkpt lat="53.982886" lon="-120.166368">
      </trkpt>
      <trkpt lat="53.98283" lon="-120.166245">
      </trkpt>
      <trkpt lat="53.982656" lon="-120.166121">
      </trkpt>
      <trkpt lat="53.982475" lon="-120.165849">
      </trkpt>
      <trkpt lat="53.982385" lon="-120.165739">
      </trkpt>
      <trkpt lat="53.982152" lon="-120.165477">
      </trkpt>
      <trkpt lat="53.982125" lon="-120.165427">
      </trkpt>
      <trkpt lat="53.982036" lon="-120.165381">
      </trkpt>
      <trkpt lat="53.981956" lon="-120.165265">
      </trkpt>
      <trkpt lat="53.981873" lon="-120.165174">
      </trkpt>
      <trkpt lat="53.981825" lon="-120.165048">
      </trkpt>
      <trkpt lat="53.981783" lon="-120.164903">
      </trkpt>
      <trkpt lat="53.981672" lon="-120.164742">
      </trkpt>
      <trkpt lat="53.981633" lon="-120.164587">
      </trkpt>
      <trkpt lat="53.981636" lon="-120.164484">
      </trkpt>
      <trkpt lat="53.98157" lon="-120.164216">
      </trkpt>
      <trkpt lat="53.9815" lon="-120.164003">
      </trkpt>
      <trkpt lat="53.981459" lon="-120.163817">
      </trkpt>
      <trkpt lat="53.981498" lon="-120.163639">
      </trkpt>
      <trkpt lat="53.981493" lon="-120.163499">
      </trkpt>
      <trkpt lat="53.981441" lon="-120.163448">
      </trkpt>
      <trkpt lat="53.981274" lon="-120.163429">
      </trkpt>
      <trkpt lat="53.981193" lon="-120.163368">
      </trkpt>
      <trkpt lat="53.981068" lon="-120.163123">
      </trkpt>
      <trkpt lat="53.981013" lon="-120.162977">
      </trkpt>
      <trkpt lat="53.980919" lon="-120.162864">
      </trkpt>
      <trkpt lat="53.980828" lon="-120.162774">
      </trkpt>
      <trkpt lat="53.9807832" lon="-120.1627402">
      </trkpt>
      <trkpt lat="53.980752" lon="-120.162716">
      </trkpt>
      <trkpt lat="53.980624" lon="-120.162526">
      </trkpt>
      <trkpt lat="53.98059" lon="-120.162435">
      </trkpt>
      <trkpt lat="53.980542" lon="-120.162374">
      </trkpt>
      <trkpt lat="53.980469" lon="-120.162183">
      </trkpt>
      <trkpt lat="53.980387" lon="-120.162024">
      </trkpt>
      <trkpt lat="53.9803" lon="-120.16189">
      </trkpt>
      <trkpt lat="53.98023" lon="-120.161802">
      </trkpt>
      <trkpt lat="53.980145" lon="-120.161665">
      </trkpt>
      <trkpt lat="53.980045" lon="-120.161546">
      </trkpt>
      <trkpt lat="53.979951" lon="-120.161501">
      </trkpt>
      <trkpt lat="53.979833" lon="-120.161467">
      </trkpt>
      <trkpt lat="53.979725" lon="-120.161453">
      </trkpt>
      <trkpt lat="53.979571" lon="-120.161453">
      </trkpt>
      <trkpt lat="53.979431" lon="-120.161482">
      </trkpt>
      <trkpt lat="53.979362" lon="-120.161573">
      </trkpt>
      <trkpt lat="53.979175" lon="-120.161524">
      </trkpt>
      <trkpt lat="53.97909" lon="-120.16153">
      </trkpt>
      <trkpt lat="53.979064" lon="-120.16144">
      </trkpt>
      <trkpt lat="53.979025" lon="-120.161395">
      </trkpt>
      <trkpt lat="53.978716" lon="-120.161459">
      </trkpt>
      <trkpt lat="53.978618" lon="-120.161419">
      </trkpt>
      <trkpt lat="53.978496" lon="-120.161463">
      </trkpt>
      <trkpt lat="53.978465" lon="-120.161498">
      </trkpt>
      <trkpt lat="53.978359" lon="-120.161517">
      </trkpt>
      <trkpt lat="53.978077" lon="-120.16127">
      </trkpt>
      <trkpt lat="53.978" lon="-120.161248">
      </trkpt>
      <trkpt lat="53.977892" lon="-120.161242">
      </trkpt>
      <trkpt lat="53.977729" lon="-120.161298">
      </trkpt>
      <trkpt lat="53.977606" lon="-120.1614">
      </trkpt>
      <trkpt lat="53.977537" lon="-120.161492">
      </trkpt>
      <trkpt lat="53.977478" lon="-120.161753">
      </trkpt>
      <trkpt lat="53.977288" lon="-120.161684">
      </trkpt>
      <trkpt lat="53.977235" lon="-120.161617">
      </trkpt>
      <trkpt lat="53.977205" lon="-120.161527">
      </trkpt>
      <trkpt lat="53.977092" lon="-120.16138">
      </trkpt>
      <trkpt lat="53.977015" lon="-120.161358">
      </trkpt>
      <trkpt lat="53.976955" lon="-120.16136">
      </trkpt>
      <trkpt lat="53.976919" lon="-120.161448">
      </trkpt>
      <trkpt lat="53.976901" lon="-120.161541">
      </trkpt>
      <trkpt lat="53.976859" lon="-120.161594">
      </trkpt>
      <trkpt lat="53.976785" lon="-120.161624">
      </trkpt>
      <trkpt lat="53.97672" lon="-120.161719">
      </trkpt>
      <trkpt lat="53.976632" lon="-120.161772">
      </trkpt>
      <trkpt lat="53.976596" lon="-120.161763">
      </trkpt>
      <trkpt lat="53.976498" lon="-120.161699">
      </trkpt>
      <trkpt lat="53.976405" lon="-120.161676">
      </trkpt>
      <trkpt lat="53.976229" lon="-120.161473">
      </trkpt>
      <trkpt lat="53.97602" lon="-120.161256">
      </trkpt>
      <trkpt lat="53.975977" lon="-120.161236">
      </trkpt>
      <trkpt lat="53.975827" lon="-120.161083">
      </trkpt>
      <trkpt lat="53.975762" lon="-120.16097">
      </trkpt>
      <trkpt lat="53.975666" lon="-120.160889">
      </trkpt>
      <trkpt lat="53.975597" lon="-120.160772">
      </trkpt>
      <trkpt lat="53.975562" lon="-120.160732">
      </trkpt>
      <trkpt lat="53.975533" lon="-120.160667">
      </trkpt>
      <trkpt lat="53.975513" lon="-120.160531">
      </trkpt>
      <trkpt lat="53.975472" lon="-120.160451">
      </trkpt>
      <trkpt lat="53.975429" lon="-120.160231">
      </trkpt>
      <trkpt lat="53.975372" lon="-120.16005">
      </trkpt>
      <trkpt lat="53.97534" lon="-120.159997">
      </trkpt>
      <trkpt lat="53.975294" lon="-120.159854">
      </trkpt>
      <trkpt lat="53.975224" lon="-120.15973">
      </trkpt>
      <trkpt lat="53.975145" lon="-120.159541">
      </trkpt>
      <trkpt lat="53.975066" lon="-120.159383">
      </trkpt>
      <trkpt lat="53.974975" lon="-120.159259">
      </trkpt>
      <trkpt lat="53.974881" lon="-120.159046">
      </trkpt>
      <trkpt lat="53.9747849" lon="-120.1589156">
      </trkpt>
      <trkpt lat="53.974731" lon="-120.158875">
      </trkpt>
      <trkpt lat="53.974706" lon="-120.158907">
      </trkpt>
      <trkpt lat="53.974667" lon="-120.158898">
      </trkpt>
      <trkpt lat="53.974618" lon="-120.158854">
      </trkpt>
      <trkpt lat="53.974526" lon="-120.158765">
      </trkpt>
      <trkpt lat="53.974338" lon="-120.158501">
      </trkpt>
      <trkpt lat="53.974232" lon="-120.158391">
      </trkpt>
      <trkpt lat="53.974038" lon="-120.158289">
      </trkpt>
      <trkpt lat="53.973928" lon="-120.158208">
      </trkpt>
      <trkpt lat="53.973772" lon="-120.158051">
      </trkpt>
      <trkpt lat="53.973687" lon="-120.157982">
      </trkpt>
      <trkpt lat="53.973564" lon="-120.15798">
      </trkpt>
      <trkpt lat="53.973504" lon="-120.157949">
      </trkpt>
      <trkpt lat="53.973404" lon="-120.157817">
      </trkpt>
      <trkpt lat="53.973322" lon="-120.15776">
      </trkpt>
      <trkpt lat="53.973188" lon="-120.157689">
      </trkpt>
      <trkpt lat="53.973148" lon="-120.157611">
      </trkpt>
      <trkpt lat="53.973072" lon="-120.157565">
      </trkpt>
      <trkpt lat="53.972877" lon="-120.157275">
      </trkpt>
      <trkpt lat="53.972831" lon="-120.157126">
      </trkpt>
      <trkpt lat="53.972768" lon="-120.157001">
      </trkpt>
      <trkpt lat="53.972722" lon="-120.156859">
      </trkpt>
      <trkpt lat="53.972624" lon="-120.156633">
      </trkpt>
      <trkpt lat="53.972578" lon="-120.156505">
      </trkpt>
      <trkpt lat="53.972496" lon="-120.156356">
      </trkpt>
      <trkpt lat="53.972451" lon="-120.156216">
      </trkpt>
      <trkpt lat="53.972365" lon="-120.155999">
      </trkpt>
      <trkpt lat="53.972308" lon="-120.155965">
      </trkpt>
      <trkpt lat="53.972139" lon="-120.155976">
      </trkpt>
      <trkpt lat="53.972043" lon="-120.155922">
      </trkpt>
      <trkpt lat="53.971938" lon="-120.155803">
      </trkpt>
      <trkpt lat="53.97191" lon="-120.155735">
      </trkpt>
      <trkpt lat="53.971843" lon="-120.155799">
      </trkpt>
      <trkpt lat="53.97156" lon="-120.155769">
      </trkpt>
      <trkpt lat="53.971483" lon="-120.155711">
      </trkpt>
      <trkpt lat="53.9714356" lon="-120.1556583">
      </trkpt>
      <trkpt lat="53.971394" lon="-120.155613">
      </trkpt>
      <trkpt lat="53.971303" lon="-120.155556">
      </trkpt>
      <trkpt lat="53.971254" lon="-120.155213">
      </trkpt>
      <trkpt lat="53.971173" lon="-120.154799">
      </trkpt>
      <trkpt lat="53.970957" lon="-120.154257">
      </trkpt>
      <trkpt lat="53.97087" lon="-120.154002">
      </trkpt>
      <trkpt lat="53.97079" lon="-120.153847">
      </trkpt>
      <trkpt lat="53.970765" lon="-120.15377">
      </trkpt>
      <trkpt lat="53.970722" lon="-120.153801">
      </trkpt>
      <trkpt lat="53.970667" lon="-120.153797">
      </trkpt>
      <trkpt lat="53.970585" lon="-120.153688">
      </trkpt>
      <trkpt lat="53.970483" lon="-120.153642">
      </trkpt>
      <trkpt lat="53.970409" lon="-120.153649">
      </trkpt>
      <trkpt lat="53.970313" lon="-120.153615">
      </trkpt>
      <trkpt lat="53.970189" lon="-120.153666">
      </trkpt>
      <trkpt lat="53.970113" lon="-120.153529">
      </trkpt>
      <trkpt lat="53.9700839" lon="-120.1535133">
      </trkpt>
      <trkpt lat="53.970032" lon="-120.153556">
      </trkpt>
      <trkpt lat="53.96999" lon="-120.15355">
      </trkpt>
      <trkpt lat="53.969879" lon="-120.153578">
      </trkpt>
      <trkpt lat="53.969869" lon="-120.153538">
      </trkpt>
      <trkpt lat="53.969866" lon="-120.153442">
      </trkpt>
      <trkpt lat="53.969811" lon="-120.153138">
      </trkpt>
      <trkpt lat="53.969806" lon="-120.153057">
      </trkpt>
      <trkpt lat="53.969737" lon="-120.152747">
      </trkpt>
      <trkpt lat="53.969691" lon="-120.152608">
      </trkpt>
      <trkpt lat="53.969658" lon="-120.152458">
      </trkpt>
      <trkpt lat="53.969649" lon="-120.152268">
      </trkpt>
      <trkpt lat="53.969702" lon="-120.152088">
      </trkpt>
      <trkpt lat="53.969744" lon="-120.152032">
      </trkpt>
      <trkpt lat="53.96976" lon="-120.151974">
      </trkpt>
      <trkpt lat="53.9697" lon="-120.151788">
      </trkpt>
      <trkpt lat="53.96969" lon="-120.151724">
      </trkpt>
      <trkpt lat="53.969692" lon="-120.151681">
      </trkpt>
      <trkpt lat="53.969641" lon="-120.151401">
      </trkpt>
      <trkpt lat="53.96964" lon="-120.151253">
      </trkpt>
      <trkpt lat="53.969653" lon="-120.151134">
      </trkpt>
      <trkpt lat="53.969634" lon="-120.151036">
      </trkpt>
      <trkpt lat="53.969583" lon="-120.150866">
      </trkpt>
      <trkpt lat="53.969579" lon="-120.150752">
      </trkpt>
      <trkpt lat="53.969555" lon="-120.150581">
      </trkpt>
      <trkpt lat="53.969513" lon="-120.150445">
      </trkpt>
      <trkpt lat="53.969456" lon="-120.150317">
      </trkpt>
      <trkpt lat="53.969446" lon="-120.150203">
      </trkpt>
      <trkpt lat="53.969411" lon="-120.150091">
      </trkpt>
      <trkpt lat="53.969387" lon="-120.149958">
      </trkpt>
      <trkpt lat="53.969365" lon="-120.149908">
      </trkpt>
      <trkpt lat="53.969322" lon="-120.149703">
      </trkpt>
      <trkpt lat="53.96926" lon="-120.149635">
      </trkpt>
      <trkpt lat="53.969233" lon="-120.149541">
      </trkpt>
      <trkpt lat="53.969211" lon="-120.14933">
      </trkpt>
      <trkpt lat="53.969143" lon="-120.1492">
      </trkpt>
      <trkpt lat="53.969128" lon="-120.149135">
      </trkpt>
      <trkpt lat="53.96909" lon="-120.149056">
      </trkpt>
      <trkpt lat="53.969056" lon="-120.148957">
      </trkpt>
      <trkpt lat="53.969033" lon="-120.148861">
      </trkpt>
      <trkpt lat="53.969015" lon="-120.148761">
      </trkpt>
      <trkpt lat="53.969021" lon="-120.148664">
      </trkpt>
      <trkpt lat="53.96896" lon="-120.148444">
      </trkpt>
      <trkpt lat="53.96896" lon="-120.148425">
      </trkpt>
      <trkpt lat="53.96899" lon="-120.148368">
      </trkpt>
      <trkpt lat="53.969033" lon="-120.148308">
      </trkpt>
      <trkpt lat="53.969033" lon="-120.148189">
      </trkpt>
      <trkpt lat="53.968978" lon="-120.148068">
      </trkpt>
      <trkpt lat="53.968904" lon="-120.14797">
      </trkpt>
      <trkpt lat="53.96878" lon="-120.148026">
      </trkpt>
      <trkpt lat="53.968643" lon="-120.147991">
      </trkpt>
      <trkpt lat="53.968627" lon="-120.147921">
      </trkpt>
      <trkpt lat="53.96859" lon="-120.14784">
      </trkpt>
      <trkpt lat="53.96856" lon="-120.147729">
      </trkpt>
      <trkpt lat="53.968552" lon="-120.147469">
      </trkpt>
      <trkpt lat="53.968523" lon="-120.147365">
      </trkpt>
      <trkpt lat="53.9684993" lon="-120.1473072">
      </trkpt>
      <trkpt lat="53.968443" lon="-120.147282">
      </trkpt>
      <trkpt lat="53.968355" lon="-120.147244">
      </trkpt>
      <trkpt lat="53.968314" lon="-120.147186">
      </trkpt>
      <trkpt lat="53.9682153" lon="-120.1471286">
      </trkpt>
      <trkpt lat="53.96815" lon="-120.14694">
      </trkpt>
      <trkpt lat="53.968027" lon="-120.14691">
      </trkpt>
      <trkpt lat="53.967992" lon="-120.146791">
      </trkpt>
      <trkpt lat="53.967943" lon="-120.146707">
      </trkpt>
      <trkpt lat="53.967931" lon="-120.146648">
      </trkpt>
      <trkpt lat="53.967851" lon="-120.146558">
      </trkpt>
      <trkpt lat="53.967796" lon="-120.146549">
      </trkpt>
      <trkpt lat="53.967663" lon="-120.146316">
      </trkpt>
      <trkpt lat="53.96763" lon="-120.146091">
      </trkpt>
      <trkpt lat="53.967558" lon="-120.145986">
      </trkpt>
      <trkpt lat="53.967454" lon="-120.145647">
      </trkpt>
      <trkpt lat="53.967382" lon="-120.145516">
      </trkpt>
      <trkpt lat="53.96725" lon="-120.145378">
      </trkpt>
      <trkpt lat="53.967198" lon="-120.145345">
      </trkpt>
      <trkpt lat="53.967178" lon="-120.145214">
      </trkpt>
      <trkpt lat="53.967138" lon="-120.145104">
      </trkpt>
      <trkpt lat="53.967078" lon="-120.145029">
      </trkpt>
      <trkpt lat="53.967052" lon="-120.144979">
      </trkpt>
      <trkpt lat="53.967039" lon="-120.144917">
      </trkpt>
      <trkpt lat="53.967063" lon="-120.144863">
      </trkpt>
      <trkpt lat="53.967012" lon="-120.144733">
      </trkpt>
      <trkpt lat="53.966988" lon="-120.144707">
      </trkpt>
      <trkpt lat="53.966978" lon="-120.144613">
      </trkpt>
      <trkpt lat="53.96695" lon="-120.144494">
      </trkpt>
      <trkpt lat="53.966941" lon="-120.144395">
      </trkpt>
      <trkpt lat="53.96689" lon="-120.144323">
      </trkpt>
      <trkpt lat="53.966791" lon="-120.144293">
      </trkpt>
      <trkpt lat="53.966744" lon="-120.144088">
      </trkpt>
      <trkpt lat="53.966689" lon="-120.143932">
      </trkpt>
      <trkpt lat="53.9667" lon="-120.143848">
      </trkpt>
      <trkpt lat="53.966608" lon="-120.143669">
      </trkpt>
      <trkpt lat="53.966601" lon="-120.143615">
      </trkpt>
      <trkpt lat="53.966504" lon="-120.143491">
      </trkpt>
      <trkpt lat="53.966441" lon="-120.14348">
      </trkpt>
      <trkpt lat="53.966385" lon="-120.143389">
      </trkpt>
      <trkpt lat="53.966393" lon="-120.143329">
      </trkpt>
      <trkpt lat="53.966386" lon="-120.143262">
      </trkpt>
      <trkpt lat="53.966354" lon="-120.143229">
      </trkpt>
      <trkpt lat="53.966276" lon="-120.143178">
      </trkpt>
      <trkpt lat="53.966215" lon="-120.143102">
      </trkpt>
      <trkpt lat="53.966117" lon="-120.143034">
      </trkpt>
      <trkpt lat="53.96606" lon="-120.143014">
      </trkpt>
      <trkpt lat="53.966021" lon="-120.142973">
      </trkpt>
      <trkpt lat="53.965938" lon="-120.142951">
      </trkpt>
      <trkpt lat="53.965859" lon="-120.142881">
      </trkpt>
      <trkpt lat="53.965728" lon="-120.14298">
      </trkpt>
      <trkpt lat="53.965677" lon="-120.142956">
      </trkpt>
      <trkpt lat="53.965588" lon="-120.142951">
      </trkpt>
      <trkpt lat="53.965551" lon="-120.142907">
      </trkpt>
      <trkpt lat="53.965519" lon="-120.142829">
      </trkpt>
      <trkpt lat="53.965372" lon="-120.142819">
      </trkpt>
      <trkpt lat="53.965249" lon="-120.142751">
      </trkpt>
      <trkpt lat="53.965199" lon="-120.142616">
      </trkpt>
      <trkpt lat="53.965152" lon="-120.142548">
      </trkpt>
      <trkpt lat="53.965125" lon="-120.142391">
      </trkpt>
      <trkpt lat="53.965099" lon="-120.142352">
      </trkpt>
      <trkpt lat="53.965025" lon="-120.142336">
      </trkpt>
      <trkpt lat="53.964966" lon="-120.142455">
      </trkpt>
      <trkpt lat="53.964831" lon="-120.142557">
      </trkpt>
      <trkpt lat="53.964767" lon="-120.142575">
      </trkpt>
      <trkpt lat="53.964734" lon="-120.142559">
      </trkpt>
      <trkpt lat="53.964702" lon="-120.14262">
      </trkpt>
      <trkpt lat="53.964622" lon="-120.142615">
      </trkpt>
      <trkpt lat="53.964503" lon="-120.142653">
      </trkpt>
      <trkpt lat="53.964436" lon="-120.142644">
      </trkpt>
      <trkpt lat="53.964348" lon="-120.142604">
      </trkpt>
      <trkpt lat="53.964269" lon="-120.142618">
      </trkpt>
      <trkpt lat="53.964183" lon="-120.142604">
      </trkpt>
      <trkpt lat="53.963973" lon="-120.142428">
      </trkpt>
      <trkpt lat="53.963884" lon="-120.142307">
      </trkpt>
      <trkpt lat="53.963759" lon="-120.142214">
      </trkpt>
      <trkpt lat="53.963542" lon="-120.141881">
      </trkpt>
      <trkpt lat="53.963488" lon="-120.141696">
      </trkpt>
      <trkpt lat="53.963452" lon="-120.141629">
      </trkpt>
      <trkpt lat="53.963396" lon="-120.141548">
      </trkpt>
      <trkpt lat="53.963298" lon="-120.141478">
      </trkpt>
      <trkpt lat="53.963236" lon="-120.141399">
      </trkpt>
      <trkpt lat="53.96312" lon="-120.14133">
      </trkpt>
      <trkpt lat="53.96302" lon="-120.141254">
      </trkpt>
      <trkpt lat="53.962873" lon="-120.141244">
      </trkpt>
      <trkpt lat="53.962791" lon="-120.141182">
      </trkpt>
      <trkpt lat="53.962764" lon="-120.141195">
      </trkpt>
      <trkpt lat="53.962727" lon="-120.141192">
      </trkpt>
      <trkpt lat="53.962522" lon="-120.141146">
      </trkpt>
      <trkpt lat="53.962412" lon="-120.141293">
      </trkpt>
      <trkpt lat="53.962317" lon="-120.141234">
      </trkpt>
      <trkpt lat="53.962275" lon="-120.141154">
      </trkpt>
      <trkpt lat="53.962124" lon="-120.141032">
      </trkpt>
      <trkpt lat="53.962044" lon="-120.140943">
      </trkpt>
      <trkpt lat="53.961963" lon="-120.140887">
      </trkpt>
      <trkpt lat="53.961907" lon="-120.140801">
      </trkpt>
      <trkpt lat="53.961836" lon="-120.140725">
      </trkpt>
      <trkpt lat="53.961811" lon="-120.140676">
      </trkpt>
      <trkpt lat="53.961746" lon="-120.140595">
      </trkpt>
      <trkpt lat="53.961736" lon="-120.14041">
      </trkpt>
      <trkpt lat="53.961687" lon="-120.140333">
      </trkpt>
      <trkpt lat="53.961642" lon="-120.140197">
      </trkpt>
      <trkpt lat="53.961629" lon="-120.14013">
      </trkpt>
      <trkpt lat="53.961589" lon="-120.140062">
      </trkpt>
      <trkpt lat="53.961587" lon="-120.139944">
      </trkpt>
      <trkpt lat="53.961547" lon="-120.139829">
      </trkpt>
      <trkpt lat="53.961528" lon="-120.139738">
      </trkpt>
      <trkpt lat="53.961478" lon="-120.139656">
      </trkpt>
      <trkpt lat="53.961473" lon="-120.139598">
      </trkpt>
      <trkpt lat="53.961439" lon="-120.139473">
      </trkpt>
      <trkpt lat="53.961429" lon="-120.139409">
      </trkpt>
      <trkpt lat="53.961389" lon="-120.139347">
      </trkpt>
      <trkpt lat="53.961327" lon="-120.13938">
      </trkpt>
      <trkpt lat="53.961295" lon="-120.13942">
      </trkpt>
      <trkpt lat="53.961257" lon="-120.139554">
      </trkpt>
      <trkpt lat="53.961187" lon="-120.139651">
      </trkpt>
      <trkpt lat="53.9610226" lon="-120.1396776">
      </trkpt>
      <trkpt lat="53.960982" lon="-120.13968">
      </trkpt>
      <trkpt lat="53.960866" lon="-120.139631">
      </trkpt>
      <trkpt lat="53.960826" lon="-120.139481">
      </trkpt>
      <trkpt lat="53.960784" lon="-120.139429">
      </trkpt>
      <trkpt lat="53.960732" lon="-120.139333">
      </trkpt>
      <trkpt lat="53.960658" lon="-120.139228">
      </trkpt>
      <trkpt lat="53.960628" lon="-120.139166">
      </trkpt>
      <trkpt lat="53.96061" lon="-120.139073">
      </trkpt>
      <trkpt lat="53.960471" lon="-120.138905">
      </trkpt>
      <trkpt lat="53.960448" lon="-120.138833">
      </trkpt>
      <trkpt lat="53.960372" lon="-120.138737">
      </trkpt>
      <trkpt lat="53.960343" lon="-120.138625">
      </trkpt>
      <trkpt lat="53.960339" lon="-120.138537">
      </trkpt>
      <trkpt lat="53.960354" lon="-120.138485">
      </trkpt>
      <trkpt lat="53.960362" lon="-120.138386">
      </trkpt>
      <trkpt lat="53.960339" lon="-120.138181">
      </trkpt>
      <trkpt lat="53.960332" lon="-120.13802">
      </trkpt>
      <trkpt lat="53.960358" lon="-120.137953">
      </trkpt>
      <trkpt lat="53.960433" lon="-120.137916">
      </trkpt>
      <trkpt lat="53.960469" lon="-120.137912">
      </trkpt>
      <trkpt lat="53.960551" lon="-120.137838">
      </trkpt>
      <trkpt lat="53.960617" lon="-120.137826">
      </trkpt>
      <trkpt lat="53.960693" lon="-120.137701">
      </trkpt>
      <trkpt lat="53.96073" lon="-120.137528">
      </trkpt>
      <trkpt lat="53.960717" lon="-120.137465">
      </trkpt>
      <trkpt lat="53.960694" lon="-120.137409">
      </trkpt>
      <trkpt lat="53.960709" lon="-120.137351">
      </trkpt>
      <trkpt lat="53.960701" lon="-120.1373">
      </trkpt>
      <trkpt lat="53.960728" lon="-120.136891">
      </trkpt>
      <trkpt lat="53.960761" lon="-120.136773">
      </trkpt>
      <trkpt lat="53.960741" lon="-120.136581">
      </trkpt>
      <trkpt lat="53.96075" lon="-120.136257">
      </trkpt>
      <trkpt lat="53.960745" lon="-120.136123">
      </trkpt>
      <trkpt lat="53.960775" lon="-120.135985">
      </trkpt>
      <trkpt lat="53.960778" lon="-120.13583">
      </trkpt>
      <trkpt lat="53.960809" lon="-120.135486">
      </trkpt>
      <trkpt lat="53.960828" lon="-120.135357">
      </trkpt>
      <trkpt lat="53.960899" lon="-120.13501">
      </trkpt>
      <trkpt lat="53.960934" lon="-120.134614">
      </trkpt>
      <trkpt lat="53.960921" lon="-120.134343">
      </trkpt>
      <trkpt lat="53.960901" lon="-120.134162">
      </trkpt>
      <trkpt lat="53.960837" lon="-120.133949">
      </trkpt>
      <trkpt lat="53.960754" lon="-120.133618">
      </trkpt>
      <trkpt lat="53.960536" lon="-120.133149">
      </trkpt>
      <trkpt lat="53.960479" lon="-120.133058">
      </trkpt>
      <trkpt lat="53.960368" lon="-120.132927">
      </trkpt>
      <trkpt lat="53.960325" lon="-120.132896">
      </trkpt>
      <trkpt lat="53.960227" lon="-120.132863">
      </trkpt>
      <trkpt lat="53.960111" lon="-120.132868">
      </trkpt>
      <trkpt lat="53.95968" lon="-120.132788">
      </trkpt>
      <trkpt lat="53.959615" lon="-120.132698">
      </trkpt>
      <trkpt lat="53.959547" lon="-120.132702">
      </trkpt>
      <trkpt lat="53.959378" lon="-120.13273">
      </trkpt>
      <trkpt lat="53.959303" lon="-120.132754">
      </trkpt>
      <trkpt lat="53.959229" lon="-120.13283">
      </trkpt>
      <trkpt lat="53.959194" lon="-120.132884">
      </trkpt>
      <trkpt lat="53.959097" lon="-120.132952">
      </trkpt>
      <trkpt lat="53.95897" lon="-120.133006">
      </trkpt>
      <trkpt lat="53.958909" lon="-120.133019">
      </trkpt>
      <trkpt lat="53.958796" lon="-120.13302">
      </trkpt>
      <trkpt lat="53.958762" lon="-120.132978">
      </trkpt>
      <trkpt lat="53.958686" lon="-120.132934">
      </trkpt>
      <trkpt lat="53.958604" lon="-120.13285">
      </trkpt>
      <trkpt lat="53.958522" lon="-120.132709">
      </trkpt>
      <trkpt lat="53.958426" lon="-120.132611">
      </trkpt>
      <trkpt lat="53.958371" lon="-120.132578">
      </trkpt>
      <trkpt lat="53.958289" lon="-120.132578">
      </trkpt>
      <trkpt lat="53.958206" lon="-120.132522">
      </trkpt>
      <trkpt lat="53.958001" lon="-120.132484">
      </trkpt>
      <trkpt lat="53.957878" lon="-120.132432">
      </trkpt>
      <trkpt lat="53.957772" lon="-120.132358">
      </trkpt>
      <trkpt lat="53.957644" lon="-120.132165">
      </trkpt>
      <trkpt lat="53.957496" lon="-120.131904">
      </trkpt>
      <trkpt lat="53.957291" lon="-120.131644">
      </trkpt>
      <trkpt lat="53.957138" lon="-120.131372">
      </trkpt>
      <trkpt lat="53.957058" lon="-120.131294">
      </trkpt>
      <trkpt lat="53.956995" lon="-120.131212">
      </trkpt>
      <trkpt lat="53.956948" lon="-120.131051">
      </trkpt>
      <trkpt lat="53.956843" lon="-120.130821">
      </trkpt>
      <trkpt lat="53.956855" lon="-120.130783">
      </trkpt>
      <trkpt lat="53.956702" lon="-120.130469">
      </trkpt>
      <trkpt lat="53.956659" lon="-120.130406">
      </trkpt>
      <trkpt lat="53.9566565" lon="-120.1303582">
      </trkpt>
      <trkpt lat="53.956647" lon="-120.130322">
      </trkpt>
      <trkpt lat="53.956668" lon="-120.130262">
      </trkpt>
      <trkpt lat="53.956688" lon="-120.130136">
      </trkpt>
      <trkpt lat="53.956682" lon="-120.130091">
      </trkpt>
      <trkpt lat="53.95664" lon="-120.129974">
      </trkpt>
      <trkpt lat="53.956636" lon="-120.129873">
      </trkpt>
      <trkpt lat="53.956616" lon="-120.129748">
      </trkpt>
      <trkpt lat="53.956527" lon="-120.129273">
      </trkpt>
      <trkpt lat="53.956498" lon="-120.129084">
      </trkpt>
      <trkpt lat="53.95651" lon="-120.129028">
      </trkpt>
      <trkpt lat="53.95634" lon="-120.128782">
      </trkpt>
      <trkpt lat="53.956266" lon="-120.128654">
      </trkpt>
      <trkpt lat="53.956106" lon="-120.128452">
      </trkpt>
      <trkpt lat="53.955954" lon="-120.128137">
      </trkpt>
      <trkpt lat="53.955845" lon="-120.127956">
      </trkpt>
      <trkpt lat="53.955804" lon="-120.12775">
      </trkpt>
      <trkpt lat="53.955753" lon="-120.127319">
      </trkpt>
      <trkpt lat="53.955727" lon="-120.12722">
      </trkpt>
      <trkpt lat="53.955712" lon="-120.127199">
      </trkpt>
      <trkpt lat="53.955737" lon="-120.12686">
      </trkpt>
      <trkpt lat="53.955759" lon="-120.126752">
      </trkpt>
      <trkpt lat="53.955776" lon="-120.126609">
      </trkpt>
      <trkpt lat="53.955776" lon="-120.126482">
      </trkpt>
      <trkpt lat="53.955736" lon="-120.126303">
      </trkpt>
      <trkpt lat="53.955749" lon="-120.126202">
      </trkpt>
      <trkpt lat="53.95579" lon="-120.126082">
      </trkpt>
      <trkpt lat="53.955894" lon="-120.125929">
      </trkpt>
      <trkpt lat="53.955911" lon="-120.125807">
      </trkpt>
      <trkpt lat="53.956012" lon="-120.125498">
      </trkpt>
      <trkpt lat="53.956018" lon="-120.125384">
      </trkpt>
      <trkpt lat="53.956048" lon="-120.125276">
      </trkpt>
      <trkpt lat="53.956056" lon="-120.125191">
      </trkpt>
      <trkpt lat="53.956043" lon="-120.124952">
      </trkpt>
      <trkpt lat="53.956031" lon="-120.124888">
      </trkpt>
      <trkpt lat="53.956059" lon="-120.124747">
      </trkpt>
      <trkpt lat="53.956012" lon="-120.124409">
      </trkpt>
      <trkpt lat="53.956017" lon="-120.124226">
      </trkpt>
      <trkpt lat="53.955995" lon="-120.124055">
      </trkpt>
      <trkpt lat="53.955991" lon="-120.12389">
      </trkpt>
      <trkpt lat="53.956009" lon="-120.123755">
      </trkpt>
      <trkpt lat="53.956012" lon="-120.123356">
      </trkpt>
      <trkpt lat="53.95602" lon="-120.123212">
      </trkpt>
      <trkpt lat="53.956001" lon="-120.123151">
      </trkpt>
      <trkpt lat="53.955985" lon="-120.122972">
      </trkpt>
      <trkpt lat="53.955936" lon="-120.122834">
      </trkpt>
      <trkpt lat="53.955923" lon="-120.122683">
      </trkpt>
      <trkpt lat="53.955961" lon="-120.122373">
      </trkpt>
      <trkpt lat="53.955947" lon="-120.122337">
      </trkpt>
      <trkpt lat="53.955887" lon="-120.122257">
      </trkpt>
      <trkpt lat="53.955946" lon="-120.122093">
      </trkpt>
      <trkpt lat="53.955963" lon="-120.122006">
      </trkpt>
      <trkpt lat="53.955888" lon="-120.121886">
      </trkpt>
      <trkpt lat="53.955901" lon="-120.121739">
      </trkpt>
      <trkpt lat="53.956002" lon="-120.121544">
      </trkpt>
      <trkpt lat="53.95606" lon="-120.121445">
      </trkpt>
      <trkpt lat="53.95608" lon="-120.121425">
      </trkpt>
      <trkpt lat="53.956062" lon="-120.121296">
      </trkpt>
      <trkpt lat="53.956083" lon="-120.121146">
      </trkpt>
      <trkpt lat="53.956151" lon="-120.120995">
      </trkpt>
      <trkpt lat="53.956217" lon="-120.120887">
      </trkpt>
      <trkpt lat="53.956241" lon="-120.120683">
      </trkpt>
      <trkpt lat="53.956336" lon="-120.120387">
      </trkpt>
      <trkpt lat="53.956337" lon="-120.120341">
      </trkpt>
      <trkpt lat="53.956362" lon="-120.120175">
      </trkpt>
      <trkpt lat="53.95636" lon="-120.119945">
      </trkpt>
      <trkpt lat="53.956378" lon="-120.11992">
      </trkpt>
      <trkpt lat="53.956414" lon="-120.119824">
      </trkpt>
      <trkpt lat="53.956418" lon="-120.119784">
      </trkpt>
      <trkpt lat="53.956421" lon="-120.119721">
      </trkpt>
      <trkpt lat="53.956405" lon="-120.11965">
      </trkpt>
      <trkpt lat="53.956439" lon="-120.119541">
      </trkpt>
      <trkpt lat="53.956623" lon="-120.119411">
      </trkpt>
      <trkpt lat="53.956706" lon="-120.119396">
      </trkpt>
      <trkpt lat="53.956795" lon="-120.119274">
      </trkpt>
      <trkpt lat="53.95676" lon="-120.119106">
      </trkpt>
      <trkpt lat="53.956757" lon="-120.118928">
      </trkpt>
      <trkpt lat="53.956788" lon="-120.118797">
      </trkpt>
      <trkpt lat="53.956822" lon="-120.118681">
      </trkpt>
      <trkpt lat="53.956876" lon="-120.118546">
      </trkpt>
      <trkpt lat="53.957018" lon="-120.11835">
      </trkpt>
      <trkpt lat="53.95707" lon="-120.118239">
      </trkpt>
      <trkpt lat="53.957072" lon="-120.118052">
      </trkpt>
      <trkpt lat="53.957105" lon="-120.117906">
      </trkpt>
      <trkpt lat="53.95718" lon="-120.117721">
      </trkpt>
      <trkpt lat="53.957204" lon="-120.117563">
      </trkpt>
      <trkpt lat="53.9572357" lon="-120.1174623">
      </trkpt>
      <trkpt lat="53.957262" lon="-120.117351">
      </trkpt>
      <trkpt lat="53.957184" lon="-120.117214">
      </trkpt>
      <trkpt lat="53.957101" lon="-120.117009">
      </trkpt>
      <trkpt lat="53.957072" lon="-120.116837">
      </trkpt>
      <trkpt lat="53.957067" lon="-120.116734">
      </trkpt>
      <trkpt lat="53.95705" lon="-120.116681">
      </trkpt>
      <trkpt lat="53.957043" lon="-120.116457">
      </trkpt>
      <trkpt lat="53.956992" lon="-120.116326">
      </trkpt>
      <trkpt lat="53.957017" lon="-120.116125">
      </trkpt>
      <trkpt lat="53.956982" lon="-120.115932">
      </trkpt>
      <trkpt lat="53.956989" lon="-120.115858">
      </trkpt>
      <trkpt lat="53.957033" lon="-120.115785">
      </trkpt>
      <trkpt lat="53.957036" lon="-120.115671">
      </trkpt>
      <trkpt lat="53.956972" lon="-120.115519">
      </trkpt>
      <trkpt lat="53.956826" lon="-120.115256">
      </trkpt>
      <trkpt lat="53.956786" lon="-120.11501">
      </trkpt>
      <trkpt lat="53.956888" lon="-120.114457">
      </trkpt>
      <trkpt lat="53.956895" lon="-120.114332">
      </trkpt>
      <trkpt lat="53.95685" lon="-120.114219">
      </trkpt>
      <trkpt lat="53.956762" lon="-120.114119">
      </trkpt>
      <trkpt lat="53.956718" lon="-120.11404">
      </trkpt>
      <trkpt lat="53.956649" lon="-120.113981">
      </trkpt>
      <trkpt lat="53.956561" lon="-120.113942">
      </trkpt>
      <trkpt lat="53.956452" lon="-120.113896">
      </trkpt>
      <trkpt lat="53.956336" lon="-120.113873">
      </trkpt>
      <trkpt lat="53.956173" lon="-120.113603">
      </trkpt>
      <trkpt lat="53.95608" lon="-120.113567">
      </trkpt>
      <trkpt lat="53.956025" lon="-120.113525">
      </trkpt>
      <trkpt lat="53.955954" lon="-120.11335">
      </trkpt>
      <trkpt lat="53.955954" lon="-120.113296">
      </trkpt>
      <trkpt lat="53.955925" lon="-120.113225">
      </trkpt>
      <trkpt lat="53.955886" lon="-120.113196">
      </trkpt>
      <trkpt lat="53.955881" lon="-120.113124">
      </trkpt>
      <trkpt lat="53.955749" lon="-120.112945">
      </trkpt>
      <trkpt lat="53.955721" lon="-120.112864">
      </trkpt>
      <trkpt lat="53.955663" lon="-120.112853">
      </trkpt>
      <trkpt lat="53.955542" lon="-120.112673">
      </trkpt>
      <trkpt lat="53.95561" lon="-120.112487">
      </trkpt>
      <trkpt lat="53.955629" lon="-120.112391">
      </trkpt>
      <trkpt lat="53.955632" lon="-120.112216">
      </trkpt>
      <trkpt lat="53.955696" lon="-120.112023">
      </trkpt>
      <trkpt lat="53.95574" lon="-120.111977">
      </trkpt>
      <trkpt lat="53.9559" lon="-120.111879">
      </trkpt>
      <trkpt lat="53.955914" lon="-120.111845">
      </trkpt>
      <trkpt lat="53.955869" lon="-120.111703">
      </trkpt>
      <trkpt lat="53.955899" lon="-120.111554">
      </trkpt>
      <trkpt lat="53.955802" lon="-120.111317">
      </trkpt>
      <trkpt lat="53.955762" lon="-120.111187">
      </trkpt>
      <trkpt lat="53.955739" lon="-120.110947">
      </trkpt>
      <trkpt lat="53.955734" lon="-120.110764">
      </trkpt>
      <trkpt lat="53.955711" lon="-120.110714">
      </trkpt>
      <trkpt lat="53.955671" lon="-120.11047">
      </trkpt>
      <trkpt lat="53.955672" lon="-120.110328">
      </trkpt>
      <trkpt lat="53.955534" lon="-120.110102">
      </trkpt>
      <trkpt lat="53.955401" lon="-120.109822">
      </trkpt>
      <trkpt lat="53.955413" lon="-120.109716">
      </trkpt>
      <trkpt lat="53.955457" lon="-120.109604">
      </trkpt>
      <trkpt lat="53.955509" lon="-120.109551">
      </trkpt>
      <trkpt lat="53.955631" lon="-120.109467">
      </trkpt>
      <trkpt lat="53.955662" lon="-120.109418">
      </trkpt>
      <trkpt lat="53.955683" lon="-120.109404">
      </trkpt>
      <trkpt lat="53.955714" lon="-120.109252">
      </trkpt>
      <trkpt lat="53.955721" lon="-120.109183">
      </trkpt>
      <trkpt lat="53.955691" lon="-120.109026">
      </trkpt>
      <trkpt lat="53.955676" lon="-120.108849">
      </trkpt>
      <trkpt lat="53.955631" lon="-120.108674">
      </trkpt>
      <trkpt lat="53.955553" lon="-120.108536">
      </trkpt>
      <trkpt lat="53.955534" lon="-120.10847">
      </trkpt>
      <trkpt lat="53.955631" lon="-120.108356">
      </trkpt>
      <trkpt lat="53.955645" lon="-120.10827">
      </trkpt>
      <trkpt lat="53.955575" lon="-120.108169">
      </trkpt>
      <trkpt lat="53.955567" lon="-120.108139">
      </trkpt>
      <trkpt lat="53.955561" lon="-120.107839">
      </trkpt>
      <trkpt lat="53.955523" lon="-120.107615">
      </trkpt>
      <trkpt lat="53.955508" lon="-120.107585">
      </trkpt>
      <trkpt lat="53.955499" lon="-120.107516">
      </trkpt>
      <trkpt lat="53.955461" lon="-120.107371">
      </trkpt>
      <trkpt lat="53.955349" lon="-120.107076">
      </trkpt>
      <trkpt lat="53.955337" lon="-120.106887">
      </trkpt>
      <trkpt lat="53.955346" lon="-120.106845">
      </trkpt>
      <trkpt lat="53.955202" lon="-120.106533">
      </trkpt>
      <trkpt lat="53.955077" lon="-120.106399">
      </trkpt>
      <trkpt lat="53.954983" lon="-120.106244">
      </trkpt>
      <trkpt lat="53.954943" lon="-120.106151">
      </trkpt>
      <trkpt lat="53.954922" lon="-120.105897">
      </trkpt>
      <trkpt lat="53.954863" lon="-120.105625">
      </trkpt>
      <trkpt lat="53.954632" lon="-120.104819">
      </trkpt>
      <trkpt lat="53.954628" lon="-120.104727">
      </trkpt>
      <trkpt lat="53.954554" lon="-120.104632">
      </trkpt>
      <trkpt lat="53.954502" lon="-120.104389">
      </trkpt>
      <trkpt lat="53.954426" lon="-120.10417">
      </trkpt>
    </trkseg>
    <trkseg>
      <trkpt lat="53.9969278" lon="-120.1774386">
      </trkpt>
      <trkpt lat="53.9972431" lon="-120.1775244">
      </trkpt>
      <trkpt lat="53.9973503" lon="-120.1774815">
      </trkpt>
      <trkpt lat="53.9974449" lon="-120.1772884">
      </trkpt>
      <trkpt lat="53.9975459" lon="-120.1768914">
      </trkpt>
      <trkpt lat="53.9977062" lon="-120.1763374">
      </trkpt>
      <trkpt lat="53.9978036" lon="-120.1761493">
      </trkpt>
    </trkseg>
    <trkseg>
      <trkpt lat="53.9923078" lon="-120.1848898">
      </trkpt>
      <trkpt lat="53.9922795" lon="-120.1846698">
      </trkpt>
      <trkpt lat="53.9921281" lon="-120.1842836">
      </trkpt>
      <trkpt lat="53.9919515" lon="-120.1840261">
      </trkpt>
      <trkpt lat="53.9917749" lon="-120.1839832">
      </trkpt>
      <trkpt lat="53.9916298" lon="-120.1840476">
      </trkpt>
      <trkpt lat="53.9914532" lon="-120.1841012">
      </trkpt>
      <trkpt lat="53.9913081" lon="-120.1841227">
      </trkpt>
      <trkpt lat="53.9911189" lon="-120.1840047">
      </trkpt>
      <trkpt lat="53.9908792" lon="-120.1837043">
      </trkpt>
      <trkpt lat="53.9906521" lon="-120.1833073">
      </trkpt>
      <trkpt lat="53.9905765" lon="-120.1827923">
      </trkpt>
      <trkpt lat="53.9905197" lon="-120.18217">
      </trkpt>
      <trkpt lat="53.9905323" lon="-120.1816014">
      </trkpt>
      <trkpt lat="53.9906206" lon="-120.181419">
      </trkpt>
      <trkpt lat="53.9911631" lon="-120.1808504">
      </trkpt>
      <trkpt lat="53.9914154" lon="-120.1806036">
      </trkpt>
      <trkpt lat="53.9917686" lon="-120.1805392">
      </trkpt>
      <trkpt lat="53.9919326" lon="-120.180432">
      </trkpt>
      <trkpt lat="53.9921281" lon="-120.1802925">
      </trkpt>
      <trkpt lat="53.9923236" lon="-120.1802603">
      </trkpt>
      <trkpt lat="53.9924813" lon="-120.1803783">
      </trkpt>
      <trkpt lat="53.9925318" lon="-120.1806251">
      </trkpt>
      <trkpt lat="53.9925381" lon="-120.1808718">
      </trkpt>
      <trkpt lat="53.992639" lon="-120.1810864">
      </trkpt>
      <trkpt lat="53.9928156" lon="-120.1812152">
      </trkpt>
      <trkpt lat="53.9937932" lon="-120.1817623">
      </trkpt>
      <trkpt lat="53.9939825" lon="-120.1816872">
      </trkpt>
      <trkpt lat="53.9942537" lon="-120.1814083">
      </trkpt>
      <trkpt lat="53.9946636" lon="-120.1810864">
      </trkpt>
      <trkpt lat="53.9950736" lon="-120.1808718">
      </trkpt>
      <trkpt lat="53.9952376" lon="-120.1808718">
      </trkpt>
      <trkpt lat="53.9953196" lon="-120.1809791">
      </trkpt>
      <trkpt lat="53.9953886" lon="-120.1811465">
      </trkpt>
      <trkpt lat="53.9954394" lon="-120.1812581">
      </trkpt>
      <trkpt lat="53.9955403" lon="-120.1812474">
      </trkpt>
      <trkpt lat="53.9956538" lon="-120.1811508">
      </trkpt>
      <trkpt lat="53.995761" lon="-120.1807753">
      </trkpt>
      <trkpt lat="53.9957547" lon="-120.180389">
      </trkpt>
      <trkpt lat="53.9956412" lon="-120.1798526">
      </trkpt>
      <trkpt lat="53.9955151" lon="-120.1791445">
      </trkpt>
      <trkpt lat="53.9955529" lon="-120.1788119">
      </trkpt>
      <trkpt lat="53.9956791" lon="-120.1785866">
      </trkpt>
      <trkpt lat="53.9961395" lon="-120.1781467">
      </trkpt>
      <trkpt lat="53.9963034" lon="-120.1778141">
      </trkpt>
      <trkpt lat="53.9964926" lon="-120.1776103">
      </trkpt>
      <trkpt lat="53.9969278" lon="-120.1774386">
      </trkpt>
    </trkseg>
    <trkseg>
      <trkpt lat="53.8948978" lon="-120.2959974">
      </trkpt>
      <trkpt lat="53.8951251" lon="-120.2959256">
      </trkpt>
      <trkpt lat="53.8954802" lon="-120.2958159">
      </trkpt>
      <trkpt lat="53.895841" lon="-120.2958941">
      </trkpt>
      <trkpt lat="53.8964896" lon="-120.2960895">
      </trkpt>
      <trkpt lat="53.8969233" lon="-120.2961025">
      </trkpt>
      <trkpt lat="53.8987617" lon="-120.2965194">
      </trkpt>
      <trkpt lat="53.8995599" lon="-120.2966106">
      </trkpt>
      <trkpt lat="53.8998286" lon="-120.2967799">
      </trkpt>
      <trkpt lat="53.8999591" lon="-120.2967864">
      </trkpt>
      <trkpt lat="53.9007803" lon="-120.2965454">
      </trkpt>
      <trkpt lat="53.901663" lon="-120.295842">
      </trkpt>
      <trkpt lat="53.9021542" lon="-120.2953795">
      </trkpt>
      <trkpt lat="53.9024151" lon="-120.2950604">
      </trkpt>
      <trkpt lat="53.9024612" lon="-120.2948194">
      </trkpt>
      <trkpt lat="53.9025878" lon="-120.2943634">
      </trkpt>
      <trkpt lat="53.9036009" lon="-120.2926439">
      </trkpt>
      <trkpt lat="53.9042686" lon="-120.2920902">
      </trkpt>
      <trkpt lat="53.904706" lon="-120.2915757">
      </trkpt>
      <trkpt lat="53.9049823" lon="-120.2913803">
      </trkpt>
      <trkpt lat="53.9054083" lon="-120.29125">
      </trkpt>
      <trkpt lat="53.9059263" lon="-120.2908787">
      </trkpt>
      <trkpt lat="53.9065978" lon="-120.2904488">
      </trkpt>
      <trkpt lat="53.9070007" lon="-120.290286">
      </trkpt>
      <trkpt lat="53.9075187" lon="-120.2901883">
      </trkpt>
      <trkpt lat="53.9078141" lon="-120.2899278">
      </trkpt>
      <trkpt lat="53.9084357" lon="-120.2891852">
      </trkpt>
      <trkpt lat="53.9095522" lon="-120.2876741">
      </trkpt>
      <trkpt lat="53.9098285" lon="-120.2869251">
      </trkpt>
      <trkpt lat="53.910005" lon="-120.2863454">
      </trkpt>
      <trkpt lat="53.9111982" lon="-120.2842285">
      </trkpt>
      <trkpt lat="53.9117737" lon="-120.2833296">
      </trkpt>
      <trkpt lat="53.9119502" lon="-120.2831473">
      </trkpt>
      <trkpt lat="53.9120653" lon="-120.2830886">
      </trkpt>
      <trkpt lat="53.9123799" lon="-120.2830626">
      </trkpt>
      <trkpt lat="53.9144707" lon="-120.2831733">
      </trkpt>
      <trkpt lat="53.9165116" lon="-120.2838247">
      </trkpt>
      <trkpt lat="53.9182839" lon="-120.285186">
      </trkpt>
      <trkpt lat="53.9186368" lon="-120.2853814">
      </trkpt>
      <trkpt lat="53.9188862" lon="-120.285427">
      </trkpt>
      <trkpt lat="53.9207849" lon="-120.2862802">
      </trkpt>
      <trkpt lat="53.9211071" lon="-120.2864366">
      </trkpt>
      <trkpt lat="53.9212376" lon="-120.2865864">
      </trkpt>
      <trkpt lat="53.9214524" lon="-120.2867557">
      </trkpt>
      <trkpt lat="53.9218321" lon="-120.2868925">
      </trkpt>
      <trkpt lat="53.9225072" lon="-120.287114">
      </trkpt>
      <trkpt lat="53.9226414" lon="-120.2870944">
      </trkpt>
      <trkpt lat="53.9235543" lon="-120.286886">
      </trkpt>
      <trkpt lat="53.9249849" lon="-120.2868143">
      </trkpt>
      <trkpt lat="53.925123" lon="-120.2868274">
      </trkpt>
      <trkpt lat="53.9252227" lon="-120.2869511">
      </trkpt>
      <trkpt lat="53.9253339" lon="-120.2870749">
      </trkpt>
      <trkpt lat="53.9255104" lon="-120.287127">
      </trkpt>
      <trkpt lat="53.9257558" lon="-120.2871661">
      </trkpt>
      <trkpt lat="53.9268719" lon="-120.2877649">
      </trkpt>
      <trkpt lat="53.9276931" lon="-120.288001">
      </trkpt>
      <trkpt lat="53.9284765" lon="-120.2880868">
      </trkpt>
      <trkpt lat="53.930062" lon="-120.2880975">
      </trkpt>
      <trkpt lat="53.9311675" lon="-120.2879795">
      </trkpt>
      <trkpt lat="53.931837" lon="-120.2878186">
      </trkpt>
      <trkpt lat="53.9327529" lon="-120.2875182">
      </trkpt>
      <trkpt lat="53.9335551" lon="-120.2872177">
      </trkpt>
      <trkpt lat="53.9349762" lon="-120.2861663">
      </trkpt>
      <trkpt lat="53.9363594" lon="-120.2850827">
      </trkpt>
      <trkpt lat="53.9373573" lon="-120.2841171">
      </trkpt>
      <trkpt lat="53.9385763" lon="-120.2827653">
      </trkpt>
      <trkpt lat="53.9396941" lon="-120.2814027">
      </trkpt>
      <trkpt lat="53.9412477" lon="-120.279257">
      </trkpt>
      <trkpt lat="53.9425864" lon="-120.277594">
      </trkpt>
      <trkpt lat="53.9437042" lon="-120.2757164">
      </trkpt>
      <trkpt lat="53.9448092" lon="-120.2739569">
      </trkpt>
      <trkpt lat="53.9460343" lon="-120.2722618">
      </trkpt>
      <trkpt lat="53.94611" lon="-120.2714893">
      </trkpt>
      <trkpt lat="53.94623" lon="-120.2710816">
      </trkpt>
      <trkpt lat="53.946571" lon="-120.2701696">
      </trkpt>
      <trkpt lat="53.9470256" lon="-120.2689573">
      </trkpt>
      <trkpt lat="53.9478338" lon="-120.2674338">
      </trkpt>
      <trkpt lat="53.9483579" lon="-120.266436">
      </trkpt>
      <trkpt lat="53.9491914" lon="-120.2654919">
      </trkpt>
      <trkpt lat="53.9496838" lon="-120.2646979">
      </trkpt>
      <trkpt lat="53.9514391" lon="-120.2623269">
      </trkpt>
      <trkpt lat="53.9524618" lon="-120.2607068">
      </trkpt>
      <trkpt lat="53.9527775" lon="-120.2600416">
      </trkpt>
      <trkpt lat="53.9530742" lon="-120.2589795">
      </trkpt>
      <trkpt lat="53.953352" lon="-120.2577135">
      </trkpt>
      <trkpt lat="53.9536866" lon="-120.2564904">
      </trkpt>
      <trkpt lat="53.9545831" lon="-120.2542159">
      </trkpt>
      <trkpt lat="53.9549366" lon="-120.2531001">
      </trkpt>
      <trkpt lat="53.9551513" lon="-120.2526173">
      </trkpt>
      <trkpt lat="53.9554038" lon="-120.2521666">
      </trkpt>
      <trkpt lat="53.9556185" lon="-120.2516838">
      </trkpt>
      <trkpt lat="53.9557637" lon="-120.2512654">
      </trkpt>
      <trkpt lat="53.9560667" lon="-120.250847">
      </trkpt>
      <trkpt lat="53.9564518" lon="-120.2505037">
      </trkpt>
      <trkpt lat="53.9571399" lon="-120.249935">
      </trkpt>
      <trkpt lat="53.9579479" lon="-120.2494952">
      </trkpt>
      <trkpt lat="53.9583645" lon="-120.2489373">
      </trkpt>
      <trkpt lat="53.9598732" lon="-120.247403">
      </trkpt>
      <trkpt lat="53.9603845" lon="-120.2468559">
      </trkpt>
      <trkpt lat="53.9606748" lon="-120.2464696">
      </trkpt>
      <trkpt lat="53.9609147" lon="-120.2463516">
      </trkpt>
      <trkpt lat="53.9622781" lon="-120.2449247">
      </trkpt>
      <trkpt lat="53.9633385" lon="-120.2440664">
      </trkpt>
      <trkpt lat="53.9647586" lon="-120.2428218">
      </trkpt>
      <trkpt lat="53.9654782" lon="-120.2421459">
      </trkpt>
      <trkpt lat="53.9659452" lon="-120.2415129">
      </trkpt>
      <trkpt lat="53.9666458" lon="-120.240601">
      </trkpt>
      <trkpt lat="53.9670118" lon="-120.2399894">
      </trkpt>
      <trkpt lat="53.9674788" lon="-120.2391204">
      </trkpt>
      <trkpt lat="53.9676556" lon="-120.2388629">
      </trkpt>
      <trkpt lat="53.9682236" lon="-120.2382621">
      </trkpt>
      <trkpt lat="53.9685012" lon="-120.237908">
      </trkpt>
      <trkpt lat="53.9692775" lon="-120.2369532">
      </trkpt>
      <trkpt lat="53.9694731" lon="-120.2366313">
      </trkpt>
      <trkpt lat="53.9697066" lon="-120.2361699">
      </trkpt>
      <trkpt lat="53.9698833" lon="-120.236009">
      </trkpt>
      <trkpt lat="53.9700853" lon="-120.2359446">
      </trkpt>
      <trkpt lat="53.9710634" lon="-120.2358159">
      </trkpt>
      <trkpt lat="53.9714231" lon="-120.2359017">
      </trkpt>
      <trkpt lat="53.9716629" lon="-120.2361378">
      </trkpt>
      <trkpt lat="53.9718901" lon="-120.2364489">
      </trkpt>
      <trkpt lat="53.9726284" lon="-120.2375003">
      </trkpt>
      <trkpt lat="53.9730323" lon="-120.2380153">
      </trkpt>
      <trkpt lat="53.9733541" lon="-120.238187">
      </trkpt>
      <trkpt lat="53.9736823" lon="-120.2382084">
      </trkpt>
      <trkpt lat="53.9741303" lon="-120.2379831">
      </trkpt>
      <trkpt lat="53.9746099" lon="-120.2377042">
      </trkpt>
      <trkpt lat="53.9751084" lon="-120.2372214">
      </trkpt>
      <trkpt lat="53.975468" lon="-120.2364918">
      </trkpt>
      <trkpt lat="53.9757709" lon="-120.235773">
      </trkpt>
      <trkpt lat="53.9760044" lon="-120.2348181">
      </trkpt>
      <trkpt lat="53.9761937" lon="-120.2337881">
      </trkpt>
      <trkpt lat="53.976282" lon="-120.2328333">
      </trkpt>
      <trkpt lat="53.9762568" lon="-120.23249">
      </trkpt>
      <trkpt lat="53.9761432" lon="-120.2318677">
      </trkpt>
      <trkpt lat="53.9752913" lon="-120.2287134">
      </trkpt>
      <trkpt lat="53.9751336" lon="-120.2283915">
      </trkpt>
      <trkpt lat="53.9749317" lon="-120.2281126">
      </trkpt>
      <trkpt lat="53.9747865" lon="-120.2277585">
      </trkpt>
      <trkpt lat="53.974755" lon="-120.2273079">
      </trkpt>
      <trkpt lat="53.974837" lon="-120.2268144">
      </trkpt>
      <trkpt lat="53.9750705" lon="-120.2261492">
      </trkpt>
      <trkpt lat="53.9751841" lon="-120.2259346">
      </trkpt>
      <trkpt lat="53.9753797" lon="-120.2258595">
      </trkpt>
      <trkpt lat="53.9760296" lon="-120.2256986">
      </trkpt>
      <trkpt lat="53.9762189" lon="-120.2255377">
      </trkpt>
      <trkpt lat="53.9762946" lon="-120.2253875">
      </trkpt>
      <trkpt lat="53.9769382" lon="-120.224851">
      </trkpt>
      <trkpt lat="53.9771591" lon="-120.2244648">
      </trkpt>
      <trkpt lat="53.9772916" lon="-120.223864">
      </trkpt>
      <trkpt lat="53.9775313" lon="-120.2226409">
      </trkpt>
      <trkpt lat="53.9776386" lon="-120.2218577">
      </trkpt>
      <trkpt lat="53.9777963" lon="-120.2209135">
      </trkpt>
      <trkpt lat="53.9779099" lon="-120.2206131">
      </trkpt>
      <trkpt lat="53.9782065" lon="-120.2201303">
      </trkpt>
      <trkpt lat="53.9784462" lon="-120.2198299">
      </trkpt>
      <trkpt lat="53.9785977" lon="-120.2197441">
      </trkpt>
      <trkpt lat="53.9788185" lon="-120.2197334">
      </trkpt>
      <trkpt lat="53.9803201" lon="-120.2193042">
      </trkpt>
      <trkpt lat="53.980522" lon="-120.2191326">
      </trkpt>
      <trkpt lat="53.9806419" lon="-120.2188321">
      </trkpt>
      <trkpt lat="53.9814621" lon="-120.2157315">
      </trkpt>
      <trkpt lat="53.9816955" lon="-120.2145728">
      </trkpt>
      <trkpt lat="53.98191" lon="-120.213736">
      </trkpt>
      <trkpt lat="53.9821876" lon="-120.2128884">
      </trkpt>
      <trkpt lat="53.9828437" lon="-120.2112254">
      </trkpt>
      <trkpt lat="53.9830582" lon="-120.2108714">
      </trkpt>
      <trkpt lat="53.9832664" lon="-120.2106353">
      </trkpt>
      <trkpt lat="53.9834809" lon="-120.2101847">
      </trkpt>
      <trkpt lat="53.9837837" lon="-120.2094551">
      </trkpt>
      <trkpt lat="53.9841156" lon="-120.2083865">
      </trkpt>
      <trkpt lat="53.984288" lon="-120.2081911">
      </trkpt>
      <trkpt lat="53.9845944" lon="-120.2072206">
      </trkpt>
      <trkpt lat="53.9848433" lon="-120.2063673">
      </trkpt>
      <trkpt lat="53.9850127" lon="-120.2053229">
      </trkpt>
      <trkpt lat="53.9851263" lon="-120.2041856">
      </trkpt>
      <trkpt lat="53.9852524" lon="-120.2033595">
      </trkpt>
      <trkpt lat="53.9854165" lon="-120.2027479">
      </trkpt>
      <trkpt lat="53.9855552" lon="-120.2021471">
      </trkpt>
      <trkpt lat="53.9855994" lon="-120.2014819">
      </trkpt>
      <trkpt lat="53.9856625" lon="-120.200924">
      </trkpt>
      <trkpt lat="53.9859968" lon="-120.1996366">
      </trkpt>
      <trkpt lat="53.9864321" lon="-120.1984242">
      </trkpt>
      <trkpt lat="53.9867412" lon="-120.1970724">
      </trkpt>
      <trkpt lat="53.9868863" lon="-120.1967827">
      </trkpt>
      <trkpt lat="53.9869683" lon="-120.1964823">
      </trkpt>
      <trkpt lat="53.9869431" lon="-120.1961175">
      </trkpt>
      <trkpt lat="53.98688" lon="-120.1956884">
      </trkpt>
      <trkpt lat="53.9868548" lon="-120.1953236">
      </trkpt>
      <trkpt lat="53.9868863" lon="-120.1948515">
      </trkpt>
      <trkpt lat="53.9869746" lon="-120.194358">
      </trkpt>
      <trkpt lat="53.9871702" lon="-120.1938752">
      </trkpt>
      <trkpt lat="53.9873405" lon="-120.1936821">
      </trkpt>
      <trkpt lat="53.9875991" lon="-120.193489">
      </trkpt>
      <trkpt lat="53.9881164" lon="-120.1927272">
      </trkpt>
      <trkpt lat="53.9882678" lon="-120.1923517">
      </trkpt>
      <trkpt lat="53.9882615" lon="-120.1919225">
      </trkpt>
      <trkpt lat="53.9881795" lon="-120.1913968">
      </trkpt>
      <trkpt lat="53.988129" lon="-120.1908926">
      </trkpt>
      <trkpt lat="53.9881164" lon="-120.1905278">
      </trkpt>
      <trkpt lat="53.9881795" lon="-120.1902167">
      </trkpt>
      <trkpt lat="53.9883498" lon="-120.1899163">
      </trkpt>
      <trkpt lat="53.9885895" lon="-120.1897875">
      </trkpt>
      <trkpt lat="53.9888418" lon="-120.1898304">
      </trkpt>
      <trkpt lat="53.9890941" lon="-120.1898841">
      </trkpt>
      <trkpt lat="53.9893149" lon="-120.1897553">
      </trkpt>
      <trkpt lat="53.9893969" lon="-120.1894549">
      </trkpt>
      <trkpt lat="53.9894537" lon="-120.1888219">
      </trkpt>
      <trkpt lat="53.9895231" lon="-120.1884786">
      </trkpt>
      <trkpt lat="53.9896303" lon="-120.1883284">
      </trkpt>
      <trkpt lat="53.9898195" lon="-120.1882104">
      </trkpt>
      <trkpt lat="53.989952" lon="-120.1880172">
      </trkpt>
      <trkpt lat="53.9900781" lon="-120.1876954">
      </trkpt>
      <trkpt lat="53.9902232" lon="-120.187277">
      </trkpt>
      <trkpt lat="53.990362" lon="-120.1868907">
      </trkpt>
      <trkpt lat="53.9905071" lon="-120.1868156">
      </trkpt>
      <trkpt lat="53.9907531" lon="-120.1868156">
      </trkpt>
      <trkpt lat="53.9909234" lon="-120.186762">
      </trkpt>
      <trkpt lat="53.9910621" lon="-120.1866118">
      </trkpt>
      <trkpt lat="53.9919641" lon="-120.1857749">
      </trkpt>
      <trkpt lat="53.9922101" lon="-120.1856033">
      </trkpt>
      <trkpt lat="53.9922795" lon="-120.1853458">
      </trkpt>
      <trkpt lat="53.9923078" lon="-120.1848898">
      </trkpt>
    </trkseg>
    <trkseg>
      <trkpt lat="53.8948978" lon="-120.2959974">
      </trkpt>
      <trkpt lat="53.8946385" lon="-120.2960579">
      </trkpt>
      <trkpt lat="53.8944458" lon="-120.2961589">
      </trkpt>
      <trkpt lat="53.8943221" lon="-120.2962921">
      </trkpt>
      <trkpt lat="53.8942578" lon="-120.296494">
      </trkpt>
      <trkpt lat="53.8942079" lon="-120.2967887">
      </trkpt>
      <trkpt lat="53.8941531" lon="-120.2969986">
      </trkpt>
      <trkpt lat="53.8940699" lon="-120.2971763">
      </trkpt>
      <trkpt lat="53.8938676" lon="-120.2973862">
      </trkpt>
      <trkpt lat="53.8938296" lon="-120.2974064">
      </trkpt>
      <trkpt lat="53.8935631" lon="-120.2972328">
      </trkpt>
      <trkpt lat="53.8935084" lon="-120.2972086">
      </trkpt>
      <trkpt lat="53.8934656" lon="-120.2972368">
      </trkpt>
      <trkpt lat="53.8930849" lon="-120.2978828">
      </trkpt>
      <trkpt lat="53.8928374" lon="-120.2985328">
      </trkpt>
      <trkpt lat="53.8921703" lon="-120.3005592">
      </trkpt>
      <trkpt lat="53.8917306" lon="-120.3018065">
      </trkpt>
      <trkpt lat="53.8916678" lon="-120.3020792">
      </trkpt>
      <trkpt lat="53.8916247" lon="-120.3022654">
      </trkpt>
      <trkpt lat="53.8915464" lon="-120.3023585">
      </trkpt>
      <trkpt lat="53.8913269" lon="-120.3025048">
      </trkpt>
      <trkpt lat="53.8904686" lon="-120.3035755">
      </trkpt>
      <trkpt lat="53.889575" lon="-120.3042405">
      </trkpt>
      <trkpt lat="53.8885285" lon="-120.3048457">
      </trkpt>
      <trkpt lat="53.8871449" lon="-120.3057103">
      </trkpt>
      <trkpt lat="53.8869529" lon="-120.3060361">
      </trkpt>
      <trkpt lat="53.8852478" lon="-120.3086962">
      </trkpt>
      <trkpt lat="53.8836172" lon="-120.3112899">
      </trkpt>
      <trkpt lat="53.8826529" lon="-120.3126532">
      </trkpt>
      <trkpt lat="53.8820649" lon="-120.3132384">
      </trkpt>
      <trkpt lat="53.8810927" lon="-120.3143224">
      </trkpt>
      <trkpt lat="53.8805753" lon="-120.3149874">
      </trkpt>
      <trkpt lat="53.8799755" lon="-120.3157655">
      </trkpt>
      <trkpt lat="53.8788072" lon="-120.3186983">
      </trkpt>
      <trkpt lat="53.8779369" lon="-120.321405">
      </trkpt>
      <trkpt lat="53.87729" lon="-120.3237392">
      </trkpt>
      <trkpt lat="53.8771058" lon="-120.3253353">
      </trkpt>
      <trkpt lat="53.8769803" lon="-120.3261799">
      </trkpt>
      <trkpt lat="53.8769176" lon="-120.3263528">
      </trkpt>
      <trkpt lat="53.8763413" lon="-120.3277161">
      </trkpt>
      <trkpt lat="53.87591" lon="-120.3293854">
      </trkpt>
      <trkpt lat="53.8756473" lon="-120.3319058">
      </trkpt>
      <trkpt lat="53.8756121" lon="-120.3326839">
      </trkpt>
      <trkpt lat="53.8755376" lon="-120.3331827">
      </trkpt>
      <trkpt lat="53.8754082" lon="-120.3337147">
      </trkpt>
      <trkpt lat="53.8751416" lon="-120.3347721">
      </trkpt>
      <trkpt lat="53.8743904" lon="-120.3367131">
      </trkpt>
    </trkseg>
    <trkseg>
      <trkpt lat="53.8743904" lon="-120.3367131">
      </trkpt>
      <trkpt lat="53.8740825" lon="-120.3375328">
      </trkpt>
      <trkpt lat="53.8733576" lon="-120.3380707">
      </trkpt>
      <trkpt lat="53.8729969" lon="-120.3384098">
      </trkpt>
      <trkpt lat="53.8728009" lon="-120.3387357">
      </trkpt>
      <trkpt lat="53.872695" lon="-120.3391081">
      </trkpt>
      <trkpt lat="53.8725539" lon="-120.3397332">
      </trkpt>
      <trkpt lat="53.8724911" lon="-120.3403118">
      </trkpt>
      <trkpt lat="53.8724049" lon="-120.3407374">
      </trkpt>
      <trkpt lat="53.8721304" lon="-120.3418414">
      </trkpt>
      <trkpt lat="53.8719304" lon="-120.3432313">
      </trkpt>
      <trkpt lat="53.8716873" lon="-120.3440426">
      </trkpt>
      <trkpt lat="53.8714089" lon="-120.3445481">
      </trkpt>
      <trkpt lat="53.8711815" lon="-120.3447476">
      </trkpt>
      <trkpt lat="53.8709698" lon="-120.3448141">
      </trkpt>
      <trkpt lat="53.8707972" lon="-120.3448008">
      </trkpt>
      <trkpt lat="53.8701738" lon="-120.3451865">
      </trkpt>
      <trkpt lat="53.8698013" lon="-120.3455988">
      </trkpt>
      <trkpt lat="53.8695699" lon="-120.3459313">
      </trkpt>
      <trkpt lat="53.8692837" lon="-120.3461774">
      </trkpt>
      <trkpt lat="53.8689072" lon="-120.3463702">
      </trkpt>
      <trkpt lat="53.868072" lon="-120.3465831">
      </trkpt>
      <trkpt lat="53.8672407" lon="-120.3467826">
      </trkpt>
      <trkpt lat="53.8667701" lon="-120.3468358">
      </trkpt>
      <trkpt lat="53.866625" lon="-120.3469355">
      </trkpt>
      <trkpt lat="53.8664878" lon="-120.3470286">
      </trkpt>
      <trkpt lat="53.8662682" lon="-120.3473744">
      </trkpt>
      <trkpt lat="53.8661387" lon="-120.3476072">
      </trkpt>
      <trkpt lat="53.8661113" lon="-120.3478067">
      </trkpt>
      <trkpt lat="53.8661231" lon="-120.3479863">
      </trkpt>
      <trkpt lat="53.8664407" lon="-120.3489639">
      </trkpt>
      <trkpt lat="53.8665309" lon="-120.3490769">
      </trkpt>
      <trkpt lat="53.866727" lon="-120.3492166">
      </trkpt>
      <trkpt lat="53.8668015" lon="-120.349303">
      </trkpt>
      <trkpt lat="53.8668211" lon="-120.349436">
      </trkpt>
      <trkpt lat="53.8668015" lon="-120.3495956">
      </trkpt>
      <trkpt lat="53.8666838" lon="-120.3499415">
      </trkpt>
      <trkpt lat="53.8665544" lon="-120.3501609">
      </trkpt>
      <trkpt lat="53.8662368" lon="-120.350387">
      </trkpt>
      <trkpt lat="53.8658603" lon="-120.3507661">
      </trkpt>
      <trkpt lat="53.865527" lon="-120.3512316">
      </trkpt>
      <trkpt lat="53.8651623" lon="-120.3522292">
      </trkpt>
      <trkpt lat="53.8648133" lon="-120.3534595">
      </trkpt>
      <trkpt lat="53.8641152" lon="-120.3562393">
      </trkpt>
      <trkpt lat="53.8639387" lon="-120.3571637">
      </trkpt>
      <trkpt lat="53.8638211" lon="-120.3575694">
      </trkpt>
      <trkpt lat="53.8636289" lon="-120.3580016">
      </trkpt>
      <trkpt lat="53.8633622" lon="-120.3581945">
      </trkpt>
      <trkpt lat="53.8627151" lon="-120.3583674">
      </trkpt>
      <trkpt lat="53.8617974" lon="-120.35868">
      </trkpt>
      <trkpt lat="53.8609307" lon="-120.3588329">
      </trkpt>
      <trkpt lat="53.8604914" lon="-120.3589726">
      </trkpt>
      <trkpt lat="53.8599937" lon="-120.3592533">
      </trkpt>
      <trkpt lat="53.8597045" lon="-120.3598722">
      </trkpt>
    </trkseg>
    <trkseg>
      <trkpt lat="53.8597045" lon="-120.3598722">
      </trkpt>
      <trkpt lat="53.8596488" lon="-120.3611255">
      </trkpt>
      <trkpt lat="53.8595148" lon="-120.3620916">
      </trkpt>
      <trkpt lat="53.8594873" lon="-120.3625239">
      </trkpt>
      <trkpt lat="53.859201" lon="-120.3638938">
      </trkpt>
      <trkpt lat="53.859099" lon="-120.3646253">
      </trkpt>
      <trkpt lat="53.8589029" lon="-120.3659288">
      </trkpt>
      <trkpt lat="53.8588441" lon="-120.3666138">
      </trkpt>
      <trkpt lat="53.8590638" lon="-120.36853">
      </trkpt>
    </trkseg>
    <trkseg>
      <trkpt lat="53.8590638" lon="-120.36853">
      </trkpt>
      <trkpt lat="53.8584636" lon="-120.3705308">
      </trkpt>
      <trkpt lat="53.8581773" lon="-120.3713621">
      </trkpt>
      <trkpt lat="53.8578714" lon="-120.3722466">
      </trkpt>
      <trkpt lat="53.8578322" lon="-120.3724262">
      </trkpt>
      <trkpt lat="53.8578204" lon="-120.3726988">
      </trkpt>
      <trkpt lat="53.8577341" lon="-120.3739823">
      </trkpt>
      <trkpt lat="53.8576596" lon="-120.3745875">
      </trkpt>
      <trkpt lat="53.8575615" lon="-120.3749466">
      </trkpt>
      <trkpt lat="53.8574556" lon="-120.3752459">
      </trkpt>
      <trkpt lat="53.8573615" lon="-120.3753257">
      </trkpt>
      <trkpt lat="53.8570555" lon="-120.3754122">
      </trkpt>
      <trkpt lat="53.8569496" lon="-120.3754255">
      </trkpt>
      <trkpt lat="53.85673" lon="-120.3756117">
      </trkpt>
      <trkpt lat="53.8566515" lon="-120.3758577">
      </trkpt>
      <trkpt lat="53.8565848" lon="-120.3763166">
      </trkpt>
      <trkpt lat="53.8564789" lon="-120.3766491">
      </trkpt>
      <trkpt lat="53.8562828" lon="-120.3770215">
      </trkpt>
      <trkpt lat="53.8559533" lon="-120.3772809">
      </trkpt>
      <trkpt lat="53.8557847" lon="-120.3773806">
      </trkpt>
      <trkpt lat="53.855718" lon="-120.3775469">
      </trkpt>
      <trkpt lat="53.8556631" lon="-120.3778861">
      </trkpt>
      <trkpt lat="53.8555807" lon="-120.3785511">
      </trkpt>
      <trkpt lat="53.8554199" lon="-120.3788703">
      </trkpt>
      <trkpt lat="53.8552041" lon="-120.379256">
      </trkpt>
      <trkpt lat="53.8536822" lon="-120.3816302">
      </trkpt>
      <trkpt lat="53.8531722" lon="-120.3823085">
      </trkpt>
      <trkpt lat="53.8526976" lon="-120.3829137">
      </trkpt>
      <trkpt lat="53.8522504" lon="-120.3836585">
      </trkpt>
      <trkpt lat="53.852117" lon="-120.3839179">
      </trkpt>
      <trkpt lat="53.8520425" lon="-120.3843435">
      </trkpt>
      <trkpt lat="53.8519483" lon="-120.3850551">
      </trkpt>
      <trkpt lat="53.851913" lon="-120.3857667">
      </trkpt>
      <trkpt lat="53.8516776" lon="-120.3874359">
      </trkpt>
      <trkpt lat="53.8516698" lon="-120.3876554">
      </trkpt>
      <trkpt lat="53.8517051" lon="-120.3880477">
      </trkpt>
      <trkpt lat="53.8519326" lon="-120.3908675">
      </trkpt>
    </trkseg>
    <trkseg>
      <trkpt lat="53.8513324" lon="-120.4037358">
      </trkpt>
      <trkpt lat="53.8512419" lon="-120.4009509">
      </trkpt>
      <trkpt lat="53.8507293" lon="-120.3989554">
      </trkpt>
      <trkpt lat="53.8501723" lon="-120.3987193">
      </trkpt>
      <trkpt lat="53.8502862" lon="-120.3972924">
      </trkpt>
      <trkpt lat="53.8510267" lon="-120.3952754">
      </trkpt>
      <trkpt lat="53.8519191" lon="-120.3934944">
      </trkpt>
      <trkpt lat="53.8519326" lon="-120.3908675">
      </trkpt>
    </trkseg>
    <trkseg>
      <trkpt lat="53.8513324" lon="-120.4037358">
      </trkpt>
      <trkpt lat="53.851301" lon="-120.4042745">
      </trkpt>
      <trkpt lat="53.8512383" lon="-120.4046669">
      </trkpt>
      <trkpt lat="53.8511951" lon="-120.404893">
      </trkpt>
      <trkpt lat="53.850995" lon="-120.4054782">
      </trkpt>
      <trkpt lat="53.8509323" lon="-120.4059903">
      </trkpt>
      <trkpt lat="53.8509323" lon="-120.4063893">
      </trkpt>
      <trkpt lat="53.8510107" lon="-120.4070543">
      </trkpt>
      <trkpt lat="53.8511441" lon="-120.4076329">
      </trkpt>
      <trkpt lat="53.8511284" lon="-120.4080918">
      </trkpt>
      <trkpt lat="53.8510225" lon="-120.4086172">
      </trkpt>
      <trkpt lat="53.8508028" lon="-120.4094085">
      </trkpt>
      <trkpt lat="53.8506694" lon="-120.4099339">
      </trkpt>
      <trkpt lat="53.8506145" lon="-120.4103063">
      </trkpt>
      <trkpt lat="53.8505831" lon="-120.410692">
      </trkpt>
      <trkpt lat="53.8506106" lon="-120.4114302">
      </trkpt>
      <trkpt lat="53.8507087" lon="-120.4120753">
      </trkpt>
      <trkpt lat="53.8507793" lon="-120.4126073">
      </trkpt>
      <trkpt lat="53.8507832" lon="-120.4128667">
      </trkpt>
      <trkpt lat="53.8507675" lon="-120.4136647">
      </trkpt>
      <trkpt lat="53.8508381" lon="-120.4140837">
      </trkpt>
      <trkpt lat="53.8508813" lon="-120.4145226">
      </trkpt>
      <trkpt lat="53.8509244" lon="-120.4149682">
      </trkpt>
      <trkpt lat="53.8509794" lon="-120.4153273">
      </trkpt>
      <trkpt lat="53.8510813" lon="-120.4156997">
      </trkpt>
      <trkpt lat="53.8515325" lon="-120.4172958">
      </trkpt>
      <trkpt lat="53.8515796" lon="-120.4176882">
      </trkpt>
      <trkpt lat="53.8515678" lon="-120.4181005">
      </trkpt>
      <trkpt lat="53.8515129" lon="-120.4183732">
      </trkpt>
      <trkpt lat="53.8513716" lon="-120.418699">
      </trkpt>
      <trkpt lat="53.8509597" lon="-120.4191113">
      </trkpt>
      <trkpt lat="53.8498927" lon="-120.4198229">
      </trkpt>
      <trkpt lat="53.8492336" lon="-120.4200357">
      </trkpt>
      <trkpt lat="53.8487236" lon="-120.4201355">
      </trkpt>
      <trkpt lat="53.8482097" lon="-120.4200557">
      </trkpt>
      <trkpt lat="53.8476957" lon="-120.4197232">
      </trkpt>
      <trkpt lat="53.8473976" lon="-120.4193375">
      </trkpt>
      <trkpt lat="53.8471779" lon="-120.4186259">
      </trkpt>
      <trkpt lat="53.8470718" lon="-120.4181526">
      </trkpt>
      <trkpt lat="53.8469355" lon="-120.4178708">
      </trkpt>
      <trkpt lat="53.846757" lon="-120.4177765">
      </trkpt>
      <trkpt lat="53.8466034" lon="-120.4178871">
      </trkpt>
      <trkpt lat="53.8465362" lon="-120.418149">
      </trkpt>
      <trkpt lat="53.8464359" lon="-120.4185207">
      </trkpt>
    </trkseg>
    <trkseg>
      <trkpt lat="53.8464359" lon="-120.4185207">
      </trkpt>
      <trkpt lat="53.8463309" lon="-120.4189675">
      </trkpt>
    </trkseg>
  </trk>
</gpx>