<?xml version="1.0" encoding="UTF-8"?>
<gpx xmlns="http://www.topografix.com/GPX/1/1" xmlns:xsi="http://www.w3.org/2001/XMLSchema-instance" xsi:schemaLocation="http://www.topografix.com/GPX/1/1 http://www.topografix.com/GPX/1/1/gpx.xsd" version="1.1" creator="gpx.py -- https://github.com/tkrajina/gpxpy">
  <trk>
    <name>Thunderwater Lake</name>
    <trkseg>
      <trkpt lat="50.65712239" lon="-116.50838096">
      </trkpt>
      <trkpt lat="50.65711805" lon="-116.50838445">
      </trkpt>
      <trkpt lat="50.65710516" lon="-116.50839143">
      </trkpt>
      <trkpt lat="50.6570901" lon="-116.50839519">
      </trkpt>
      <trkpt lat="50.6570664" lon="-116.50839925">
      </trkpt>
      <trkpt lat="50.65705986" lon="-116.5084029">
      </trkpt>
      <trkpt lat="50.65704488" lon="-116.50840327">
      </trkpt>
      <trkpt lat="50.65703845" lon="-116.50840342">
      </trkpt>
      <trkpt lat="50.65702562" lon="-116.50840373">
      </trkpt>
      <trkpt lat="50.65701493" lon="-116.50840401">
      </trkpt>
      <trkpt lat="50.657002" lon="-116.5084078">
      </trkpt>
      <trkpt lat="50.65699121" lon="-116.50841153">
      </trkpt>
      <trkpt lat="50.6569783" lon="-116.50841533">
      </trkpt>
      <trkpt lat="50.65696303" lon="-116.50842283">
      </trkpt>
      <trkpt lat="50.65695213" lon="-116.5084301">
      </trkpt>
      <trkpt lat="50.65694338" lon="-116.50843729">
      </trkpt>
      <trkpt lat="50.65693465" lon="-116.50844446">
      </trkpt>
      <trkpt lat="50.65692601" lon="-116.50844816">
      </trkpt>
      <trkpt lat="50.65690455" lon="-116.50846553">
      </trkpt>
      <trkpt lat="50.65688988" lon="-116.50847877">
      </trkpt>
      <trkpt lat="50.65687729" lon="-116.50848875">
      </trkpt>
      <trkpt lat="50.65686054" lon="-116.50850527">
      </trkpt>
      <trkpt lat="50.65685003" lon="-116.50851196">
      </trkpt>
      <trkpt lat="50.65683748" lon="-116.50852516">
      </trkpt>
      <trkpt lat="50.65681857" lon="-116.50853851">
      </trkpt>
      <trkpt lat="50.65681022" lon="-116.50854838">
      </trkpt>
      <trkpt lat="50.65679348" lon="-116.50856492">
      </trkpt>
      <trkpt lat="50.65678089" lon="-116.50857487">
      </trkpt>
      <trkpt lat="50.65677462" lon="-116.50858148">
      </trkpt>
      <trkpt lat="50.65676207" lon="-116.50859468">
      </trkpt>
      <trkpt lat="50.65675798" lon="-116.50860772">
      </trkpt>
      <trkpt lat="50.65675162" lon="-116.50861778">
      </trkpt>
      <trkpt lat="50.65674525" lon="-116.50862786">
      </trkpt>
      <trkpt lat="50.65673891" lon="-116.50864117">
      </trkpt>
      <trkpt lat="50.65673679" lon="-116.50864453">
      </trkpt>
      <trkpt lat="50.65673042" lon="-116.5086546">
      </trkpt>
      <trkpt lat="50.65672193" lon="-116.50866803">
      </trkpt>
      <trkpt lat="50.65671776" lon="-116.50868122">
      </trkpt>
      <trkpt lat="50.65670928" lon="-116.50869463">
      </trkpt>
      <trkpt lat="50.65670292" lon="-116.5087047">
      </trkpt>
      <trkpt lat="50.65669656" lon="-116.50871474">
      </trkpt>
      <trkpt lat="50.65668808" lon="-116.50872814">
      </trkpt>
      <trkpt lat="50.65667961" lon="-116.50874153">
      </trkpt>
      <trkpt lat="50.65666472" lon="-116.50875524">
      </trkpt>
      <trkpt lat="50.65666055" lon="-116.5087684">
      </trkpt>
      <trkpt lat="50.65664783" lon="-116.50878523">
      </trkpt>
      <trkpt lat="50.65664156" lon="-116.50880173">
      </trkpt>
      <trkpt lat="50.65663516" lon="-116.50881187">
      </trkpt>
      <trkpt lat="50.65662865" lon="-116.50882221">
      </trkpt>
      <trkpt lat="50.65661996" lon="-116.50883929">
      </trkpt>
      <trkpt lat="50.65661131" lon="-116.50885304">
      </trkpt>
      <trkpt lat="50.65659832" lon="-116.50887691">
      </trkpt>
      <trkpt lat="50.65659401" lon="-116.50888376">
      </trkpt>
      <trkpt lat="50.6565722" lon="-116.50893153">
      </trkpt>
      <trkpt lat="50.65656782" lon="-116.50894177">
      </trkpt>
      <trkpt lat="50.65656347" lon="-116.50894868">
      </trkpt>
      <trkpt lat="50.65655693" lon="-116.50896233">
      </trkpt>
      <trkpt lat="50.65654606" lon="-116.50898614">
      </trkpt>
      <trkpt lat="50.65653308" lon="-116.50901">
      </trkpt>
      <trkpt lat="50.6565266" lon="-116.50902354">
      </trkpt>
      <trkpt lat="50.6565137" lon="-116.509044">
      </trkpt>
      <trkpt lat="50.65650079" lon="-116.50906774">
      </trkpt>
      <trkpt lat="50.65648998" lon="-116.50908814">
      </trkpt>
      <trkpt lat="50.65648141" lon="-116.50910174">
      </trkpt>
      <trkpt lat="50.65647498" lon="-116.50911193">
      </trkpt>
      <trkpt lat="50.65646645" lon="-116.50912548">
      </trkpt>
      <trkpt lat="50.65645576" lon="-116.50914568">
      </trkpt>
      <trkpt lat="50.65645153" lon="-116.50915239">
      </trkpt>
      <trkpt lat="50.65644532" lon="-116.5091622">
      </trkpt>
      <trkpt lat="50.65643912" lon="-116.50917522">
      </trkpt>
      <trkpt lat="50.65643087" lon="-116.50919471">
      </trkpt>
      <trkpt lat="50.65642055" lon="-116.50920781">
      </trkpt>
      <trkpt lat="50.65641022" lon="-116.50922735">
      </trkpt>
      <trkpt lat="50.65640192" lon="-116.50924369">
      </trkpt>
      <trkpt lat="50.65638742" lon="-116.50927623">
      </trkpt>
      <trkpt lat="50.65637916" lon="-116.5092893">
      </trkpt>
      <trkpt lat="50.65637092" lon="-116.50930874">
      </trkpt>
      <trkpt lat="50.65636474" lon="-116.50932169">
      </trkpt>
      <trkpt lat="50.65636066" lon="-116.50933451">
      </trkpt>
      <trkpt lat="50.65635045" lon="-116.50935385">
      </trkpt>
      <trkpt lat="50.65634229" lon="-116.50936992">
      </trkpt>
      <trkpt lat="50.65633617" lon="-116.50938275">
      </trkpt>
      <trkpt lat="50.65633009" lon="-116.50940192">
      </trkpt>
      <trkpt lat="50.65632194" lon="-116.50941798">
      </trkpt>
      <trkpt lat="50.65631583" lon="-116.50943398">
      </trkpt>
      <trkpt lat="50.65631175" lon="-116.50944677">
      </trkpt>
      <trkpt lat="50.65630361" lon="-116.50946915">
      </trkpt>
      <trkpt lat="50.65629955" lon="-116.50948192">
      </trkpt>
      <trkpt lat="50.65629138" lon="-116.50950748">
      </trkpt>
      <trkpt lat="50.65628524" lon="-116.50952348">
      </trkpt>
      <trkpt lat="50.65626894" lon="-116.50956171">
      </trkpt>
      <trkpt lat="50.65626282" lon="-116.5095839">
      </trkpt>
      <trkpt lat="50.65626079" lon="-116.50959023">
      </trkpt>
      <trkpt lat="50.65625471" lon="-116.50960603">
      </trkpt>
      <trkpt lat="50.65625267" lon="-116.50961866">
      </trkpt>
      <trkpt lat="50.65624863" lon="-116.5096344">
      </trkpt>
      <trkpt lat="50.65624658" lon="-116.50965012">
      </trkpt>
      <trkpt lat="50.65624254" lon="-116.50967209">
      </trkpt>
      <trkpt lat="50.65624046" lon="-116.50970963">
      </trkpt>
      <trkpt lat="50.65623844" lon="-116.50971584">
      </trkpt>
      <trkpt lat="50.65623839" lon="-116.50974393">
      </trkpt>
      <trkpt lat="50.65623632" lon="-116.50978431">
      </trkpt>
      <trkpt lat="50.65623629" lon="-116.50979982">
      </trkpt>
      <trkpt lat="50.65623626" lon="-116.50981531">
      </trkpt>
      <trkpt lat="50.65623623" lon="-116.50983696">
      </trkpt>
      <trkpt lat="50.65623619" lon="-116.50985547">
      </trkpt>
      <trkpt lat="50.65623616" lon="-116.50986775">
      </trkpt>
      <trkpt lat="50.65623608" lon="-116.50989836">
      </trkpt>
      <trkpt lat="50.65623605" lon="-116.50990752">
      </trkpt>
      <trkpt lat="50.65623603" lon="-116.50991972">
      </trkpt>
      <trkpt lat="50.65623599" lon="-116.50993191">
      </trkpt>
      <trkpt lat="50.65623594" lon="-116.50995016">
      </trkpt>
      <trkpt lat="50.65623589" lon="-116.50996836">
      </trkpt>
      <trkpt lat="50.65623584" lon="-116.50998953">
      </trkpt>
      <trkpt lat="50.65623574" lon="-116.51002573">
      </trkpt>
      <trkpt lat="50.65623567" lon="-116.51004976">
      </trkpt>
      <trkpt lat="50.6562356" lon="-116.51007372">
      </trkpt>
      <trkpt lat="50.65623544" lon="-116.5101363">
      </trkpt>
      <trkpt lat="50.65623535" lon="-116.51016888">
      </trkpt>
      <trkpt lat="50.65623531" lon="-116.51018666">
      </trkpt>
      <trkpt lat="50.65623527" lon="-116.51021349">
      </trkpt>
      <trkpt lat="50.65623522" lon="-116.51024024">
      </trkpt>
      <trkpt lat="50.65623521" lon="-116.51025213">
      </trkpt>
      <trkpt lat="50.65623518" lon="-116.510264">
      </trkpt>
      <trkpt lat="50.65623321" lon="-116.51027862">
      </trkpt>
      <trkpt lat="50.65623319" lon="-116.51029047">
      </trkpt>
      <trkpt lat="50.65622928" lon="-116.51031373">
      </trkpt>
      <trkpt lat="50.65622734" lon="-116.51031944">
      </trkpt>
      <trkpt lat="50.65622733" lon="-116.51033122">
      </trkpt>
      <trkpt lat="50.65622537" lon="-116.51034869">
      </trkpt>
      <trkpt lat="50.65622344" lon="-116.51036673">
      </trkpt>
      <trkpt lat="50.65622346" lon="-116.5103759">
      </trkpt>
      <trkpt lat="50.65622153" lon="-116.51040297">
      </trkpt>
      <trkpt lat="50.65621768" lon="-116.51042075">
      </trkpt>
      <trkpt lat="50.65621576" lon="-116.51044175">
      </trkpt>
      <trkpt lat="50.65620808" lon="-116.51048632">
      </trkpt>
      <trkpt lat="50.65620425" lon="-116.51051007">
      </trkpt>
      <trkpt lat="50.65619659" lon="-116.51055753">
      </trkpt>
      <trkpt lat="50.65619468" lon="-116.51056937">
      </trkpt>
      <trkpt lat="50.65619086" lon="-116.51059957">
      </trkpt>
      <trkpt lat="50.65619086" lon="-116.51062422">
      </trkpt>
      <trkpt lat="50.65618704" lon="-116.51064832">
      </trkpt>
      <trkpt lat="50.65618513" lon="-116.51066655">
      </trkpt>
      <trkpt lat="50.65618131" lon="-116.51068756">
      </trkpt>
      <trkpt lat="50.6561794" lon="-116.51071196">
      </trkpt>
      <trkpt lat="50.65617749" lon="-116.51073328">
      </trkpt>
      <trkpt lat="50.65617557" lon="-116.51075153">
      </trkpt>
      <trkpt lat="50.65617367" lon="-116.51077268">
      </trkpt>
      <trkpt lat="50.65617176" lon="-116.51078751">
      </trkpt>
      <trkpt lat="50.65616985" lon="-116.51080232">
      </trkpt>
      <trkpt lat="50.65616795" lon="-116.51082317">
      </trkpt>
      <trkpt lat="50.65616604" lon="-116.51083195">
      </trkpt>
      <trkpt lat="50.65616605" lon="-116.51085005">
      </trkpt>
      <trkpt lat="50.65616415" lon="-116.5108739">
      </trkpt>
      <trkpt lat="50.65616224" lon="-116.51088869">
      </trkpt>
      <trkpt lat="50.65616225" lon="-116.51090376">
      </trkpt>
      <trkpt lat="50.65615844" lon="-116.51094236">
      </trkpt>
      <trkpt lat="50.65615658" lon="-116.510968">
      </trkpt>
      <trkpt lat="50.65615101" lon="-116.51102844">
      </trkpt>
      <trkpt lat="50.65614919" lon="-116.5110527">
      </trkpt>
      <trkpt lat="50.65614737" lon="-116.51107124">
      </trkpt>
      <trkpt lat="50.65614742" lon="-116.51108457">
      </trkpt>
      <trkpt lat="50.6561475" lon="-116.5111058">
      </trkpt>
      <trkpt lat="50.65614756" lon="-116.51112432">
      </trkpt>
      <trkpt lat="50.65614763" lon="-116.5111428">
      </trkpt>
      <trkpt lat="50.65614771" lon="-116.51116645">
      </trkpt>
      <trkpt lat="50.65614779" lon="-116.51118479">
      </trkpt>
      <trkpt lat="50.65614787" lon="-116.51120827">
      </trkpt>
      <trkpt lat="50.65614793" lon="-116.51122388">
      </trkpt>
      <trkpt lat="50.65614805" lon="-116.51125757">
      </trkpt>
      <trkpt lat="50.65614814" lon="-116.51128077">
      </trkpt>
      <trkpt lat="50.65614817" lon="-116.51129106">
      </trkpt>
      <trkpt lat="50.65614824" lon="-116.51131176">
      </trkpt>
      <trkpt lat="50.6561483" lon="-116.51133288">
      </trkpt>
      <trkpt lat="50.65614837" lon="-116.51135922">
      </trkpt>
      <trkpt lat="50.65614845" lon="-116.51138824">
      </trkpt>
      <trkpt lat="50.65614846" lon="-116.51139365">
      </trkpt>
      <trkpt lat="50.65614851" lon="-116.511418">
      </trkpt>
      <trkpt lat="50.65614852" lon="-116.51142611">
      </trkpt>
      <trkpt lat="50.65614854" lon="-116.51143692">
      </trkpt>
      <trkpt lat="50.65614858" lon="-116.51145848">
      </trkpt>
      <trkpt lat="50.65614863" lon="-116.51148899">
      </trkpt>
      <trkpt lat="50.65614863" lon="-116.51150351">
      </trkpt>
      <trkpt lat="50.65614863" lon="-116.51151803">
      </trkpt>
      <trkpt lat="50.65614863" lon="-116.51154127">
      </trkpt>
      <trkpt lat="50.65614864" lon="-116.5115616">
      </trkpt>
      <trkpt lat="50.65614864" lon="-116.51158193">
      </trkpt>
      <trkpt lat="50.65614682" lon="-116.5116192">
      </trkpt>
      <trkpt lat="50.65614683" lon="-116.51163082">
      </trkpt>
      <trkpt lat="50.65614499" lon="-116.51166274">
      </trkpt>
      <trkpt lat="50.65614314" lon="-116.51169252">
      </trkpt>
      <trkpt lat="50.65614314" lon="-116.51169861">
      </trkpt>
      <trkpt lat="50.65613765" lon="-116.51173547">
      </trkpt>
      <trkpt lat="50.65613583" lon="-116.51174603">
      </trkpt>
      <trkpt lat="50.65612496" lon="-116.51178145">
      </trkpt>
      <trkpt lat="50.65611593" lon="-116.511809">
      </trkpt>
      <trkpt lat="50.65610876" lon="-116.51184528">
      </trkpt>
      <trkpt lat="50.65610156" lon="-116.51187415">
      </trkpt>
      <trkpt lat="50.65609432" lon="-116.51190751">
      </trkpt>
      <trkpt lat="50.65609074" lon="-116.51191723">
      </trkpt>
      <trkpt lat="50.65608718" lon="-116.5119327">
      </trkpt>
      <trkpt lat="50.65608006" lon="-116.51194348">
      </trkpt>
      <trkpt lat="50.65607651" lon="-116.51195888">
      </trkpt>
      <trkpt lat="50.65606941" lon="-116.51197857">
      </trkpt>
      <trkpt lat="50.65606044" lon="-116.5119939">
      </trkpt>
      <trkpt lat="50.65605864" lon="-116.51199925">
      </trkpt>
      <trkpt lat="50.65605327" lon="-116.51202101">
      </trkpt>
      <trkpt lat="50.65605148" lon="-116.51202636">
      </trkpt>
      <trkpt lat="50.65604791" lon="-116.51204275">
      </trkpt>
      <trkpt lat="50.65604433" lon="-116.51205629">
      </trkpt>
      <trkpt lat="50.65603897" lon="-116.51207799">
      </trkpt>
      <trkpt lat="50.6560354" lon="-116.5120915">
      </trkpt>
      <trkpt lat="50.6560354" lon="-116.51210007">
      </trkpt>
      <trkpt lat="50.65602821" lon="-116.51211926">
      </trkpt>
      <trkpt lat="50.65602462" lon="-116.51212755">
      </trkpt>
      <trkpt lat="50.65601916" lon="-116.51214798">
      </trkpt>
      <trkpt lat="50.65601194" lon="-116.51216775">
      </trkpt>
      <trkpt lat="50.65600296" lon="-116.51218687">
      </trkpt>
      <trkpt lat="50.65599932" lon="-116.51220155">
      </trkpt>
      <trkpt lat="50.65596206" lon="-116.51228857">
      </trkpt>
      <trkpt lat="50.65596207" lon="-116.51229141">
      </trkpt>
      <trkpt lat="50.65595857" lon="-116.51230356">
      </trkpt>
      <trkpt lat="50.65595507" lon="-116.51231854">
      </trkpt>
      <trkpt lat="50.65594984" lon="-116.51232821">
      </trkpt>
      <trkpt lat="50.65594461" lon="-116.51234921">
      </trkpt>
      <trkpt lat="50.65593939" lon="-116.51235883">
      </trkpt>
      <trkpt lat="50.65593417" lon="-116.51237412">
      </trkpt>
      <trkpt lat="50.65592722" lon="-116.51238974">
      </trkpt>
      <trkpt lat="50.65592549" lon="-116.51239859">
      </trkpt>
      <trkpt lat="50.65592034" lon="-116.51241971">
      </trkpt>
      <trkpt lat="50.6559169" lon="-116.51242336">
      </trkpt>
      <trkpt lat="50.65591012" lon="-116.51244527">
      </trkpt>
      <trkpt lat="50.65590332" lon="-116.51246128">
      </trkpt>
      <trkpt lat="50.65589649" lon="-116.51247701">
      </trkpt>
      <trkpt lat="50.65589132" lon="-116.51248917">
      </trkpt>
      <trkpt lat="50.65588786" lon="-116.51249535">
      </trkpt>
      <trkpt lat="50.65587925" lon="-116.51251367">
      </trkpt>
      <trkpt lat="50.65587589" lon="-116.51253142">
      </trkpt>
      <trkpt lat="50.65587249" lon="-116.51254336">
      </trkpt>
      <trkpt lat="50.65587083" lon="-116.51255513">
      </trkpt>
      <trkpt lat="50.65586745" lon="-116.51256994">
      </trkpt>
      <trkpt lat="50.65586069" lon="-116.51259104">
      </trkpt>
      <trkpt lat="50.65585917" lon="-116.51260611">
      </trkpt>
      <trkpt lat="50.65585601" lon="-116.51262726">
      </trkpt>
      <trkpt lat="50.65585113" lon="-116.51264853">
      </trkpt>
      <trkpt lat="50.65584794" lon="-116.51266661">
      </trkpt>
      <trkpt lat="50.6558448" lon="-116.51268762">
      </trkpt>
      <trkpt lat="50.6558365" lon="-116.51270905">
      </trkpt>
      <trkpt lat="50.65583335" lon="-116.51272701">
      </trkpt>
      <trkpt lat="50.6558268" lon="-116.51274818">
      </trkpt>
      <trkpt lat="50.65582022" lon="-116.51277464">
      </trkpt>
      <trkpt lat="50.65581535" lon="-116.51280635">
      </trkpt>
      <trkpt lat="50.65581033" lon="-116.51282098">
      </trkpt>
      <trkpt lat="50.65580699" lon="-116.51282977">
      </trkpt>
      <trkpt lat="50.65580369" lon="-116.51284422">
      </trkpt>
      <trkpt lat="50.65580037" lon="-116.51286133">
      </trkpt>
      <trkpt lat="50.65580037" lon="-116.51286686">
      </trkpt>
      <trkpt lat="50.6557953" lon="-116.51288947">
      </trkpt>
      <trkpt lat="50.6557953" lon="-116.51289775">
      </trkpt>
      <trkpt lat="50.65579193" lon="-116.51291466">
      </trkpt>
      <trkpt lat="50.65578687" lon="-116.51292897">
      </trkpt>
      <trkpt lat="50.65578362" lon="-116.51294341">
      </trkpt>
      <trkpt lat="50.65577394" lon="-116.51298943">
      </trkpt>
      <trkpt lat="50.65576578" lon="-116.51301548">
      </trkpt>
      <trkpt lat="50.65576256" lon="-116.51302982">
      </trkpt>
      <trkpt lat="50.65576097" lon="-116.51303838">
      </trkpt>
      <trkpt lat="50.65575611" lon="-116.51305564">
      </trkpt>
      <trkpt lat="50.65574958" lon="-116.51307299">
      </trkpt>
      <trkpt lat="50.65574469" lon="-116.51308459">
      </trkpt>
      <trkpt lat="50.65573983" lon="-116.51309896">
      </trkpt>
      <trkpt lat="50.65573333" lon="-116.51311623">
      </trkpt>
      <trkpt lat="50.65573173" lon="-116.51312194">
      </trkpt>
      <trkpt lat="50.65572528" lon="-116.51314195">
      </trkpt>
      <trkpt lat="50.65572368" lon="-116.51314764">
      </trkpt>
      <trkpt lat="50.65572048" lon="-116.51315902">
      </trkpt>
      <trkpt lat="50.65571241" lon="-116.51317908">
      </trkpt>
      <trkpt lat="50.65570432" lon="-116.51319632">
      </trkpt>
      <trkpt lat="50.65569949" lon="-116.51320774">
      </trkpt>
      <trkpt lat="50.65569469" lon="-116.51322193">
      </trkpt>
      <trkpt lat="50.65568987" lon="-116.51323333">
      </trkpt>
      <trkpt lat="50.65568506" lon="-116.5132447">
      </trkpt>
      <trkpt lat="50.65567704" lon="-116.5132618">
      </trkpt>
      <trkpt lat="50.65567221" lon="-116.51327038">
      </trkpt>
      <trkpt lat="50.65566768" lon="-116.51328746">
      </trkpt>
      <trkpt lat="50.65566304" lon="-116.51329893">
      </trkpt>
      <trkpt lat="50.65565854" lon="-116.51331594">
      </trkpt>
      <trkpt lat="50.65565404" lon="-116.51333291">
      </trkpt>
      <trkpt lat="50.65565106" lon="-116.51334421">
      </trkpt>
      <trkpt lat="50.65564644" lon="-116.51335826">
      </trkpt>
      <trkpt lat="50.65564183" lon="-116.51337497">
      </trkpt>
      <trkpt lat="50.65563879" lon="-116.51338883">
      </trkpt>
      <trkpt lat="50.65563576" lon="-116.51340265">
      </trkpt>
      <trkpt lat="50.65563119" lon="-116.513422">
      </trkpt>
      <trkpt lat="50.65562818" lon="-116.51343579">
      </trkpt>
      <trkpt lat="50.65562353" lon="-116.51344693">
      </trkpt>
      <trkpt lat="50.65561899" lon="-116.51346619">
      </trkpt>
      <trkpt lat="50.65561291" lon="-116.51348821">
      </trkpt>
      <trkpt lat="50.65560687" lon="-116.51351287">
      </trkpt>
      <trkpt lat="50.65560392" lon="-116.51352922">
      </trkpt>
      <trkpt lat="50.65559637" lon="-116.51355654">
      </trkpt>
      <trkpt lat="50.65559039" lon="-116.51358104">
      </trkpt>
      <trkpt lat="50.65558902" lon="-116.51358921">
      </trkpt>
      <trkpt lat="50.65558626" lon="-116.51360555">
      </trkpt>
      <trkpt lat="50.65558183" lon="-116.51362185">
      </trkpt>
      <trkpt lat="50.65557887" lon="-116.513638">
      </trkpt>
      <trkpt lat="50.65557277" lon="-116.51365689">
      </trkpt>
      <trkpt lat="50.65556971" lon="-116.51366499">
      </trkpt>
      <trkpt lat="50.65556363" lon="-116.51368383">
      </trkpt>
      <trkpt lat="50.65555908" lon="-116.51369727">
      </trkpt>
      <trkpt lat="50.65555453" lon="-116.5137107">
      </trkpt>
      <trkpt lat="50.65554706" lon="-116.51373216">
      </trkpt>
      <trkpt lat="50.65554255" lon="-116.5137429">
      </trkpt>
      <trkpt lat="50.65553654" lon="-116.51375631">
      </trkpt>
      <trkpt lat="50.65553062" lon="-116.51377496">
      </trkpt>
      <trkpt lat="50.65552614" lon="-116.51378564">
      </trkpt>
      <trkpt lat="50.65552307" lon="-116.51379886">
      </trkpt>
      <trkpt lat="50.65551535" lon="-116.51381739">
      </trkpt>
      <trkpt lat="50.65551073" lon="-116.51383322">
      </trkpt>
      <trkpt lat="50.65550766" lon="-116.51384114">
      </trkpt>
      <trkpt lat="50.65550151" lon="-116.51385434">
      </trkpt>
      <trkpt lat="50.65549844" lon="-116.51386749">
      </trkpt>
      <trkpt lat="50.65549538" lon="-116.51387539">
      </trkpt>
      <trkpt lat="50.65549078" lon="-116.51388591">
      </trkpt>
      <trkpt lat="50.65548619" lon="-116.51389905">
      </trkpt>
      <trkpt lat="50.65548008" lon="-116.5139174">
      </trkpt>
      <trkpt lat="50.65547702" lon="-116.51392525">
      </trkpt>
      <trkpt lat="50.65547397" lon="-116.51393834">
      </trkpt>
      <trkpt lat="50.65547092" lon="-116.51395402">
      </trkpt>
      <trkpt lat="50.65546817" lon="-116.51396709">
      </trkpt>
      <trkpt lat="50.65546706" lon="-116.51398013">
      </trkpt>
      <trkpt lat="50.65546588" lon="-116.51399054">
      </trkpt>
      <trkpt lat="50.65546613" lon="-116.51399835">
      </trkpt>
      <trkpt lat="50.65546511" lon="-116.51401395">
      </trkpt>
      <trkpt lat="50.65546393" lon="-116.51402432">
      </trkpt>
      <trkpt lat="50.65546156" lon="-116.51404503">
      </trkpt>
      <trkpt lat="50.65546173" lon="-116.5140502">
      </trkpt>
      <trkpt lat="50.65546089" lon="-116.51407087">
      </trkpt>
      <trkpt lat="50.65545971" lon="-116.51408118">
      </trkpt>
      <trkpt lat="50.65545761" lon="-116.51410947">
      </trkpt>
      <trkpt lat="50.65545842" lon="-116.51413258">
      </trkpt>
      <trkpt lat="50.65545791" lon="-116.51415298">
      </trkpt>
      <trkpt lat="50.65545841" lon="-116.51416317">
      </trkpt>
      <trkpt lat="50.65545903" lon="-116.5141759">
      </trkpt>
      <trkpt lat="50.65546014" lon="-116.51419874">
      </trkpt>
      <trkpt lat="50.65545999" lon="-116.51422653">
      </trkpt>
      <trkpt lat="50.6554591" lon="-116.51424425">
      </trkpt>
      <trkpt lat="50.65545967" lon="-116.51426197">
      </trkpt>
      <trkpt lat="50.65545869" lon="-116.51427709">
      </trkpt>
      <trkpt lat="50.65545953" lon="-116.51430233">
      </trkpt>
      <trkpt lat="50.65546037" lon="-116.51431984">
      </trkpt>
      <trkpt lat="50.65546086" lon="-116.51432982">
      </trkpt>
      <trkpt lat="50.65546158" lon="-116.51434477">
      </trkpt>
      <trkpt lat="50.65546243" lon="-116.51436217">
      </trkpt>
      <trkpt lat="50.65546351" lon="-116.51438449">
      </trkpt>
      <trkpt lat="50.65546417" lon="-116.51439683">
      </trkpt>
      <trkpt lat="50.65546545" lon="-116.51441637">
      </trkpt>
      <trkpt lat="50.65546673" lon="-116.51443585">
      </trkpt>
      <trkpt lat="50.65546901" lon="-116.51444808">
      </trkpt>
      <trkpt lat="50.6554726" lon="-116.51445794">
      </trkpt>
      <trkpt lat="50.65547455" lon="-116.51446529">
      </trkpt>
      <trkpt lat="50.65548111" lon="-116.51448289">
      </trkpt>
      <trkpt lat="50.65548427" lon="-116.51449557">
      </trkpt>
      <trkpt lat="50.65548738" lon="-116.51450576">
      </trkpt>
      <trkpt lat="50.65549201" lon="-116.51451854">
      </trkpt>
      <trkpt lat="50.65549993" lon="-116.51453634">
      </trkpt>
      <trkpt lat="50.65550699" lon="-116.51455603">
      </trkpt>
      <trkpt lat="50.65551039" lon="-116.51456343">
      </trkpt>
      <trkpt lat="50.65551533" lon="-116.51457089">
      </trkpt>
      <trkpt lat="50.65552542" lon="-116.51459065">
      </trkpt>
      <trkpt lat="50.65553363" lon="-116.51460308">
      </trkpt>
      <trkpt lat="50.65553714" lon="-116.51461287">
      </trkpt>
      <trkpt lat="50.65554381" lon="-116.5146252">
      </trkpt>
      <trkpt lat="50.65555048" lon="-116.51463752">
      </trkpt>
      <trkpt lat="50.65555403" lon="-116.51464974">
      </trkpt>
      <trkpt lat="50.65555572" lon="-116.51465216">
      </trkpt>
      <trkpt lat="50.65556437" lon="-116.51466653">
      </trkpt>
      <trkpt lat="50.65556949" lon="-116.5146737">
      </trkpt>
      <trkpt lat="50.65557301" lon="-116.51468084">
      </trkpt>
      <trkpt lat="50.6555829" lon="-116.514688">
      </trkpt>
      <trkpt lat="50.65558779" lon="-116.51469039">
      </trkpt>
      <trkpt lat="50.65559745" lon="-116.51469276">
      </trkpt>
      <trkpt lat="50.655607" lon="-116.51469275">
      </trkpt>
      <trkpt lat="50.65561336" lon="-116.51469275">
      </trkpt>
      <trkpt lat="50.65562123" lon="-116.51469037">
      </trkpt>
      <trkpt lat="50.65563068" lon="-116.51468798">
      </trkpt>
      <trkpt lat="50.65563217" lon="-116.51468559">
      </trkpt>
      <trkpt lat="50.65564004" lon="-116.5146832">
      </trkpt>
      <trkpt lat="50.65564791" lon="-116.51468082">
      </trkpt>
      <trkpt lat="50.65565888" lon="-116.51467603">
      </trkpt>
      <trkpt lat="50.65566038" lon="-116.51467365">
      </trkpt>
      <trkpt lat="50.65566497" lon="-116.51466886">
      </trkpt>
      <trkpt lat="50.65567135" lon="-116.51466886">
      </trkpt>
      <trkpt lat="50.65568083" lon="-116.51466646">
      </trkpt>
      <trkpt lat="50.65568712" lon="-116.51466407">
      </trkpt>
      <trkpt lat="50.65569669" lon="-116.51466406">
      </trkpt>
      <trkpt lat="50.65570786" lon="-116.51466406">
      </trkpt>
      <trkpt lat="50.65571765" lon="-116.51466625">
      </trkpt>
      <trkpt lat="50.6557241" lon="-116.51466614">
      </trkpt>
      <trkpt lat="50.65573742" lon="-116.51467028">
      </trkpt>
      <trkpt lat="50.65574913" lon="-116.51467439">
      </trkpt>
      <trkpt lat="50.65576082" lon="-116.51467849">
      </trkpt>
      <trkpt lat="50.65577084" lon="-116.51468266">
      </trkpt>
      <trkpt lat="50.65578074" lon="-116.51468448">
      </trkpt>
      <trkpt lat="50.65579244" lon="-116.51469088">
      </trkpt>
      <trkpt lat="50.65580076" lon="-116.51469511">
      </trkpt>
      <trkpt lat="50.65580744" lon="-116.5146994">
      </trkpt>
      <trkpt lat="50.65581411" lon="-116.5147037">
      </trkpt>
      <trkpt lat="50.65582086" lon="-116.51471029">
      </trkpt>
      <trkpt lat="50.65583239" lon="-116.5147167">
      </trkpt>
      <trkpt lat="50.6558471" lon="-116.5147279">
      </trkpt>
      <trkpt lat="50.65585846" lon="-116.51473451">
      </trkpt>
      <trkpt lat="50.65586501" lon="-116.51474127">
      </trkpt>
      <trkpt lat="50.65587474" lon="-116.51474791">
      </trkpt>
      <trkpt lat="50.6558828" lon="-116.51475227">
      </trkpt>
      <trkpt lat="50.65589085" lon="-116.51475663">
      </trkpt>
      <trkpt lat="50.65589572" lon="-116.51476109">
      </trkpt>
      <trkpt lat="50.65590373" lon="-116.51476552">
      </trkpt>
      <trkpt lat="50.6559166" lon="-116.51477919">
      </trkpt>
      <trkpt lat="50.65592455" lon="-116.51478366">
      </trkpt>
      <trkpt lat="50.65593422" lon="-116.5147925">
      </trkpt>
      <trkpt lat="50.6559439" lon="-116.51480118">
      </trkpt>
      <trkpt lat="50.65595043" lon="-116.51480995">
      </trkpt>
      <trkpt lat="50.65595844" lon="-116.5148164">
      </trkpt>
      <trkpt lat="50.65596973" lon="-116.51482943">
      </trkpt>
      <trkpt lat="50.65597452" lon="-116.51483372">
      </trkpt>
      <trkpt lat="50.65598259" lon="-116.51484459">
      </trkpt>
      <trkpt lat="50.65599062" lon="-116.51485542">
      </trkpt>
      <trkpt lat="50.65600183" lon="-116.51487052">
      </trkpt>
      <trkpt lat="50.65600666" lon="-116.51487919">
      </trkpt>
      <trkpt lat="50.65602066" lon="-116.51489535">
      </trkpt>
      <trkpt lat="50.65602845" lon="-116.5149069">
      </trkpt>
      <trkpt lat="50.65603461" lon="-116.51490921">
      </trkpt>
      <trkpt lat="50.65604392" lon="-116.51492075">
      </trkpt>
      <trkpt lat="50.6560532" lon="-116.51493228">
      </trkpt>
      <trkpt lat="50.65605943" lon="-116.51494379">
      </trkpt>
      <trkpt lat="50.65606406" lon="-116.51494839">
      </trkpt>
      <trkpt lat="50.65606718" lon="-116.51495759">
      </trkpt>
      <trkpt lat="50.65607031" lon="-116.51496678">
      </trkpt>
      <trkpt lat="50.65607186" lon="-116.51497381">
      </trkpt>
      <trkpt lat="50.65607802" lon="-116.51499045">
      </trkpt>
      <trkpt lat="50.65607958" lon="-116.51499978">
      </trkpt>
      <trkpt lat="50.65608114" lon="-116.51500681">
      </trkpt>
      <trkpt lat="50.65608424" lon="-116.51501857">
      </trkpt>
      <trkpt lat="50.65608886" lon="-116.51503505">
      </trkpt>
      <trkpt lat="50.65609042" lon="-116.51504436">
      </trkpt>
      <trkpt lat="50.6560935" lon="-116.5150538">
      </trkpt>
      <trkpt lat="50.65609661" lon="-116.51507011">
      </trkpt>
      <trkpt lat="50.65609971" lon="-116.5150841">
      </trkpt>
      <trkpt lat="50.65610125" lon="-116.5150911">
      </trkpt>
      <trkpt lat="50.65610281" lon="-116.51510036">
      </trkpt>
      <trkpt lat="50.6561074" lon="-116.51511224">
      </trkpt>
      <trkpt lat="50.65610899" lon="-116.51512578">
      </trkpt>
      <trkpt lat="50.65611212" lon="-116.51513667">
      </trkpt>
      <trkpt lat="50.65611524" lon="-116.51514753">
      </trkpt>
      <trkpt lat="50.65611835" lon="-116.51515838">
      </trkpt>
      <trkpt lat="50.65611989" lon="-116.51516273">
      </trkpt>
      <trkpt lat="50.65612154" lon="-116.51517983">
      </trkpt>
      <trkpt lat="50.65612164" lon="-116.51519469">
      </trkpt>
      <trkpt lat="50.65612321" lon="-116.51520324">
      </trkpt>
      <trkpt lat="50.65612327" lon="-116.51521168">
      </trkpt>
      <trkpt lat="50.65612338" lon="-116.51522644">
      </trkpt>
      <trkpt lat="50.65612343" lon="-116.51523484">
      </trkpt>
      <trkpt lat="50.65612352" lon="-116.51524742">
      </trkpt>
      <trkpt lat="50.6561236" lon="-116.51525789">
      </trkpt>
      <trkpt lat="50.65612369" lon="-116.51527041">
      </trkpt>
      <trkpt lat="50.65612076" lon="-116.51527856">
      </trkpt>
      <trkpt lat="50.65611633" lon="-116.51528655">
      </trkpt>
      <trkpt lat="50.65611492" lon="-116.51529436">
      </trkpt>
      <trkpt lat="50.656112" lon="-116.51530021">
      </trkpt>
      <trkpt lat="50.65610764" lon="-116.51530993">
      </trkpt>
      <trkpt lat="50.65610476" lon="-116.51531769">
      </trkpt>
      <trkpt lat="50.65609891" lon="-116.51532542">
      </trkpt>
      <trkpt lat="50.65609458" lon="-116.51533519">
      </trkpt>
      <trkpt lat="50.6560887" lon="-116.51534114">
      </trkpt>
      <trkpt lat="50.65608144" lon="-116.51535302">
      </trkpt>
      <trkpt lat="50.65607704" lon="-116.51535696">
      </trkpt>
      <trkpt lat="50.65606971" lon="-116.51536295">
      </trkpt>
      <trkpt lat="50.65606382" lon="-116.51536727">
      </trkpt>
      <trkpt lat="50.65605938" lon="-116.51536953">
      </trkpt>
      <trkpt lat="50.6560505" lon="-116.51537402">
      </trkpt>
      <trkpt lat="50.65604606" lon="-116.51537627">
      </trkpt>
      <trkpt lat="50.65603571" lon="-116.51538086">
      </trkpt>
      <trkpt lat="50.65602236" lon="-116.51538565">
      </trkpt>
      <trkpt lat="50.65601048" lon="-116.51538816">
      </trkpt>
      <trkpt lat="50.65600458" lon="-116.51539027">
      </trkpt>
      <trkpt lat="50.65599868" lon="-116.51539237">
      </trkpt>
      <trkpt lat="50.65598983" lon="-116.51539448">
      </trkpt>
      <trkpt lat="50.6559839" lon="-116.51539448">
      </trkpt>
      <trkpt lat="50.65597649" lon="-116.51539448">
      </trkpt>
      <trkpt lat="50.65596468" lon="-116.51539657">
      </trkpt>
      <trkpt lat="50.65596172" lon="-116.51539657">
      </trkpt>
      <trkpt lat="50.65595579" lon="-116.51539659">
      </trkpt>
      <trkpt lat="50.65594542" lon="-116.51539659">
      </trkpt>
      <trkpt lat="50.65594098" lon="-116.51539659">
      </trkpt>
      <trkpt lat="50.65593505" lon="-116.5153966">
      </trkpt>
      <trkpt lat="50.65592321" lon="-116.5153966">
      </trkpt>
      <trkpt lat="50.65591728" lon="-116.5153966">
      </trkpt>
      <trkpt lat="50.65590839" lon="-116.5153966">
      </trkpt>
      <trkpt lat="50.6558995" lon="-116.5153966">
      </trkpt>
      <trkpt lat="50.65589354" lon="-116.5153968">
      </trkpt>
      <trkpt lat="50.65587862" lon="-116.51539733">
      </trkpt>
      <trkpt lat="50.65587115" lon="-116.51539758">
      </trkpt>
      <trkpt lat="50.65586368" lon="-116.51539784">
      </trkpt>
      <trkpt lat="50.65585471" lon="-116.51539815">
      </trkpt>
      <trkpt lat="50.65585023" lon="-116.51539831">
      </trkpt>
      <trkpt lat="50.65583683" lon="-116.51540087">
      </trkpt>
      <trkpt lat="50.65582785" lon="-116.51540119">
      </trkpt>
      <trkpt lat="50.65582336" lon="-116.51540135">
      </trkpt>
      <trkpt lat="50.65581438" lon="-116.51540166">
      </trkpt>
      <trkpt lat="50.65580546" lon="-116.51540407">
      </trkpt>
      <trkpt lat="50.65579197" lon="-116.51540454">
      </trkpt>
      <trkpt lat="50.65577848" lon="-116.51540501">
      </trkpt>
      <trkpt lat="50.65576948" lon="-116.51540532">
      </trkpt>
      <trkpt lat="50.65576198" lon="-116.51540559">
      </trkpt>
      <trkpt lat="50.65575297" lon="-116.5154059">
      </trkpt>
      <trkpt lat="50.65573344" lon="-116.51540658">
      </trkpt>
      <trkpt lat="50.6556682" lon="-116.5154128">
      </trkpt>
      <trkpt lat="50.65566226" lon="-116.51541279">
      </trkpt>
      <trkpt lat="50.65565632" lon="-116.5154128">
      </trkpt>
      <trkpt lat="50.65564591" lon="-116.51541281">
      </trkpt>
      <trkpt lat="50.65563988" lon="-116.51541269">
      </trkpt>
      <trkpt lat="50.65563082" lon="-116.51541253">
      </trkpt>
      <trkpt lat="50.65561872" lon="-116.51541232">
      </trkpt>
      <trkpt lat="50.65560814" lon="-116.51541212">
      </trkpt>
      <trkpt lat="50.65558846" lon="-116.51541177">
      </trkpt>
      <trkpt lat="50.65556118" lon="-116.51541128">
      </trkpt>
      <trkpt lat="50.6555551" lon="-116.51541117">
      </trkpt>
      <trkpt lat="50.65554751" lon="-116.51541103">
      </trkpt>
      <trkpt lat="50.65553858" lon="-116.5154134">
      </trkpt>
      <trkpt lat="50.65553403" lon="-116.51541331">
      </trkpt>
      <trkpt lat="50.65552643" lon="-116.51541318">
      </trkpt>
      <trkpt lat="50.65551883" lon="-116.51541303">
      </trkpt>
      <trkpt lat="50.6555021" lon="-116.51541273">
      </trkpt>
      <trkpt lat="50.65549297" lon="-116.51541257">
      </trkpt>
      <trkpt lat="50.65548079" lon="-116.51541235">
      </trkpt>
      <trkpt lat="50.65546738" lon="-116.51541238">
      </trkpt>
      <trkpt lat="50.65546445" lon="-116.51541243">
      </trkpt>
      <trkpt lat="50.65545421" lon="-116.51541262">
      </trkpt>
      <trkpt lat="50.65544397" lon="-116.51541281">
      </trkpt>
      <trkpt lat="50.65543092" lon="-116.51541549">
      </trkpt>
      <trkpt lat="50.65541944" lon="-116.51542056">
      </trkpt>
      <trkpt lat="50.65541651" lon="-116.51542062">
      </trkpt>
      <trkpt lat="50.65540495" lon="-116.51542327">
      </trkpt>
      <trkpt lat="50.65539922" lon="-116.5154258">
      </trkpt>
      <trkpt lat="50.65538777" lon="-116.51543087">
      </trkpt>
      <trkpt lat="50.65538051" lon="-116.51543337">
      </trkpt>
      <trkpt lat="50.65537053" lon="-116.51544308">
      </trkpt>
      <trkpt lat="50.65536321" lon="-116.51544551">
      </trkpt>
      <trkpt lat="50.65535015" lon="-116.51545278">
      </trkpt>
      <trkpt lat="50.65533562" lon="-116.51546006">
      </trkpt>
      <trkpt lat="50.65532555" lon="-116.51546733">
      </trkpt>
      <trkpt lat="50.65531688" lon="-116.51547217">
      </trkpt>
      <trkpt lat="50.65531105" lon="-116.51547459">
      </trkpt>
      <trkpt lat="50.65530237" lon="-116.51547943">
      </trkpt>
      <trkpt lat="50.6552921" lon="-116.51548185">
      </trkpt>
      <trkpt lat="50.6552848" lon="-116.51548426">
      </trkpt>
      <trkpt lat="50.65528195" lon="-116.51548668">
      </trkpt>
      <trkpt lat="50.65527317" lon="-116.5154891">
      </trkpt>
      <trkpt lat="50.65526302" lon="-116.51549394">
      </trkpt>
      <trkpt lat="50.65525288" lon="-116.51549876">
      </trkpt>
      <trkpt lat="50.65524423" lon="-116.51550358">
      </trkpt>
      <trkpt lat="50.65524003" lon="-116.51550842">
      </trkpt>
      <trkpt lat="50.65523288" lon="-116.51551323">
      </trkpt>
      <trkpt lat="50.65523016" lon="-116.51551805">
      </trkpt>
      <trkpt lat="50.65522448" lon="-116.51552286">
      </trkpt>
      <trkpt lat="50.6552161" lon="-116.51553247">
      </trkpt>
      <trkpt lat="50.65519865" lon="-116.51555207">
      </trkpt>
      <trkpt lat="50.65519329" lon="-116.51555702">
      </trkpt>
      <trkpt lat="50.65517902" lon="-116.51557893">
      </trkpt>
      <trkpt lat="50.65517127" lon="-116.51559106">
      </trkpt>
      <trkpt lat="50.65516734" lon="-116.51559593">
      </trkpt>
      <trkpt lat="50.65516239" lon="-116.51560795">
      </trkpt>
      <trkpt lat="50.65514976" lon="-116.51563201">
      </trkpt>
      <trkpt lat="50.65514207" lon="-116.51564402">
      </trkpt>
      <trkpt lat="50.65513579" lon="-116.51565599">
      </trkpt>
      <trkpt lat="50.65513492" lon="-116.51566544">
      </trkpt>
      <trkpt lat="50.65513405" lon="-116.5156749">
      </trkpt>
      <trkpt lat="50.65513443" lon="-116.51568195">
      </trkpt>
      <trkpt lat="50.6551352" lon="-116.51569606">
      </trkpt>
      <trkpt lat="50.65513545" lon="-116.51570074">
      </trkpt>
      <trkpt lat="50.65513635" lon="-116.51571716">
      </trkpt>
      <trkpt lat="50.65513685" lon="-116.51572653">
      </trkpt>
      <trkpt lat="50.65513775" lon="-116.51574291">
      </trkpt>
      <trkpt lat="50.65513963" lon="-116.51575223">
      </trkpt>
      <trkpt lat="50.65514189" lon="-116.51576853">
      </trkpt>
      <trkpt lat="50.65514602" lon="-116.5157941">
      </trkpt>
      <trkpt lat="50.65514815" lon="-116.51580802">
      </trkpt>
      <trkpt lat="50.65514865" lon="-116.51581731">
      </trkpt>
      <trkpt lat="50.65515215" lon="-116.51583118">
      </trkpt>
      <trkpt lat="50.65515415" lon="-116.51584275">
      </trkpt>
      <trkpt lat="50.65515589" lon="-116.51584966">
      </trkpt>
      <trkpt lat="50.65515938" lon="-116.5158635">
      </trkpt>
      <trkpt lat="50.65516548" lon="-116.51587498">
      </trkpt>
      <trkpt lat="50.65517145" lon="-116.51588415">
      </trkpt>
      <trkpt lat="50.65517889" lon="-116.51589357">
      </trkpt>
      <trkpt lat="50.65518666" lon="-116.51590301">
      </trkpt>
      <trkpt lat="50.65519593" lon="-116.51591243">
      </trkpt>
      <trkpt lat="50.65520172" lon="-116.51591945">
      </trkpt>
      <trkpt lat="50.65521204" lon="-116.5159265">
      </trkpt>
      <trkpt lat="50.65522429" lon="-116.5159381">
      </trkpt>
      <trkpt lat="50.65523094" lon="-116.51594273">
      </trkpt>
      <trkpt lat="50.65523941" lon="-116.51594966">
      </trkpt>
      <trkpt lat="50.65524604" lon="-116.51595426">
      </trkpt>
      <trkpt lat="50.65525776" lon="-116.51596345">
      </trkpt>
      <trkpt lat="50.65526724" lon="-116.51597029">
      </trkpt>
      <trkpt lat="50.65527486" lon="-116.51597707">
      </trkpt>
      <trkpt lat="50.65528868" lon="-116.51599061">
      </trkpt>
      <trkpt lat="50.6552965" lon="-116.51599962">
      </trkpt>
      <trkpt lat="50.6553043" lon="-116.51600863">
      </trkpt>
      <trkpt lat="50.65531383" lon="-116.51601986">
      </trkpt>
      <trkpt lat="50.65531835" lon="-116.51602211">
      </trkpt>
      <trkpt lat="50.65532363" lon="-116.51602886">
      </trkpt>
      <trkpt lat="50.65533376" lon="-116.51604006">
      </trkpt>
      <trkpt lat="50.65534038" lon="-116.51604677">
      </trkpt>
      <trkpt lat="50.65534697" lon="-116.51605345">
      </trkpt>
      <trkpt lat="50.65535591" lon="-116.51606234">
      </trkpt>
      <trkpt lat="50.65536167" lon="-116.51606678">
      </trkpt>
      <trkpt lat="50.65536897" lon="-116.51607344">
      </trkpt>
      <trkpt lat="50.65537736" lon="-116.51607788">
      </trkpt>
      <trkpt lat="50.65538611" lon="-116.51608452">
      </trkpt>
      <trkpt lat="50.65540331" lon="-116.51609999">
      </trkpt>
      <trkpt lat="50.65541106" lon="-116.51610658">
      </trkpt>
      <trkpt lat="50.65542535" lon="-116.51612195">
      </trkpt>
      <trkpt lat="50.65543889" lon="-116.51613069">
      </trkpt>
      <trkpt lat="50.65544791" lon="-116.51613945">
      </trkpt>
      <trkpt lat="50.6554553" lon="-116.51614601">
      </trkpt>
      <trkpt lat="50.65546267" lon="-116.51615257">
      </trkpt>
      <trkpt lat="50.65547175" lon="-116.51616348">
      </trkpt>
      <trkpt lat="50.65548372" lon="-116.51617653">
      </trkpt>
      <trkpt lat="50.65548697" lon="-116.51618305">
      </trkpt>
      <trkpt lat="50.65549867" lon="-116.51619172">
      </trkpt>
      <trkpt lat="50.65550801" lon="-116.51620029">
      </trkpt>
      <trkpt lat="50.65551896" lon="-116.51621097">
      </trkpt>
      <trkpt lat="50.65552929" lon="-116.51621737">
      </trkpt>
      <trkpt lat="50.655534" lon="-116.5162238">
      </trkpt>
      <trkpt lat="50.65554826" lon="-116.51623241">
      </trkpt>
      <trkpt lat="50.65555701" lon="-116.51623882">
      </trkpt>
      <trkpt lat="50.65556614" lon="-116.51624512">
      </trkpt>
      <trkpt lat="50.65557407" lon="-116.5162535">
      </trkpt>
      <trkpt lat="50.6555836" lon="-116.51626394">
      </trkpt>
      <trkpt lat="50.65559427" lon="-116.51627225">
      </trkpt>
      <trkpt lat="50.65560511" lon="-116.51628259">
      </trkpt>
      <trkpt lat="50.65560993" lon="-116.51628881">
      </trkpt>
      <trkpt lat="50.65562028" lon="-116.51629495">
      </trkpt>
      <trkpt lat="50.65563056" lon="-116.51630327">
      </trkpt>
      <trkpt lat="50.65564214" lon="-116.51631157">
      </trkpt>
      <trkpt lat="50.6556496" lon="-116.51631986">
      </trkpt>
      <trkpt lat="50.65565536" lon="-116.51632399">
      </trkpt>
      <trkpt lat="50.65567111" lon="-116.5163343">
      </trkpt>
      <trkpt lat="50.65568394" lon="-116.51634254">
      </trkpt>
      <trkpt lat="50.65568681" lon="-116.51634458">
      </trkpt>
      <trkpt lat="50.65569268" lon="-116.51635073">
      </trkpt>
      <trkpt lat="50.65570546" lon="-116.51635893">
      </trkpt>
      <trkpt lat="50.65571141" lon="-116.51636499">
      </trkpt>
      <trkpt lat="50.65572434" lon="-116.516373">
      </trkpt>
      <trkpt lat="50.65574338" lon="-116.51638469">
      </trkpt>
      <trkpt lat="50.65576237" lon="-116.51639624">
      </trkpt>
      <trkpt lat="50.65577832" lon="-116.5164058">
      </trkpt>
      <trkpt lat="50.6557884" lon="-116.5164115">
      </trkpt>
      <trkpt lat="50.65579979" lon="-116.51641715">
      </trkpt>
      <trkpt lat="50.65581417" lon="-116.51642661">
      </trkpt>
      <trkpt lat="50.65583369" lon="-116.51643612">
      </trkpt>
      <trkpt lat="50.65584459" lon="-116.51644204">
      </trkpt>
      <trkpt lat="50.65586228" lon="-116.51645189">
      </trkpt>
      <trkpt lat="50.65588256" lon="-116.51646171">
      </trkpt>
      <trkpt lat="50.65592702" lon="-116.51648517">
      </trkpt>
      <trkpt lat="50.65593776" lon="-116.51649101">
      </trkpt>
      <trkpt lat="50.65600121" lon="-116.51652318">
      </trkpt>
      <trkpt lat="50.65602234" lon="-116.51653516">
      </trkpt>
      <trkpt lat="50.65603555" lon="-116.51654303">
      </trkpt>
      <trkpt lat="50.65611296" lon="-116.51658507">
      </trkpt>
      <trkpt lat="50.65613261" lon="-116.51659889">
      </trkpt>
      <trkpt lat="50.65620693" lon="-116.516627">
      </trkpt>
      <trkpt lat="50.65631177" lon="-116.51666274">
      </trkpt>
      <trkpt lat="50.65632075" lon="-116.51666639">
      </trkpt>
      <trkpt lat="50.65632975" lon="-116.51666813">
      </trkpt>
      <trkpt lat="50.6563387" lon="-116.51667176">
      </trkpt>
      <trkpt lat="50.65634506" lon="-116.51667545">
      </trkpt>
      <trkpt lat="50.65635142" lon="-116.51667912">
      </trkpt>
      <trkpt lat="50.65636038" lon="-116.51668085">
      </trkpt>
      <trkpt lat="50.65636543" lon="-116.51668455">
      </trkpt>
      <trkpt lat="50.6563718" lon="-116.51668632">
      </trkpt>
      <trkpt lat="50.65637689" lon="-116.51668811">
      </trkpt>
      <trkpt lat="50.65638445" lon="-116.51669363">
      </trkpt>
      <trkpt lat="50.65639331" lon="-116.51669723">
      </trkpt>
      <trkpt lat="50.65640089" lon="-116.51670086">
      </trkpt>
      <trkpt lat="50.65640967" lon="-116.51670627">
      </trkpt>
      <trkpt lat="50.65641969" lon="-116.51671161">
      </trkpt>
      <trkpt lat="50.65642587" lon="-116.51671702">
      </trkpt>
      <trkpt lat="50.65642835" lon="-116.51671882">
      </trkpt>
      <trkpt lat="50.65643699" lon="-116.51672601">
      </trkpt>
      <trkpt lat="50.65644449" lon="-116.5167296">
      </trkpt>
      <trkpt lat="50.65644944" lon="-116.51673319">
      </trkpt>
      <trkpt lat="50.65645438" lon="-116.51673677">
      </trkpt>
      <trkpt lat="50.65647042" lon="-116.51674747">
      </trkpt>
      <trkpt lat="50.65647906" lon="-116.51675282">
      </trkpt>
      <trkpt lat="50.65648895" lon="-116.51675815">
      </trkpt>
      <trkpt lat="50.65649764" lon="-116.5167617">
      </trkpt>
      <trkpt lat="50.65650379" lon="-116.51676524">
      </trkpt>
      <trkpt lat="50.65651733" lon="-116.5167723">
      </trkpt>
      <trkpt lat="50.65652462" lon="-116.51677759">
      </trkpt>
      <trkpt lat="50.65653556" lon="-116.51678464">
      </trkpt>
      <trkpt lat="50.65654546" lon="-116.51678815">
      </trkpt>
      <trkpt lat="50.65655864" lon="-116.51679866">
      </trkpt>
      <trkpt lat="50.65656837" lon="-116.51680389">
      </trkpt>
      <trkpt lat="50.65657581" lon="-116.51680564">
      </trkpt>
      <trkpt lat="50.65659015" lon="-116.51681607">
      </trkpt>
      <trkpt lat="50.65659505" lon="-116.5168178">
      </trkpt>
      <trkpt lat="50.65661421" lon="-116.51682993">
      </trkpt>
      <trkpt lat="50.65662271" lon="-116.51683338">
      </trkpt>
      <trkpt lat="50.65662608" lon="-116.5168386">
      </trkpt>
      <trkpt lat="50.65663103" lon="-116.51684046">
      </trkpt>
      <trkpt lat="50.6566408" lon="-116.51684596">
      </trkpt>
      <trkpt lat="50.65664574" lon="-116.51684782">
      </trkpt>
      <trkpt lat="50.65665424" lon="-116.51685327">
      </trkpt>
      <trkpt lat="50.65666612" lon="-116.51686404">
      </trkpt>
      <trkpt lat="50.65667091" lon="-116.51686765">
      </trkpt>
      <trkpt lat="50.6566781" lon="-116.51687304">
      </trkpt>
      <trkpt lat="50.65668998" lon="-116.5168819">
      </trkpt>
      <trkpt lat="50.65669597" lon="-116.51688542">
      </trkpt>
      <trkpt lat="50.65670541" lon="-116.51689241">
      </trkpt>
      <trkpt lat="50.6567112" lon="-116.51689764">
      </trkpt>
      <trkpt lat="50.65671717" lon="-116.51690116">
      </trkpt>
      <trkpt lat="50.65672515" lon="-116.5169098">
      </trkpt>
      <trkpt lat="50.65673109" lon="-116.51691525">
      </trkpt>
      <trkpt lat="50.65674184" lon="-116.51692438">
      </trkpt>
      <trkpt lat="50.65675481" lon="-116.51693702">
      </trkpt>
      <trkpt lat="50.6567572" lon="-116.51693885">
      </trkpt>
      <trkpt lat="50.65676554" lon="-116.51694419">
      </trkpt>
      <trkpt lat="50.6567726" lon="-116.51694949">
      </trkpt>
      <trkpt lat="50.65677479" lon="-116.51695295">
      </trkpt>
      <trkpt lat="50.65678309" lon="-116.51695827">
      </trkpt>
      <trkpt lat="50.65679106" lon="-116.51696699">
      </trkpt>
      <trkpt lat="50.65679683" lon="-116.51697222">
      </trkpt>
      <trkpt lat="50.65680744" lon="-116.51697928">
      </trkpt>
      <trkpt lat="50.65681212" lon="-116.51698278">
      </trkpt>
      <trkpt lat="50.6568202" lon="-116.51698975">
      </trkpt>
      <trkpt lat="50.65682253" lon="-116.5169915">
      </trkpt>
      <trkpt lat="50.65682916" lon="-116.5170001">
      </trkpt>
      <trkpt lat="50.65684079" lon="-116.51700881">
      </trkpt>
      <trkpt lat="50.65685345" lon="-116.51701922">
      </trkpt>
      <trkpt lat="50.65685934" lon="-116.51702272">
      </trkpt>
      <trkpt lat="50.65686377" lon="-116.51702785">
      </trkpt>
      <trkpt lat="50.65687051" lon="-116.51703471">
      </trkpt>
      <trkpt lat="50.65687993" lon="-116.51703997">
      </trkpt>
      <trkpt lat="50.65688684" lon="-116.51704514">
      </trkpt>
      <trkpt lat="50.65690543" lon="-116.51705727">
      </trkpt>
      <trkpt lat="50.65691479" lon="-116.5170625">
      </trkpt>
      <trkpt lat="50.65691729" lon="-116.51706257">
      </trkpt>
      <trkpt lat="50.65692291" lon="-116.51706768">
      </trkpt>
      <trkpt lat="50.65693014" lon="-116.51706948">
      </trkpt>
      <trkpt lat="50.6569379" lon="-116.51707421">
      </trkpt>
      <trkpt lat="50.65695122" lon="-116.51708207">
      </trkpt>
      <trkpt lat="50.65695915" lon="-116.51708512">
      </trkpt>
      <trkpt lat="50.6569649" lon="-116.5170866">
      </trkpt>
      <trkpt lat="50.65697043" lon="-116.51708971">
      </trkpt>
      <trkpt lat="50.65697714" lon="-116.5170928">
      </trkpt>
      <trkpt lat="50.65698384" lon="-116.51709587">
      </trkpt>
      <trkpt lat="50.65698838" lon="-116.51709738">
      </trkpt>
      <trkpt lat="50.65699938" lon="-116.51710359">
      </trkpt>
      <trkpt lat="50.65700153" lon="-116.51710514">
      </trkpt>
      <trkpt lat="50.65700819" lon="-116.51710821">
      </trkpt>
      <trkpt lat="50.65701679" lon="-116.51711445">
      </trkpt>
      <trkpt lat="50.65702675" lon="-116.51711902">
      </trkpt>
      <trkpt lat="50.65703123" lon="-116.5171205">
      </trkpt>
      <trkpt lat="50.65703786" lon="-116.51712355">
      </trkpt>
      <trkpt lat="50.65704777" lon="-116.51712808">
      </trkpt>
      <trkpt lat="50.65705438" lon="-116.51713111">
      </trkpt>
      <trkpt lat="50.65706308" lon="-116.51713568">
      </trkpt>
      <trkpt lat="50.65706755" lon="-116.51713715">
      </trkpt>
      <trkpt lat="50.65707083" lon="-116.51713867">
      </trkpt>
      <trkpt lat="50.65708301" lon="-116.51714311">
      </trkpt>
      <trkpt lat="50.65708769" lon="-116.51714295">
      </trkpt>
      <trkpt lat="50.65709658" lon="-116.51714589">
      </trkpt>
      <trkpt lat="50.6571083" lon="-116.51715126">
      </trkpt>
      <trkpt lat="50.65711583" lon="-116.51715354">
      </trkpt>
      <trkpt lat="50.65712309" lon="-116.51715741">
      </trkpt>
      <trkpt lat="50.65712569" lon="-116.51715765">
      </trkpt>
      <trkpt lat="50.65713323" lon="-116.51715995">
      </trkpt>
      <trkpt lat="50.65714023" lon="-116.51716539">
      </trkpt>
      <trkpt lat="50.65714386" lon="-116.51716732">
      </trkpt>
      <trkpt lat="50.65715329" lon="-116.51717279">
      </trkpt>
      <trkpt lat="50.65715581" lon="-116.51717296">
      </trkpt>
      <trkpt lat="50.65716246" lon="-116.51717799">
      </trkpt>
      <trkpt lat="50.65717005" lon="-116.51718463">
      </trkpt>
      <trkpt lat="50.65717857" lon="-116.51718669">
      </trkpt>
      <trkpt lat="50.65718299" lon="-116.51719004">
      </trkpt>
      <trkpt lat="50.65718772" lon="-116.51719187">
      </trkpt>
      <trkpt lat="50.65719058" lon="-116.5171905">
      </trkpt>
      <trkpt lat="50.65725425" lon="-116.51727657">
      </trkpt>
      <trkpt lat="50.65726151" lon="-116.51729179">
      </trkpt>
      <trkpt lat="50.65726612" lon="-116.51730695">
      </trkpt>
      <trkpt lat="50.65727355" lon="-116.51731839">
      </trkpt>
      <trkpt lat="50.6572784" lon="-116.51732996">
      </trkpt>
      <trkpt lat="50.65728577" lon="-116.51734538">
      </trkpt>
      <trkpt lat="50.65729561" lon="-116.51736469">
      </trkpt>
      <trkpt lat="50.6573058" lon="-116.51738059">
      </trkpt>
      <trkpt lat="50.65730836" lon="-116.51738458">
      </trkpt>
      <trkpt lat="50.6573211" lon="-116.5174045">
      </trkpt>
      <trkpt lat="50.65732603" lon="-116.51741623">
      </trkpt>
      <trkpt lat="50.65733621" lon="-116.51743214">
      </trkpt>
      <trkpt lat="50.65734096" lon="-116.51744759">
      </trkpt>
      <trkpt lat="50.65734858" lon="-116.5174595">
      </trkpt>
      <trkpt lat="50.65735094" lon="-116.5174672">
      </trkpt>
      <trkpt lat="50.65735844" lon="-116.51748294">
      </trkpt>
      <trkpt lat="50.65737096" lon="-116.51751472">
      </trkpt>
      <trkpt lat="50.65738118" lon="-116.51753481">
      </trkpt>
      <trkpt lat="50.6573888" lon="-116.51755082">
      </trkpt>
      <trkpt lat="50.65739353" lon="-116.51757028">
      </trkpt>
      <trkpt lat="50.65739565" lon="-116.51758563">
      </trkpt>
      <trkpt lat="50.65740561" lon="-116.51760925">
      </trkpt>
      <trkpt lat="50.6574157" lon="-116.51762499">
      </trkpt>
      <trkpt lat="50.65741784" lon="-116.51763625">
      </trkpt>
      <trkpt lat="50.65742249" lon="-116.51765143">
      </trkpt>
      <trkpt lat="50.65743468" lon="-116.51767835">
      </trkpt>
      <trkpt lat="50.6574368" lon="-116.51768955">
      </trkpt>
      <trkpt lat="50.65744929" lon="-116.51770899">
      </trkpt>
      <trkpt lat="50.65745118" lon="-116.51772374">
      </trkpt>
      <trkpt lat="50.65745812" lon="-116.51774635">
      </trkpt>
      <trkpt lat="50.65746546" lon="-116.51776579">
      </trkpt>
      <trkpt lat="50.65747278" lon="-116.51778519">
      </trkpt>
      <trkpt lat="50.65747493" lon="-116.51780046">
      </trkpt>
      <trkpt lat="50.6574796" lon="-116.51781965">
      </trkpt>
      <trkpt lat="50.65748136" lon="-116.51784613">
      </trkpt>
      <trkpt lat="50.6574835" lon="-116.51786133">
      </trkpt>
      <trkpt lat="50.65748519" lon="-116.51788353">
      </trkpt>
      <trkpt lat="50.65748942" lon="-116.51790568">
      </trkpt>
      <trkpt lat="50.65749153" lon="-116.51792071">
      </trkpt>
      <trkpt lat="50.65749833" lon="-116.5179509">
      </trkpt>
      <trkpt lat="50.65750277" lon="-116.51797346">
      </trkpt>
      <trkpt lat="50.65750252" lon="-116.51798088">
      </trkpt>
      <trkpt lat="50.65750721" lon="-116.51799597">
      </trkpt>
      <trkpt lat="50.657509" lon="-116.51802226">
      </trkpt>
      <trkpt lat="50.65750883" lon="-116.51802984">
      </trkpt>
      <trkpt lat="50.65751093" lon="-116.51805278">
      </trkpt>
      <trkpt lat="50.65751529" lon="-116.51809104">
      </trkpt>
      <trkpt lat="50.65751474" lon="-116.51811369">
      </trkpt>
      <trkpt lat="50.65751882" lon="-116.5181631">
      </trkpt>
      <trkpt lat="50.65752578" lon="-116.51820135">
      </trkpt>
      <trkpt lat="50.65753019" lon="-116.51823556">
      </trkpt>
      <trkpt lat="50.65753475" lon="-116.51827807">
      </trkpt>
      <trkpt lat="50.65754218" lon="-116.51831352">
      </trkpt>
      <trkpt lat="50.65754204" lon="-116.51832509">
      </trkpt>
      <trkpt lat="50.65754442" lon="-116.5183446">
      </trkpt>
      <trkpt lat="50.65754918" lon="-116.5183836">
      </trkpt>
      <trkpt lat="50.65755137" lon="-116.51841848">
      </trkpt>
      <trkpt lat="50.65755396" lon="-116.51843457">
      </trkpt>
      <trkpt lat="50.65755396" lon="-116.51847438">
      </trkpt>
      <trkpt lat="50.65755397" lon="-116.51849827">
      </trkpt>
      <trkpt lat="50.65755397" lon="-116.51852216">
      </trkpt>
      <trkpt lat="50.65755398" lon="-116.51856197">
      </trkpt>
      <trkpt lat="50.65755399" lon="-116.51859382">
      </trkpt>
      <trkpt lat="50.657554" lon="-116.51862567">
      </trkpt>
      <trkpt lat="50.6575535" lon="-116.5186957">
      </trkpt>
      <trkpt lat="50.65755274" lon="-116.51875688">
      </trkpt>
      <trkpt lat="50.65755218" lon="-116.51880268">
      </trkpt>
      <trkpt lat="50.65755176" lon="-116.51883698">
      </trkpt>
      <trkpt lat="50.65755143" lon="-116.51886364">
      </trkpt>
      <trkpt lat="50.65755115" lon="-116.51888648">
      </trkpt>
      <trkpt lat="50.657551" lon="-116.51889789">
      </trkpt>
      <trkpt lat="50.65755315" lon="-116.51893229">
      </trkpt>
      <trkpt lat="50.65755292" lon="-116.51895127">
      </trkpt>
      <trkpt lat="50.65755531" lon="-116.51896667">
      </trkpt>
      <trkpt lat="50.65755494" lon="-116.51900494">
      </trkpt>
      <trkpt lat="50.65755494" lon="-116.51903265">
      </trkpt>
      <trkpt lat="50.65755494" lon="-116.51905641">
      </trkpt>
      <trkpt lat="50.65755495" lon="-116.51908413">
      </trkpt>
      <trkpt lat="50.65755234" lon="-116.51910754">
      </trkpt>
      <trkpt lat="50.65754974" lon="-116.51912302">
      </trkpt>
      <trkpt lat="50.65754715" lon="-116.51914246">
      </trkpt>
      <trkpt lat="50.65754455" lon="-116.51916982">
      </trkpt>
      <trkpt lat="50.65754195" lon="-116.5191932">
      </trkpt>
      <trkpt lat="50.65753935" lon="-116.51920866">
      </trkpt>
      <trkpt lat="50.65753675" lon="-116.51922808">
      </trkpt>
      <trkpt lat="50.65753415" lon="-116.51924749">
      </trkpt>
      <trkpt lat="50.65753156" lon="-116.51926689">
      </trkpt>
      <trkpt lat="50.65752415" lon="-116.51931086">
      </trkpt>
      <trkpt lat="50.657517" lon="-116.51936384">
      </trkpt>
      <trkpt lat="50.6575069" lon="-116.51941105">
      </trkpt>
      <trkpt lat="50.65749921" lon="-116.51943797">
      </trkpt>
      <trkpt lat="50.65749408" lon="-116.51945724">
      </trkpt>
      <trkpt lat="50.65748638" lon="-116.51948019">
      </trkpt>
      <trkpt lat="50.65748382" lon="-116.51948388">
      </trkpt>
      <trkpt lat="50.65747101" lon="-116.51949839">
      </trkpt>
      <trkpt lat="50.65746076" lon="-116.51951709">
      </trkpt>
      <trkpt lat="50.65745053" lon="-116.5195358">
      </trkpt>
      <trkpt lat="50.65743774" lon="-116.51955421">
      </trkpt>
      <trkpt lat="50.65743007" lon="-116.51956526">
      </trkpt>
      <trkpt lat="50.65741986" lon="-116.51958392">
      </trkpt>
      <trkpt lat="50.65741731" lon="-116.51959154">
      </trkpt>
      <trkpt lat="50.65740455" lon="-116.51961386">
      </trkpt>
      <trkpt lat="50.65739446" lon="-116.51963305">
      </trkpt>
      <trkpt lat="50.657387" lon="-116.51965305">
      </trkpt>
      <trkpt lat="50.65738454" lon="-116.51966111">
      </trkpt>
      <trkpt lat="50.65737199" lon="-116.51968053">
      </trkpt>
      <trkpt lat="50.65736194" lon="-116.51969607">
      </trkpt>
      <trkpt lat="50.65735698" lon="-116.51971204">
      </trkpt>
      <trkpt lat="50.65734689" lon="-116.51972333">
      </trkpt>
      <trkpt lat="50.65733429" lon="-116.51974629">
      </trkpt>
      <trkpt lat="50.65733176" lon="-116.51975404">
      </trkpt>
      <trkpt lat="50.65732169" lon="-116.51977714">
      </trkpt>
      <trkpt lat="50.6573116" lon="-116.51979629">
      </trkpt>
      <trkpt lat="50.65730405" lon="-116.51981163">
      </trkpt>
      <trkpt lat="50.65729397" lon="-116.51984652">
      </trkpt>
      <trkpt lat="50.65728642" lon="-116.51986579">
      </trkpt>
      <trkpt lat="50.65727888" lon="-116.51988505">
      </trkpt>
      <trkpt lat="50.65726365" lon="-116.51991468">
      </trkpt>
      <trkpt lat="50.65725599" lon="-116.51993302">
      </trkpt>
      <trkpt lat="50.65724323" lon="-116.51995438">
      </trkpt>
      <trkpt lat="50.65723304" lon="-116.51996438">
      </trkpt>
      <trkpt lat="50.65719817" lon="-116.5200731">
      </trkpt>
      <trkpt lat="50.65719071" lon="-116.52009668">
      </trkpt>
      <trkpt lat="50.65718578" lon="-116.52012025">
      </trkpt>
      <trkpt lat="50.65717574" lon="-116.52014783">
      </trkpt>
      <trkpt lat="50.65716558" lon="-116.52017938">
      </trkpt>
      <trkpt lat="50.65716052" lon="-116.52020693">
      </trkpt>
      <trkpt lat="50.65715038" lon="-116.52023059">
      </trkpt>
      <trkpt lat="50.65714531" lon="-116.52025418">
      </trkpt>
      <trkpt lat="50.65713528" lon="-116.52028169">
      </trkpt>
      <trkpt lat="50.65713034" lon="-116.52029739">
      </trkpt>
      <trkpt lat="50.65712035" lon="-116.52032879">
      </trkpt>
      <trkpt lat="50.65712049" lon="-116.52035233">
      </trkpt>
      <trkpt lat="50.65711295" lon="-116.52037589">
      </trkpt>
      <trkpt lat="50.65710547" lon="-116.52041122">
      </trkpt>
      <trkpt lat="50.65709546" lon="-116.52044262">
      </trkpt>
      <trkpt lat="50.65709053" lon="-116.52047009">
      </trkpt>
      <trkpt lat="50.65708801" lon="-116.52047401">
      </trkpt>
      <trkpt lat="50.65708559" lon="-116.52049759">
      </trkpt>
      <trkpt lat="50.65707808" lon="-116.5205172">
      </trkpt>
      <trkpt lat="50.65707314" lon="-116.5205447">
      </trkpt>
      <trkpt lat="50.65706823" lon="-116.52057613">
      </trkpt>
      <trkpt lat="50.65706577" lon="-116.52059185">
      </trkpt>
      <trkpt lat="50.65706337" lon="-116.52061941">
      </trkpt>
      <trkpt lat="50.6570585" lon="-116.52066271">
      </trkpt>
      <trkpt lat="50.65705358" lon="-116.5206942">
      </trkpt>
      <trkpt lat="50.65704365" lon="-116.5207414">
      </trkpt>
      <trkpt lat="50.65702866" lon="-116.52078849">
      </trkpt>
      <trkpt lat="50.65701621" lon="-116.52083173">
      </trkpt>
      <trkpt lat="50.65701384" lon="-116.5208516">
      </trkpt>
      <trkpt lat="50.65700887" lon="-116.52086342">
      </trkpt>
      <trkpt lat="50.65700148" lon="-116.52089114">
      </trkpt>
      <trkpt lat="50.65699651" lon="-116.52090298">
      </trkpt>
      <trkpt lat="50.6569891" lon="-116.52092673">
      </trkpt>
      <trkpt lat="50.65698415" lon="-116.52094256">
      </trkpt>
      <trkpt lat="50.65697665" lon="-116.52096221">
      </trkpt>
      <trkpt lat="50.65696918" lon="-116.52098585">
      </trkpt>
      <trkpt lat="50.65695418" lon="-116.52101719">
      </trkpt>
      <trkpt lat="50.65693915" lon="-116.5210366">
      </trkpt>
      <trkpt lat="50.65691919" lon="-116.52105616">
      </trkpt>
      <trkpt lat="50.65690923" lon="-116.52106411">
      </trkpt>
      <trkpt lat="50.65690177" lon="-116.52107206">
      </trkpt>
      <trkpt lat="50.65689431" lon="-116.521084">
      </trkpt>
      <trkpt lat="50.65687937" lon="-116.52109594">
      </trkpt>
      <trkpt lat="50.65686443" lon="-116.52111584">
      </trkpt>
      <trkpt lat="50.65685447" lon="-116.5211278">
      </trkpt>
      <trkpt lat="50.65683951" lon="-116.52113975">
      </trkpt>
      <trkpt lat="50.65682206" lon="-116.52115969">
      </trkpt>
      <trkpt lat="50.65680959" lon="-116.52117575">
      </trkpt>
      <trkpt lat="50.6568021" lon="-116.52117979">
      </trkpt>
      <trkpt lat="50.65678462" lon="-116.52118788">
      </trkpt>
      <trkpt lat="50.65676463" lon="-116.52119598">
      </trkpt>
      <trkpt lat="50.65675463" lon="-116.5212">
      </trkpt>
      <trkpt lat="50.65674713" lon="-116.52120395">
      </trkpt>
      <trkpt lat="50.65666723" lon="-116.52121909">
      </trkpt>
      <trkpt lat="50.65660225" lon="-116.52126277">
      </trkpt>
      <trkpt lat="50.65658727" lon="-116.52126662">
      </trkpt>
      <trkpt lat="50.65656726" lon="-116.5212904">
      </trkpt>
      <trkpt lat="50.65656222" lon="-116.52130242">
      </trkpt>
      <trkpt lat="50.65655216" lon="-116.52132243">
      </trkpt>
      <trkpt lat="50.65653958" lon="-116.52135435">
      </trkpt>
      <trkpt lat="50.65652705" lon="-116.52138601">
      </trkpt>
      <trkpt lat="50.65651699" lon="-116.52141385">
      </trkpt>
      <trkpt lat="50.65650938" lon="-116.52143795">
      </trkpt>
      <trkpt lat="50.65650166" lon="-116.52147433">
      </trkpt>
      <trkpt lat="50.65650156" lon="-116.5214866">
      </trkpt>
      <trkpt lat="50.65650139" lon="-116.52150707">
      </trkpt>
      <trkpt lat="50.65650132" lon="-116.52151527">
      </trkpt>
      <trkpt lat="50.65650107" lon="-116.52154399">
      </trkpt>
      <trkpt lat="50.65650079" lon="-116.5215769">
      </trkpt>
      <trkpt lat="50.65650306" lon="-116.52160969">
      </trkpt>
      <trkpt lat="50.65650544" lon="-116.5216381">
      </trkpt>
      <trkpt lat="50.65651033" lon="-116.5216626">
      </trkpt>
      <trkpt lat="50.65651273" lon="-116.52168703">
      </trkpt>
      <trkpt lat="50.65651514" lon="-116.52171146">
      </trkpt>
      <trkpt lat="50.65652231" lon="-116.52176119">
      </trkpt>
      <trkpt lat="50.65652465" lon="-116.52177419">
      </trkpt>
      <trkpt lat="50.65652694" lon="-116.52179145">
      </trkpt>
      <trkpt lat="50.65653153" lon="-116.5218261">
      </trkpt>
      <trkpt lat="50.65653374" lon="-116.52185205">
      </trkpt>
      <trkpt lat="50.65653366" lon="-116.52186853">
      </trkpt>
      <trkpt lat="50.65653604" lon="-116.52190155">
      </trkpt>
      <trkpt lat="50.65653586" lon="-116.52195078">
      </trkpt>
      <trkpt lat="50.65653577" lon="-116.52197543">
      </trkpt>
      <trkpt lat="50.65653574" lon="-116.52198365">
      </trkpt>
      <trkpt lat="50.6565356" lon="-116.52202478">
      </trkpt>
      <trkpt lat="50.65653526" lon="-116.52207129">
      </trkpt>
      <trkpt lat="50.65653512" lon="-116.52210444">
      </trkpt>
      <trkpt lat="50.65652993" lon="-116.52214533">
      </trkpt>
      <trkpt lat="50.6565273" lon="-116.5221782">
      </trkpt>
      <trkpt lat="50.65652466" lon="-116.52220695">
      </trkpt>
      <trkpt lat="50.65651698" lon="-116.52223942">
      </trkpt>
      <trkpt lat="50.6565169" lon="-116.52226014">
      </trkpt>
      <trkpt lat="50.65651169" lon="-116.52230116">
      </trkpt>
      <trkpt lat="50.65651163" lon="-116.52231776">
      </trkpt>
      <trkpt lat="50.6565064" lon="-116.522363">
      </trkpt>
      <trkpt lat="50.65650366" lon="-116.52239259">
      </trkpt>
      <trkpt lat="50.65650102" lon="-116.52240525">
      </trkpt>
      <trkpt lat="50.65649836" lon="-116.52242219">
      </trkpt>
      <trkpt lat="50.65649565" lon="-116.52244347">
      </trkpt>
      <trkpt lat="50.65649298" lon="-116.52246046">
      </trkpt>
      <trkpt lat="50.65649041" lon="-116.52247665">
      </trkpt>
      <trkpt lat="50.65648277" lon="-116.52251276">
      </trkpt>
      <trkpt lat="50.65648023" lon="-116.52253692">
      </trkpt>
      <trkpt lat="50.65647768" lon="-116.52255299">
      </trkpt>
      <trkpt lat="50.65647259" lon="-116.52259725">
      </trkpt>
      <trkpt lat="50.65647259" lon="-116.52260936">
      </trkpt>
      <trkpt lat="50.6564675" lon="-116.52263746">
      </trkpt>
      <trkpt lat="50.65646751" lon="-116.52266977">
      </trkpt>
      <trkpt lat="50.65646496" lon="-116.52268585">
      </trkpt>
      <trkpt lat="50.65646492" lon="-116.52272254">
      </trkpt>
      <trkpt lat="50.6564648" lon="-116.5227477">
      </trkpt>
      <trkpt lat="50.65646466" lon="-116.52277706">
      </trkpt>
      <trkpt lat="50.65646452" lon="-116.52280644">
      </trkpt>
      <trkpt lat="50.65646953" lon="-116.52284793">
      </trkpt>
      <trkpt lat="50.65647466" lon="-116.5228803">
      </trkpt>
      <trkpt lat="50.65647462" lon="-116.52289276">
      </trkpt>
      <trkpt lat="50.65647959" lon="-116.52293068">
      </trkpt>
      <trkpt lat="50.6564846" lon="-116.52295597">
      </trkpt>
      <trkpt lat="50.65649219" lon="-116.5229855">
      </trkpt>
      <trkpt lat="50.65649722" lon="-116.52301084">
      </trkpt>
      <trkpt lat="50.65650229" lon="-116.52302774">
      </trkpt>
      <trkpt lat="50.65651504" lon="-116.52307351">
      </trkpt>
      <trkpt lat="50.65651761" lon="-116.52308568">
      </trkpt>
      <trkpt lat="50.65652275" lon="-116.52311002">
      </trkpt>
      <trkpt lat="50.65652523" lon="-116.52314363">
      </trkpt>
      <trkpt lat="50.65653026" lon="-116.5231693">
      </trkpt>
      <trkpt lat="50.65653783" lon="-116.52320359">
      </trkpt>
      <trkpt lat="50.65654032" lon="-116.52322494">
      </trkpt>
      <trkpt lat="50.65654289" lon="-116.52324957">
      </trkpt>
      <trkpt lat="50.65654289" lon="-116.52326176">
      </trkpt>
      <trkpt lat="50.65654288" lon="-116.52328208">
      </trkpt>
      <trkpt lat="50.65654546" lon="-116.52330658">
      </trkpt>
      <trkpt lat="50.65654546" lon="-116.52332284">
      </trkpt>
      <trkpt lat="50.65654803" lon="-116.52332703">
      </trkpt>
      <trkpt lat="50.6565506" lon="-116.5233556">
      </trkpt>
      <trkpt lat="50.65655318" lon="-116.52338011">
      </trkpt>
      <trkpt lat="50.65655837" lon="-116.52341616">
      </trkpt>
      <trkpt lat="50.65656097" lon="-116.52343217">
      </trkpt>
      <trkpt lat="50.65656097" lon="-116.52345249">
      </trkpt>
      <trkpt lat="50.65656098" lon="-116.52349315">
      </trkpt>
      <trkpt lat="50.65656098" lon="-116.52351347">
      </trkpt>
      <trkpt lat="50.65656099" lon="-116.52353785">
      </trkpt>
      <trkpt lat="50.65656098" lon="-116.52355817">
      </trkpt>
      <trkpt lat="50.65656099" lon="-116.5235785">
      </trkpt>
      <trkpt lat="50.65656104" lon="-116.52361029">
      </trkpt>
      <trkpt lat="50.65655596" lon="-116.52362554">
      </trkpt>
      <trkpt lat="50.65655349" lon="-116.52365251">
      </trkpt>
      <trkpt lat="50.65655098" lon="-116.52366785">
      </trkpt>
      <trkpt lat="50.6565485" lon="-116.5236909">
      </trkpt>
      <trkpt lat="50.65654094" lon="-116.52372527">
      </trkpt>
      <trkpt lat="50.65653838" lon="-116.52376172">
      </trkpt>
      <trkpt lat="50.65653577" lon="-116.52377441">
      </trkpt>
      <trkpt lat="50.65653315" lon="-116.52379139">
      </trkpt>
      <trkpt lat="50.65653057" lon="-116.52381593">
      </trkpt>
      <trkpt lat="50.65653057" lon="-116.52382405">
      </trkpt>
      <trkpt lat="50.656528" lon="-116.52385244">
      </trkpt>
      <trkpt lat="50.656528" lon="-116.52386868">
      </trkpt>
      <trkpt lat="50.65653058" lon="-116.52389302">
      </trkpt>
      <trkpt lat="50.65653315" lon="-116.52391736">
      </trkpt>
      <trkpt lat="50.65653316" lon="-116.52394981">
      </trkpt>
      <trkpt lat="50.65653317" lon="-116.5239782">
      </trkpt>
      <trkpt lat="50.65653317" lon="-116.52401066">
      </trkpt>
      <trkpt lat="50.65653317" lon="-116.52404311">
      </trkpt>
      <trkpt lat="50.65653317" lon="-116.52406746">
      </trkpt>
      <trkpt lat="50.6565332" lon="-116.52409149">
      </trkpt>
      <trkpt lat="50.65653071" lon="-116.52411068">
      </trkpt>
      <trkpt lat="50.65652826" lon="-116.52414134">
      </trkpt>
      <trkpt lat="50.65652315" lon="-116.52415715">
      </trkpt>
      <trkpt lat="50.65652059" lon="-116.52417725">
      </trkpt>
      <trkpt lat="50.65651803" lon="-116.52419332">
      </trkpt>
      <trkpt lat="50.65651803" lon="-116.52419737">
      </trkpt>
      <trkpt lat="50.65651292" lon="-116.5242295">
      </trkpt>
      <trkpt lat="50.65651036" lon="-116.52424555">
      </trkpt>
      <trkpt lat="50.6565078" lon="-116.52426161">
      </trkpt>
      <trkpt lat="50.65651804" lon="-116.52428249">
      </trkpt>
      <trkpt lat="50.6564848" lon="-116.52436906">
      </trkpt>
      <trkpt lat="50.65648481" lon="-116.52438527">
      </trkpt>
      <trkpt lat="50.65647969" lon="-116.52441387">
      </trkpt>
      <trkpt lat="50.65647203" lon="-116.52444259">
      </trkpt>
      <trkpt lat="50.65647204" lon="-116.52444663">
      </trkpt>
      <trkpt lat="50.65646438" lon="-116.52447536">
      </trkpt>
      <trkpt lat="50.65646182" lon="-116.52449978">
      </trkpt>
      <trkpt lat="50.65645672" lon="-116.52452836">
      </trkpt>
      <trkpt lat="50.65645161" lon="-116.52457718">
      </trkpt>
      <trkpt lat="50.65644652" lon="-116.52461386">
      </trkpt>
      <trkpt lat="50.65644396" lon="-116.52463421">
      </trkpt>
      <trkpt lat="50.65644397" lon="-116.52467469">
      </trkpt>
      <trkpt lat="50.65644143" lon="-116.52471124">
      </trkpt>
      <trkpt lat="50.65644143" lon="-116.52473957">
      </trkpt>
      <trkpt lat="50.65644143" lon="-116.52476791">
      </trkpt>
      <trkpt lat="50.65644136" lon="-116.52478752">
      </trkpt>
      <trkpt lat="50.65644126" lon="-116.52480694">
      </trkpt>
      <trkpt lat="50.6564411" lon="-116.52483804">
      </trkpt>
      <trkpt lat="50.65643829" lon="-116.52488875">
      </trkpt>
      <trkpt lat="50.65643567" lon="-116.52490053">
      </trkpt>
      <trkpt lat="50.65643298" lon="-116.52492803">
      </trkpt>
      <trkpt lat="50.65642784" lon="-116.52494426">
      </trkpt>
      <trkpt lat="50.65642279" lon="-116.52496117">
      </trkpt>
      <trkpt lat="50.65641777" lon="-116.52498228">
      </trkpt>
      <trkpt lat="50.65641532" lon="-116.52500339">
      </trkpt>
      <trkpt lat="50.6564129" lon="-116.52502875">
      </trkpt>
      <trkpt lat="50.65640794" lon="-116.52505423">
      </trkpt>
      <trkpt lat="50.65639796" lon="-116.52509252">
      </trkpt>
      <trkpt lat="50.65639299" lon="-116.52511373">
      </trkpt>
      <trkpt lat="50.65639046" lon="-116.52513009">
      </trkpt>
      <trkpt lat="50.65638804" lon="-116.52516333">
      </trkpt>
      <trkpt lat="50.65638556" lon="-116.52517593">
      </trkpt>
      <trkpt lat="50.65638566" lon="-116.52519271">
      </trkpt>
      <trkpt lat="50.65638077" lon="-116.52523045">
      </trkpt>
      <trkpt lat="50.65638096" lon="-116.52525976">
      </trkpt>
      <trkpt lat="50.65637857" lon="-116.52529707">
      </trkpt>
      <trkpt lat="50.65637857" lon="-116.52530513">
      </trkpt>
      <trkpt lat="50.65637602" lon="-116.52532532">
      </trkpt>
      <trkpt lat="50.65637602" lon="-116.52535357">
      </trkpt>
      <trkpt lat="50.65637091" lon="-116.52538989">
      </trkpt>
      <trkpt lat="50.65636835" lon="-116.525402">
      </trkpt>
      <trkpt lat="50.6563658" lon="-116.52541814">
      </trkpt>
      <trkpt lat="50.65636071" lon="-116.52546264">
      </trkpt>
      <trkpt lat="50.65635576" lon="-116.52548765">
      </trkpt>
      <trkpt lat="50.65635089" lon="-116.52552505">
      </trkpt>
      <trkpt lat="50.65634581" lon="-116.52554536">
      </trkpt>
      <trkpt lat="50.65634074" lon="-116.52558584">
      </trkpt>
      <trkpt lat="50.6563382" lon="-116.52560606">
      </trkpt>
      <trkpt lat="50.65632805" lon="-116.52565071">
      </trkpt>
      <trkpt lat="50.65632298" lon="-116.5256831">
      </trkpt>
      <trkpt lat="50.6563129" lon="-116.52574003">
      </trkpt>
      <trkpt lat="50.65630801" lon="-116.52576902">
      </trkpt>
      <trkpt lat="50.65630313" lon="-116.525798">
      </trkpt>
      <trkpt lat="50.65630061" lon="-116.52582228">
      </trkpt>
      <trkpt lat="50.65629551" lon="-116.52584643">
      </trkpt>
      <trkpt lat="50.65629296" lon="-116.52585851">
      </trkpt>
      <trkpt lat="50.65629042" lon="-116.52589875">
      </trkpt>
      <trkpt lat="50.65628532" lon="-116.52595107">
      </trkpt>
      <trkpt lat="50.65628277" lon="-116.52595912">
      </trkpt>
      <trkpt lat="50.65628277" lon="-116.52597925">
      </trkpt>
      <trkpt lat="50.65627767" lon="-116.52602353">
      </trkpt>
      <trkpt lat="50.65627512" lon="-116.5260517">
      </trkpt>
      <trkpt lat="50.65627002" lon="-116.52607987">
      </trkpt>
      <trkpt lat="50.65627002" lon="-116.52609598">
      </trkpt>
      <trkpt lat="50.65625728" lon="-116.52616439">
      </trkpt>
      <trkpt lat="50.65625218" lon="-116.52619256">
      </trkpt>
      <trkpt lat="50.65624453" lon="-116.52623683">
      </trkpt>
      <trkpt lat="50.65623945" lon="-116.52626105">
      </trkpt>
      <trkpt lat="50.65623187" lon="-116.52630145">
      </trkpt>
      <trkpt lat="50.65622428" lon="-116.52632171">
      </trkpt>
      <trkpt lat="50.65621922" lon="-116.52634997">
      </trkpt>
      <trkpt lat="50.65621417" lon="-116.52637823">
      </trkpt>
      <trkpt lat="50.65620912" lon="-116.52639442">
      </trkpt>
      <trkpt lat="50.65620407" lon="-116.5264307">
      </trkpt>
      <trkpt lat="50.65620407" lon="-116.52645082">
      </trkpt>
      <trkpt lat="50.65619902" lon="-116.52647504">
      </trkpt>
      <trkpt lat="50.65619902" lon="-116.52649917">
      </trkpt>
      <trkpt lat="50.6561965" lon="-116.5265153">
      </trkpt>
      <trkpt lat="50.65619397" lon="-116.52653947">
      </trkpt>
      <trkpt lat="50.65618892" lon="-116.5265677">
      </trkpt>
      <trkpt lat="50.65618387" lon="-116.52658789">
      </trkpt>
      <trkpt lat="50.65617883" lon="-116.5266161">
      </trkpt>
      <trkpt lat="50.6561763" lon="-116.52664428">
      </trkpt>
      <trkpt lat="50.65617378" lon="-116.52666442">
      </trkpt>
      <trkpt lat="50.65616873" lon="-116.52670067">
      </trkpt>
      <trkpt lat="50.65616368" lon="-116.52672486">
      </trkpt>
      <trkpt lat="50.65615612" lon="-116.5267531">
      </trkpt>
      <trkpt lat="50.65615612" lon="-116.52676918">
      </trkpt>
      <trkpt lat="50.65614855" lon="-116.5267974">
      </trkpt>
      <trkpt lat="50.65614603" lon="-116.52682155">
      </trkpt>
      <trkpt lat="50.65614351" lon="-116.52684166">
      </trkpt>
      <trkpt lat="50.65613847" lon="-116.52688994">
      </trkpt>
      <trkpt lat="50.65613343" lon="-116.52691008">
      </trkpt>
      <trkpt lat="50.65613091" lon="-116.52692618">
      </trkpt>
      <trkpt lat="50.65612839" lon="-116.5269503">
      </trkpt>
      <trkpt lat="50.65612335" lon="-116.52696241">
      </trkpt>
      <trkpt lat="50.65611831" lon="-116.52699058">
      </trkpt>
      <trkpt lat="50.65611328" lon="-116.5270107">
      </trkpt>
      <trkpt lat="50.65611076" lon="-116.52703885">
      </trkpt>
      <trkpt lat="50.65610572" lon="-116.52706298">
      </trkpt>
      <trkpt lat="50.6561032" lon="-116.52710316">
      </trkpt>
      <trkpt lat="50.65610069" lon="-116.52713128">
      </trkpt>
      <trkpt lat="50.65609817" lon="-116.52714335">
      </trkpt>
      <trkpt lat="50.65609565" lon="-116.52716345">
      </trkpt>
      <trkpt lat="50.65609565" lon="-116.52717951">
      </trkpt>
      <trkpt lat="50.65609566" lon="-116.52721163">
      </trkpt>
      <trkpt lat="50.65609566" lon="-116.52723573">
      </trkpt>
      <trkpt lat="50.65609566" lon="-116.52728391">
      </trkpt>
      <trkpt lat="50.65609567" lon="-116.52731202">
      </trkpt>
      <trkpt lat="50.65609819" lon="-116.52732806">
      </trkpt>
      <trkpt lat="50.65610306" lon="-116.52736414">
      </trkpt>
      <trkpt lat="50.65610542" lon="-116.52738016">
      </trkpt>
      <trkpt lat="50.65611005" lon="-116.52742025">
      </trkpt>
      <trkpt lat="50.65611237" lon="-116.52744032">
      </trkpt>
      <trkpt lat="50.65611208" lon="-116.52746844">
      </trkpt>
      <trkpt lat="50.65611199" lon="-116.52749659">
      </trkpt>
      <trkpt lat="50.65611199" lon="-116.52752476">
      </trkpt>
      <trkpt lat="50.65611199" lon="-116.52754086">
      </trkpt>
      <trkpt lat="50.656112" lon="-116.52756904">
      </trkpt>
      <trkpt lat="50.65610945" lon="-116.52758513">
      </trkpt>
      <trkpt lat="50.65610434" lon="-116.52760123">
      </trkpt>
      <trkpt lat="50.65610179" lon="-116.5276294">
      </trkpt>
      <trkpt lat="50.65609415" lon="-116.52766563">
      </trkpt>
      <trkpt lat="50.65609172" lon="-116.5276817">
      </trkpt>
      <trkpt lat="50.6560818" lon="-116.52771786">
      </trkpt>
      <trkpt lat="50.65607705" lon="-116.52775396">
      </trkpt>
      <trkpt lat="50.65607234" lon="-116.52779403">
      </trkpt>
      <trkpt lat="50.65606771" lon="-116.52783404">
      </trkpt>
      <trkpt lat="50.65606551" lon="-116.527862">
      </trkpt>
      <trkpt lat="50.65606063" lon="-116.52788598">
      </trkpt>
      <trkpt lat="50.65605577" lon="-116.52790593">
      </trkpt>
      <trkpt lat="50.65604842" lon="-116.52792987">
      </trkpt>
      <trkpt lat="50.65603377" lon="-116.52798165">
      </trkpt>
      <trkpt lat="50.65603142" lon="-116.52799757">
      </trkpt>
      <trkpt lat="50.65602413" lon="-116.52802541">
      </trkpt>
      <trkpt lat="50.65601953" lon="-116.52806513">
      </trkpt>
      <trkpt lat="50.6560125" lon="-116.52811273">
      </trkpt>
      <trkpt lat="50.65600796" lon="-116.5281563">
      </trkpt>
      <trkpt lat="50.6560008" lon="-116.52819191">
      </trkpt>
      <trkpt lat="50.65599612" lon="-116.52822353">
      </trkpt>
      <trkpt lat="50.65598902" lon="-116.528263">
      </trkpt>
      <trkpt lat="50.65598679" lon="-116.52828666">
      </trkpt>
      <trkpt lat="50.65598001" lon="-116.52834967">
      </trkpt>
      <trkpt lat="50.65597778" lon="-116.52837327">
      </trkpt>
      <trkpt lat="50.65597531" lon="-116.52839712">
      </trkpt>
      <trkpt lat="50.65597279" lon="-116.52841701">
      </trkpt>
      <trkpt lat="50.6559728" lon="-116.52843693">
      </trkpt>
      <trkpt lat="50.6559728" lon="-116.52844488">
      </trkpt>
      <trkpt lat="50.65597281" lon="-116.52847672">
      </trkpt>
      <trkpt lat="50.65597337" lon="-116.52851985">
      </trkpt>
      <trkpt lat="50.65597398" lon="-116.52856685">
      </trkpt>
      <trkpt lat="50.65596978" lon="-116.52863729">
      </trkpt>
      <trkpt lat="50.65596743" lon="-116.52865295">
      </trkpt>
      <trkpt lat="50.6559624" lon="-116.52868075">
      </trkpt>
      <trkpt lat="50.65595737" lon="-116.52870855">
      </trkpt>
      <trkpt lat="50.65595485" lon="-116.52873635">
      </trkpt>
      <trkpt lat="50.6559473" lon="-116.52877208">
      </trkpt>
      <trkpt lat="50.65594479" lon="-116.52879195">
      </trkpt>
      <trkpt lat="50.65593724" lon="-116.52881577">
      </trkpt>
      <trkpt lat="50.65593221" lon="-116.52884356">
      </trkpt>
      <trkpt lat="50.65592717" lon="-116.52885945">
      </trkpt>
      <trkpt lat="50.65592214" lon="-116.52889122">
      </trkpt>
      <trkpt lat="50.65591963" lon="-116.5289071">
      </trkpt>
      <trkpt lat="50.65591711" lon="-116.52891902">
      </trkpt>
      <trkpt lat="50.65591207" lon="-116.52893887">
      </trkpt>
      <trkpt lat="50.65590704" lon="-116.52897064">
      </trkpt>
      <trkpt lat="50.65590704" lon="-116.52898653">
      </trkpt>
      <trkpt lat="50.65590705" lon="-116.52901432">
      </trkpt>
      <trkpt lat="50.65590705" lon="-116.52904212">
      </trkpt>
      <trkpt lat="50.6559146" lon="-116.52906198">
      </trkpt>
      <trkpt lat="50.65591964" lon="-116.52907389">
      </trkpt>
      <trkpt lat="50.65592719" lon="-116.52908977">
      </trkpt>
      <trkpt lat="50.6559423" lon="-116.5291255">
      </trkpt>
      <trkpt lat="50.65594734" lon="-116.52913741">
      </trkpt>
      <trkpt lat="50.6559549" lon="-116.52916124">
      </trkpt>
      <trkpt lat="50.65596245" lon="-116.52918904">
      </trkpt>
      <trkpt lat="50.65596748" lon="-116.52920095">
      </trkpt>
      <trkpt lat="50.65597" lon="-116.52922079">
      </trkpt>
      <trkpt lat="50.65597252" lon="-116.52923271">
      </trkpt>
      <trkpt lat="50.65597504" lon="-116.52925257">
      </trkpt>
      <trkpt lat="50.65597756" lon="-116.52928036">
      </trkpt>
      <trkpt lat="50.65598008" lon="-116.52930419">
      </trkpt>
      <trkpt lat="50.6559826" lon="-116.52932404">
      </trkpt>
      <trkpt lat="50.6559826" lon="-116.52935185">
      </trkpt>
      <trkpt lat="50.65598512" lon="-116.52936772">
      </trkpt>
      <trkpt lat="50.65598764" lon="-116.52937963">
      </trkpt>
      <trkpt lat="50.65599016" lon="-116.52940346">
      </trkpt>
      <trkpt lat="50.65599519" lon="-116.52941934">
      </trkpt>
      <trkpt lat="50.65600023" lon="-116.52943522">
      </trkpt>
      <trkpt lat="50.65600275" lon="-116.52945111">
      </trkpt>
      <trkpt lat="50.65601282" lon="-116.52947096">
      </trkpt>
      <trkpt lat="50.65602038" lon="-116.52948684">
      </trkpt>
      <trkpt lat="50.65603297" lon="-116.52951067">
      </trkpt>
      <trkpt lat="50.65604304" lon="-116.52953053">
      </trkpt>
      <trkpt lat="50.65605059" lon="-116.52954243">
      </trkpt>
      <trkpt lat="50.65606066" lon="-116.52955832">
      </trkpt>
      <trkpt lat="50.65607073" lon="-116.52957817">
      </trkpt>
      <trkpt lat="50.65607555" lon="-116.52959864">
      </trkpt>
      <trkpt lat="50.65608041" lon="-116.52961507">
      </trkpt>
      <trkpt lat="50.65608257" lon="-116.52964793">
      </trkpt>
      <trkpt lat="50.65608478" lon="-116.52967672">
      </trkpt>
      <trkpt lat="50.65608452" lon="-116.52970142">
      </trkpt>
      <trkpt lat="50.65608424" lon="-116.52972614">
      </trkpt>
      <trkpt lat="50.65608398" lon="-116.52975087">
      </trkpt>
      <trkpt lat="50.65608398" lon="-116.52977077">
      </trkpt>
      <trkpt lat="50.65608398" lon="-116.52978671">
      </trkpt>
      <trkpt lat="50.65608398" lon="-116.5298106">
      </trkpt>
      <trkpt lat="50.65608398" lon="-116.52982652">
      </trkpt>
      <trkpt lat="50.65608399" lon="-116.52984245">
      </trkpt>
      <trkpt lat="50.65608904" lon="-116.52986236">
      </trkpt>
      <trkpt lat="50.65609157" lon="-116.52987828">
      </trkpt>
      <trkpt lat="50.65609661" lon="-116.52989022">
      </trkpt>
      <trkpt lat="50.65610167" lon="-116.52991809">
      </trkpt>
      <trkpt lat="50.65610672" lon="-116.52993401">
      </trkpt>
      <trkpt lat="50.65611176" lon="-116.52994597">
      </trkpt>
      <trkpt lat="50.65611879" lon="-116.52999881">
      </trkpt>
      <trkpt lat="50.65612048" lon="-116.53001763">
      </trkpt>
      <trkpt lat="50.65612219" lon="-116.530023">
      </trkpt>
      <trkpt lat="50.65617585" lon="-116.53017972">
      </trkpt>
      <trkpt lat="50.65618109" lon="-116.5301937">
      </trkpt>
      <trkpt lat="50.65619508" lon="-116.53023559">
      </trkpt>
      <trkpt lat="50.65620381" lon="-116.53026068">
      </trkpt>
      <trkpt lat="50.65620894" lon="-116.53027427">
      </trkpt>
      <trkpt lat="50.65621573" lon="-116.53028498">
      </trkpt>
      <trkpt lat="50.65621913" lon="-116.530293">
      </trkpt>
      <trkpt lat="50.65622592" lon="-116.5303064">
      </trkpt>
      <trkpt lat="50.65623101" lon="-116.53032245">
      </trkpt>
      <trkpt lat="50.6562429" lon="-116.53036527">
      </trkpt>
      <trkpt lat="50.65624289" lon="-116.53037063">
      </trkpt>
      <trkpt lat="50.6562463" lon="-116.53045632">
      </trkpt>
      <trkpt lat="50.6562463" lon="-116.53048845">
      </trkpt>
      <trkpt lat="50.656248" lon="-116.53050451">
      </trkpt>
      <trkpt lat="50.65625479" lon="-116.53051522">
      </trkpt>
      <trkpt lat="50.65625989" lon="-116.53053129">
      </trkpt>
      <trkpt lat="50.65626498" lon="-116.53053932">
      </trkpt>
      <trkpt lat="50.65627517" lon="-116.5305634">
      </trkpt>
      <trkpt lat="50.65628195" lon="-116.53057679">
      </trkpt>
      <trkpt lat="50.65628704" lon="-116.5305875">
      </trkpt>
      <trkpt lat="50.65629553" lon="-116.53060892">
      </trkpt>
      <trkpt lat="50.65630218" lon="-116.5306297">
      </trkpt>
      <trkpt lat="50.65630712" lon="-116.53065571">
      </trkpt>
      <trkpt lat="50.65631044" lon="-116.53066613">
      </trkpt>
      <trkpt lat="50.65631373" lon="-116.53068435">
      </trkpt>
      <trkpt lat="50.6563137" lon="-116.53068957">
      </trkpt>
      <trkpt lat="50.65631525" lon="-116.53071305">
      </trkpt>
      <trkpt lat="50.65631687" lon="-116.5307261">
      </trkpt>
      <trkpt lat="50.65631671" lon="-116.53075222">
      </trkpt>
      <trkpt lat="50.65631827" lon="-116.53077575">
      </trkpt>
      <trkpt lat="50.65631823" lon="-116.53079443">
      </trkpt>
      <trkpt lat="50.65631994" lon="-116.53081863">
      </trkpt>
      <trkpt lat="50.65632164" lon="-116.5308482">
      </trkpt>
      <trkpt lat="50.65632165" lon="-116.53089927">
      </trkpt>
      <trkpt lat="50.65632165" lon="-116.53092883">
      </trkpt>
      <trkpt lat="50.65632165" lon="-116.53095035">
      </trkpt>
      <trkpt lat="50.65632166" lon="-116.53096378">
      </trkpt>
      <trkpt lat="50.65632165" lon="-116.53097722">
      </trkpt>
      <trkpt lat="50.65632166" lon="-116.53099604">
      </trkpt>
      <trkpt lat="50.65632336" lon="-116.53100142">
      </trkpt>
      <trkpt lat="50.65632677" lon="-116.53102291">
      </trkpt>
      <trkpt lat="50.65632847" lon="-116.53104711">
      </trkpt>
      <trkpt lat="50.65635234" lon="-116.53116">
      </trkpt>
      <trkpt lat="50.65635745" lon="-116.53117075">
      </trkpt>
      <trkpt lat="50.65636427" lon="-116.53118418">
      </trkpt>
      <trkpt lat="50.65636769" lon="-116.53119494">
      </trkpt>
      <trkpt lat="50.65637279" lon="-116.5312057">
      </trkpt>
      <trkpt lat="50.65637961" lon="-116.53121645">
      </trkpt>
      <trkpt lat="50.65638473" lon="-116.53122182">
      </trkpt>
      <trkpt lat="50.65639154" lon="-116.53123257">
      </trkpt>
      <trkpt lat="50.65640177" lon="-116.531246">
      </trkpt>
      <trkpt lat="50.65641029" lon="-116.53125676">
      </trkpt>
      <trkpt lat="50.65641881" lon="-116.53126751">
      </trkpt>
      <trkpt lat="50.65642393" lon="-116.53127826">
      </trkpt>
      <trkpt lat="50.6564358" lon="-116.53129144">
      </trkpt>
      <trkpt lat="50.65644592" lon="-116.53130984">
      </trkpt>
      <trkpt lat="50.65644931" lon="-116.5313151">
      </trkpt>
      <trkpt lat="50.6564527" lon="-116.53132035">
      </trkpt>
      <trkpt lat="50.65646286" lon="-116.53133615">
      </trkpt>
      <trkpt lat="50.65647303" lon="-116.53135461">
      </trkpt>
      <trkpt lat="50.65648153" lon="-116.5313678">
      </trkpt>
      <trkpt lat="50.65648663" lon="-116.53137572">
      </trkpt>
      <trkpt lat="50.65649514" lon="-116.53139436">
      </trkpt>
      <trkpt lat="50.65650882" lon="-116.53141325">
      </trkpt>
      <trkpt lat="50.65651225" lon="-116.53142135">
      </trkpt>
      <trkpt lat="50.65652081" lon="-116.53143214">
      </trkpt>
      <trkpt lat="50.65652594" lon="-116.53144024">
      </trkpt>
      <trkpt lat="50.6565362" lon="-116.53145642">
      </trkpt>
      <trkpt lat="50.65654476" lon="-116.53146722">
      </trkpt>
      <trkpt lat="50.65654646" lon="-116.53147256">
      </trkpt>
      <trkpt lat="50.65655844" lon="-116.53148858">
      </trkpt>
      <trkpt lat="50.65656356" lon="-116.5314966">
      </trkpt>
      <trkpt lat="50.65657041" lon="-116.5315073">
      </trkpt>
      <trkpt lat="50.65657726" lon="-116.53152067">
      </trkpt>
      <trkpt lat="50.65658411" lon="-116.53153941">
      </trkpt>
      <trkpt lat="50.65659439" lon="-116.53156085">
      </trkpt>
      <trkpt lat="50.65659782" lon="-116.53156354">
      </trkpt>
      <trkpt lat="50.65660469" lon="-116.53158231">
      </trkpt>
      <trkpt lat="50.656615" lon="-116.53159842">
      </trkpt>
      <trkpt lat="50.65661843" lon="-116.53160647">
      </trkpt>
      <trkpt lat="50.65662703" lon="-116.53161723">
      </trkpt>
      <trkpt lat="50.65663391" lon="-116.53163336">
      </trkpt>
      <trkpt lat="50.65664251" lon="-116.53164686">
      </trkpt>
      <trkpt lat="50.65665453" lon="-116.53166855">
      </trkpt>
      <trkpt lat="50.65665969" lon="-116.53167938">
      </trkpt>
      <trkpt lat="50.65666484" lon="-116.53169022">
      </trkpt>
      <trkpt lat="50.65666999" lon="-116.53170376">
      </trkpt>
      <trkpt lat="50.65667859" lon="-116.53172272">
      </trkpt>
      <trkpt lat="50.65668718" lon="-116.53173898">
      </trkpt>
      <trkpt lat="50.65669061" lon="-116.53175524">
      </trkpt>
      <trkpt lat="50.65669405" lon="-116.53176336">
      </trkpt>
      <trkpt lat="50.65669749" lon="-116.53177691">
      </trkpt>
      <trkpt lat="50.6566992" lon="-116.53177962">
      </trkpt>
      <trkpt lat="50.65670608" lon="-116.53179317">
      </trkpt>
      <trkpt lat="50.65670951" lon="-116.53180401">
      </trkpt>
      <trkpt lat="50.65671638" lon="-116.53181485">
      </trkpt>
      <trkpt lat="50.65671638" lon="-116.53181756">
      </trkpt>
      <trkpt lat="50.65672669" lon="-116.53183381">
      </trkpt>
      <trkpt lat="50.65672842" lon="-116.53184193">
      </trkpt>
      <trkpt lat="50.65673535" lon="-116.53185543">
      </trkpt>
      <trkpt lat="50.65673884" lon="-116.53186626">
      </trkpt>
      <trkpt lat="50.65674754" lon="-116.5318825">
      </trkpt>
      <trkpt lat="50.65675449" lon="-116.53189604">
      </trkpt>
      <trkpt lat="50.65676145" lon="-116.53190689">
      </trkpt>
      <trkpt lat="50.65676667" lon="-116.53191502">
      </trkpt>
      <trkpt lat="50.65677366" lon="-116.53193132">
      </trkpt>
      <trkpt lat="50.65679451" lon="-116.53195851">
      </trkpt>
      <trkpt lat="50.65681693" lon="-116.53199116">
      </trkpt>
      <trkpt lat="50.6568221" lon="-116.53200204">
      </trkpt>
      <trkpt lat="50.65684107" lon="-116.53203196">
      </trkpt>
      <trkpt lat="50.65684797" lon="-116.53204011">
      </trkpt>
      <trkpt lat="50.65686522" lon="-116.53207004">
      </trkpt>
      <trkpt lat="50.65687039" lon="-116.53208092">
      </trkpt>
      <trkpt lat="50.65687557" lon="-116.53208908">
      </trkpt>
      <trkpt lat="50.65687902" lon="-116.53211084">
      </trkpt>
      <trkpt lat="50.65688247" lon="-116.532119">
      </trkpt>
      <trkpt lat="50.65688764" lon="-116.53213804">
      </trkpt>
      <trkpt lat="50.65688937" lon="-116.53214348">
      </trkpt>
      <trkpt lat="50.65689623" lon="-116.53215976">
      </trkpt>
      <trkpt lat="50.65690127" lon="-116.5321787">
      </trkpt>
      <trkpt lat="50.65690635" lon="-116.53218952">
      </trkpt>
      <trkpt lat="50.65690804" lon="-116.53219491">
      </trkpt>
      <trkpt lat="50.65691313" lon="-116.53220572">
      </trkpt>
      <trkpt lat="50.65694264" lon="-116.53225212">
      </trkpt>
      <trkpt lat="50.65694836" lon="-116.53225665">
      </trkpt>
      <trkpt lat="50.65695262" lon="-116.53225892">
      </trkpt>
      <trkpt lat="50.65695841" lon="-116.5322657">
      </trkpt>
      <trkpt lat="50.6569699" lon="-116.53227702">
      </trkpt>
      <trkpt lat="50.65697693" lon="-116.53228586">
      </trkpt>
      <trkpt lat="50.65698921" lon="-116.53230104">
      </trkpt>
      <trkpt lat="50.65699468" lon="-116.53230755">
      </trkpt>
      <trkpt lat="50.65700561" lon="-116.53231834">
      </trkpt>
      <trkpt lat="50.65701245" lon="-116.53232481">
      </trkpt>
      <trkpt lat="50.65701655" lon="-116.53232694">
      </trkpt>
      <trkpt lat="50.65702476" lon="-116.53233339">
      </trkpt>
      <trkpt lat="50.65703024" lon="-116.53233769">
      </trkpt>
      <trkpt lat="50.65703708" lon="-116.53234418">
      </trkpt>
      <trkpt lat="50.65704668" lon="-116.53235503">
      </trkpt>
      <trkpt lat="50.65705353" lon="-116.53236151">
      </trkpt>
      <trkpt lat="50.65705768" lon="-116.53237032">
      </trkpt>
      <trkpt lat="50.65705924" lon="-116.5323771">
      </trkpt>
      <trkpt lat="50.65706512" lon="-116.53238839">
      </trkpt>
      <trkpt lat="50.65706947" lon="-116.53239516">
      </trkpt>
      <trkpt lat="50.65707249" lon="-116.53240419">
      </trkpt>
      <trkpt lat="50.65708131" lon="-116.53242224">
      </trkpt>
      <trkpt lat="50.65708577" lon="-116.5324335">
      </trkpt>
      <trkpt lat="50.65709013" lon="-116.53244026">
      </trkpt>
      <trkpt lat="50.65709453" lon="-116.53244927">
      </trkpt>
      <trkpt lat="50.65709753" lon="-116.53245827">
      </trkpt>
      <trkpt lat="50.65710193" lon="-116.53246726">
      </trkpt>
      <trkpt lat="50.65710348" lon="-116.532474">
      </trkpt>
      <trkpt lat="50.65711077" lon="-116.53248969">
      </trkpt>
      <trkpt lat="50.65711351" lon="-116.53249846">
      </trkpt>
      <trkpt lat="50.65711899" lon="-116.53251161">
      </trkpt>
      <trkpt lat="50.6571231" lon="-116.53252477">
      </trkpt>
      <trkpt lat="50.65712857" lon="-116.53253351">
      </trkpt>
      <trkpt lat="50.65713131" lon="-116.5325423">
      </trkpt>
      <trkpt lat="50.65713817" lon="-116.53255764">
      </trkpt>
      <trkpt lat="50.65714228" lon="-116.5325686">
      </trkpt>
      <trkpt lat="50.65714502" lon="-116.53257297">
      </trkpt>
      <trkpt lat="50.65715188" lon="-116.53259054">
      </trkpt>
      <trkpt lat="50.65715462" lon="-116.53259492">
      </trkpt>
      <trkpt lat="50.657156" lon="-116.53260595">
      </trkpt>
      <trkpt lat="50.65715874" lon="-116.53261473">
      </trkpt>
      <trkpt lat="50.65716148" lon="-116.53262796">
      </trkpt>
      <trkpt lat="50.65716423" lon="-116.53263676">
      </trkpt>
      <trkpt lat="50.65716972" lon="-116.53265657">
      </trkpt>
      <trkpt lat="50.65717499" lon="-116.53268066">
      </trkpt>
      <trkpt lat="50.65717877" lon="-116.53269809">
      </trkpt>
      <trkpt lat="50.65718397" lon="-116.53271335">
      </trkpt>
      <trkpt lat="50.65718772" lon="-116.53273302">
      </trkpt>
      <trkpt lat="50.65719169" lon="-116.53274175">
      </trkpt>
      <trkpt lat="50.65719996" lon="-116.53276604">
      </trkpt>
      <trkpt lat="50.65720979" lon="-116.53278376">
      </trkpt>
      <trkpt lat="50.65722103" lon="-116.53280148">
      </trkpt>
      <trkpt lat="50.65722805" lon="-116.53281256">
      </trkpt>
      <trkpt lat="50.65723508" lon="-116.53282142">
      </trkpt>
      <trkpt lat="50.65724351" lon="-116.5328325">
      </trkpt>
      <trkpt lat="50.65724913" lon="-116.53284138">
      </trkpt>
      <trkpt lat="50.65725616" lon="-116.53285245">
      </trkpt>
      <trkpt lat="50.65726037" lon="-116.5328591">
      </trkpt>
      <trkpt lat="50.6572688" lon="-116.53287461">
      </trkpt>
      <trkpt lat="50.65727442" lon="-116.53288347">
      </trkpt>
      <trkpt lat="50.65729128" lon="-116.5329167">
      </trkpt>
      <trkpt lat="50.65729691" lon="-116.53292779">
      </trkpt>
      <trkpt lat="50.65730112" lon="-116.53293444">
      </trkpt>
      <trkpt lat="50.65730534" lon="-116.5329433">
      </trkpt>
      <trkpt lat="50.65730955" lon="-116.53295216">
      </trkpt>
      <trkpt lat="50.65731377" lon="-116.53296324">
      </trkpt>
      <trkpt lat="50.65732219" lon="-116.53297654">
      </trkpt>
      <trkpt lat="50.65732641" lon="-116.5329854">
      </trkpt>
      <trkpt lat="50.65733484" lon="-116.53299648">
      </trkpt>
      <trkpt lat="50.65733905" lon="-116.53300314">
      </trkpt>
      <trkpt lat="50.65735029" lon="-116.53302086">
      </trkpt>
      <trkpt lat="50.65735873" lon="-116.53303194">
      </trkpt>
      <trkpt lat="50.65736434" lon="-116.53303859">
      </trkpt>
      <trkpt lat="50.65737699" lon="-116.53305187">
      </trkpt>
      <trkpt lat="50.65738261" lon="-116.53306075">
      </trkpt>
      <trkpt lat="50.65738542" lon="-116.53306074">
      </trkpt>
      <trkpt lat="50.65739385" lon="-116.53307182">
      </trkpt>
      <trkpt lat="50.65740088" lon="-116.53307847">
      </trkpt>
      <trkpt lat="50.65740509" lon="-116.5330829">
      </trkpt>
      <trkpt lat="50.65741071" lon="-116.53308733">
      </trkpt>
      <trkpt lat="50.65741633" lon="-116.53309398">
      </trkpt>
      <trkpt lat="50.65742335" lon="-116.53310285">
      </trkpt>
      <trkpt lat="50.65742617" lon="-116.53310949">
      </trkpt>
      <trkpt lat="50.65743319" lon="-116.53312057">
      </trkpt>
      <trkpt lat="50.65744302" lon="-116.53313386">
      </trkpt>
      <trkpt lat="50.65744865" lon="-116.53314051">
      </trkpt>
      <trkpt lat="50.65745707" lon="-116.5331538">
      </trkpt>
      <trkpt lat="50.65745708" lon="-116.53315601">
      </trkpt>
      <trkpt lat="50.65746269" lon="-116.53316932">
      </trkpt>
      <trkpt lat="50.65746831" lon="-116.53318039">
      </trkpt>
      <trkpt lat="50.65747394" lon="-116.53319369">
      </trkpt>
      <trkpt lat="50.65747956" lon="-116.53320477">
      </trkpt>
      <trkpt lat="50.65748377" lon="-116.53321363">
      </trkpt>
      <trkpt lat="50.65749501" lon="-116.53323137">
      </trkpt>
      <trkpt lat="50.65750063" lon="-116.53324244">
      </trkpt>
      <trkpt lat="50.65750344" lon="-116.53325131">
      </trkpt>
      <trkpt lat="50.65751327" lon="-116.53326461">
      </trkpt>
      <trkpt lat="50.65751609" lon="-116.53327568">
      </trkpt>
      <trkpt lat="50.65752452" lon="-116.53329341">
      </trkpt>
      <trkpt lat="50.65752873" lon="-116.53330671">
      </trkpt>
      <trkpt lat="50.65753295" lon="-116.53332221">
      </trkpt>
      <trkpt lat="50.65754278" lon="-116.53335103">
      </trkpt>
      <trkpt lat="50.65754708" lon="-116.53336427">
      </trkpt>
      <trkpt lat="50.65755278" lon="-116.53337305">
      </trkpt>
      <trkpt lat="50.6575557" lon="-116.53338404">
      </trkpt>
      <trkpt lat="50.65756145" lon="-116.53339942">
      </trkpt>
      <trkpt lat="50.65756288" lon="-116.53340161">
      </trkpt>
      <trkpt lat="50.65756578" lon="-116.53341259">
      </trkpt>
      <trkpt lat="50.65757153" lon="-116.53342794">
      </trkpt>
      <trkpt lat="50.65757296" lon="-116.53343014">
      </trkpt>
      <trkpt lat="50.65757729" lon="-116.53344547">
      </trkpt>
      <trkpt lat="50.65759591" lon="-116.53349358">
      </trkpt>
      <trkpt lat="50.6576087" lon="-116.53351759">
      </trkpt>
      <trkpt lat="50.65761437" lon="-116.53353291">
      </trkpt>
      <trkpt lat="50.65761996" lon="-116.53354173">
      </trkpt>
      <trkpt lat="50.65762416" lon="-116.53355497">
      </trkpt>
      <trkpt lat="50.65762835" lon="-116.53356157">
      </trkpt>
      <trkpt lat="50.65763813" lon="-116.53358363">
      </trkpt>
      <trkpt lat="50.65764373" lon="-116.53359246">
      </trkpt>
      <trkpt lat="50.65764793" lon="-116.53359906">
      </trkpt>
      <trkpt lat="50.65765352" lon="-116.5336101">
      </trkpt>
      <trkpt lat="50.6576661" lon="-116.53362994">
      </trkpt>
      <trkpt lat="50.6576689" lon="-116.53363436">
      </trkpt>
      <trkpt lat="50.65767589" lon="-116.53364537">
      </trkpt>
      <trkpt lat="50.65768148" lon="-116.53365861">
      </trkpt>
      <trkpt lat="50.65768568" lon="-116.53366743">
      </trkpt>
      <trkpt lat="50.65768988" lon="-116.53367625">
      </trkpt>
      <trkpt lat="50.65770106" lon="-116.53370051">
      </trkpt>
      <trkpt lat="50.65770805" lon="-116.53371815">
      </trkpt>
      <trkpt lat="50.65771224" lon="-116.53372917">
      </trkpt>
      <trkpt lat="50.65771644" lon="-116.5337402">
      </trkpt>
      <trkpt lat="50.65772064" lon="-116.53375785">
      </trkpt>
      <trkpt lat="50.65772623" lon="-116.5337799">
      </trkpt>
      <trkpt lat="50.65772623" lon="-116.53378431">
      </trkpt>
      <trkpt lat="50.65773322" lon="-116.53379975">
      </trkpt>
      <trkpt lat="50.65773881" lon="-116.53381077">
      </trkpt>
      <trkpt lat="50.6577486" lon="-116.5338262">
      </trkpt>
      <trkpt lat="50.65775419" lon="-116.53383723">
      </trkpt>
      <trkpt lat="50.65776258" lon="-116.53385046">
      </trkpt>
      <trkpt lat="50.65776817" lon="-116.53385928">
      </trkpt>
      <trkpt lat="50.65777237" lon="-116.5338659">
      </trkpt>
      <trkpt lat="50.65777797" lon="-116.53387473">
      </trkpt>
      <trkpt lat="50.65778216" lon="-116.53388134">
      </trkpt>
      <trkpt lat="50.65778915" lon="-116.53389016">
      </trkpt>
      <trkpt lat="50.65779194" lon="-116.53389457">
      </trkpt>
      <trkpt lat="50.65779474" lon="-116.53390339">
      </trkpt>
      <trkpt lat="50.65780033" lon="-116.53391441">
      </trkpt>
      <trkpt lat="50.65780173" lon="-116.53392102">
      </trkpt>
      <trkpt lat="50.65780593" lon="-116.53393206">
      </trkpt>
      <trkpt lat="50.65780872" lon="-116.53394088">
      </trkpt>
      <trkpt lat="50.65781292" lon="-116.5339475">
      </trkpt>
      <trkpt lat="50.65781851" lon="-116.53396513">
      </trkpt>
      <trkpt lat="50.6578227" lon="-116.53397396">
      </trkpt>
      <trkpt lat="50.6578269" lon="-116.53398719">
      </trkpt>
      <trkpt lat="50.6578283" lon="-116.53400924">
      </trkpt>
      <trkpt lat="50.6578297" lon="-116.53401807">
      </trkpt>
      <trkpt lat="50.6578297" lon="-116.53403129">
      </trkpt>
      <trkpt lat="50.65783112" lon="-116.53405307">
      </trkpt>
      <trkpt lat="50.65783253" lon="-116.53406594">
      </trkpt>
      <trkpt lat="50.65783255" lon="-116.53407882">
      </trkpt>
      <trkpt lat="50.65783259" lon="-116.53409596">
      </trkpt>
      <trkpt lat="50.65783262" lon="-116.53411738">
      </trkpt>
      <trkpt lat="50.65783403" lon="-116.53412807">
      </trkpt>
      <trkpt lat="50.65783684" lon="-116.53413876">
      </trkpt>
      <trkpt lat="50.65783824" lon="-116.5341473">
      </trkpt>
      <trkpt lat="50.65783965" lon="-116.53415584">
      </trkpt>
      <trkpt lat="50.65784385" lon="-116.53417078">
      </trkpt>
      <trkpt lat="50.65784665" lon="-116.53418144">
      </trkpt>
      <trkpt lat="50.65784804" lon="-116.53418785">
      </trkpt>
      <trkpt lat="50.65785223" lon="-116.53419637">
      </trkpt>
      <trkpt lat="50.65785781" lon="-116.53420488">
      </trkpt>
      <trkpt lat="50.65786059" lon="-116.53421126">
      </trkpt>
      <trkpt lat="50.65786477" lon="-116.53421996">
      </trkpt>
      <trkpt lat="50.65787312" lon="-116.53423532">
      </trkpt>
      <trkpt lat="50.65788147" lon="-116.53424629">
      </trkpt>
      <trkpt lat="50.65788842" lon="-116.53425727">
      </trkpt>
      <trkpt lat="50.65789399" lon="-116.53426384">
      </trkpt>
      <trkpt lat="50.65789956" lon="-116.53427481">
      </trkpt>
      <trkpt lat="50.65790512" lon="-116.5342814">
      </trkpt>
      <trkpt lat="50.65791208" lon="-116.53429676">
      </trkpt>
      <trkpt lat="50.65791625" lon="-116.53430335">
      </trkpt>
      <trkpt lat="50.65791764" lon="-116.53431212">
      </trkpt>
      <trkpt lat="50.65792043" lon="-116.53433626">
      </trkpt>
      <trkpt lat="50.65792322" lon="-116.5343604">
      </trkpt>
      <trkpt lat="50.657926" lon="-116.53437576">
      </trkpt>
      <trkpt lat="50.65792878" lon="-116.53438454">
      </trkpt>
      <trkpt lat="50.65793156" lon="-116.53439552">
      </trkpt>
      <trkpt lat="50.65793574" lon="-116.53441088">
      </trkpt>
      <trkpt lat="50.6579427" lon="-116.53442624">
      </trkpt>
      <trkpt lat="50.65794409" lon="-116.53443063">
      </trkpt>
      <trkpt lat="50.65794687" lon="-116.53444161">
      </trkpt>
      <trkpt lat="50.65795522" lon="-116.53445696">
      </trkpt>
      <trkpt lat="50.65796078" lon="-116.53447013">
      </trkpt>
      <trkpt lat="50.65796496" lon="-116.53447892">
      </trkpt>
      <trkpt lat="50.65796774" lon="-116.53448549">
      </trkpt>
      <trkpt lat="50.6579733" lon="-116.53449427">
      </trkpt>
      <trkpt lat="50.65797748" lon="-116.53450743">
      </trkpt>
      <trkpt lat="50.65798026" lon="-116.53451621">
      </trkpt>
      <trkpt lat="50.65798166" lon="-116.53453158">
      </trkpt>
      <trkpt lat="50.65798166" lon="-116.53453816">
      </trkpt>
      <trkpt lat="50.65798166" lon="-116.53454914">
      </trkpt>
      <trkpt lat="50.65798166" lon="-116.5345645">
      </trkpt>
      <trkpt lat="50.65798166" lon="-116.53459522">
      </trkpt>
      <trkpt lat="50.65798166" lon="-116.53461059">
      </trkpt>
      <trkpt lat="50.65798166" lon="-116.53462595">
      </trkpt>
      <trkpt lat="50.65798166" lon="-116.53463254">
      </trkpt>
      <trkpt lat="50.65798305" lon="-116.53464571">
      </trkpt>
      <trkpt lat="50.65798583" lon="-116.53466545">
      </trkpt>
      <trkpt lat="50.65799001" lon="-116.53467643">
      </trkpt>
      <trkpt lat="50.6579914" lon="-116.53468301">
      </trkpt>
      <trkpt lat="50.65799419" lon="-116.53469618">
      </trkpt>
      <trkpt lat="50.65799697" lon="-116.53470496">
      </trkpt>
      <trkpt lat="50.65800253" lon="-116.53472251">
      </trkpt>
      <trkpt lat="50.65800391" lon="-116.53473329">
      </trkpt>
      <trkpt lat="50.65800388" lon="-116.53474168">
      </trkpt>
      <trkpt lat="50.65800385" lon="-116.53475006">
      </trkpt>
      <trkpt lat="50.65800381" lon="-116.53476263">
      </trkpt>
      <trkpt lat="50.65800377" lon="-116.53477519">
      </trkpt>
      <trkpt lat="50.65800512" lon="-116.53478774">
      </trkpt>
      <trkpt lat="50.65800507" lon="-116.53480237">
      </trkpt>
      <trkpt lat="50.65800503" lon="-116.53481699">
      </trkpt>
      <trkpt lat="50.65800774" lon="-116.53483369">
      </trkpt>
      <trkpt lat="50.6580091" lon="-116.53484203">
      </trkpt>
      <trkpt lat="50.6580132" lon="-116.53485869">
      </trkpt>
      <trkpt lat="50.65801594" lon="-116.53486911">
      </trkpt>
      <trkpt lat="50.65801868" lon="-116.53487742">
      </trkpt>
      <trkpt lat="50.65802142" lon="-116.53488575">
      </trkpt>
      <trkpt lat="50.65802553" lon="-116.53489615">
      </trkpt>
      <trkpt lat="50.65802828" lon="-116.53490902">
      </trkpt>
      <trkpt lat="50.65803105" lon="-116.53491775">
      </trkpt>
      <trkpt lat="50.65803244" lon="-116.53492867">
      </trkpt>
      <trkpt lat="50.65803382" lon="-116.53493959">
      </trkpt>
      <trkpt lat="50.65803659" lon="-116.53495051">
      </trkpt>
      <trkpt lat="50.65803797" lon="-116.53496361">
      </trkpt>
      <trkpt lat="50.65803936" lon="-116.53497671">
      </trkpt>
      <trkpt lat="50.65804213" lon="-116.53498982">
      </trkpt>
      <trkpt lat="50.65804352" lon="-116.53499419">
      </trkpt>
      <trkpt lat="50.65804629" lon="-116.53500728">
      </trkpt>
      <trkpt lat="50.65804905" lon="-116.53502258">
      </trkpt>
      <trkpt lat="50.65805183" lon="-116.53502913">
      </trkpt>
      <trkpt lat="50.65805598" lon="-116.53504223">
      </trkpt>
      <trkpt lat="50.65806013" lon="-116.53505316">
      </trkpt>
      <trkpt lat="50.65806567" lon="-116.53506188">
      </trkpt>
      <trkpt lat="50.6580726" lon="-116.53507499">
      </trkpt>
      <trkpt lat="50.65807813" lon="-116.5350881">
      </trkpt>
      <trkpt lat="50.65808782" lon="-116.53510338">
      </trkpt>
      <trkpt lat="50.65809337" lon="-116.5351143">
      </trkpt>
      <trkpt lat="50.65809752" lon="-116.53512085">
      </trkpt>
      <trkpt lat="50.65810583" lon="-116.53513613">
      </trkpt>
      <trkpt lat="50.65810998" lon="-116.53514486">
      </trkpt>
      <trkpt lat="50.65811275" lon="-116.53515142">
      </trkpt>
      <trkpt lat="50.6581169" lon="-116.53516235">
      </trkpt>
      <trkpt lat="50.65812106" lon="-116.53517545">
      </trkpt>
      <trkpt lat="50.6581266" lon="-116.53518855">
      </trkpt>
      <trkpt lat="50.65812936" lon="-116.53519292">
      </trkpt>
      <trkpt lat="50.6581349" lon="-116.53521038">
      </trkpt>
      <trkpt lat="50.65813906" lon="-116.53522131">
      </trkpt>
      <trkpt lat="50.65814183" lon="-116.53522786">
      </trkpt>
      <trkpt lat="50.65815567" lon="-116.53527564">
      </trkpt>
      <trkpt lat="50.65815844" lon="-116.53528219">
      </trkpt>
      <trkpt lat="50.65815982" lon="-116.5352931">
      </trkpt>
      <trkpt lat="50.65816398" lon="-116.53530183">
      </trkpt>
      <trkpt lat="50.65816813" lon="-116.53531058">
      </trkpt>
      <trkpt lat="50.65817506" lon="-116.53532586">
      </trkpt>
      <trkpt lat="50.65817644" lon="-116.53533022">
      </trkpt>
      <trkpt lat="50.65818336" lon="-116.53534334">
      </trkpt>
      <trkpt lat="50.6581889" lon="-116.53535424">
      </trkpt>
      <trkpt lat="50.65819167" lon="-116.53536516">
      </trkpt>
      <trkpt lat="50.65819305" lon="-116.53536954">
      </trkpt>
      <trkpt lat="50.65819444" lon="-116.53538046">
      </trkpt>
      <trkpt lat="50.65819721" lon="-116.53539355">
      </trkpt>
      <trkpt lat="50.65819998" lon="-116.53540229">
      </trkpt>
      <trkpt lat="50.65820275" lon="-116.53541539">
      </trkpt>
      <trkpt lat="50.65820949" lon="-116.53543551">
      </trkpt>
      <trkpt lat="50.65821215" lon="-116.53544669">
      </trkpt>
      <trkpt lat="50.65821481" lon="-116.53545785">
      </trkpt>
      <trkpt lat="50.65821884" lon="-116.53547123">
      </trkpt>
      <trkpt lat="50.65821877" lon="-116.53547793">
      </trkpt>
      <trkpt lat="50.65822421" lon="-116.53548684">
      </trkpt>
      <trkpt lat="50.65822825" lon="-116.53549798">
      </trkpt>
      <trkpt lat="50.65823233" lon="-116.53550466">
      </trkpt>
      <trkpt lat="50.65824043" lon="-116.53552246">
      </trkpt>
      <trkpt lat="50.65824442" lon="-116.53553802">
      </trkpt>
      <trkpt lat="50.65824711" lon="-116.53554468">
      </trkpt>
      <trkpt lat="50.6582497" lon="-116.53556022">
      </trkpt>
      <trkpt lat="50.65825097" lon="-116.53557132">
      </trkpt>
      <trkpt lat="50.65825356" lon="-116.53558683">
      </trkpt>
      <trkpt lat="50.65825907" lon="-116.53562813">
      </trkpt>
      <trkpt lat="50.65826458" lon="-116.53566725">
      </trkpt>
      <trkpt lat="50.65826596" lon="-116.53568681">
      </trkpt>
      <trkpt lat="50.65826734" lon="-116.53569767">
      </trkpt>
      <trkpt lat="50.65826733" lon="-116.53570636">
      </trkpt>
      <trkpt lat="50.65826734" lon="-116.53572592">
      </trkpt>
      <trkpt lat="50.65826734" lon="-116.535752">
      </trkpt>
      <trkpt lat="50.65826734" lon="-116.53577156">
      </trkpt>
      <trkpt lat="50.65826872" lon="-116.53577808">
      </trkpt>
      <trkpt lat="50.65827285" lon="-116.53578677">
      </trkpt>
      <trkpt lat="50.65827423" lon="-116.53579329">
      </trkpt>
      <trkpt lat="50.65827561" lon="-116.53579981">
      </trkpt>
      <trkpt lat="50.65827837" lon="-116.53580849">
      </trkpt>
      <trkpt lat="50.65827974" lon="-116.5358172">
      </trkpt>
      <trkpt lat="50.65828249" lon="-116.53582805">
      </trkpt>
      <trkpt lat="50.65828388" lon="-116.53584544">
      </trkpt>
      <trkpt lat="50.65828663" lon="-116.53586066">
      </trkpt>
      <trkpt lat="50.65828801" lon="-116.53586935">
      </trkpt>
      <trkpt lat="50.65829215" lon="-116.53588455">
      </trkpt>
      <trkpt lat="50.65829352" lon="-116.53589326">
      </trkpt>
      <trkpt lat="50.65829903" lon="-116.53591064">
      </trkpt>
      <trkpt lat="50.65830179" lon="-116.53591934">
      </trkpt>
      <trkpt lat="50.65830592" lon="-116.53592584">
      </trkpt>
      <trkpt lat="50.65830998" lon="-116.53593676">
      </trkpt>
      <trkpt lat="50.65831535" lon="-116.53594774">
      </trkpt>
      <trkpt lat="50.65831805" lon="-116.53595212">
      </trkpt>
      <trkpt lat="50.65832345" lon="-116.53596087">
      </trkpt>
      <trkpt lat="50.65833567" lon="-116.535974">
      </trkpt>
      <trkpt lat="50.65833839" lon="-116.5359762">
      </trkpt>
      <trkpt lat="50.6583533" lon="-116.53599369">
      </trkpt>
      <trkpt lat="50.65835598" lon="-116.53599806">
      </trkpt>
      <trkpt lat="50.65836265" lon="-116.53601334">
      </trkpt>
      <trkpt lat="50.65836262" lon="-116.53601553">
      </trkpt>
      <trkpt lat="50.65836516" lon="-116.5360308">
      </trkpt>
      <trkpt lat="50.65836904" lon="-116.53604824">
      </trkpt>
      <trkpt lat="50.65837684" lon="-116.53607872">
      </trkpt>
      <trkpt lat="50.65838748" lon="-116.53613072">
      </trkpt>
      <trkpt lat="50.65839159" lon="-116.53616317">
      </trkpt>
      <trkpt lat="50.65839297" lon="-116.53617181">
      </trkpt>
      <trkpt lat="50.65839571" lon="-116.53618263">
      </trkpt>
      <trkpt lat="50.65839708" lon="-116.5361956">
      </trkpt>
      <trkpt lat="50.65839982" lon="-116.53620857">
      </trkpt>
      <trkpt lat="50.65840119" lon="-116.53621507">
      </trkpt>
      <trkpt lat="50.65840394" lon="-116.53622588">
      </trkpt>
      <trkpt lat="50.65840805" lon="-116.53623669">
      </trkpt>
      <trkpt lat="50.65841216" lon="-116.53625183">
      </trkpt>
      <trkpt lat="50.65841353" lon="-116.53626047">
      </trkpt>
      <trkpt lat="50.65841627" lon="-116.53626696">
      </trkpt>
      <trkpt lat="50.65843795" lon="-116.53631669">
      </trkpt>
      <trkpt lat="50.65844205" lon="-116.53632319">
      </trkpt>
      <trkpt lat="50.65844617" lon="-116.53632967">
      </trkpt>
      <trkpt lat="50.65845166" lon="-116.53633832">
      </trkpt>
      <trkpt lat="50.65845577" lon="-116.53634697">
      </trkpt>
      <trkpt lat="50.65846262" lon="-116.53635561">
      </trkpt>
      <trkpt lat="50.65846673" lon="-116.53636427">
      </trkpt>
      <trkpt lat="50.65847359" lon="-116.53637291">
      </trkpt>
      <trkpt lat="50.65847633" lon="-116.53637724">
      </trkpt>
      <trkpt lat="50.65848181" lon="-116.53638589">
      </trkpt>
      <trkpt lat="50.65848867" lon="-116.53638805">
      </trkpt>
      <trkpt lat="50.65849689" lon="-116.5363967">
      </trkpt>
      <trkpt lat="50.65850375" lon="-116.53640102">
      </trkpt>
      <trkpt lat="50.6585106" lon="-116.53640968">
      </trkpt>
      <trkpt lat="50.65851883" lon="-116.53641831">
      </trkpt>
      <trkpt lat="50.6585202" lon="-116.53642265">
      </trkpt>
      <trkpt lat="50.65852431" lon="-116.53642913">
      </trkpt>
      <trkpt lat="50.65853253" lon="-116.53643994">
      </trkpt>
      <trkpt lat="50.65853804" lon="-116.53644857">
      </trkpt>
      <trkpt lat="50.65854494" lon="-116.53645718">
      </trkpt>
      <trkpt lat="50.65855596" lon="-116.53646792">
      </trkpt>
      <trkpt lat="50.65856833" lon="-116.5364765">
      </trkpt>
      <trkpt lat="50.65857932" lon="-116.53648509">
      </trkpt>
      <trkpt lat="50.65858757" lon="-116.53649153">
      </trkpt>
      <trkpt lat="50.65859718" lon="-116.5365001">
      </trkpt>
      <trkpt lat="50.65859993" lon="-116.53650225">
      </trkpt>
      <trkpt lat="50.6586109" lon="-116.53650867">
      </trkpt>
      <trkpt lat="50.65861913" lon="-116.53651296">
      </trkpt>
      <trkpt lat="50.65862735" lon="-116.53651724">
      </trkpt>
      <trkpt lat="50.65863557" lon="-116.53652153">
      </trkpt>
      <trkpt lat="50.65864105" lon="-116.53652581">
      </trkpt>
      <trkpt lat="50.65865062" lon="-116.53652795">
      </trkpt>
      <trkpt lat="50.65865748" lon="-116.53653222">
      </trkpt>
      <trkpt lat="50.65866568" lon="-116.53653649">
      </trkpt>
      <trkpt lat="50.65868212" lon="-116.53654933">
      </trkpt>
      <trkpt lat="50.65868895" lon="-116.53655574">
      </trkpt>
      <trkpt lat="50.65869443" lon="-116.53656002">
      </trkpt>
      <trkpt lat="50.65870127" lon="-116.53656855">
      </trkpt>
      <trkpt lat="50.6587081" lon="-116.53657496">
      </trkpt>
      <trkpt lat="50.65871357" lon="-116.53658562">
      </trkpt>
      <trkpt lat="50.65871903" lon="-116.53658989">
      </trkpt>
      <trkpt lat="50.65872449" lon="-116.53659842">
      </trkpt>
      <trkpt lat="50.65873268" lon="-116.5366112">
      </trkpt>
      <trkpt lat="50.65873814" lon="-116.5366176">
      </trkpt>
      <trkpt lat="50.65874223" lon="-116.53662836">
      </trkpt>
      <trkpt lat="50.65874769" lon="-116.53663696">
      </trkpt>
      <trkpt lat="50.65875315" lon="-116.53664986">
      </trkpt>
      <trkpt lat="50.6587586" lon="-116.53666277">
      </trkpt>
      <trkpt lat="50.65876679" lon="-116.53668214">
      </trkpt>
      <trkpt lat="50.65877361" lon="-116.53669505">
      </trkpt>
      <trkpt lat="50.65877906" lon="-116.53671012">
      </trkpt>
      <trkpt lat="50.65878452" lon="-116.53672518">
      </trkpt>
      <trkpt lat="50.65878861" lon="-116.53673594">
      </trkpt>
      <trkpt lat="50.65878862" lon="-116.53674239">
      </trkpt>
      <trkpt lat="50.65879271" lon="-116.53675099">
      </trkpt>
      <trkpt lat="50.65879953" lon="-116.53676606">
      </trkpt>
      <trkpt lat="50.65880635" lon="-116.53677897">
      </trkpt>
      <trkpt lat="50.6588118" lon="-116.53678973">
      </trkpt>
      <trkpt lat="50.65881726" lon="-116.53679618">
      </trkpt>
      <trkpt lat="50.65882408" lon="-116.53680695">
      </trkpt>
      <trkpt lat="50.65882817" lon="-116.53681339">
      </trkpt>
      <trkpt lat="50.65883499" lon="-116.53682631">
      </trkpt>
      <trkpt lat="50.65883635" lon="-116.53683061">
      </trkpt>
      <trkpt lat="50.6588459" lon="-116.53684352">
      </trkpt>
      <trkpt lat="50.65885272" lon="-116.53685643">
      </trkpt>
      <trkpt lat="50.65885682" lon="-116.53686718">
      </trkpt>
      <trkpt lat="50.65886227" lon="-116.5368758">
      </trkpt>
      <trkpt lat="50.65886637" lon="-116.53688655">
      </trkpt>
      <trkpt lat="50.65887183" lon="-116.53690162">
      </trkpt>
      <trkpt lat="50.65887456" lon="-116.53691022">
      </trkpt>
      <trkpt lat="50.65888001" lon="-116.53691883">
      </trkpt>
      <trkpt lat="50.65888138" lon="-116.53692098">
      </trkpt>
      <trkpt lat="50.65888956" lon="-116.53693604">
      </trkpt>
      <trkpt lat="50.65889774" lon="-116.5369511">
      </trkpt>
      <trkpt lat="50.65889911" lon="-116.53695325">
      </trkpt>
      <trkpt lat="50.65890729" lon="-116.53696616">
      </trkpt>
      <trkpt lat="50.65891002" lon="-116.53697478">
      </trkpt>
      <trkpt lat="50.6589385" lon="-116.53702513">
      </trkpt>
      <trkpt lat="50.6589385" lon="-116.53703159">
      </trkpt>
      <trkpt lat="50.65894532" lon="-116.53704665">
      </trkpt>
      <trkpt lat="50.65894941" lon="-116.53705741">
      </trkpt>
      <trkpt lat="50.65895624" lon="-116.53707461">
      </trkpt>
      <trkpt lat="50.65896306" lon="-116.53708753">
      </trkpt>
      <trkpt lat="50.65897124" lon="-116.53710259">
      </trkpt>
      <trkpt lat="50.6589767" lon="-116.53711765">
      </trkpt>
      <trkpt lat="50.65898216" lon="-116.53712625">
      </trkpt>
      <trkpt lat="50.65898632" lon="-116.53714139">
      </trkpt>
      <trkpt lat="50.6589905" lon="-116.53715009">
      </trkpt>
      <trkpt lat="50.65899334" lon="-116.53716094">
      </trkpt>
      <trkpt lat="50.65899613" lon="-116.53716746">
      </trkpt>
      <trkpt lat="50.65900031" lon="-116.53717398">
      </trkpt>
      <trkpt lat="50.6590059" lon="-116.53718701">
      </trkpt>
      <trkpt lat="50.65901426" lon="-116.53720436">
      </trkpt>
      <trkpt lat="50.65901983" lon="-116.53721734">
      </trkpt>
      <trkpt lat="50.65903233" lon="-116.5372433">
      </trkpt>
      <trkpt lat="50.65904874" lon="-116.5372755">
      </trkpt>
      <trkpt lat="50.65905689" lon="-116.53728834">
      </trkpt>
      <trkpt lat="50.65906503" lon="-116.53730547">
      </trkpt>
      <trkpt lat="50.65907047" lon="-116.5373119">
      </trkpt>
      <trkpt lat="50.65908403" lon="-116.53733758">
      </trkpt>
      <trkpt lat="50.6590854" lon="-116.53734186">
      </trkpt>
      <trkpt lat="50.65909353" lon="-116.53735044">
      </trkpt>
      <trkpt lat="50.65909761" lon="-116.53736114">
      </trkpt>
      <trkpt lat="50.65910168" lon="-116.53736756">
      </trkpt>
      <trkpt lat="50.65910983" lon="-116.53737611">
      </trkpt>
      <trkpt lat="50.65911661" lon="-116.53738683">
      </trkpt>
      <trkpt lat="50.65912068" lon="-116.53739539">
      </trkpt>
      <trkpt lat="50.65912883" lon="-116.53740609">
      </trkpt>
      <trkpt lat="50.65913561" lon="-116.53741466">
      </trkpt>
      <trkpt lat="50.65914104" lon="-116.53742108">
      </trkpt>
      <trkpt lat="50.65914783" lon="-116.53742964">
      </trkpt>
      <trkpt lat="50.6591519" lon="-116.53743607">
      </trkpt>
      <trkpt lat="50.65916275" lon="-116.53744677">
      </trkpt>
      <trkpt lat="50.65916819" lon="-116.5374532">
      </trkpt>
      <trkpt lat="50.65918041" lon="-116.53746391">
      </trkpt>
      <trkpt lat="50.65919397" lon="-116.53747461">
      </trkpt>
      <trkpt lat="50.65920484" lon="-116.5374853">
      </trkpt>
      <trkpt lat="50.65921298" lon="-116.53749387">
      </trkpt>
      <trkpt lat="50.65922248" lon="-116.53750243">
      </trkpt>
      <trkpt lat="50.6592252" lon="-116.53750458">
      </trkpt>
      <trkpt lat="50.65923062" lon="-116.53750886">
      </trkpt>
      <trkpt lat="50.65923741" lon="-116.53751742">
      </trkpt>
      <trkpt lat="50.65924691" lon="-116.53752384">
      </trkpt>
      <trkpt lat="50.65925641" lon="-116.53753455">
      </trkpt>
      <trkpt lat="50.65926998" lon="-116.53754526">
      </trkpt>
      <trkpt lat="50.65927949" lon="-116.53755381">
      </trkpt>
      <trkpt lat="50.65929305" lon="-116.53756452">
      </trkpt>
      <trkpt lat="50.65930663" lon="-116.5375795">
      </trkpt>
      <trkpt lat="50.65931885" lon="-116.53758807">
      </trkpt>
      <trkpt lat="50.65932427" lon="-116.53759663">
      </trkpt>
      <trkpt lat="50.65933242" lon="-116.53760306">
      </trkpt>
      <trkpt lat="50.6593392" lon="-116.53760733">
      </trkpt>
      <trkpt lat="50.6593487" lon="-116.5376159">
      </trkpt>
      <trkpt lat="50.65935685" lon="-116.53762447">
      </trkpt>
      <trkpt lat="50.659365" lon="-116.53763517">
      </trkpt>
      <trkpt lat="50.65937449" lon="-116.53764374">
      </trkpt>
      <trkpt lat="50.65938128" lon="-116.53764801">
      </trkpt>
      <trkpt lat="50.65939621" lon="-116.537663">
      </trkpt>
      <trkpt lat="50.65940164" lon="-116.53766942">
      </trkpt>
      <trkpt lat="50.65940707" lon="-116.53767371">
      </trkpt>
      <trkpt lat="50.65941385" lon="-116.53767798">
      </trkpt>
      <trkpt lat="50.65942472" lon="-116.53768869">
      </trkpt>
      <trkpt lat="50.65942879" lon="-116.53769083">
      </trkpt>
      <trkpt lat="50.65943693" lon="-116.53769511">
      </trkpt>
      <trkpt lat="50.65943964" lon="-116.53769725">
      </trkpt>
      <trkpt lat="50.65944643" lon="-116.53770154">
      </trkpt>
      <trkpt lat="50.65945185" lon="-116.53770368">
      </trkpt>
      <trkpt lat="50.65946543" lon="-116.5377101">
      </trkpt>
      <trkpt lat="50.65947357" lon="-116.53771652">
      </trkpt>
      <trkpt lat="50.65949394" lon="-116.53772937">
      </trkpt>
      <trkpt lat="50.65951429" lon="-116.53774221">
      </trkpt>
      <trkpt lat="50.65951973" lon="-116.53774436">
      </trkpt>
      <trkpt lat="50.65954551" lon="-116.53776149">
      </trkpt>
      <trkpt lat="50.65955094" lon="-116.53776577">
      </trkpt>
      <trkpt lat="50.6595618" lon="-116.53777219">
      </trkpt>
      <trkpt lat="50.6595808" lon="-116.53778717">
      </trkpt>
      <trkpt lat="50.65958351" lon="-116.53778931">
      </trkpt>
      <trkpt lat="50.65959301" lon="-116.53779788">
      </trkpt>
      <trkpt lat="50.65960252" lon="-116.5378043">
      </trkpt>
      <trkpt lat="50.65960794" lon="-116.53781072">
      </trkpt>
      <trkpt lat="50.65961608" lon="-116.53781501">
      </trkpt>
      <trkpt lat="50.65962559" lon="-116.53782356">
      </trkpt>
      <trkpt lat="50.65963509" lon="-116.53782999">
      </trkpt>
      <trkpt lat="50.65965001" lon="-116.53783641">
      </trkpt>
      <trkpt lat="50.65966359" lon="-116.53784284">
      </trkpt>
      <trkpt lat="50.65967445" lon="-116.53784711">
      </trkpt>
      <trkpt lat="50.65968802" lon="-116.53785141">
      </trkpt>
      <trkpt lat="50.6597016" lon="-116.53786211">
      </trkpt>
      <trkpt lat="50.65972196" lon="-116.53786852">
      </trkpt>
      <trkpt lat="50.65972874" lon="-116.53787281">
      </trkpt>
      <trkpt lat="50.65974096" lon="-116.53788352">
      </trkpt>
      <trkpt lat="50.65974774" lon="-116.53788779">
      </trkpt>
      <trkpt lat="50.65977332" lon="-116.53790686">
      </trkpt>
      <trkpt lat="50.65978389" lon="-116.53791516">
      </trkpt>
      <trkpt lat="50.65979442" lon="-116.53792555">
      </trkpt>
      <trkpt lat="50.65980497" lon="-116.53793383">
      </trkpt>
      <trkpt lat="50.65980887" lon="-116.53794009">
      </trkpt>
      <trkpt lat="50.65981544" lon="-116.53794629">
      </trkpt>
      <trkpt lat="50.65982329" lon="-116.5379546">
      </trkpt>
      <trkpt lat="50.65983378" lon="-116.53796493">
      </trkpt>
      <trkpt lat="50.65984288" lon="-116.53797738">
      </trkpt>
      <trkpt lat="50.65984683" lon="-116.53797943">
      </trkpt>
      <trkpt lat="50.65985474" lon="-116.53799202">
      </trkpt>
      <trkpt lat="50.65986149" lon="-116.53800267">
      </trkpt>
      <trkpt lat="50.65987229" lon="-116.53801757">
      </trkpt>
      <trkpt lat="50.65988445" lon="-116.53804102">
      </trkpt>
      <trkpt lat="50.6598939" lon="-116.53805592">
      </trkpt>
      <trkpt lat="50.65990335" lon="-116.53807084">
      </trkpt>
      <trkpt lat="50.6599101" lon="-116.53807722">
      </trkpt>
      <trkpt lat="50.65991686" lon="-116.53808574">
      </trkpt>
      <trkpt lat="50.65992902" lon="-116.53809639">
      </trkpt>
      <trkpt lat="50.65993846" lon="-116.53810705">
      </trkpt>
      <trkpt lat="50.65994387" lon="-116.53811131">
      </trkpt>
      <trkpt lat="50.65997899" lon="-116.53817014">
      </trkpt>
      <trkpt lat="50.65998033" lon="-116.5381744">
      </trkpt>
      <trkpt lat="50.65998705" lon="-116.53819578">
      </trkpt>
      <trkpt lat="50.65999674" lon="-116.53823822">
      </trkpt>
      <trkpt lat="50.66000164" lon="-116.53825609">
      </trkpt>
      <trkpt lat="50.660004" lon="-116.53826941">
      </trkpt>
      <trkpt lat="50.66000763" lon="-116.538285">
      </trkpt>
      <trkpt lat="50.66000758" lon="-116.53828719">
      </trkpt>
      <trkpt lat="50.6600112" lon="-116.53830275">
      </trkpt>
      <trkpt lat="50.66001472" lon="-116.53832268">
      </trkpt>
      <trkpt lat="50.66001715" lon="-116.53833156">
      </trkpt>
      <trkpt lat="50.66002558" lon="-116.53835645">
      </trkpt>
      <trkpt lat="50.66003134" lon="-116.53836858">
      </trkpt>
      <trkpt lat="50.66003856" lon="-116.53838696">
      </trkpt>
      <trkpt lat="50.66004144" lon="-116.53839941">
      </trkpt>
      <trkpt lat="50.66004578" lon="-116.53840961">
      </trkpt>
      <trkpt lat="50.66005012" lon="-116.5384198">
      </trkpt>
      <trkpt lat="50.66005301" lon="-116.53843228">
      </trkpt>
      <trkpt lat="50.66005591" lon="-116.53844263">
      </trkpt>
      <trkpt lat="50.66005881" lon="-116.53845298">
      </trkpt>
      <trkpt lat="50.66006171" lon="-116.53846122">
      </trkpt>
      <trkpt lat="50.66006461" lon="-116.53847797">
      </trkpt>
      <trkpt lat="50.66006752" lon="-116.53848622">
      </trkpt>
      <trkpt lat="50.66007195" lon="-116.53850913">
      </trkpt>
      <trkpt lat="50.66007512" lon="-116.5385192">
      </trkpt>
      <trkpt lat="50.66007533" lon="-116.53852747">
      </trkpt>
      <trkpt lat="50.66007865" lon="-116.53854376">
      </trkpt>
      <trkpt lat="50.66008354" lon="-116.53856411">
      </trkpt>
      <trkpt lat="50.66008672" lon="-116.53857423">
      </trkpt>
      <trkpt lat="50.66009011" lon="-116.53859268">
      </trkpt>
      <trkpt lat="50.66009173" lon="-116.53859879">
      </trkpt>
      <trkpt lat="50.6600933" lon="-116.5386114">
      </trkpt>
      <trkpt lat="50.660099" lon="-116.53863249">
      </trkpt>
      <trkpt lat="50.66010471" lon="-116.53864932">
      </trkpt>
      <trkpt lat="50.66010757" lon="-116.5386556">
      </trkpt>
      <trkpt lat="50.66011184" lon="-116.53866824">
      </trkpt>
      <trkpt lat="50.6601147" lon="-116.53867881">
      </trkpt>
      <trkpt lat="50.66012042" lon="-116.53869353">
      </trkpt>
      <trkpt lat="50.66012614" lon="-116.5387104">
      </trkpt>
      <trkpt lat="50.66013186" lon="-116.53872728">
      </trkpt>
      <trkpt lat="50.66014046" lon="-116.53875477">
      </trkpt>
      <trkpt lat="50.66014332" lon="-116.53876752">
      </trkpt>
      <trkpt lat="50.66014475" lon="-116.53877604">
      </trkpt>
      <trkpt lat="50.66014619" lon="-116.5387867">
      </trkpt>
      <trkpt lat="50.66014762" lon="-116.53881669">
      </trkpt>
      <trkpt lat="50.66014762" lon="-116.53883173">
      </trkpt>
      <trkpt lat="50.66014762" lon="-116.53884889">
      </trkpt>
      <trkpt lat="50.66014619" lon="-116.53886826">
      </trkpt>
      <trkpt lat="50.66014619" lon="-116.5388747">
      </trkpt>
      <trkpt lat="50.66014332" lon="-116.53888769">
      </trkpt>
      <trkpt lat="50.66013759" lon="-116.53892007">
      </trkpt>
      <trkpt lat="50.66013043" lon="-116.53893106">
      </trkpt>
      <trkpt lat="50.660129" lon="-116.53893967">
      </trkpt>
      <trkpt lat="50.66011471" lon="-116.5389723">
      </trkpt>
      <trkpt lat="50.66010899" lon="-116.53898319">
      </trkpt>
      <trkpt lat="50.66010471" lon="-116.5389919">
      </trkpt>
      <trkpt lat="50.66010186" lon="-116.53899627">
      </trkpt>
      <trkpt lat="50.66009759" lon="-116.53901139">
      </trkpt>
      <trkpt lat="50.66009219" lon="-116.53903276">
      </trkpt>
      <trkpt lat="50.66008829" lon="-116.53904764">
      </trkpt>
      <trkpt lat="50.66007779" lon="-116.53908384">
      </trkpt>
      <trkpt lat="50.66007251" lon="-116.53910089">
      </trkpt>
      <trkpt lat="50.66007003" lon="-116.53911577">
      </trkpt>
      <trkpt lat="50.66006367" lon="-116.5391477">
      </trkpt>
      <trkpt lat="50.66005812" lon="-116.5391649">
      </trkpt>
      <trkpt lat="50.66005394" lon="-116.53917995">
      </trkpt>
      <trkpt lat="50.66004837" lon="-116.53919287">
      </trkpt>
      <trkpt lat="50.66004082" lon="-116.53921889">
      </trkpt>
      <trkpt lat="50.66002888" lon="-116.53925567">
      </trkpt>
      <trkpt lat="50.66002571" lon="-116.53927292">
      </trkpt>
      <trkpt lat="50.66002275" lon="-116.53928155">
      </trkpt>
      <trkpt lat="50.66001975" lon="-116.53929232">
      </trkpt>
      <trkpt lat="50.6600153" lon="-116.53930525">
      </trkpt>
      <trkpt lat="50.66001235" lon="-116.53931385">
      </trkpt>
      <trkpt lat="50.66000377" lon="-116.53932678">
      </trkpt>
      <trkpt lat="50.65999511" lon="-116.53934397">
      </trkpt>
      <trkpt lat="50.65999212" lon="-116.53935468">
      </trkpt>
      <trkpt lat="50.65998779" lon="-116.53936539">
      </trkpt>
      <trkpt lat="50.65998366" lon="-116.53937605">
      </trkpt>
      <trkpt lat="50.65997952" lon="-116.53939097">
      </trkpt>
      <trkpt lat="50.65997539" lon="-116.53940588">
      </trkpt>
      <trkpt lat="50.65996988" lon="-116.53942504">
      </trkpt>
      <trkpt lat="50.65996713" lon="-116.53944632">
      </trkpt>
      <trkpt lat="50.659963" lon="-116.53946548">
      </trkpt>
      <trkpt lat="50.65995749" lon="-116.53950801">
      </trkpt>
      <trkpt lat="50.65995475" lon="-116.53952714">
      </trkpt>
      <trkpt lat="50.65995062" lon="-116.53955054">
      </trkpt>
      <trkpt lat="50.65994786" lon="-116.53957817">
      </trkpt>
      <trkpt lat="50.65994512" lon="-116.53960155">
      </trkpt>
      <trkpt lat="50.65994237" lon="-116.53962067">
      </trkpt>
      <trkpt lat="50.65993825" lon="-116.53963554">
      </trkpt>
      <trkpt lat="50.65993275" lon="-116.53965464">
      </trkpt>
      <trkpt lat="50.65992725" lon="-116.5396695">
      </trkpt>
      <trkpt lat="50.65992313" lon="-116.53967798">
      </trkpt>
      <trkpt lat="50.65991902" lon="-116.53968432">
      </trkpt>
      <trkpt lat="50.65990941" lon="-116.53969915">
      </trkpt>
      <trkpt lat="50.65990255" lon="-116.53971186">
      </trkpt>
      <trkpt lat="50.65989844" lon="-116.53972457">
      </trkpt>
      <trkpt lat="50.65989295" lon="-116.53974364">
      </trkpt>
      <trkpt lat="50.65989158" lon="-116.53975">
      </trkpt>
      <trkpt lat="50.65988884" lon="-116.53976059">
      </trkpt>
      <trkpt lat="50.65988473" lon="-116.53977754">
      </trkpt>
      <trkpt lat="50.65988336" lon="-116.53978389">
      </trkpt>
      <trkpt lat="50.65988062" lon="-116.53979236">
      </trkpt>
      <trkpt lat="50.65987788" lon="-116.53980719">
      </trkpt>
      <trkpt lat="50.65987652" lon="-116.53981566">
      </trkpt>
      <trkpt lat="50.65987652" lon="-116.53982414">
      </trkpt>
      <trkpt lat="50.65987652" lon="-116.53983263">
      </trkpt>
      <trkpt lat="50.65987515" lon="-116.53984958">
      </trkpt>
      <trkpt lat="50.65987377" lon="-116.53986442">
      </trkpt>
      <trkpt lat="50.65987241" lon="-116.53988138">
      </trkpt>
      <trkpt lat="50.65987104" lon="-116.53988985">
      </trkpt>
      <trkpt lat="50.6598683" lon="-116.53990042">
      </trkpt>
      <trkpt lat="50.6598642" lon="-116.53990886">
      </trkpt>
      <trkpt lat="50.65986283" lon="-116.53991945">
      </trkpt>
      <trkpt lat="50.6598642" lon="-116.53992159">
      </trkpt>
      <trkpt lat="50.65985736" lon="-116.53999146">
      </trkpt>
      <trkpt lat="50.65985736" lon="-116.53999995">
      </trkpt>
      <trkpt lat="50.65985736" lon="-116.54000843">
      </trkpt>
      <trkpt lat="50.65985599" lon="-116.54001689">
      </trkpt>
      <trkpt lat="50.65985462" lon="-116.54002536">
      </trkpt>
      <trkpt lat="50.65985325" lon="-116.54003382">
      </trkpt>
      <trkpt lat="50.65985189" lon="-116.54005074">
      </trkpt>
      <trkpt lat="50.65985016" lon="-116.54007158">
      </trkpt>
      <trkpt lat="50.65984979" lon="-116.54009241">
      </trkpt>
      <trkpt lat="50.65984961" lon="-116.54010282">
      </trkpt>
      <trkpt lat="50.65984939" lon="-116.5401153">
      </trkpt>
      <trkpt lat="50.65984929" lon="-116.54012153">
      </trkpt>
      <trkpt lat="50.65984914" lon="-116.54012983">
      </trkpt>
      <trkpt lat="50.65984892" lon="-116.5401423">
      </trkpt>
      <trkpt lat="50.65985011" lon="-116.54015269">
      </trkpt>
      <trkpt lat="50.65985128" lon="-116.54016309">
      </trkpt>
      <trkpt lat="50.6598525" lon="-116.5401714">
      </trkpt>
      <trkpt lat="50.65985365" lon="-116.54018386">
      </trkpt>
      <trkpt lat="50.65985612" lon="-116.5401984">
      </trkpt>
      <trkpt lat="50.65985998" lon="-116.54021089">
      </trkpt>
      <trkpt lat="50.65986255" lon="-116.54021921">
      </trkpt>
      <trkpt lat="50.65986522" lon="-116.54023187">
      </trkpt>
      <trkpt lat="50.65986522" lon="-116.54024242">
      </trkpt>
      <trkpt lat="50.65986522" lon="-116.54024664">
      </trkpt>
      <trkpt lat="50.65986523" lon="-116.54026774">
      </trkpt>
      <trkpt lat="50.65986522" lon="-116.54026984">
      </trkpt>
      <trkpt lat="50.65986522" lon="-116.54028672">
      </trkpt>
      <trkpt lat="50.65986523" lon="-116.54031205">
      </trkpt>
      <trkpt lat="50.65986794" lon="-116.54032688">
      </trkpt>
      <trkpt lat="50.65986931" lon="-116.54035645">
      </trkpt>
      <trkpt lat="50.65987067" lon="-116.54036493">
      </trkpt>
      <trkpt lat="50.65987067" lon="-116.5403797">
      </trkpt>
      <trkpt lat="50.65987203" lon="-116.54039873">
      </trkpt>
      <trkpt lat="50.6598734" lon="-116.54041353">
      </trkpt>
      <trkpt lat="50.65987476" lon="-116.54043257">
      </trkpt>
      <trkpt lat="50.65987476" lon="-116.54044523">
      </trkpt>
      <trkpt lat="50.65987476" lon="-116.54044735">
      </trkpt>
      <trkpt lat="50.65987476" lon="-116.54046634">
      </trkpt>
      <trkpt lat="50.65986931" lon="-116.54048096">
      </trkpt>
      <trkpt lat="50.65986114" lon="-116.54049971">
      </trkpt>
      <trkpt lat="50.6598557" lon="-116.5405101">
      </trkpt>
      <trkpt lat="50.65985025" lon="-116.54052259">
      </trkpt>
      <trkpt lat="50.65984345" lon="-116.54053504">
      </trkpt>
      <trkpt lat="50.65983937" lon="-116.54054758">
      </trkpt>
      <trkpt lat="50.65983666" lon="-116.54056647">
      </trkpt>
      <trkpt lat="50.65983393" lon="-116.54058114">
      </trkpt>
      <trkpt lat="50.65983122" lon="-116.54059581">
      </trkpt>
      <trkpt lat="50.65982442" lon="-116.54061034">
      </trkpt>
      <trkpt lat="50.65982171" lon="-116.54062079">
      </trkpt>
      <trkpt lat="50.65980949" lon="-116.54064989">
      </trkpt>
      <trkpt lat="50.65980542" lon="-116.54065607">
      </trkpt>
      <trkpt lat="50.65979999" lon="-116.54067274">
      </trkpt>
      <trkpt lat="50.6597905" lon="-116.54068926">
      </trkpt>
      <trkpt lat="50.65977831" lon="-116.54071619">
      </trkpt>
      <trkpt lat="50.65977559" lon="-116.54072451">
      </trkpt>
      <trkpt lat="50.65977154" lon="-116.54073488">
      </trkpt>
      <trkpt lat="50.65976748" lon="-116.54074316">
      </trkpt>
      <trkpt lat="50.65975935" lon="-116.54075968">
      </trkpt>
      <trkpt lat="50.65975124" lon="-116.54078042">
      </trkpt>
      <trkpt lat="50.65974853" lon="-116.54079293">
      </trkpt>
      <trkpt lat="50.65974718" lon="-116.54079919">
      </trkpt>
      <trkpt lat="50.65974583" lon="-116.54081597">
      </trkpt>
      <trkpt lat="50.65974312" lon="-116.54083688">
      </trkpt>
      <trkpt lat="50.65973907" lon="-116.54085774">
      </trkpt>
      <trkpt lat="50.65973772" lon="-116.54086819">
      </trkpt>
      <trkpt lat="50.65973231" lon="-116.5408848">
      </trkpt>
      <trkpt lat="50.65972961" lon="-116.54089309">
      </trkpt>
      <trkpt lat="50.65972556" lon="-116.54090344">
      </trkpt>
      <trkpt lat="50.65971875" lon="-116.54091347">
      </trkpt>
      <trkpt lat="50.65971322" lon="-116.54092333">
      </trkpt>
      <trkpt lat="50.65970637" lon="-116.54093111">
      </trkpt>
      <trkpt lat="50.65968996" lon="-116.54095058">
      </trkpt>
      <trkpt lat="50.65968171" lon="-116.54096431">
      </trkpt>
      <trkpt lat="50.65968032" lon="-116.54096827">
      </trkpt>
      <trkpt lat="50.65967622" lon="-116.54097412">
      </trkpt>
      <trkpt lat="50.65967338" lon="-116.54098395">
      </trkpt>
      <trkpt lat="50.65966781" lon="-116.5409955">
      </trkpt>
      <trkpt lat="50.65966354" lon="-116.54101116">
      </trkpt>
      <trkpt lat="50.65966066" lon="-116.54102491">
      </trkpt>
      <trkpt lat="50.65965921" lon="-116.54103279">
      </trkpt>
      <trkpt lat="50.65963527" lon="-116.54111604">
      </trkpt>
      <trkpt lat="50.65963254" lon="-116.54112027">
      </trkpt>
      <trkpt lat="50.65962703" lon="-116.54113081">
      </trkpt>
      <trkpt lat="50.65961613" lon="-116.5411435">
      </trkpt>
      <trkpt lat="50.65961203" lon="-116.54114982">
      </trkpt>
      <trkpt lat="50.65960387" lon="-116.54116035">
      </trkpt>
      <trkpt lat="50.65959442" lon="-116.54116671">
      </trkpt>
      <trkpt lat="50.65958633" lon="-116.54117306">
      </trkpt>
      <trkpt lat="50.65957689" lon="-116.54118148">
      </trkpt>
      <trkpt lat="50.65957013" lon="-116.54118987">
      </trkpt>
      <trkpt lat="50.65956868" lon="-116.54120234">
      </trkpt>
      <trkpt lat="50.65956861" lon="-116.54121064">
      </trkpt>
      <trkpt lat="50.65956992" lon="-116.5412127">
      </trkpt>
      <trkpt lat="50.6595804" lon="-116.54123336">
      </trkpt>
      <trkpt lat="50.65958956" lon="-116.54125195">
      </trkpt>
      <trkpt lat="50.65959879" lon="-116.54126433">
      </trkpt>
      <trkpt lat="50.65960141" lon="-116.54127054">
      </trkpt>
      <trkpt lat="50.65960671" lon="-116.54127465">
      </trkpt>
      <trkpt lat="50.65961329" lon="-116.54128498">
      </trkpt>
      <trkpt lat="50.65962122" lon="-116.54129323">
      </trkpt>
      <trkpt lat="50.65963049" lon="-116.54130356">
      </trkpt>
      <trkpt lat="50.65963583" lon="-116.54130561">
      </trkpt>
      <trkpt lat="50.65964507" lon="-116.54131801">
      </trkpt>
      <trkpt lat="50.65965169" lon="-116.54132629">
      </trkpt>
      <trkpt lat="50.65966492" lon="-116.54134284">
      </trkpt>
      <trkpt lat="50.65967149" lon="-116.54135525">
      </trkpt>
      <trkpt lat="50.65967682" lon="-116.54135939">
      </trkpt>
      <trkpt lat="50.65968872" lon="-116.54137595">
      </trkpt>
      <trkpt lat="50.65969661" lon="-116.54139046">
      </trkpt>
      <trkpt lat="50.65970187" lon="-116.54139874">
      </trkpt>
      <trkpt lat="50.65971096" lon="-116.54140701">
      </trkpt>
      <trkpt lat="50.65971611" lon="-116.5414132">
      </trkpt>
      <trkpt lat="50.65972372" lon="-116.54142971">
      </trkpt>
      <trkpt lat="50.65973277" lon="-116.5414483">
      </trkpt>
      <trkpt lat="50.65974048" lon="-116.54146688">
      </trkpt>
      <trkpt lat="50.65974553" lon="-116.54148543">
      </trkpt>
      <trkpt lat="50.65974933" lon="-116.54149779">
      </trkpt>
      <trkpt lat="50.6597518" lon="-116.54151015">
      </trkpt>
      <trkpt lat="50.65975706" lon="-116.54152667">
      </trkpt>
      <trkpt lat="50.65976517" lon="-116.54155363">
      </trkpt>
      <trkpt lat="50.65977597" lon="-116.54158269">
      </trkpt>
      <trkpt lat="50.65978525" lon="-116.54160756">
      </trkpt>
      <trkpt lat="50.65979442" lon="-116.54162617">
      </trkpt>
      <trkpt lat="50.65980363" lon="-116.54164274">
      </trkpt>
      <trkpt lat="50.65981009" lon="-116.54166129">
      </trkpt>
      <trkpt lat="50.65981805" lon="-116.54167169">
      </trkpt>
      <trkpt lat="50.65982468" lon="-116.54168001">
      </trkpt>
      <trkpt lat="50.65983136" lon="-116.54168629">
      </trkpt>
      <trkpt lat="50.65983404" lon="-116.54168839">
      </trkpt>
      <trkpt lat="50.6598394" lon="-116.5416926">
      </trkpt>
      <trkpt lat="50.65984878" lon="-116.54169685">
      </trkpt>
      <trkpt lat="50.65985523" lon="-116.541703">
      </trkpt>
      <trkpt lat="50.65985778" lon="-116.5417071">
      </trkpt>
      <trkpt lat="50.65986427" lon="-116.54171119">
      </trkpt>
      <trkpt lat="50.65987207" lon="-116.54171528">
      </trkpt>
      <trkpt lat="50.65988241" lon="-116.54172347">
      </trkpt>
      <trkpt lat="50.65989026" lon="-116.54172967">
      </trkpt>
      <trkpt lat="50.65989561" lon="-116.5417318">
      </trkpt>
      <trkpt lat="50.65990497" lon="-116.54174226">
      </trkpt>
      <trkpt lat="50.65991969" lon="-116.54175485">
      </trkpt>
      <trkpt lat="50.65992907" lon="-116.54176117">
      </trkpt>
      <trkpt lat="50.65993709" lon="-116.54176749">
      </trkpt>
      <trkpt lat="50.65994233" lon="-116.54177369">
      </trkpt>
      <trkpt lat="50.65994886" lon="-116.54178194">
      </trkpt>
      <trkpt lat="50.65995807" lon="-116.54179025">
      </trkpt>
      <trkpt lat="50.65997779" lon="-116.5418089">
      </trkpt>
      <trkpt lat="50.66000144" lon="-116.54183171">
      </trkpt>
      <trkpt lat="50.66001723" lon="-116.54184622">
      </trkpt>
      <trkpt lat="50.6600237" lon="-116.54185238">
      </trkpt>
      <trkpt lat="50.66002627" lon="-116.54185442">
      </trkpt>
      <trkpt lat="50.66003397" lon="-116.54186257">
      </trkpt>
      <trkpt lat="50.66004291" lon="-116.54187277">
      </trkpt>
      <trkpt lat="50.66004806" lon="-116.54187685">
      </trkpt>
      <trkpt lat="50.66005959" lon="-116.54188907">
      </trkpt>
      <trkpt lat="50.66006988" lon="-116.5418972">
      </trkpt>
      <trkpt lat="50.66007755" lon="-116.54190535">
      </trkpt>
      <trkpt lat="50.66008774" lon="-116.54191755">
      </trkpt>
      <trkpt lat="50.66009544" lon="-116.54192365">
      </trkpt>
      <trkpt lat="50.66010174" lon="-116.5419338">
      </trkpt>
      <trkpt lat="50.66010939" lon="-116.54194193">
      </trkpt>
      <trkpt lat="50.660126" lon="-116.54195815">
      </trkpt>
      <trkpt lat="50.66013626" lon="-116.54196626">
      </trkpt>
      <trkpt lat="50.66013882" lon="-116.54196828">
      </trkpt>
      <trkpt lat="50.66014645" lon="-116.54197639">
      </trkpt>
      <trkpt lat="50.66015283" lon="-116.54198247">
      </trkpt>
      <trkpt lat="50.66015408" lon="-116.54198449">
      </trkpt>
      <trkpt lat="50.66018976" lon="-116.54201462">
      </trkpt>
      <trkpt lat="50.66019758" lon="-116.54202092">
      </trkpt>
      <trkpt lat="50.6602054" lon="-116.5420251">
      </trkpt>
      <trkpt lat="50.66021322" lon="-116.5420293">
      </trkpt>
      <trkpt lat="50.66021843" lon="-116.54203141">
      </trkpt>
      <trkpt lat="50.66022886" lon="-116.5420377">
      </trkpt>
      <trkpt lat="50.66023275" lon="-116.54204188">
      </trkpt>
      <trkpt lat="50.66024053" lon="-116.54205236">
      </trkpt>
      <trkpt lat="50.66024967" lon="-116.54206471">
      </trkpt>
      <trkpt lat="50.66025098" lon="-116.5420688">
      </trkpt>
      <trkpt lat="50.66025229" lon="-116.54207496">
      </trkpt>
      <trkpt lat="50.66025229" lon="-116.54208524">
      </trkpt>
      <trkpt lat="50.66025622" lon="-116.54211198">
      </trkpt>
      <trkpt lat="50.66025749" lon="-116.54212033">
      </trkpt>
      <trkpt lat="50.66026779" lon="-116.54215359">
      </trkpt>
      <trkpt lat="50.66026906" lon="-116.54216192">
      </trkpt>
      <trkpt lat="50.66027552" lon="-116.54217643">
      </trkpt>
      <trkpt lat="50.66027677" lon="-116.54218683">
      </trkpt>
      <trkpt lat="50.66028059" lon="-116.54220551">
      </trkpt>
      <trkpt lat="50.66028049" lon="-116.54222009">
      </trkpt>
      <trkpt lat="50.66028039" lon="-116.54223672">
      </trkpt>
      <trkpt lat="50.66028033" lon="-116.54224502">
      </trkpt>
      <trkpt lat="50.66028025" lon="-116.54225748">
      </trkpt>
      <trkpt lat="50.6602815" lon="-116.54226782">
      </trkpt>
      <trkpt lat="50.66028272" lon="-116.54228847">
      </trkpt>
      <trkpt lat="50.66028402" lon="-116.54229461">
      </trkpt>
      <trkpt lat="50.66028664" lon="-116.54230893">
      </trkpt>
      <trkpt lat="50.66028925" lon="-116.54232326">
      </trkpt>
      <trkpt lat="50.66029187" lon="-116.54234375">
      </trkpt>
      <trkpt lat="50.66029318" lon="-116.5423663">
      </trkpt>
      <trkpt lat="50.66029317" lon="-116.54238886">
      </trkpt>
      <trkpt lat="50.66029449" lon="-116.54241551">
      </trkpt>
      <trkpt lat="50.66029842" lon="-116.54243394">
      </trkpt>
      <trkpt lat="50.66030104" lon="-116.54244213">
      </trkpt>
      <trkpt lat="50.66030496" lon="-116.54245442">
      </trkpt>
      <trkpt lat="50.66031151" lon="-116.5424667">
      </trkpt>
      <trkpt lat="50.66031675" lon="-116.54247899">
      </trkpt>
      <trkpt lat="50.66032461" lon="-116.54249127">
      </trkpt>
      <trkpt lat="50.66033118" lon="-116.54250152">
      </trkpt>
      <trkpt lat="50.66033905" lon="-116.54251586">
      </trkpt>
      <trkpt lat="50.66035087" lon="-116.54253636">
      </trkpt>
      <trkpt lat="50.66035875" lon="-116.54255279">
      </trkpt>
      <trkpt lat="50.66036667" lon="-116.54256716">
      </trkpt>
      <trkpt lat="50.66037066" lon="-116.54257948">
      </trkpt>
      <trkpt lat="50.6603773" lon="-116.54259386">
      </trkpt>
      <trkpt lat="50.66038262" lon="-116.54260414">
      </trkpt>
      <trkpt lat="50.66038926" lon="-116.54262267">
      </trkpt>
      <trkpt lat="50.66040125" lon="-116.54264945">
      </trkpt>
      <trkpt lat="50.66040924" lon="-116.54267419">
      </trkpt>
      <trkpt lat="50.66041591" lon="-116.54268864">
      </trkpt>
      <trkpt lat="50.66042259" lon="-116.54270105">
      </trkpt>
      <trkpt lat="50.66042393" lon="-116.54270518">
      </trkpt>
      <trkpt lat="50.6604306" lon="-116.54272173">
      </trkpt>
      <trkpt lat="50.66043452" lon="-116.54273411">
      </trkpt>
      <trkpt lat="50.660437" lon="-116.5427485">
      </trkpt>
      <trkpt lat="50.66043818" lon="-116.54276084">
      </trkpt>
      <trkpt lat="50.66044064" lon="-116.54277726">
      </trkpt>
      <trkpt lat="50.66044042" lon="-116.54279983">
      </trkpt>
      <trkpt lat="50.66044042" lon="-116.54281013">
      </trkpt>
      <trkpt lat="50.66044042" lon="-116.54281425">
      </trkpt>
      <trkpt lat="50.66044042" lon="-116.54282455">
      </trkpt>
      <trkpt lat="50.66044305" lon="-116.54283899">
      </trkpt>
      <trkpt lat="50.66044438" lon="-116.5428493">
      </trkpt>
      <trkpt lat="50.66044834" lon="-116.54286376">
      </trkpt>
      <trkpt lat="50.66045098" lon="-116.54287819">
      </trkpt>
      <trkpt lat="50.66045363" lon="-116.54288234">
      </trkpt>
      <trkpt lat="50.66045892" lon="-116.5428968">
      </trkpt>
      <trkpt lat="50.66046156" lon="-116.54290508">
      </trkpt>
      <trkpt lat="50.66046553" lon="-116.54291542">
      </trkpt>
      <trkpt lat="50.66047082" lon="-116.54292579">
      </trkpt>
      <trkpt lat="50.66047744" lon="-116.54294233">
      </trkpt>
      <trkpt lat="50.6604814" lon="-116.54295682">
      </trkpt>
      <trkpt lat="50.6604867" lon="-116.54296925">
      </trkpt>
      <trkpt lat="50.66048922" lon="-116.54297947">
      </trkpt>
      <trkpt lat="50.66048908" lon="-116.54298968">
      </trkpt>
      <trkpt lat="50.66049033" lon="-116.5429958">
      </trkpt>
      <trkpt lat="50.66049274" lon="-116.54301416">
      </trkpt>
      <trkpt lat="50.66049247" lon="-116.54303451">
      </trkpt>
      <trkpt lat="50.66049361" lon="-116.54304875">
      </trkpt>
      <trkpt lat="50.6604948" lon="-116.54305892">
      </trkpt>
      <trkpt lat="50.66049443" lon="-116.54308733">
      </trkpt>
      <trkpt lat="50.66049432" lon="-116.54309544">
      </trkpt>
      <trkpt lat="50.66049417" lon="-116.54310758">
      </trkpt>
      <trkpt lat="50.66048871" lon="-116.54312167">
      </trkpt>
      <trkpt lat="50.66048336" lon="-116.54312766">
      </trkpt>
      <trkpt lat="50.66047662" lon="-116.54313967">
      </trkpt>
      <trkpt lat="50.66047004" lon="-116.54314776">
      </trkpt>
      <trkpt lat="50.66046214" lon="-116.54315379">
      </trkpt>
      <trkpt lat="50.66045293" lon="-116.54316184">
      </trkpt>
      <trkpt lat="50.66044767" lon="-116.54316585">
      </trkpt>
      <trkpt lat="50.6604411" lon="-116.5431719">
      </trkpt>
      <trkpt lat="50.66043454" lon="-116.54317998">
      </trkpt>
      <trkpt lat="50.66042927" lon="-116.54319014">
      </trkpt>
      <trkpt lat="50.66042796" lon="-116.54319421">
      </trkpt>
      <trkpt lat="50.6604214" lon="-116.54321048">
      </trkpt>
      <trkpt lat="50.66041616" lon="-116.54322676">
      </trkpt>
      <trkpt lat="50.66041222" lon="-116.54323693">
      </trkpt>
      <trkpt lat="50.66040566" lon="-116.54325932">
      </trkpt>
      <trkpt lat="50.66039124" lon="-116.5433102">
      </trkpt>
      <trkpt lat="50.66038323" lon="-116.54332809">
      </trkpt>
      <trkpt lat="50.66037791" lon="-116.54333799">
      </trkpt>
      <trkpt lat="50.66037256" lon="-116.54334986">
      </trkpt>
      <trkpt lat="50.66036988" lon="-116.54335779">
      </trkpt>
      <trkpt lat="50.66036588" lon="-116.54336569">
      </trkpt>
      <trkpt lat="50.66036323" lon="-116.54337161">
      </trkpt>
      <trkpt lat="50.66035658" lon="-116.54337931">
      </trkpt>
      <trkpt lat="50.6603486" lon="-116.54338891">
      </trkpt>
      <trkpt lat="50.66034197" lon="-116.54339656">
      </trkpt>
      <trkpt lat="50.66033272" lon="-116.54340409">
      </trkpt>
      <trkpt lat="50.66032742" lon="-116.54341178">
      </trkpt>
      <trkpt lat="50.66032081" lon="-116.5434194">
      </trkpt>
      <trkpt lat="50.66031422" lon="-116.54342701">
      </trkpt>
      <trkpt lat="50.66031156" lon="-116.54343283">
      </trkpt>
      <trkpt lat="50.6603063" lon="-116.54343851">
      </trkpt>
      <trkpt lat="50.66030233" lon="-116.54344624">
      </trkpt>
      <trkpt lat="50.66029705" lon="-116.54345388">
      </trkpt>
      <trkpt lat="50.66029049" lon="-116.54346145">
      </trkpt>
      <trkpt lat="50.66028131" lon="-116.54347282">
      </trkpt>
      <trkpt lat="50.66027347" lon="-116.54348031">
      </trkpt>
      <trkpt lat="50.66026306" lon="-116.54348978">
      </trkpt>
      <trkpt lat="50.66025529" lon="-116.54349945">
      </trkpt>
      <trkpt lat="50.66024881" lon="-116.54350516">
      </trkpt>
      <trkpt lat="50.66023847" lon="-116.54351468">
      </trkpt>
      <trkpt lat="50.66023588" lon="-116.54351858">
      </trkpt>
      <trkpt lat="50.66022942" lon="-116.54352427">
      </trkpt>
      <trkpt lat="50.66022039" lon="-116.54353183">
      </trkpt>
      <trkpt lat="50.66021652" lon="-116.54353967">
      </trkpt>
      <trkpt lat="50.66021395" lon="-116.54355363">
      </trkpt>
      <trkpt lat="50.66021394" lon="-116.54355967">
      </trkpt>
      <trkpt lat="50.66021008" lon="-116.54357959">
      </trkpt>
      <trkpt lat="50.6602075" lon="-116.54359355">
      </trkpt>
      <trkpt lat="50.6602075" lon="-116.54360966">
      </trkpt>
      <trkpt lat="50.6602075" lon="-116.54361972">
      </trkpt>
      <trkpt lat="50.6602075" lon="-116.54363584">
      </trkpt>
      <trkpt lat="50.66020621" lon="-116.54364583">
      </trkpt>
      <trkpt lat="50.66020616" lon="-116.54366759">
      </trkpt>
      <trkpt lat="50.66020609" lon="-116.54368318">
      </trkpt>
      <trkpt lat="50.66020604" lon="-116.5436968">
      </trkpt>
      <trkpt lat="50.660206" lon="-116.54370653">
      </trkpt>
      <trkpt lat="50.66020596" lon="-116.54371431">
      </trkpt>
      <trkpt lat="50.66020977" lon="-116.54372623">
      </trkpt>
      <trkpt lat="50.66021096" lon="-116.54374767">
      </trkpt>
      <trkpt lat="50.6602122" lon="-116.54375746">
      </trkpt>
      <trkpt lat="50.66021459" lon="-116.54379638">
      </trkpt>
      <trkpt lat="50.66021574" lon="-116.54384144">
      </trkpt>
      <trkpt lat="50.66021574" lon="-116.5438655">
      </trkpt>
      <trkpt lat="50.66021574" lon="-116.54388554">
      </trkpt>
      <trkpt lat="50.66021573" lon="-116.54390559">
      </trkpt>
      <trkpt lat="50.66021573" lon="-116.54391963">
      </trkpt>
      <trkpt lat="50.66021573" lon="-116.54393366">
      </trkpt>
      <trkpt lat="50.66021574" lon="-116.54395771">
      </trkpt>
      <trkpt lat="50.66021574" lon="-116.54397375">
      </trkpt>
      <trkpt lat="50.66021569" lon="-116.54398335">
      </trkpt>
      <trkpt lat="50.66021565" lon="-116.54399104">
      </trkpt>
      <trkpt lat="50.66021562" lon="-116.54400073">
      </trkpt>
      <trkpt lat="50.66021562" lon="-116.54401274">
      </trkpt>
      <trkpt lat="50.66021817" lon="-116.54402287">
      </trkpt>
      <trkpt lat="50.66021944" lon="-116.54403295">
      </trkpt>
      <trkpt lat="50.660222" lon="-116.54404108">
      </trkpt>
      <trkpt lat="50.66022454" lon="-116.54405121">
      </trkpt>
      <trkpt lat="50.66022966" lon="-116.54406746">
      </trkpt>
      <trkpt lat="50.66023348" lon="-116.54407966">
      </trkpt>
      <trkpt lat="50.66023731" lon="-116.54409186">
      </trkpt>
      <trkpt lat="50.66023986" lon="-116.5441">
      </trkpt>
      <trkpt lat="50.66024498" lon="-116.54411427">
      </trkpt>
      <trkpt lat="50.66025137" lon="-116.54413061">
      </trkpt>
      <trkpt lat="50.66025648" lon="-116.54414689">
      </trkpt>
      <trkpt lat="50.66025904" lon="-116.54415906">
      </trkpt>
      <trkpt lat="50.66026288" lon="-116.54416526">
      </trkpt>
      <trkpt lat="50.66026782" lon="-116.54418422">
      </trkpt>
      <trkpt lat="50.66027029" lon="-116.54419162">
      </trkpt>
      <trkpt lat="50.66027514" lon="-116.5442119">
      </trkpt>
      <trkpt lat="50.66028017" lon="-116.54421759">
      </trkpt>
      <trkpt lat="50.66028199" lon="-116.54427381">
      </trkpt>
      <trkpt lat="50.66028685" lon="-116.5442906">
      </trkpt>
      <trkpt lat="50.66028919" lon="-116.54430531">
      </trkpt>
      <trkpt lat="50.66029279" lon="-116.54431997">
      </trkpt>
      <trkpt lat="50.6603012" lon="-116.54435336">
      </trkpt>
      <trkpt lat="50.6603072" lon="-116.54437625">
      </trkpt>
      <trkpt lat="50.66031331" lon="-116.54439271">
      </trkpt>
      <trkpt lat="50.66031846" lon="-116.5444062">
      </trkpt>
      <trkpt lat="50.66032102" lon="-116.54441196">
      </trkpt>
      <trkpt lat="50.66032489" lon="-116.54442356">
      </trkpt>
      <trkpt lat="50.66032747" lon="-116.5444333">
      </trkpt>
      <trkpt lat="50.66033004" lon="-116.54444502">
      </trkpt>
      <trkpt lat="50.66033262" lon="-116.54445674">
      </trkpt>
      <trkpt lat="50.66033649" lon="-116.54448228">
      </trkpt>
      <trkpt lat="50.66033779" lon="-116.54449213">
      </trkpt>
      <trkpt lat="50.66033908" lon="-116.54450992">
      </trkpt>
      <trkpt lat="50.66034021" lon="-116.54453209">
      </trkpt>
      <trkpt lat="50.66034017" lon="-116.54454606">
      </trkpt>
      <trkpt lat="50.66034148" lon="-116.5445658">
      </trkpt>
      <trkpt lat="50.66034147" lon="-116.54459361">
      </trkpt>
      <trkpt lat="50.66034408" lon="-116.54460135">
      </trkpt>
      <trkpt lat="50.66034669" lon="-116.54461108">
      </trkpt>
      <trkpt lat="50.6603493" lon="-116.54462679">
      </trkpt>
      <trkpt lat="50.66035452" lon="-116.54465226">
      </trkpt>
      <trkpt lat="50.66035714" lon="-116.544668">
      </trkpt>
      <trkpt lat="50.66036341" lon="-116.54471183">
      </trkpt>
      <trkpt lat="50.66037081" lon="-116.54474391">
      </trkpt>
      <trkpt lat="50.66037323" lon="-116.54475997">
      </trkpt>
      <trkpt lat="50.6603768" lon="-116.54478808">
      </trkpt>
      <trkpt lat="50.66037791" lon="-116.54480615">
      </trkpt>
      <trkpt lat="50.66038028" lon="-116.54482618">
      </trkpt>
      <trkpt lat="50.66038144" lon="-116.54484811">
      </trkpt>
      <trkpt lat="50.66038403" lon="-116.54485993">
      </trkpt>
      <trkpt lat="50.66038792" lon="-116.54489355">
      </trkpt>
      <trkpt lat="50.66039181" lon="-116.54491726">
      </trkpt>
      <trkpt lat="50.6603944" lon="-116.54493109">
      </trkpt>
      <trkpt lat="50.6603957" lon="-116.54493701">
      </trkpt>
      <trkpt lat="50.6603983" lon="-116.54494689">
      </trkpt>
      <trkpt lat="50.6603983" lon="-116.54495086">
      </trkpt>
      <trkpt lat="50.6604009" lon="-116.54496669">
      </trkpt>
      <trkpt lat="50.66040868" lon="-116.54498443">
      </trkpt>
      <trkpt lat="50.66041375" lon="-116.54499237">
      </trkpt>
      <trkpt lat="50.66042261" lon="-116.54500627">
      </trkpt>
      <trkpt lat="50.6604289" lon="-116.54502021">
      </trkpt>
      <trkpt lat="50.66043526" lon="-116.54503011">
      </trkpt>
      <trkpt lat="50.66044558" lon="-116.54504593">
      </trkpt>
      <trkpt lat="50.66045075" lon="-116.54505782">
      </trkpt>
      <trkpt lat="50.66045334" lon="-116.54506178">
      </trkpt>
      <trkpt lat="50.66045851" lon="-116.54507368">
      </trkpt>
      <trkpt lat="50.6604624" lon="-116.54508561">
      </trkpt>
      <trkpt lat="50.66046499" lon="-116.54509156">
      </trkpt>
      <trkpt lat="50.66047016" lon="-116.54510549">
      </trkpt>
      <trkpt lat="50.66047146" lon="-116.54510947">
      </trkpt>
      <trkpt lat="50.66047535" lon="-116.54511742">
      </trkpt>
      <trkpt lat="50.66048314" lon="-116.54513533">
      </trkpt>
      <trkpt lat="50.66048833" lon="-116.54514728">
      </trkpt>
      <trkpt lat="50.66049482" lon="-116.54515925">
      </trkpt>
      <trkpt lat="50.66050133" lon="-116.54517321">
      </trkpt>
      <trkpt lat="50.66050654" lon="-116.54518918">
      </trkpt>
      <trkpt lat="50.66050914" lon="-116.54519717">
      </trkpt>
      <trkpt lat="50.66051295" lon="-116.54520716">
      </trkpt>
      <trkpt lat="50.66051672" lon="-116.54521716">
      </trkpt>
      <trkpt lat="50.66052068" lon="-116.54522916">
      </trkpt>
      <trkpt lat="50.66052862" lon="-116.54524917">
      </trkpt>
      <trkpt lat="50.6605352" lon="-116.54527321">
      </trkpt>
      <trkpt lat="50.66054036" lon="-116.54528324">
      </trkpt>
      <trkpt lat="50.66054164" lon="-116.54529325">
      </trkpt>
      <trkpt lat="50.66054422" lon="-116.54529726">
      </trkpt>
      <trkpt lat="50.66054809" lon="-116.54531129">
      </trkpt>
      <trkpt lat="50.66055066" lon="-116.54532131">
      </trkpt>
      <trkpt lat="50.66055581" lon="-116.54533535">
      </trkpt>
      <trkpt lat="50.6605584" lon="-116.54534738">
      </trkpt>
      <trkpt lat="50.66057714" lon="-116.54538177">
      </trkpt>
      <trkpt lat="50.6605824" lon="-116.54539386">
      </trkpt>
      <trkpt lat="50.66059291" lon="-116.54541608">
      </trkpt>
      <trkpt lat="50.6605995" lon="-116.54543226">
      </trkpt>
      <trkpt lat="50.66060477" lon="-116.5454484">
      </trkpt>
      <trkpt lat="50.66061004" lon="-116.54546055">
      </trkpt>
      <trkpt lat="50.66061543" lon="-116.54546874">
      </trkpt>
      <trkpt lat="50.66062096" lon="-116.54547699">
      </trkpt>
      <trkpt lat="50.66062518" lon="-116.54548727">
      </trkpt>
      <trkpt lat="50.66063484" lon="-116.54549973">
      </trkpt>
      <trkpt lat="50.66064736" lon="-116.54551843">
      </trkpt>
      <trkpt lat="50.66065433" lon="-116.54552885">
      </trkpt>
      <trkpt lat="50.66066407" lon="-116.54554142">
      </trkpt>
      <trkpt lat="50.66067227" lon="-116.5455498">
      </trkpt>
      <trkpt lat="50.6606959" lon="-116.54558509">
      </trkpt>
      <trkpt lat="50.66070474" lon="-116.54560371">
      </trkpt>
      <trkpt lat="50.66071882" lon="-116.54562425">
      </trkpt>
      <trkpt lat="50.66073293" lon="-116.54564274">
      </trkpt>
      <trkpt lat="50.66074577" lon="-116.54565718">
      </trkpt>
      <trkpt lat="50.66075348" lon="-116.54566747">
      </trkpt>
      <trkpt lat="50.66076621" lon="-116.54568024">
      </trkpt>
      <trkpt lat="50.66077641" lon="-116.54569297">
      </trkpt>
      <trkpt lat="50.66078408" lon="-116.54570149">
      </trkpt>
      <trkpt lat="50.66079174" lon="-116.54571419">
      </trkpt>
      <trkpt lat="50.66079559" lon="-116.5457225">
      </trkpt>
      <trkpt lat="50.66080204" lon="-116.54573293">
      </trkpt>
      <trkpt lat="50.66081106" lon="-116.54574346">
      </trkpt>
      <trkpt lat="50.66082008" lon="-116.54575194">
      </trkpt>
      <trkpt lat="50.66082654" lon="-116.54576036">
      </trkpt>
      <trkpt lat="50.66083688" lon="-116.54576891">
      </trkpt>
      <trkpt lat="50.66084076" lon="-116.54577314">
      </trkpt>
      <trkpt lat="50.66084724" lon="-116.54577747">
      </trkpt>
      <trkpt lat="50.66085112" lon="-116.54578581">
      </trkpt>
      <trkpt lat="50.66085631" lon="-116.5457901">
      </trkpt>
      <trkpt lat="50.66086539" lon="-116.54580686">
      </trkpt>
      <trkpt lat="50.66087708" lon="-116.54582168">
      </trkpt>
      <trkpt lat="50.66088359" lon="-116.54583195">
      </trkpt>
      <trkpt lat="50.66089531" lon="-116.54584633">
      </trkpt>
      <trkpt lat="50.66091225" lon="-116.54586484">
      </trkpt>
      <trkpt lat="50.66092268" lon="-116.545871">
      </trkpt>
      <trkpt lat="50.66093049" lon="-116.54587512">
      </trkpt>
      <trkpt lat="50.6609357" lon="-116.54587511">
      </trkpt>
      <trkpt lat="50.66094351" lon="-116.54587717">
      </trkpt>
      <trkpt lat="50.66095004" lon="-116.5458854">
      </trkpt>
      <trkpt lat="50.66095133" lon="-116.54589362">
      </trkpt>
      <trkpt lat="50.66095394" lon="-116.54590595">
      </trkpt>
      <trkpt lat="50.66095524" lon="-116.54591417">
      </trkpt>
      <trkpt lat="50.66095524" lon="-116.54591829">
      </trkpt>
      <trkpt lat="50.66095524" lon="-116.54592855">
      </trkpt>
      <trkpt lat="50.66095524" lon="-116.54593884">
      </trkpt>
      <trkpt lat="50.66095786" lon="-116.5459884">
      </trkpt>
      <trkpt lat="50.66095789" lon="-116.54600948">
      </trkpt>
      <trkpt lat="50.6609592" lon="-116.54602216">
      </trkpt>
      <trkpt lat="50.66095922" lon="-116.54603694">
      </trkpt>
      <trkpt lat="50.66095926" lon="-116.54606019">
      </trkpt>
      <trkpt lat="50.66095929" lon="-116.54608772">
      </trkpt>
      <trkpt lat="50.66095931" lon="-116.54610679">
      </trkpt>
      <trkpt lat="50.66095935" lon="-116.54612802">
      </trkpt>
      <trkpt lat="50.66095937" lon="-116.54614502">
      </trkpt>
      <trkpt lat="50.66095937" lon="-116.5461575">
      </trkpt>
      <trkpt lat="50.66095937" lon="-116.54618643">
      </trkpt>
      <trkpt lat="50.66095937" lon="-116.54619469">
      </trkpt>
      <trkpt lat="50.6609633" lon="-116.54621742">
      </trkpt>
      <trkpt lat="50.66096723" lon="-116.54623395">
      </trkpt>
      <trkpt lat="50.66097246" lon="-116.54626907">
      </trkpt>
      <trkpt lat="50.66097639" lon="-116.54631245">
      </trkpt>
      <trkpt lat="50.66097639" lon="-116.54633931">
      </trkpt>
      <trkpt lat="50.66097639" lon="-116.54635791">
      </trkpt>
      <trkpt lat="50.66097901" lon="-116.5463827">
      </trkpt>
      <trkpt lat="50.66097901" lon="-116.54639302">
      </trkpt>
      <trkpt lat="50.66097901" lon="-116.54639716">
      </trkpt>
      <trkpt lat="50.660979" lon="-116.54642608">
      </trkpt>
      <trkpt lat="50.660979" lon="-116.54644468">
      </trkpt>
      <trkpt lat="50.660979" lon="-116.5464612">
      </trkpt>
      <trkpt lat="50.66097899" lon="-116.54649013">
      </trkpt>
      <trkpt lat="50.66097769" lon="-116.54651905">
      </trkpt>
      <trkpt lat="50.66097507" lon="-116.54653971">
      </trkpt>
      <trkpt lat="50.66097375" lon="-116.54655005">
      </trkpt>
      <trkpt lat="50.66097375" lon="-116.54656037">
      </trkpt>
      <trkpt lat="50.66097114" lon="-116.54657276">
      </trkpt>
      <trkpt lat="50.66097111" lon="-116.54658668">
      </trkpt>
      <trkpt lat="50.66097108" lon="-116.54660847">
      </trkpt>
      <trkpt lat="50.66097236" lon="-116.54662034">
      </trkpt>
      <trkpt lat="50.66097886" lon="-116.54664616">
      </trkpt>
      <trkpt lat="50.66098278" lon="-116.54666487">
      </trkpt>
      <trkpt lat="50.66098409" lon="-116.54667318">
      </trkpt>
      <trkpt lat="50.66098539" lon="-116.54668149">
      </trkpt>
      <trkpt lat="50.66098932" lon="-116.54669611">
      </trkpt>
      <trkpt lat="50.66099064" lon="-116.54670854">
      </trkpt>
      <trkpt lat="50.66099195" lon="-116.54671478">
      </trkpt>
      <trkpt lat="50.66099457" lon="-116.54672316">
      </trkpt>
      <trkpt lat="50.66099588" lon="-116.54673353">
      </trkpt>
      <trkpt lat="50.66100112" lon="-116.54675234">
      </trkpt>
      <trkpt lat="50.66100112" lon="-116.54675853">
      </trkpt>
      <trkpt lat="50.66100506" lon="-116.5467876">
      </trkpt>
      <trkpt lat="50.66100633" lon="-116.54679948">
      </trkpt>
      <trkpt lat="50.6610076" lon="-116.54681325">
      </trkpt>
      <trkpt lat="50.66100885" lon="-116.54682896">
      </trkpt>
      <trkpt lat="50.66101013" lon="-116.54684074">
      </trkpt>
      <trkpt lat="50.66101142" lon="-116.5468486">
      </trkpt>
      <trkpt lat="50.66101253" lon="-116.54690953">
      </trkpt>
      <trkpt lat="50.6610125" lon="-116.54691788">
      </trkpt>
      <trkpt lat="50.66101245" lon="-116.54693667">
      </trkpt>
      <trkpt lat="50.6610137" lon="-116.5469636">
      </trkpt>
      <trkpt lat="50.66101501" lon="-116.54699232">
      </trkpt>
      <trkpt lat="50.661015" lon="-116.54700259">
      </trkpt>
      <trkpt lat="50.661015" lon="-116.5470149">
      </trkpt>
      <trkpt lat="50.66101762" lon="-116.54702718">
      </trkpt>
      <trkpt lat="50.66101761" lon="-116.5470313">
      </trkpt>
      <trkpt lat="50.66101892" lon="-116.54704976">
      </trkpt>
      <trkpt lat="50.66102153" lon="-116.54706821">
      </trkpt>
      <trkpt lat="50.66102414" lon="-116.54708257">
      </trkpt>
      <trkpt lat="50.66102678" lon="-116.54709682">
      </trkpt>
      <trkpt lat="50.66102813" lon="-116.54710698">
      </trkpt>
      <trkpt lat="50.66103073" lon="-116.54711928">
      </trkpt>
      <trkpt lat="50.66103203" lon="-116.54713367">
      </trkpt>
      <trkpt lat="50.66103465" lon="-116.54714806">
      </trkpt>
      <trkpt lat="50.66103594" lon="-116.54716039">
      </trkpt>
      <trkpt lat="50.66103855" lon="-116.54717067">
      </trkpt>
      <trkpt lat="50.66104115" lon="-116.54718505">
      </trkpt>
      <trkpt lat="50.66104115" lon="-116.54719533">
      </trkpt>
      <trkpt lat="50.66104637" lon="-116.54722822">
      </trkpt>
      <trkpt lat="50.66104897" lon="-116.54723643">
      </trkpt>
      <trkpt lat="50.66105157" lon="-116.54725699">
      </trkpt>
      <trkpt lat="50.66105157" lon="-116.54725905">
      </trkpt>
      <trkpt lat="50.66105815" lon="-116.54727336">
      </trkpt>
      <trkpt lat="50.66106603" lon="-116.54728769">
      </trkpt>
      <trkpt lat="50.66107525" lon="-116.54730818">
      </trkpt>
      <trkpt lat="50.66108054" lon="-116.54732049">
      </trkpt>
      <trkpt lat="50.66108449" lon="-116.54732869">
      </trkpt>
      <trkpt lat="50.66108716" lon="-116.54733896">
      </trkpt>
      <trkpt lat="50.66109376" lon="-116.54735335">
      </trkpt>
      <trkpt lat="50.66109642" lon="-116.54736157">
      </trkpt>
      <trkpt lat="50.6611017" lon="-116.5473698">
      </trkpt>
      <trkpt lat="50.66110829" lon="-116.54738009">
      </trkpt>
      <trkpt lat="50.66111093" lon="-116.54738421">
      </trkpt>
      <trkpt lat="50.66112012" lon="-116.54739039">
      </trkpt>
      <trkpt lat="50.66112802" lon="-116.54739863">
      </trkpt>
      <trkpt lat="50.6611385" lon="-116.5474007">
      </trkpt>
      <trkpt lat="50.66114639" lon="-116.54740483">
      </trkpt>
      <trkpt lat="50.66115296" lon="-116.54740895">
      </trkpt>
      <trkpt lat="50.66115953" lon="-116.54741309">
      </trkpt>
      <trkpt lat="50.66116874" lon="-116.54741928">
      </trkpt>
      <trkpt lat="50.66117927" lon="-116.54742753">
      </trkpt>
      <trkpt lat="50.66118059" lon="-116.54742753">
      </trkpt>
      <trkpt lat="50.66118979" lon="-116.5474358">
      </trkpt>
      <trkpt lat="50.66119371" lon="-116.54744199">
      </trkpt>
      <trkpt lat="50.66123229" lon="-116.54747227">
      </trkpt>
      <trkpt lat="50.66123757" lon="-116.54747447">
      </trkpt>
      <trkpt lat="50.66124678" lon="-116.54747883">
      </trkpt>
      <trkpt lat="50.66125469" lon="-116.54748314">
      </trkpt>
      <trkpt lat="50.6612639" lon="-116.54749163">
      </trkpt>
      <trkpt lat="50.66127311" lon="-116.54750009">
      </trkpt>
      <trkpt lat="50.66128231" lon="-116.54750857">
      </trkpt>
      <trkpt lat="50.66129151" lon="-116.54751496">
      </trkpt>
      <trkpt lat="50.66129545" lon="-116.54751505">
      </trkpt>
      <trkpt lat="50.66130463" lon="-116.54752141">
      </trkpt>
      <trkpt lat="50.66130984" lon="-116.54752545">
      </trkpt>
      <trkpt lat="50.66131243" lon="-116.54752947">
      </trkpt>
      <trkpt lat="50.6613202" lon="-116.5475456">
      </trkpt>
      <trkpt lat="50.66132537" lon="-116.54755973">
      </trkpt>
      <trkpt lat="50.66132794" lon="-116.54756983">
      </trkpt>
      <trkpt lat="50.66133051" lon="-116.54758398">
      </trkpt>
      <trkpt lat="50.66133562" lon="-116.54761231">
      </trkpt>
      <trkpt lat="50.66134207" lon="-116.54763866">
      </trkpt>
      <trkpt lat="50.66134467" lon="-116.54764678">
      </trkpt>
      <trkpt lat="50.66135254" lon="-116.54767373">
      </trkpt>
      <trkpt lat="50.66136043" lon="-116.5476987">
      </trkpt>
      <trkpt lat="50.66136569" lon="-116.54771326">
      </trkpt>
      <trkpt lat="50.66136964" lon="-116.54772574">
      </trkpt>
      <trkpt lat="50.66137489" lon="-116.54773823">
      </trkpt>
      <trkpt lat="50.66137883" lon="-116.54775069">
      </trkpt>
      <trkpt lat="50.66138409" lon="-116.54776318">
      </trkpt>
      <trkpt lat="50.66138671" lon="-116.54777355">
      </trkpt>
      <trkpt lat="50.66139062" lon="-116.54778586">
      </trkpt>
      <trkpt lat="50.66139713" lon="-116.54781237">
      </trkpt>
      <trkpt lat="50.66139842" lon="-116.54782052">
      </trkpt>
      <trkpt lat="50.66140753" lon="-116.54785933">
      </trkpt>
      <trkpt lat="50.66141143" lon="-116.5478798">
      </trkpt>
      <trkpt lat="50.66141664" lon="-116.54790849">
      </trkpt>
      <trkpt lat="50.66141925" lon="-116.54792288">
      </trkpt>
      <trkpt lat="50.66142452" lon="-116.54794785">
      </trkpt>
      <trkpt lat="50.66142715" lon="-116.54797483">
      </trkpt>
      <trkpt lat="50.66142979" lon="-116.54799146">
      </trkpt>
      <trkpt lat="50.66143373" lon="-116.54801223">
      </trkpt>
      <trkpt lat="50.66143636" lon="-116.54804544">
      </trkpt>
      <trkpt lat="50.66143632" lon="-116.54811781">
      </trkpt>
      <trkpt lat="50.66143498" lon="-116.54814056">
      </trkpt>
      <trkpt lat="50.66143366" lon="-116.54814883">
      </trkpt>
      <trkpt lat="50.661431" lon="-116.5481654">
      </trkpt>
      <trkpt lat="50.66142835" lon="-116.54817992">
      </trkpt>
      <trkpt lat="50.66142569" lon="-116.54819236">
      </trkpt>
      <trkpt lat="50.66142304" lon="-116.5482069">
      </trkpt>
      <trkpt lat="50.66141904" lon="-116.54823392">
      </trkpt>
      <trkpt lat="50.66141238" lon="-116.54826725">
      </trkpt>
      <trkpt lat="50.66140969" lon="-116.54829021">
      </trkpt>
      <trkpt lat="50.66140969" lon="-116.54831317">
      </trkpt>
      <trkpt lat="50.66140969" lon="-116.5483403">
      </trkpt>
      <trkpt lat="50.66140969" lon="-116.54835283">
      </trkpt>
      <trkpt lat="50.66140969" lon="-116.54838414">
      </trkpt>
      <trkpt lat="50.66140968" lon="-116.54839248">
      </trkpt>
      <trkpt lat="50.66141497" lon="-116.54843423">
      </trkpt>
      <trkpt lat="50.66141494" lon="-116.54845729">
      </trkpt>
      <trkpt lat="50.66141491" lon="-116.54848461">
      </trkpt>
      <trkpt lat="50.66141355" lon="-116.54850564">
      </trkpt>
      <trkpt lat="50.66141352" lon="-116.54852461">
      </trkpt>
      <trkpt lat="50.66141351" lon="-116.54853515">
      </trkpt>
      <trkpt lat="50.66141482" lon="-116.54854148">
      </trkpt>
      <trkpt lat="50.66141877" lon="-116.54855841">
      </trkpt>
      <trkpt lat="50.66142406" lon="-116.54857113">
      </trkpt>
      <trkpt lat="50.66143069" lon="-116.54858389">
      </trkpt>
      <trkpt lat="50.66143732" lon="-116.5485903">
      </trkpt>
      <trkpt lat="50.6614413" lon="-116.54859881">
      </trkpt>
      <trkpt lat="50.66145326" lon="-116.54861165">
      </trkpt>
      <trkpt lat="50.66146259" lon="-116.54862448">
      </trkpt>
      <trkpt lat="50.66147859" lon="-116.54863953">
      </trkpt>
      <trkpt lat="50.6614866" lon="-116.548646">
      </trkpt>
      <trkpt lat="50.66149461" lon="-116.54865035">
      </trkpt>
      <trkpt lat="50.66150264" lon="-116.54865896">
      </trkpt>
      <trkpt lat="50.66151603" lon="-116.54866976">
      </trkpt>
      <trkpt lat="50.66153477" lon="-116.54868889">
      </trkpt>
      <trkpt lat="50.66154813" lon="-116.54870154">
      </trkpt>
      <trkpt lat="50.66157219" lon="-116.54873107">
      </trkpt>
      <trkpt lat="50.66158422" lon="-116.54874583">
      </trkpt>
      <trkpt lat="50.66159759" lon="-116.54876693">
      </trkpt>
      <trkpt lat="50.66161363" lon="-116.54879224">
      </trkpt>
      <trkpt lat="50.66162432" lon="-116.54881121">
      </trkpt>
      <trkpt lat="50.66163368" lon="-116.5488281">
      </trkpt>
      <trkpt lat="50.66164304" lon="-116.54884707">
      </trkpt>
      <trkpt lat="50.66165373" lon="-116.54887028">
      </trkpt>
      <trkpt lat="50.66166843" lon="-116.5488998">
      </trkpt>
      <trkpt lat="50.66167912" lon="-116.54892511">
      </trkpt>
      <trkpt lat="50.66168447" lon="-116.54893987">
      </trkpt>
      <trkpt lat="50.66170185" lon="-116.54896728">
      </trkpt>
      <trkpt lat="50.66171788" lon="-116.54898838">
      </trkpt>
      <trkpt lat="50.66172457" lon="-116.54899893">
      </trkpt>
      <trkpt lat="50.66172858" lon="-116.54900525">
      </trkpt>
      <trkpt lat="50.66174334" lon="-116.54902441">
      </trkpt>
      <trkpt lat="50.66175413" lon="-116.5490352">
      </trkpt>
      <trkpt lat="50.66176224" lon="-116.54904594">
      </trkpt>
      <trkpt lat="50.66177033" lon="-116.5490588">
      </trkpt>
      <trkpt lat="50.66177709" lon="-116.54907162">
      </trkpt>
      <trkpt lat="50.66178789" lon="-116.54908665">
      </trkpt>
      <trkpt lat="50.6617906" lon="-116.54909095">
      </trkpt>
      <trkpt lat="50.66179722" lon="-116.54910132">
      </trkpt>
      <trkpt lat="50.66179851" lon="-116.54910544">
      </trkpt>
      <trkpt lat="50.66180385" lon="-116.5491075">
      </trkpt>
      <trkpt lat="50.66180914" lon="-116.54911369">
      </trkpt>
      <trkpt lat="50.66181308" lon="-116.54911987">
      </trkpt>
      <trkpt lat="50.66181839" lon="-116.54912398">
      </trkpt>
      <trkpt lat="50.66182762" lon="-116.54913634">
      </trkpt>
      <trkpt lat="50.66183552" lon="-116.54914869">
      </trkpt>
      <trkpt lat="50.66184755" lon="-116.54916978">
      </trkpt>
      <trkpt lat="50.6618569" lon="-116.54919298">
      </trkpt>
      <trkpt lat="50.66186225" lon="-116.54920562">
      </trkpt>
      <trkpt lat="50.66187027" lon="-116.54923305">
      </trkpt>
      <trkpt lat="50.66188096" lon="-116.54926047">
      </trkpt>
      <trkpt lat="50.66189165" lon="-116.5492921">
      </trkpt>
      <trkpt lat="50.66189967" lon="-116.54931531">
      </trkpt>
      <trkpt lat="50.66190501" lon="-116.54933007">
      </trkpt>
      <trkpt lat="50.66191032" lon="-116.5493363">
      </trkpt>
      <trkpt lat="50.66191032" lon="-116.54933841">
      </trkpt>
      <trkpt lat="50.66194064" lon="-116.54939856">
      </trkpt>
      <trkpt lat="50.6619459" lon="-116.54941314">
      </trkpt>
      <trkpt lat="50.66194984" lon="-116.54942353">
      </trkpt>
      <trkpt lat="50.66195379" lon="-116.54943393">
      </trkpt>
      <trkpt lat="50.6619538" lon="-116.54944024">
      </trkpt>
      <trkpt lat="50.66195511" lon="-116.54944652">
      </trkpt>
      <trkpt lat="50.66195511" lon="-116.54946126">
      </trkpt>
      <trkpt lat="50.66195511" lon="-116.54946968">
      </trkpt>
      <trkpt lat="50.66195511" lon="-116.54948232">
      </trkpt>
      <trkpt lat="50.6619551" lon="-116.54951181">
      </trkpt>
      <trkpt lat="50.66195379" lon="-116.54954766">
      </trkpt>
      <trkpt lat="50.66195246" lon="-116.54957719">
      </trkpt>
      <trkpt lat="50.66195115" lon="-116.54958566">
      </trkpt>
      <trkpt lat="50.66194983" lon="-116.54960468">
      </trkpt>
      <trkpt lat="50.66194983" lon="-116.54962153">
      </trkpt>
      <trkpt lat="50.6619472" lon="-116.54966587">
      </trkpt>
      <trkpt lat="50.66194324" lon="-116.54969974">
      </trkpt>
      <trkpt lat="50.66194192" lon="-116.54971875">
      </trkpt>
      <trkpt lat="50.66194193" lon="-116.54972718">
      </trkpt>
      <trkpt lat="50.66194192" lon="-116.54975878">
      </trkpt>
      <trkpt lat="50.66194324" lon="-116.54978189">
      </trkpt>
      <trkpt lat="50.66194462" lon="-116.54980313">
      </trkpt>
      <trkpt lat="50.66195026" lon="-116.54984625">
      </trkpt>
      <trkpt lat="50.66194995" lon="-116.5498684">
      </trkpt>
      <trkpt lat="50.66194974" lon="-116.54988248">
      </trkpt>
      <trkpt lat="50.66194812" lon="-116.54990257">
      </trkpt>
      <trkpt lat="50.66194257" lon="-116.54991662">
      </trkpt>
      <trkpt lat="50.66194116" lon="-116.54992264">
      </trkpt>
      <trkpt lat="50.66193835" lon="-116.54993267">
      </trkpt>
      <trkpt lat="50.66193557" lon="-116.54994068">
      </trkpt>
      <trkpt lat="50.66193407" lon="-116.5499527">
      </trkpt>
      <trkpt lat="50.66193376" lon="-116.54997471">
      </trkpt>
      <trkpt lat="50.66193461" lon="-116.5500451">
      </trkpt>
      <trkpt lat="50.66193402" lon="-116.55010063">
      </trkpt>
      <trkpt lat="50.66193306" lon="-116.55012951">
      </trkpt>
      <trkpt lat="50.66193322" lon="-116.55014069">
      </trkpt>
      <trkpt lat="50.66191846" lon="-116.55020463">
      </trkpt>
      <trkpt lat="50.6619171" lon="-116.55023844">
      </trkpt>
      <trkpt lat="50.66191574" lon="-116.55027644">
      </trkpt>
      <trkpt lat="50.66191574" lon="-116.55031441">
      </trkpt>
      <trkpt lat="50.66191574" lon="-116.55034815">
      </trkpt>
      <trkpt lat="50.66191574" lon="-116.55037136">
      </trkpt>
      <trkpt lat="50.66192386" lon="-116.55044501">
      </trkpt>
      <trkpt lat="50.66192657" lon="-116.55045762">
      </trkpt>
      <trkpt lat="50.66193064" lon="-116.55047231">
      </trkpt>
      <trkpt lat="50.66193471" lon="-116.55048488">
      </trkpt>
      <trkpt lat="50.66193742" lon="-116.55049117">
      </trkpt>
      <trkpt lat="50.66194257" lon="-116.55050623">
      </trkpt>
      <trkpt lat="50.6619517" lon="-116.55052553">
      </trkpt>
      <trkpt lat="50.6619517" lon="-116.55053186">
      </trkpt>
      <trkpt lat="50.66195571" lon="-116.5505445">
      </trkpt>
      <trkpt lat="50.66195704" lon="-116.55055716">
      </trkpt>
      <trkpt lat="50.66196105" lon="-116.55057403">
      </trkpt>
      <trkpt lat="50.66196774" lon="-116.55059302">
      </trkpt>
      <trkpt lat="50.66197442" lon="-116.550612">
      </trkpt>
      <trkpt lat="50.6619811" lon="-116.55062677">
      </trkpt>
      <trkpt lat="50.66198511" lon="-116.55063309">
      </trkpt>
      <trkpt lat="50.6619918" lon="-116.55064785">
      </trkpt>
      <trkpt lat="50.66199714" lon="-116.55065629">
      </trkpt>
      <trkpt lat="50.66200383" lon="-116.55066894">
      </trkpt>
      <trkpt lat="50.66201051" lon="-116.55068582">
      </trkpt>
      <trkpt lat="50.66201444" lon="-116.55069854">
      </trkpt>
      <trkpt lat="50.66201964" lon="-116.5507071">
      </trkpt>
      <trkpt lat="50.6620234" lon="-116.55072207">
      </trkpt>
      <trkpt lat="50.66202982" lon="-116.55073702">
      </trkpt>
      <trkpt lat="50.66203357" lon="-116.55075196">
      </trkpt>
      <trkpt lat="50.66203847" lon="-116.55077753">
      </trkpt>
      <trkpt lat="50.66204207" lon="-116.55080094">
      </trkpt>
      <trkpt lat="50.66204315" lon="-116.55081582">
      </trkpt>
      <trkpt lat="50.6620464" lon="-116.55085826">
      </trkpt>
      <trkpt lat="50.66204761" lon="-116.55087511">
      </trkpt>
      <trkpt lat="50.66205027" lon="-116.5508877">
      </trkpt>
      <trkpt lat="50.66205293" lon="-116.55090029">
      </trkpt>
      <trkpt lat="50.66205692" lon="-116.55090869">
      </trkpt>
      <trkpt lat="50.66206091" lon="-116.55092128">
      </trkpt>
      <trkpt lat="50.66206623" lon="-116.55093177">
      </trkpt>
      <trkpt lat="50.66207021" lon="-116.55094016">
      </trkpt>
      <trkpt lat="50.66207154" lon="-116.55094646">
      </trkpt>
      <trkpt lat="50.66207287" lon="-116.55096325">
      </trkpt>
      <trkpt lat="50.6620742" lon="-116.55097793">
      </trkpt>
      <trkpt lat="50.6620742" lon="-116.55099263">
      </trkpt>
      <trkpt lat="50.6620742" lon="-116.55100731">
      </trkpt>
      <trkpt lat="50.66207287" lon="-116.5510262">
      </trkpt>
      <trkpt lat="50.66206869" lon="-116.55105561">
      </trkpt>
      <trkpt lat="50.66206598" lon="-116.55107239">
      </trkpt>
      <trkpt lat="50.66206598" lon="-116.55107659">
      </trkpt>
      <trkpt lat="50.66206463" lon="-116.55109127">
      </trkpt>
      <trkpt lat="50.66206327" lon="-116.55110805">
      </trkpt>
      <trkpt lat="50.66206327" lon="-116.55113951">
      </trkpt>
      <trkpt lat="50.66206326" lon="-116.55116468">
      </trkpt>
      <trkpt lat="50.66206326" lon="-116.55117307">
      </trkpt>
      <trkpt lat="50.66206326" lon="-116.55119824">
      </trkpt>
      <trkpt lat="50.66206326" lon="-116.55121292">
      </trkpt>
      <trkpt lat="50.66206191" lon="-116.5512213">
      </trkpt>
      <trkpt lat="50.66205061" lon="-116.55126316">
      </trkpt>
      <trkpt lat="50.66204098" lon="-116.55128196">
      </trkpt>
      <trkpt lat="50.66203689" lon="-116.55128822">
      </trkpt>
      <trkpt lat="50.6620193" lon="-116.55130907">
      </trkpt>
      <trkpt lat="50.66200845" lon="-116.55132364">
      </trkpt>
      <trkpt lat="50.66200172" lon="-116.55132989">
      </trkpt>
      <trkpt lat="50.6619801" lon="-116.55135693">
      </trkpt>
      <trkpt lat="50.66195724" lon="-116.55138394">
      </trkpt>
      <trkpt lat="50.66194136" lon="-116.5514069">
      </trkpt>
      <trkpt lat="50.6619321" lon="-116.55142568">
      </trkpt>
      <trkpt lat="50.66192416" lon="-116.55144029">
      </trkpt>
      <trkpt lat="50.66191621" lon="-116.5514549">
      </trkpt>
      <trkpt lat="50.66190298" lon="-116.55147159">
      </trkpt>
      <trkpt lat="50.66189372" lon="-116.5514862">
      </trkpt>
      <trkpt lat="50.66188049" lon="-116.551505">
      </trkpt>
      <trkpt lat="50.6618699" lon="-116.55152378">
      </trkpt>
      <trkpt lat="50.66186593" lon="-116.55153004">
      </trkpt>
      <trkpt lat="50.66185931" lon="-116.55154674">
      </trkpt>
      <trkpt lat="50.66185137" lon="-116.55156552">
      </trkpt>
      <trkpt lat="50.66184607" lon="-116.55157805">
      </trkpt>
      <trkpt lat="50.66184342" lon="-116.55158848">
      </trkpt>
      <trkpt lat="50.66183549" lon="-116.55161562">
      </trkpt>
      <trkpt lat="50.66183151" lon="-116.55163023">
      </trkpt>
      <trkpt lat="50.66182622" lon="-116.55164484">
      </trkpt>
      <trkpt lat="50.66182357" lon="-116.55165319">
      </trkpt>
      <trkpt lat="50.66180636" lon="-116.5516845">
      </trkpt>
      <trkpt lat="50.66179842" lon="-116.55170746">
      </trkpt>
      <trkpt lat="50.66179445" lon="-116.55171789">
      </trkpt>
      <trkpt lat="50.66179424" lon="-116.55173423">
      </trkpt>
      <trkpt lat="50.66179348" lon="-116.55177252">
      </trkpt>
      <trkpt lat="50.66179324" lon="-116.55178458">
      </trkpt>
      <trkpt lat="50.66179217" lon="-116.55185934">
      </trkpt>
      <trkpt lat="50.66179266" lon="-116.55193627">
      </trkpt>
      <trkpt lat="50.66179327" lon="-116.55197183">
      </trkpt>
      <trkpt lat="50.66179287" lon="-116.55199149">
      </trkpt>
      <trkpt lat="50.66179631" lon="-116.5520315">
      </trkpt>
      <trkpt lat="50.66179889" lon="-116.55204172">
      </trkpt>
      <trkpt lat="50.66180412" lon="-116.55205616">
      </trkpt>
      <trkpt lat="50.66181031" lon="-116.55208">
      </trkpt>
      <trkpt lat="50.66181914" lon="-116.55209777">
      </trkpt>
      <trkpt lat="50.66182163" lon="-116.55210364">
      </trkpt>
      <trkpt lat="50.66182808" lon="-116.55211172">
      </trkpt>
      <trkpt lat="50.66183313" lon="-116.55212158">
      </trkpt>
      <trkpt lat="50.66183696" lon="-116.55212756">
      </trkpt>
      <trkpt lat="50.66187308" lon="-116.55220685">
      </trkpt>
      <trkpt lat="50.66189722" lon="-116.55227111">
      </trkpt>
      <trkpt lat="50.66191655" lon="-116.5523199">
      </trkpt>
      <trkpt lat="50.66192944" lon="-116.55234837">
      </trkpt>
      <trkpt lat="50.66194102" lon="-116.55237475">
      </trkpt>
      <trkpt lat="50.66195522" lon="-116.55240237">
      </trkpt>
      <trkpt lat="50.66196228" lon="-116.55241604">
      </trkpt>
      <trkpt lat="50.66197485" lon="-116.55243661">
      </trkpt>
      <trkpt lat="50.66198048" lon="-116.55244381">
      </trkpt>
      <trkpt lat="50.66199177" lon="-116.55245822">
      </trkpt>
      <trkpt lat="50.66199462" lon="-116.55246084">
      </trkpt>
      <trkpt lat="50.66200451" lon="-116.55247499">
      </trkpt>
      <trkpt lat="50.6620116" lon="-116.55248455">
      </trkpt>
      <trkpt lat="50.66201872" lon="-116.55249414">
      </trkpt>
      <trkpt lat="50.66202871" lon="-116.55250639">
      </trkpt>
      <trkpt lat="50.66203586" lon="-116.55251602">
      </trkpt>
      <trkpt lat="50.66204159" lon="-116.55252333">
      </trkpt>
      <trkpt lat="50.66205027" lon="-116.55253135">
      </trkpt>
      <trkpt lat="50.66205746" lon="-116.55254102">
      </trkpt>
      <trkpt lat="50.66206166" lon="-116.55255203">
      </trkpt>
      <trkpt lat="50.66206592" lon="-116.55256104">
      </trkpt>
      <trkpt lat="50.66207154" lon="-116.55257638">
      </trkpt>
      <trkpt lat="50.66207281" lon="-116.55258671">
      </trkpt>
      <trkpt lat="50.66207582" lon="-116.55260214">
      </trkpt>
      <trkpt lat="50.66207733" lon="-116.55261095">
      </trkpt>
      <trkpt lat="50.66208015" lon="-116.55263431">
      </trkpt>
      <trkpt lat="50.66208405" lon="-116.55265918">
      </trkpt>
      <trkpt lat="50.66208534" lon="-116.55269252">
      </trkpt>
      <trkpt lat="50.66208793" lon="-116.55271119">
      </trkpt>
      <trkpt lat="50.66208794" lon="-116.55272997">
      </trkpt>
      <trkpt lat="50.66208923" lon="-116.55273825">
      </trkpt>
      <trkpt lat="50.66208923" lon="-116.55276121">
      </trkpt>
      <trkpt lat="50.66208923" lon="-116.55278416">
      </trkpt>
      <trkpt lat="50.66208923" lon="-116.55279669">
      </trkpt>
      <trkpt lat="50.66208922" lon="-116.5528259">
      </trkpt>
      <trkpt lat="50.66208922" lon="-116.55286138">
      </trkpt>
      <trkpt lat="50.66209311" lon="-116.55290918">
      </trkpt>
      <trkpt lat="50.66209499" lon="-116.55296337">
      </trkpt>
      <trkpt lat="50.66209718" lon="-116.55298502">
      </trkpt>
      <trkpt lat="50.66210357" lon="-116.55305762">
      </trkpt>
      <trkpt lat="50.6621061" lon="-116.55312606">
      </trkpt>
      <trkpt lat="50.66210518" lon="-116.55318341">
      </trkpt>
      <trkpt lat="50.66210294" lon="-116.55320733">
      </trkpt>
      <trkpt lat="50.66209997" lon="-116.55321651">
      </trkpt>
      <trkpt lat="50.66209824" lon="-116.55322752">
      </trkpt>
      <trkpt lat="50.66209535" lon="-116.55323485">
      </trkpt>
      <trkpt lat="50.66209543" lon="-116.55329253">
      </trkpt>
      <trkpt lat="50.66209547" lon="-116.55330271">
      </trkpt>
      <trkpt lat="50.66208942" lon="-116.55333701">
      </trkpt>
      <trkpt lat="50.66208538" lon="-116.55335758">
      </trkpt>
      <trkpt lat="50.66208547" lon="-116.5533745">
      </trkpt>
      <trkpt lat="50.6620856" lon="-116.55340496">
      </trkpt>
      <trkpt lat="50.66208779" lon="-116.55343514">
      </trkpt>
      <trkpt lat="50.66209197" lon="-116.55345494">
      </trkpt>
      <trkpt lat="50.66209821" lon="-116.55347133">
      </trkpt>
      <trkpt lat="50.66210445" lon="-116.5534877">
      </trkpt>
      <trkpt lat="50.66210862" lon="-116.55350087">
      </trkpt>
      <trkpt lat="50.66211899" lon="-116.55352031">
      </trkpt>
      <trkpt lat="50.66212109" lon="-116.55353028">
      </trkpt>
      <trkpt lat="50.66212525" lon="-116.55354008">
      </trkpt>
      <trkpt lat="50.66213566" lon="-116.55356964">
      </trkpt>
      <trkpt lat="50.66213569" lon="-116.55357637">
      </trkpt>
      <trkpt lat="50.66213987" lon="-116.55359291">
      </trkpt>
      <trkpt lat="50.66214612" lon="-116.55361266">
      </trkpt>
      <trkpt lat="50.66215447" lon="-116.55364237">
      </trkpt>
      <trkpt lat="50.66217111" lon="-116.55368159">
      </trkpt>
      <trkpt lat="50.66218358" lon="-116.55370766">
      </trkpt>
      <trkpt lat="50.66219607" lon="-116.55373711">
      </trkpt>
      <trkpt lat="50.66220024" lon="-116.55375028">
      </trkpt>
      <trkpt lat="50.66221274" lon="-116.55378967">
      </trkpt>
      <trkpt lat="50.66221894" lon="-116.55381562">
      </trkpt>
      <trkpt lat="50.66222715" lon="-116.55384085">
      </trkpt>
      <trkpt lat="50.66223333" lon="-116.55385656">
      </trkpt>
      <trkpt lat="50.66224366" lon="-116.5538785">
      </trkpt>
      <trkpt lat="50.66224778" lon="-116.55390092">
      </trkpt>
      <trkpt lat="50.662254" lon="-116.55392009">
      </trkpt>
      <trkpt lat="50.66226232" lon="-116.55396906">
      </trkpt>
      <trkpt lat="50.66226653" lon="-116.5539891">
      </trkpt>
      <trkpt lat="50.66227285" lon="-116.55403258">
      </trkpt>
      <trkpt lat="50.66227287" lon="-116.55404935">
      </trkpt>
      <trkpt lat="50.66227291" lon="-116.55407953">
      </trkpt>
      <trkpt lat="50.66227295" lon="-116.55411302">
      </trkpt>
      <trkpt lat="50.66227088" lon="-116.55412977">
      </trkpt>
      <trkpt lat="50.66226878" lon="-116.55422222">
      </trkpt>
      <trkpt lat="50.66226668" lon="-116.55428826">
      </trkpt>
      <trkpt lat="50.66226463" lon="-116.55431818">
      </trkpt>
      <trkpt lat="50.66226052" lon="-116.55436152">
      </trkpt>
      <trkpt lat="50.66225849" lon="-116.5543981">
      </trkpt>
      <trkpt lat="50.66225438" lon="-116.55442803">
      </trkpt>
      <trkpt lat="50.66225235" lon="-116.55445789">
      </trkpt>
      <trkpt lat="50.66224616" lon="-116.55448444">
      </trkpt>
      <trkpt lat="50.66224204" lon="-116.55451414">
      </trkpt>
      <trkpt lat="50.66223791" lon="-116.55456678">
      </trkpt>
      <trkpt lat="50.66223584" lon="-116.55461278">
      </trkpt>
      <trkpt lat="50.66223171" lon="-116.55466208">
      </trkpt>
      <trkpt lat="50.66222126" lon="-116.55474733">
      </trkpt>
      <trkpt lat="50.66221915" lon="-116.55477028">
      </trkpt>
      <trkpt lat="50.66221493" lon="-116.55482281">
      </trkpt>
      <trkpt lat="50.66221288" lon="-116.55485563">
      </trkpt>
      <trkpt lat="50.66221082" lon="-116.55489831">
      </trkpt>
      <trkpt lat="50.66220263" lon="-116.55496383">
      </trkpt>
      <trkpt lat="50.66220257" lon="-116.55500653">
      </trkpt>
      <trkpt lat="50.66220249" lon="-116.55505913">
      </trkpt>
      <trkpt lat="50.66220248" lon="-116.55507882">
      </trkpt>
      <trkpt lat="50.66220248" lon="-116.55509851">
      </trkpt>
      <trkpt lat="50.66220453" lon="-116.55513795">
      </trkpt>
      <trkpt lat="50.66220658" lon="-116.55515772">
      </trkpt>
      <trkpt lat="50.66221069" lon="-116.55517426">
      </trkpt>
      <trkpt lat="50.66221896" lon="-116.55520727">
      </trkpt>
      <trkpt lat="50.66222105" lon="-116.55521711">
      </trkpt>
      <trkpt lat="50.66222729" lon="-116.55524014">
      </trkpt>
      <trkpt lat="50.66223352" lon="-116.5552599">
      </trkpt>
      <trkpt lat="50.66223562" lon="-116.55527626">
      </trkpt>
      <trkpt lat="50.66223772" lon="-116.55529588">
      </trkpt>
      <trkpt lat="50.66224192" lon="-116.55532858">
      </trkpt>
      <trkpt lat="50.66224202" lon="-116.55536088">
      </trkpt>
      <trkpt lat="50.66224211" lon="-116.5553866">
      </trkpt>
      <trkpt lat="50.66224433" lon="-116.55542835">
      </trkpt>
      <trkpt lat="50.66224443" lon="-116.55545713">
      </trkpt>
      <trkpt lat="50.66224654" lon="-116.55546998">
      </trkpt>
      <trkpt lat="50.66224662" lon="-116.55549231">
      </trkpt>
      <trkpt lat="50.6622467" lon="-116.55551454">
      </trkpt>
      <trkpt lat="50.6622427" lon="-116.55554292">
      </trkpt>
      <trkpt lat="50.66223463" lon="-116.55557417">
      </trkpt>
      <trkpt lat="50.66222861" lon="-116.55559911">
      </trkpt>
      <trkpt lat="50.66222262" lon="-116.55562712">
      </trkpt>
      <trkpt lat="50.66221869" lon="-116.55565831">
      </trkpt>
      <trkpt lat="50.66221677" lon="-116.555693">
      </trkpt>
      <trkpt lat="50.66221482" lon="-116.55571501">
      </trkpt>
      <trkpt lat="50.66221098" lon="-116.55576162">
      </trkpt>
      <trkpt lat="50.66220913" lon="-116.55579884">
      </trkpt>
      <trkpt lat="50.66220725" lon="-116.55582664">
      </trkpt>
      <trkpt lat="50.66220531" lon="-116.555842">
      </trkpt>
      <trkpt lat="50.66220326" lon="-116.55585818">
      </trkpt>
      <trkpt lat="50.66219915" lon="-116.5558809">
      </trkpt>
      <trkpt lat="50.66219505" lon="-116.55590673">
      </trkpt>
      <trkpt lat="50.66218897" lon="-116.55593219">
      </trkpt>
      <trkpt lat="50.66218289" lon="-116.55595764">
      </trkpt>
      <trkpt lat="50.66217884" lon="-116.55597675">
      </trkpt>
      <trkpt lat="50.66216872" lon="-116.55601483">
      </trkpt>
      <trkpt lat="50.66215642" lon="-116.55606028">
      </trkpt>
      <trkpt lat="50.66214822" lon="-116.55608951">
      </trkpt>
      <trkpt lat="50.66214408" lon="-116.55611566">
      </trkpt>
      <trkpt lat="50.66214196" lon="-116.55613864">
      </trkpt>
      <trkpt lat="50.66213781" lon="-116.55616482">
      </trkpt>
      <trkpt lat="50.66213367" lon="-116.55621345">
      </trkpt>
      <trkpt lat="50.66213164" lon="-116.55624874">
      </trkpt>
      <trkpt lat="50.6621296" lon="-116.55630982">
      </trkpt>
      <trkpt lat="50.66212332" lon="-116.55636561">
      </trkpt>
      <trkpt lat="50.66211508" lon="-116.55640468">
      </trkpt>
      <trkpt lat="50.66211302" lon="-116.55641446">
      </trkpt>
      <trkpt lat="50.66210479" lon="-116.55645355">
      </trkpt>
      <trkpt lat="50.66209854" lon="-116.55649622">
      </trkpt>
      <trkpt lat="50.66209646" lon="-116.55650932">
      </trkpt>
      <trkpt lat="50.6620943" lon="-116.55653911">
      </trkpt>
      <trkpt lat="50.66208604" lon="-116.5565783">
      </trkpt>
      <trkpt lat="50.66208186" lon="-116.55660791">
      </trkpt>
      <trkpt lat="50.66207762" lon="-116.55664764">
      </trkpt>
      <trkpt lat="50.6620672" lon="-116.55670372">
      </trkpt>
      <trkpt lat="50.66205504" lon="-116.55677067">
      </trkpt>
      <trkpt lat="50.66205301" lon="-116.55678343">
      </trkpt>
      <trkpt lat="50.66204288" lon="-116.55681495">
      </trkpt>
      <trkpt lat="50.66203277" lon="-116.55683999">
      </trkpt>
      <trkpt lat="50.66202064" lon="-116.55685841">
      </trkpt>
      <trkpt lat="50.66201458" lon="-116.5568676">
      </trkpt>
      <trkpt lat="50.66200038" lon="-116.55688634">
      </trkpt>
      <trkpt lat="50.6619801" lon="-116.55690478">
      </trkpt>
      <trkpt lat="50.66195174" lon="-116.55692925">
      </trkpt>
      <trkpt lat="50.66193353" lon="-116.55694448">
      </trkpt>
      <trkpt lat="50.6619193" lon="-116.55696676">
      </trkpt>
      <trkpt lat="50.66191111" lon="-116.55698618">
      </trkpt>
      <trkpt lat="50.66190088" lon="-116.55700881">
      </trkpt>
      <trkpt lat="50.66189054" lon="-116.55704487">
      </trkpt>
      <trkpt lat="50.66188236" lon="-116.55708675">
      </trkpt>
      <trkpt lat="50.66187407" lon="-116.55712603">
      </trkpt>
      <trkpt lat="50.66185754" lon="-116.55719453">
      </trkpt>
      <trkpt lat="50.6618474" lon="-116.55725858">
      </trkpt>
      <trkpt lat="50.66184144" lon="-116.55728673">
      </trkpt>
      <trkpt lat="50.66183748" lon="-116.55730226">
      </trkpt>
      <trkpt lat="50.66182954" lon="-116.55733651">
      </trkpt>
      <trkpt lat="50.66182162" lon="-116.55736432">
      </trkpt>
      <trkpt lat="50.66180975" lon="-116.55740114">
      </trkpt>
      <trkpt lat="50.66180184" lon="-116.55743209">
      </trkpt>
      <trkpt lat="50.66179789" lon="-116.55745718">
      </trkpt>
      <trkpt lat="50.66179" lon="-116.55748487">
      </trkpt>
      <trkpt lat="50.66178802" lon="-116.55751025">
      </trkpt>
      <trkpt lat="50.66178408" lon="-116.55753852">
      </trkpt>
      <trkpt lat="50.66178407" lon="-116.55757383">
      </trkpt>
      <trkpt lat="50.66178407" lon="-116.55759629">
      </trkpt>
      <trkpt lat="50.661788" lon="-116.5576194">
      </trkpt>
      <trkpt lat="50.66179589" lon="-116.55763996">
      </trkpt>
      <trkpt lat="50.66180578" lon="-116.55766393">
      </trkpt>
      <trkpt lat="50.66181196" lon="-116.55768286">
      </trkpt>
      <trkpt lat="50.66181614" lon="-116.55770156">
      </trkpt>
      <trkpt lat="50.66182034" lon="-116.5577233">
      </trkpt>
      <trkpt lat="50.66182442" lon="-116.55773292">
      </trkpt>
      <trkpt lat="50.6618364" lon="-116.55773427">
      </trkpt>
      <trkpt lat="50.66181842" lon="-116.55780914">
      </trkpt>
      <trkpt lat="50.66182052" lon="-116.55782855">
      </trkpt>
      <trkpt lat="50.66182113" lon="-116.55789081">
      </trkpt>
      <trkpt lat="50.6618212" lon="-116.55789736">
      </trkpt>
      <trkpt lat="50.66182125" lon="-116.5579135">
      </trkpt>
      <trkpt lat="50.66182125" lon="-116.55795839">
      </trkpt>
      <trkpt lat="50.66181722" lon="-116.55799373">
      </trkpt>
      <trkpt lat="50.66180514" lon="-116.5580228">
      </trkpt>
      <trkpt lat="50.66179308" lon="-116.55803261">
      </trkpt>
      <trkpt lat="50.661773" lon="-116.55804259">
      </trkpt>
      <trkpt lat="50.66175894" lon="-116.55805243">
      </trkpt>
      <trkpt lat="50.66175693" lon="-116.55805566">
      </trkpt>
      <trkpt lat="50.66173687" lon="-116.55806882">
      </trkpt>
      <trkpt lat="50.6617251" lon="-116.55808536">
      </trkpt>
      <trkpt lat="50.66171336" lon="-116.55810513">
      </trkpt>
      <trkpt lat="50.66168604" lon="-116.55814795">
      </trkpt>
      <trkpt lat="50.66167047" lon="-116.55817737">
      </trkpt>
      <trkpt lat="50.66166075" lon="-116.55819693">
      </trkpt>
      <trkpt lat="50.66165299" lon="-116.55821638">
      </trkpt>
      <trkpt lat="50.66164716" lon="-116.55822618">
      </trkpt>
      <trkpt lat="50.66164328" lon="-116.5582359">
      </trkpt>
      <trkpt lat="50.66164135" lon="-116.55824552">
      </trkpt>
      <trkpt lat="50.66164616" lon="-116.55828016">
      </trkpt>
      <trkpt lat="50.66164297" lon="-116.5582959">
      </trkpt>
      <trkpt lat="50.66164085" lon="-116.55830982">
      </trkpt>
      <trkpt lat="50.66163978" lon="-116.55832539">
      </trkpt>
      <trkpt lat="50.66163978" lon="-116.55834605">
      </trkpt>
      <trkpt lat="50.66163977" lon="-116.55840457">
      </trkpt>
      <trkpt lat="50.66164122" lon="-116.55846034">
      </trkpt>
      <trkpt lat="50.66164342" lon="-116.55847073">
      </trkpt>
      <trkpt lat="50.66164691" lon="-116.55850552">
      </trkpt>
      <trkpt lat="50.66164693" lon="-116.5585124">
      </trkpt>
      <trkpt lat="50.66164692" lon="-116.55852785">
      </trkpt>
      <trkpt lat="50.66164692" lon="-116.55853816">
      </trkpt>
      <trkpt lat="50.66164587" lon="-116.55855368">
      </trkpt>
      <trkpt lat="50.66164167" lon="-116.55857967">
      </trkpt>
      <trkpt lat="50.66164062" lon="-116.55858659">
      </trkpt>
      <trkpt lat="50.66163958" lon="-116.55859351">
      </trkpt>
      <trkpt lat="50.66163539" lon="-116.55860402">
      </trkpt>
      <trkpt lat="50.66163224" lon="-116.55861789">
      </trkpt>
      <trkpt lat="50.66162598" lon="-116.55863191">
      </trkpt>
      <trkpt lat="50.6616218" lon="-116.55864238">
      </trkpt>
      <trkpt lat="50.66161555" lon="-116.55865635">
      </trkpt>
      <trkpt lat="50.66161244" lon="-116.55866162">
      </trkpt>
      <trkpt lat="50.66160828" lon="-116.55867034">
      </trkpt>
      <trkpt lat="50.6616062" lon="-116.55867726">
      </trkpt>
      <trkpt lat="50.66160102" lon="-116.55868942">
      </trkpt>
      <trkpt lat="50.66159895" lon="-116.55869633">
      </trkpt>
      <trkpt lat="50.66159274" lon="-116.55871019">
      </trkpt>
      <trkpt lat="50.66158964" lon="-116.55872394">
      </trkpt>
      <trkpt lat="50.66158655" lon="-116.55873936">
      </trkpt>
      <trkpt lat="50.66158357" lon="-116.55875317">
      </trkpt>
      <trkpt lat="50.66158263" lon="-116.55876175">
      </trkpt>
      <trkpt lat="50.66158062" lon="-116.55876865">
      </trkpt>
      <trkpt lat="50.66157966" lon="-116.55877552">
      </trkpt>
      <trkpt lat="50.66157878" lon="-116.55878922">
      </trkpt>
      <trkpt lat="50.661578" lon="-116.55881313">
      </trkpt>
      <trkpt lat="50.66157711" lon="-116.55882507">
      </trkpt>
      <trkpt lat="50.66157612" lon="-116.5588302">
      </trkpt>
      <trkpt lat="50.66157325" lon="-116.55885066">
      </trkpt>
      <trkpt lat="50.66156435" lon="-116.5588847">
      </trkpt>
      <trkpt lat="50.66156244" lon="-116.55889657">
      </trkpt>
      <trkpt lat="50.66155753" lon="-116.55891183">
      </trkpt>
      <trkpt lat="50.66155562" lon="-116.55892197">
      </trkpt>
      <trkpt lat="50.6615526" lon="-116.5589422">
      </trkpt>
      <trkpt lat="50.66154939" lon="-116.55895566">
      </trkpt>
      <trkpt lat="50.6615451" lon="-116.55897417">
      </trkpt>
      <trkpt lat="50.66154295" lon="-116.55898428">
      </trkpt>
      <trkpt lat="50.66154077" lon="-116.55899607">
      </trkpt>
      <trkpt lat="50.66153866" lon="-116.5590028">
      </trkpt>
      <trkpt lat="50.66153648" lon="-116.55901458">
      </trkpt>
      <trkpt lat="50.66153428" lon="-116.55902807">
      </trkpt>
      <trkpt lat="50.6615321" lon="-116.55903986">
      </trkpt>
      <trkpt lat="50.66152895" lon="-116.55904826">
      </trkpt>
      <trkpt lat="50.66152684" lon="-116.55905499">
      </trkpt>
      <trkpt lat="50.6615237" lon="-116.55906339">
      </trkpt>
      <trkpt lat="50.6615205" lon="-116.55907518">
      </trkpt>
      <trkpt lat="50.6615194" lon="-116.55908192">
      </trkpt>
      <trkpt lat="50.66151727" lon="-116.55909034">
      </trkpt>
      <trkpt lat="50.66151711" lon="-116.55910217">
      </trkpt>
      <trkpt lat="50.66151585" lon="-116.55912077">
      </trkpt>
      <trkpt lat="50.66151554" lon="-116.55914281">
      </trkpt>
      <trkpt lat="50.66151534" lon="-116.55915809">
      </trkpt>
      <trkpt lat="50.66151517" lon="-116.55917">
      </trkpt>
      <trkpt lat="50.66151409" lon="-116.55917507">
      </trkpt>
      <trkpt lat="50.661514" lon="-116.55918187">
      </trkpt>
      <trkpt lat="50.66151382" lon="-116.55919547">
      </trkpt>
      <trkpt lat="50.66151363" lon="-116.55920911">
      </trkpt>
      <trkpt lat="50.66151358" lon="-116.55921251">
      </trkpt>
      <trkpt lat="50.66151344" lon="-116.55922274">
      </trkpt>
      <trkpt lat="50.66151316" lon="-116.55924323">
      </trkpt>
      <trkpt lat="50.66151283" lon="-116.55926716">
      </trkpt>
      <trkpt lat="50.66151263" lon="-116.55927919">
      </trkpt>
      <trkpt lat="50.6615124" lon="-116.55928785">
      </trkpt>
      <trkpt lat="50.66151202" lon="-116.55930172">
      </trkpt>
      <trkpt lat="50.66151188" lon="-116.55930694">
      </trkpt>
      <trkpt lat="50.66151053" lon="-116.55931906">
      </trkpt>
      <trkpt lat="50.66151034" lon="-116.55932604">
      </trkpt>
      <trkpt lat="50.66150911" lon="-116.55933638">
      </trkpt>
      <trkpt lat="50.66150899" lon="-116.55934499">
      </trkpt>
      <trkpt lat="50.66150884" lon="-116.55935533">
      </trkpt>
      <trkpt lat="50.66150865" lon="-116.55936914">
      </trkpt>
      <trkpt lat="50.66150839" lon="-116.55938814">
      </trkpt>
      <trkpt lat="50.66150834" lon="-116.55939161">
      </trkpt>
      <trkpt lat="50.66150815" lon="-116.55940544">
      </trkpt>
      <trkpt lat="50.66150901" lon="-116.55941761">
      </trkpt>
      <trkpt lat="50.6615099" lon="-116.55942808">
      </trkpt>
      <trkpt lat="50.66151077" lon="-116.55944027">
      </trkpt>
      <trkpt lat="50.66151058" lon="-116.55945416">
      </trkpt>
      <trkpt lat="50.66151032" lon="-116.55947328">
      </trkpt>
      <trkpt lat="50.66150909" lon="-116.55948715">
      </trkpt>
      <trkpt lat="50.66150891" lon="-116.55949934">
      </trkpt>
      <trkpt lat="50.66150778" lon="-116.55950625">
      </trkpt>
      <trkpt lat="50.66150346" lon="-116.5595182">
      </trkpt>
      <trkpt lat="50.66150234" lon="-116.55952338">
      </trkpt>
      <trkpt lat="50.66150121" lon="-116.55953029">
      </trkpt>
      <trkpt lat="50.66149458" lon="-116.55955784">
      </trkpt>
      <trkpt lat="50.66149349" lon="-116.55956125">
      </trkpt>
      <trkpt lat="50.6614902" lon="-116.55957328">
      </trkpt>
      <trkpt lat="50.66148793" lon="-116.55958713">
      </trkpt>
      <trkpt lat="50.6614835" lon="-116.5596061">
      </trkpt>
      <trkpt lat="50.66148232" lon="-116.55961477">
      </trkpt>
      <trkpt lat="50.6614811" lon="-116.55962356">
      </trkpt>
      <trkpt lat="50.66147763" lon="-116.55963589">
      </trkpt>
      <trkpt lat="50.66147638" lon="-116.55964301">
      </trkpt>
      <trkpt lat="50.66147306" lon="-116.55964995">
      </trkpt>
      <trkpt lat="50.66146537" lon="-116.5596638">
      </trkpt>
      <trkpt lat="50.66146428" lon="-116.55966551">
      </trkpt>
      <trkpt lat="50.6614609" lon="-116.55967427">
      </trkpt>
      <trkpt lat="50.66145648" lon="-116.55968295">
      </trkpt>
      <trkpt lat="50.66145298" lon="-116.55969535">
      </trkpt>
      <trkpt lat="50.66144948" lon="-116.55970775">
      </trkpt>
      <trkpt lat="50.66144373" lon="-116.55972542">
      </trkpt>
      <trkpt lat="50.66143682" lon="-116.55974666">
      </trkpt>
      <trkpt lat="50.66143144" lon="-116.55976373">
      </trkpt>
      <trkpt lat="50.66142716" lon="-116.55977736">
      </trkpt>
      <trkpt lat="50.66142287" lon="-116.55978926">
      </trkpt>
      <trkpt lat="50.66141674" lon="-116.55980918">
      </trkpt>
      <trkpt lat="50.66141579" lon="-116.55981582">
      </trkpt>
      <trkpt lat="50.66140968" lon="-116.55983394">
      </trkpt>
      <trkpt lat="50.66140472" lon="-116.5598554">
      </trkpt>
      <trkpt lat="50.66139982" lon="-116.55988013">
      </trkpt>
      <trkpt lat="50.66139582" lon="-116.55989491">
      </trkpt>
      <trkpt lat="50.66139295" lon="-116.55991301">
      </trkpt>
      <trkpt lat="50.66139227" lon="-116.55993447">
      </trkpt>
      <trkpt lat="50.66139144" lon="-116.55994596">
      </trkpt>
      <trkpt lat="50.66139051" lon="-116.55995248">
      </trkpt>
      <trkpt lat="50.66138969" lon="-116.55996901">
      </trkpt>
      <trkpt lat="50.66138867" lon="-116.55997573">
      </trkpt>
      <trkpt lat="50.66138867" lon="-116.55997914">
      </trkpt>
      <trkpt lat="50.66136689" lon="-116.56003987">
      </trkpt>
      <trkpt lat="50.66135517" lon="-116.56007568">
      </trkpt>
      <trkpt lat="50.66134737" lon="-116.56010088">
      </trkpt>
      <trkpt lat="50.66133829" lon="-116.56012819">
      </trkpt>
      <trkpt lat="50.66133311" lon="-116.56014899">
      </trkpt>
      <trkpt lat="50.66132147" lon="-116.56018864">
      </trkpt>
      <trkpt lat="50.66130852" lon="-116.560237">
      </trkpt>
      <trkpt lat="50.66130591" lon="-116.56025176">
      </trkpt>
      <trkpt lat="50.6612917" lon="-116.56033288">
      </trkpt>
      <trkpt lat="50.66128402" lon="-116.5603615">
      </trkpt>
      <trkpt lat="50.66128019" lon="-116.56038181">
      </trkpt>
      <trkpt lat="50.66127634" lon="-116.56040012">
      </trkpt>
      <trkpt lat="50.66127379" lon="-116.56041432">
      </trkpt>
      <trkpt lat="50.66126486" lon="-116.56043289">
      </trkpt>
      <trkpt lat="50.66125721" lon="-116.56044337">
      </trkpt>
      <trkpt lat="50.66125211" lon="-116.56044969">
      </trkpt>
      <trkpt lat="50.66124575" lon="-116.56045603">
      </trkpt>
      <trkpt lat="50.66124066" lon="-116.56046029">
      </trkpt>
      <trkpt lat="50.66123557" lon="-116.56047276">
      </trkpt>
      <trkpt lat="50.66122542" lon="-116.56049767">
      </trkpt>
      <trkpt lat="50.66121529" lon="-116.56052073">
      </trkpt>
      <trkpt lat="50.66121152" lon="-116.56053944">
      </trkpt>
      <trkpt lat="50.66120522" lon="-116.56055826">
      </trkpt>
      <trkpt lat="50.66119895" lon="-116.56057909">
      </trkpt>
      <trkpt lat="50.66119644" lon="-116.56058741">
      </trkpt>
      <trkpt lat="50.66119143" lon="-116.56060199">
      </trkpt>
      <trkpt lat="50.66118019" lon="-116.56062909">
      </trkpt>
      <trkpt lat="50.6611752" lon="-116.56063752">
      </trkpt>
      <trkpt lat="50.66116647" lon="-116.56065812">
      </trkpt>
      <trkpt lat="50.66115775" lon="-116.56067251">
      </trkpt>
      <trkpt lat="50.66115028" lon="-116.56068876">
      </trkpt>
      <trkpt lat="50.66114654" lon="-116.56069491">
      </trkpt>
      <trkpt lat="50.66113412" lon="-116.56071535">
      </trkpt>
      <trkpt lat="50.66112544" lon="-116.56073163">
      </trkpt>
      <trkpt lat="50.66111925" lon="-116.56073786">
      </trkpt>
      <trkpt lat="50.6611106" lon="-116.56075014">
      </trkpt>
      <trkpt lat="50.66110196" lon="-116.56076042">
      </trkpt>
      <trkpt lat="50.66109827" lon="-116.56076651">
      </trkpt>
      <trkpt lat="50.66109088" lon="-116.56077474">
      </trkpt>
      <trkpt lat="50.66108965" lon="-116.56077677">
      </trkpt>
      <trkpt lat="50.66107982" lon="-116.56078905">
      </trkpt>
      <trkpt lat="50.66107368" lon="-116.56079916">
      </trkpt>
      <trkpt lat="50.66106633" lon="-116.56080931">
      </trkpt>
      <trkpt lat="50.66106021" lon="-116.56081547">
      </trkpt>
      <trkpt lat="50.6610467" lon="-116.56083353">
      </trkpt>
      <trkpt lat="50.66104424" lon="-116.56083749">
      </trkpt>
      <trkpt lat="50.66103564" lon="-116.56084559">
      </trkpt>
      <trkpt lat="50.66103197" lon="-116.5608496">
      </trkpt>
      <trkpt lat="50.66102828" lon="-116.56085554">
      </trkpt>
      <trkpt lat="50.66102698" lon="-116.56086719">
      </trkpt>
      <trkpt lat="50.66102694" lon="-116.56087299">
      </trkpt>
      <trkpt lat="50.6610281" lon="-116.56088069">
      </trkpt>
      <trkpt lat="50.66103288" lon="-116.560896">
      </trkpt>
      <trkpt lat="50.66103767" lon="-116.56090941">
      </trkpt>
      <trkpt lat="50.66104005" lon="-116.56091903">
      </trkpt>
      <trkpt lat="50.66104242" lon="-116.56093061">
      </trkpt>
      <trkpt lat="50.66104721" lon="-116.56094798">
      </trkpt>
      <trkpt lat="50.66104836" lon="-116.56096157">
      </trkpt>
      <trkpt lat="50.66104944" lon="-116.56098299">
      </trkpt>
      <trkpt lat="50.66105191" lon="-116.5609987">
      </trkpt>
      <trkpt lat="50.66105341" lon="-116.56104437">
      </trkpt>
      <trkpt lat="50.66105345" lon="-116.5610523">
      </trkpt>
      <trkpt lat="50.66105484" lon="-116.56107804">
      </trkpt>
      <trkpt lat="50.66105623" lon="-116.56110572">
      </trkpt>
      <trkpt lat="50.66105756" lon="-116.5611215">
      </trkpt>
      <trkpt lat="50.66105897" lon="-116.56115304">
      </trkpt>
      <trkpt lat="50.66106034" lon="-116.56117273">
      </trkpt>
      <trkpt lat="50.6610653" lon="-116.56120998">
      </trkpt>
      <trkpt lat="50.66107523" lon="-116.56127271">
      </trkpt>
      <trkpt lat="50.66108401" lon="-116.56131974">
      </trkpt>
      <trkpt lat="50.66108789" lon="-116.56134319">
      </trkpt>
      <trkpt lat="50.66108925" lon="-116.56135487">
      </trkpt>
      <trkpt lat="50.66109994" lon="-116.56143615">
      </trkpt>
      <trkpt lat="50.66110142" lon="-116.56147082">
      </trkpt>
      <trkpt lat="50.66110396" lon="-116.56149396">
      </trkpt>
      <trkpt lat="50.6611066" lon="-116.56153436">
      </trkpt>
      <trkpt lat="50.66110788" lon="-116.56154781">
      </trkpt>
      <trkpt lat="50.66111041" lon="-116.561567">
      </trkpt>
      <trkpt lat="50.66111415" lon="-116.56158425">
      </trkpt>
      <trkpt lat="50.66111667" lon="-116.56160149">
      </trkpt>
      <trkpt lat="50.66112171" lon="-116.56162234">
      </trkpt>
      <trkpt lat="50.66112802" lon="-116.5616468">
      </trkpt>
      <trkpt lat="50.66113431" lon="-116.56167116">
      </trkpt>
      <trkpt lat="50.66113932" lon="-116.56169756">
      </trkpt>
      <trkpt lat="50.66114306" lon="-116.56172213">
      </trkpt>
      <trkpt lat="50.66114552" lon="-116.56172966">
      </trkpt>
      <trkpt lat="50.66114801" lon="-116.56174664">
      </trkpt>
      <trkpt lat="50.66114925" lon="-116.56175229">
      </trkpt>
      <trkpt lat="50.66115295" lon="-116.5617711">
      </trkpt>
      <trkpt lat="50.66115543" lon="-116.56178614">
      </trkpt>
      <trkpt lat="50.66115788" lon="-116.56179741">
      </trkpt>
      <trkpt lat="50.66115913" lon="-116.5618068">
      </trkpt>
      <trkpt lat="50.66116037" lon="-116.56181617">
      </trkpt>
      <trkpt lat="50.6611616" lon="-116.56182367">
      </trkpt>
      <trkpt lat="50.66116284" lon="-116.56183491">
      </trkpt>
      <trkpt lat="50.66116292" lon="-116.56186867">
      </trkpt>
      <trkpt lat="50.66116543" lon="-116.56190791">
      </trkpt>
      <trkpt lat="50.66116671" lon="-116.56193774">
      </trkpt>
      <trkpt lat="50.66116799" lon="-116.56196938">
      </trkpt>
      <trkpt lat="50.66116806" lon="-116.56200097">
      </trkpt>
      <trkpt lat="50.66116812" lon="-116.56202505">
      </trkpt>
      <trkpt lat="50.66116822" lon="-116.56204854">
      </trkpt>
      <trkpt lat="50.66116833" lon="-116.56207197">
      </trkpt>
      <trkpt lat="50.66116839" lon="-116.562094">
      </trkpt>
      <trkpt lat="50.66116723" lon="-116.56211424">
      </trkpt>
      <trkpt lat="50.66116486" lon="-116.56212528">
      </trkpt>
      <trkpt lat="50.66116489" lon="-116.56213998">
      </trkpt>
      <trkpt lat="50.66116256" lon="-116.5621675">
      </trkpt>
      <trkpt lat="50.66116264" lon="-116.56220046">
      </trkpt>
      <trkpt lat="50.66116272" lon="-116.56223152">
      </trkpt>
      <trkpt lat="50.66116278" lon="-116.56225888">
      </trkpt>
      <trkpt lat="50.66116399" lon="-116.56226799">
      </trkpt>
      <trkpt lat="50.66116402" lon="-116.56228072">
      </trkpt>
      <trkpt lat="50.66116403" lon="-116.56228436">
      </trkpt>
      <trkpt lat="50.66116408" lon="-116.56230254">
      </trkpt>
      <trkpt lat="50.6611641" lon="-116.56231525">
      </trkpt>
      <trkpt lat="50.66116414" lon="-116.56232795">
      </trkpt>
      <trkpt lat="50.66116414" lon="-116.56233157">
      </trkpt>
      <trkpt lat="50.66116654" lon="-116.56234246">
      </trkpt>
      <trkpt lat="50.66116895" lon="-116.56235694">
      </trkpt>
      <trkpt lat="50.66117375" lon="-116.56238046">
      </trkpt>
      <trkpt lat="50.66118092" lon="-116.56240394">
      </trkpt>
      <trkpt lat="50.66119047" lon="-116.56243819">
      </trkpt>
      <trkpt lat="50.6611976" lon="-116.56245619">
      </trkpt>
      <trkpt lat="50.66120473" lon="-116.56247774">
      </trkpt>
      <trkpt lat="50.66121066" lon="-116.56249211">
      </trkpt>
      <trkpt lat="50.66122014" lon="-116.56251542">
      </trkpt>
      <trkpt lat="50.66123078" lon="-116.56253827">
      </trkpt>
      <trkpt lat="50.66123315" lon="-116.56254891">
      </trkpt>
      <trkpt lat="50.6612355" lon="-116.56255595">
      </trkpt>
      <trkpt lat="50.66123668" lon="-116.56256661">
      </trkpt>
      <trkpt lat="50.66123668" lon="-116.56258266">
      </trkpt>
      <trkpt lat="50.66123786" lon="-116.56261109">
      </trkpt>
      <trkpt lat="50.66123786" lon="-116.5626182">
      </trkpt>
      <trkpt lat="50.66123903" lon="-116.56262705">
      </trkpt>
      <trkpt lat="50.66124021" lon="-116.56263409">
      </trkpt>
      <trkpt lat="50.6612402" lon="-116.56264296">
      </trkpt>
      <trkpt lat="50.66124138" lon="-116.56265178">
      </trkpt>
      <trkpt lat="50.66124255" lon="-116.5626606">
      </trkpt>
      <trkpt lat="50.66124255" lon="-116.56266946">
      </trkpt>
      <trkpt lat="50.66124255" lon="-116.56268716">
      </trkpt>
      <trkpt lat="50.66124136" lon="-116.56270666">
      </trkpt>
      <trkpt lat="50.66123667" lon="-116.56272051">
      </trkpt>
      <trkpt lat="50.66123315" lon="-116.56273751">
      </trkpt>
      <trkpt lat="50.66123082" lon="-116.56275443">
      </trkpt>
      <trkpt lat="50.66122615" lon="-116.56277645">
      </trkpt>
      <trkpt lat="50.66122382" lon="-116.56278826">
      </trkpt>
      <trkpt lat="50.66122033" lon="-116.56281011">
      </trkpt>
      <trkpt lat="50.66121685" lon="-116.56281828">
      </trkpt>
      <trkpt lat="50.66121338" lon="-116.56283308">
      </trkpt>
      <trkpt lat="50.66121339" lon="-116.56283972">
      </trkpt>
      <trkpt lat="50.66120876" lon="-116.56285276">
      </trkpt>
      <trkpt lat="50.66120646" lon="-116.5628659">
      </trkpt>
      <trkpt lat="50.66120534" lon="-116.56288242">
      </trkpt>
      <trkpt lat="50.66120421" lon="-116.56291183">
      </trkpt>
      <trkpt lat="50.66120192" lon="-116.56293766">
      </trkpt>
      <trkpt lat="50.66120078" lon="-116.56295315">
      </trkpt>
      <trkpt lat="50.66119964" lon="-116.56296344">
      </trkpt>
      <trkpt lat="50.66119849" lon="-116.56297028">
      </trkpt>
      <trkpt lat="50.66119161" lon="-116.56299918">
      </trkpt>
      <trkpt lat="50.66119046" lon="-116.56300428">
      </trkpt>
      <trkpt lat="50.66118472" lon="-116.56301428">
      </trkpt>
      <trkpt lat="50.66116185" lon="-116.56305779">
      </trkpt>
      <trkpt lat="50.66115896" lon="-116.56307454">
      </trkpt>
      <trkpt lat="50.66115168" lon="-116.56310087">
      </trkpt>
      <trkpt lat="50.66114298" lon="-116.56313439">
      </trkpt>
      <trkpt lat="50.66113722" lon="-116.56315376">
      </trkpt>
      <trkpt lat="50.66113587" lon="-116.56317066">
      </trkpt>
      <trkpt lat="50.66113597" lon="-116.56318514">
      </trkpt>
      <trkpt lat="50.66113606" lon="-116.56319718">
      </trkpt>
      <trkpt lat="50.66113614" lon="-116.56320921">
      </trkpt>
      <trkpt lat="50.66113622" lon="-116.56321881">
      </trkpt>
      <trkpt lat="50.66113636" lon="-116.56325424">
      </trkpt>
      <trkpt lat="50.66113652" lon="-116.56330123">
      </trkpt>
      <trkpt lat="50.66113654" lon="-116.56334288">
      </trkpt>
      <trkpt lat="50.66113654" lon="-116.56336134">
      </trkpt>
      <trkpt lat="50.66113653" lon="-116.56337058">
      </trkpt>
      <trkpt lat="50.66113508" lon="-116.56338444">
      </trkpt>
      <trkpt lat="50.66113362" lon="-116.56339834">
      </trkpt>
      <trkpt lat="50.66113366" lon="-116.56340769">
      </trkpt>
      <trkpt lat="50.66113081" lon="-116.56342641">
      </trkpt>
      <trkpt lat="50.66112652" lon="-116.56344747">
      </trkpt>
      <trkpt lat="50.66112659" lon="-116.56346846">
      </trkpt>
      <trkpt lat="50.66112378" lon="-116.56349175">
      </trkpt>
      <trkpt lat="50.66112095" lon="-116.56351272">
      </trkpt>
      <trkpt lat="50.66111528" lon="-116.56354527">
      </trkpt>
      <trkpt lat="50.66111102" lon="-116.56359832">
      </trkpt>
      <trkpt lat="50.66110812" lon="-116.56361671">
      </trkpt>
      <trkpt lat="50.66110667" lon="-116.5636259">
      </trkpt>
      <trkpt lat="50.66110231" lon="-116.56366035">
      </trkpt>
      <trkpt lat="50.66110087" lon="-116.56367872">
      </trkpt>
      <trkpt lat="50.66110086" lon="-116.5636833">
      </trkpt>
      <trkpt lat="50.66110099" lon="-116.56371558">
      </trkpt>
      <trkpt lat="50.66110102" lon="-116.56372248">
      </trkpt>
      <trkpt lat="50.66110107" lon="-116.563734">
      </trkpt>
      <trkpt lat="50.66110406" lon="-116.56375471">
      </trkpt>
      <trkpt lat="50.66110559" lon="-116.5637708">
      </trkpt>
      <trkpt lat="50.66110999" lon="-116.56378228">
      </trkpt>
      <trkpt lat="50.66111585" lon="-116.56379606">
      </trkpt>
      <trkpt lat="50.66111879" lon="-116.56380523">
      </trkpt>
      <trkpt lat="50.66112757" lon="-116.56382815">
      </trkpt>
      <trkpt lat="50.66113343" lon="-116.56384418">
      </trkpt>
      <trkpt lat="50.66113781" lon="-116.56385562">
      </trkpt>
      <trkpt lat="50.66114366" lon="-116.56387162">
      </trkpt>
      <trkpt lat="50.66115675" lon="-116.56389674">
      </trkpt>
      <trkpt lat="50.66116985" lon="-116.56392639">
      </trkpt>
      <trkpt lat="50.66117857" lon="-116.56394461">
      </trkpt>
      <trkpt lat="50.66119012" lon="-116.56396969">
      </trkpt>
      <trkpt lat="50.66119443" lon="-116.56398337">
      </trkpt>
      <trkpt lat="50.66120164" lon="-116.56400391">
      </trkpt>
      <trkpt lat="50.66120885" lon="-116.56402446">
      </trkpt>
      <trkpt lat="50.66121318" lon="-116.56403587">
      </trkpt>
      <trkpt lat="50.6612175" lon="-116.5640473">
      </trkpt>
      <trkpt lat="50.66123485" lon="-116.56409515">
      </trkpt>
      <trkpt lat="50.66124498" lon="-116.56411556">
      </trkpt>
      <trkpt lat="50.66125654" lon="-116.56413141">
      </trkpt>
      <trkpt lat="50.66126809" lon="-116.56414499">
      </trkpt>
      <trkpt lat="50.66127675" lon="-116.56415177">
      </trkpt>
      <trkpt lat="50.66128829" lon="-116.56415405">
      </trkpt>
      <trkpt lat="50.66129984" lon="-116.56415405">
      </trkpt>
      <trkpt lat="50.66130417" lon="-116.56415405">
      </trkpt>
      <trkpt lat="50.66131716" lon="-116.5641518">
      </trkpt>
      <trkpt lat="50.66133738" lon="-116.56414276">
      </trkpt>
      <trkpt lat="50.66134027" lon="-116.56414277">
      </trkpt>
      <trkpt lat="50.66136047" lon="-116.56414278">
      </trkpt>
      <trkpt lat="50.66136336" lon="-116.56414279">
      </trkpt>
      <trkpt lat="50.66138358" lon="-116.56414279">
      </trkpt>
      <trkpt lat="50.66139368" lon="-116.56414281">
      </trkpt>
      <trkpt lat="50.66141542" lon="-116.56414297">
      </trkpt>
      <trkpt lat="50.66143863" lon="-116.56414539">
      </trkpt>
      <trkpt lat="50.66144589" lon="-116.56414546">
      </trkpt>
      <trkpt lat="50.66145168" lon="-116.56414776">
      </trkpt>
      <trkpt lat="50.66150105" lon="-116.56416399">
      </trkpt>
      <trkpt lat="50.66153592" lon="-116.56417787">
      </trkpt>
      <trkpt lat="50.66154318" lon="-116.56418247">
      </trkpt>
      <trkpt lat="50.66156503" lon="-116.56418946">
      </trkpt>
      <trkpt lat="50.66158121" lon="-116.564192">
      </trkpt>
      <trkpt lat="50.66159888" lon="-116.56419683">
      </trkpt>
      <trkpt lat="50.66161512" lon="-116.56419938">
      </trkpt>
      <trkpt lat="50.66164175" lon="-116.56420438">
      </trkpt>
      <trkpt lat="50.66164916" lon="-116.56420451">
      </trkpt>
      <trkpt lat="50.66168187" lon="-116.56420736">
      </trkpt>
      <trkpt lat="50.66172964" lon="-116.56421047">
      </trkpt>
      <trkpt lat="50.66175311" lon="-116.56421516">
      </trkpt>
      <trkpt lat="50.66176918" lon="-116.56421517">
      </trkpt>
      <trkpt lat="50.6617882" lon="-116.5642129">
      </trkpt>
      <trkpt lat="50.66179119" lon="-116.56420832">
      </trkpt>
      <trkpt lat="50.66181318" lon="-116.56420376">
      </trkpt>
      <trkpt lat="50.66184698" lon="-116.56419234">
      </trkpt>
      <trkpt lat="50.6618779" lon="-116.56417862">
      </trkpt>
      <trkpt lat="50.66189261" lon="-116.56417406">
      </trkpt>
      <trkpt lat="50.66190731" lon="-116.56416948">
      </trkpt>
      <trkpt lat="50.66193373" lon="-116.56416492">
      </trkpt>
      <trkpt lat="50.66194402" lon="-116.56416263">
      </trkpt>
      <trkpt lat="50.66196015" lon="-116.56416035">
      </trkpt>
      <trkpt lat="50.66197633" lon="-116.56415577">
      </trkpt>
      <trkpt lat="50.66198808" lon="-116.56415348">
      </trkpt>
      <trkpt lat="50.66200428" lon="-116.5641489">
      </trkpt>
      <trkpt lat="50.66202759" lon="-116.56414426">
      </trkpt>
      <trkpt lat="50.66204059" lon="-116.5641419">
      </trkpt>
      <trkpt lat="50.66205349" lon="-116.56414183">
      </trkpt>
      <trkpt lat="50.66206476" lon="-116.5641463">
      </trkpt>
      <trkpt lat="50.66206609" lon="-116.56414858">
      </trkpt>
      <trkpt lat="50.66207428" lon="-116.56415761">
      </trkpt>
      <trkpt lat="50.6620847" lon="-116.56416641">
      </trkpt>
      <trkpt lat="50.66209207" lon="-116.56417515">
      </trkpt>
      <trkpt lat="50.6620996" lon="-116.56417933">
      </trkpt>
      <trkpt lat="50.6621082" lon="-116.56418795">
      </trkpt>
      <trkpt lat="50.66212177" lon="-116.56419855">
      </trkpt>
      <trkpt lat="50.66213574" lon="-116.56421783">
      </trkpt>
      <trkpt lat="50.66214345" lon="-116.56423282">
      </trkpt>
      <trkpt lat="50.66215125" lon="-116.56424553">
      </trkpt>
      <trkpt lat="50.66216229" lon="-116.56426903">
      </trkpt>
      <trkpt lat="50.66216567" lon="-116.5642754">
      </trkpt>
      <trkpt lat="50.66218125" lon="-116.56430719">
      </trkpt>
      <trkpt lat="50.66218916" lon="-116.56432193">
      </trkpt>
      <trkpt lat="50.66220318" lon="-116.56435177">
      </trkpt>
      <trkpt lat="50.66220904" lon="-116.56436231">
      </trkpt>
      <trkpt lat="50.6622162" lon="-116.56436834">
      </trkpt>
      <trkpt lat="50.6622292" lon="-116.56438263">
      </trkpt>
      <trkpt lat="50.66223856" lon="-116.56439496">
      </trkpt>
      <trkpt lat="50.66225035" lon="-116.56440486">
      </trkpt>
      <trkpt lat="50.66226655" lon="-116.56442733">
      </trkpt>
      <trkpt lat="50.66227339" lon="-116.56443971">
      </trkpt>
      <trkpt lat="50.66227793" lon="-116.56444793">
      </trkpt>
      <trkpt lat="50.66228134" lon="-116.56445409">
      </trkpt>
      <trkpt lat="50.66228701" lon="-116.56446433">
      </trkpt>
      <trkpt lat="50.66229373" lon="-116.56447875">
      </trkpt>
      <trkpt lat="50.66229936" lon="-116.56448894">
      </trkpt>
      <trkpt lat="50.66230604" lon="-116.56450327">
      </trkpt>
      <trkpt lat="50.66231373" lon="-116.56452388">
      </trkpt>
      <trkpt lat="50.66232062" lon="-116.56454261">
      </trkpt>
      <trkpt lat="50.66233137" lon="-116.56456982">
      </trkpt>
      <trkpt lat="50.66234209" lon="-116.56459911">
      </trkpt>
      <trkpt lat="50.66234803" lon="-116.56461583">
      </trkpt>
      <trkpt lat="50.66235632" lon="-116.56464091">
      </trkpt>
      <trkpt lat="50.66236224" lon="-116.5646662">
      </trkpt>
      <trkpt lat="50.66236932" lon="-116.5646913">
      </trkpt>
      <trkpt lat="50.66237404" lon="-116.56471233">
      </trkpt>
      <trkpt lat="50.66238345" lon="-116.56474567">
      </trkpt>
      <trkpt lat="50.66238697" lon="-116.5647603">
      </trkpt>
      <trkpt lat="50.66238697" lon="-116.56476246">
      </trkpt>
      <trkpt lat="50.66239046" lon="-116.5647706">
      </trkpt>
      <trkpt lat="50.66239252" lon="-116.56478084">
      </trkpt>
      <trkpt lat="50.66239451" lon="-116.56479315">
      </trkpt>
      <trkpt lat="50.66239559" lon="-116.56479722">
      </trkpt>
      <trkpt lat="50.6624312" lon="-116.56486371">
      </trkpt>
      <trkpt lat="50.66243246" lon="-116.56487469">
      </trkpt>
      <trkpt lat="50.66243878" lon="-116.56489317">
      </trkpt>
      <trkpt lat="50.66244004" lon="-116.56490199">
      </trkpt>
      <trkpt lat="50.66244257" lon="-116.56491321">
      </trkpt>
      <trkpt lat="50.66244508" lon="-116.56492868">
      </trkpt>
      <trkpt lat="50.66244878" lon="-116.56494462">
      </trkpt>
      <trkpt lat="50.66245102" lon="-116.56495657">
      </trkpt>
      <trkpt lat="50.66245532" lon="-116.5649872">
      </trkpt>
      <trkpt lat="50.66246144" lon="-116.56504524">
      </trkpt>
      <trkpt lat="50.66246165" lon="-116.5650881">
      </trkpt>
      <trkpt lat="50.66246198" lon="-116.56512631">
      </trkpt>
      <trkpt lat="50.66246176" lon="-116.56513522">
      </trkpt>
      <trkpt lat="50.66246086" lon="-116.56517297">
      </trkpt>
      <trkpt lat="50.66245894" lon="-116.56520152">
      </trkpt>
      <trkpt lat="50.66245884" lon="-116.56520594">
      </trkpt>
      <trkpt lat="50.66245457" lon="-116.56522956">
      </trkpt>
      <trkpt lat="50.66244995" lon="-116.56526855">
      </trkpt>
      <trkpt lat="50.66244774" lon="-116.56529749">
      </trkpt>
      <trkpt lat="50.66244238" lon="-116.56533358">
      </trkpt>
      <trkpt lat="50.66244111" lon="-116.56536091">
      </trkpt>
      <trkpt lat="50.66244028" lon="-116.56537903">
      </trkpt>
      <trkpt lat="50.66244054" lon="-116.56539953">
      </trkpt>
      <trkpt lat="50.66244081" lon="-116.56541991">
      </trkpt>
      <trkpt lat="50.66244138" lon="-116.56543349">
      </trkpt>
      <trkpt lat="50.66244323" lon="-116.56544912">
      </trkpt>
      <trkpt lat="50.66244369" lon="-116.56546689">
      </trkpt>
      <trkpt lat="50.66244449" lon="-116.56547589">
      </trkpt>
      <trkpt lat="50.66244385" lon="-116.56548913">
      </trkpt>
      <trkpt lat="50.66244379" lon="-116.56551565">
      </trkpt>
      <trkpt lat="50.66244338" lon="-116.56552442">
      </trkpt>
      <trkpt lat="50.66244274" lon="-116.56553752">
      </trkpt>
      <trkpt lat="50.66244211" lon="-116.56555059">
      </trkpt>
      <trkpt lat="50.66244181" lon="-116.5655571">
      </trkpt>
      <trkpt lat="50.66244086" lon="-116.5655766">
      </trkpt>
      <trkpt lat="50.66244015" lon="-116.56559169">
      </trkpt>
      <trkpt lat="50.66243714" lon="-116.56560438">
      </trkpt>
      <trkpt lat="50.66242895" lon="-116.5656252">
      </trkpt>
      <trkpt lat="50.6624099" lon="-116.5656472">
      </trkpt>
      <trkpt lat="50.6623976" lon="-116.56565263">
      </trkpt>
      <trkpt lat="50.66238192" lon="-116.56565136">
      </trkpt>
      <trkpt lat="50.66237707" lon="-116.56565097">
      </trkpt>
      <trkpt lat="50.66235396" lon="-116.56564909">
      </trkpt>
      <trkpt lat="50.66233067" lon="-116.5656472">
      </trkpt>
      <trkpt lat="50.66230968" lon="-116.56564551">
      </trkpt>
      <trkpt lat="50.66230472" lon="-116.5656451">
      </trkpt>
      <trkpt lat="50.6622934" lon="-116.56564855">
      </trkpt>
      <trkpt lat="50.66228842" lon="-116.56564815">
      </trkpt>
      <trkpt lat="50.66226935" lon="-116.56565753">
      </trkpt>
      <trkpt lat="50.66225021" lon="-116.56566697">
      </trkpt>
      <trkpt lat="50.66223475" lon="-116.56567475">
      </trkpt>
      <trkpt lat="50.66222299" lon="-116.56568713">
      </trkpt>
      <trkpt lat="50.6622151" lon="-116.56569755">
      </trkpt>
      <trkpt lat="50.66220713" lon="-116.5657123">
      </trkpt>
      <trkpt lat="50.66219781" lon="-116.56573127">
      </trkpt>
      <trkpt lat="50.66218994" lon="-116.56574166">
      </trkpt>
      <trkpt lat="50.66218863" lon="-116.56574375">
      </trkpt>
      <trkpt lat="50.66218467" lon="-116.56575003">
      </trkpt>
      <trkpt lat="50.66217543" lon="-116.56576677">
      </trkpt>
      <trkpt lat="50.6621715" lon="-116.56577303">
      </trkpt>
      <trkpt lat="50.66216359" lon="-116.56578765">
      </trkpt>
      <trkpt lat="50.66216099" lon="-116.56578969">
      </trkpt>
      <trkpt lat="50.66215052" lon="-116.56580631">
      </trkpt>
      <trkpt lat="50.66214532" lon="-116.56581249">
      </trkpt>
      <trkpt lat="50.66214264" lon="-116.56582089">
      </trkpt>
      <trkpt lat="50.66212822" lon="-116.56584792">
      </trkpt>
      <trkpt lat="50.66212557" lon="-116.56585629">
      </trkpt>
      <trkpt lat="50.66211257" lon="-116.56587483">
      </trkpt>
      <trkpt lat="50.66210607" lon="-116.56588512">
      </trkpt>
      <trkpt lat="50.66209563" lon="-116.56590789">
      </trkpt>
      <trkpt lat="50.66208916" lon="-116.56591607">
      </trkpt>
      <trkpt lat="50.66207881" lon="-116.56593251">
      </trkpt>
      <trkpt lat="50.6620723" lon="-116.56594295">
      </trkpt>
      <trkpt lat="50.66206454" lon="-116.56594923">
      </trkpt>
      <trkpt lat="50.6620568" lon="-116.56595758">
      </trkpt>
      <trkpt lat="50.66205294" lon="-116.56595966">
      </trkpt>
      <trkpt lat="50.66203495" lon="-116.56598444">
      </trkpt>
      <trkpt lat="50.662026" lon="-116.56599471">
      </trkpt>
      <trkpt lat="50.66201961" lon="-116.5660029">
      </trkpt>
      <trkpt lat="50.6620107" lon="-116.56601108">
      </trkpt>
      <trkpt lat="50.66200562" lon="-116.56601924">
      </trkpt>
      <trkpt lat="50.66200054" lon="-116.56602534">
      </trkpt>
      <trkpt lat="50.66199676" lon="-116.56603346">
      </trkpt>
      <trkpt lat="50.66199677" lon="-116.56603752">
      </trkpt>
      <trkpt lat="50.66198936" lon="-116.56608196">
      </trkpt>
      <trkpt lat="50.66198206" lon="-116.56612195">
      </trkpt>
      <trkpt lat="50.6619812" lon="-116.56618303">
      </trkpt>
      <trkpt lat="50.66198126" lon="-116.56619278">
      </trkpt>
      <trkpt lat="50.66198155" lon="-116.5662393">
      </trkpt>
      <trkpt lat="50.6619817" lon="-116.56626036">
      </trkpt>
      <trkpt lat="50.66198188" lon="-116.56628318">
      </trkpt>
      <trkpt lat="50.66197851" lon="-116.5663285">
      </trkpt>
      <trkpt lat="50.66197611" lon="-116.56633797">
      </trkpt>
      <trkpt lat="50.66197379" lon="-116.56636249">
      </trkpt>
      <trkpt lat="50.66197026" lon="-116.56638691">
      </trkpt>
      <trkpt lat="50.66196798" lon="-116.56641307">
      </trkpt>
      <trkpt lat="50.66196448" lon="-116.56643727">
      </trkpt>
      <trkpt lat="50.66196339" lon="-116.56645764">
      </trkpt>
      <trkpt lat="50.66196111" lon="-116.56647794">
      </trkpt>
      <trkpt lat="50.66196002" lon="-116.56649439">
      </trkpt>
      <trkpt lat="50.66195905" lon="-116.5665197">
      </trkpt>
      <trkpt lat="50.66195812" lon="-116.5665484">
      </trkpt>
      <trkpt lat="50.66195702" lon="-116.56655914">
      </trkpt>
      <trkpt lat="50.66195622" lon="-116.56659991">
      </trkpt>
      <trkpt lat="50.66195635" lon="-116.56662524">
      </trkpt>
      <trkpt lat="50.66195519" lon="-116.56663991">
      </trkpt>
      <trkpt lat="50.66195406" lon="-116.5666564">
      </trkpt>
      <trkpt lat="50.66195421" lon="-116.56667389">
      </trkpt>
      <trkpt lat="50.66195202" lon="-116.56668945">
      </trkpt>
      <trkpt lat="50.66195218" lon="-116.56670498">
      </trkpt>
      <trkpt lat="50.66195002" lon="-116.56672211">
      </trkpt>
      <trkpt lat="50.66194667" lon="-116.56673573">
      </trkpt>
      <trkpt lat="50.66194565" lon="-116.56674934">
      </trkpt>
      <trkpt lat="50.66194354" lon="-116.56676796">
      </trkpt>
      <trkpt lat="50.6619426" lon="-116.56678651">
      </trkpt>
      <trkpt lat="50.66193937" lon="-116.5668102">
      </trkpt>
      <trkpt lat="50.66193608" lon="-116.56682711">
      </trkpt>
      <trkpt lat="50.66192962" lon="-116.56684926">
      </trkpt>
      <trkpt lat="50.66192965" lon="-116.56685083">
      </trkpt>
      <trkpt lat="50.66192642" lon="-116.56686017">
      </trkpt>
      <trkpt lat="50.66192111" lon="-116.56687718">
      </trkpt>
      <trkpt lat="50.66191781" lon="-116.56688172">
      </trkpt>
      <trkpt lat="50.66190574" lon="-116.56689671">
      </trkpt>
      <trkpt lat="50.6618948" lon="-116.56690856">
      </trkpt>
      <trkpt lat="50.66188082" lon="-116.56692782">
      </trkpt>
      <trkpt lat="50.66187122" lon="-116.56694103">
      </trkpt>
      <trkpt lat="50.66185873" lon="-116.56696453">
      </trkpt>
      <trkpt lat="50.66185674" lon="-116.56697042">
      </trkpt>
      <trkpt lat="50.66183633" lon="-116.56700936">
      </trkpt>
      <trkpt lat="50.66182521" lon="-116.56702921">
      </trkpt>
      <trkpt lat="50.66182215" lon="-116.5670334">
      </trkpt>
      <trkpt lat="50.66181212" lon="-116.5670502">
      </trkpt>
      <trkpt lat="50.66180311" lon="-116.56706404">
      </trkpt>
      <trkpt lat="50.66179925" lon="-116.56707238">
      </trkpt>
      <trkpt lat="50.66178621" lon="-116.56708864">
      </trkpt>
      <trkpt lat="50.66177928" lon="-116.5670981">
      </trkpt>
      <trkpt lat="50.66176929" lon="-116.56710872">
      </trkpt>
      <trkpt lat="50.66176043" lon="-116.56711933">
      </trkpt>
      <trkpt lat="50.66175362" lon="-116.56712864">
      </trkpt>
      <trkpt lat="50.66175274" lon="-116.56713135">
      </trkpt>
      <trkpt lat="50.661743" lon="-116.56714315">
      </trkpt>
      <trkpt lat="50.66173812" lon="-116.56714833">
      </trkpt>
      <trkpt lat="50.66172928" lon="-116.56715424">
      </trkpt>
      <trkpt lat="50.66172248" lon="-116.56715883">
      </trkpt>
      <trkpt lat="50.66171552" lon="-116.56716069">
      </trkpt>
      <trkpt lat="50.66171071" lon="-116.56716415">
      </trkpt>
      <trkpt lat="50.66170278" lon="-116.56716585">
      </trkpt>
      <trkpt lat="50.66169882" lon="-116.5671667">
      </trkpt>
      <trkpt lat="50.66169194" lon="-116.56716853">
      </trkpt>
      <trkpt lat="50.66169011" lon="-116.567171">
      </trkpt>
      <trkpt lat="50.66168316" lon="-116.56718483">
      </trkpt>
      <trkpt lat="50.66167906" lon="-116.56719628">
      </trkpt>
      <trkpt lat="50.66167639" lon="-116.56721311">
      </trkpt>
      <trkpt lat="50.66167432" lon="-116.56722464">
      </trkpt>
      <trkpt lat="50.66167493" lon="-116.56723255">
      </trkpt>
      <trkpt lat="50.66167644" lon="-116.56723926">
      </trkpt>
      <trkpt lat="50.66168209" lon="-116.56724912">
      </trkpt>
      <trkpt lat="50.66168535" lon="-116.56725344">
      </trkpt>
      <trkpt lat="50.66170721" lon="-116.56728478">
      </trkpt>
      <trkpt lat="50.66171036" lon="-116.56728778">
      </trkpt>
      <trkpt lat="50.66171387" lon="-116.56729594">
      </trkpt>
      <trkpt lat="50.6617171" lon="-116.56730023">
      </trkpt>
      <trkpt lat="50.6617204" lon="-116.56730578">
      </trkpt>
      <trkpt lat="50.66172612" lon="-116.56731801">
      </trkpt>
      <trkpt lat="50.66174064" lon="-116.56734512">
      </trkpt>
      <trkpt lat="50.66174501" lon="-116.56735185">
      </trkpt>
      <trkpt lat="50.66174854" lon="-116.56736097">
      </trkpt>
      <trkpt lat="50.66174985" lon="-116.56736609">
      </trkpt>
      <trkpt lat="50.66175482" lon="-116.56738274">
      </trkpt>
      <trkpt lat="50.66175733" lon="-116.56739163">
      </trkpt>
      <trkpt lat="50.66175772" lon="-116.56739782">
      </trkpt>
      <trkpt lat="50.66175923" lon="-116.56740654">
      </trkpt>
      <trkpt lat="50.66175968" lon="-116.56741391">
      </trkpt>
      <trkpt lat="50.66176021" lon="-116.56742245">
      </trkpt>
      <trkpt lat="50.66175871" lon="-116.56742954">
      </trkpt>
      <trkpt lat="50.66175812" lon="-116.56743549">
      </trkpt>
      <trkpt lat="50.66175767" lon="-116.56744384">
      </trkpt>
      <trkpt lat="50.66175746" lon="-116.56745576">
      </trkpt>
      <trkpt lat="50.66175822" lon="-116.56746773">
      </trkpt>
      <trkpt lat="50.66175785" lon="-116.56747714">
      </trkpt>
      <trkpt lat="50.66175704" lon="-116.5674794">
      </trkpt>
      <trkpt lat="50.66175749" lon="-116.56748652">
      </trkpt>
      <trkpt lat="50.66175684" lon="-116.56750629">
      </trkpt>
      <trkpt lat="50.66175574" lon="-116.56751901">
      </trkpt>
      <trkpt lat="50.6617548" lon="-116.5675369">
      </trkpt>
      <trkpt lat="50.66175171" lon="-116.56756623">
      </trkpt>
      <trkpt lat="50.66174953" lon="-116.56757773">
      </trkpt>
      <trkpt lat="50.66174831" lon="-116.5675893">
      </trkpt>
      <trkpt lat="50.6617479" lon="-116.56759858">
      </trkpt>
      <trkpt lat="50.66174563" lon="-116.56760757">
      </trkpt>
      <trkpt lat="50.66174415" lon="-116.56761432">
      </trkpt>
      <trkpt lat="50.66174382" lon="-116.56762467">
      </trkpt>
      <trkpt lat="50.66172686" lon="-116.56774809">
      </trkpt>
      <trkpt lat="50.66172652" lon="-116.56775416">
      </trkpt>
      <trkpt lat="50.66172328" lon="-116.56778145">
      </trkpt>
      <trkpt lat="50.66171836" lon="-116.56780858">
      </trkpt>
      <trkpt lat="50.66171719" lon="-116.56782941">
      </trkpt>
      <trkpt lat="50.6617157" lon="-116.567856">
      </trkpt>
      <trkpt lat="50.6617119" lon="-116.56791799">
      </trkpt>
      <trkpt lat="50.66171038" lon="-116.56794146">
      </trkpt>
      <trkpt lat="50.66170868" lon="-116.56796763">
      </trkpt>
      <trkpt lat="50.661707" lon="-116.56799357">
      </trkpt>
      <trkpt lat="50.66170732" lon="-116.56801355">
      </trkpt>
      <trkpt lat="50.66170767" lon="-116.56803337">
      </trkpt>
      <trkpt lat="50.66170611" lon="-116.56806106">
      </trkpt>
      <trkpt lat="50.66170534" lon="-116.56807481">
      </trkpt>
      <trkpt lat="50.66170252" lon="-116.56809674">
      </trkpt>
      <trkpt lat="50.66170046" lon="-116.56810493">
      </trkpt>
      <trkpt lat="50.66169607" lon="-116.56812668">
      </trkpt>
      <trkpt lat="50.66168984" lon="-116.56815366">
      </trkpt>
      <trkpt lat="50.66168236" lon="-116.56817511">
      </trkpt>
      <trkpt lat="50.66167309" lon="-116.56820173">
      </trkpt>
      <trkpt lat="50.66166784" lon="-116.56821232">
      </trkpt>
      <trkpt lat="50.66166077" lon="-116.56822814">
      </trkpt>
      <trkpt lat="50.66165168" lon="-116.5682543">
      </trkpt>
      <trkpt lat="50.66164613" lon="-116.56827247">
      </trkpt>
      <trkpt lat="50.66163561" lon="-116.56829827">
      </trkpt>
      <trkpt lat="50.66163161" lon="-116.56831625">
      </trkpt>
      <trkpt lat="50.66162045" lon="-116.5683545">
      </trkpt>
      <trkpt lat="50.66161435" lon="-116.56838471">
      </trkpt>
      <trkpt lat="50.66160656" lon="-116.56841955">
      </trkpt>
      <trkpt lat="50.66160121" lon="-116.56843679">
      </trkpt>
      <trkpt lat="50.66159774" lon="-116.5684466">
      </trkpt>
      <trkpt lat="50.66158582" lon="-116.56847822">
      </trkpt>
      <trkpt lat="50.66157257" lon="-116.56850948">
      </trkpt>
      <trkpt lat="50.66156301" lon="-116.56852615">
      </trkpt>
      <trkpt lat="50.66155678" lon="-116.56853562">
      </trkpt>
      <trkpt lat="50.66155202" lon="-116.56854505">
      </trkpt>
      <trkpt lat="50.66153954" lon="-116.56856386">
      </trkpt>
      <trkpt lat="50.6615288" lon="-116.56857788">
      </trkpt>
      <trkpt lat="50.66152273" lon="-116.56858486">
      </trkpt>
      <trkpt lat="50.66151647" lon="-116.56859646">
      </trkpt>
      <trkpt lat="50.66150469" lon="-116.56860338">
      </trkpt>
      <trkpt lat="50.6614974" lon="-116.56860566">
      </trkpt>
      <trkpt lat="50.66148876" lon="-116.56860564">
      </trkpt>
      <trkpt lat="50.66147442" lon="-116.5686033">
      </trkpt>
      <trkpt lat="50.6614716" lon="-116.56860098">
      </trkpt>
      <trkpt lat="50.66145734" lon="-116.568594">
      </trkpt>
      <trkpt lat="50.66144726" lon="-116.56859164">
      </trkpt>
      <trkpt lat="50.66142561" lon="-116.56858693">
      </trkpt>
      <trkpt lat="50.66141838" lon="-116.56858459">
      </trkpt>
      <trkpt lat="50.6614053" lon="-116.56858455">
      </trkpt>
      <trkpt lat="50.66139075" lon="-116.56858451">
      </trkpt>
      <trkpt lat="50.66137911" lon="-116.56858446">
      </trkpt>
      <trkpt lat="50.66137475" lon="-116.56858444">
      </trkpt>
      <trkpt lat="50.66135872" lon="-116.56858437">
      </trkpt>
      <trkpt lat="50.66134995" lon="-116.56858667">
      </trkpt>
      <trkpt lat="50.66133242" lon="-116.56858899">
      </trkpt>
      <trkpt lat="50.66131929" lon="-116.56859131">
      </trkpt>
      <trkpt lat="50.66130908" lon="-116.56859131">
      </trkpt>
      <trkpt lat="50.66129741" lon="-116.56859363">
      </trkpt>
      <trkpt lat="50.66128287" lon="-116.56859825">
      </trkpt>
      <trkpt lat="50.66126108" lon="-116.5686052">
      </trkpt>
      <trkpt lat="50.66124514" lon="-116.56860982">
      </trkpt>
      <trkpt lat="50.66123217" lon="-116.56861674">
      </trkpt>
      <trkpt lat="50.66122066" lon="-116.56862366">
      </trkpt>
      <trkpt lat="50.6612092" lon="-116.56863055">
      </trkpt>
      <trkpt lat="50.6611964" lon="-116.568642">
      </trkpt>
      <trkpt lat="50.66118361" lon="-116.56865113">
      </trkpt>
      <trkpt lat="50.66117656" lon="-116.56865797">
      </trkpt>
      <trkpt lat="50.66116684" lon="-116.56867159">
      </trkpt>
      <trkpt lat="50.66115709" lon="-116.56868289">
      </trkpt>
      <trkpt lat="50.66114888" lon="-116.5686964">
      </trkpt>
      <trkpt lat="50.66113513" lon="-116.56871433">
      </trkpt>
      <trkpt lat="50.66112546" lon="-116.56872548">
      </trkpt>
      <trkpt lat="50.66111989" lon="-116.56872994">
      </trkpt>
      <trkpt lat="50.66109382" lon="-116.56876098">
      </trkpt>
      <trkpt lat="50.66107733" lon="-116.5687764">
      </trkpt>
      <trkpt lat="50.66105825" lon="-116.56879613">
      </trkpt>
      <trkpt lat="50.6610446" lon="-116.5688048">
      </trkpt>
      <trkpt lat="50.66103667" lon="-116.56881118">
      </trkpt>
      <trkpt lat="50.66103149" lon="-116.5688176">
      </trkpt>
      <trkpt lat="50.66102108" lon="-116.56882824">
      </trkpt>
      <trkpt lat="50.66100927" lon="-116.56883663">
      </trkpt>
      <trkpt lat="50.66099878" lon="-116.56884286">
      </trkpt>
      <trkpt lat="50.66099101" lon="-116.56884913">
      </trkpt>
      <trkpt lat="50.66097936" lon="-116.56885741">
      </trkpt>
      <trkpt lat="50.66097422" lon="-116.56886155">
      </trkpt>
      <trkpt lat="50.66096654" lon="-116.56886775">
      </trkpt>
      <trkpt lat="50.66094872" lon="-116.56888212">
      </trkpt>
      <trkpt lat="50.660941" lon="-116.56888613">
      </trkpt>
      <trkpt lat="50.66093743" lon="-116.56889233">
      </trkpt>
      <trkpt lat="50.66093375" lon="-116.5688964">
      </trkpt>
      <trkpt lat="50.66092684" lon="-116.56891074">
      </trkpt>
      <trkpt lat="50.66092217" lon="-116.56891888">
      </trkpt>
      <trkpt lat="50.66091867" lon="-116.56892496">
      </trkpt>
      <trkpt lat="50.66090724" lon="-116.56894714">
      </trkpt>
      <trkpt lat="50.66089622" lon="-116.56897314">
      </trkpt>
      <trkpt lat="50.6608818" lon="-116.5690027">
      </trkpt>
      <trkpt lat="50.6608713" lon="-116.56902262">
      </trkpt>
      <trkpt lat="50.660863" lon="-116.56904074">
      </trkpt>
      <trkpt lat="50.66085332" lon="-116.56905884">
      </trkpt>
      <trkpt lat="50.66083535" lon="-116.5690886">
      </trkpt>
      <trkpt lat="50.66082724" lon="-116.5691043">
      </trkpt>
      <trkpt lat="50.66082014" lon="-116.56911606">
      </trkpt>
      <trkpt lat="50.66081681" lon="-116.56912382">
      </trkpt>
      <trkpt lat="50.66080856" lon="-116.56913748">
      </trkpt>
      <trkpt lat="50.66080035" lon="-116.56915108">
      </trkpt>
      <trkpt lat="50.66078984" lon="-116.56916851">
      </trkpt>
      <trkpt lat="50.66077891" lon="-116.56918216">
      </trkpt>
      <trkpt lat="50.66077056" lon="-116.56919376">
      </trkpt>
      <trkpt lat="50.66076709" lon="-116.5691995">
      </trkpt>
      <trkpt lat="50.66074682" lon="-116.56922647">
      </trkpt>
      <trkpt lat="50.66074199" lon="-116.56923226">
      </trkpt>
      <trkpt lat="50.66073134" lon="-116.56924353">
      </trkpt>
      <trkpt lat="50.66072245" lon="-116.56925639">
      </trkpt>
      <trkpt lat="50.6607168" lon="-116.56926375">
      </trkpt>
      <trkpt lat="50.66071084" lon="-116.56926938">
      </trkpt>
      <trkpt lat="50.66070355" lon="-116.56927503">
      </trkpt>
      <trkpt lat="50.66070011" lon="-116.56927869">
      </trkpt>
      <trkpt lat="50.66069389" lon="-116.56928938">
      </trkpt>
      <trkpt lat="50.66068944" lon="-116.56929478">
      </trkpt>
      <trkpt lat="50.66068836" lon="-116.56930344">
      </trkpt>
      <trkpt lat="50.66068523" lon="-116.56931557">
      </trkpt>
      <trkpt lat="50.66068009" lon="-116.56933112">
      </trkpt>
      <trkpt lat="50.66067872" lon="-116.56933795">
      </trkpt>
      <trkpt lat="50.66067499" lon="-116.56934655">
      </trkpt>
      <trkpt lat="50.66067061" lon="-116.5693585">
      </trkpt>
      <trkpt lat="50.66066692" lon="-116.56936702">
      </trkpt>
      <trkpt lat="50.66066725" lon="-116.56936866">
      </trkpt>
      <trkpt lat="50.66066125" lon="-116.56937231">
      </trkpt>
      <trkpt lat="50.66065825" lon="-116.56937743">
      </trkpt>
      <trkpt lat="50.6606506" lon="-116.56937952">
      </trkpt>
      <trkpt lat="50.66064061" lon="-116.56938338">
      </trkpt>
      <trkpt lat="50.66063197" lon="-116.56938716">
      </trkpt>
      <trkpt lat="50.660626" lon="-116.56939079">
      </trkpt>
      <trkpt lat="50.66061638" lon="-116.56939628">
      </trkpt>
      <trkpt lat="50.66061176" lon="-116.56939982">
      </trkpt>
      <trkpt lat="50.66060811" lon="-116.56940167">
      </trkpt>
      <trkpt lat="50.66059561" lon="-116.5694122">
      </trkpt>
      <trkpt lat="50.6605904" lon="-116.56941901">
      </trkpt>
      <trkpt lat="50.66058329" lon="-116.56942917">
      </trkpt>
      <trkpt lat="50.66057717" lon="-116.5694376">
      </trkpt>
      <trkpt lat="50.66056974" lon="-116.56944609">
      </trkpt>
      <trkpt lat="50.66056424" lon="-116.56945124">
      </trkpt>
      <trkpt lat="50.66056139" lon="-116.56945621">
      </trkpt>
      <trkpt lat="50.66055497" lon="-116.56946298">
      </trkpt>
      <trkpt lat="50.66054723" lon="-116.56946982">
      </trkpt>
      <trkpt lat="50.66054216" lon="-116.56947648">
      </trkpt>
      <trkpt lat="50.66053749" lon="-116.56948466">
      </trkpt>
      <trkpt lat="50.66053324" lon="-116.56949434">
      </trkpt>
      <trkpt lat="50.66053234" lon="-116.56949594">
      </trkpt>
      <trkpt lat="50.66050639" lon="-116.56950402">
      </trkpt>
      <trkpt lat="50.66050213" lon="-116.56950989">
      </trkpt>
      <trkpt lat="50.66049287" lon="-116.56951768">
      </trkpt>
      <trkpt lat="50.66048243" lon="-116.56952546">
      </trkpt>
      <trkpt lat="50.66047204" lon="-116.56953321">
      </trkpt>
      <trkpt lat="50.66045809" lon="-116.56954092">
      </trkpt>
      <trkpt lat="50.66045034" lon="-116.5695467">
      </trkpt>
      <trkpt lat="50.66044538" lon="-116.56954862">
      </trkpt>
      <trkpt lat="50.66043389" lon="-116.5695563">
      </trkpt>
      <trkpt lat="50.660425" lon="-116.56956204">
      </trkpt>
      <trkpt lat="50.6604151" lon="-116.56956586">
      </trkpt>
      <trkpt lat="50.66040522" lon="-116.56956969">
      </trkpt>
      <trkpt lat="50.66039909" lon="-116.5695716">
      </trkpt>
      <trkpt lat="50.66039161" lon="-116.5695754">
      </trkpt>
      <trkpt lat="50.66038655" lon="-116.56957921">
      </trkpt>
      <trkpt lat="50.66036641" lon="-116.56959439">
      </trkpt>
      <trkpt lat="50.66035489" lon="-116.56960379">
      </trkpt>
      <trkpt lat="50.66034978" lon="-116.56960753">
      </trkpt>
      <trkpt lat="50.66034079" lon="-116.56961498">
      </trkpt>
      <trkpt lat="50.66033427" lon="-116.5696224">
      </trkpt>
      <trkpt lat="50.660319" lon="-116.56963528">
      </trkpt>
      <trkpt lat="50.66030765" lon="-116.56964443">
      </trkpt>
      <trkpt lat="50.66029002" lon="-116.56966078">
      </trkpt>
      <trkpt lat="50.66027629" lon="-116.56967339">
      </trkpt>
      <trkpt lat="50.66026527" lon="-116.56968053">
      </trkpt>
      <trkpt lat="50.66025305" lon="-116.56968942">
      </trkpt>
      <trkpt lat="50.66024082" lon="-116.56970003">
      </trkpt>
      <trkpt lat="50.66022635" lon="-116.56971058">
      </trkpt>
      <trkpt lat="50.66021791" lon="-116.56971758">
      </trkpt>
      <trkpt lat="50.66020824" lon="-116.56972802">
      </trkpt>
      <trkpt lat="50.66019974" lon="-116.56974013">
      </trkpt>
      <trkpt lat="50.66019372" lon="-116.56974872">
      </trkpt>
      <trkpt lat="50.66018763" lon="-116.5697607">
      </trkpt>
      <trkpt lat="50.66018036" lon="-116.56977595">
      </trkpt>
      <trkpt lat="50.66017435" lon="-116.56978938">
      </trkpt>
      <trkpt lat="50.66016248" lon="-116.56981428">
      </trkpt>
      <trkpt lat="50.66015667" lon="-116.56982245">
      </trkpt>
      <trkpt lat="50.6601532" lon="-116.56982733">
      </trkpt>
      <trkpt lat="50.66014742" lon="-116.56983708">
      </trkpt>
      <trkpt lat="50.66013944" lon="-116.56984672">
      </trkpt>
      <trkpt lat="50.66013603" lon="-116.56984989">
      </trkpt>
      <trkpt lat="50.66013377" lon="-116.5698531">
      </trkpt>
      <trkpt lat="50.66012364" lon="-116.56986257">
      </trkpt>
      <trkpt lat="50.66011691" lon="-116.56987046">
      </trkpt>
      <trkpt lat="50.66011244" lon="-116.56987996">
      </trkpt>
      <trkpt lat="50.66011133" lon="-116.56988471">
      </trkpt>
      <trkpt lat="50.6601069" lon="-116.56989411">
      </trkpt>
      <trkpt lat="50.66010359" lon="-116.56989876">
      </trkpt>
      <trkpt lat="50.66010029" lon="-116.56990654">
      </trkpt>
      <trkpt lat="50.6600948" lon="-116.56990799">
      </trkpt>
      <trkpt lat="50.66008603" lon="-116.56990777">
      </trkpt>
      <trkpt lat="50.66007616" lon="-116.56990752">
      </trkpt>
      <trkpt lat="50.66007288" lon="-116.56990745">
      </trkpt>
      <trkpt lat="50.66005545" lon="-116.5699117">
      </trkpt>
      <trkpt lat="50.66005114" lon="-116.56991471">
      </trkpt>
      <trkpt lat="50.6600415" lon="-116.56992218">
      </trkpt>
      <trkpt lat="50.66002675" lon="-116.5699385">
      </trkpt>
      <trkpt lat="50.66001955" lon="-116.56995033">
      </trkpt>
      <trkpt lat="50.66001561" lon="-116.5699622">
      </trkpt>
      <trkpt lat="50.66001369" lon="-116.56996958">
      </trkpt>
      <trkpt lat="50.66001184" lon="-116.56997839">
      </trkpt>
      <trkpt lat="50.66001197" lon="-116.56998279">
      </trkpt>
      <trkpt lat="50.66001045" lon="-116.57000169">
      </trkpt>
      <trkpt lat="50.66001063" lon="-116.57000746">
      </trkpt>
      <trkpt lat="50.66000981" lon="-116.57001463">
      </trkpt>
      <trkpt lat="50.66001014" lon="-116.57002463">
      </trkpt>
      <trkpt lat="50.66001023" lon="-116.57002748">
      </trkpt>
      <trkpt lat="50.66000955" lon="-116.57003879">
      </trkpt>
      <trkpt lat="50.66000992" lon="-116.57005004">
      </trkpt>
      <trkpt lat="50.66001028" lon="-116.5700612">
      </trkpt>
      <trkpt lat="50.66000966" lon="-116.57007362">
      </trkpt>
      <trkpt lat="50.66000788" lon="-116.57008182">
      </trkpt>
      <trkpt lat="50.66000703" lon="-116.57008727">
      </trkpt>
      <trkpt lat="50.66000628" lon="-116.5700955">
      </trkpt>
      <trkpt lat="50.66000568" lon="-116.57010923">
      </trkpt>
      <trkpt lat="50.66000491" lon="-116.57011742">
      </trkpt>
      <trkpt lat="50.66000231" lon="-116.57013092">
      </trkpt>
      <trkpt lat="50.65999816" lon="-116.57015763">
      </trkpt>
      <trkpt lat="50.6599929" lon="-116.57017861">
      </trkpt>
      <trkpt lat="50.65998845" lon="-116.57019286">
      </trkpt>
      <trkpt lat="50.65998494" lon="-116.57020441">
      </trkpt>
      <trkpt lat="50.6599813" lon="-116.57021205">
      </trkpt>
      <trkpt lat="50.65997856" lon="-116.5702171">
      </trkpt>
      <trkpt lat="50.65997413" lon="-116.57022845">
      </trkpt>
      <trkpt lat="50.65996888" lon="-116.5702422">
      </trkpt>
      <trkpt lat="50.65996076" lon="-116.57025577">
      </trkpt>
      <trkpt lat="50.6599526" lon="-116.57026673">
      </trkpt>
      <trkpt lat="50.65994816" lon="-116.570274">
      </trkpt>
      <trkpt lat="50.65993839" lon="-116.57028845">
      </trkpt>
      <trkpt lat="50.65992858" lon="-116.57030032">
      </trkpt>
      <trkpt lat="50.65992067" lon="-116.57031092">
      </trkpt>
      <trkpt lat="50.65991885" lon="-116.57031208">
      </trkpt>
      <trkpt lat="50.65991536" lon="-116.57031677">
      </trkpt>
      <trkpt lat="50.65991362" lon="-116.57031911">
      </trkpt>
      <trkpt lat="50.65990857" lon="-116.57032847">
      </trkpt>
      <trkpt lat="50.65990692" lon="-116.57033198">
      </trkpt>
      <trkpt lat="50.65989959" lon="-116.5703482">
      </trkpt>
      <trkpt lat="50.65989014" lon="-116.57037224">
      </trkpt>
      <trkpt lat="50.65988543" lon="-116.57038355">
      </trkpt>
      <trkpt lat="50.65988067" lon="-116.57039362">
      </trkpt>
      <trkpt lat="50.65987992" lon="-116.57039586">
      </trkpt>
      <trkpt lat="50.65987612" lon="-116.57040587">
      </trkpt>
      <trkpt lat="50.65986869" lon="-116.57042679">
      </trkpt>
      <trkpt lat="50.65986806" lon="-116.57043008">
      </trkpt>
      <trkpt lat="50.65986128" lon="-116.5704463">
      </trkpt>
      <trkpt lat="50.65985985" lon="-116.5704506">
      </trkpt>
      <trkpt lat="50.6598544" lon="-116.57046018">
      </trkpt>
      <trkpt lat="50.65985219" lon="-116.57046549">
      </trkpt>
      <trkpt lat="50.65984223" lon="-116.57048331">
      </trkpt>
      <trkpt lat="50.65983262" lon="-116.570503">
      </trkpt>
      <trkpt lat="50.65982159" lon="-116.57052439">
      </trkpt>
      <trkpt lat="50.65981445" lon="-116.57053949">
      </trkpt>
      <trkpt lat="50.65980891" lon="-116.57055246">
      </trkpt>
      <trkpt lat="50.65980406" lon="-116.57056332">
      </trkpt>
      <trkpt lat="50.65980063" lon="-116.57057117">
      </trkpt>
      <trkpt lat="50.65979861" lon="-116.57057605">
      </trkpt>
      <trkpt lat="50.65979225" lon="-116.57058765">
      </trkpt>
      <trkpt lat="50.65978629" lon="-116.57060206">
      </trkpt>
      <trkpt lat="50.65977727" lon="-116.57062212">
      </trkpt>
      <trkpt lat="50.65976787" lon="-116.57063816">
      </trkpt>
      <trkpt lat="50.65976004" lon="-116.57065208">
      </trkpt>
      <trkpt lat="50.65975164" lon="-116.57066786">
      </trkpt>
      <trkpt lat="50.65974406" lon="-116.57068252">
      </trkpt>
      <trkpt lat="50.65973561" lon="-116.57069603">
      </trkpt>
      <trkpt lat="50.65973091" lon="-116.57070566">
      </trkpt>
      <trkpt lat="50.6597235" lon="-116.57071998">
      </trkpt>
      <trkpt lat="50.65971946" lon="-116.57072757">
      </trkpt>
      <trkpt lat="50.65971604" lon="-116.57073322">
      </trkpt>
      <trkpt lat="50.65971167" lon="-116.57076978">
      </trkpt>
      <trkpt lat="50.65970933" lon="-116.57078495">
      </trkpt>
      <trkpt lat="50.65970726" lon="-116.57079453">
      </trkpt>
      <trkpt lat="50.65970595" lon="-116.5708054">
      </trkpt>
      <trkpt lat="50.65970489" lon="-116.57081082">
      </trkpt>
      <trkpt lat="50.65970064" lon="-116.57083364">
      </trkpt>
      <trkpt lat="50.65969508" lon="-116.57085087">
      </trkpt>
      <trkpt lat="50.65968503" lon="-116.57088224">
      </trkpt>
      <trkpt lat="50.65967949" lon="-116.5709028">
      </trkpt>
      <trkpt lat="50.6596748" lon="-116.57092308">
      </trkpt>
      <trkpt lat="50.65966592" lon="-116.57095547">
      </trkpt>
      <trkpt lat="50.65966255" lon="-116.5709677">
      </trkpt>
      <trkpt lat="50.65965759" lon="-116.57098351">
      </trkpt>
      <trkpt lat="50.65965191" lon="-116.57099801">
      </trkpt>
      <trkpt lat="50.65964864" lon="-116.57100882">
      </trkpt>
      <trkpt lat="50.65964372" lon="-116.57102672">
      </trkpt>
      <trkpt lat="50.65964211" lon="-116.57103148">
      </trkpt>
      <trkpt lat="50.65963343" lon="-116.57105153">
      </trkpt>
      <trkpt lat="50.65962943" lon="-116.57106559">
      </trkpt>
      <trkpt lat="50.6596271" lon="-116.57107026">
      </trkpt>
      <trkpt lat="50.65961697" lon="-116.57109688">
      </trkpt>
      <trkpt lat="50.6596123" lon="-116.57111179">
      </trkpt>
      <trkpt lat="50.6596084" lon="-116.57112892">
      </trkpt>
      <trkpt lat="50.65960763" lon="-116.57113234">
      </trkpt>
      <trkpt lat="50.65959853" lon="-116.57116182">
      </trkpt>
      <trkpt lat="50.65959703" lon="-116.5711652">
      </trkpt>
      <trkpt lat="50.65959184" lon="-116.57117305">
      </trkpt>
      <trkpt lat="50.65958962" lon="-116.57117641">
      </trkpt>
      <trkpt lat="50.659583" lon="-116.57118196">
      </trkpt>
      <trkpt lat="50.65957786" lon="-116.57118529">
      </trkpt>
      <trkpt lat="50.65957493" lon="-116.57118525">
      </trkpt>
      <trkpt lat="50.65955887" lon="-116.5711851">
      </trkpt>
      <trkpt lat="50.65954355" lon="-116.57118495">
      </trkpt>
      <trkpt lat="50.65953045" lon="-116.57118483">
      </trkpt>
      <trkpt lat="50.65952245" lon="-116.57118475">
      </trkpt>
      <trkpt lat="50.659513" lon="-116.57118466">
      </trkpt>
      <trkpt lat="50.65950574" lon="-116.57118459">
      </trkpt>
      <trkpt lat="50.65949847" lon="-116.57118457">
      </trkpt>
      <trkpt lat="50.65948973" lon="-116.57118344">
      </trkpt>
      <trkpt lat="50.65948463" lon="-116.57118343">
      </trkpt>
      <trkpt lat="50.65947881" lon="-116.57118343">
      </trkpt>
      <trkpt lat="50.65947517" lon="-116.57118343">
      </trkpt>
      <trkpt lat="50.65947009" lon="-116.57118343">
      </trkpt>
      <trkpt lat="50.65946138" lon="-116.57118566">
      </trkpt>
      <trkpt lat="50.65945342" lon="-116.57118788">
      </trkpt>
      <trkpt lat="50.65944548" lon="-116.57119123">
      </trkpt>
      <trkpt lat="50.65944113" lon="-116.57119233">
      </trkpt>
      <trkpt lat="50.65942597" lon="-116.57119677">
      </trkpt>
      <trkpt lat="50.65942166" lon="-116.571199">
      </trkpt>
      <trkpt lat="50.65940581" lon="-116.57120343">
      </trkpt>
      <trkpt lat="50.65938933" lon="-116.57121118">
      </trkpt>
      <trkpt lat="50.65937784" lon="-116.57121449">
      </trkpt>
      <trkpt lat="50.65936143" lon="-116.57122221">
      </trkpt>
      <trkpt lat="50.65934506" lon="-116.57122991">
      </trkpt>
      <trkpt lat="50.65933013" lon="-116.57123537">
      </trkpt>
      <trkpt lat="50.6593281" lon="-116.57123863">
      </trkpt>
      <trkpt lat="50.65930999" lon="-116.57124826">
      </trkpt>
      <trkpt lat="50.65930095" lon="-116.57125251">
      </trkpt>
      <trkpt lat="50.65929617" lon="-116.5712568">
      </trkpt>
      <trkpt lat="50.65929135" lon="-116.57125999">
      </trkpt>
      <trkpt lat="50.65928721" lon="-116.5712621">
      </trkpt>
      <trkpt lat="50.6592754" lon="-116.57126628">
      </trkpt>
      <trkpt lat="50.65925534" lon="-116.57127357">
      </trkpt>
      <trkpt lat="50.6592344" lon="-116.57127542">
      </trkpt>
      <trkpt lat="50.65922395" lon="-116.57127634">
      </trkpt>
      <trkpt lat="50.65921136" lon="-116.57127616">
      </trkpt>
      <trkpt lat="50.65920025" lon="-116.57127708">
      </trkpt>
      <trkpt lat="50.65918908" lon="-116.5712769">
      </trkpt>
      <trkpt lat="50.65917458" lon="-116.57127884">
      </trkpt>
      <trkpt lat="50.65916561" lon="-116.57127979">
      </trkpt>
      <trkpt lat="50.65915877" lon="-116.5712796">
      </trkpt>
      <trkpt lat="50.65915166" lon="-116.57128026">
      </trkpt>
      <trkpt lat="50.659151" lon="-116.57128023">
      </trkpt>
      <trkpt lat="50.65914385" lon="-116.57127981">
      </trkpt>
      <trkpt lat="50.65913484" lon="-116.57128036">
      </trkpt>
      <trkpt lat="50.65913032" lon="-116.5712801">
      </trkpt>
      <trkpt lat="50.65912452" lon="-116.57127977">
      </trkpt>
      <trkpt lat="50.65911809" lon="-116.5712794">
      </trkpt>
      <trkpt lat="50.65910847" lon="-116.57127884">
      </trkpt>
      <trkpt lat="50.65910314" lon="-116.57127536">
      </trkpt>
      <trkpt lat="50.65909193" lon="-116.57126944">
      </trkpt>
      <trkpt lat="50.65908155" lon="-116.57126569">
      </trkpt>
      <trkpt lat="50.65907388" lon="-116.57126421">
      </trkpt>
      <trkpt lat="50.65907254" lon="-116.57126308">
      </trkpt>
      <trkpt lat="50.65906679" lon="-116.57126171">
      </trkpt>
      <trkpt lat="50.65906231" lon="-116.57126041">
      </trkpt>
      <trkpt lat="50.65905846" lon="-116.57125914">
      </trkpt>
      <trkpt lat="50.65905031" lon="-116.57125871">
      </trkpt>
      <trkpt lat="50.65904578" lon="-116.57125636">
      </trkpt>
      <trkpt lat="50.65904108" lon="-116.5712519">
      </trkpt>
      <trkpt lat="50.65903622" lon="-116.57124534">
      </trkpt>
      <trkpt lat="50.65903088" lon="-116.57123541">
      </trkpt>
      <trkpt lat="50.65902686" lon="-116.57122769">
      </trkpt>
      <trkpt lat="50.65902483" lon="-116.57122329">
      </trkpt>
      <trkpt lat="50.65902159" lon="-116.57121883">
      </trkpt>
      <trkpt lat="50.65901702" lon="-116.57121216">
      </trkpt>
      <trkpt lat="50.65901253" lon="-116.57120657">
      </trkpt>
      <trkpt lat="50.6590087" lon="-116.57120209">
      </trkpt>
      <trkpt lat="50.65900672" lon="-116.57119878">
      </trkpt>
      <trkpt lat="50.65899896" lon="-116.57118771">
      </trkpt>
      <trkpt lat="50.65899771" lon="-116.57118658">
      </trkpt>
      <trkpt lat="50.65897215" lon="-116.57115886">
      </trkpt>
      <trkpt lat="50.65897068" lon="-116.57115774">
      </trkpt>
      <trkpt lat="50.65895074" lon="-116.57112915">
      </trkpt>
      <trkpt lat="50.65894773" lon="-116.57112475">
      </trkpt>
      <trkpt lat="50.6589227" lon="-116.57109626">
      </trkpt>
      <trkpt lat="50.65891013" lon="-116.57108531">
      </trkpt>
      <trkpt lat="50.65888991" lon="-116.57106045">
      </trkpt>
      <trkpt lat="50.65887377" lon="-116.57103254">
      </trkpt>
      <trkpt lat="50.65886816" lon="-116.5710229">
      </trkpt>
      <trkpt lat="50.65886331" lon="-116.57101328">
      </trkpt>
      <trkpt lat="50.6588564" lon="-116.57099937">
      </trkpt>
      <trkpt lat="50.65884583" lon="-116.57098338">
      </trkpt>
      <trkpt lat="50.65883542" lon="-116.57096419">
      </trkpt>
      <trkpt lat="50.65882506" lon="-116.5709461">
      </trkpt>
      <trkpt lat="50.6588203" lon="-116.57093865">
      </trkpt>
      <trkpt lat="50.65881176" lon="-116.57092365">
      </trkpt>
      <trkpt lat="50.65879576" lon="-116.57090328">
      </trkpt>
      <trkpt lat="50.65878854" lon="-116.57089144">
      </trkpt>
      <trkpt lat="50.65878247" lon="-116.57088501">
      </trkpt>
      <trkpt lat="50.65877617" lon="-116.57088297">
      </trkpt>
      <trkpt lat="50.65877338" lon="-116.57088195">
      </trkpt>
      <trkpt lat="50.65876427" lon="-116.57087997">
      </trkpt>
      <trkpt lat="50.65875719" lon="-116.57088014">
      </trkpt>
      <trkpt lat="50.65874797" lon="-116.57088144">
      </trkpt>
      <trkpt lat="50.6587337" lon="-116.57088721">
      </trkpt>
      <trkpt lat="50.6587251" lon="-116.5708928">
      </trkpt>
      <trkpt lat="50.65871654" lon="-116.57089837">
      </trkpt>
      <trkpt lat="50.65870591" lon="-116.57090503">
      </trkpt>
      <trkpt lat="50.65870311" lon="-116.57090615">
      </trkpt>
      <trkpt lat="50.65869256" lon="-116.57091274">
      </trkpt>
      <trkpt lat="50.65868072" lon="-116.57091934">
      </trkpt>
      <trkpt lat="50.6586662" lon="-116.57092593">
      </trkpt>
      <trkpt lat="50.65864972" lon="-116.57093255">
      </trkpt>
      <trkpt lat="50.65863618" lon="-116.57093797">
      </trkpt>
      <trkpt lat="50.65863281" lon="-116.57094009">
      </trkpt>
      <trkpt lat="50.65861605" lon="-116.57094859">
      </trkpt>
      <trkpt lat="50.65860543" lon="-116.5709518">
      </trkpt>
      <trkpt lat="50.65859948" lon="-116.57095494">
      </trkpt>
      <trkpt lat="50.65859025" lon="-116.57095913">
      </trkpt>
      <trkpt lat="50.6585745" lon="-116.57096845">
      </trkpt>
      <trkpt lat="50.65855562" lon="-116.57098179">
      </trkpt>
      <trkpt lat="50.6585324" lon="-116.57099704">
      </trkpt>
      <trkpt lat="50.65851323" lon="-116.57101114">
      </trkpt>
      <trkpt lat="50.65850878" lon="-116.57101415">
      </trkpt>
      <trkpt lat="50.65846293" lon="-116.57104185">
      </trkpt>
      <trkpt lat="50.65843514" lon="-116.57105741">
      </trkpt>
      <trkpt lat="50.65842962" lon="-116.5710603">
      </trkpt>
      <trkpt lat="50.65839074" lon="-116.5710784">
      </trkpt>
      <trkpt lat="50.65836144" lon="-116.57109346">
      </trkpt>
      <trkpt lat="50.65833837" lon="-116.57110364">
      </trkpt>
      <trkpt lat="50.65831845" lon="-116.57111185">
      </trkpt>
      <trkpt lat="50.65830039" lon="-116.57111816">
      </trkpt>
      <trkpt lat="50.65829628" lon="-116.57111906">
      </trkpt>
      <trkpt lat="50.65828044" lon="-116.57112262">
      </trkpt>
      <trkpt lat="50.65827517" lon="-116.57112445">
      </trkpt>
      <trkpt lat="50.65823845" lon="-116.57113337">
      </trkpt>
      <trkpt lat="50.65823613" lon="-116.57113333">
      </trkpt>
      <trkpt lat="50.65823207" lon="-116.57113421">
      </trkpt>
      <trkpt lat="50.65821763" lon="-116.57113586">
      </trkpt>
      <trkpt lat="50.65821014" lon="-116.57113763">
      </trkpt>
      <trkpt lat="50.65820496" lon="-116.57113754">
      </trkpt>
      <trkpt lat="50.65819979" lon="-116.5711384">
      </trkpt>
      <trkpt lat="50.65819405" lon="-116.5711383">
      </trkpt>
      <trkpt lat="50.65818203" lon="-116.57113621">
      </trkpt>
      <trkpt lat="50.6581769" lon="-116.57113237">
      </trkpt>
      <trkpt lat="50.65816892" lon="-116.57112473">
      </trkpt>
      <trkpt lat="50.65816491" lon="-116.57111998">
      </trkpt>
      <trkpt lat="50.65815736" lon="-116.57111242">
      </trkpt>
      <trkpt lat="50.6581469" lon="-116.57110203">
      </trkpt>
      <trkpt lat="50.65813661" lon="-116.57109725">
      </trkpt>
      <trkpt lat="50.6581285" lon="-116.57109534">
      </trkpt>
      <trkpt lat="50.65811686" lon="-116.5710926">
      </trkpt>
      <trkpt lat="50.65811195" lon="-116.57109168">
      </trkpt>
      <trkpt lat="50.65809785" lon="-116.57108988">
      </trkpt>
      <trkpt lat="50.65808556" lon="-116.57108806">
      </trkpt>
      <trkpt lat="50.65808186" lon="-116.57108715">
      </trkpt>
      <trkpt lat="50.65807016" lon="-116.57108532">
      </trkpt>
      <trkpt lat="50.65805591" lon="-116.57108163">
      </trkpt>
      <trkpt lat="50.65803919" lon="-116.57107888">
      </trkpt>
      <trkpt lat="50.65803108" lon="-116.57107609">
      </trkpt>
      <trkpt lat="50.65802543" lon="-116.5710733">
      </trkpt>
      <trkpt lat="50.65802222" lon="-116.57106954">
      </trkpt>
      <trkpt lat="50.65801959" lon="-116.57106485">
      </trkpt>
      <trkpt lat="50.65801586" lon="-116.57105824">
      </trkpt>
      <trkpt lat="50.65801527" lon="-116.57105541">
      </trkpt>
      <trkpt lat="50.65801586" lon="-116.57105069">
      </trkpt>
      <trkpt lat="50.65799796" lon="-116.57102989">
      </trkpt>
      <trkpt lat="50.65799497" lon="-116.57102611">
      </trkpt>
      <trkpt lat="50.65799138" lon="-116.57102233">
      </trkpt>
      <trkpt lat="50.65798599" lon="-116.57101572">
      </trkpt>
      <trkpt lat="50.65798" lon="-116.57101004">
      </trkpt>
      <trkpt lat="50.65797521" lon="-116.57100531">
      </trkpt>
      <trkpt lat="50.65796922" lon="-116.57100059">
      </trkpt>
      <trkpt lat="50.65796623" lon="-116.57099776">
      </trkpt>
      <trkpt lat="50.65796383" lon="-116.57099586">
      </trkpt>
      <trkpt lat="50.65795964" lon="-116.57099302">
      </trkpt>
      <trkpt lat="50.65795738" lon="-116.57099113">
      </trkpt>
      <trkpt lat="50.65795351" lon="-116.57098922">
      </trkpt>
      <trkpt lat="50.65795018" lon="-116.57098729">
      </trkpt>
      <trkpt lat="50.65794852" lon="-116.5709854">
      </trkpt>
      <trkpt lat="50.65794407" lon="-116.57098347">
      </trkpt>
      <trkpt lat="50.6579385" lon="-116.57098153">
      </trkpt>
      <trkpt lat="50.65793738" lon="-116.57098153">
      </trkpt>
      <trkpt lat="50.65793236" lon="-116.5709796">
      </trkpt>
      <trkpt lat="50.65792727" lon="-116.57097861">
      </trkpt>
      <trkpt lat="50.65791805" lon="-116.57097761">
      </trkpt>
      <trkpt lat="50.65791229" lon="-116.57097663">
      </trkpt>
      <trkpt lat="50.65790535" lon="-116.57097564">
      </trkpt>
      <trkpt lat="50.65789896" lon="-116.5709737">
      </trkpt>
      <trkpt lat="50.65789198" lon="-116.57097176">
      </trkpt>
      <trkpt lat="50.65788967" lon="-116.57097174">
      </trkpt>
      <trkpt lat="50.65788441" lon="-116.57096981">
      </trkpt>
      <trkpt lat="50.65787915" lon="-116.57096786">
      </trkpt>
      <trkpt lat="50.65787563" lon="-116.57096593">
      </trkpt>
      <trkpt lat="50.65787212" lon="-116.57096496">
      </trkpt>
      <trkpt lat="50.65786744" lon="-116.57096302">
      </trkpt>
      <trkpt lat="50.65786219" lon="-116.57096297">
      </trkpt>
      <trkpt lat="50.65785926" lon="-116.57096201">
      </trkpt>
      <trkpt lat="50.65785225" lon="-116.57096194">
      </trkpt>
      <trkpt lat="50.65784232" lon="-116.57096187">
      </trkpt>
      <trkpt lat="50.65783997" lon="-116.57096185">
      </trkpt>
      <trkpt lat="50.65782999" lon="-116.57096179">
      </trkpt>
      <trkpt lat="50.65781822" lon="-116.5709617">
      </trkpt>
      <trkpt lat="50.65781409" lon="-116.57096166">
      </trkpt>
      <trkpt lat="50.65780292" lon="-116.57096446">
      </trkpt>
      <trkpt lat="50.65779582" lon="-116.57096538">
      </trkpt>
      <trkpt lat="50.65778578" lon="-116.5709653">
      </trkpt>
      <trkpt lat="50.65777653" lon="-116.57096518">
      </trkpt>
      <trkpt lat="50.65776244" lon="-116.57096503">
      </trkpt>
      <trkpt lat="50.65775118" lon="-116.5709649">
      </trkpt>
      <trkpt lat="50.65773917" lon="-116.5709609">
      </trkpt>
      <trkpt lat="50.65773019" lon="-116.57095984">
      </trkpt>
      <trkpt lat="50.65771817" lon="-116.57095873">
      </trkpt>
      <trkpt lat="50.65770789" lon="-116.57095666">
      </trkpt>
      <trkpt lat="50.65769699" lon="-116.57095557">
      </trkpt>
      <trkpt lat="50.65768606" lon="-116.57095543">
      </trkpt>
      <trkpt lat="50.65767509" lon="-116.57095531">
      </trkpt>
      <trkpt lat="50.65766285" lon="-116.57095516">
      </trkpt>
      <trkpt lat="50.65765239" lon="-116.57095504">
      </trkpt>
      <trkpt lat="50.65764252" lon="-116.57095493">
      </trkpt>
      <trkpt lat="50.65763385" lon="-116.57095482">
      </trkpt>
      <trkpt lat="50.65762391" lon="-116.5709547">
      </trkpt>
      <trkpt lat="50.65761518" lon="-116.5709546">
      </trkpt>
      <trkpt lat="50.65760955" lon="-116.57095454">
      </trkpt>
      <trkpt lat="50.65760263" lon="-116.57095448">
      </trkpt>
      <trkpt lat="50.65759632" lon="-116.57095444">
      </trkpt>
      <trkpt lat="50.65758179" lon="-116.57095433">
      </trkpt>
      <trkpt lat="50.65757038" lon="-116.57095422">
      </trkpt>
      <trkpt lat="50.65755958" lon="-116.57095414">
      </trkpt>
      <trkpt lat="50.65754811" lon="-116.57095504">
      </trkpt>
      <trkpt lat="50.65754492" lon="-116.57095503">
      </trkpt>
      <trkpt lat="50.6575398" lon="-116.57095598">
      </trkpt>
      <trkpt lat="50.65752699" lon="-116.57095688">
      </trkpt>
      <trkpt lat="50.65751734" lon="-116.57095781">
      </trkpt>
      <trkpt lat="50.65751219" lon="-116.57095877">
      </trkpt>
      <trkpt lat="50.65750379" lon="-116.57096071">
      </trkpt>
      <trkpt lat="50.65748759" lon="-116.5709616">
      </trkpt>
      <trkpt lat="50.65748174" lon="-116.57096258">
      </trkpt>
      <trkpt lat="50.65747326" lon="-116.57096453">
      </trkpt>
      <trkpt lat="50.65746084" lon="-116.57096648">
      </trkpt>
      <trkpt lat="50.65745491" lon="-116.57096846">
      </trkpt>
      <trkpt lat="50.65744636" lon="-116.57097043">
      </trkpt>
      <trkpt lat="50.65743581" lon="-116.5709724">
      </trkpt>
      <trkpt lat="50.6574226" lon="-116.57097335">
      </trkpt>
      <trkpt lat="50.65740726" lon="-116.57097426">
      </trkpt>
      <trkpt lat="50.65738773" lon="-116.5709772">
      </trkpt>
      <trkpt lat="50.65737621" lon="-116.57097917">
      </trkpt>
      <trkpt lat="50.65736393" lon="-116.57098219">
      </trkpt>
      <trkpt lat="50.65735778" lon="-116.57098319">
      </trkpt>
      <trkpt lat="50.65734058" lon="-116.57098725">
      </trkpt>
      <trkpt lat="50.6573142" lon="-116.57099338">
      </trkpt>
      <trkpt lat="50.65730934" lon="-116.57099336">
      </trkpt>
      <trkpt lat="50.65729541" lon="-116.5709933">
      </trkpt>
      <trkpt lat="50.65728842" lon="-116.57099326">
      </trkpt>
      <trkpt lat="50.65728422" lon="-116.57099325">
      </trkpt>
      <trkpt lat="50.65728141" lon="-116.57099324">
      </trkpt>
      <trkpt lat="50.65727379" lon="-116.57099004">
      </trkpt>
      <trkpt lat="50.65727239" lon="-116.57099004">
      </trkpt>
      <trkpt lat="50.65726692" lon="-116.57098791">
      </trkpt>
      <trkpt lat="50.65726214" lon="-116.57098578">
      </trkpt>
      <trkpt lat="50.65725871" lon="-116.57098471">
      </trkpt>
      <trkpt lat="50.65724086" lon="-116.57097619">
      </trkpt>
      <trkpt lat="50.6572133" lon="-116.5709643">
      </trkpt>
      <trkpt lat="50.65719117" lon="-116.57095771">
      </trkpt>
      <trkpt lat="50.657166" lon="-116.57094997">
      </trkpt>
      <trkpt lat="50.6571573" lon="-116.57094879">
      </trkpt>
      <trkpt lat="50.65715079" lon="-116.57094765">
      </trkpt>
      <trkpt lat="50.65714143" lon="-116.57094433">
      </trkpt>
      <trkpt lat="50.65711178" lon="-116.5709279">
      </trkpt>
      <trkpt lat="50.65710849" lon="-116.57092786">
      </trkpt>
      <trkpt lat="50.65709501" lon="-116.57092128">
      </trkpt>
      <trkpt lat="50.65709227" lon="-116.57092019">
      </trkpt>
      <trkpt lat="50.65706831" lon="-116.57090935">
      </trkpt>
      <trkpt lat="50.65706349" lon="-116.57090611">
      </trkpt>
      <trkpt lat="50.65703749" lon="-116.57089525">
      </trkpt>
      <trkpt lat="50.65702309" lon="-116.57088768">
      </trkpt>
      <trkpt lat="50.65700182" lon="-116.57087364">
      </trkpt>
      <trkpt lat="50.65697872" lon="-116.57086143">
      </trkpt>
      <trkpt lat="50.65695963" lon="-116.57085141">
      </trkpt>
      <trkpt lat="50.65694253" lon="-116.57084139">
      </trkpt>
      <trkpt lat="50.65693225" lon="-116.57083687">
      </trkpt>
      <trkpt lat="50.65692536" lon="-116.57083468">
      </trkpt>
      <trkpt lat="50.65691636" lon="-116.5708294">
      </trkpt>
      <trkpt lat="50.65690393" lon="-116.570822">
      </trkpt>
      <trkpt lat="50.65689841" lon="-116.57081777">
      </trkpt>
      <trkpt lat="50.65689291" lon="-116.57081353">
      </trkpt>
      <trkpt lat="50.65688052" lon="-116.57080831">
      </trkpt>
      <trkpt lat="50.65687435" lon="-116.57080731">
      </trkpt>
      <trkpt lat="50.65687024" lon="-116.57080628">
      </trkpt>
      <trkpt lat="50.65686612" lon="-116.57080634">
      </trkpt>
      <trkpt lat="50.65686132" lon="-116.57080639">
      </trkpt>
      <trkpt lat="50.65685584" lon="-116.57080645">
      </trkpt>
      <trkpt lat="50.65684831" lon="-116.57080654">
      </trkpt>
      <trkpt lat="50.65684284" lon="-116.5708066">
      </trkpt>
      <trkpt lat="50.65683805" lon="-116.57080772">
      </trkpt>
      <trkpt lat="50.65683259" lon="-116.57080777">
      </trkpt>
      <trkpt lat="50.65682576" lon="-116.57080784">
      </trkpt>
      <trkpt lat="50.65682302" lon="-116.57081002">
      </trkpt>
      <trkpt lat="50.6568196" lon="-116.57081433">
      </trkpt>
      <trkpt lat="50.65681821" lon="-116.5708186">
      </trkpt>
      <trkpt lat="50.65681409" lon="-116.57082613">
      </trkpt>
      <trkpt lat="50.65681272" lon="-116.57082827">
      </trkpt>
      <trkpt lat="50.65681065" lon="-116.57083258">
      </trkpt>
      <trkpt lat="50.65680927" lon="-116.57083794">
      </trkpt>
      <trkpt lat="50.65680789" lon="-116.5708433">
      </trkpt>
      <trkpt lat="50.65680786" lon="-116.57084865">
      </trkpt>
      <trkpt lat="50.65680777" lon="-116.57086903">
      </trkpt>
      <trkpt lat="50.65680911" lon="-116.57087653">
      </trkpt>
      <trkpt lat="50.6568097" lon="-116.57090019">
      </trkpt>
      <trkpt lat="50.65680967" lon="-116.57090773">
      </trkpt>
      <trkpt lat="50.65680966" lon="-116.57090989">
      </trkpt>
      <trkpt lat="50.65680895" lon="-116.57091529">
      </trkpt>
      <trkpt lat="50.65680825" lon="-116.57091961">
      </trkpt>
      <trkpt lat="50.65681097" lon="-116.57092501">
      </trkpt>
      <trkpt lat="50.65681438" lon="-116.5709304">
      </trkpt>
      <trkpt lat="50.65695241" lon="-116.57098896">
      </trkpt>
      <trkpt lat="50.6570852" lon="-116.57109828">
      </trkpt>
      <trkpt lat="50.657172" lon="-116.57107">
      </trkpt>
      <trkpt lat="50.6572347" lon="-116.57110872">
      </trkpt>
      <trkpt lat="50.65728091" lon="-116.57128561">
      </trkpt>
      <trkpt lat="50.65743046" lon="-116.57157308">
      </trkpt>
      <trkpt lat="50.65753998" lon="-116.57190628">
      </trkpt>
      <trkpt lat="50.65757571" lon="-116.57218243">
      </trkpt>
      <trkpt lat="50.65778675" lon="-116.57255769">
      </trkpt>
      <trkpt lat="50.65786661" lon="-116.57281492">
      </trkpt>
      <trkpt lat="50.65792578" lon="-116.57308596">
      </trkpt>
      <trkpt lat="50.65797095" lon="-116.57349639">
      </trkpt>
      <trkpt lat="50.65789969" lon="-116.57388602">
      </trkpt>
      <trkpt lat="50.65781017" lon="-116.57419726">
      </trkpt>
      <trkpt lat="50.65766826" lon="-116.57457438">
      </trkpt>
      <trkpt lat="50.65759277" lon="-116.57484614">
      </trkpt>
      <trkpt lat="50.65752115" lon="-116.57529977">
      </trkpt>
      <trkpt lat="50.65749542" lon="-116.57554275">
      </trkpt>
      <trkpt lat="50.65752827" lon="-116.57606571">
      </trkpt>
      <trkpt lat="50.65754586" lon="-116.57640917">
      </trkpt>
      <trkpt lat="50.65755502" lon="-116.57651688">
      </trkpt>
      <trkpt lat="50.65757872" lon="-116.57693214">
      </trkpt>
      <trkpt lat="50.65755984" lon="-116.57725589">
      </trkpt>
      <trkpt lat="50.65763517" lon="-116.57759631">
      </trkpt>
      <trkpt lat="50.65766496" lon="-116.57808338">
      </trkpt>
      <trkpt lat="50.65770198" lon="-116.5785872">
      </trkpt>
      <trkpt lat="50.6577485" lon="-116.57913469">
      </trkpt>
      <trkpt lat="50.6577646" lon="-116.57959723">
      </trkpt>
      <trkpt lat="50.65779135" lon="-116.58004841">
      </trkpt>
      <trkpt lat="50.65778883" lon="-116.5804966">
      </trkpt>
      <trkpt lat="50.65781825" lon="-116.5810477">
      </trkpt>
      <trkpt lat="50.65782449" lon="-116.5815306">
      </trkpt>
      <trkpt lat="50.657833" lon="-116.58204043">
      </trkpt>
      <trkpt lat="50.6578229" lon="-116.58253592">
      </trkpt>
      <trkpt lat="50.65784786" lon="-116.58344427">
      </trkpt>
      <trkpt lat="50.65786098" lon="-116.58414498">
      </trkpt>
      <trkpt lat="50.65785664" lon="-116.58491332">
      </trkpt>
      <trkpt lat="50.65783288" lon="-116.58552131">
      </trkpt>
      <trkpt lat="50.65784482" lon="-116.58614004">
      </trkpt>
      <trkpt lat="50.65781336" lon="-116.58638421">
      </trkpt>
      <trkpt lat="50.65779526" lon="-116.58685396">
      </trkpt>
      <trkpt lat="50.65779729" lon="-116.58735602">
      </trkpt>
      <trkpt lat="50.65779053" lon="-116.58768633">
      </trkpt>
      <trkpt lat="50.65774089" lon="-116.58812619">
      </trkpt>
      <trkpt lat="50.65772772" lon="-116.58858576">
      </trkpt>
      <trkpt lat="50.65773004" lon="-116.58890812">
      </trkpt>
      <trkpt lat="50.65767435" lon="-116.58939183">
      </trkpt>
      <trkpt lat="50.65764669" lon="-116.58968088">
      </trkpt>
      <trkpt lat="50.65760389" lon="-116.59020149">
      </trkpt>
      <trkpt lat="50.65759482" lon="-116.59036786">
      </trkpt>
      <trkpt lat="50.65759224" lon="-116.59067903">
      </trkpt>
      <trkpt lat="50.65759382" lon="-116.59097103">
      </trkpt>
      <trkpt lat="50.65756692" lon="-116.59126905">
      </trkpt>
      <trkpt lat="50.65751382" lon="-116.5916">
      </trkpt>
      <trkpt lat="50.65746674" lon="-116.59172868">
      </trkpt>
      <trkpt lat="50.65738208" lon="-116.59189268">
      </trkpt>
    </trkseg>
    <trkseg>
      <trkpt lat="50.65778915" lon="-116.53389016">
      </trkpt>
      <trkpt lat="50.65801885" lon="-116.53395154">
      </trkpt>
      <trkpt lat="50.65815214" lon="-116.53423">
      </trkpt>
      <trkpt lat="50.65831735" lon="-116.53459753">
      </trkpt>
      <trkpt lat="50.65844582" lon="-116.5348195">
      </trkpt>
      <trkpt lat="50.65863884" lon="-116.53508529">
      </trkpt>
      <trkpt lat="50.65878477" lon="-116.53522688">
      </trkpt>
      <trkpt lat="50.65898563" lon="-116.53529933">
      </trkpt>
      <trkpt lat="50.65920235" lon="-116.53527258">
      </trkpt>
      <trkpt lat="50.65941517" lon="-116.53534249">
      </trkpt>
      <trkpt lat="50.65969485" lon="-116.53534073">
      </trkpt>
      <trkpt lat="50.65998741" lon="-116.53548961">
      </trkpt>
      <trkpt lat="50.66014047" lon="-116.53557219">
      </trkpt>
      <trkpt lat="50.66047851" lon="-116.53582643">
      </trkpt>
      <trkpt lat="50.66068811" lon="-116.53615172">
      </trkpt>
      <trkpt lat="50.66079492" lon="-116.53631159">
      </trkpt>
      <trkpt lat="50.66098429" lon="-116.53662024">
      </trkpt>
      <trkpt lat="50.66114216" lon="-116.53675932">
      </trkpt>
      <trkpt lat="50.66122994" lon="-116.53693242">
      </trkpt>
      <trkpt lat="50.66133679" lon="-116.53704396">
      </trkpt>
      <trkpt lat="50.66143582" lon="-116.53734888">
      </trkpt>
      <trkpt lat="50.66151416" lon="-116.5376965">
      </trkpt>
      <trkpt lat="50.66157141" lon="-116.53789141">
      </trkpt>
      <trkpt lat="50.66170523" lon="-116.53805226">
      </trkpt>
      <trkpt lat="50.66181687" lon="-116.53820923">
      </trkpt>
      <trkpt lat="50.66194141" lon="-116.53838926">
      </trkpt>
      <trkpt lat="50.66204202" lon="-116.53860876">
      </trkpt>
      <trkpt lat="50.66217625" lon="-116.53883835">
      </trkpt>
      <trkpt lat="50.66226717" lon="-116.53900831">
      </trkpt>
      <trkpt lat="50.66234201" lon="-116.53918166">
      </trkpt>
      <trkpt lat="50.66244983" lon="-116.53948565">
      </trkpt>
      <trkpt lat="50.66253868" lon="-116.53975926">
      </trkpt>
      <trkpt lat="50.66259104" lon="-116.53998898">
      </trkpt>
      <trkpt lat="50.66262987" lon="-116.54031618">
      </trkpt>
      <trkpt lat="50.66266663" lon="-116.54074703">
      </trkpt>
      <trkpt lat="50.66265977" lon="-116.54117852">
      </trkpt>
      <trkpt lat="50.66264796" lon="-116.54167986">
      </trkpt>
      <trkpt lat="50.66264741" lon="-116.5419294">
      </trkpt>
      <trkpt lat="50.66275129" lon="-116.54225143">
      </trkpt>
      <trkpt lat="50.66285262" lon="-116.5424794">
      </trkpt>
      <trkpt lat="50.66291033" lon="-116.542708">
      </trkpt>
      <trkpt lat="50.66295236" lon="-116.54300872">
      </trkpt>
      <trkpt lat="50.6629975" lon="-116.54315398">
      </trkpt>
      <trkpt lat="50.66305377" lon="-116.54336569">
      </trkpt>
      <trkpt lat="50.66310651" lon="-116.54366414">
      </trkpt>
      <trkpt lat="50.66314493" lon="-116.54392263">
      </trkpt>
      <trkpt lat="50.66318583" lon="-116.54414619">
      </trkpt>
      <trkpt lat="50.66324034" lon="-116.54440127">
      </trkpt>
      <trkpt lat="50.6633427" lon="-116.54457742">
      </trkpt>
      <trkpt lat="50.66347123" lon="-116.54486843">
      </trkpt>
      <trkpt lat="50.66357751" lon="-116.54502656">
      </trkpt>
      <trkpt lat="50.6636541" lon="-116.54515655">
      </trkpt>
      <trkpt lat="50.66376006" lon="-116.54537494">
      </trkpt>
      <trkpt lat="50.66386186" lon="-116.54580064">
      </trkpt>
      <trkpt lat="50.66394341" lon="-116.54586078">
      </trkpt>
      <trkpt lat="50.66404641" lon="-116.54591638">
      </trkpt>
      <trkpt lat="50.66418518" lon="-116.54600742">
      </trkpt>
      <trkpt lat="50.66430354" lon="-116.54605117">
      </trkpt>
      <trkpt lat="50.66439501" lon="-116.5459716">
      </trkpt>
      <trkpt lat="50.66444326" lon="-116.54596139">
      </trkpt>
      <trkpt lat="50.66451153" lon="-116.54592974">
      </trkpt>
      <trkpt lat="50.66456834" lon="-116.54589191">
      </trkpt>
      <trkpt lat="50.66463301" lon="-116.54581801">
      </trkpt>
      <trkpt lat="50.6646723" lon="-116.54576669">
      </trkpt>
      <trkpt lat="50.66470119" lon="-116.54565736">
      </trkpt>
    </trkseg>
  </trk>
</gpx>