<?xml version="1.0" encoding="UTF-8"?>
<gpx xmlns="http://www.topografix.com/GPX/1/1" xmlns:xsi="http://www.w3.org/2001/XMLSchema-instance" xsi:schemaLocation="http://www.topografix.com/GPX/1/1 http://www.topografix.com/GPX/1/1/gpx.xsd" version="1.1" creator="gpx.py -- https://github.com/tkrajina/gpxpy">
  <trk>
    <name>Gorman Lake</name>
    <trkseg>
      <trkpt lat="51.34298119" lon="-117.15608923">
      </trkpt>
      <trkpt lat="51.34298033" lon="-117.15608988">
      </trkpt>
      <trkpt lat="51.34297673" lon="-117.15609424">
      </trkpt>
      <trkpt lat="51.34297505" lon="-117.15610169">
      </trkpt>
      <trkpt lat="51.34297396" lon="-117.15610723">
      </trkpt>
      <trkpt lat="51.3429727" lon="-117.15611133">
      </trkpt>
      <trkpt lat="51.34297253" lon="-117.15611503">
      </trkpt>
      <trkpt lat="51.34297522" lon="-117.15612089">
      </trkpt>
      <trkpt lat="51.34297756" lon="-117.15612936">
      </trkpt>
      <trkpt lat="51.34297865" lon="-117.15614025">
      </trkpt>
      <trkpt lat="51.34298167" lon="-117.15614428">
      </trkpt>
      <trkpt lat="51.34298544" lon="-117.15614805">
      </trkpt>
      <trkpt lat="51.34298771" lon="-117.15614864">
      </trkpt>
      <trkpt lat="51.34298955" lon="-117.15615677">
      </trkpt>
      <trkpt lat="51.3429981" lon="-117.15617445">
      </trkpt>
      <trkpt lat="51.34300196" lon="-117.15618468">
      </trkpt>
      <trkpt lat="51.34301428" lon="-117.15620261">
      </trkpt>
      <trkpt lat="51.3430224" lon="-117.15621939">
      </trkpt>
      <trkpt lat="51.34303213" lon="-117.15624092">
      </trkpt>
      <trkpt lat="51.34304219" lon="-117.15625869">
      </trkpt>
      <trkpt lat="51.34304738" lon="-117.15627302">
      </trkpt>
      <trkpt lat="51.34305787" lon="-117.15628384">
      </trkpt>
      <trkpt lat="51.34306558" lon="-117.15630026">
      </trkpt>
      <trkpt lat="51.34307505" lon="-117.15630948">
      </trkpt>
      <trkpt lat="51.34308317" lon="-117.1563208">
      </trkpt>
      <trkpt lat="51.34309047" lon="-117.15632977">
      </trkpt>
      <trkpt lat="51.34309743" lon="-117.15633966">
      </trkpt>
      <trkpt lat="51.34310287" lon="-117.15635131">
      </trkpt>
      <trkpt lat="51.34310698" lon="-117.15635961">
      </trkpt>
      <trkpt lat="51.34311016" lon="-117.15636631">
      </trkpt>
      <trkpt lat="51.34311335" lon="-117.15636765">
      </trkpt>
      <trkpt lat="51.34311235" lon="-117.15637579">
      </trkpt>
      <trkpt lat="51.34311586" lon="-117.15638509">
      </trkpt>
      <trkpt lat="51.34311461" lon="-117.15638953">
      </trkpt>
      <trkpt lat="51.34311394" lon="-117.15639363">
      </trkpt>
      <trkpt lat="51.34311294" lon="-117.15639565">
      </trkpt>
      <trkpt lat="51.34311327" lon="-117.15639791">
      </trkpt>
      <trkpt lat="51.34311318" lon="-117.15639959">
      </trkpt>
      <trkpt lat="51.34311268" lon="-117.15640059">
      </trkpt>
      <trkpt lat="51.34311226" lon="-117.15640034">
      </trkpt>
      <trkpt lat="51.34311176" lon="-117.15640218">
      </trkpt>
      <trkpt lat="51.34311051" lon="-117.15640445">
      </trkpt>
      <trkpt lat="51.343111" lon="-117.15640655">
      </trkpt>
      <trkpt lat="51.34311185" lon="-117.15640771">
      </trkpt>
      <trkpt lat="51.34311188" lon="-117.15640785">
      </trkpt>
      <trkpt lat="51.34311251" lon="-117.15640739">
      </trkpt>
      <trkpt lat="51.3431136" lon="-117.15640722">
      </trkpt>
      <trkpt lat="51.34311419" lon="-117.15640763">
      </trkpt>
      <trkpt lat="51.34311486" lon="-117.15640798">
      </trkpt>
      <trkpt lat="51.3431152" lon="-117.15640823">
      </trkpt>
      <trkpt lat="51.34311561" lon="-117.15640856">
      </trkpt>
      <trkpt lat="51.34311612" lon="-117.15640898">
      </trkpt>
      <trkpt lat="51.3431167" lon="-117.15640965">
      </trkpt>
      <trkpt lat="51.34311653" lon="-117.15641083">
      </trkpt>
      <trkpt lat="51.34311654" lon="-117.15641133">
      </trkpt>
      <trkpt lat="51.34311671" lon="-117.15641224">
      </trkpt>
      <trkpt lat="51.34311653" lon="-117.15641291">
      </trkpt>
      <trkpt lat="51.3431163" lon="-117.15641371">
      </trkpt>
      <trkpt lat="51.34311696" lon="-117.15641484">
      </trkpt>
      <trkpt lat="51.34311888" lon="-117.1564223">
      </trkpt>
      <trkpt lat="51.34311974" lon="-117.15642772">
      </trkpt>
      <trkpt lat="51.34311989" lon="-117.15642868">
      </trkpt>
      <trkpt lat="51.34311973" lon="-117.15642982">
      </trkpt>
      <trkpt lat="51.34312156" lon="-117.15643108">
      </trkpt>
      <trkpt lat="51.34312224" lon="-117.15643152">
      </trkpt>
      <trkpt lat="51.34312392" lon="-117.15643957">
      </trkpt>
      <trkpt lat="51.34312651" lon="-117.15644862">
      </trkpt>
      <trkpt lat="51.34313741" lon="-117.15646639">
      </trkpt>
      <trkpt lat="51.34314755" lon="-117.15648315">
      </trkpt>
      <trkpt lat="51.34315493" lon="-117.15649967">
      </trkpt>
      <trkpt lat="51.34316105" lon="-117.15651745">
      </trkpt>
      <trkpt lat="51.34316557" lon="-117.15653412">
      </trkpt>
      <trkpt lat="51.34317102" lon="-117.1565492">
      </trkpt>
      <trkpt lat="51.34317973" lon="-117.15656412">
      </trkpt>
      <trkpt lat="51.34318895" lon="-117.15657636">
      </trkpt>
      <trkpt lat="51.34319608" lon="-117.15658718">
      </trkpt>
      <trkpt lat="51.34320547" lon="-117.15659942">
      </trkpt>
      <trkpt lat="51.34321553" lon="-117.1566166">
      </trkpt>
      <trkpt lat="51.343224" lon="-117.15663445">
      </trkpt>
      <trkpt lat="51.34323254" lon="-117.15664995">
      </trkpt>
      <trkpt lat="51.34324311" lon="-117.15666404">
      </trkpt>
      <trkpt lat="51.3432493" lon="-117.15667754">
      </trkpt>
      <trkpt lat="51.34325945" lon="-117.15668819">
      </trkpt>
      <trkpt lat="51.34326431" lon="-117.15670017">
      </trkpt>
      <trkpt lat="51.34326791" lon="-117.15670947">
      </trkpt>
      <trkpt lat="51.34327814" lon="-117.15671894">
      </trkpt>
      <trkpt lat="51.34328753" lon="-117.15672832">
      </trkpt>
      <trkpt lat="51.34329448" lon="-117.15673864">
      </trkpt>
      <trkpt lat="51.34330244" lon="-117.15675088">
      </trkpt>
      <trkpt lat="51.34330907" lon="-117.15676278">
      </trkpt>
      <trkpt lat="51.34331359" lon="-117.1567746">
      </trkpt>
      <trkpt lat="51.34332172" lon="-117.15678851">
      </trkpt>
      <trkpt lat="51.34332927" lon="-117.15680193">
      </trkpt>
      <trkpt lat="51.34333547" lon="-117.15681474">
      </trkpt>
      <trkpt lat="51.3433421" lon="-117.15682875">
      </trkpt>
      <trkpt lat="51.34334796" lon="-117.15684014">
      </trkpt>
      <trkpt lat="51.34335752" lon="-117.15684777">
      </trkpt>
      <trkpt lat="51.34336691" lon="-117.15685834">
      </trkpt>
      <trkpt lat="51.34337528" lon="-117.15686756">
      </trkpt>
      <trkpt lat="51.34338292" lon="-117.15687736">
      </trkpt>
      <trkpt lat="51.34339742" lon="-117.15688331">
      </trkpt>
      <trkpt lat="51.34341074" lon="-117.15689505">
      </trkpt>
      <trkpt lat="51.3434141" lon="-117.15690878">
      </trkpt>
      <trkpt lat="51.34341913" lon="-117.15692321">
      </trkpt>
      <trkpt lat="51.34342675" lon="-117.15693687">
      </trkpt>
      <trkpt lat="51.34343631" lon="-117.15694432">
      </trkpt>
      <trkpt lat="51.34344192" lon="-117.15695413">
      </trkpt>
      <trkpt lat="51.34345123" lon="-117.15696629">
      </trkpt>
      <trkpt lat="51.34346447" lon="-117.15697568">
      </trkpt>
      <trkpt lat="51.34346682" lon="-117.15698733">
      </trkpt>
      <trkpt lat="51.34346355" lon="-117.15700477">
      </trkpt>
      <trkpt lat="51.34347143" lon="-117.15701943">
      </trkpt>
      <trkpt lat="51.34347897" lon="-117.1570305">
      </trkpt>
      <trkpt lat="51.34348601" lon="-117.15704056">
      </trkpt>
      <trkpt lat="51.3434907" lon="-117.15705607">
      </trkpt>
      <trkpt lat="51.34349825" lon="-117.15707341">
      </trkpt>
      <trkpt lat="51.34350596" lon="-117.15708472">
      </trkpt>
      <trkpt lat="51.34351141" lon="-117.15709763">
      </trkpt>
      <trkpt lat="51.34351753" lon="-117.15710996">
      </trkpt>
      <trkpt lat="51.34352264" lon="-117.15711833">
      </trkpt>
      <trkpt lat="51.34353203" lon="-117.15713377">
      </trkpt>
      <trkpt lat="51.34354175" lon="-117.15714801">
      </trkpt>
      <trkpt lat="51.3435503" lon="-117.15716083">
      </trkpt>
      <trkpt lat="51.34355675" lon="-117.15717308">
      </trkpt>
      <trkpt lat="51.3435617" lon="-117.15718271">
      </trkpt>
      <trkpt lat="51.34356883" lon="-117.15719126">
      </trkpt>
      <trkpt lat="51.34357695" lon="-117.15720283">
      </trkpt>
      <trkpt lat="51.34358291" lon="-117.15721322">
      </trkpt>
      <trkpt lat="51.34359724" lon="-117.15722312">
      </trkpt>
      <trkpt lat="51.34360613" lon="-117.15723233">
      </trkpt>
      <trkpt lat="51.3436192" lon="-117.15724533">
      </trkpt>
      <trkpt lat="51.34362993" lon="-117.15725715">
      </trkpt>
      <trkpt lat="51.34363856" lon="-117.15727265">
      </trkpt>
      <trkpt lat="51.34364401" lon="-117.15728615">
      </trkpt>
      <trkpt lat="51.34365071" lon="-117.15730308">
      </trkpt>
      <trkpt lat="51.34365994" lon="-117.15731975">
      </trkpt>
      <trkpt lat="51.34366404" lon="-117.15733795">
      </trkpt>
      <trkpt lat="51.34367159" lon="-117.15735228">
      </trkpt>
      <trkpt lat="51.34368131" lon="-117.15736434">
      </trkpt>
      <trkpt lat="51.34368634" lon="-117.1573739">
      </trkpt>
      <trkpt lat="51.34369313" lon="-117.15738253">
      </trkpt>
      <trkpt lat="51.34369983" lon="-117.15739486">
      </trkpt>
      <trkpt lat="51.34371048" lon="-117.15740316">
      </trkpt>
      <trkpt lat="51.34372028" lon="-117.15740945">
      </trkpt>
      <trkpt lat="51.34372783" lon="-117.15742008">
      </trkpt>
      <trkpt lat="51.34373907" lon="-117.15742864">
      </trkpt>
      <trkpt lat="51.3437508" lon="-117.15743702">
      </trkpt>
      <trkpt lat="51.34375507" lon="-117.15744615">
      </trkpt>
      <trkpt lat="51.34375893" lon="-117.15745336">
      </trkpt>
      <trkpt lat="51.34376378" lon="-117.15746534">
      </trkpt>
      <trkpt lat="51.34377234" lon="-117.15747139">
      </trkpt>
      <trkpt lat="51.34378475" lon="-117.15748429">
      </trkpt>
      <trkpt lat="51.34379145" lon="-117.15749637">
      </trkpt>
      <trkpt lat="51.3437984" lon="-117.15751783">
      </trkpt>
      <trkpt lat="51.34380452" lon="-117.15753156">
      </trkpt>
      <trkpt lat="51.34381224" lon="-117.15754289">
      </trkpt>
      <trkpt lat="51.34382355" lon="-117.15755579">
      </trkpt>
      <trkpt lat="51.34383503" lon="-117.15756669">
      </trkpt>
      <trkpt lat="51.34384266" lon="-117.15757573">
      </trkpt>
      <trkpt lat="51.34384828" lon="-117.15758647">
      </trkpt>
      <trkpt lat="51.34386445" lon="-117.15759442">
      </trkpt>
      <trkpt lat="51.34388004" lon="-117.15760055">
      </trkpt>
      <trkpt lat="51.34389153" lon="-117.15761279">
      </trkpt>
      <trkpt lat="51.34390184" lon="-117.15762586">
      </trkpt>
      <trkpt lat="51.34391055" lon="-117.157634">
      </trkpt>
      <trkpt lat="51.34391801" lon="-117.1576422">
      </trkpt>
      <trkpt lat="51.34392833" lon="-117.15765227">
      </trkpt>
      <trkpt lat="51.3439383" lon="-117.15766157">
      </trkpt>
      <trkpt lat="51.34394643" lon="-117.15767347">
      </trkpt>
      <trkpt lat="51.34395297" lon="-117.15768252">
      </trkpt>
      <trkpt lat="51.34396009" lon="-117.15769015">
      </trkpt>
      <trkpt lat="51.34396328" lon="-117.15770054">
      </trkpt>
      <trkpt lat="51.34396939" lon="-117.1577122">
      </trkpt>
      <trkpt lat="51.34398339" lon="-117.15771966">
      </trkpt>
      <trkpt lat="51.34399353" lon="-117.1577283">
      </trkpt>
      <trkpt lat="51.34399496" lon="-117.15774488">
      </trkpt>
      <trkpt lat="51.3439994" lon="-117.15776249">
      </trkpt>
      <trkpt lat="51.34400544" lon="-117.15777515">
      </trkpt>
      <trkpt lat="51.34401223" lon="-117.15778604">
      </trkpt>
      <trkpt lat="51.34401851" lon="-117.1577961">
      </trkpt>
      <trkpt lat="51.34402229" lon="-117.15780389">
      </trkpt>
      <trkpt lat="51.34403033" lon="-117.15781144">
      </trkpt>
      <trkpt lat="51.34404056" lon="-117.15782032">
      </trkpt>
      <trkpt lat="51.34404952" lon="-117.15783717">
      </trkpt>
      <trkpt lat="51.34405447" lon="-117.15785704">
      </trkpt>
      <trkpt lat="51.3440564" lon="-117.1578759">
      </trkpt>
      <trkpt lat="51.34406294" lon="-117.15789173">
      </trkpt>
      <trkpt lat="51.34406964" lon="-117.157907">
      </trkpt>
      <trkpt lat="51.3440808" lon="-117.15792334">
      </trkpt>
      <trkpt lat="51.34408598" lon="-117.1579391">
      </trkpt>
      <trkpt lat="51.34409395" lon="-117.1579525">
      </trkpt>
      <trkpt lat="51.344103" lon="-117.1579676">
      </trkpt>
      <trkpt lat="51.3441139" lon="-117.15798092">
      </trkpt>
      <trkpt lat="51.34412136" lon="-117.15799802">
      </trkpt>
      <trkpt lat="51.34412849" lon="-117.15800799">
      </trkpt>
      <trkpt lat="51.34412823" lon="-117.15803079">
      </trkpt>
      <trkpt lat="51.34413109" lon="-117.15804806">
      </trkpt>
      <trkpt lat="51.34413812" lon="-117.15806248">
      </trkpt>
      <trkpt lat="51.34414575" lon="-117.15807229">
      </trkpt>
      <trkpt lat="51.34415002" lon="-117.15808997">
      </trkpt>
      <trkpt lat="51.34415816" lon="-117.15810162">
      </trkpt>
      <trkpt lat="51.3441507" lon="-117.15812409">
      </trkpt>
      <trkpt lat="51.34414039" lon="-117.15815157">
      </trkpt>
      <trkpt lat="51.34414801" lon="-117.15816759">
      </trkpt>
      <trkpt lat="51.34415061" lon="-117.15818778">
      </trkpt>
      <trkpt lat="51.34415355" lon="-117.15820598">
      </trkpt>
      <trkpt lat="51.34415288" lon="-117.15822801">
      </trkpt>
      <trkpt lat="51.34415497" lon="-117.1582499">
      </trkpt>
      <trkpt lat="51.34415187" lon="-117.15827538">
      </trkpt>
      <trkpt lat="51.34415623" lon="-117.15829542">
      </trkpt>
      <trkpt lat="51.34416209" lon="-117.15831343">
      </trkpt>
      <trkpt lat="51.34416788" lon="-117.1583296">
      </trkpt>
      <trkpt lat="51.34417333" lon="-117.15834101">
      </trkpt>
      <trkpt lat="51.34417844" lon="-117.15835265">
      </trkpt>
      <trkpt lat="51.34418439" lon="-117.15836658">
      </trkpt>
      <trkpt lat="51.34418515" lon="-117.1583861">
      </trkpt>
      <trkpt lat="51.34418942" lon="-117.15840102">
      </trkpt>
      <trkpt lat="51.34418858" lon="-117.15842097">
      </trkpt>
      <trkpt lat="51.34419252" lon="-117.15843496">
      </trkpt>
      <trkpt lat="51.34419839" lon="-117.1584498">
      </trkpt>
      <trkpt lat="51.34419168" lon="-117.15846364">
      </trkpt>
      <trkpt lat="51.3441947" lon="-117.15847588">
      </trkpt>
      <trkpt lat="51.34419327" lon="-117.15849037">
      </trkpt>
      <trkpt lat="51.34419956" lon="-117.15850093">
      </trkpt>
      <trkpt lat="51.34419956" lon="-117.15851493">
      </trkpt>
      <trkpt lat="51.34421029" lon="-117.15852465">
      </trkpt>
      <trkpt lat="51.34421339" lon="-117.15853665">
      </trkpt>
      <trkpt lat="51.34421532" lon="-117.15854914">
      </trkpt>
      <trkpt lat="51.34422404" lon="-117.15855944">
      </trkpt>
      <trkpt lat="51.34422739" lon="-117.15857017">
      </trkpt>
      <trkpt lat="51.3442294" lon="-117.15858937">
      </trkpt>
      <trkpt lat="51.34422991" lon="-117.15860705">
      </trkpt>
      <trkpt lat="51.34422839" lon="-117.1586254">
      </trkpt>
      <trkpt lat="51.34423477" lon="-117.15863965">
      </trkpt>
      <trkpt lat="51.34423611" lon="-117.15865767">
      </trkpt>
      <trkpt lat="51.34423217" lon="-117.1586752">
      </trkpt>
      <trkpt lat="51.34423124" lon="-117.15868919">
      </trkpt>
      <trkpt lat="51.34422798" lon="-117.15870964">
      </trkpt>
      <trkpt lat="51.34423443" lon="-117.15872189">
      </trkpt>
      <trkpt lat="51.34424281" lon="-117.15873344">
      </trkpt>
      <trkpt lat="51.34425153" lon="-117.15874719">
      </trkpt>
      <trkpt lat="51.3442507" lon="-117.15876387">
      </trkpt>
      <trkpt lat="51.34424617" lon="-117.15878365">
      </trkpt>
      <trkpt lat="51.34424977" lon="-117.15879892">
      </trkpt>
      <trkpt lat="51.34425421" lon="-117.15881181">
      </trkpt>
      <trkpt lat="51.34425278" lon="-117.15882984">
      </trkpt>
      <trkpt lat="51.34425723" lon="-117.15884409">
      </trkpt>
      <trkpt lat="51.34425648" lon="-117.15886262">
      </trkpt>
      <trkpt lat="51.34425832" lon="-117.15888264">
      </trkpt>
      <trkpt lat="51.34426344" lon="-117.15889681">
      </trkpt>
      <trkpt lat="51.34426687" lon="-117.15891039">
      </trkpt>
      <trkpt lat="51.34426737" lon="-117.15892657">
      </trkpt>
      <trkpt lat="51.34427165" lon="-117.15894283">
      </trkpt>
      <trkpt lat="51.34426963" lon="-117.15896478">
      </trkpt>
      <trkpt lat="51.34427282" lon="-117.15898213">
      </trkpt>
      <trkpt lat="51.34427877" lon="-117.15899882">
      </trkpt>
      <trkpt lat="51.34428455" lon="-117.15901777">
      </trkpt>
      <trkpt lat="51.3442838" lon="-117.15904098">
      </trkpt>
      <trkpt lat="51.34428204" lon="-117.15905732">
      </trkpt>
      <trkpt lat="51.34427667" lon="-117.15907661">
      </trkpt>
      <trkpt lat="51.34427366" lon="-117.15909806">
      </trkpt>
      <trkpt lat="51.3442724" lon="-117.15912027">
      </trkpt>
      <trkpt lat="51.34427048" lon="-117.15913914">
      </trkpt>
      <trkpt lat="51.34427013" lon="-117.15915472">
      </trkpt>
      <trkpt lat="51.34426897" lon="-117.15917307">
      </trkpt>
      <trkpt lat="51.34426385" lon="-117.15919328">
      </trkpt>
      <trkpt lat="51.34425883" lon="-117.15921842">
      </trkpt>
      <trkpt lat="51.3442543" lon="-117.15923368">
      </trkpt>
      <trkpt lat="51.3442481" lon="-117.15924969">
      </trkpt>
      <trkpt lat="51.34424726" lon="-117.1592698">
      </trkpt>
      <trkpt lat="51.34423904" lon="-117.15928246">
      </trkpt>
      <trkpt lat="51.34424022" lon="-117.1592978">
      </trkpt>
      <trkpt lat="51.34423887" lon="-117.15931432">
      </trkpt>
      <trkpt lat="51.34423493" lon="-117.15933225">
      </trkpt>
      <trkpt lat="51.34423761" lon="-117.15935169">
      </trkpt>
      <trkpt lat="51.34423888" lon="-117.1593693">
      </trkpt>
      <trkpt lat="51.34423904" lon="-117.15938824">
      </trkpt>
      <trkpt lat="51.3442465" lon="-117.15940601">
      </trkpt>
      <trkpt lat="51.34424843" lon="-117.15942144">
      </trkpt>
      <trkpt lat="51.34424575" lon="-117.15943191">
      </trkpt>
      <trkpt lat="51.34424482" lon="-117.15944282">
      </trkpt>
      <trkpt lat="51.34424474" lon="-117.1594579">
      </trkpt>
      <trkpt lat="51.34424768" lon="-117.15947474">
      </trkpt>
      <trkpt lat="51.34425514" lon="-117.15949452">
      </trkpt>
      <trkpt lat="51.34425513" lon="-117.15951212">
      </trkpt>
      <trkpt lat="51.34425907" lon="-117.15952948">
      </trkpt>
      <trkpt lat="51.34425262" lon="-117.15955052">
      </trkpt>
      <trkpt lat="51.34424742" lon="-117.15956619">
      </trkpt>
      <trkpt lat="51.34425002" lon="-117.15958388">
      </trkpt>
      <trkpt lat="51.34424919" lon="-117.1595983">
      </trkpt>
      <trkpt lat="51.34424885" lon="-117.15961405">
      </trkpt>
      <trkpt lat="51.34425153" lon="-117.15962905">
      </trkpt>
      <trkpt lat="51.34425019" lon="-117.1596454">
      </trkpt>
      <trkpt lat="51.34424793" lon="-117.15966358">
      </trkpt>
      <trkpt lat="51.34424692" lon="-117.15968228">
      </trkpt>
      <trkpt lat="51.344246" lon="-117.1596993">
      </trkpt>
      <trkpt lat="51.34424583" lon="-117.15971531">
      </trkpt>
      <trkpt lat="51.3442501" lon="-117.15973332">
      </trkpt>
      <trkpt lat="51.34425195" lon="-117.15975193">
      </trkpt>
      <trkpt lat="51.34425137" lon="-117.15977021">
      </trkpt>
      <trkpt lat="51.34425681" lon="-117.15978806">
      </trkpt>
      <trkpt lat="51.34426158" lon="-117.15980558">
      </trkpt>
      <trkpt lat="51.34426947" lon="-117.15982217">
      </trkpt>
      <trkpt lat="51.34427466" lon="-117.15983667">
      </trkpt>
      <trkpt lat="51.34428406" lon="-117.15985461">
      </trkpt>
      <trkpt lat="51.34429134" lon="-117.15987137">
      </trkpt>
      <trkpt lat="51.3442983" lon="-117.15988638">
      </trkpt>
      <trkpt lat="51.34430014" lon="-117.15990357">
      </trkpt>
      <trkpt lat="51.34429168" lon="-117.15993357">
      </trkpt>
      <trkpt lat="51.34429134" lon="-117.15995335">
      </trkpt>
      <trkpt lat="51.34428699" lon="-117.15997103">
      </trkpt>
      <trkpt lat="51.34428665" lon="-117.15999291">
      </trkpt>
      <trkpt lat="51.34428581" lon="-117.1600028">
      </trkpt>
      <trkpt lat="51.34428388" lon="-117.1600261">
      </trkpt>
      <trkpt lat="51.34427852" lon="-117.16004169">
      </trkpt>
      <trkpt lat="51.34428447" lon="-117.16006215">
      </trkpt>
      <trkpt lat="51.34428137" lon="-117.1600836">
      </trkpt>
      <trkpt lat="51.34427265" lon="-117.16010775">
      </trkpt>
      <trkpt lat="51.34426913" lon="-117.16012594">
      </trkpt>
      <trkpt lat="51.34426" lon="-117.1601391">
      </trkpt>
      <trkpt lat="51.34425455" lon="-117.1601562">
      </trkpt>
      <trkpt lat="51.34425924" lon="-117.16017723">
      </trkpt>
      <trkpt lat="51.344261" lon="-117.16019701">
      </trkpt>
      <trkpt lat="51.34425119" lon="-117.16021965">
      </trkpt>
      <trkpt lat="51.34425044" lon="-117.16023808">
      </trkpt>
      <trkpt lat="51.3442491" lon="-117.16025619">
      </trkpt>
      <trkpt lat="51.34424114" lon="-117.16027186">
      </trkpt>
      <trkpt lat="51.3442449" lon="-117.1602929">
      </trkpt>
      <trkpt lat="51.34424617" lon="-117.16031562">
      </trkpt>
      <trkpt lat="51.34424742" lon="-117.16034">
      </trkpt>
      <trkpt lat="51.3442465" lon="-117.1603587">
      </trkpt>
      <trkpt lat="51.34425278" lon="-117.1603836">
      </trkpt>
      <trkpt lat="51.34425002" lon="-117.16040187">
      </trkpt>
      <trkpt lat="51.34424533" lon="-117.16041661">
      </trkpt>
      <trkpt lat="51.34425564" lon="-117.16042692">
      </trkpt>
      <trkpt lat="51.34425899" lon="-117.16044152">
      </trkpt>
      <trkpt lat="51.34425505" lon="-117.16046338">
      </trkpt>
      <trkpt lat="51.34425421" lon="-117.16048015">
      </trkpt>
      <trkpt lat="51.34425589" lon="-117.16049977">
      </trkpt>
      <trkpt lat="51.34425405" lon="-117.16051821">
      </trkpt>
      <trkpt lat="51.34425723" lon="-117.16053388">
      </trkpt>
      <trkpt lat="51.34424843" lon="-117.16055032">
      </trkpt>
      <trkpt lat="51.34424332" lon="-117.16056716">
      </trkpt>
      <trkpt lat="51.34424206" lon="-117.16058351">
      </trkpt>
      <trkpt lat="51.34423091" lon="-117.1605908">
      </trkpt>
      <trkpt lat="51.34422957" lon="-117.16059331">
      </trkpt>
      <trkpt lat="51.34422856" lon="-117.16059665">
      </trkpt>
      <trkpt lat="51.34422641" lon="-117.16059731">
      </trkpt>
      <trkpt lat="51.34422621" lon="-117.16059737">
      </trkpt>
      <trkpt lat="51.34419462" lon="-117.16060713">
      </trkpt>
      <trkpt lat="51.34419403" lon="-117.16060311">
      </trkpt>
      <trkpt lat="51.34417559" lon="-117.16060513">
      </trkpt>
      <trkpt lat="51.34416889" lon="-117.1606016">
      </trkpt>
      <trkpt lat="51.34416956" lon="-117.16059926">
      </trkpt>
      <trkpt lat="51.3441714" lon="-117.16059834">
      </trkpt>
      <trkpt lat="51.34417182" lon="-117.160597">
      </trkpt>
      <trkpt lat="51.34415983" lon="-117.16060411">
      </trkpt>
      <trkpt lat="51.34414893" lon="-117.16060914">
      </trkpt>
      <trkpt lat="51.34413879" lon="-117.16061435">
      </trkpt>
      <trkpt lat="51.34413133" lon="-117.16061837">
      </trkpt>
      <trkpt lat="51.34412572" lon="-117.16061937">
      </trkpt>
      <trkpt lat="51.34412386" lon="-117.16061988">
      </trkpt>
      <trkpt lat="51.34411926" lon="-117.16062264">
      </trkpt>
      <trkpt lat="51.34411902" lon="-117.16062353">
      </trkpt>
      <trkpt lat="51.34411884" lon="-117.1606234">
      </trkpt>
      <trkpt lat="51.34411641" lon="-117.16061753">
      </trkpt>
      <trkpt lat="51.34411725" lon="-117.16060261">
      </trkpt>
      <trkpt lat="51.344103" lon="-117.16059666">
      </trkpt>
      <trkpt lat="51.34410242" lon="-117.1605877">
      </trkpt>
      <trkpt lat="51.34410032" lon="-117.16058593">
      </trkpt>
      <trkpt lat="51.34409647" lon="-117.16058517">
      </trkpt>
      <trkpt lat="51.34409722" lon="-117.16058157">
      </trkpt>
      <trkpt lat="51.34409512" lon="-117.16057553">
      </trkpt>
      <trkpt lat="51.34408766" lon="-117.16057328">
      </trkpt>
      <trkpt lat="51.34408313" lon="-117.16056708">
      </trkpt>
      <trkpt lat="51.34408012" lon="-117.16056221">
      </trkpt>
      <trkpt lat="51.34407594" lon="-117.16056246">
      </trkpt>
      <trkpt lat="51.34407518" lon="-117.16056331">
      </trkpt>
      <trkpt lat="51.34407585" lon="-117.16056808">
      </trkpt>
      <trkpt lat="51.34408221" lon="-117.1605783">
      </trkpt>
      <trkpt lat="51.34407979" lon="-117.16059868">
      </trkpt>
      <trkpt lat="51.34407693" lon="-117.16062725">
      </trkpt>
      <trkpt lat="51.34408121" lon="-117.16064712">
      </trkpt>
      <trkpt lat="51.34408649" lon="-117.16066833">
      </trkpt>
      <trkpt lat="51.34408415" lon="-117.16068869">
      </trkpt>
      <trkpt lat="51.34408959" lon="-117.1607063">
      </trkpt>
      <trkpt lat="51.34409194" lon="-117.16072851">
      </trkpt>
      <trkpt lat="51.34409688" lon="-117.16074846">
      </trkpt>
      <trkpt lat="51.34409596" lon="-117.16077008">
      </trkpt>
      <trkpt lat="51.34410107" lon="-117.16079128">
      </trkpt>
      <trkpt lat="51.34410393" lon="-117.16081199">
      </trkpt>
      <trkpt lat="51.34410518" lon="-117.16083396">
      </trkpt>
      <trkpt lat="51.34410694" lon="-117.16085265">
      </trkpt>
      <trkpt lat="51.34410376" lon="-117.16086974">
      </trkpt>
      <trkpt lat="51.34410192" lon="-117.16088927">
      </trkpt>
      <trkpt lat="51.34410502" lon="-117.16090579">
      </trkpt>
      <trkpt lat="51.34410786" lon="-117.16093378">
      </trkpt>
      <trkpt lat="51.34411222" lon="-117.16095842">
      </trkpt>
      <trkpt lat="51.34412429" lon="-117.16097654">
      </trkpt>
      <trkpt lat="51.34412832" lon="-117.16099622">
      </trkpt>
      <trkpt lat="51.34412857" lon="-117.16101635">
      </trkpt>
      <trkpt lat="51.34413351" lon="-117.16103126">
      </trkpt>
      <trkpt lat="51.34412873" lon="-117.16105079">
      </trkpt>
      <trkpt lat="51.34412681" lon="-117.16106924">
      </trkpt>
      <trkpt lat="51.34412706" lon="-117.16108567">
      </trkpt>
      <trkpt lat="51.34412488" lon="-117.16110394">
      </trkpt>
      <trkpt lat="51.34412312" lon="-117.1611259">
      </trkpt>
      <trkpt lat="51.34412706" lon="-117.16114676">
      </trkpt>
      <trkpt lat="51.34413427" lon="-117.1611652">
      </trkpt>
      <trkpt lat="51.34414525" lon="-117.16118348">
      </trkpt>
      <trkpt lat="51.34414651" lon="-117.16120352">
      </trkpt>
      <trkpt lat="51.34414466" lon="-117.16122363">
      </trkpt>
      <trkpt lat="51.34414215" lon="-117.16124324">
      </trkpt>
      <trkpt lat="51.34414089" lon="-117.16126328">
      </trkpt>
      <trkpt lat="51.34413813" lon="-117.16128104">
      </trkpt>
      <trkpt lat="51.34413335" lon="-117.16129915">
      </trkpt>
      <trkpt lat="51.34413058" lon="-117.16131943">
      </trkpt>
      <trkpt lat="51.3441294" lon="-117.16134056">
      </trkpt>
      <trkpt lat="51.34413133" lon="-117.16136068">
      </trkpt>
      <trkpt lat="51.3441388" lon="-117.16137778">
      </trkpt>
      <trkpt lat="51.34414366" lon="-117.16139453">
      </trkpt>
      <trkpt lat="51.34414299" lon="-117.16141138">
      </trkpt>
      <trkpt lat="51.34414274" lon="-117.1614294">
      </trkpt>
      <trkpt lat="51.34413787" lon="-117.16144918">
      </trkpt>
      <trkpt lat="51.34413846" lon="-117.16146252">
      </trkpt>
      <trkpt lat="51.3441367" lon="-117.1614792">
      </trkpt>
      <trkpt lat="51.3441403" lon="-117.16149737">
      </trkpt>
      <trkpt lat="51.34414843" lon="-117.1615149">
      </trkpt>
      <trkpt lat="51.3441584" lon="-117.16153048">
      </trkpt>
      <trkpt lat="51.34416545" lon="-117.16154826">
      </trkpt>
      <trkpt lat="51.34416981" lon="-117.16156653">
      </trkpt>
      <trkpt lat="51.34416922" lon="-117.16158329">
      </trkpt>
      <trkpt lat="51.34416796" lon="-117.16159955">
      </trkpt>
      <trkpt lat="51.34417157" lon="-117.1616107">
      </trkpt>
      <trkpt lat="51.34417308" lon="-117.16162429">
      </trkpt>
      <trkpt lat="51.34417249" lon="-117.16164147">
      </trkpt>
      <trkpt lat="51.34418255" lon="-117.16165965">
      </trkpt>
      <trkpt lat="51.34419512" lon="-117.16167859">
      </trkpt>
      <trkpt lat="51.34420408" lon="-117.16169662">
      </trkpt>
      <trkpt lat="51.34420526" lon="-117.16171439">
      </trkpt>
      <trkpt lat="51.34420367" lon="-117.16173216">
      </trkpt>
      <trkpt lat="51.34420065" lon="-117.16174967">
      </trkpt>
      <trkpt lat="51.34419395" lon="-117.16176594">
      </trkpt>
      <trkpt lat="51.3441859" lon="-117.16178581">
      </trkpt>
      <trkpt lat="51.34418414" lon="-117.16180768">
      </trkpt>
      <trkpt lat="51.34418716" lon="-117.16182712">
      </trkpt>
      <trkpt lat="51.34419436" lon="-117.16184532">
      </trkpt>
      <trkpt lat="51.34420233" lon="-117.16186233">
      </trkpt>
      <trkpt lat="51.34420376" lon="-117.16187951">
      </trkpt>
      <trkpt lat="51.3441994" lon="-117.16189694">
      </trkpt>
      <trkpt lat="51.34419596" lon="-117.16191136">
      </trkpt>
      <trkpt lat="51.34419101" lon="-117.16192729">
      </trkpt>
      <trkpt lat="51.34418263" lon="-117.16194715">
      </trkpt>
      <trkpt lat="51.3441823" lon="-117.16196651">
      </trkpt>
      <trkpt lat="51.34418724" lon="-117.1619811">
      </trkpt>
      <trkpt lat="51.34419185" lon="-117.16199434">
      </trkpt>
      <trkpt lat="51.34419487" lon="-117.16200784">
      </trkpt>
      <trkpt lat="51.34419378" lon="-117.1620236">
      </trkpt>
      <trkpt lat="51.34419185" lon="-117.16204003">
      </trkpt>
      <trkpt lat="51.34418506" lon="-117.16205537">
      </trkpt>
      <trkpt lat="51.34417702" lon="-117.16207012">
      </trkpt>
      <trkpt lat="51.34416905" lon="-117.1620878">
      </trkpt>
      <trkpt lat="51.34416746" lon="-117.16210574">
      </trkpt>
      <trkpt lat="51.34417115" lon="-117.16212325">
      </trkpt>
      <trkpt lat="51.34417299" lon="-117.1621411">
      </trkpt>
      <trkpt lat="51.34416863" lon="-117.16215829">
      </trkpt>
      <trkpt lat="51.34416201" lon="-117.16217004">
      </trkpt>
      <trkpt lat="51.34415237" lon="-117.16218236">
      </trkpt>
      <trkpt lat="51.34413795" lon="-117.16220029">
      </trkpt>
      <trkpt lat="51.34412706" lon="-117.16222041">
      </trkpt>
      <trkpt lat="51.34412228" lon="-117.16223926">
      </trkpt>
      <trkpt lat="51.34412504" lon="-117.16225545">
      </trkpt>
      <trkpt lat="51.34412773" lon="-117.16227321">
      </trkpt>
      <trkpt lat="51.3441268" lon="-117.16229358">
      </trkpt>
      <trkpt lat="51.34412471" lon="-117.16231244">
      </trkpt>
      <trkpt lat="51.34412136" lon="-117.16233013">
      </trkpt>
      <trkpt lat="51.34411624" lon="-117.16234631">
      </trkpt>
      <trkpt lat="51.34411222" lon="-117.16236248">
      </trkpt>
      <trkpt lat="51.3441098" lon="-117.16237899">
      </trkpt>
      <trkpt lat="51.34411046" lon="-117.16239727">
      </trkpt>
      <trkpt lat="51.34411382" lon="-117.16242098">
      </trkpt>
      <trkpt lat="51.34411935" lon="-117.16244352">
      </trkpt>
      <trkpt lat="51.34412295" lon="-117.16246273">
      </trkpt>
      <trkpt lat="51.34412094" lon="-117.16248234">
      </trkpt>
      <trkpt lat="51.34411658" lon="-117.16249926">
      </trkpt>
      <trkpt lat="51.34411155" lon="-117.16251435">
      </trkpt>
      <trkpt lat="51.34410627" lon="-117.16252928">
      </trkpt>
      <trkpt lat="51.34410074" lon="-117.16254571">
      </trkpt>
      <trkpt lat="51.34409864" lon="-117.16256473">
      </trkpt>
      <trkpt lat="51.34410023" lon="-117.16258686">
      </trkpt>
      <trkpt lat="51.34410451" lon="-117.1626089">
      </trkpt>
      <trkpt lat="51.34410988" lon="-117.16262961">
      </trkpt>
      <trkpt lat="51.34411164" lon="-117.16264923">
      </trkpt>
      <trkpt lat="51.34411147" lon="-117.16266624">
      </trkpt>
      <trkpt lat="51.34410879" lon="-117.16268191">
      </trkpt>
      <trkpt lat="51.34410753" lon="-117.16269591">
      </trkpt>
      <trkpt lat="51.34410569" lon="-117.16271091">
      </trkpt>
      <trkpt lat="51.34410241" lon="-117.16272893">
      </trkpt>
      <trkpt lat="51.34410049" lon="-117.16275106">
      </trkpt>
      <trkpt lat="51.34410083" lon="-117.16277588">
      </trkpt>
      <trkpt lat="51.34410149" lon="-117.16280295">
      </trkpt>
      <trkpt lat="51.34409915" lon="-117.16282901">
      </trkpt>
      <trkpt lat="51.34409764" lon="-117.16285131">
      </trkpt>
      <trkpt lat="51.34409764" lon="-117.162869">
      </trkpt>
      <trkpt lat="51.34409344" lon="-117.16288634">
      </trkpt>
      <trkpt lat="51.34408641" lon="-117.1629047">
      </trkpt>
      <trkpt lat="51.34408238" lon="-117.16292214">
      </trkpt>
      <trkpt lat="51.34408087" lon="-117.16294133">
      </trkpt>
      <trkpt lat="51.34408264" lon="-117.16296338">
      </trkpt>
      <trkpt lat="51.34408783" lon="-117.16298392">
      </trkpt>
      <trkpt lat="51.34409252" lon="-117.16300236">
      </trkpt>
      <trkpt lat="51.34408992" lon="-117.16302137">
      </trkpt>
      <trkpt lat="51.3440818" lon="-117.16303748">
      </trkpt>
      <trkpt lat="51.3440745" lon="-117.16305038">
      </trkpt>
      <trkpt lat="51.34406688" lon="-117.16306371">
      </trkpt>
      <trkpt lat="51.34406143" lon="-117.16307879">
      </trkpt>
      <trkpt lat="51.34405648" lon="-117.16309791">
      </trkpt>
      <trkpt lat="51.34405296" lon="-117.16311475">
      </trkpt>
      <trkpt lat="51.34404768" lon="-117.1631285">
      </trkpt>
      <trkpt lat="51.34404257" lon="-117.16314459">
      </trkpt>
      <trkpt lat="51.34403519" lon="-117.16316186">
      </trkpt>
      <trkpt lat="51.34402522" lon="-117.1631782">
      </trkpt>
      <trkpt lat="51.34401566" lon="-117.16319362">
      </trkpt>
      <trkpt lat="51.34400737" lon="-117.16321206">
      </trkpt>
      <trkpt lat="51.34400594" lon="-117.1632306">
      </trkpt>
      <trkpt lat="51.3440041" lon="-117.16324677">
      </trkpt>
      <trkpt lat="51.34399462" lon="-117.16326026">
      </trkpt>
      <trkpt lat="51.34398582" lon="-117.16327551">
      </trkpt>
      <trkpt lat="51.34397552" lon="-117.16329094">
      </trkpt>
      <trkpt lat="51.34396319" lon="-117.1633067">
      </trkpt>
      <trkpt lat="51.34395138" lon="-117.16332564">
      </trkpt>
      <trkpt lat="51.34394484" lon="-117.16334803">
      </trkpt>
      <trkpt lat="51.34394374" lon="-117.1633709">
      </trkpt>
      <trkpt lat="51.34394626" lon="-117.16339102">
      </trkpt>
      <trkpt lat="51.34394425" lon="-117.16340972">
      </trkpt>
      <trkpt lat="51.34393621" lon="-117.16342664">
      </trkpt>
      <trkpt lat="51.34392212" lon="-117.16344274">
      </trkpt>
      <trkpt lat="51.34391063" lon="-117.16345716">
      </trkpt>
      <trkpt lat="51.34389849" lon="-117.16347392">
      </trkpt>
      <trkpt lat="51.34389086" lon="-117.163489">
      </trkpt>
      <trkpt lat="51.3438891" lon="-117.16350376">
      </trkpt>
      <trkpt lat="51.34388533" lon="-117.16352186">
      </trkpt>
      <trkpt lat="51.34388641" lon="-117.16354273">
      </trkpt>
      <trkpt lat="51.34388465" lon="-117.16356084">
      </trkpt>
      <trkpt lat="51.34387837" lon="-117.16357609">
      </trkpt>
      <trkpt lat="51.34387199" lon="-117.16359344">
      </trkpt>
      <trkpt lat="51.34386739" lon="-117.16361189">
      </trkpt>
      <trkpt lat="51.34386487" lon="-117.16363267">
      </trkpt>
      <trkpt lat="51.34386529" lon="-117.16365472">
      </trkpt>
      <trkpt lat="51.34386471" lon="-117.16367131">
      </trkpt>
      <trkpt lat="51.34386345" lon="-117.16368338">
      </trkpt>
      <trkpt lat="51.34385834" lon="-117.16369519">
      </trkpt>
      <trkpt lat="51.34384786" lon="-117.16370877">
      </trkpt>
      <trkpt lat="51.34384316" lon="-117.16372411">
      </trkpt>
      <trkpt lat="51.34384249" lon="-117.16374072">
      </trkpt>
      <trkpt lat="51.34384426" lon="-117.16376049">
      </trkpt>
      <trkpt lat="51.3438461" lon="-117.16378255">
      </trkpt>
      <trkpt lat="51.34384769" lon="-117.16380098">
      </trkpt>
      <trkpt lat="51.34384417" lon="-117.16381572">
      </trkpt>
      <trkpt lat="51.34383503" lon="-117.16382847">
      </trkpt>
      <trkpt lat="51.34382648" lon="-117.16383945">
      </trkpt>
      <trkpt lat="51.34381969" lon="-117.16385152">
      </trkpt>
      <trkpt lat="51.34381584" lon="-117.16386669">
      </trkpt>
      <trkpt lat="51.34381811" lon="-117.16388195">
      </trkpt>
      <trkpt lat="51.34381894" lon="-117.16389569">
      </trkpt>
      <trkpt lat="51.34381609" lon="-117.16390944">
      </trkpt>
      <trkpt lat="51.34381199" lon="-117.16392436">
      </trkpt>
      <trkpt lat="51.34380821" lon="-117.16393869">
      </trkpt>
      <trkpt lat="51.34380075" lon="-117.16395194">
      </trkpt>
      <trkpt lat="51.34379673" lon="-117.16396694">
      </trkpt>
      <trkpt lat="51.34379647" lon="-117.1639858">
      </trkpt>
      <trkpt lat="51.34379874" lon="-117.16400726">
      </trkpt>
      <trkpt lat="51.34380117" lon="-117.16402737">
      </trkpt>
      <trkpt lat="51.34380309" lon="-117.16404305">
      </trkpt>
      <trkpt lat="51.34380553" lon="-117.16405545">
      </trkpt>
      <trkpt lat="51.3438015" lon="-117.1640687">
      </trkpt>
      <trkpt lat="51.34379807" lon="-117.16408412">
      </trkpt>
      <trkpt lat="51.34379907" lon="-117.16410349">
      </trkpt>
      <trkpt lat="51.34380528" lon="-117.16412544">
      </trkpt>
      <trkpt lat="51.34380947" lon="-117.16414766">
      </trkpt>
      <trkpt lat="51.34380997" lon="-117.16416776">
      </trkpt>
      <trkpt lat="51.34380469" lon="-117.16418663">
      </trkpt>
      <trkpt lat="51.34379631" lon="-117.16420239">
      </trkpt>
      <trkpt lat="51.3437891" lon="-117.1642189">
      </trkpt>
      <trkpt lat="51.34378332" lon="-117.16423608">
      </trkpt>
      <trkpt lat="51.34378289" lon="-117.16425259">
      </trkpt>
      <trkpt lat="51.3437834" lon="-117.16427103">
      </trkpt>
      <trkpt lat="51.34377812" lon="-117.1642842">
      </trkpt>
      <trkpt lat="51.34377409" lon="-117.16428956">
      </trkpt>
      <trkpt lat="51.34377081" lon="-117.16429252">
      </trkpt>
      <trkpt lat="51.34377035" lon="-117.16429293">
      </trkpt>
      <trkpt lat="51.34376908" lon="-117.16429331">
      </trkpt>
      <trkpt lat="51.3437684" lon="-117.16429338">
      </trkpt>
      <trkpt lat="51.34376236" lon="-117.16429393">
      </trkpt>
      <trkpt lat="51.34375993" lon="-117.16429375">
      </trkpt>
      <trkpt lat="51.34375667" lon="-117.1642961">
      </trkpt>
      <trkpt lat="51.34375548" lon="-117.16429602">
      </trkpt>
      <trkpt lat="51.34375155" lon="-117.16429862">
      </trkpt>
      <trkpt lat="51.3437492" lon="-117.16430054">
      </trkpt>
      <trkpt lat="51.34374887" lon="-117.16429978">
      </trkpt>
      <trkpt lat="51.34374845" lon="-117.16429802">
      </trkpt>
      <trkpt lat="51.3437456" lon="-117.16429845">
      </trkpt>
      <trkpt lat="51.34374443" lon="-117.16429861">
      </trkpt>
      <trkpt lat="51.34374459" lon="-117.16429852">
      </trkpt>
      <trkpt lat="51.34374703" lon="-117.1642966">
      </trkpt>
      <trkpt lat="51.34374636" lon="-117.16429601">
      </trkpt>
      <trkpt lat="51.34374292" lon="-117.16429886">
      </trkpt>
      <trkpt lat="51.34374325" lon="-117.1642997">
      </trkpt>
      <trkpt lat="51.34374342" lon="-117.16430012">
      </trkpt>
      <trkpt lat="51.34374208" lon="-117.16430122">
      </trkpt>
      <trkpt lat="51.34373998" lon="-117.16430348">
      </trkpt>
      <trkpt lat="51.34374183" lon="-117.16430355">
      </trkpt>
      <trkpt lat="51.34374057" lon="-117.16430624">
      </trkpt>
      <trkpt lat="51.34373948" lon="-117.16430784">
      </trkpt>
      <trkpt lat="51.34373856" lon="-117.16430859">
      </trkpt>
      <trkpt lat="51.34373814" lon="-117.1643096">
      </trkpt>
      <trkpt lat="51.34373705" lon="-117.1643111">
      </trkpt>
      <trkpt lat="51.34373613" lon="-117.16431278">
      </trkpt>
      <trkpt lat="51.34373563" lon="-117.16431411">
      </trkpt>
      <trkpt lat="51.34373454" lon="-117.16431555">
      </trkpt>
      <trkpt lat="51.34373277" lon="-117.16431731">
      </trkpt>
      <trkpt lat="51.34373177" lon="-117.16431822">
      </trkpt>
      <trkpt lat="51.34373119" lon="-117.16431864">
      </trkpt>
      <trkpt lat="51.34373034" lon="-117.1643194">
      </trkpt>
      <trkpt lat="51.34372958" lon="-117.16432048">
      </trkpt>
      <trkpt lat="51.34372892" lon="-117.16432124">
      </trkpt>
      <trkpt lat="51.34372849" lon="-117.16432216">
      </trkpt>
      <trkpt lat="51.34372774" lon="-117.16432401">
      </trkpt>
      <trkpt lat="51.34372632" lon="-117.16432593">
      </trkpt>
      <trkpt lat="51.34372481" lon="-117.16432803">
      </trkpt>
      <trkpt lat="51.34372347" lon="-117.16432971">
      </trkpt>
      <trkpt lat="51.34372255" lon="-117.16433063">
      </trkpt>
      <trkpt lat="51.34372145" lon="-117.16433172">
      </trkpt>
      <trkpt lat="51.34372045" lon="-117.16433205">
      </trkpt>
      <trkpt lat="51.34371995" lon="-117.16433231">
      </trkpt>
      <trkpt lat="51.34371936" lon="-117.16433298">
      </trkpt>
      <trkpt lat="51.34371852" lon="-117.16433357">
      </trkpt>
      <trkpt lat="51.34371727" lon="-117.16433415">
      </trkpt>
      <trkpt lat="51.34371609" lon="-117.16433416">
      </trkpt>
      <trkpt lat="51.34371547" lon="-117.16433449">
      </trkpt>
      <trkpt lat="51.3437176" lon="-117.16433498">
      </trkpt>
      <trkpt lat="51.34372674" lon="-117.16433382">
      </trkpt>
      <trkpt lat="51.34372464" lon="-117.16433532">
      </trkpt>
      <trkpt lat="51.34372926" lon="-117.16433734">
      </trkpt>
      <trkpt lat="51.34372364" lon="-117.16434966">
      </trkpt>
      <trkpt lat="51.34370427" lon="-117.16436969">
      </trkpt>
      <trkpt lat="51.34369824" lon="-117.16437891">
      </trkpt>
      <trkpt lat="51.34368701" lon="-117.16439098">
      </trkpt>
      <trkpt lat="51.34367636" lon="-117.16440313">
      </trkpt>
      <trkpt lat="51.34367033" lon="-117.1644178">
      </trkpt>
      <trkpt lat="51.34366555" lon="-117.16443206">
      </trkpt>
      <trkpt lat="51.34365851" lon="-117.16444488">
      </trkpt>
      <trkpt lat="51.34365306" lon="-117.16445988">
      </trkpt>
      <trkpt lat="51.34365021" lon="-117.16447966">
      </trkpt>
      <trkpt lat="51.34364778" lon="-117.1644961">
      </trkpt>
      <trkpt lat="51.34364241" lon="-117.16451018">
      </trkpt>
      <trkpt lat="51.34363621" lon="-117.16452342">
      </trkpt>
      <trkpt lat="51.3436275" lon="-117.16453834">
      </trkpt>
      <trkpt lat="51.34361794" lon="-117.16455209">
      </trkpt>
      <trkpt lat="51.34361165" lon="-117.16456659">
      </trkpt>
      <trkpt lat="51.34360629" lon="-117.16458486">
      </trkpt>
      <trkpt lat="51.34359992" lon="-117.16460204">
      </trkpt>
      <trkpt lat="51.34359849" lon="-117.16462056">
      </trkpt>
      <trkpt lat="51.34359774" lon="-117.16463808">
      </trkpt>
      <trkpt lat="51.34359364" lon="-117.16465149">
      </trkpt>
      <trkpt lat="51.34358584" lon="-117.16466181">
      </trkpt>
      <trkpt lat="51.34357486" lon="-117.16467547">
      </trkpt>
      <trkpt lat="51.34356748" lon="-117.16469248">
      </trkpt>
      <trkpt lat="51.34356455" lon="-117.16471067">
      </trkpt>
      <trkpt lat="51.3435653" lon="-117.1647302">
      </trkpt>
      <trkpt lat="51.34356388" lon="-117.16474998">
      </trkpt>
      <trkpt lat="51.34356052" lon="-117.16476783">
      </trkpt>
      <trkpt lat="51.34355257" lon="-117.16478519">
      </trkpt>
      <trkpt lat="51.34354293" lon="-117.1647991">
      </trkpt>
      <trkpt lat="51.34353538" lon="-117.16480983">
      </trkpt>
      <trkpt lat="51.34352423" lon="-117.16482164">
      </trkpt>
      <trkpt lat="51.34351443" lon="-117.16483598">
      </trkpt>
      <trkpt lat="51.34350496" lon="-117.16485275">
      </trkpt>
      <trkpt lat="51.34349951" lon="-117.16487051">
      </trkpt>
      <trkpt lat="51.34349649" lon="-117.16488786">
      </trkpt>
      <trkpt lat="51.34348995" lon="-117.1649058">
      </trkpt>
      <trkpt lat="51.34348861" lon="-117.16492323">
      </trkpt>
      <trkpt lat="51.3434871" lon="-117.16493764">
      </trkpt>
      <trkpt lat="51.3434845" lon="-117.16495072">
      </trkpt>
      <trkpt lat="51.34348023" lon="-117.16496631">
      </trkpt>
      <trkpt lat="51.34347126" lon="-117.16498048">
      </trkpt>
      <trkpt lat="51.34345944" lon="-117.16499439">
      </trkpt>
      <trkpt lat="51.3434488" lon="-117.16500889">
      </trkpt>
      <trkpt lat="51.34343765" lon="-117.16502491">
      </trkpt>
      <trkpt lat="51.34343304" lon="-117.16503923">
      </trkpt>
      <trkpt lat="51.34342734" lon="-117.16505415">
      </trkpt>
      <trkpt lat="51.3434265" lon="-117.16507142">
      </trkpt>
      <trkpt lat="51.34342667" lon="-117.16508895">
      </trkpt>
      <trkpt lat="51.34342566" lon="-117.16510486">
      </trkpt>
      <trkpt lat="51.34341862" lon="-117.16511718">
      </trkpt>
      <trkpt lat="51.34340998" lon="-117.16513329">
      </trkpt>
      <trkpt lat="51.34339943" lon="-117.16514888">
      </trkpt>
      <trkpt lat="51.34339138" lon="-117.16516556">
      </trkpt>
      <trkpt lat="51.34338443" lon="-117.1651829">
      </trkpt>
      <trkpt lat="51.34337746" lon="-117.16519993">
      </trkpt>
      <trkpt lat="51.34336967" lon="-117.16521819">
      </trkpt>
      <trkpt lat="51.34336439" lon="-117.16523546">
      </trkpt>
      <trkpt lat="51.3433602" lon="-117.16525089">
      </trkpt>
      <trkpt lat="51.34335635" lon="-117.16526672">
      </trkpt>
      <trkpt lat="51.3433524" lon="-117.16528416">
      </trkpt>
      <trkpt lat="51.34334805" lon="-117.16529798">
      </trkpt>
      <trkpt lat="51.34334276" lon="-117.16531576">
      </trkpt>
      <trkpt lat="51.34333689" lon="-117.16533319">
      </trkpt>
      <trkpt lat="51.34332885" lon="-117.16535104">
      </trkpt>
      <trkpt lat="51.34332005" lon="-117.16536898">
      </trkpt>
      <trkpt lat="51.34331486" lon="-117.1653849">
      </trkpt>
      <trkpt lat="51.3433099" lon="-117.16540218">
      </trkpt>
      <trkpt lat="51.34330228" lon="-117.16541977">
      </trkpt>
      <trkpt lat="51.34329625" lon="-117.16544056">
      </trkpt>
      <trkpt lat="51.34328627" lon="-117.16545673">
      </trkpt>
      <trkpt lat="51.34327663" lon="-117.16546998">
      </trkpt>
      <trkpt lat="51.34326707" lon="-117.16548524">
      </trkpt>
      <trkpt lat="51.34325694" lon="-117.16550125">
      </trkpt>
      <trkpt lat="51.3432473" lon="-117.1655186">
      </trkpt>
      <trkpt lat="51.34323991" lon="-117.16553603">
      </trkpt>
      <trkpt lat="51.3432354" lon="-117.16555422">
      </trkpt>
      <trkpt lat="51.34323078" lon="-117.16557241">
      </trkpt>
      <trkpt lat="51.34322668" lon="-117.16558876">
      </trkpt>
      <trkpt lat="51.34321804" lon="-117.16560317">
      </trkpt>
      <trkpt lat="51.34320765" lon="-117.1656176">
      </trkpt>
      <trkpt lat="51.34319491" lon="-117.1656351">
      </trkpt>
      <trkpt lat="51.34318552" lon="-117.16565279">
      </trkpt>
      <trkpt lat="51.34317857" lon="-117.16566947">
      </trkpt>
      <trkpt lat="51.34317387" lon="-117.16568675">
      </trkpt>
      <trkpt lat="51.34316876" lon="-117.16570443">
      </trkpt>
      <trkpt lat="51.34316364" lon="-117.16572429">
      </trkpt>
      <trkpt lat="51.34315962" lon="-117.16574281">
      </trkpt>
      <trkpt lat="51.34315384" lon="-117.16575899">
      </trkpt>
      <trkpt lat="51.34314444" lon="-117.16577466">
      </trkpt>
      <trkpt lat="51.3431369" lon="-117.16579076">
      </trkpt>
      <trkpt lat="51.34313464" lon="-117.16580945">
      </trkpt>
      <trkpt lat="51.34313054" lon="-117.16582647">
      </trkpt>
      <trkpt lat="51.34312836" lon="-117.165846">
      </trkpt>
      <trkpt lat="51.34312936" lon="-117.1658636">
      </trkpt>
      <trkpt lat="51.34312936" lon="-117.16587584">
      </trkpt>
      <trkpt lat="51.34312911" lon="-117.16588731">
      </trkpt>
      <trkpt lat="51.3431307" lon="-117.16589134">
      </trkpt>
      <trkpt lat="51.34313447" lon="-117.16589034">
      </trkpt>
      <trkpt lat="51.34313741" lon="-117.16589083">
      </trkpt>
      <trkpt lat="51.34313967" lon="-117.16589159">
      </trkpt>
      <trkpt lat="51.34314009" lon="-117.16589368">
      </trkpt>
      <trkpt lat="51.34314085" lon="-117.1658957">
      </trkpt>
      <trkpt lat="51.34314269" lon="-117.16589729">
      </trkpt>
      <trkpt lat="51.34314504" lon="-117.16589872">
      </trkpt>
      <trkpt lat="51.34314696" lon="-117.16589897">
      </trkpt>
      <trkpt lat="51.34314855" lon="-117.16589938">
      </trkpt>
      <trkpt lat="51.34314747" lon="-117.16590157">
      </trkpt>
      <trkpt lat="51.34314688" lon="-117.16590233">
      </trkpt>
      <trkpt lat="51.34314621" lon="-117.16590333">
      </trkpt>
      <trkpt lat="51.34314327" lon="-117.16590601">
      </trkpt>
      <trkpt lat="51.34313439" lon="-117.16591054">
      </trkpt>
      <trkpt lat="51.34313121" lon="-117.1659102">
      </trkpt>
      <trkpt lat="51.34312936" lon="-117.1659107">
      </trkpt>
      <trkpt lat="51.34312684" lon="-117.16591129">
      </trkpt>
      <trkpt lat="51.34312441" lon="-117.16591305">
      </trkpt>
      <trkpt lat="51.34311997" lon="-117.16591431">
      </trkpt>
      <trkpt lat="51.34311914" lon="-117.16591733">
      </trkpt>
      <trkpt lat="51.34311587" lon="-117.16591891">
      </trkpt>
      <trkpt lat="51.34311411" lon="-117.1659195">
      </trkpt>
      <trkpt lat="51.34311184" lon="-117.16591984">
      </trkpt>
      <trkpt lat="51.34311511" lon="-117.16592563">
      </trkpt>
      <trkpt lat="51.34311134" lon="-117.16593292">
      </trkpt>
      <trkpt lat="51.34310857" lon="-117.16594231">
      </trkpt>
      <trkpt lat="51.3431079" lon="-117.16595212">
      </trkpt>
      <trkpt lat="51.34310731" lon="-117.16596234">
      </trkpt>
      <trkpt lat="51.34310782" lon="-117.16597616">
      </trkpt>
      <trkpt lat="51.34310807" lon="-117.16598865">
      </trkpt>
      <trkpt lat="51.34310866" lon="-117.16600182">
      </trkpt>
      <trkpt lat="51.34310564" lon="-117.16601355">
      </trkpt>
      <trkpt lat="51.34310253" lon="-117.16602386">
      </trkpt>
      <trkpt lat="51.34310019" lon="-117.16603392">
      </trkpt>
      <trkpt lat="51.34309936" lon="-117.16604691">
      </trkpt>
      <trkpt lat="51.34310295" lon="-117.16606317">
      </trkpt>
      <trkpt lat="51.34310464" lon="-117.16607541">
      </trkpt>
      <trkpt lat="51.34310488" lon="-117.16608757">
      </trkpt>
      <trkpt lat="51.3431048" lon="-117.16610047">
      </trkpt>
      <trkpt lat="51.34310488" lon="-117.16611413">
      </trkpt>
      <trkpt lat="51.34310287" lon="-117.16612981">
      </trkpt>
      <trkpt lat="51.34310396" lon="-117.16614624">
      </trkpt>
      <trkpt lat="51.34310547" lon="-117.16616426">
      </trkpt>
      <trkpt lat="51.34310564" lon="-117.16618311">
      </trkpt>
      <trkpt lat="51.34310514" lon="-117.16620214">
      </trkpt>
      <trkpt lat="51.34310581" lon="-117.16622183">
      </trkpt>
      <trkpt lat="51.34310321" lon="-117.1662402">
      </trkpt>
      <trkpt lat="51.34310187" lon="-117.16625403">
      </trkpt>
      <trkpt lat="51.34310153" lon="-117.16626626">
      </trkpt>
      <trkpt lat="51.3431017" lon="-117.1662863">
      </trkpt>
      <trkpt lat="51.3431012" lon="-117.16630666">
      </trkpt>
      <trkpt lat="51.34310078" lon="-117.16631941">
      </trkpt>
      <trkpt lat="51.34310405" lon="-117.16633542">
      </trkpt>
      <trkpt lat="51.34310522" lon="-117.16635268">
      </trkpt>
      <trkpt lat="51.34310598" lon="-117.16636827">
      </trkpt>
      <trkpt lat="51.34310707" lon="-117.16638403">
      </trkpt>
      <trkpt lat="51.34311151" lon="-117.16639938">
      </trkpt>
      <trkpt lat="51.34311612" lon="-117.16641388">
      </trkpt>
      <trkpt lat="51.34311788" lon="-117.16642728">
      </trkpt>
      <trkpt lat="51.34311855" lon="-117.16644053">
      </trkpt>
      <trkpt lat="51.34311822" lon="-117.1664546">
      </trkpt>
      <trkpt lat="51.34311721" lon="-117.16646978">
      </trkpt>
      <trkpt lat="51.34312022" lon="-117.16648462">
      </trkpt>
      <trkpt lat="51.34312081" lon="-117.16649719">
      </trkpt>
      <trkpt lat="51.34312081" lon="-117.1665106">
      </trkpt>
      <trkpt lat="51.34312199" lon="-117.16652385">
      </trkpt>
      <trkpt lat="51.34312157" lon="-117.16653918">
      </trkpt>
      <trkpt lat="51.34312073" lon="-117.16655586">
      </trkpt>
      <trkpt lat="51.34312517" lon="-117.16657061">
      </trkpt>
      <trkpt lat="51.3431276" lon="-117.16658478">
      </trkpt>
      <trkpt lat="51.34312853" lon="-117.16659659">
      </trkpt>
      <trkpt lat="51.3431281" lon="-117.16661009">
      </trkpt>
      <trkpt lat="51.34312853" lon="-117.16662476">
      </trkpt>
      <trkpt lat="51.34312969" lon="-117.16663792">
      </trkpt>
      <trkpt lat="51.34313431" lon="-117.16664421">
      </trkpt>
      <trkpt lat="51.34313498" lon="-117.16665242">
      </trkpt>
      <trkpt lat="51.34313364" lon="-117.16666624">
      </trkpt>
      <trkpt lat="51.34313431" lon="-117.16668058">
      </trkpt>
      <trkpt lat="51.34313775" lon="-117.16669559">
      </trkpt>
      <trkpt lat="51.34314001" lon="-117.16671085">
      </trkpt>
      <trkpt lat="51.34314202" lon="-117.16672417">
      </trkpt>
      <trkpt lat="51.34314504" lon="-117.16673598">
      </trkpt>
      <trkpt lat="51.34314881" lon="-117.16674704">
      </trkpt>
      <trkpt lat="51.34314998" lon="-117.16675761">
      </trkpt>
      <trkpt lat="51.34314923" lon="-117.16677228">
      </trkpt>
      <trkpt lat="51.34315333" lon="-117.1667929">
      </trkpt>
      <trkpt lat="51.34315719" lon="-117.16681235">
      </trkpt>
      <trkpt lat="51.34315911" lon="-117.16682894">
      </trkpt>
      <trkpt lat="51.34315928" lon="-117.16684059">
      </trkpt>
      <trkpt lat="51.34315803" lon="-117.16685157">
      </trkpt>
      <trkpt lat="51.34315996" lon="-117.16686364">
      </trkpt>
      <trkpt lat="51.34316255" lon="-117.16687781">
      </trkpt>
      <trkpt lat="51.34316423" lon="-117.16689458">
      </trkpt>
      <trkpt lat="51.34316247" lon="-117.16691201">
      </trkpt>
      <trkpt lat="51.34315794" lon="-117.16692592">
      </trkpt>
      <trkpt lat="51.3431556" lon="-117.16693673">
      </trkpt>
      <trkpt lat="51.34315778" lon="-117.16694804">
      </trkpt>
      <trkpt lat="51.34315936" lon="-117.1669602">
      </trkpt>
      <trkpt lat="51.34316616" lon="-117.16697203">
      </trkpt>
      <trkpt lat="51.34317262" lon="-117.16698652">
      </trkpt>
      <trkpt lat="51.34317521" lon="-117.16700094">
      </trkpt>
      <trkpt lat="51.34317647" lon="-117.16701377">
      </trkpt>
      <trkpt lat="51.34317529" lon="-117.16702449">
      </trkpt>
      <trkpt lat="51.34317471" lon="-117.16704386">
      </trkpt>
      <trkpt lat="51.34317739" lon="-117.16706289">
      </trkpt>
      <trkpt lat="51.34318091" lon="-117.16707538">
      </trkpt>
      <trkpt lat="51.34317999" lon="-117.16708376">
      </trkpt>
      <trkpt lat="51.34317873" lon="-117.16709196">
      </trkpt>
      <trkpt lat="51.34317739" lon="-117.16710404">
      </trkpt>
      <trkpt lat="51.34317848" lon="-117.1671197">
      </trkpt>
      <trkpt lat="51.34318259" lon="-117.16713807">
      </trkpt>
      <trkpt lat="51.34318695" lon="-117.167155">
      </trkpt>
      <trkpt lat="51.34318879" lon="-117.16716765">
      </trkpt>
      <trkpt lat="51.3431882" lon="-117.16717772">
      </trkpt>
      <trkpt lat="51.34318829" lon="-117.16718818">
      </trkpt>
      <trkpt lat="51.34318702" lon="-117.16719942">
      </trkpt>
      <trkpt lat="51.34318703" lon="-117.16721267">
      </trkpt>
      <trkpt lat="51.34318988" lon="-117.16722884">
      </trkpt>
      <trkpt lat="51.34319105" lon="-117.1672441">
      </trkpt>
      <trkpt lat="51.34319038" lon="-117.16725675">
      </trkpt>
      <trkpt lat="51.34318636" lon="-117.16726657">
      </trkpt>
      <trkpt lat="51.34318418" lon="-117.16727461">
      </trkpt>
      <trkpt lat="51.34318586" lon="-117.1672866">
      </trkpt>
      <trkpt lat="51.34318753" lon="-117.16730009">
      </trkpt>
      <trkpt lat="51.34318862" lon="-117.16731526">
      </trkpt>
      <trkpt lat="51.34318728" lon="-117.16732842">
      </trkpt>
      <trkpt lat="51.34318401" lon="-117.16733907">
      </trkpt>
      <trkpt lat="51.34318066" lon="-117.16734753">
      </trkpt>
      <trkpt lat="51.34317898" lon="-117.16735759">
      </trkpt>
      <trkpt lat="51.34317756" lon="-117.16737049">
      </trkpt>
      <trkpt lat="51.3431799" lon="-117.16738475">
      </trkpt>
      <trkpt lat="51.34318116" lon="-117.167398">
      </trkpt>
      <trkpt lat="51.3431784" lon="-117.16740754">
      </trkpt>
      <trkpt lat="51.34317655" lon="-117.16741676">
      </trkpt>
      <trkpt lat="51.34317453" lon="-117.16742858">
      </trkpt>
      <trkpt lat="51.34317186" lon="-117.1674404">
      </trkpt>
      <trkpt lat="51.34317203" lon="-117.16745272">
      </trkpt>
      <trkpt lat="51.34317597" lon="-117.16746856">
      </trkpt>
      <trkpt lat="51.34317563" lon="-117.16748466">
      </trkpt>
      <trkpt lat="51.34317345" lon="-117.16749857">
      </trkpt>
      <trkpt lat="51.34317027" lon="-117.16751165">
      </trkpt>
      <trkpt lat="51.34316373" lon="-117.16752422">
      </trkpt>
      <trkpt lat="51.3431592" lon="-117.16753729">
      </trkpt>
      <trkpt lat="51.34316096" lon="-117.16755129">
      </trkpt>
      <trkpt lat="51.34316515" lon="-117.16756386">
      </trkpt>
      <trkpt lat="51.34316675" lon="-117.16757317">
      </trkpt>
      <trkpt lat="51.34316289" lon="-117.16758164">
      </trkpt>
      <trkpt lat="51.34316213" lon="-117.16759095">
      </trkpt>
      <trkpt lat="51.3431644" lon="-117.1676005">
      </trkpt>
      <trkpt lat="51.34316825" lon="-117.16761516">
      </trkpt>
      <trkpt lat="51.34316792" lon="-117.16763008">
      </trkpt>
      <trkpt lat="51.34316406" lon="-117.16764551">
      </trkpt>
      <trkpt lat="51.34315928" lon="-117.16765975">
      </trkpt>
      <trkpt lat="51.343154" lon="-117.16767183">
      </trkpt>
      <trkpt lat="51.34315015" lon="-117.16768893">
      </trkpt>
      <trkpt lat="51.34315082" lon="-117.16771114">
      </trkpt>
      <trkpt lat="51.34315174" lon="-117.16773109">
      </trkpt>
      <trkpt lat="51.34314822" lon="-117.16774609">
      </trkpt>
      <trkpt lat="51.34314185" lon="-117.16775934">
      </trkpt>
      <trkpt lat="51.34313263" lon="-117.16777383">
      </trkpt>
      <trkpt lat="51.34312877" lon="-117.16778951">
      </trkpt>
      <trkpt lat="51.34312995" lon="-117.16780845">
      </trkpt>
      <trkpt lat="51.34313339" lon="-117.16783017">
      </trkpt>
      <trkpt lat="51.34313581" lon="-117.16784693">
      </trkpt>
      <trkpt lat="51.3431354" lon="-117.16785966">
      </trkpt>
      <trkpt lat="51.34313439" lon="-117.16787098">
      </trkpt>
      <trkpt lat="51.34313263" lon="-117.1678823">
      </trkpt>
      <trkpt lat="51.34313431" lon="-117.16789739">
      </trkpt>
      <trkpt lat="51.34313866" lon="-117.16791255">
      </trkpt>
      <trkpt lat="51.34314269" lon="-117.16792915">
      </trkpt>
      <trkpt lat="51.34314143" lon="-117.16794257">
      </trkpt>
      <trkpt lat="51.34313548" lon="-117.16795303">
      </trkpt>
      <trkpt lat="51.34312836" lon="-117.16796586">
      </trkpt>
      <trkpt lat="51.34312433" lon="-117.16798179">
      </trkpt>
      <trkpt lat="51.34312392" lon="-117.16800064">
      </trkpt>
      <trkpt lat="51.34312651" lon="-117.16801742">
      </trkpt>
      <trkpt lat="51.34312509" lon="-117.16803083">
      </trkpt>
      <trkpt lat="51.34311896" lon="-117.16804357">
      </trkpt>
      <trkpt lat="51.34311033" lon="-117.16805882">
      </trkpt>
      <trkpt lat="51.34310698" lon="-117.16807365">
      </trkpt>
      <trkpt lat="51.34310966" lon="-117.1680889">
      </trkpt>
      <trkpt lat="51.34311193" lon="-117.16810584">
      </trkpt>
      <trkpt lat="51.3431131" lon="-117.16812093">
      </trkpt>
      <trkpt lat="51.34311352" lon="-117.16813475">
      </trkpt>
      <trkpt lat="51.34311326" lon="-117.16814716">
      </trkpt>
      <trkpt lat="51.3431126" lon="-117.16816075">
      </trkpt>
      <trkpt lat="51.34311452" lon="-117.16817616">
      </trkpt>
      <trkpt lat="51.34311888" lon="-117.16819519">
      </trkpt>
      <trkpt lat="51.34312425" lon="-117.16821288">
      </trkpt>
      <trkpt lat="51.34312978" lon="-117.16822604">
      </trkpt>
      <trkpt lat="51.34313388" lon="-117.16823786">
      </trkpt>
      <trkpt lat="51.3431349" lon="-117.168248">
      </trkpt>
      <trkpt lat="51.34313573" lon="-117.1682604">
      </trkpt>
      <trkpt lat="51.34313908" lon="-117.16827617">
      </trkpt>
      <trkpt lat="51.3431426" lon="-117.16829293">
      </trkpt>
      <trkpt lat="51.34314545" lon="-117.16830918">
      </trkpt>
      <trkpt lat="51.34314621" lon="-117.1683215">
      </trkpt>
      <trkpt lat="51.34314537" lon="-117.1683319">
      </trkpt>
      <trkpt lat="51.34314688" lon="-117.16834556">
      </trkpt>
      <trkpt lat="51.3431473" lon="-117.16836282">
      </trkpt>
      <trkpt lat="51.34314939" lon="-117.16838144">
      </trkpt>
      <trkpt lat="51.34315007" lon="-117.16839896">
      </trkpt>
      <trkpt lat="51.34315074" lon="-117.16841329">
      </trkpt>
      <trkpt lat="51.34315056" lon="-117.16842587">
      </trkpt>
      <trkpt lat="51.34314897" lon="-117.16844137">
      </trkpt>
      <trkpt lat="51.34314848" lon="-117.16846064">
      </trkpt>
      <trkpt lat="51.34315107" lon="-117.1684826">
      </trkpt>
      <trkpt lat="51.34315752" lon="-117.16850683">
      </trkpt>
      <trkpt lat="51.34316038" lon="-117.16852217">
      </trkpt>
      <trkpt lat="51.34316247" lon="-117.16853449">
      </trkpt>
      <trkpt lat="51.34316146" lon="-117.16854505">
      </trkpt>
      <trkpt lat="51.34316088" lon="-117.16855779">
      </trkpt>
      <trkpt lat="51.34316213" lon="-117.16857413">
      </trkpt>
      <trkpt lat="51.34316607" lon="-117.1685899">
      </trkpt>
      <trkpt lat="51.34316683" lon="-117.16860372">
      </trkpt>
      <trkpt lat="51.3431639" lon="-117.16861445">
      </trkpt>
      <trkpt lat="51.34316431" lon="-117.16862527">
      </trkpt>
      <trkpt lat="51.34316448" lon="-117.16863901">
      </trkpt>
      <trkpt lat="51.34316624" lon="-117.16865678">
      </trkpt>
      <trkpt lat="51.34316717" lon="-117.16867329">
      </trkpt>
      <trkpt lat="51.34316574" lon="-117.16868729">
      </trkpt>
      <trkpt lat="51.34316431" lon="-117.16869944">
      </trkpt>
      <trkpt lat="51.34316062" lon="-117.16871034">
      </trkpt>
      <trkpt lat="51.34315778" lon="-117.16872276">
      </trkpt>
      <trkpt lat="51.34316004" lon="-117.16873977">
      </trkpt>
      <trkpt lat="51.34316222" lon="-117.16875838">
      </trkpt>
      <trkpt lat="51.34316054" lon="-117.16877421">
      </trkpt>
      <trkpt lat="51.34315803" lon="-117.16878612">
      </trkpt>
      <trkpt lat="51.34315577" lon="-117.16879861">
      </trkpt>
      <trkpt lat="51.34315241" lon="-117.16881646">
      </trkpt>
      <trkpt lat="51.34315074" lon="-117.168838">
      </trkpt>
      <trkpt lat="51.34315342" lon="-117.16885997">
      </trkpt>
      <trkpt lat="51.34315509" lon="-117.16887789">
      </trkpt>
      <trkpt lat="51.34315493" lon="-117.1688939">
      </trkpt>
      <trkpt lat="51.34314948" lon="-117.16890766">
      </trkpt>
      <trkpt lat="51.34314009" lon="-117.16891729">
      </trkpt>
      <trkpt lat="51.34313506" lon="-117.16892894">
      </trkpt>
      <trkpt lat="51.34313355" lon="-117.16894596">
      </trkpt>
      <trkpt lat="51.34312995" lon="-117.16896155">
      </trkpt>
      <trkpt lat="51.34312617" lon="-117.16897689">
      </trkpt>
      <trkpt lat="51.34312106" lon="-117.16899441">
      </trkpt>
      <trkpt lat="51.34311486" lon="-117.169011">
      </trkpt>
      <trkpt lat="51.34311226" lon="-117.16903003">
      </trkpt>
      <trkpt lat="51.34311436" lon="-117.16905065">
      </trkpt>
      <trkpt lat="51.3431183" lon="-117.16907018">
      </trkpt>
      <trkpt lat="51.34311729" lon="-117.16908333">
      </trkpt>
      <trkpt lat="51.3431136" lon="-117.16909247">
      </trkpt>
      <trkpt lat="51.34310857" lon="-117.16910395">
      </trkpt>
      <trkpt lat="51.34310941" lon="-117.16912072">
      </trkpt>
      <trkpt lat="51.34311184" lon="-117.16914084">
      </trkpt>
      <trkpt lat="51.34311561" lon="-117.16915936">
      </trkpt>
      <trkpt lat="51.3431178" lon="-117.16917277">
      </trkpt>
      <trkpt lat="51.34311586" lon="-117.16918425">
      </trkpt>
      <trkpt lat="51.34311075" lon="-117.16919615">
      </trkpt>
      <trkpt lat="51.34310849" lon="-117.16921015">
      </trkpt>
      <trkpt lat="51.34311394" lon="-117.16922884">
      </trkpt>
      <trkpt lat="51.3431219" lon="-117.16925123">
      </trkpt>
      <trkpt lat="51.34312802" lon="-117.16926942">
      </trkpt>
      <trkpt lat="51.34312852" lon="-117.16928308">
      </trkpt>
      <trkpt lat="51.34312693" lon="-117.16929532">
      </trkpt>
      <trkpt lat="51.34312392" lon="-117.16931006">
      </trkpt>
      <trkpt lat="51.34312333" lon="-117.16932834">
      </trkpt>
      <trkpt lat="51.3431245" lon="-117.16934653">
      </trkpt>
      <trkpt lat="51.34312417" lon="-117.16936095">
      </trkpt>
      <trkpt lat="51.34312039" lon="-117.16937402">
      </trkpt>
      <trkpt lat="51.34311696" lon="-117.16938751">
      </trkpt>
      <trkpt lat="51.34311319" lon="-117.16940294">
      </trkpt>
      <trkpt lat="51.34311277" lon="-117.16942264">
      </trkpt>
      <trkpt lat="51.34311788" lon="-117.16944594">
      </trkpt>
      <trkpt lat="51.34312039" lon="-117.16946439">
      </trkpt>
      <trkpt lat="51.34311813" lon="-117.16947796">
      </trkpt>
      <trkpt lat="51.34311234" lon="-117.16949322">
      </trkpt>
      <trkpt lat="51.3431038" lon="-117.16950814">
      </trkpt>
      <trkpt lat="51.34309701" lon="-117.16952415">
      </trkpt>
      <trkpt lat="51.34309835" lon="-117.16954242">
      </trkpt>
      <trkpt lat="51.3430996" lon="-117.16956111">
      </trkpt>
      <trkpt lat="51.34309935" lon="-117.16957779">
      </trkpt>
      <trkpt lat="51.34309651" lon="-117.16959262">
      </trkpt>
      <trkpt lat="51.3430929" lon="-117.16960938">
      </trkpt>
      <trkpt lat="51.34308594" lon="-117.1696259">
      </trkpt>
      <trkpt lat="51.3430846" lon="-117.1696461">
      </trkpt>
      <trkpt lat="51.34308787" lon="-117.16966889">
      </trkpt>
      <trkpt lat="51.34308888" lon="-117.16968768">
      </trkpt>
      <trkpt lat="51.3430882" lon="-117.16970411">
      </trkpt>
      <trkpt lat="51.34308275" lon="-117.16971977">
      </trkpt>
      <trkpt lat="51.34307513" lon="-117.16973361">
      </trkpt>
      <trkpt lat="51.34307111" lon="-117.16975079">
      </trkpt>
      <trkpt lat="51.34307102" lon="-117.16976965">
      </trkpt>
      <trkpt lat="51.34306892" lon="-117.16978667">
      </trkpt>
      <trkpt lat="51.34306499" lon="-117.16980242">
      </trkpt>
      <trkpt lat="51.34305954" lon="-117.16981852">
      </trkpt>
      <trkpt lat="51.34305132" lon="-117.16983419">
      </trkpt>
      <trkpt lat="51.3430416" lon="-117.16984912">
      </trkpt>
      <trkpt lat="51.34303632" lon="-117.16986696">
      </trkpt>
      <trkpt lat="51.34303414" lon="-117.1698864">
      </trkpt>
      <trkpt lat="51.34303322" lon="-117.1699004">
      </trkpt>
      <trkpt lat="51.34303313" lon="-117.16990769">
      </trkpt>
      <trkpt lat="51.34303347" lon="-117.16990896">
      </trkpt>
      <trkpt lat="51.34303672" lon="-117.16991074">
      </trkpt>
      <trkpt lat="51.34303733" lon="-117.16991123">
      </trkpt>
      <trkpt lat="51.34303825" lon="-117.16991231">
      </trkpt>
      <trkpt lat="51.34303917" lon="-117.16991348">
      </trkpt>
      <trkpt lat="51.34304018" lon="-117.16991525">
      </trkpt>
      <trkpt lat="51.34304093" lon="-117.16991634">
      </trkpt>
      <trkpt lat="51.34304126" lon="-117.16991726">
      </trkpt>
      <trkpt lat="51.34304227" lon="-117.16991834">
      </trkpt>
      <trkpt lat="51.34304295" lon="-117.16991876">
      </trkpt>
      <trkpt lat="51.34304353" lon="-117.16991926">
      </trkpt>
      <trkpt lat="51.3430436" lon="-117.16991939">
      </trkpt>
      <trkpt lat="51.34304378" lon="-117.16991968">
      </trkpt>
      <trkpt lat="51.34304403" lon="-117.16991885">
      </trkpt>
      <trkpt lat="51.3430447" lon="-117.16991817">
      </trkpt>
      <trkpt lat="51.34304529" lon="-117.16991751">
      </trkpt>
      <trkpt lat="51.34304546" lon="-117.16991717">
      </trkpt>
      <trkpt lat="51.34304513" lon="-117.16991634">
      </trkpt>
      <trkpt lat="51.34304671" lon="-117.16991406">
      </trkpt>
      <trkpt lat="51.34304714" lon="-117.16991198">
      </trkpt>
      <trkpt lat="51.34304806" lon="-117.1699123">
      </trkpt>
      <trkpt lat="51.34304948" lon="-117.16991173">
      </trkpt>
      <trkpt lat="51.34304998" lon="-117.16991122">
      </trkpt>
      <trkpt lat="51.34305132" lon="-117.16990997">
      </trkpt>
      <trkpt lat="51.34305334" lon="-117.16991331">
      </trkpt>
      <trkpt lat="51.3430525" lon="-117.1699191">
      </trkpt>
      <trkpt lat="51.34305141" lon="-117.16992873">
      </trkpt>
      <trkpt lat="51.3430473" lon="-117.16993913">
      </trkpt>
      <trkpt lat="51.34303943" lon="-117.1699564">
      </trkpt>
      <trkpt lat="51.3430333" lon="-117.16997224">
      </trkpt>
      <trkpt lat="51.34303129" lon="-117.16998581">
      </trkpt>
      <trkpt lat="51.34302895" lon="-117.1699999">
      </trkpt>
      <trkpt lat="51.3430245" lon="-117.17001532">
      </trkpt>
      <trkpt lat="51.34301948" lon="-117.17003259">
      </trkpt>
      <trkpt lat="51.34301595" lon="-117.17004558">
      </trkpt>
      <trkpt lat="51.34301252" lon="-117.17005974">
      </trkpt>
      <trkpt lat="51.34301043" lon="-117.17007576">
      </trkpt>
      <trkpt lat="51.34300414" lon="-117.17009134">
      </trkpt>
      <trkpt lat="51.34299727" lon="-117.17010837">
      </trkpt>
      <trkpt lat="51.34299249" lon="-117.17012563">
      </trkpt>
      <trkpt lat="51.34298569" lon="-117.17014297">
      </trkpt>
      <trkpt lat="51.34297857" lon="-117.17015764">
      </trkpt>
      <trkpt lat="51.34297253" lon="-117.17017005">
      </trkpt>
      <trkpt lat="51.34296826" lon="-117.17018271">
      </trkpt>
      <trkpt lat="51.34297329" lon="-117.17019562">
      </trkpt>
      <trkpt lat="51.34297932" lon="-117.17020568">
      </trkpt>
      <trkpt lat="51.34298125" lon="-117.17021633">
      </trkpt>
      <trkpt lat="51.34298536" lon="-117.17022806">
      </trkpt>
      <trkpt lat="51.3429867" lon="-117.17024348">
      </trkpt>
      <trkpt lat="51.34298737" lon="-117.17025982">
      </trkpt>
      <trkpt lat="51.34298795" lon="-117.17027432">
      </trkpt>
      <trkpt lat="51.34298695" lon="-117.17028875">
      </trkpt>
      <trkpt lat="51.34298343" lon="-117.17030417">
      </trkpt>
      <trkpt lat="51.34297832" lon="-117.17031992">
      </trkpt>
      <trkpt lat="51.34297296" lon="-117.17033651">
      </trkpt>
      <trkpt lat="51.34296885" lon="-117.17035521">
      </trkpt>
      <trkpt lat="51.3429665" lon="-117.17037138">
      </trkpt>
      <trkpt lat="51.34296198" lon="-117.17038689">
      </trkpt>
      <trkpt lat="51.34295661" lon="-117.17040122">
      </trkpt>
      <trkpt lat="51.34295217" lon="-117.17041446">
      </trkpt>
      <trkpt lat="51.34295141" lon="-117.17043149">
      </trkpt>
      <trkpt lat="51.34294949" lon="-117.17045118">
      </trkpt>
      <trkpt lat="51.3429479" lon="-117.1704692">
      </trkpt>
      <trkpt lat="51.34294798" lon="-117.17048562">
      </trkpt>
      <trkpt lat="51.34294764" lon="-117.17050064">
      </trkpt>
      <trkpt lat="51.34294588" lon="-117.17051656">
      </trkpt>
      <trkpt lat="51.34294303" lon="-117.17053098">
      </trkpt>
      <trkpt lat="51.34293842" lon="-117.17054656">
      </trkpt>
      <trkpt lat="51.34293473" lon="-117.17056425">
      </trkpt>
      <trkpt lat="51.34293096" lon="-117.17057859">
      </trkpt>
      <trkpt lat="51.34292367" lon="-117.17059158">
      </trkpt>
      <trkpt lat="51.3429173" lon="-117.170608">
      </trkpt>
      <trkpt lat="51.34291109" lon="-117.17062444">
      </trkpt>
      <trkpt lat="51.34290565" lon="-117.17063609">
      </trkpt>
      <trkpt lat="51.34290187" lon="-117.170649">
      </trkpt>
      <trkpt lat="51.34289911" lon="-117.17066089">
      </trkpt>
      <trkpt lat="51.34289467" lon="-117.1706733">
      </trkpt>
      <trkpt lat="51.34289031" lon="-117.17068721">
      </trkpt>
      <trkpt lat="51.34288763" lon="-117.17070164">
      </trkpt>
      <trkpt lat="51.34288503" lon="-117.17071446">
      </trkpt>
      <trkpt lat="51.34287983" lon="-117.17072829">
      </trkpt>
      <trkpt lat="51.34287849" lon="-117.17074647">
      </trkpt>
      <trkpt lat="51.34287941" lon="-117.17076651">
      </trkpt>
      <trkpt lat="51.34287891" lon="-117.17078302">
      </trkpt>
      <trkpt lat="51.34287589" lon="-117.17079793">
      </trkpt>
      <trkpt lat="51.34287002" lon="-117.17081295">
      </trkpt>
      <trkpt lat="51.34286559" lon="-117.17082862">
      </trkpt>
      <trkpt lat="51.34286022" lon="-117.17084539">
      </trkpt>
      <trkpt lat="51.34285443" lon="-117.17085963">
      </trkpt>
      <trkpt lat="51.34285109" lon="-117.17087196">
      </trkpt>
      <trkpt lat="51.3428474" lon="-117.17088502">
      </trkpt>
      <trkpt lat="51.34284353" lon="-117.17090088">
      </trkpt>
      <trkpt lat="51.3428406" lon="-117.17091747">
      </trkpt>
      <trkpt lat="51.34283817" lon="-117.17093415">
      </trkpt>
      <trkpt lat="51.34283558" lon="-117.1709484">
      </trkpt>
      <trkpt lat="51.34283557" lon="-117.17096591">
      </trkpt>
      <trkpt lat="51.34283248" lon="-117.17098377">
      </trkpt>
      <trkpt lat="51.34282652" lon="-117.17099735">
      </trkpt>
      <trkpt lat="51.3428199" lon="-117.17101025">
      </trkpt>
      <trkpt lat="51.34281555" lon="-117.17102694">
      </trkpt>
      <trkpt lat="51.34281336" lon="-117.1710447">
      </trkpt>
      <trkpt lat="51.34281118" lon="-117.17106223">
      </trkpt>
      <trkpt lat="51.34281093" lon="-117.17107823">
      </trkpt>
      <trkpt lat="51.34280624" lon="-117.17109424">
      </trkpt>
      <trkpt lat="51.34280196" lon="-117.17110841">
      </trkpt>
      <trkpt lat="51.34279727" lon="-117.17112115">
      </trkpt>
      <trkpt lat="51.34279367" lon="-117.17113296">
      </trkpt>
      <trkpt lat="51.34278998" lon="-117.17114713">
      </trkpt>
      <trkpt lat="51.3427852" lon="-117.17116515">
      </trkpt>
      <trkpt lat="51.34277958" lon="-117.17118351">
      </trkpt>
      <trkpt lat="51.34276961" lon="-117.17119742">
      </trkpt>
      <trkpt lat="51.34275829" lon="-117.17120806">
      </trkpt>
      <trkpt lat="51.34275301" lon="-117.17122097">
      </trkpt>
      <trkpt lat="51.34275192" lon="-117.17123832">
      </trkpt>
      <trkpt lat="51.34274799" lon="-117.17125106">
      </trkpt>
      <trkpt lat="51.34273835" lon="-117.1712623">
      </trkpt>
      <trkpt lat="51.3427303" lon="-117.17127018">
      </trkpt>
      <trkpt lat="51.342721" lon="-117.17127747">
      </trkpt>
      <trkpt lat="51.34271186" lon="-117.17128795">
      </trkpt>
      <trkpt lat="51.34270071" lon="-117.17129876">
      </trkpt>
      <trkpt lat="51.34268788" lon="-117.17131159">
      </trkpt>
      <trkpt lat="51.3426775" lon="-117.17132626">
      </trkpt>
      <trkpt lat="51.34267163" lon="-117.17134092">
      </trkpt>
      <trkpt lat="51.34266962" lon="-117.17135592">
      </trkpt>
      <trkpt lat="51.34266299" lon="-117.17137511">
      </trkpt>
      <trkpt lat="51.34265561" lon="-117.17139129">
      </trkpt>
      <trkpt lat="51.34264924" lon="-117.17140387">
      </trkpt>
      <trkpt lat="51.34264262" lon="-117.17141761">
      </trkpt>
      <trkpt lat="51.34263474" lon="-117.1714337">
      </trkpt>
      <trkpt lat="51.34262955" lon="-117.17144578">
      </trkpt>
      <trkpt lat="51.34262946" lon="-117.17145969">
      </trkpt>
      <trkpt lat="51.34263315" lon="-117.17148157">
      </trkpt>
      <trkpt lat="51.34263717" lon="-117.17150471">
      </trkpt>
      <trkpt lat="51.34263869" lon="-117.171526">
      </trkpt>
      <trkpt lat="51.3426386" lon="-117.17154284">
      </trkpt>
      <trkpt lat="51.34263927" lon="-117.17155801">
      </trkpt>
      <trkpt lat="51.34263835" lon="-117.17157661">
      </trkpt>
      <trkpt lat="51.34263684" lon="-117.17159338">
      </trkpt>
      <trkpt lat="51.34263726" lon="-117.17161592">
      </trkpt>
      <trkpt lat="51.34263534" lon="-117.17163236">
      </trkpt>
      <trkpt lat="51.34263064" lon="-117.17164829">
      </trkpt>
      <trkpt lat="51.34263038" lon="-117.17166362">
      </trkpt>
      <trkpt lat="51.34262653" lon="-117.17168567">
      </trkpt>
      <trkpt lat="51.34262754" lon="-117.17170234">
      </trkpt>
      <trkpt lat="51.34263416" lon="-117.17172029">
      </trkpt>
      <trkpt lat="51.342635" lon="-117.17173865">
      </trkpt>
      <trkpt lat="51.34263642" lon="-117.17175625">
      </trkpt>
      <trkpt lat="51.34263634" lon="-117.17177351">
      </trkpt>
      <trkpt lat="51.34263324" lon="-117.17178868">
      </trkpt>
      <trkpt lat="51.34262259" lon="-117.17180469">
      </trkpt>
      <trkpt lat="51.34261916" lon="-117.17181995">
      </trkpt>
      <trkpt lat="51.34261664" lon="-117.17183537">
      </trkpt>
      <trkpt lat="51.34261513" lon="-117.17184768">
      </trkpt>
      <trkpt lat="51.34260767" lon="-117.17186369">
      </trkpt>
      <trkpt lat="51.34261538" lon="-117.17187644">
      </trkpt>
      <trkpt lat="51.34261781" lon="-117.17189497">
      </trkpt>
      <trkpt lat="51.34262125" lon="-117.1719134">
      </trkpt>
      <trkpt lat="51.34262075" lon="-117.17192632">
      </trkpt>
      <trkpt lat="51.34262318" lon="-117.17193562">
      </trkpt>
      <trkpt lat="51.34261949" lon="-117.171946">
      </trkpt>
      <trkpt lat="51.34260944" lon="-117.17195909">
      </trkpt>
      <trkpt lat="51.34260306" lon="-117.17198105">
      </trkpt>
      <trkpt lat="51.34259619" lon="-117.17199604">
      </trkpt>
      <trkpt lat="51.34259325" lon="-117.17201071">
      </trkpt>
      <trkpt lat="51.34259409" lon="-117.1720274">
      </trkpt>
      <trkpt lat="51.34259401" lon="-117.1720429">
      </trkpt>
      <trkpt lat="51.34259769" lon="-117.17206319">
      </trkpt>
      <trkpt lat="51.34259862" lon="-117.17207929">
      </trkpt>
      <trkpt lat="51.3425946" lon="-117.17209521">
      </trkpt>
      <trkpt lat="51.34259628" lon="-117.17211314">
      </trkpt>
      <trkpt lat="51.34259694" lon="-117.17212765">
      </trkpt>
      <trkpt lat="51.34259518" lon="-117.17214282">
      </trkpt>
      <trkpt lat="51.34259485" lon="-117.17215773">
      </trkpt>
      <trkpt lat="51.34259401" lon="-117.17217107">
      </trkpt>
      <trkpt lat="51.34259711" lon="-117.17218388">
      </trkpt>
      <trkpt lat="51.34259351" lon="-117.17219185">
      </trkpt>
      <trkpt lat="51.34259762" lon="-117.17220108">
      </trkpt>
      <trkpt lat="51.3425982" lon="-117.17220627">
      </trkpt>
      <trkpt lat="51.34259753" lon="-117.17221096">
      </trkpt>
      <trkpt lat="51.34259678" lon="-117.17221616">
      </trkpt>
      <trkpt lat="51.34259828" lon="-117.17221825">
      </trkpt>
      <trkpt lat="51.3426008" lon="-117.17222093">
      </trkpt>
      <trkpt lat="51.3425987" lon="-117.17222387">
      </trkpt>
      <trkpt lat="51.34260021" lon="-117.17222823">
      </trkpt>
      <trkpt lat="51.34257834" lon="-117.17227181">
      </trkpt>
      <trkpt lat="51.34258488" lon="-117.17227315">
      </trkpt>
      <trkpt lat="51.34259669" lon="-117.17227407">
      </trkpt>
      <trkpt lat="51.34260139" lon="-117.17227374">
      </trkpt>
      <trkpt lat="51.34260902" lon="-117.17227701">
      </trkpt>
      <trkpt lat="51.34262208" lon="-117.17229604">
      </trkpt>
      <trkpt lat="51.34263307" lon="-117.17230719">
      </trkpt>
      <trkpt lat="51.34263642" lon="-117.17231423">
      </trkpt>
      <trkpt lat="51.34263911" lon="-117.17232697">
      </trkpt>
      <trkpt lat="51.34265587" lon="-117.17234071">
      </trkpt>
      <trkpt lat="51.34266316" lon="-117.17235161">
      </trkpt>
      <trkpt lat="51.34266215" lon="-117.17236737">
      </trkpt>
      <trkpt lat="51.34265964" lon="-117.17238011">
      </trkpt>
      <trkpt lat="51.34265494" lon="-117.17239553">
      </trkpt>
      <trkpt lat="51.34265252" lon="-117.17240685">
      </trkpt>
      <trkpt lat="51.34264983" lon="-117.17241909">
      </trkpt>
      <trkpt lat="51.34264992" lon="-117.17242982">
      </trkpt>
      <trkpt lat="51.34265243" lon="-117.17244716">
      </trkpt>
      <trkpt lat="51.34265201" lon="-117.17245781">
      </trkpt>
      <trkpt lat="51.34265076" lon="-117.17247148">
      </trkpt>
      <trkpt lat="51.34264765" lon="-117.17248824">
      </trkpt>
      <trkpt lat="51.34263684" lon="-117.17250131">
      </trkpt>
      <trkpt lat="51.34264069" lon="-117.17251892">
      </trkpt>
      <trkpt lat="51.34263349" lon="-117.17253308">
      </trkpt>
      <trkpt lat="51.34262804" lon="-117.1725511">
      </trkpt>
      <trkpt lat="51.34262159" lon="-117.17256643">
      </trkpt>
      <trkpt lat="51.34261178" lon="-117.17258287">
      </trkpt>
      <trkpt lat="51.34261169" lon="-117.17259762">
      </trkpt>
      <trkpt lat="51.34261086" lon="-117.17260894">
      </trkpt>
      <trkpt lat="51.34261145" lon="-117.17262175">
      </trkpt>
      <trkpt lat="51.34260557" lon="-117.1726438">
      </trkpt>
      <trkpt lat="51.34260163" lon="-117.17266292">
      </trkpt>
      <trkpt lat="51.34259459" lon="-117.17267851">
      </trkpt>
      <trkpt lat="51.34258713" lon="-117.17268839">
      </trkpt>
      <trkpt lat="51.3425811" lon="-117.1726961">
      </trkpt>
      <trkpt lat="51.34257892" lon="-117.17270742">
      </trkpt>
      <trkpt lat="51.34257598" lon="-117.17271941">
      </trkpt>
      <trkpt lat="51.34257758" lon="-117.17273273">
      </trkpt>
      <trkpt lat="51.34258035" lon="-117.17274799">
      </trkpt>
      <trkpt lat="51.34258311" lon="-117.17275854">
      </trkpt>
      <trkpt lat="51.34258018" lon="-117.17277356">
      </trkpt>
      <trkpt lat="51.34257792" lon="-117.17278722">
      </trkpt>
      <trkpt lat="51.34256937" lon="-117.17281236">
      </trkpt>
      <trkpt lat="51.34256727" lon="-117.17283466">
      </trkpt>
      <trkpt lat="51.34256727" lon="-117.17285117">
      </trkpt>
      <trkpt lat="51.34256668" lon="-117.17286231">
      </trkpt>
      <trkpt lat="51.34256299" lon="-117.17287448">
      </trkpt>
      <trkpt lat="51.34255612" lon="-117.17288621">
      </trkpt>
      <trkpt lat="51.34254749" lon="-117.17289241">
      </trkpt>
      <trkpt lat="51.34254011" lon="-117.17290724">
      </trkpt>
      <trkpt lat="51.34253526" lon="-117.17291697">
      </trkpt>
      <trkpt lat="51.34252402" lon="-117.1729313">
      </trkpt>
      <trkpt lat="51.34251749" lon="-117.17294454">
      </trkpt>
      <trkpt lat="51.34251137" lon="-117.17295813">
      </trkpt>
      <trkpt lat="51.34250424" lon="-117.17297807">
      </trkpt>
      <trkpt lat="51.34249954" lon="-117.17300053">
      </trkpt>
      <trkpt lat="51.34249854" lon="-117.17302115">
      </trkpt>
      <trkpt lat="51.34249921" lon="-117.17304219">
      </trkpt>
      <trkpt lat="51.34250751" lon="-117.17306039">
      </trkpt>
      <trkpt lat="51.34251857" lon="-117.17308117">
      </trkpt>
      <trkpt lat="51.34252587" lon="-117.17310154">
      </trkpt>
      <trkpt lat="51.34253525" lon="-117.17311939">
      </trkpt>
      <trkpt lat="51.3425469" lon="-117.17313867">
      </trkpt>
      <trkpt lat="51.34255654" lon="-117.17315418">
      </trkpt>
      <trkpt lat="51.34257171" lon="-117.17316633">
      </trkpt>
      <trkpt lat="51.34257724" lon="-117.17318116">
      </trkpt>
      <trkpt lat="51.34257691" lon="-117.1731939">
      </trkpt>
      <trkpt lat="51.34258186" lon="-117.17320707">
      </trkpt>
      <trkpt lat="51.34258663" lon="-117.17322635">
      </trkpt>
      <trkpt lat="51.34258974" lon="-117.17324311">
      </trkpt>
      <trkpt lat="51.3425941" lon="-117.17326171">
      </trkpt>
      <trkpt lat="51.34259267" lon="-117.17328275">
      </trkpt>
      <trkpt lat="51.34259368" lon="-117.17329793">
      </trkpt>
      <trkpt lat="51.34259283" lon="-117.17331804">
      </trkpt>
      <trkpt lat="51.34259409" lon="-117.17333481">
      </trkpt>
      <trkpt lat="51.34259577" lon="-117.17334311">
      </trkpt>
      <trkpt lat="51.34259233" lon="-117.17335844">
      </trkpt>
      <trkpt lat="51.3425894" lon="-117.17337211">
      </trkpt>
      <trkpt lat="51.34259166" lon="-117.17338141">
      </trkpt>
      <trkpt lat="51.34259677" lon="-117.17338987">
      </trkpt>
      <trkpt lat="51.34260046" lon="-117.1733985">
      </trkpt>
      <trkpt lat="51.3426065" lon="-117.17340697">
      </trkpt>
      <trkpt lat="51.3426117" lon="-117.17341234">
      </trkpt>
      <trkpt lat="51.34261387" lon="-117.17342039">
      </trkpt>
      <trkpt lat="51.34261413" lon="-117.1734322">
      </trkpt>
      <trkpt lat="51.34261622" lon="-117.17344008">
      </trkpt>
      <trkpt lat="51.3426174" lon="-117.17344864">
      </trkpt>
      <trkpt lat="51.34261831" lon="-117.17345609">
      </trkpt>
      <trkpt lat="51.3426215" lon="-117.17345769">
      </trkpt>
      <trkpt lat="51.34262443" lon="-117.17346154">
      </trkpt>
      <trkpt lat="51.34263181" lon="-117.17346976">
      </trkpt>
      <trkpt lat="51.34263541" lon="-117.17347496">
      </trkpt>
      <trkpt lat="51.34264254" lon="-117.17347528">
      </trkpt>
      <trkpt lat="51.34264707" lon="-117.17347865">
      </trkpt>
      <trkpt lat="51.34264137" lon="-117.17348803">
      </trkpt>
      <trkpt lat="51.34264565" lon="-117.17349021">
      </trkpt>
      <trkpt lat="51.34265" lon="-117.17349214">
      </trkpt>
      <trkpt lat="51.3426536" lon="-117.17350102">
      </trkpt>
      <trkpt lat="51.34265846" lon="-117.17350882">
      </trkpt>
      <trkpt lat="51.34265654" lon="-117.17351963">
      </trkpt>
      <trkpt lat="51.3426588" lon="-117.17352735">
      </trkpt>
      <trkpt lat="51.34266375" lon="-117.17353539">
      </trkpt>
      <trkpt lat="51.34266819" lon="-117.17354235">
      </trkpt>
      <trkpt lat="51.34266986" lon="-117.17355341">
      </trkpt>
      <trkpt lat="51.34267665" lon="-117.17356908">
      </trkpt>
      <trkpt lat="51.34268253" lon="-117.17357293">
      </trkpt>
      <trkpt lat="51.3426863" lon="-117.17357998">
      </trkpt>
      <trkpt lat="51.34269912" lon="-117.17358426">
      </trkpt>
      <trkpt lat="51.34270767" lon="-117.17359171">
      </trkpt>
      <trkpt lat="51.34271529" lon="-117.17360161">
      </trkpt>
      <trkpt lat="51.34272527" lon="-117.17360119">
      </trkpt>
      <trkpt lat="51.34273206" lon="-117.17360353">
      </trkpt>
      <trkpt lat="51.34273902" lon="-117.1736073">
      </trkpt>
      <trkpt lat="51.34274463" lon="-117.17360999">
      </trkpt>
      <trkpt lat="51.34275159" lon="-117.17361644">
      </trkpt>
      <trkpt lat="51.34276064" lon="-117.1736213">
      </trkpt>
      <trkpt lat="51.34276802" lon="-117.17362466">
      </trkpt>
      <trkpt lat="51.34277846" lon="-117.17362306">
      </trkpt>
      <trkpt lat="51.34277707" lon="-117.17362457">
      </trkpt>
      <trkpt lat="51.34278209" lon="-117.173628">
      </trkpt>
      <trkpt lat="51.34278612" lon="-117.17363899">
      </trkpt>
      <trkpt lat="51.3427888" lon="-117.17364954">
      </trkpt>
      <trkpt lat="51.34279593" lon="-117.1736565">
      </trkpt>
      <trkpt lat="51.34279777" lon="-117.17366405">
      </trkpt>
      <trkpt lat="51.34280415" lon="-117.17366874">
      </trkpt>
      <trkpt lat="51.34281093" lon="-117.17367318">
      </trkpt>
      <trkpt lat="51.34281537" lon="-117.17368182">
      </trkpt>
      <trkpt lat="51.34282065" lon="-117.17368928">
      </trkpt>
      <trkpt lat="51.34281487" lon="-117.1737125">
      </trkpt>
      <trkpt lat="51.34281873" lon="-117.17372365">
      </trkpt>
      <trkpt lat="51.34282082" lon="-117.17373697">
      </trkpt>
      <trkpt lat="51.34282468" lon="-117.17374535">
      </trkpt>
      <trkpt lat="51.34282795" lon="-117.17375231">
      </trkpt>
      <trkpt lat="51.34283473" lon="-117.17375683">
      </trkpt>
      <trkpt lat="51.34283415" lon="-117.17376422">
      </trkpt>
      <trkpt lat="51.34284161" lon="-117.17377192">
      </trkpt>
      <trkpt lat="51.34284773" lon="-117.1737788">
      </trkpt>
      <trkpt lat="51.34285493" lon="-117.17378525">
      </trkpt>
      <trkpt lat="51.34286315" lon="-117.17379163">
      </trkpt>
      <trkpt lat="51.34287615" lon="-117.17379448">
      </trkpt>
      <trkpt lat="51.34288285" lon="-117.1738">
      </trkpt>
      <trkpt lat="51.34288905" lon="-117.17380856">
      </trkpt>
      <trkpt lat="51.34289601" lon="-117.17381366">
      </trkpt>
      <trkpt lat="51.3428992" lon="-117.17381886">
      </trkpt>
      <trkpt lat="51.34290497" lon="-117.17382692">
      </trkpt>
      <trkpt lat="51.34290816" lon="-117.17383227">
      </trkpt>
      <trkpt lat="51.34291713" lon="-117.17383319">
      </trkpt>
      <trkpt lat="51.34292073" lon="-117.17384769">
      </trkpt>
      <trkpt lat="51.34293096" lon="-117.17385482">
      </trkpt>
      <trkpt lat="51.34294177" lon="-117.17386269">
      </trkpt>
      <trkpt lat="51.34294672" lon="-117.17387284">
      </trkpt>
      <trkpt lat="51.34296114" lon="-117.17387895">
      </trkpt>
      <trkpt lat="51.34297002" lon="-117.17388692">
      </trkpt>
      <trkpt lat="51.34298637" lon="-117.17389622">
      </trkpt>
      <trkpt lat="51.34299483" lon="-117.17389849">
      </trkpt>
      <trkpt lat="51.34300631" lon="-117.1739031">
      </trkpt>
      <trkpt lat="51.34301" lon="-117.17391777">
      </trkpt>
      <trkpt lat="51.34301956" lon="-117.17392715">
      </trkpt>
      <trkpt lat="51.34302819" lon="-117.17393537">
      </trkpt>
      <trkpt lat="51.34303264" lon="-117.17394584">
      </trkpt>
      <trkpt lat="51.34303657" lon="-117.17395398">
      </trkpt>
      <trkpt lat="51.34304244" lon="-117.17396227">
      </trkpt>
      <trkpt lat="51.3430494" lon="-117.17397293">
      </trkpt>
      <trkpt lat="51.34306113" lon="-117.17397283">
      </trkpt>
      <trkpt lat="51.34306255" lon="-117.17397662">
      </trkpt>
      <trkpt lat="51.34306825" lon="-117.17397963">
      </trkpt>
      <trkpt lat="51.34307002" lon="-117.17398055">
      </trkpt>
      <trkpt lat="51.34307815" lon="-117.17397686">
      </trkpt>
      <trkpt lat="51.3430815" lon="-117.17397988">
      </trkpt>
      <trkpt lat="51.34308502" lon="-117.17398013">
      </trkpt>
      <trkpt lat="51.34308669" lon="-117.17398197">
      </trkpt>
      <trkpt lat="51.34308703" lon="-117.17398541">
      </trkpt>
      <trkpt lat="51.34309324" lon="-117.17398985">
      </trkpt>
      <trkpt lat="51.34310061" lon="-117.17399363">
      </trkpt>
      <trkpt lat="51.343111" lon="-117.17399237">
      </trkpt>
      <trkpt lat="51.34311486" lon="-117.17399254">
      </trkpt>
      <trkpt lat="51.34311738" lon="-117.17399144">
      </trkpt>
      <trkpt lat="51.34312207" lon="-117.17399287">
      </trkpt>
      <trkpt lat="51.34312358" lon="-117.17400452">
      </trkpt>
      <trkpt lat="51.34314118" lon="-117.17400419">
      </trkpt>
      <trkpt lat="51.34315116" lon="-117.17400427">
      </trkpt>
      <trkpt lat="51.34315869" lon="-117.17400393">
      </trkpt>
      <trkpt lat="51.34316624" lon="-117.17400503">
      </trkpt>
      <trkpt lat="51.34317194" lon="-117.17400695">
      </trkpt>
      <trkpt lat="51.34317831" lon="-117.17401005">
      </trkpt>
      <trkpt lat="51.34318133" lon="-117.17401306">
      </trkpt>
      <trkpt lat="51.34318552" lon="-117.17400963">
      </trkpt>
      <trkpt lat="51.34319272" lon="-117.17400461">
      </trkpt>
      <trkpt lat="51.34320203" lon="-117.17399682">
      </trkpt>
      <trkpt lat="51.34320605" lon="-117.17399437">
      </trkpt>
      <trkpt lat="51.34321402" lon="-117.17399069">
      </trkpt>
      <trkpt lat="51.34322106" lon="-117.17398742">
      </trkpt>
      <trkpt lat="51.34323111" lon="-117.17399253">
      </trkpt>
      <trkpt lat="51.34323665" lon="-117.17399588">
      </trkpt>
      <trkpt lat="51.34324025" lon="-117.17400126">
      </trkpt>
      <trkpt lat="51.34324872" lon="-117.17400074">
      </trkpt>
      <trkpt lat="51.34325157" lon="-117.17400452">
      </trkpt>
      <trkpt lat="51.3432545" lon="-117.17400946">
      </trkpt>
      <trkpt lat="51.34326179" lon="-117.17401098">
      </trkpt>
      <trkpt lat="51.34326581" lon="-117.17401449">
      </trkpt>
      <trkpt lat="51.34327538" lon="-117.1740072">
      </trkpt>
      <trkpt lat="51.34328015" lon="-117.17401056">
      </trkpt>
      <trkpt lat="51.34328761" lon="-117.17401717">
      </trkpt>
      <trkpt lat="51.3432944" lon="-117.17401776">
      </trkpt>
      <trkpt lat="51.34329985" lon="-117.17401501">
      </trkpt>
      <trkpt lat="51.34330488" lon="-117.17401349">
      </trkpt>
      <trkpt lat="51.34331209" lon="-117.17401533">
      </trkpt>
      <trkpt lat="51.34331469" lon="-117.17402564">
      </trkpt>
      <trkpt lat="51.34331737" lon="-117.17402438">
      </trkpt>
      <trkpt lat="51.34331753" lon="-117.17402849">
      </trkpt>
      <trkpt lat="51.34332114" lon="-117.17402933">
      </trkpt>
      <trkpt lat="51.34332608" lon="-117.1740279">
      </trkpt>
      <trkpt lat="51.34351074" lon="-117.17393419">
      </trkpt>
      <trkpt lat="51.34351249" lon="-117.17393261">
      </trkpt>
      <trkpt lat="51.34351225" lon="-117.17393445">
      </trkpt>
      <trkpt lat="51.34351333" lon="-117.17393302">
      </trkpt>
      <trkpt lat="51.34351962" lon="-117.17392799">
      </trkpt>
      <trkpt lat="51.34352213" lon="-117.1739254">
      </trkpt>
      <trkpt lat="51.34352423" lon="-117.17392665">
      </trkpt>
      <trkpt lat="51.34353018" lon="-117.17392758">
      </trkpt>
      <trkpt lat="51.3435373" lon="-117.17392573">
      </trkpt>
      <trkpt lat="51.3435451" lon="-117.17392381">
      </trkpt>
      <trkpt lat="51.34355155" lon="-117.17392565">
      </trkpt>
      <trkpt lat="51.34355768" lon="-117.17393051">
      </trkpt>
      <trkpt lat="51.34356287" lon="-117.17393562">
      </trkpt>
      <trkpt lat="51.34356589" lon="-117.1739414">
      </trkpt>
      <trkpt lat="51.34357159" lon="-117.17395121">
      </trkpt>
      <trkpt lat="51.34357519" lon="-117.17395926">
      </trkpt>
      <trkpt lat="51.34357905" lon="-117.17396814">
      </trkpt>
      <trkpt lat="51.3435824" lon="-117.17397627">
      </trkpt>
      <trkpt lat="51.3435855" lon="-117.1739849">
      </trkpt>
      <trkpt lat="51.34358995" lon="-117.17398993">
      </trkpt>
      <trkpt lat="51.34359506" lon="-117.17399631">
      </trkpt>
      <trkpt lat="51.34359975" lon="-117.17400109">
      </trkpt>
      <trkpt lat="51.34359908" lon="-117.17401115">
      </trkpt>
      <trkpt lat="51.34359917" lon="-117.17402338">
      </trkpt>
      <trkpt lat="51.34360353" lon="-117.17402774">
      </trkpt>
      <trkpt lat="51.34360369" lon="-117.1740362">
      </trkpt>
      <trkpt lat="51.34361568" lon="-117.17403948">
      </trkpt>
      <trkpt lat="51.34362263" lon="-117.17404332">
      </trkpt>
      <trkpt lat="51.34363069" lon="-117.1740476">
      </trkpt>
      <trkpt lat="51.34363923" lon="-117.17405649">
      </trkpt>
      <trkpt lat="51.34364385" lon="-117.17406169">
      </trkpt>
      <trkpt lat="51.34365105" lon="-117.17407467">
      </trkpt>
      <trkpt lat="51.34365499" lon="-117.17408373">
      </trkpt>
      <trkpt lat="51.34365985" lon="-117.17409605">
      </trkpt>
      <trkpt lat="51.34366145" lon="-117.17411148">
      </trkpt>
      <trkpt lat="51.34367436" lon="-117.17412069">
      </trkpt>
      <trkpt lat="51.34368089" lon="-117.1741305">
      </trkpt>
      <trkpt lat="51.34368776" lon="-117.17414048">
      </trkpt>
      <trkpt lat="51.34369782" lon="-117.17414793">
      </trkpt>
      <trkpt lat="51.34370579" lon="-117.17415045">
      </trkpt>
      <trkpt lat="51.34371324" lon="-117.17415564">
      </trkpt>
      <trkpt lat="51.34371752" lon="-117.17415497">
      </trkpt>
      <trkpt lat="51.34373001" lon="-117.17415606">
      </trkpt>
      <trkpt lat="51.34373713" lon="-117.17415808">
      </trkpt>
      <trkpt lat="51.34374753" lon="-117.17416018">
      </trkpt>
      <trkpt lat="51.3437528" lon="-117.17416713">
      </trkpt>
      <trkpt lat="51.34376169" lon="-117.17417359">
      </trkpt>
      <trkpt lat="51.34377066" lon="-117.17417619">
      </trkpt>
      <trkpt lat="51.3437798" lon="-117.17417928">
      </trkpt>
      <trkpt lat="51.34378441" lon="-117.17418893">
      </trkpt>
      <trkpt lat="51.3437922" lon="-117.17419429">
      </trkpt>
      <trkpt lat="51.34379949" lon="-117.17419889">
      </trkpt>
      <trkpt lat="51.3438072" lon="-117.17419722">
      </trkpt>
      <trkpt lat="51.34381567" lon="-117.17420015">
      </trkpt>
      <trkpt lat="51.34382037" lon="-117.17420451">
      </trkpt>
      <trkpt lat="51.34382715" lon="-117.17420896">
      </trkpt>
      <trkpt lat="51.34383805" lon="-117.17421834">
      </trkpt>
      <trkpt lat="51.34384518" lon="-117.17422723">
      </trkpt>
      <trkpt lat="51.34385355" lon="-117.17423972">
      </trkpt>
      <trkpt lat="51.3438632" lon="-117.17425246">
      </trkpt>
      <trkpt lat="51.3438684" lon="-117.17426477">
      </trkpt>
      <trkpt lat="51.34387761" lon="-117.17427978">
      </trkpt>
      <trkpt lat="51.34388709" lon="-117.17428985">
      </trkpt>
      <trkpt lat="51.34389731" lon="-117.17429705">
      </trkpt>
      <trkpt lat="51.34390527" lon="-117.17430643">
      </trkpt>
      <trkpt lat="51.34391123" lon="-117.17431348">
      </trkpt>
      <trkpt lat="51.34392615" lon="-117.17432152">
      </trkpt>
      <trkpt lat="51.34394324" lon="-117.17432781">
      </trkpt>
      <trkpt lat="51.34395514" lon="-117.17433368">
      </trkpt>
      <trkpt lat="51.34396705" lon="-117.17433795">
      </trkpt>
      <trkpt lat="51.34397627" lon="-117.17434097">
      </trkpt>
      <trkpt lat="51.34398716" lon="-117.17434424">
      </trkpt>
      <trkpt lat="51.34399521" lon="-117.17434735">
      </trkpt>
      <trkpt lat="51.34400611" lon="-117.17435078">
      </trkpt>
      <trkpt lat="51.34401499" lon="-117.17435262">
      </trkpt>
      <trkpt lat="51.3440232" lon="-117.17435849">
      </trkpt>
      <trkpt lat="51.34403318" lon="-117.17436712">
      </trkpt>
      <trkpt lat="51.3440403" lon="-117.17438138">
      </trkpt>
      <trkpt lat="51.3440465" lon="-117.17438942">
      </trkpt>
      <trkpt lat="51.34405171" lon="-117.17439939">
      </trkpt>
      <trkpt lat="51.34406026" lon="-117.17440945">
      </trkpt>
      <trkpt lat="51.34406864" lon="-117.17441322">
      </trkpt>
      <trkpt lat="51.34407232" lon="-117.17441992">
      </trkpt>
      <trkpt lat="51.34408096" lon="-117.1744273">
      </trkpt>
      <trkpt lat="51.3440875" lon="-117.17443375">
      </trkpt>
      <trkpt lat="51.34409429" lon="-117.17444063">
      </trkpt>
      <trkpt lat="51.34410049" lon="-117.17445932">
      </trkpt>
      <trkpt lat="51.34410853" lon="-117.17447214">
      </trkpt>
      <trkpt lat="51.34412311" lon="-117.17448195">
      </trkpt>
      <trkpt lat="51.34413418" lon="-117.17449159">
      </trkpt>
      <trkpt lat="51.34413863" lon="-117.17450618">
      </trkpt>
      <trkpt lat="51.34414835" lon="-117.17451817">
      </trkpt>
      <trkpt lat="51.34415589" lon="-117.1745335">
      </trkpt>
      <trkpt lat="51.34416461" lon="-117.1745439">
      </trkpt>
      <trkpt lat="51.3441657" lon="-117.17456225">
      </trkpt>
      <trkpt lat="51.34416737" lon="-117.1745776">
      </trkpt>
      <trkpt lat="51.34417483" lon="-117.17458875">
      </trkpt>
      <trkpt lat="51.34417626" lon="-117.17460558">
      </trkpt>
      <trkpt lat="51.34418363" lon="-117.17461892">
      </trkpt>
      <trkpt lat="51.34418842" lon="-117.17462965">
      </trkpt>
      <trkpt lat="51.34419068" lon="-117.17464281">
      </trkpt>
      <trkpt lat="51.34419545" lon="-117.17465454">
      </trkpt>
      <trkpt lat="51.34420208" lon="-117.17466393">
      </trkpt>
      <trkpt lat="51.34420602" lon="-117.17467189">
      </trkpt>
      <trkpt lat="51.3442087" lon="-117.17468111">
      </trkpt>
      <trkpt lat="51.34420887" lon="-117.17469208">
      </trkpt>
      <trkpt lat="51.34420912" lon="-117.17470223">
      </trkpt>
      <trkpt lat="51.34420811" lon="-117.17471146">
      </trkpt>
      <trkpt lat="51.34421499" lon="-117.1747148">
      </trkpt>
      <trkpt lat="51.34422102" lon="-117.17471648">
      </trkpt>
      <trkpt lat="51.34429025" lon="-117.17483182">
      </trkpt>
      <trkpt lat="51.34429109" lon="-117.17483466">
      </trkpt>
      <trkpt lat="51.34429939" lon="-117.17482913">
      </trkpt>
      <trkpt lat="51.34429864" lon="-117.17483005">
      </trkpt>
      <trkpt lat="51.34430032" lon="-117.17483081">
      </trkpt>
      <trkpt lat="51.34430266" lon="-117.17483014">
      </trkpt>
      <trkpt lat="51.34430903" lon="-117.17483618">
      </trkpt>
      <trkpt lat="51.34431137" lon="-117.17484288">
      </trkpt>
      <trkpt lat="51.34432026" lon="-117.1748604">
      </trkpt>
      <trkpt lat="51.34433032" lon="-117.17487381">
      </trkpt>
      <trkpt lat="51.34433761" lon="-117.1748858">
      </trkpt>
      <trkpt lat="51.34434541" lon="-117.17489535">
      </trkpt>
      <trkpt lat="51.34435395" lon="-117.1749122">
      </trkpt>
      <trkpt lat="51.34435681" lon="-117.17492544">
      </trkpt>
      <trkpt lat="51.34435832" lon="-117.17493952">
      </trkpt>
      <trkpt lat="51.34435874" lon="-117.1749552">
      </trkpt>
      <trkpt lat="51.34436108" lon="-117.1749692">
      </trkpt>
      <trkpt lat="51.34436435" lon="-117.17498009">
      </trkpt>
      <trkpt lat="51.34436695" lon="-117.17499442">
      </trkpt>
      <trkpt lat="51.34436863" lon="-117.17501009">
      </trkpt>
      <trkpt lat="51.34436712" lon="-117.17502536">
      </trkpt>
      <trkpt lat="51.34436318" lon="-117.17504153">
      </trkpt>
      <trkpt lat="51.34436058" lon="-117.17505804">
      </trkpt>
      <trkpt lat="51.34436024" lon="-117.17507238">
      </trkpt>
      <trkpt lat="51.34436678" lon="-117.17508604">
      </trkpt>
      <trkpt lat="51.34436996" lon="-117.17510406">
      </trkpt>
      <trkpt lat="51.3443739" lon="-117.17512007">
      </trkpt>
      <trkpt lat="51.34438002" lon="-117.17513951">
      </trkpt>
      <trkpt lat="51.34438237" lon="-117.17515485">
      </trkpt>
      <trkpt lat="51.34438715" lon="-117.17517178">
      </trkpt>
      <trkpt lat="51.34439" lon="-117.17518218">
      </trkpt>
      <trkpt lat="51.34439277" lon="-117.17519509">
      </trkpt>
      <trkpt lat="51.34439469" lon="-117.17521201">
      </trkpt>
      <trkpt lat="51.34440375" lon="-117.17522769">
      </trkpt>
      <trkpt lat="51.34441012" lon="-117.17524203">
      </trkpt>
      <trkpt lat="51.3444154" lon="-117.17525334">
      </trkpt>
      <trkpt lat="51.34441842" lon="-117.17526751">
      </trkpt>
      <trkpt lat="51.3444237" lon="-117.17528897">
      </trkpt>
      <trkpt lat="51.34442847" lon="-117.17530497">
      </trkpt>
      <trkpt lat="51.3444304" lon="-117.17532165">
      </trkpt>
      <trkpt lat="51.3444361" lon="-117.17533581">
      </trkpt>
      <trkpt lat="51.3444413" lon="-117.17534823">
      </trkpt>
      <trkpt lat="51.34444951" lon="-117.17537656">
      </trkpt>
      <trkpt lat="51.34445689" lon="-117.17540363">
      </trkpt>
      <trkpt lat="51.34447264" lon="-117.17542299">
      </trkpt>
      <trkpt lat="51.34448631" lon="-117.17544118">
      </trkpt>
      <trkpt lat="51.3444889" lon="-117.17545853">
      </trkpt>
      <trkpt lat="51.34448899" lon="-117.17547605">
      </trkpt>
      <trkpt lat="51.34448958" lon="-117.17549164">
      </trkpt>
      <trkpt lat="51.34449058" lon="-117.17551393">
      </trkpt>
      <trkpt lat="51.34449192" lon="-117.17553631">
      </trkpt>
      <trkpt lat="51.34449192" lon="-117.17555794">
      </trkpt>
      <trkpt lat="51.34449603" lon="-117.17557965">
      </trkpt>
      <trkpt lat="51.34449503" lon="-117.17559817">
      </trkpt>
      <trkpt lat="51.34449402" lon="-117.17561008">
      </trkpt>
      <trkpt lat="51.34449067" lon="-117.17561737">
      </trkpt>
      <trkpt lat="51.34448882" lon="-117.17562013">
      </trkpt>
      <trkpt lat="51.34448715" lon="-117.17562315">
      </trkpt>
      <trkpt lat="51.34448581" lon="-117.17562541">
      </trkpt>
      <trkpt lat="51.34447332" lon="-117.17564445">
      </trkpt>
      <trkpt lat="51.34446761" lon="-117.17565592">
      </trkpt>
      <trkpt lat="51.34446543" lon="-117.17566481">
      </trkpt>
      <trkpt lat="51.34446024" lon="-117.17567772">
      </trkpt>
      <trkpt lat="51.34445915" lon="-117.17567721">
      </trkpt>
      <trkpt lat="51.34446292" lon="-117.17568258">
      </trkpt>
      <trkpt lat="51.34445706" lon="-117.17569003">
      </trkpt>
      <trkpt lat="51.34445731" lon="-117.17569356">
      </trkpt>
      <trkpt lat="51.34445739" lon="-117.17569774">
      </trkpt>
      <trkpt lat="51.34445798" lon="-117.17569968">
      </trkpt>
      <trkpt lat="51.34445655" lon="-117.17570127">
      </trkpt>
      <trkpt lat="51.34445286" lon="-117.17570521">
      </trkpt>
      <trkpt lat="51.34444969" lon="-117.1757068">
      </trkpt>
      <trkpt lat="51.34444465" lon="-117.17571191">
      </trkpt>
      <trkpt lat="51.34444088" lon="-117.1757146">
      </trkpt>
      <trkpt lat="51.34443937" lon="-117.17571628">
      </trkpt>
      <trkpt lat="51.34443794" lon="-117.17571753">
      </trkpt>
      <trkpt lat="51.34443694" lon="-117.17571753">
      </trkpt>
      <trkpt lat="51.34443585" lon="-117.17571745">
      </trkpt>
      <trkpt lat="51.34443535" lon="-117.1757156">
      </trkpt>
      <trkpt lat="51.34443207" lon="-117.17571628">
      </trkpt>
      <trkpt lat="51.34442964" lon="-117.17571611">
      </trkpt>
      <trkpt lat="51.34442655" lon="-117.17571527">
      </trkpt>
      <trkpt lat="51.3444242" lon="-117.17571309">
      </trkpt>
      <trkpt lat="51.3444195" lon="-117.17571283">
      </trkpt>
      <trkpt lat="51.34441741" lon="-117.17571049">
      </trkpt>
      <trkpt lat="51.34441581" lon="-117.17570781">
      </trkpt>
      <trkpt lat="51.34441388" lon="-117.17570546">
      </trkpt>
      <trkpt lat="51.34441204" lon="-117.17570294">
      </trkpt>
      <trkpt lat="51.34440928" lon="-117.17570069">
      </trkpt>
      <trkpt lat="51.34440652" lon="-117.17569892">
      </trkpt>
      <trkpt lat="51.34440392" lon="-117.17569749">
      </trkpt>
      <trkpt lat="51.34440265" lon="-117.17569615">
      </trkpt>
      <trkpt lat="51.34440207" lon="-117.17569531">
      </trkpt>
      <trkpt lat="51.34439964" lon="-117.17569583">
      </trkpt>
      <trkpt lat="51.34439737" lon="-117.17569608">
      </trkpt>
      <trkpt lat="51.3443952" lon="-117.17569675">
      </trkpt>
      <trkpt lat="51.34439285" lon="-117.17569809">
      </trkpt>
      <trkpt lat="51.3443895" lon="-117.17570027">
      </trkpt>
      <trkpt lat="51.34438648" lon="-117.17570295">
      </trkpt>
      <trkpt lat="51.34438555" lon="-117.17570387">
      </trkpt>
      <trkpt lat="51.34437969" lon="-117.17570748">
      </trkpt>
      <trkpt lat="51.34437458" lon="-117.17571091">
      </trkpt>
      <trkpt lat="51.34437097" lon="-117.17571409">
      </trkpt>
      <trkpt lat="51.34436704" lon="-117.17571603">
      </trkpt>
      <trkpt lat="51.34436334" lon="-117.17571829">
      </trkpt>
      <trkpt lat="51.34436075" lon="-117.1757203">
      </trkpt>
      <trkpt lat="51.34435773" lon="-117.17572247">
      </trkpt>
      <trkpt lat="51.34435656" lon="-117.1757234">
      </trkpt>
      <trkpt lat="51.34435245" lon="-117.17572608">
      </trkpt>
      <trkpt lat="51.34434843" lon="-117.17572944">
      </trkpt>
      <trkpt lat="51.34434566" lon="-117.17573161">
      </trkpt>
      <trkpt lat="51.34434474" lon="-117.17573236">
      </trkpt>
      <trkpt lat="51.34434423" lon="-117.17573304">
      </trkpt>
      <trkpt lat="51.34434121" lon="-117.17573479">
      </trkpt>
      <trkpt lat="51.3443387" lon="-117.17573656">
      </trkpt>
      <trkpt lat="51.34433794" lon="-117.17573823">
      </trkpt>
      <trkpt lat="51.34433694" lon="-117.17574058">
      </trkpt>
      <trkpt lat="51.34433602" lon="-117.17574369">
      </trkpt>
      <trkpt lat="51.34433644" lon="-117.17574527">
      </trkpt>
      <trkpt lat="51.34433543" lon="-117.17574805">
      </trkpt>
      <trkpt lat="51.34433409" lon="-117.17574922">
      </trkpt>
      <trkpt lat="51.34433275" lon="-117.17575038">
      </trkpt>
      <trkpt lat="51.34433166" lon="-117.17575189">
      </trkpt>
      <trkpt lat="51.34433007" lon="-117.17575408">
      </trkpt>
      <trkpt lat="51.34432956" lon="-117.17575576">
      </trkpt>
      <trkpt lat="51.34432915" lon="-117.17575735">
      </trkpt>
      <trkpt lat="51.3443289" lon="-117.17575835">
      </trkpt>
      <trkpt lat="51.34432907" lon="-117.17575852">
      </trkpt>
      <trkpt lat="51.34432847" lon="-117.17576052">
      </trkpt>
      <trkpt lat="51.34433041" lon="-117.17576212">
      </trkpt>
      <trkpt lat="51.34432973" lon="-117.17576405">
      </trkpt>
      <trkpt lat="51.34432873" lon="-117.17576598">
      </trkpt>
      <trkpt lat="51.34433066" lon="-117.1757653">
      </trkpt>
      <trkpt lat="51.34433183" lon="-117.17576481">
      </trkpt>
      <trkpt lat="51.34433133" lon="-117.17576438">
      </trkpt>
      <trkpt lat="51.34433292" lon="-117.17576246">
      </trkpt>
      <trkpt lat="51.34433451" lon="-117.17576221">
      </trkpt>
      <trkpt lat="51.34433552" lon="-117.17576221">
      </trkpt>
      <trkpt lat="51.34433744" lon="-117.1757622">
      </trkpt>
      <trkpt lat="51.34433929" lon="-117.1757607">
      </trkpt>
      <trkpt lat="51.34433778" lon="-117.17576321">
      </trkpt>
      <trkpt lat="51.34433694" lon="-117.1757633">
      </trkpt>
      <trkpt lat="51.3443289" lon="-117.17577177">
      </trkpt>
      <trkpt lat="51.34432806" lon="-117.17577395">
      </trkpt>
      <trkpt lat="51.34432034" lon="-117.17578266">
      </trkpt>
      <trkpt lat="51.34431238" lon="-117.17579155">
      </trkpt>
      <trkpt lat="51.34430844" lon="-117.17579464">
      </trkpt>
      <trkpt lat="51.34430794" lon="-117.1757928">
      </trkpt>
      <trkpt lat="51.3443092" lon="-117.1757912">
      </trkpt>
      <trkpt lat="51.34430601" lon="-117.17579372">
      </trkpt>
      <trkpt lat="51.34430794" lon="-117.17579473">
      </trkpt>
      <trkpt lat="51.34430685" lon="-117.17579925">
      </trkpt>
      <trkpt lat="51.34430928" lon="-117.17580496">
      </trkpt>
      <trkpt lat="51.34430761" lon="-117.175814">
      </trkpt>
      <trkpt lat="51.34429855" lon="-117.1758332">
      </trkpt>
      <trkpt lat="51.34429805" lon="-117.17584678">
      </trkpt>
      <trkpt lat="51.34429721" lon="-117.17585994">
      </trkpt>
      <trkpt lat="51.34430157" lon="-117.17587109">
      </trkpt>
      <trkpt lat="51.34430551" lon="-117.17588449">
      </trkpt>
      <trkpt lat="51.34430937" lon="-117.17589254">
      </trkpt>
      <trkpt lat="51.34431591" lon="-117.17589959">
      </trkpt>
      <trkpt lat="51.34432177" lon="-117.17590914">
      </trkpt>
      <trkpt lat="51.34432889" lon="-117.17591869">
      </trkpt>
      <trkpt lat="51.34432872" lon="-117.17593136">
      </trkpt>
      <trkpt lat="51.34432646" lon="-117.17594133">
      </trkpt>
      <trkpt lat="51.34432311" lon="-117.17594862">
      </trkpt>
      <trkpt lat="51.34432085" lon="-117.1759523">
      </trkpt>
      <trkpt lat="51.34431867" lon="-117.17595624">
      </trkpt>
      <trkpt lat="51.34431456" lon="-117.1759575">
      </trkpt>
      <trkpt lat="51.34431222" lon="-117.17595415">
      </trkpt>
      <trkpt lat="51.34431146" lon="-117.17595675">
      </trkpt>
      <trkpt lat="51.34430576" lon="-117.17595783">
      </trkpt>
      <trkpt lat="51.34429738" lon="-117.17595783">
      </trkpt>
      <trkpt lat="51.34429395" lon="-117.17595676">
      </trkpt>
      <trkpt lat="51.34428941" lon="-117.17595684">
      </trkpt>
      <trkpt lat="51.34428564" lon="-117.17595558">
      </trkpt>
      <trkpt lat="51.34428146" lon="-117.17595793">
      </trkpt>
      <trkpt lat="51.34427583" lon="-117.17596019">
      </trkpt>
      <trkpt lat="51.34427317" lon="-117.17595909">
      </trkpt>
      <trkpt lat="51.34427131" lon="-117.17596312">
      </trkpt>
      <trkpt lat="51.34426997" lon="-117.17596856">
      </trkpt>
      <trkpt lat="51.34426846" lon="-117.17597871">
      </trkpt>
      <trkpt lat="51.34425824" lon="-117.1759876">
      </trkpt>
      <trkpt lat="51.34424575" lon="-117.17599305">
      </trkpt>
      <trkpt lat="51.34423619" lon="-117.17600202">
      </trkpt>
      <trkpt lat="51.34422512" lon="-117.17600461">
      </trkpt>
      <trkpt lat="51.34421675" lon="-117.1760088">
      </trkpt>
      <trkpt lat="51.34420828" lon="-117.17601233">
      </trkpt>
      <trkpt lat="51.34419596" lon="-117.1760181">
      </trkpt>
      <trkpt lat="51.34418439" lon="-117.17602682">
      </trkpt>
      <trkpt lat="51.34417106" lon="-117.17603445">
      </trkpt>
      <trkpt lat="51.34415682" lon="-117.17604408">
      </trkpt>
      <trkpt lat="51.34414584" lon="-117.17605055">
      </trkpt>
      <trkpt lat="51.34413318" lon="-117.17606144">
      </trkpt>
      <trkpt lat="51.34412136" lon="-117.17607116">
      </trkpt>
      <trkpt lat="51.34411097" lon="-117.17607879">
      </trkpt>
      <trkpt lat="51.34410057" lon="-117.17608667">
      </trkpt>
      <trkpt lat="51.3440921" lon="-117.17609128">
      </trkpt>
      <trkpt lat="51.34408616" lon="-117.17609782">
      </trkpt>
      <trkpt lat="51.34408641" lon="-117.17610646">
      </trkpt>
      <trkpt lat="51.34408431" lon="-117.17611073">
      </trkpt>
      <trkpt lat="51.34408683" lon="-117.17611274">
      </trkpt>
      <trkpt lat="51.34408339" lon="-117.17611969">
      </trkpt>
      <trkpt lat="51.34407979" lon="-117.17612892">
      </trkpt>
      <trkpt lat="51.34407292" lon="-117.17613923">
      </trkpt>
      <trkpt lat="51.34406897" lon="-117.17615372">
      </trkpt>
      <trkpt lat="51.34406931" lon="-117.17617821">
      </trkpt>
      <trkpt lat="51.34406755" lon="-117.17619774">
      </trkpt>
      <trkpt lat="51.34406763" lon="-117.17621316">
      </trkpt>
      <trkpt lat="51.34406579" lon="-117.17623243">
      </trkpt>
      <trkpt lat="51.34406646" lon="-117.17624785">
      </trkpt>
      <trkpt lat="51.34406579" lon="-117.17625808">
      </trkpt>
      <trkpt lat="51.34406495" lon="-117.17626755">
      </trkpt>
      <trkpt lat="51.34406872" lon="-117.17628096">
      </trkpt>
      <trkpt lat="51.34407602" lon="-117.17630209">
      </trkpt>
      <trkpt lat="51.34407894" lon="-117.17631708">
      </trkpt>
      <trkpt lat="51.3440787" lon="-117.17633058">
      </trkpt>
      <trkpt lat="51.34407324" lon="-117.1763434">
      </trkpt>
      <trkpt lat="51.34405909" lon="-117.17635624">
      </trkpt>
      <trkpt lat="51.34404994" lon="-117.17636285">
      </trkpt>
      <trkpt lat="51.3440528" lon="-117.17637693">
      </trkpt>
      <trkpt lat="51.34404877" lon="-117.17639353">
      </trkpt>
      <trkpt lat="51.34404491" lon="-117.17641222">
      </trkpt>
      <trkpt lat="51.3440445" lon="-117.17643025">
      </trkpt>
      <trkpt lat="51.34404517" lon="-117.17644458">
      </trkpt>
      <trkpt lat="51.34404316" lon="-117.17645707">
      </trkpt>
      <trkpt lat="51.34404835" lon="-117.17647701">
      </trkpt>
      <trkpt lat="51.34405397" lon="-117.17649939">
      </trkpt>
      <trkpt lat="51.34404952" lon="-117.17651784">
      </trkpt>
      <trkpt lat="51.34405439" lon="-117.17653518">
      </trkpt>
      <trkpt lat="51.34405582" lon="-117.17655606">
      </trkpt>
      <trkpt lat="51.34405808" lon="-117.17657283">
      </trkpt>
      <trkpt lat="51.34405925" lon="-117.17658867">
      </trkpt>
      <trkpt lat="51.34406201" lon="-117.17660819">
      </trkpt>
      <trkpt lat="51.34406587" lon="-117.1766258">
      </trkpt>
      <trkpt lat="51.34406285" lon="-117.17664414">
      </trkpt>
      <trkpt lat="51.34406218" lon="-117.17666444">
      </trkpt>
      <trkpt lat="51.34405539" lon="-117.17667861">
      </trkpt>
      <trkpt lat="51.34404408" lon="-117.17669427">
      </trkpt>
      <trkpt lat="51.34403511" lon="-117.17670827">
      </trkpt>
      <trkpt lat="51.34403427" lon="-117.17672059">
      </trkpt>
      <trkpt lat="51.34403058" lon="-117.17673869">
      </trkpt>
      <trkpt lat="51.34402849" lon="-117.17675998">
      </trkpt>
      <trkpt lat="51.344032" lon="-117.17677281">
      </trkpt>
      <trkpt lat="51.34402773" lon="-117.17679151">
      </trkpt>
      <trkpt lat="51.34402815" lon="-117.17680274">
      </trkpt>
      <trkpt lat="51.34402538" lon="-117.17681363">
      </trkpt>
      <trkpt lat="51.34401986" lon="-117.17682772">
      </trkpt>
      <trkpt lat="51.34402179" lon="-117.17684255">
      </trkpt>
      <trkpt lat="51.34402195" lon="-117.17685848">
      </trkpt>
      <trkpt lat="51.34401793" lon="-117.17687592">
      </trkpt>
      <trkpt lat="51.34401717" lon="-117.17689175">
      </trkpt>
      <trkpt lat="51.34401533" lon="-117.17690591">
      </trkpt>
      <trkpt lat="51.34400888" lon="-117.1769215">
      </trkpt>
      <trkpt lat="51.3440041" lon="-117.17693642">
      </trkpt>
      <trkpt lat="51.344002" lon="-117.17695546">
      </trkpt>
      <trkpt lat="51.34400159" lon="-117.17697783">
      </trkpt>
      <trkpt lat="51.3439974" lon="-117.17700567">
      </trkpt>
      <trkpt lat="51.34399664" lon="-117.17702326">
      </trkpt>
      <trkpt lat="51.34399731" lon="-117.17703441">
      </trkpt>
      <trkpt lat="51.34399345" lon="-117.17704548">
      </trkpt>
      <trkpt lat="51.34398724" lon="-117.17706022">
      </trkpt>
      <trkpt lat="51.34398072" lon="-117.17707574">
      </trkpt>
      <trkpt lat="51.34398322" lon="-117.17709342">
      </trkpt>
      <trkpt lat="51.34398264" lon="-117.17711462">
      </trkpt>
      <trkpt lat="51.34398675" lon="-117.17713549">
      </trkpt>
      <trkpt lat="51.3439844" lon="-117.17715478">
      </trkpt>
      <trkpt lat="51.34397911" lon="-117.17717632">
      </trkpt>
      <trkpt lat="51.3439813" lon="-117.17719442">
      </trkpt>
      <trkpt lat="51.34397861" lon="-117.17721303">
      </trkpt>
      <trkpt lat="51.34397937" lon="-117.17723314">
      </trkpt>
      <trkpt lat="51.34397903" lon="-117.17725033">
      </trkpt>
      <trkpt lat="51.34398248" lon="-117.17726818">
      </trkpt>
      <trkpt lat="51.3439797" lon="-117.17728696">
      </trkpt>
      <trkpt lat="51.34397434" lon="-117.17730624">
      </trkpt>
      <trkpt lat="51.34396772" lon="-117.17732401">
      </trkpt>
      <trkpt lat="51.34396889" lon="-117.17733925">
      </trkpt>
      <trkpt lat="51.34397091" lon="-117.17735375">
      </trkpt>
      <trkpt lat="51.3439735" lon="-117.17737345">
      </trkpt>
      <trkpt lat="51.34397032" lon="-117.17739039">
      </trkpt>
      <trkpt lat="51.34397216" lon="-117.17740498">
      </trkpt>
      <trkpt lat="51.34397258" lon="-117.17741906">
      </trkpt>
      <trkpt lat="51.34396831" lon="-117.17743892">
      </trkpt>
      <trkpt lat="51.34397183" lon="-117.17745417">
      </trkpt>
      <trkpt lat="51.34397468" lon="-117.17746901">
      </trkpt>
      <trkpt lat="51.34398273" lon="-117.17748193">
      </trkpt>
      <trkpt lat="51.34398985" lon="-117.17749324">
      </trkpt>
      <trkpt lat="51.34399605" lon="-117.17750305">
      </trkpt>
      <trkpt lat="51.34399924" lon="-117.17751487">
      </trkpt>
      <trkpt lat="51.34400653" lon="-117.17752425">
      </trkpt>
      <trkpt lat="51.34401491" lon="-117.17753271">
      </trkpt>
      <trkpt lat="51.3440227" lon="-117.17754411">
      </trkpt>
      <trkpt lat="51.3440279" lon="-117.1775602">
      </trkpt>
      <trkpt lat="51.34403393" lon="-117.17757714">
      </trkpt>
      <trkpt lat="51.34404106" lon="-117.17759457">
      </trkpt>
      <trkpt lat="51.34404668" lon="-117.17761201">
      </trkpt>
      <trkpt lat="51.34405296" lon="-117.177626">
      </trkpt>
      <trkpt lat="51.34405849" lon="-117.17764084">
      </trkpt>
      <trkpt lat="51.34406285" lon="-117.17765467">
      </trkpt>
      <trkpt lat="51.34406931" lon="-117.17766623">
      </trkpt>
      <trkpt lat="51.34407501" lon="-117.17767597">
      </trkpt>
      <trkpt lat="51.34407685" lon="-117.17769021">
      </trkpt>
      <trkpt lat="51.34407962" lon="-117.17770857">
      </trkpt>
      <trkpt lat="51.34407987" lon="-117.17772576">
      </trkpt>
      <trkpt lat="51.34408247" lon="-117.17773732">
      </trkpt>
      <trkpt lat="51.34408817" lon="-117.17774553">
      </trkpt>
      <trkpt lat="51.34409043" lon="-117.17775769">
      </trkpt>
      <trkpt lat="51.3440916" lon="-117.17777185">
      </trkpt>
      <trkpt lat="51.34409378" lon="-117.17778392">
      </trkpt>
      <trkpt lat="51.34409185" lon="-117.17779356">
      </trkpt>
      <trkpt lat="51.34409168" lon="-117.17780479">
      </trkpt>
      <trkpt lat="51.34409973" lon="-117.17781686">
      </trkpt>
      <trkpt lat="51.3441108" lon="-117.17782894">
      </trkpt>
      <trkpt lat="51.34412077" lon="-117.17784117">
      </trkpt>
      <trkpt lat="51.3441294" lon="-117.17785123">
      </trkpt>
      <trkpt lat="51.34413619" lon="-117.17785869">
      </trkpt>
      <trkpt lat="51.34414173" lon="-117.17786649">
      </trkpt>
      <trkpt lat="51.34414416" lon="-117.17787931">
      </trkpt>
      <trkpt lat="51.34414718" lon="-117.17789331">
      </trkpt>
      <trkpt lat="51.34414717" lon="-117.1779078">
      </trkpt>
      <trkpt lat="51.34415161" lon="-117.17792038">
      </trkpt>
      <trkpt lat="51.3441569" lon="-117.17792994">
      </trkpt>
      <trkpt lat="51.34416" lon="-117.1779436">
      </trkpt>
      <trkpt lat="51.34416444" lon="-117.17795911">
      </trkpt>
      <trkpt lat="51.3441693" lon="-117.17797545">
      </trkpt>
      <trkpt lat="51.34417341" lon="-117.17799239">
      </trkpt>
      <trkpt lat="51.3441781" lon="-117.1780083">
      </trkpt>
      <trkpt lat="51.34418347" lon="-117.17801845">
      </trkpt>
      <trkpt lat="51.34419009" lon="-117.17802264">
      </trkpt>
      <trkpt lat="51.34419789" lon="-117.1780306">
      </trkpt>
      <trkpt lat="51.34420517" lon="-117.17804233">
      </trkpt>
      <trkpt lat="51.34421281" lon="-117.17805743">
      </trkpt>
      <trkpt lat="51.34421439" lon="-117.17807611">
      </trkpt>
      <trkpt lat="51.34421448" lon="-117.17809523">
      </trkpt>
      <trkpt lat="51.34421373" lon="-117.17811048">
      </trkpt>
      <trkpt lat="51.3442128" lon="-117.17813026">
      </trkpt>
      <trkpt lat="51.34421281" lon="-117.17815397">
      </trkpt>
      <trkpt lat="51.3442118" lon="-117.17817577">
      </trkpt>
      <trkpt lat="51.34421055" lon="-117.17819262">
      </trkpt>
      <trkpt lat="51.34421163" lon="-117.17820729">
      </trkpt>
      <trkpt lat="51.34421624" lon="-117.17822321">
      </trkpt>
      <trkpt lat="51.34422278" lon="-117.17823865">
      </trkpt>
      <trkpt lat="51.34423066" lon="-117.1782523">
      </trkpt>
      <trkpt lat="51.34423669" lon="-117.17826261">
      </trkpt>
      <trkpt lat="51.34423837" lon="-117.17827292">
      </trkpt>
      <trkpt lat="51.34423829" lon="-117.17828416">
      </trkpt>
      <trkpt lat="51.34424105" lon="-117.17829254">
      </trkpt>
      <trkpt lat="51.3442439" lon="-117.17829857">
      </trkpt>
      <trkpt lat="51.34425195" lon="-117.17830545">
      </trkpt>
      <trkpt lat="51.3442589" lon="-117.17831215">
      </trkpt>
      <trkpt lat="51.34426293" lon="-117.17831408">
      </trkpt>
      <trkpt lat="51.344262" lon="-117.17831558">
      </trkpt>
      <trkpt lat="51.34425857" lon="-117.17831382">
      </trkpt>
      <trkpt lat="51.34425774" lon="-117.17831374">
      </trkpt>
      <trkpt lat="51.34425631" lon="-117.17831458">
      </trkpt>
      <trkpt lat="51.34425203" lon="-117.17831994">
      </trkpt>
      <trkpt lat="51.34424876" lon="-117.1783228">
      </trkpt>
      <trkpt lat="51.34424499" lon="-117.17832137">
      </trkpt>
      <trkpt lat="51.34424281" lon="-117.17832039">
      </trkpt>
      <trkpt lat="51.34424281" lon="-117.17832086">
      </trkpt>
      <trkpt lat="51.34424231" lon="-117.17832095">
      </trkpt>
      <trkpt lat="51.34424231" lon="-117.17832078">
      </trkpt>
      <trkpt lat="51.34424181" lon="-117.17832095">
      </trkpt>
      <trkpt lat="51.34424089" lon="-117.17832154">
      </trkpt>
      <trkpt lat="51.3442398" lon="-117.17832221">
      </trkpt>
      <trkpt lat="51.34424064" lon="-117.17832288">
      </trkpt>
      <trkpt lat="51.34424265" lon="-117.17832807">
      </trkpt>
      <trkpt lat="51.3442403" lon="-117.17833093">
      </trkpt>
      <trkpt lat="51.34423711" lon="-117.1783357">
      </trkpt>
      <trkpt lat="51.34423435" lon="-117.17834409">
      </trkpt>
      <trkpt lat="51.34423611" lon="-117.17835205">
      </trkpt>
      <trkpt lat="51.34423695" lon="-117.17836436">
      </trkpt>
      <trkpt lat="51.34424516" lon="-117.17836813">
      </trkpt>
      <trkpt lat="51.34425245" lon="-117.17838365">
      </trkpt>
      <trkpt lat="51.34425891" lon="-117.17839891">
      </trkpt>
      <trkpt lat="51.3442672" lon="-117.17840921">
      </trkpt>
      <trkpt lat="51.34427366" lon="-117.17842061">
      </trkpt>
      <trkpt lat="51.34428179" lon="-117.17842614">
      </trkpt>
      <trkpt lat="51.34428833" lon="-117.17843453">
      </trkpt>
      <trkpt lat="51.34429369" lon="-117.17844836">
      </trkpt>
      <trkpt lat="51.34430082" lon="-117.17846143">
      </trkpt>
      <trkpt lat="51.34430911" lon="-117.17847694">
      </trkpt>
      <trkpt lat="51.34431582" lon="-117.17849202">
      </trkpt>
      <trkpt lat="51.34432311" lon="-117.1785015">
      </trkpt>
      <trkpt lat="51.34433166" lon="-117.17850804">
      </trkpt>
      <trkpt lat="51.34434021" lon="-117.17851817">
      </trkpt>
      <trkpt lat="51.34434717" lon="-117.17852916">
      </trkpt>
      <trkpt lat="51.3443532" lon="-117.1785398">
      </trkpt>
      <trkpt lat="51.34435957" lon="-117.17854802">
      </trkpt>
      <trkpt lat="51.34436988" lon="-117.17855666">
      </trkpt>
      <trkpt lat="51.34438087" lon="-117.17856655">
      </trkpt>
      <trkpt lat="51.34439041" lon="-117.17857861">
      </trkpt>
      <trkpt lat="51.34439813" lon="-117.17859127">
      </trkpt>
      <trkpt lat="51.344405" lon="-117.17860007">
      </trkpt>
      <trkpt lat="51.34441272" lon="-117.17860442">
      </trkpt>
      <trkpt lat="51.34441933" lon="-117.17860979">
      </trkpt>
      <trkpt lat="51.34442621" lon="-117.17862278">
      </trkpt>
      <trkpt lat="51.34443249" lon="-117.17863787">
      </trkpt>
      <trkpt lat="51.34443752" lon="-117.17864818">
      </trkpt>
      <trkpt lat="51.34444289" lon="-117.17865531">
      </trkpt>
      <trkpt lat="51.34444943" lon="-117.17866351">
      </trkpt>
      <trkpt lat="51.34445966" lon="-117.17867416">
      </trkpt>
      <trkpt lat="51.34446653" lon="-117.17868556">
      </trkpt>
      <trkpt lat="51.34447206" lon="-117.17869805">
      </trkpt>
      <trkpt lat="51.34447809" lon="-117.17870753">
      </trkpt>
      <trkpt lat="51.34448446" lon="-117.17871709">
      </trkpt>
      <trkpt lat="51.34448924" lon="-117.17872966">
      </trkpt>
      <trkpt lat="51.34449326" lon="-117.17874122">
      </trkpt>
      <trkpt lat="51.34449754" lon="-117.17875135">
      </trkpt>
      <trkpt lat="51.34450215" lon="-117.17876503">
      </trkpt>
      <trkpt lat="51.34450684" lon="-117.17878053">
      </trkpt>
      <trkpt lat="51.34451371" lon="-117.1787983">
      </trkpt>
      <trkpt lat="51.34452101" lon="-117.1788123">
      </trkpt>
      <trkpt lat="51.34453149" lon="-117.17882177">
      </trkpt>
      <trkpt lat="51.3445402" lon="-117.17883199">
      </trkpt>
      <trkpt lat="51.34454792" lon="-117.17883979">
      </trkpt>
      <trkpt lat="51.34455638" lon="-117.17884658">
      </trkpt>
      <trkpt lat="51.34456375" lon="-117.17885169">
      </trkpt>
      <trkpt lat="51.34457348" lon="-117.17885496">
      </trkpt>
      <trkpt lat="51.3445811" lon="-117.17885781">
      </trkpt>
      <trkpt lat="51.34458698" lon="-117.1788584">
      </trkpt>
      <trkpt lat="51.34459569" lon="-117.17885748">
      </trkpt>
      <trkpt lat="51.34460525" lon="-117.17886175">
      </trkpt>
      <trkpt lat="51.34461195" lon="-117.1788729">
      </trkpt>
      <trkpt lat="51.34461338" lon="-117.1788884">
      </trkpt>
      <trkpt lat="51.3446153" lon="-117.17890399">
      </trkpt>
      <trkpt lat="51.34461782" lon="-117.17891599">
      </trkpt>
      <trkpt lat="51.34462025" lon="-117.17892302">
      </trkpt>
      <trkpt lat="51.34462611" lon="-117.17892989">
      </trkpt>
      <trkpt lat="51.34462226" lon="-117.17894238">
      </trkpt>
      <trkpt lat="51.34461756" lon="-117.17895336">
      </trkpt>
      <trkpt lat="51.34461405" lon="-117.17896199">
      </trkpt>
      <trkpt lat="51.34461388" lon="-117.17896879">
      </trkpt>
      <trkpt lat="51.34460994" lon="-117.17897909">
      </trkpt>
      <trkpt lat="51.34460466" lon="-117.17899293">
      </trkpt>
      <trkpt lat="51.34460474" lon="-117.17900215">
      </trkpt>
      <trkpt lat="51.34460483" lon="-117.17901162">
      </trkpt>
      <trkpt lat="51.34460801" lon="-117.17902285">
      </trkpt>
      <trkpt lat="51.34461254" lon="-117.17903425">
      </trkpt>
      <trkpt lat="51.34461656" lon="-117.17904373">
      </trkpt>
      <trkpt lat="51.3446205" lon="-117.17905361">
      </trkpt>
      <trkpt lat="51.34462461" lon="-117.179062">
      </trkpt>
      <trkpt lat="51.34463006" lon="-117.17906912">
      </trkpt>
      <trkpt lat="51.3446376" lon="-117.1790744">
      </trkpt>
      <trkpt lat="51.34464682" lon="-117.17907943">
      </trkpt>
      <trkpt lat="51.34465596" lon="-117.17908606">
      </trkpt>
      <trkpt lat="51.34466165" lon="-117.17909443">
      </trkpt>
      <trkpt lat="51.34466694" lon="-117.17910423">
      </trkpt>
      <trkpt lat="51.34467037" lon="-117.17911564">
      </trkpt>
      <trkpt lat="51.34467306" lon="-117.17912721">
      </trkpt>
      <trkpt lat="51.34467758" lon="-117.17913667">
      </trkpt>
      <trkpt lat="51.34468169" lon="-117.17914606">
      </trkpt>
      <trkpt lat="51.34468755" lon="-117.17915386">
      </trkpt>
      <trkpt lat="51.34469468" lon="-117.17916291">
      </trkpt>
      <trkpt lat="51.34470072" lon="-117.17917414">
      </trkpt>
      <trkpt lat="51.34470047" lon="-117.17918537">
      </trkpt>
      <trkpt lat="51.34469611" lon="-117.17919577">
      </trkpt>
      <trkpt lat="51.34469317" lon="-117.17920533">
      </trkpt>
      <trkpt lat="51.34469887" lon="-117.1792127">
      </trkpt>
      <trkpt lat="51.34469996" lon="-117.17922259">
      </trkpt>
      <trkpt lat="51.34469737" lon="-117.1792334">
      </trkpt>
      <trkpt lat="51.34469762" lon="-117.17924053">
      </trkpt>
      <trkpt lat="51.34469887" lon="-117.17924975">
      </trkpt>
      <trkpt lat="51.34469946" lon="-117.17926248">
      </trkpt>
      <trkpt lat="51.34470046" lon="-117.17927297">
      </trkpt>
      <trkpt lat="51.34469929" lon="-117.17928311">
      </trkpt>
      <trkpt lat="51.34469878" lon="-117.1792935">
      </trkpt>
      <trkpt lat="51.34469913" lon="-117.17930515">
      </trkpt>
      <trkpt lat="51.34469937" lon="-117.17931454">
      </trkpt>
      <trkpt lat="51.34470013" lon="-117.17932451">
      </trkpt>
      <trkpt lat="51.34469845" lon="-117.17933374">
      </trkpt>
      <trkpt lat="51.34470114" lon="-117.17934304">
      </trkpt>
      <trkpt lat="51.34470667" lon="-117.17935066">
      </trkpt>
      <trkpt lat="51.34471011" lon="-117.17936131">
      </trkpt>
      <trkpt lat="51.3447137" lon="-117.17937414">
      </trkpt>
      <trkpt lat="51.34471521" lon="-117.17938545">
      </trkpt>
      <trkpt lat="51.34471538" lon="-117.17939768">
      </trkpt>
      <trkpt lat="51.34471606" lon="-117.17940976">
      </trkpt>
      <trkpt lat="51.34471789" lon="-117.17942099">
      </trkpt>
      <trkpt lat="51.34472259" lon="-117.1794313">
      </trkpt>
      <trkpt lat="51.34472754" lon="-117.17944035">
      </trkpt>
      <trkpt lat="51.34473273" lon="-117.1794484">
      </trkpt>
      <trkpt lat="51.34474028" lon="-117.17945561">
      </trkpt>
      <trkpt lat="51.34474455" lon="-117.17946147">
      </trkpt>
      <trkpt lat="51.3447443" lon="-117.17946834">
      </trkpt>
      <trkpt lat="51.34473944" lon="-117.17947439">
      </trkpt>
      <trkpt lat="51.34473659" lon="-117.17948009">
      </trkpt>
      <trkpt lat="51.34473534" lon="-117.17948855">
      </trkpt>
      <trkpt lat="51.34473215" lon="-117.17949819">
      </trkpt>
      <trkpt lat="51.34473357" lon="-117.1795085">
      </trkpt>
      <trkpt lat="51.34473592" lon="-117.17952157">
      </trkpt>
      <trkpt lat="51.34473735" lon="-117.17953566">
      </trkpt>
      <trkpt lat="51.3447438" lon="-117.1795432">
      </trkpt>
      <trkpt lat="51.34475109" lon="-117.1795509">
      </trkpt>
      <trkpt lat="51.34475779" lon="-117.17956122">
      </trkpt>
      <trkpt lat="51.34476208" lon="-117.17956843">
      </trkpt>
      <trkpt lat="51.34476408" lon="-117.17957857">
      </trkpt>
      <trkpt lat="51.34476685" lon="-117.17959215">
      </trkpt>
      <trkpt lat="51.34476937" lon="-117.17960229">
      </trkpt>
      <trkpt lat="51.34477079" lon="-117.17960925">
      </trkpt>
      <trkpt lat="51.34477053" lon="-117.17961956">
      </trkpt>
      <trkpt lat="51.34476777" lon="-117.17963105">
      </trkpt>
      <trkpt lat="51.34476576" lon="-117.17964529">
      </trkpt>
      <trkpt lat="51.3447666" lon="-117.17965821">
      </trkpt>
      <trkpt lat="51.34476845" lon="-117.17966583">
      </trkpt>
      <trkpt lat="51.34476785" lon="-117.17967429">
      </trkpt>
      <trkpt lat="51.34476835" lon="-117.17968235">
      </trkpt>
      <trkpt lat="51.34476928" lon="-117.17968979">
      </trkpt>
      <trkpt lat="51.34476995" lon="-117.17969525">
      </trkpt>
      <trkpt lat="51.34476668" lon="-117.17970396">
      </trkpt>
      <trkpt lat="51.34476668" lon="-117.17971193">
      </trkpt>
      <trkpt lat="51.34476769" lon="-117.17972199">
      </trkpt>
      <trkpt lat="51.34476744" lon="-117.1797281">
      </trkpt>
      <trkpt lat="51.34476828" lon="-117.17973397">
      </trkpt>
      <trkpt lat="51.34476132" lon="-117.1797483">
      </trkpt>
      <trkpt lat="51.34475914" lon="-117.17975677">
      </trkpt>
      <trkpt lat="51.34475545" lon="-117.17976565">
      </trkpt>
      <trkpt lat="51.34475252" lon="-117.17977429">
      </trkpt>
      <trkpt lat="51.34475293" lon="-117.179783">
      </trkpt>
      <trkpt lat="51.34475344" lon="-117.17979181">
      </trkpt>
      <trkpt lat="51.34475402" lon="-117.17979969">
      </trkpt>
      <trkpt lat="51.34475503" lon="-117.17980731">
      </trkpt>
      <trkpt lat="51.34475738" lon="-117.17982088">
      </trkpt>
      <trkpt lat="51.34475897" lon="-117.17983338">
      </trkpt>
      <trkpt lat="51.34475586" lon="-117.17984545">
      </trkpt>
      <trkpt lat="51.3447583" lon="-117.17985198">
      </trkpt>
      <trkpt lat="51.34475947" lon="-117.1798561">
      </trkpt>
      <trkpt lat="51.34475972" lon="-117.1798639">
      </trkpt>
      <trkpt lat="51.34475964" lon="-117.17987378">
      </trkpt>
      <trkpt lat="51.34475956" lon="-117.1798846">
      </trkpt>
      <trkpt lat="51.3447604" lon="-117.17989481">
      </trkpt>
      <trkpt lat="51.3447614" lon="-117.1799063">
      </trkpt>
      <trkpt lat="51.34476073" lon="-117.17991629">
      </trkpt>
      <trkpt lat="51.34476166" lon="-117.17992734">
      </trkpt>
      <trkpt lat="51.34476073" lon="-117.17993488">
      </trkpt>
      <trkpt lat="51.34475905" lon="-117.17993823">
      </trkpt>
      <trkpt lat="51.34475679" lon="-117.17993974">
      </trkpt>
      <trkpt lat="51.34475595" lon="-117.17994511">
      </trkpt>
      <trkpt lat="51.34475705" lon="-117.17995584">
      </trkpt>
      <trkpt lat="51.34475537" lon="-117.17996565">
      </trkpt>
      <trkpt lat="51.34475855" lon="-117.17997059">
      </trkpt>
      <trkpt lat="51.34475729" lon="-117.17998098">
      </trkpt>
      <trkpt lat="51.34475587" lon="-117.1799902">
      </trkpt>
      <trkpt lat="51.34475562" lon="-117.17999424">
      </trkpt>
      <trkpt lat="51.34475092" lon="-117.18000479">
      </trkpt>
      <trkpt lat="51.34474966" lon="-117.18001552">
      </trkpt>
      <trkpt lat="51.34475226" lon="-117.180027">
      </trkpt>
      <trkpt lat="51.34475202" lon="-117.18003739">
      </trkpt>
      <trkpt lat="51.34474833" lon="-117.18004528">
      </trkpt>
      <trkpt lat="51.34474623" lon="-117.18004946">
      </trkpt>
      <trkpt lat="51.34474488" lon="-117.1800555">
      </trkpt>
      <trkpt lat="51.34474221" lon="-117.18005844">
      </trkpt>
      <trkpt lat="51.34474296" lon="-117.18006606">
      </trkpt>
      <trkpt lat="51.34474187" lon="-117.18007209">
      </trkpt>
      <trkpt lat="51.34474154" lon="-117.18007779">
      </trkpt>
      <trkpt lat="51.34473928" lon="-117.18008198">
      </trkpt>
      <trkpt lat="51.34473752" lon="-117.18008852">
      </trkpt>
      <trkpt lat="51.34473969" lon="-117.18010118">
      </trkpt>
      <trkpt lat="51.34473751" lon="-117.18011167">
      </trkpt>
      <trkpt lat="51.34474112" lon="-117.18011552">
      </trkpt>
      <trkpt lat="51.34474179" lon="-117.18012172">
      </trkpt>
      <trkpt lat="51.34473944" lon="-117.18013153">
      </trkpt>
      <trkpt lat="51.344735" lon="-117.18014159">
      </trkpt>
      <trkpt lat="51.34473442" lon="-117.18014787">
      </trkpt>
      <trkpt lat="51.34473516" lon="-117.18015316">
      </trkpt>
      <trkpt lat="51.34473408" lon="-117.18016263">
      </trkpt>
      <trkpt lat="51.34473474" lon="-117.18016975">
      </trkpt>
      <trkpt lat="51.34473919" lon="-117.18017922">
      </trkpt>
      <trkpt lat="51.34474204" lon="-117.1801871">
      </trkpt>
      <trkpt lat="51.34474263" lon="-117.18019582">
      </trkpt>
      <trkpt lat="51.34474447" lon="-117.18020562">
      </trkpt>
      <trkpt lat="51.34474438" lon="-117.18021919">
      </trkpt>
      <trkpt lat="51.3447469" lon="-117.18023085">
      </trkpt>
      <trkpt lat="51.34474916" lon="-117.1802446">
      </trkpt>
      <trkpt lat="51.34475134" lon="-117.18025776">
      </trkpt>
      <trkpt lat="51.34475327" lon="-117.18026916">
      </trkpt>
      <trkpt lat="51.3447557" lon="-117.18028031">
      </trkpt>
      <trkpt lat="51.34475285" lon="-117.18029397">
      </trkpt>
      <trkpt lat="51.34475452" lon="-117.18030411">
      </trkpt>
      <trkpt lat="51.34475671" lon="-117.18031576">
      </trkpt>
      <trkpt lat="51.34475671" lon="-117.18032657">
      </trkpt>
      <trkpt lat="51.34475687" lon="-117.18033898">
      </trkpt>
      <trkpt lat="51.34475419" lon="-117.18035096">
      </trkpt>
      <trkpt lat="51.34474832" lon="-117.18035993">
      </trkpt>
      <trkpt lat="51.34474338" lon="-117.18036589">
      </trkpt>
      <trkpt lat="51.34474221" lon="-117.18037007">
      </trkpt>
      <trkpt lat="51.34474003" lon="-117.18037426">
      </trkpt>
      <trkpt lat="51.3447417" lon="-117.18037771">
      </trkpt>
      <trkpt lat="51.34474153" lon="-117.18038458">
      </trkpt>
      <trkpt lat="51.34474087" lon="-117.18038961">
      </trkpt>
      <trkpt lat="51.34474254" lon="-117.18039379">
      </trkpt>
      <trkpt lat="51.34474355" lon="-117.1803964">
      </trkpt>
      <trkpt lat="51.34474699" lon="-117.180401">
      </trkpt>
      <trkpt lat="51.34475411" lon="-117.18040863">
      </trkpt>
      <trkpt lat="51.34475494" lon="-117.18041761">
      </trkpt>
      <trkpt lat="51.34475512" lon="-117.18042481">
      </trkpt>
      <trkpt lat="51.34475193" lon="-117.18043068">
      </trkpt>
      <trkpt lat="51.34475067" lon="-117.18043017">
      </trkpt>
      <trkpt lat="51.34474983" lon="-117.18043243">
      </trkpt>
      <trkpt lat="51.34474933" lon="-117.18043805">
      </trkpt>
      <trkpt lat="51.34475436" lon="-117.18043873">
      </trkpt>
      <trkpt lat="51.3447547" lon="-117.18044258">
      </trkpt>
      <trkpt lat="51.34475009" lon="-117.18045004">
      </trkpt>
      <trkpt lat="51.34474875" lon="-117.18045229">
      </trkpt>
      <trkpt lat="51.344749" lon="-117.18045759">
      </trkpt>
      <trkpt lat="51.34474983" lon="-117.18046639">
      </trkpt>
      <trkpt lat="51.34475017" lon="-117.1804751">
      </trkpt>
      <trkpt lat="51.34474883" lon="-117.18048633">
      </trkpt>
      <trkpt lat="51.34474623" lon="-117.18049715">
      </trkpt>
      <trkpt lat="51.34474338" lon="-117.18050652">
      </trkpt>
      <trkpt lat="51.34474296" lon="-117.1805124">
      </trkpt>
      <trkpt lat="51.34474908" lon="-117.18051735">
      </trkpt>
      <trkpt lat="51.34475109" lon="-117.18052815">
      </trkpt>
      <trkpt lat="51.34475595" lon="-117.18053746">
      </trkpt>
      <trkpt lat="51.34475931" lon="-117.18054106">
      </trkpt>
      <trkpt lat="51.34475813" lon="-117.18054676">
      </trkpt>
      <trkpt lat="51.34475931" lon="-117.1805554">
      </trkpt>
      <trkpt lat="51.34476023" lon="-117.18056428">
      </trkpt>
      <trkpt lat="51.34476391" lon="-117.18057116">
      </trkpt>
      <trkpt lat="51.34476525" lon="-117.18057937">
      </trkpt>
      <trkpt lat="51.34476593" lon="-117.18058985">
      </trkpt>
      <trkpt lat="51.34476735" lon="-117.18059756">
      </trkpt>
      <trkpt lat="51.34476509" lon="-117.18060469">
      </trkpt>
      <trkpt lat="51.34476166" lon="-117.18061307">
      </trkpt>
      <trkpt lat="51.34476467" lon="-117.18062144">
      </trkpt>
      <trkpt lat="51.34476835" lon="-117.18063058">
      </trkpt>
      <trkpt lat="51.3447702" lon="-117.1806419">
      </trkpt>
      <trkpt lat="51.34477297" lon="-117.1806507">
      </trkpt>
      <trkpt lat="51.34477557" lon="-117.18065992">
      </trkpt>
      <trkpt lat="51.34477791" lon="-117.18066838">
      </trkpt>
      <trkpt lat="51.34478076" lon="-117.18067634">
      </trkpt>
      <trkpt lat="51.34478236" lon="-117.18068632">
      </trkpt>
      <trkpt lat="51.34478236" lon="-117.18069445">
      </trkpt>
      <trkpt lat="51.34478311" lon="-117.18069857">
      </trkpt>
      <trkpt lat="51.34478286" lon="-117.18070199">
      </trkpt>
      <trkpt lat="51.34478177" lon="-117.18070686">
      </trkpt>
      <trkpt lat="51.34478127" lon="-117.18071483">
      </trkpt>
      <trkpt lat="51.34477926" lon="-117.18072673">
      </trkpt>
      <trkpt lat="51.34477641" lon="-117.18073611">
      </trkpt>
      <trkpt lat="51.34477875" lon="-117.18074291">
      </trkpt>
      <trkpt lat="51.34477674" lon="-117.18075346">
      </trkpt>
      <trkpt lat="51.34477506" lon="-117.18076252">
      </trkpt>
      <trkpt lat="51.34477221" lon="-117.18076813">
      </trkpt>
      <trkpt lat="51.34477138" lon="-117.18077669">
      </trkpt>
      <trkpt lat="51.34477054" lon="-117.18078465">
      </trkpt>
      <trkpt lat="51.34477431" lon="-117.18078741">
      </trkpt>
      <trkpt lat="51.34477037" lon="-117.18079721">
      </trkpt>
      <trkpt lat="51.34476861" lon="-117.18081264">
      </trkpt>
      <trkpt lat="51.34476719" lon="-117.18082387">
      </trkpt>
      <trkpt lat="51.34476643" lon="-117.18082681">
      </trkpt>
      <trkpt lat="51.34476593" lon="-117.18082873">
      </trkpt>
      <trkpt lat="51.34476417" lon="-117.18083837">
      </trkpt>
      <trkpt lat="51.34476509" lon="-117.18084524">
      </trkpt>
      <trkpt lat="51.34476467" lon="-117.18085128">
      </trkpt>
      <trkpt lat="51.34476652" lon="-117.18085656">
      </trkpt>
      <trkpt lat="51.34476668" lon="-117.18086644">
      </trkpt>
      <trkpt lat="51.34476752" lon="-117.18087869">
      </trkpt>
      <trkpt lat="51.34476919" lon="-117.18089092">
      </trkpt>
      <trkpt lat="51.34477104" lon="-117.18090165">
      </trkpt>
      <trkpt lat="51.34477347" lon="-117.18090978">
      </trkpt>
      <trkpt lat="51.34477976" lon="-117.18092144">
      </trkpt>
      <trkpt lat="51.34478152" lon="-117.18093267">
      </trkpt>
      <trkpt lat="51.34478881" lon="-117.18094071">
      </trkpt>
      <trkpt lat="51.34479602" lon="-117.1809511">
      </trkpt>
      <trkpt lat="51.34480247" lon="-117.18096393">
      </trkpt>
      <trkpt lat="51.34480432" lon="-117.18097659">
      </trkpt>
      <trkpt lat="51.34480675" lon="-117.18098422">
      </trkpt>
      <trkpt lat="51.34481295" lon="-117.18099252">
      </trkpt>
      <trkpt lat="51.34481781" lon="-117.18100307">
      </trkpt>
      <trkpt lat="51.34482133" lon="-117.18101264">
      </trkpt>
      <trkpt lat="51.34482259" lon="-117.18102478">
      </trkpt>
      <trkpt lat="51.34482334" lon="-117.18103812">
      </trkpt>
      <trkpt lat="51.34482166" lon="-117.18104917">
      </trkpt>
      <trkpt lat="51.34482208" lon="-117.18105765">
      </trkpt>
      <trkpt lat="51.34482192" lon="-117.18106778">
      </trkpt>
      <trkpt lat="51.34482217" lon="-117.18108295">
      </trkpt>
      <trkpt lat="51.34482527" lon="-117.18109729">
      </trkpt>
      <trkpt lat="51.34483198" lon="-117.18110768">
      </trkpt>
      <trkpt lat="51.34483634" lon="-117.18111891">
      </trkpt>
      <trkpt lat="51.34483801" lon="-117.1811319">
      </trkpt>
      <trkpt lat="51.34484195" lon="-117.18114297">
      </trkpt>
      <trkpt lat="51.34484606" lon="-117.18115261">
      </trkpt>
      <trkpt lat="51.34484924" lon="-117.18116509">
      </trkpt>
      <trkpt lat="51.34485352" lon="-117.1811806">
      </trkpt>
      <trkpt lat="51.34485871" lon="-117.1811951">
      </trkpt>
      <trkpt lat="51.34486157" lon="-117.18120659">
      </trkpt>
      <trkpt lat="51.34486282" lon="-117.18121657">
      </trkpt>
      <trkpt lat="51.34486484" lon="-117.18122536">
      </trkpt>
      <trkpt lat="51.34487431" lon="-117.18123333">
      </trkpt>
      <trkpt lat="51.34487933" lon="-117.18124288">
      </trkpt>
      <trkpt lat="51.3448826" lon="-117.18125327">
      </trkpt>
      <trkpt lat="51.34488587" lon="-117.18126484">
      </trkpt>
      <trkpt lat="51.34488906" lon="-117.18127608">
      </trkpt>
      <trkpt lat="51.34489174" lon="-117.1812858">
      </trkpt>
      <trkpt lat="51.34489308" lon="-117.18129444">
      </trkpt>
      <trkpt lat="51.34489602" lon="-117.18130122">
      </trkpt>
      <trkpt lat="51.34489769" lon="-117.1813148">
      </trkpt>
      <trkpt lat="51.3449002" lon="-117.1813262">
      </trkpt>
      <trkpt lat="51.34490239" lon="-117.18133701">
      </trkpt>
      <trkpt lat="51.34490356" lon="-117.18135">
      </trkpt>
      <trkpt lat="51.34490456" lon="-117.18136274">
      </trkpt>
      <trkpt lat="51.34490666" lon="-117.18137549">
      </trkpt>
      <trkpt lat="51.34490758" lon="-117.18138521">
      </trkpt>
      <trkpt lat="51.34491169" lon="-117.18139502">
      </trkpt>
      <trkpt lat="51.34491655" lon="-117.18140575">
      </trkpt>
      <trkpt lat="51.34491998" lon="-117.18141982">
      </trkpt>
      <trkpt lat="51.34492225" lon="-117.18143156">
      </trkpt>
      <trkpt lat="51.34492427" lon="-117.18143827">
      </trkpt>
      <trkpt lat="51.34492711" lon="-117.18144749">
      </trkpt>
      <trkpt lat="51.34492712" lon="-117.18146014">
      </trkpt>
      <trkpt lat="51.34492896" lon="-117.18147246">
      </trkpt>
      <trkpt lat="51.34493139" lon="-117.18148303">
      </trkpt>
      <trkpt lat="51.34492786" lon="-117.18149157">
      </trkpt>
      <trkpt lat="51.34492359" lon="-117.18150288">
      </trkpt>
      <trkpt lat="51.34492393" lon="-117.18150893">
      </trkpt>
      <trkpt lat="51.34492225" lon="-117.18151739">
      </trkpt>
      <trkpt lat="51.34491605" lon="-117.18152938">
      </trkpt>
      <trkpt lat="51.34491278" lon="-117.18154077">
      </trkpt>
      <trkpt lat="51.34491001" lon="-117.18155326">
      </trkpt>
      <trkpt lat="51.34491168" lon="-117.18155963">
      </trkpt>
      <trkpt lat="51.3449142" lon="-117.18156952">
      </trkpt>
      <trkpt lat="51.34491487" lon="-117.18158143">
      </trkpt>
      <trkpt lat="51.34491747" lon="-117.18159165">
      </trkpt>
      <trkpt lat="51.34492082" lon="-117.18160196">
      </trkpt>
      <trkpt lat="51.34492099" lon="-117.18161295">
      </trkpt>
      <trkpt lat="51.34492736" lon="-117.18162224">
      </trkpt>
      <trkpt lat="51.34493013" lon="-117.18163339">
      </trkpt>
      <trkpt lat="51.3449313" lon="-117.18164613">
      </trkpt>
      <trkpt lat="51.34493289" lon="-117.18165813">
      </trkpt>
      <trkpt lat="51.34493507" lon="-117.18166877">
      </trkpt>
      <trkpt lat="51.34493692" lon="-117.18168319">
      </trkpt>
      <trkpt lat="51.34494245" lon="-117.18169726">
      </trkpt>
      <trkpt lat="51.34494187" lon="-117.18170866">
      </trkpt>
      <trkpt lat="51.34494262" lon="-117.1817204">
      </trkpt>
      <trkpt lat="51.34494589" lon="-117.1817308">
      </trkpt>
      <trkpt lat="51.34495058" lon="-117.18174094">
      </trkpt>
      <trkpt lat="51.34495192" lon="-117.18175267">
      </trkpt>
      <trkpt lat="51.34495209" lon="-117.18176424">
      </trkpt>
      <trkpt lat="51.34495133" lon="-117.18177488">
      </trkpt>
      <trkpt lat="51.3449484" lon="-117.18178293">
      </trkpt>
      <trkpt lat="51.34494706" lon="-117.18179106">
      </trkpt>
      <trkpt lat="51.34494538" lon="-117.18180003">
      </trkpt>
      <trkpt lat="51.34494572" lon="-117.18180909">
      </trkpt>
      <trkpt lat="51.34494764" lon="-117.1818162">
      </trkpt>
      <trkpt lat="51.34494614" lon="-117.18182291">
      </trkpt>
      <trkpt lat="51.34494405" lon="-117.18182919">
      </trkpt>
      <trkpt lat="51.34494522" lon="-117.18183808">
      </trkpt>
      <trkpt lat="51.34494521" lon="-117.18184654">
      </trkpt>
      <trkpt lat="51.3449453" lon="-117.1818545">
      </trkpt>
      <trkpt lat="51.34494907" lon="-117.18186138">
      </trkpt>
      <trkpt lat="51.34494765" lon="-117.18187052">
      </trkpt>
      <trkpt lat="51.34494194" lon="-117.18187554">
      </trkpt>
      <trkpt lat="51.34494237" lon="-117.18187932">
      </trkpt>
      <trkpt lat="51.34494437" lon="-117.18188996">
      </trkpt>
      <trkpt lat="51.34494924" lon="-117.18190573">
      </trkpt>
      <trkpt lat="51.34495402" lon="-117.18192047">
      </trkpt>
      <trkpt lat="51.34495485" lon="-117.18193188">
      </trkpt>
      <trkpt lat="51.34494983" lon="-117.18194453">
      </trkpt>
      <trkpt lat="51.34494974" lon="-117.1819597">
      </trkpt>
      <trkpt lat="51.34495091" lon="-117.18197286">
      </trkpt>
      <trkpt lat="51.34494916" lon="-117.18197898">
      </trkpt>
      <trkpt lat="51.34494731" lon="-117.18198133">
      </trkpt>
      <trkpt lat="51.34494513" lon="-117.18199163">
      </trkpt>
      <trkpt lat="51.34495092" lon="-117.18200254">
      </trkpt>
      <trkpt lat="51.34495737" lon="-117.18201041">
      </trkpt>
      <trkpt lat="51.34495871" lon="-117.18202182">
      </trkpt>
      <trkpt lat="51.34496047" lon="-117.18203104">
      </trkpt>
      <trkpt lat="51.34496265" lon="-117.18204352">
      </trkpt>
      <trkpt lat="51.34496961" lon="-117.18205358">
      </trkpt>
      <trkpt lat="51.34497154" lon="-117.18206264">
      </trkpt>
      <trkpt lat="51.34497455" lon="-117.182069">
      </trkpt>
      <trkpt lat="51.34497204" lon="-117.18208325">
      </trkpt>
      <trkpt lat="51.34497447" lon="-117.18209751">
      </trkpt>
      <trkpt lat="51.34497556" lon="-117.18211008">
      </trkpt>
      <trkpt lat="51.34497288" lon="-117.1821203">
      </trkpt>
      <trkpt lat="51.34497522" lon="-117.18212373">
      </trkpt>
      <trkpt lat="51.34497104" lon="-117.18213128">
      </trkpt>
      <trkpt lat="51.34497061" lon="-117.18214343">
      </trkpt>
      <trkpt lat="51.34497036" lon="-117.18215475">
      </trkpt>
      <trkpt lat="51.34496802" lon="-117.18216438">
      </trkpt>
      <trkpt lat="51.344965" lon="-117.18217495">
      </trkpt>
      <trkpt lat="51.34496592" lon="-117.18218627">
      </trkpt>
      <trkpt lat="51.34496709" lon="-117.18220001">
      </trkpt>
      <trkpt lat="51.34496693" lon="-117.1822104">
      </trkpt>
      <trkpt lat="51.34496776" lon="-117.18222004">
      </trkpt>
      <trkpt lat="51.34496566" lon="-117.18223195">
      </trkpt>
      <trkpt lat="51.34496432" lon="-117.18224511">
      </trkpt>
      <trkpt lat="51.34496693" lon="-117.18225424">
      </trkpt>
      <trkpt lat="51.34496776" lon="-117.18226204">
      </trkpt>
      <trkpt lat="51.34495997" lon="-117.18227101">
      </trkpt>
      <trkpt lat="51.3449572" lon="-117.18228325">
      </trkpt>
      <trkpt lat="51.34495712" lon="-117.18229481">
      </trkpt>
      <trkpt lat="51.34495855" lon="-117.18230579">
      </trkpt>
      <trkpt lat="51.34496031" lon="-117.18231475">
      </trkpt>
      <trkpt lat="51.34495737" lon="-117.18232415">
      </trkpt>
      <trkpt lat="51.3449546" lon="-117.18233655">
      </trkpt>
      <trkpt lat="51.34496441" lon="-117.18234569">
      </trkpt>
      <trkpt lat="51.34496483" lon="-117.18235374">
      </trkpt>
      <trkpt lat="51.34496466" lon="-117.18236036">
      </trkpt>
      <trkpt lat="51.34496307" lon="-117.18236715">
      </trkpt>
      <trkpt lat="51.34497162" lon="-117.18236983">
      </trkpt>
      <trkpt lat="51.34497229" lon="-117.18237804">
      </trkpt>
      <trkpt lat="51.34497464" lon="-117.18238802">
      </trkpt>
      <trkpt lat="51.34496316" lon="-117.18240151">
      </trkpt>
      <trkpt lat="51.34496064" lon="-117.18241409">
      </trkpt>
      <trkpt lat="51.34495846" lon="-117.18242231">
      </trkpt>
      <trkpt lat="51.34495771" lon="-117.182429">
      </trkpt>
      <trkpt lat="51.34494764" lon="-117.18243831">
      </trkpt>
      <trkpt lat="51.34494254" lon="-117.18245063">
      </trkpt>
      <trkpt lat="51.34495075" lon="-117.1824627">
      </trkpt>
      <trkpt lat="51.34495184" lon="-117.18247477">
      </trkpt>
      <trkpt lat="51.34494983" lon="-117.18248533">
      </trkpt>
      <trkpt lat="51.34494522" lon="-117.18249329">
      </trkpt>
      <trkpt lat="51.34494371" lon="-117.18250403">
      </trkpt>
      <trkpt lat="51.34494463" lon="-117.18251156">
      </trkpt>
      <trkpt lat="51.34494195" lon="-117.18252179">
      </trkpt>
      <trkpt lat="51.34493943" lon="-117.18253135">
      </trkpt>
      <trkpt lat="51.34493608" lon="-117.18254233">
      </trkpt>
      <trkpt lat="51.34493658" lon="-117.18255272">
      </trkpt>
      <trkpt lat="51.34493893" lon="-117.18256151">
      </trkpt>
      <trkpt lat="51.34493356" lon="-117.18257511">
      </trkpt>
      <trkpt lat="51.34493264" lon="-117.18259077">
      </trkpt>
      <trkpt lat="51.34493474" lon="-117.1826031">
      </trkpt>
      <trkpt lat="51.34493751" lon="-117.18260971">
      </trkpt>
      <trkpt lat="51.34494429" lon="-117.18261281">
      </trkpt>
      <trkpt lat="51.34494404" lon="-117.18261961">
      </trkpt>
      <trkpt lat="51.34494278" lon="-117.1826316">
      </trkpt>
      <trkpt lat="51.34493885" lon="-117.18264257">
      </trkpt>
      <trkpt lat="51.34493466" lon="-117.18265272">
      </trkpt>
      <trkpt lat="51.3449287" lon="-117.18266152">
      </trkpt>
      <trkpt lat="51.34492586" lon="-117.18267275">
      </trkpt>
      <trkpt lat="51.3449277" lon="-117.1826802">
      </trkpt>
      <trkpt lat="51.34493005" lon="-117.18268608">
      </trkpt>
      <trkpt lat="51.3449277" lon="-117.18269211">
      </trkpt>
      <trkpt lat="51.34492879" lon="-117.18270284">
      </trkpt>
      <trkpt lat="51.3449355" lon="-117.18271205">
      </trkpt>
      <trkpt lat="51.34493541" lon="-117.18271944">
      </trkpt>
      <trkpt lat="51.34493382" lon="-117.18272966">
      </trkpt>
      <trkpt lat="51.34493381" lon="-117.18273762">
      </trkpt>
      <trkpt lat="51.34493608" lon="-117.18274341">
      </trkpt>
      <trkpt lat="51.34493499" lon="-117.1827522">
      </trkpt>
      <trkpt lat="51.34493801" lon="-117.18276185">
      </trkpt>
      <trkpt lat="51.34494136" lon="-117.18277132">
      </trkpt>
      <trkpt lat="51.34494103" lon="-117.18278003">
      </trkpt>
      <trkpt lat="51.34494178" lon="-117.18279319">
      </trkpt>
      <trkpt lat="51.34494354" lon="-117.1828046">
      </trkpt>
      <trkpt lat="51.34494916" lon="-117.18281306">
      </trkpt>
      <trkpt lat="51.34495486" lon="-117.18282329">
      </trkpt>
      <trkpt lat="51.34496055" lon="-117.18283511">
      </trkpt>
      <trkpt lat="51.34496559" lon="-117.1828486">
      </trkpt>
      <trkpt lat="51.34496851" lon="-117.18286059">
      </trkpt>
      <trkpt lat="51.3449681" lon="-117.18287006">
      </trkpt>
      <trkpt lat="51.34496885" lon="-117.18288146">
      </trkpt>
      <trkpt lat="51.34497254" lon="-117.18289404">
      </trkpt>
      <trkpt lat="51.34497355" lon="-117.18290677">
      </trkpt>
      <trkpt lat="51.34497263" lon="-117.18291884">
      </trkpt>
      <trkpt lat="51.34497187" lon="-117.18292966">
      </trkpt>
      <trkpt lat="51.3449702" lon="-117.18294097">
      </trkpt>
      <trkpt lat="51.34496919" lon="-117.18294936">
      </trkpt>
      <trkpt lat="51.34496835" lon="-117.18295924">
      </trkpt>
      <trkpt lat="51.34496676" lon="-117.18296854">
      </trkpt>
      <trkpt lat="51.34496927" lon="-117.18297718">
      </trkpt>
      <trkpt lat="51.34496927" lon="-117.1829864">
      </trkpt>
      <trkpt lat="51.34497053" lon="-117.18299822">
      </trkpt>
      <trkpt lat="51.34496835" lon="-117.18301112">
      </trkpt>
      <trkpt lat="51.34496978" lon="-117.18302596">
      </trkpt>
      <trkpt lat="51.34497791" lon="-117.18303821">
      </trkpt>
      <trkpt lat="51.34497615" lon="-117.18305145">
      </trkpt>
      <trkpt lat="51.34497917" lon="-117.18306184">
      </trkpt>
      <trkpt lat="51.34498042" lon="-117.1830744">
      </trkpt>
      <trkpt lat="51.34498553" lon="-117.18309176">
      </trkpt>
      <trkpt lat="51.34498972" lon="-117.18311146">
      </trkpt>
      <trkpt lat="51.34499442" lon="-117.1831273">
      </trkpt>
      <trkpt lat="51.34499409" lon="-117.18314297">
      </trkpt>
      <trkpt lat="51.34499475" lon="-117.18315799">
      </trkpt>
      <trkpt lat="51.34499593" lon="-117.18317567">
      </trkpt>
      <trkpt lat="51.34499483" lon="-117.18319821">
      </trkpt>
      <trkpt lat="51.34499953" lon="-117.18321799">
      </trkpt>
      <trkpt lat="51.34500456" lon="-117.18323292">
      </trkpt>
      <trkpt lat="51.34500574" lon="-117.1832413">
      </trkpt>
      <trkpt lat="51.345008" lon="-117.18325068">
      </trkpt>
      <trkpt lat="51.34500724" lon="-117.18326928">
      </trkpt>
      <trkpt lat="51.34501018" lon="-117.18328815">
      </trkpt>
      <trkpt lat="51.34501453" lon="-117.18330567">
      </trkpt>
      <trkpt lat="51.34501504" lon="-117.18331966">
      </trkpt>
      <trkpt lat="51.34501538" lon="-117.18333022">
      </trkpt>
      <trkpt lat="51.34501219" lon="-117.18334355">
      </trkpt>
      <trkpt lat="51.34501596" lon="-117.18335554">
      </trkpt>
      <trkpt lat="51.34501755" lon="-117.18336811">
      </trkpt>
      <trkpt lat="51.34501596" lon="-117.18338219">
      </trkpt>
      <trkpt lat="51.34501127" lon="-117.18339443">
      </trkpt>
      <trkpt lat="51.34500976" lon="-117.183407">
      </trkpt>
      <trkpt lat="51.34501278" lon="-117.18341882">
      </trkpt>
      <trkpt lat="51.34501395" lon="-117.18343416">
      </trkpt>
      <trkpt lat="51.34501655" lon="-117.18344564">
      </trkpt>
      <trkpt lat="51.34502493" lon="-117.18345428">
      </trkpt>
      <trkpt lat="51.34503113" lon="-117.18346576">
      </trkpt>
      <trkpt lat="51.34503591" lon="-117.18348169">
      </trkpt>
      <trkpt lat="51.34504195" lon="-117.18349778">
      </trkpt>
      <trkpt lat="51.34504882" lon="-117.18350902">
      </trkpt>
      <trkpt lat="51.34505351" lon="-117.18351706">
      </trkpt>
      <trkpt lat="51.34506155" lon="-117.18352267">
      </trkpt>
      <trkpt lat="51.34507019" lon="-117.18352954">
      </trkpt>
      <trkpt lat="51.3450738" lon="-117.18354019">
      </trkpt>
      <trkpt lat="51.34507497" lon="-117.18355025">
      </trkpt>
      <trkpt lat="51.34507338" lon="-117.18355889">
      </trkpt>
      <trkpt lat="51.3450743" lon="-117.18356718">
      </trkpt>
      <trkpt lat="51.34508109" lon="-117.18357355">
      </trkpt>
      <trkpt lat="51.34509341" lon="-117.18357883">
      </trkpt>
      <trkpt lat="51.34509902" lon="-117.1835899">
      </trkpt>
      <trkpt lat="51.34510296" lon="-117.18360407">
      </trkpt>
      <trkpt lat="51.34510766" lon="-117.18361731">
      </trkpt>
      <trkpt lat="51.34511101" lon="-117.18362468">
      </trkpt>
      <trkpt lat="51.34511529" lon="-117.18363063">
      </trkpt>
      <trkpt lat="51.34511914" lon="-117.18364288">
      </trkpt>
      <trkpt lat="51.34512342" lon="-117.18365569">
      </trkpt>
      <trkpt lat="51.34512459" lon="-117.18366835">
      </trkpt>
      <trkpt lat="51.34512082" lon="-117.1836805">
      </trkpt>
      <trkpt lat="51.3451142" lon="-117.1836899">
      </trkpt>
      <trkpt lat="51.34511403" lon="-117.18370146">
      </trkpt>
      <trkpt lat="51.34511947" lon="-117.18371261">
      </trkpt>
      <trkpt lat="51.3451173" lon="-117.18372359">
      </trkpt>
      <trkpt lat="51.34511771" lon="-117.18373406">
      </trkpt>
      <trkpt lat="51.34511554" lon="-117.18374756">
      </trkpt>
      <trkpt lat="51.34511872" lon="-117.18375863">
      </trkpt>
      <trkpt lat="51.34511847" lon="-117.18376809">
      </trkpt>
      <trkpt lat="51.34511436" lon="-117.18377824">
      </trkpt>
      <trkpt lat="51.34511747" lon="-117.1837888">
      </trkpt>
      <trkpt lat="51.3451178" lon="-117.18380045">
      </trkpt>
      <trkpt lat="51.3451178" lon="-117.18381269">
      </trkpt>
      <trkpt lat="51.3451178" lon="-117.18382383">
      </trkpt>
      <trkpt lat="51.34511989" lon="-117.18383507">
      </trkpt>
      <trkpt lat="51.34512032" lon="-117.18384663">
      </trkpt>
      <trkpt lat="51.34512467" lon="-117.18385678">
      </trkpt>
      <trkpt lat="51.34512945" lon="-117.18386927">
      </trkpt>
      <trkpt lat="51.3451292" lon="-117.18388344">
      </trkpt>
      <trkpt lat="51.34512895" lon="-117.18389576">
      </trkpt>
      <trkpt lat="51.34513582" lon="-117.18389994">
      </trkpt>
      <trkpt lat="51.3451375" lon="-117.18391319">
      </trkpt>
      <trkpt lat="51.34514328" lon="-117.18392291">
      </trkpt>
      <trkpt lat="51.34515384" lon="-117.18392567">
      </trkpt>
      <trkpt lat="51.34516357" lon="-117.1839354">
      </trkpt>
      <trkpt lat="51.34517119" lon="-117.18394864">
      </trkpt>
      <trkpt lat="51.34517647" lon="-117.18395953">
      </trkpt>
      <trkpt lat="51.34518175" lon="-117.18396783">
      </trkpt>
      <trkpt lat="51.34518871" lon="-117.18398015">
      </trkpt>
      <trkpt lat="51.34519693" lon="-117.18399122">
      </trkpt>
      <trkpt lat="51.34520279" lon="-117.18399826">
      </trkpt>
      <trkpt lat="51.34521009" lon="-117.1840028">
      </trkpt>
      <trkpt lat="51.34521377" lon="-117.18400975">
      </trkpt>
      <trkpt lat="51.34521981" lon="-117.18401569">
      </trkpt>
      <trkpt lat="51.34522089" lon="-117.18403121">
      </trkpt>
      <trkpt lat="51.3452214" lon="-117.18404612">
      </trkpt>
      <trkpt lat="51.34522098" lon="-117.18405785">
      </trkpt>
      <trkpt lat="51.34522434" lon="-117.18406658">
      </trkpt>
      <trkpt lat="51.34522417" lon="-117.18407688">
      </trkpt>
      <trkpt lat="51.34522685" lon="-117.18408644">
      </trkpt>
      <trkpt lat="51.34523121" lon="-117.18409524">
      </trkpt>
      <trkpt lat="51.34523339" lon="-117.18410212">
      </trkpt>
      <trkpt lat="51.34523716" lon="-117.18411368">
      </trkpt>
      <trkpt lat="51.34524009" lon="-117.18412475">
      </trkpt>
      <trkpt lat="51.34524378" lon="-117.18413187">
      </trkpt>
      <trkpt lat="51.34525157" lon="-117.18413807">
      </trkpt>
      <trkpt lat="51.34525694" lon="-117.18414537">
      </trkpt>
      <trkpt lat="51.34526474" lon="-117.18415275">
      </trkpt>
      <trkpt lat="51.34526842" lon="-117.1841623">
      </trkpt>
      <trkpt lat="51.34526666" lon="-117.18417261">
      </trkpt>
      <trkpt lat="51.34526943" lon="-117.184184">
      </trkpt>
      <trkpt lat="51.34527068" lon="-117.18419583">
      </trkpt>
      <trkpt lat="51.34527705" lon="-117.18420212">
      </trkpt>
      <trkpt lat="51.34528452" lon="-117.18420547">
      </trkpt>
      <trkpt lat="51.34529097" lon="-117.18421678">
      </trkpt>
      <trkpt lat="51.34529642" lon="-117.18422859">
      </trkpt>
      <trkpt lat="51.34529969" lon="-117.18424244">
      </trkpt>
      <trkpt lat="51.34530153" lon="-117.18425593">
      </trkpt>
      <trkpt lat="51.34530228" lon="-117.18426329">
      </trkpt>
      <trkpt lat="51.34530232" lon="-117.18426364">
      </trkpt>
      <trkpt lat="51.34530245" lon="-117.18426372">
      </trkpt>
      <trkpt lat="51.34530268" lon="-117.18426345">
      </trkpt>
      <trkpt lat="51.34530312" lon="-117.18426237">
      </trkpt>
      <trkpt lat="51.34530438" lon="-117.18425995">
      </trkpt>
      <trkpt lat="51.34530477" lon="-117.18425878">
      </trkpt>
      <trkpt lat="51.34530488" lon="-117.18425911">
      </trkpt>
      <trkpt lat="51.34530732" lon="-117.1842643">
      </trkpt>
      <trkpt lat="51.34530941" lon="-117.18427226">
      </trkpt>
      <trkpt lat="51.34531092" lon="-117.18428015">
      </trkpt>
      <trkpt lat="51.34531176" lon="-117.18428526">
      </trkpt>
      <trkpt lat="51.34531679" lon="-117.18429968">
      </trkpt>
      <trkpt lat="51.34531972" lon="-117.18431443">
      </trkpt>
      <trkpt lat="51.34532374" lon="-117.18432776">
      </trkpt>
      <trkpt lat="51.34532835" lon="-117.1843415">
      </trkpt>
      <trkpt lat="51.34532986" lon="-117.18435692">
      </trkpt>
      <trkpt lat="51.3453271" lon="-117.1843736">
      </trkpt>
      <trkpt lat="51.34532215" lon="-117.18439154">
      </trkpt>
      <trkpt lat="51.3453193" lon="-117.1844135">
      </trkpt>
      <trkpt lat="51.34531947" lon="-117.18443295">
      </trkpt>
      <trkpt lat="51.3453255" lon="-117.18444737">
      </trkpt>
      <trkpt lat="51.34533045" lon="-117.18445977">
      </trkpt>
      <trkpt lat="51.34533246" lon="-117.18447251">
      </trkpt>
      <trkpt lat="51.34533799" lon="-117.18448969">
      </trkpt>
      <trkpt lat="51.34534328" lon="-117.18450906">
      </trkpt>
      <trkpt lat="51.34534361" lon="-117.18453009">
      </trkpt>
      <trkpt lat="51.34534336" lon="-117.18455013">
      </trkpt>
      <trkpt lat="51.34534529" lon="-117.18456982">
      </trkpt>
      <trkpt lat="51.3453535" lon="-117.18458751">
      </trkpt>
      <trkpt lat="51.34536347" lon="-117.18460227">
      </trkpt>
      <trkpt lat="51.34537161" lon="-117.18461676">
      </trkpt>
      <trkpt lat="51.34537621" lon="-117.18463403">
      </trkpt>
      <trkpt lat="51.34537881" lon="-117.18465322">
      </trkpt>
      <trkpt lat="51.34538401" lon="-117.18466991">
      </trkpt>
      <trkpt lat="51.34538636" lon="-117.18468667">
      </trkpt>
      <trkpt lat="51.34538778" lon="-117.18470494">
      </trkpt>
      <trkpt lat="51.34538904" lon="-117.18472547">
      </trkpt>
      <trkpt lat="51.34538895" lon="-117.18474509">
      </trkpt>
      <trkpt lat="51.34538836" lon="-117.18476085">
      </trkpt>
      <trkpt lat="51.34538644" lon="-117.18477888">
      </trkpt>
      <trkpt lat="51.34538619" lon="-117.18480058">
      </trkpt>
      <trkpt lat="51.34539029" lon="-117.18482221">
      </trkpt>
      <trkpt lat="51.34538921" lon="-117.18484233">
      </trkpt>
      <trkpt lat="51.34538971" lon="-117.18486203">
      </trkpt>
      <trkpt lat="51.34538904" lon="-117.18487954">
      </trkpt>
      <trkpt lat="51.34538317" lon="-117.18489488">
      </trkpt>
      <trkpt lat="51.34537973" lon="-117.18491232">
      </trkpt>
      <trkpt lat="51.34538041" lon="-117.18492866">
      </trkpt>
      <trkpt lat="51.34537898" lon="-117.18494634">
      </trkpt>
      <trkpt lat="51.34537554" lon="-117.18496411">
      </trkpt>
      <trkpt lat="51.34537454" lon="-117.18498447">
      </trkpt>
      <trkpt lat="51.34537269" lon="-117.18500267">
      </trkpt>
      <trkpt lat="51.34536758" lon="-117.18501792">
      </trkpt>
      <trkpt lat="51.3453628" lon="-117.18503293">
      </trkpt>
      <trkpt lat="51.34536062" lon="-117.18504776">
      </trkpt>
      <trkpt lat="51.34536029" lon="-117.18506336">
      </trkpt>
      <trkpt lat="51.34536163" lon="-117.1850776">
      </trkpt>
      <trkpt lat="51.34536456" lon="-117.18509344">
      </trkpt>
      <trkpt lat="51.34536615" lon="-117.1851103">
      </trkpt>
      <trkpt lat="51.34536901" lon="-117.18512713">
      </trkpt>
      <trkpt lat="51.34537261" lon="-117.1851413">
      </trkpt>
      <trkpt lat="51.34537688" lon="-117.18515345">
      </trkpt>
      <trkpt lat="51.34537881" lon="-117.1851662">
      </trkpt>
      <trkpt lat="51.34537923" lon="-117.18518154">
      </trkpt>
      <trkpt lat="51.34538208" lon="-117.18519872">
      </trkpt>
      <trkpt lat="51.34538811" lon="-117.18521497">
      </trkpt>
      <trkpt lat="51.34539122" lon="-117.18523308">
      </trkpt>
      <trkpt lat="51.34539072" lon="-117.18525069">
      </trkpt>
      <trkpt lat="51.34539055" lon="-117.1852683">
      </trkpt>
      <trkpt lat="51.34539423" lon="-117.18528481">
      </trkpt>
      <trkpt lat="51.34539792" lon="-117.1853024">
      </trkpt>
      <trkpt lat="51.34539926" lon="-117.1853232">
      </trkpt>
      <trkpt lat="51.34539893" lon="-117.18534692">
      </trkpt>
      <trkpt lat="51.34540019" lon="-117.18536895">
      </trkpt>
      <trkpt lat="51.34540363" lon="-117.18538992">
      </trkpt>
      <trkpt lat="51.34540731" lon="-117.1854081">
      </trkpt>
      <trkpt lat="51.34541084" lon="-117.18542671">
      </trkpt>
      <trkpt lat="51.34541234" lon="-117.18544447">
      </trkpt>
      <trkpt lat="51.34541293" lon="-117.18546468">
      </trkpt>
      <trkpt lat="51.34541603" lon="-117.1854838">
      </trkpt>
      <trkpt lat="51.34541905" lon="-117.18550399">
      </trkpt>
      <trkpt lat="51.34542466" lon="-117.18552545">
      </trkpt>
      <trkpt lat="51.34542977" lon="-117.18554524">
      </trkpt>
      <trkpt lat="51.34543196" lon="-117.18556057">
      </trkpt>
      <trkpt lat="51.34543263" lon="-117.18557356">
      </trkpt>
      <trkpt lat="51.34543296" lon="-117.18558546">
      </trkpt>
      <trkpt lat="51.3454364" lon="-117.18560013">
      </trkpt>
      <trkpt lat="51.34544209" lon="-117.1856163">
      </trkpt>
      <trkpt lat="51.3454478" lon="-117.18563399">
      </trkpt>
      <trkpt lat="51.34545542" lon="-117.1856521">
      </trkpt>
      <trkpt lat="51.34546632" lon="-117.18566995">
      </trkpt>
      <trkpt lat="51.34547302" lon="-117.18568797">
      </trkpt>
      <trkpt lat="51.34547931" lon="-117.18570331">
      </trkpt>
      <trkpt lat="51.34548451" lon="-117.18571588">
      </trkpt>
      <trkpt lat="51.34548962" lon="-117.18572753">
      </trkpt>
      <trkpt lat="51.34549515" lon="-117.18573785">
      </trkpt>
      <trkpt lat="51.34549783" lon="-117.18575235">
      </trkpt>
      <trkpt lat="51.34550362" lon="-117.1857702">
      </trkpt>
      <trkpt lat="51.34550856" lon="-117.18578696">
      </trkpt>
      <trkpt lat="51.34551142" lon="-117.1858008">
      </trkpt>
      <trkpt lat="51.34551384" lon="-117.18581228">
      </trkpt>
      <trkpt lat="51.34551871" lon="-117.18582325">
      </trkpt>
      <trkpt lat="51.34552533" lon="-117.18583366">
      </trkpt>
      <trkpt lat="51.34553379" lon="-117.18584497">
      </trkpt>
      <trkpt lat="51.34553824" lon="-117.1858572">
      </trkpt>
      <trkpt lat="51.34553865" lon="-117.18587531">
      </trkpt>
      <trkpt lat="51.34553983" lon="-117.18589099">
      </trkpt>
      <trkpt lat="51.34554352" lon="-117.18590431">
      </trkpt>
      <trkpt lat="51.34554813" lon="-117.18592048">
      </trkpt>
      <trkpt lat="51.34555341" lon="-117.18593382">
      </trkpt>
      <trkpt lat="51.34555685" lon="-117.18594572">
      </trkpt>
      <trkpt lat="51.34556079" lon="-117.18595954">
      </trkpt>
      <trkpt lat="51.34557168" lon="-117.18597287">
      </trkpt>
      <trkpt lat="51.34558384" lon="-117.18598872">
      </trkpt>
      <trkpt lat="51.34559323" lon="-117.18600364">
      </trkpt>
      <trkpt lat="51.34560219" lon="-117.18601419">
      </trkpt>
      <trkpt lat="51.34561066" lon="-117.1860276">
      </trkpt>
      <trkpt lat="51.34561979" lon="-117.1860395">
      </trkpt>
      <trkpt lat="51.34562733" lon="-117.18604664">
      </trkpt>
      <trkpt lat="51.34563345" lon="-117.18605526">
      </trkpt>
      <trkpt lat="51.34564108" lon="-117.18606441">
      </trkpt>
      <trkpt lat="51.3456514" lon="-117.18607069">
      </trkpt>
      <trkpt lat="51.34565994" lon="-117.1860753">
      </trkpt>
      <trkpt lat="51.34566564" lon="-117.186081">
      </trkpt>
      <trkpt lat="51.34566983" lon="-117.18608872">
      </trkpt>
      <trkpt lat="51.34567914" lon="-117.18609357">
      </trkpt>
      <trkpt lat="51.34569071" lon="-117.18609667">
      </trkpt>
      <trkpt lat="51.34570772" lon="-117.18609525">
      </trkpt>
      <trkpt lat="51.34572281" lon="-117.18609499">
      </trkpt>
      <trkpt lat="51.34573504" lon="-117.18609903">
      </trkpt>
      <trkpt lat="51.34574695" lon="-117.18610606">
      </trkpt>
      <trkpt lat="51.34575533" lon="-117.18611402">
      </trkpt>
      <trkpt lat="51.34576371" lon="-117.18612241">
      </trkpt>
      <trkpt lat="51.34576958" lon="-117.18613598">
      </trkpt>
      <trkpt lat="51.34577469" lon="-117.1861515">
      </trkpt>
      <trkpt lat="51.34578525" lon="-117.18616298">
      </trkpt>
      <trkpt lat="51.345799" lon="-117.1861732">
      </trkpt>
      <trkpt lat="51.34581123" lon="-117.18618167">
      </trkpt>
      <trkpt lat="51.34582272" lon="-117.18618544">
      </trkpt>
      <trkpt lat="51.34583345" lon="-117.18618895">
      </trkpt>
      <trkpt lat="51.34584351" lon="-117.18619265">
      </trkpt>
      <trkpt lat="51.34585348" lon="-117.18619776">
      </trkpt>
      <trkpt lat="51.34586295" lon="-117.18620488">
      </trkpt>
      <trkpt lat="51.34587226" lon="-117.18621142">
      </trkpt>
      <trkpt lat="51.3458803" lon="-117.18622148">
      </trkpt>
      <trkpt lat="51.34589203" lon="-117.18623079">
      </trkpt>
      <trkpt lat="51.34590562" lon="-117.18623976">
      </trkpt>
      <trkpt lat="51.34591701" lon="-117.18624771">
      </trkpt>
      <trkpt lat="51.34592582" lon="-117.18625702">
      </trkpt>
      <trkpt lat="51.3459363" lon="-117.18626607">
      </trkpt>
      <trkpt lat="51.34594535" lon="-117.18627261">
      </trkpt>
      <trkpt lat="51.34595742" lon="-117.18627948">
      </trkpt>
      <trkpt lat="51.34597343" lon="-117.18628745">
      </trkpt>
      <trkpt lat="51.34598717" lon="-117.18629239">
      </trkpt>
      <trkpt lat="51.34599924" lon="-117.18629717">
      </trkpt>
      <trkpt lat="51.34600972" lon="-117.18630237">
      </trkpt>
      <trkpt lat="51.34601902" lon="-117.18630865">
      </trkpt>
      <trkpt lat="51.34602204" lon="-117.18632408">
      </trkpt>
      <trkpt lat="51.34602405" lon="-117.18633882">
      </trkpt>
      <trkpt lat="51.34603386" lon="-117.18634352">
      </trkpt>
      <trkpt lat="51.34603905" lon="-117.1863499">
      </trkpt>
      <trkpt lat="51.34603965" lon="-117.18634881">
      </trkpt>
      <trkpt lat="51.34604006" lon="-117.18634914">
      </trkpt>
      <trkpt lat="51.34604157" lon="-117.18634922">
      </trkpt>
      <trkpt lat="51.34604308" lon="-117.18634897">
      </trkpt>
      <trkpt lat="51.34604451" lon="-117.18635115">
      </trkpt>
      <trkpt lat="51.34604484" lon="-117.18635391">
      </trkpt>
      <trkpt lat="51.34604501" lon="-117.18635492">
      </trkpt>
      <trkpt lat="51.34604484" lon="-117.18635744">
      </trkpt>
      <trkpt lat="51.34604358" lon="-117.18635819">
      </trkpt>
      <trkpt lat="51.34604275" lon="-117.18635953">
      </trkpt>
      <trkpt lat="51.34604224" lon="-117.18636054">
      </trkpt>
      <trkpt lat="51.34602723" lon="-117.18640757">
      </trkpt>
      <trkpt lat="51.34602589" lon="-117.18640873">
      </trkpt>
      <trkpt lat="51.34602548" lon="-117.18641032">
      </trkpt>
      <trkpt lat="51.34602573" lon="-117.18641108">
      </trkpt>
      <trkpt lat="51.34602469" lon="-117.18641381">
      </trkpt>
      <trkpt lat="51.3460269" lon="-117.18641216">
      </trkpt>
      <trkpt lat="51.34603059" lon="-117.18642148">
      </trkpt>
      <trkpt lat="51.3460383" lon="-117.18642793">
      </trkpt>
      <trkpt lat="51.3460445" lon="-117.186441">
      </trkpt>
      <trkpt lat="51.34605146" lon="-117.18645207">
      </trkpt>
      <trkpt lat="51.34605725" lon="-117.18646263">
      </trkpt>
      <trkpt lat="51.3460632" lon="-117.18647545">
      </trkpt>
      <trkpt lat="51.34606672" lon="-117.18649088">
      </trkpt>
      <trkpt lat="51.34607065" lon="-117.18650269">
      </trkpt>
      <trkpt lat="51.34607426" lon="-117.18650756">
      </trkpt>
      <trkpt lat="51.3460787" lon="-117.18651594">
      </trkpt>
      <trkpt lat="51.34608281" lon="-117.18652406">
      </trkpt>
      <trkpt lat="51.34608759" lon="-117.1865291">
      </trkpt>
      <trkpt lat="51.34609295" lon="-117.18653689">
      </trkpt>
      <trkpt lat="51.34609915" lon="-117.18654351">
      </trkpt>
      <trkpt lat="51.34610594" lon="-117.18654947">
      </trkpt>
      <trkpt lat="51.34611332" lon="-117.18655491">
      </trkpt>
      <trkpt lat="51.34612313" lon="-117.18656145">
      </trkpt>
      <trkpt lat="51.34613293" lon="-117.18656816">
      </trkpt>
      <trkpt lat="51.34614098" lon="-117.18657117">
      </trkpt>
      <trkpt lat="51.34614592" lon="-117.1865736">
      </trkpt>
      <trkpt lat="51.3461518" lon="-117.1865778">
      </trkpt>
      <trkpt lat="51.34615515" lon="-117.18658006">
      </trkpt>
      <trkpt lat="51.34616084" lon="-117.18658567">
      </trkpt>
      <trkpt lat="51.34616764" lon="-117.18659322">
      </trkpt>
      <trkpt lat="51.34617552" lon="-117.18660176">
      </trkpt>
      <trkpt lat="51.34618482" lon="-117.1866104">
      </trkpt>
      <trkpt lat="51.34619269" lon="-117.18661819">
      </trkpt>
      <trkpt lat="51.34620066" lon="-117.18662448">
      </trkpt>
      <trkpt lat="51.34620837" lon="-117.18662776">
      </trkpt>
      <trkpt lat="51.34621516" lon="-117.18662968">
      </trkpt>
      <trkpt lat="51.34622639" lon="-117.18663287">
      </trkpt>
      <trkpt lat="51.34623721" lon="-117.18664016">
      </trkpt>
      <trkpt lat="51.34624852" lon="-117.18664922">
      </trkpt>
      <trkpt lat="51.34625715" lon="-117.18665884">
      </trkpt>
      <trkpt lat="51.34626168" lon="-117.1866689">
      </trkpt>
      <trkpt lat="51.3462652" lon="-117.18667964">
      </trkpt>
      <trkpt lat="51.34627006" lon="-117.18668919">
      </trkpt>
      <trkpt lat="51.34627593" lon="-117.18669782">
      </trkpt>
      <trkpt lat="51.34628431" lon="-117.18670486">
      </trkpt>
      <trkpt lat="51.34628959" lon="-117.18671073">
      </trkpt>
      <trkpt lat="51.34629906" lon="-117.18671232">
      </trkpt>
      <trkpt lat="51.34630233" lon="-117.18672054">
      </trkpt>
      <trkpt lat="51.3463102" lon="-117.1867269">
      </trkpt>
      <trkpt lat="51.34631801" lon="-117.18673529">
      </trkpt>
      <trkpt lat="51.34632538" lon="-117.18674342">
      </trkpt>
      <trkpt lat="51.34633317" lon="-117.18675181">
      </trkpt>
      <trkpt lat="51.34634441" lon="-117.18675751">
      </trkpt>
      <trkpt lat="51.34635639" lon="-117.18676497">
      </trkpt>
      <trkpt lat="51.34636746" lon="-117.18677493">
      </trkpt>
      <trkpt lat="51.34637634" lon="-117.18678777">
      </trkpt>
      <trkpt lat="51.34638321" lon="-117.1868036">
      </trkpt>
      <trkpt lat="51.34638774" lon="-117.1868187">
      </trkpt>
      <trkpt lat="51.34639495" lon="-117.18682791">
      </trkpt>
      <trkpt lat="51.34640467" lon="-117.18683269">
      </trkpt>
      <trkpt lat="51.34641264" lon="-117.18683956">
      </trkpt>
      <trkpt lat="51.34642043" lon="-117.18684643">
      </trkpt>
      <trkpt lat="51.34642571" lon="-117.18685666">
      </trkpt>
      <trkpt lat="51.34642747" lon="-117.18687343">
      </trkpt>
      <trkpt lat="51.34642848" lon="-117.18689237">
      </trkpt>
      <trkpt lat="51.34643225" lon="-117.18690795">
      </trkpt>
      <trkpt lat="51.34643879" lon="-117.18692262">
      </trkpt>
      <trkpt lat="51.34644616" lon="-117.18693227">
      </trkpt>
      <trkpt lat="51.34645321" lon="-117.18693779">
      </trkpt>
      <trkpt lat="51.3464589" lon="-117.18694366">
      </trkpt>
      <trkpt lat="51.34646545" lon="-117.18694752">
      </trkpt>
      <trkpt lat="51.34647115" lon="-117.18695749">
      </trkpt>
      <trkpt lat="51.34647852" lon="-117.1869668">
      </trkpt>
      <trkpt lat="51.34648891" lon="-117.18697586">
      </trkpt>
      <trkpt lat="51.3465004" lon="-117.18698164">
      </trkpt>
      <trkpt lat="51.34650944" lon="-117.18698742">
      </trkpt>
      <trkpt lat="51.34651682" lon="-117.18699538">
      </trkpt>
      <trkpt lat="51.34652236" lon="-117.18700569">
      </trkpt>
      <trkpt lat="51.34652948" lon="-117.18701525">
      </trkpt>
      <trkpt lat="51.3465408" lon="-117.18702145">
      </trkpt>
      <trkpt lat="51.3465527" lon="-117.1870279">
      </trkpt>
      <trkpt lat="51.34656225" lon="-117.18703847">
      </trkpt>
      <trkpt lat="51.34656762" lon="-117.18705179">
      </trkpt>
      <trkpt lat="51.34657341" lon="-117.18706622">
      </trkpt>
      <trkpt lat="51.34657818" lon="-117.18707811">
      </trkpt>
      <trkpt lat="51.34658103" lon="-117.1870916">
      </trkpt>
      <trkpt lat="51.34658463" lon="-117.18710375">
      </trkpt>
      <trkpt lat="51.34658665" lon="-117.18711398">
      </trkpt>
      <trkpt lat="51.3465879" lon="-117.18712539">
      </trkpt>
      <trkpt lat="51.34659025" lon="-117.18713293">
      </trkpt>
      <trkpt lat="51.34659151" lon="-117.18714416">
      </trkpt>
      <trkpt lat="51.34659243" lon="-117.1871538">
      </trkpt>
      <trkpt lat="51.34659469" lon="-117.18716344">
      </trkpt>
      <trkpt lat="51.34659755" lon="-117.18717207">
      </trkpt>
      <trkpt lat="51.34659939" lon="-117.18718155">
      </trkpt>
      <trkpt lat="51.3466009" lon="-117.1871926">
      </trkpt>
      <trkpt lat="51.34660065" lon="-117.18720376">
      </trkpt>
      <trkpt lat="51.34660148" lon="-117.18721524">
      </trkpt>
      <trkpt lat="51.3466014" lon="-117.18722412">
      </trkpt>
      <trkpt lat="51.34660399" lon="-117.18723167">
      </trkpt>
      <trkpt lat="51.34660659" lon="-117.18724046">
      </trkpt>
      <trkpt lat="51.34660626" lon="-117.18724919">
      </trkpt>
      <trkpt lat="51.34660718" lon="-117.18725975">
      </trkpt>
      <trkpt lat="51.34661029" lon="-117.1872683">
      </trkpt>
      <trkpt lat="51.34661262" lon="-117.18727693">
      </trkpt>
      <trkpt lat="51.34661221" lon="-117.18728254">
      </trkpt>
      <trkpt lat="51.3466107" lon="-117.18729143">
      </trkpt>
      <trkpt lat="51.3466086" lon="-117.18729814">
      </trkpt>
      <trkpt lat="51.34660827" lon="-117.18730283">
      </trkpt>
      <trkpt lat="51.34660945" lon="-117.18731196">
      </trkpt>
      <trkpt lat="51.34660735" lon="-117.18732236">
      </trkpt>
      <trkpt lat="51.34660643" lon="-117.18733108">
      </trkpt>
      <trkpt lat="51.34660752" lon="-117.18733761">
      </trkpt>
      <trkpt lat="51.34661036" lon="-117.18734524">
      </trkpt>
      <trkpt lat="51.34661196" lon="-117.18735455">
      </trkpt>
      <trkpt lat="51.34661346" lon="-117.18736394">
      </trkpt>
      <trkpt lat="51.34661724" lon="-117.18737408">
      </trkpt>
      <trkpt lat="51.3466195" lon="-117.18738372">
      </trkpt>
      <trkpt lat="51.34662311" lon="-117.18739235">
      </trkpt>
      <trkpt lat="51.34662336" lon="-117.1874014">
      </trkpt>
      <trkpt lat="51.3466252" lon="-117.18741196">
      </trkpt>
      <trkpt lat="51.3466283" lon="-117.18742127">
      </trkpt>
      <trkpt lat="51.34663208" lon="-117.18743116">
      </trkpt>
      <trkpt lat="51.346633" lon="-117.18743811">
      </trkpt>
      <trkpt lat="51.34663635" lon="-117.18744607">
      </trkpt>
      <trkpt lat="51.34663677" lon="-117.18745765">
      </trkpt>
      <trkpt lat="51.34663912" lon="-117.18746687">
      </trkpt>
      <trkpt lat="51.34664263" lon="-117.18747432">
      </trkpt>
      <trkpt lat="51.34664331" lon="-117.18748421">
      </trkpt>
      <trkpt lat="51.34664524" lon="-117.18749468">
      </trkpt>
      <trkpt lat="51.34664641" lon="-117.18750441">
      </trkpt>
      <trkpt lat="51.34664649" lon="-117.18751137">
      </trkpt>
      <trkpt lat="51.34665177" lon="-117.18751648">
      </trkpt>
      <trkpt lat="51.34665856" lon="-117.18752101">
      </trkpt>
      <trkpt lat="51.34666435" lon="-117.18752822">
      </trkpt>
      <trkpt lat="51.34666619" lon="-117.18753643">
      </trkpt>
      <trkpt lat="51.34666913" lon="-117.18754489">
      </trkpt>
      <trkpt lat="51.34667114" lon="-117.18755302">
      </trkpt>
      <trkpt lat="51.34667323" lon="-117.18756518">
      </trkpt>
      <trkpt lat="51.3466765" lon="-117.18757524">
      </trkpt>
      <trkpt lat="51.3466796" lon="-117.18758111">
      </trkpt>
      <trkpt lat="51.34668371" lon="-117.18758556">
      </trkpt>
      <trkpt lat="51.34668463" lon="-117.18759528">
      </trkpt>
      <trkpt lat="51.34668765" lon="-117.18760224">
      </trkpt>
      <trkpt lat="51.34669201" lon="-117.18760869">
      </trkpt>
      <trkpt lat="51.34669343" lon="-117.18761707">
      </trkpt>
      <trkpt lat="51.34669611" lon="-117.18762838">
      </trkpt>
      <trkpt lat="51.34670123" lon="-117.18764113">
      </trkpt>
      <trkpt lat="51.34670625" lon="-117.18765789">
      </trkpt>
      <trkpt lat="51.34671254" lon="-117.1876749">
      </trkpt>
      <trkpt lat="51.34671799" lon="-117.18768848">
      </trkpt>
      <trkpt lat="51.3467174" lon="-117.1877034">
      </trkpt>
      <trkpt lat="51.34671237" lon="-117.1877215">
      </trkpt>
      <trkpt lat="51.34671338" lon="-117.18773593">
      </trkpt>
      <trkpt lat="51.34671438" lon="-117.18774698">
      </trkpt>
      <trkpt lat="51.34671757" lon="-117.18775411">
      </trkpt>
      <trkpt lat="51.34672075" lon="-117.18776115">
      </trkpt>
      <trkpt lat="51.34672528" lon="-117.1877708">
      </trkpt>
      <trkpt lat="51.34672813" lon="-117.1877837">
      </trkpt>
      <trkpt lat="51.34672688" lon="-117.18779643">
      </trkpt>
      <trkpt lat="51.34672654" lon="-117.18780784">
      </trkpt>
      <trkpt lat="51.34672754" lon="-117.18781697">
      </trkpt>
      <trkpt lat="51.34672931" lon="-117.18782846">
      </trkpt>
      <trkpt lat="51.34673165" lon="-117.18784086">
      </trkpt>
      <trkpt lat="51.34673307" lon="-117.18785201">
      </trkpt>
      <trkpt lat="51.34673417" lon="-117.18786115">
      </trkpt>
      <trkpt lat="51.3467407" lon="-117.18787171">
      </trkpt>
      <trkpt lat="51.34674305" lon="-117.18788637">
      </trkpt>
      <trkpt lat="51.34674414" lon="-117.18790029">
      </trkpt>
      <trkpt lat="51.34674766" lon="-117.1879111">
      </trkpt>
      <trkpt lat="51.34675353" lon="-117.18792057">
      </trkpt>
      <trkpt lat="51.34675638" lon="-117.18793114">
      </trkpt>
      <trkpt lat="51.34676066" lon="-117.18794313">
      </trkpt>
      <trkpt lat="51.346763" lon="-117.18795821">
      </trkpt>
      <trkpt lat="51.34676376" lon="-117.1879697">
      </trkpt>
      <trkpt lat="51.34676828" lon="-117.18798135">
      </trkpt>
      <trkpt lat="51.34676803" lon="-117.18799468">
      </trkpt>
      <trkpt lat="51.34676937" lon="-117.18801001">
      </trkpt>
      <trkpt lat="51.34676736" lon="-117.18802116">
      </trkpt>
      <trkpt lat="51.34676593" lon="-117.18802224">
      </trkpt>
      <trkpt lat="51.34676527" lon="-117.18802619">
      </trkpt>
      <trkpt lat="51.34676551" lon="-117.18803532">
      </trkpt>
      <trkpt lat="51.34676878" lon="-117.18804698">
      </trkpt>
      <trkpt lat="51.34677398" lon="-117.18805712">
      </trkpt>
      <trkpt lat="51.34677624" lon="-117.18806123">
      </trkpt>
      <trkpt lat="51.34677456" lon="-117.18807237">
      </trkpt>
      <trkpt lat="51.34677381" lon="-117.18808402">
      </trkpt>
      <trkpt lat="51.34676736" lon="-117.18809257">
      </trkpt>
      <trkpt lat="51.3467635" lon="-117.18809886">
      </trkpt>
      <trkpt lat="51.34675973" lon="-117.18810933">
      </trkpt>
      <trkpt lat="51.3467583" lon="-117.18812031">
      </trkpt>
      <trkpt lat="51.34675512" lon="-117.18812945">
      </trkpt>
      <trkpt lat="51.34675244" lon="-117.18813758">
      </trkpt>
      <trkpt lat="51.34675009" lon="-117.18814604">
      </trkpt>
      <trkpt lat="51.34675311" lon="-117.18815577">
      </trkpt>
      <trkpt lat="51.34675562" lon="-117.18816391">
      </trkpt>
      <trkpt lat="51.34675705" lon="-117.18817145">
      </trkpt>
      <trkpt lat="51.34675789" lon="-117.18818217">
      </trkpt>
      <trkpt lat="51.34675797" lon="-117.18819483">
      </trkpt>
      <trkpt lat="51.3467599" lon="-117.18820632">
      </trkpt>
      <trkpt lat="51.34676878" lon="-117.18821587">
      </trkpt>
      <trkpt lat="51.34677431" lon="-117.18822551">
      </trkpt>
      <trkpt lat="51.34677616" lon="-117.18823733">
      </trkpt>
      <trkpt lat="51.34677758" lon="-117.18825115">
      </trkpt>
      <trkpt lat="51.34677767" lon="-117.18826407">
      </trkpt>
      <trkpt lat="51.34678052" lon="-117.1882753">
      </trkpt>
      <trkpt lat="51.34678303" lon="-117.1882872">
      </trkpt>
      <trkpt lat="51.34678613" lon="-117.18829877">
      </trkpt>
      <trkpt lat="51.34678563" lon="-117.18831084">
      </trkpt>
      <trkpt lat="51.34678513" lon="-117.18832516">
      </trkpt>
      <trkpt lat="51.34678765" lon="-117.18833573">
      </trkpt>
      <trkpt lat="51.34679368" lon="-117.1883437">
      </trkpt>
      <trkpt lat="51.34680064" lon="-117.18835383">
      </trkpt>
      <trkpt lat="51.34680356" lon="-117.18836708">
      </trkpt>
      <trkpt lat="51.34680398" lon="-117.18838032">
      </trkpt>
      <trkpt lat="51.34680583" lon="-117.18839466">
      </trkpt>
      <trkpt lat="51.34681002" lon="-117.18840665">
      </trkpt>
      <trkpt lat="51.34681103" lon="-117.18841535">
      </trkpt>
      <trkpt lat="51.34681212" lon="-117.18842642">
      </trkpt>
      <trkpt lat="51.34681304" lon="-117.18844026">
      </trkpt>
      <trkpt lat="51.34681388" lon="-117.18845249">
      </trkpt>
      <trkpt lat="51.34681371" lon="-117.18846205">
      </trkpt>
      <trkpt lat="51.34681522" lon="-117.18847144">
      </trkpt>
      <trkpt lat="51.34681447" lon="-117.18848602">
      </trkpt>
      <trkpt lat="51.34681606" lon="-117.18850228">
      </trkpt>
      <trkpt lat="51.34682109" lon="-117.18851921">
      </trkpt>
      <trkpt lat="51.3468257" lon="-117.18853355">
      </trkpt>
      <trkpt lat="51.34683165" lon="-117.18854477">
      </trkpt>
      <trkpt lat="51.3468371" lon="-117.18855609">
      </trkpt>
      <trkpt lat="51.34684045" lon="-117.18857169">
      </trkpt>
      <trkpt lat="51.34684497" lon="-117.18858719">
      </trkpt>
      <trkpt lat="51.3468495" lon="-117.18859984">
      </trkpt>
      <trkpt lat="51.34685235" lon="-117.18861417">
      </trkpt>
      <trkpt lat="51.34685143" lon="-117.18863228">
      </trkpt>
      <trkpt lat="51.34685168" lon="-117.18865256">
      </trkpt>
      <trkpt lat="51.34685352" lon="-117.18867402">
      </trkpt>
      <trkpt lat="51.34685453" lon="-117.18869514">
      </trkpt>
      <trkpt lat="51.34685378" lon="-117.18871434">
      </trkpt>
      <trkpt lat="51.34684841" lon="-117.18872959">
      </trkpt>
      <trkpt lat="51.34684221" lon="-117.18874519">
      </trkpt>
      <trkpt lat="51.34683752" lon="-117.18876372">
      </trkpt>
      <trkpt lat="51.34683483" lon="-117.18878357">
      </trkpt>
      <trkpt lat="51.34683282" lon="-117.18880285">
      </trkpt>
      <trkpt lat="51.34683257" lon="-117.1888197">
      </trkpt>
      <trkpt lat="51.34683324" lon="-117.18883218">
      </trkpt>
      <trkpt lat="51.346835" lon="-117.18884351">
      </trkpt>
      <trkpt lat="51.34683936" lon="-117.18885809">
      </trkpt>
      <trkpt lat="51.34684212" lon="-117.18887594">
      </trkpt>
      <trkpt lat="51.34684271" lon="-117.18889195">
      </trkpt>
      <trkpt lat="51.34684372" lon="-117.18890645">
      </trkpt>
      <trkpt lat="51.3468459" lon="-117.18891995">
      </trkpt>
      <trkpt lat="51.34685" lon="-117.18893436">
      </trkpt>
      <trkpt lat="51.34685503" lon="-117.1889492">
      </trkpt>
      <trkpt lat="51.34686014" lon="-117.18896437">
      </trkpt>
      <trkpt lat="51.34686224" lon="-117.18897871">
      </trkpt>
      <trkpt lat="51.34686258" lon="-117.18899279">
      </trkpt>
      <trkpt lat="51.346863" lon="-117.18900964">
      </trkpt>
      <trkpt lat="51.34686291" lon="-117.18902833">
      </trkpt>
      <trkpt lat="51.34686249" lon="-117.18904669">
      </trkpt>
      <trkpt lat="51.34686333" lon="-117.18906109">
      </trkpt>
      <trkpt lat="51.346863" lon="-117.1890735">
      </trkpt>
      <trkpt lat="51.34686233" lon="-117.18908692">
      </trkpt>
      <trkpt lat="51.34686308" lon="-117.18910209">
      </trkpt>
      <trkpt lat="51.34686467" lon="-117.18911491">
      </trkpt>
      <trkpt lat="51.34686836" lon="-117.18912664">
      </trkpt>
      <trkpt lat="51.3468697" lon="-117.18913947">
      </trkpt>
      <trkpt lat="51.34687188" lon="-117.18915456">
      </trkpt>
      <trkpt lat="51.34687825" lon="-117.18917065">
      </trkpt>
      <trkpt lat="51.34688437" lon="-117.18918498">
      </trkpt>
      <trkpt lat="51.34688814" lon="-117.18919907">
      </trkpt>
      <trkpt lat="51.34689325" lon="-117.18920913">
      </trkpt>
      <trkpt lat="51.34689727" lon="-117.18922229">
      </trkpt>
      <trkpt lat="51.34690113" lon="-117.18923737">
      </trkpt>
      <trkpt lat="51.34690524" lon="-117.18925028">
      </trkpt>
      <trkpt lat="51.34690709" lon="-117.18926127">
      </trkpt>
      <trkpt lat="51.34690943" lon="-117.18927534">
      </trkpt>
      <trkpt lat="51.34691144" lon="-117.18929336">
      </trkpt>
      <trkpt lat="51.34691563" lon="-117.18930963">
      </trkpt>
      <trkpt lat="51.346921" lon="-117.18932379">
      </trkpt>
      <trkpt lat="51.34692443" lon="-117.18933762">
      </trkpt>
      <trkpt lat="51.34692628" lon="-117.18935363">
      </trkpt>
      <trkpt lat="51.34692989" lon="-117.18937039">
      </trkpt>
      <trkpt lat="51.34693315" lon="-117.18938523">
      </trkpt>
      <trkpt lat="51.34693726" lon="-117.18939772">
      </trkpt>
      <trkpt lat="51.34694078" lon="-117.18941239">
      </trkpt>
      <trkpt lat="51.34694472" lon="-117.18942974">
      </trkpt>
      <trkpt lat="51.34694782" lon="-117.18944383">
      </trkpt>
      <trkpt lat="51.34694984" lon="-117.18945563">
      </trkpt>
      <trkpt lat="51.34695184" lon="-117.18947006">
      </trkpt>
      <trkpt lat="51.34695268" lon="-117.1894859">
      </trkpt>
      <trkpt lat="51.3469547" lon="-117.1895014">
      </trkpt>
      <trkpt lat="51.34695847" lon="-117.18951549">
      </trkpt>
      <trkpt lat="51.34696224" lon="-117.18952881">
      </trkpt>
      <trkpt lat="51.34696752" lon="-117.18954473">
      </trkpt>
      <trkpt lat="51.34697264" lon="-117.18955965">
      </trkpt>
      <trkpt lat="51.34697741" lon="-117.18957517">
      </trkpt>
      <trkpt lat="51.34698278" lon="-117.18959218">
      </trkpt>
      <trkpt lat="51.34698772" lon="-117.18960878">
      </trkpt>
      <trkpt lat="51.34699208" lon="-117.18962278">
      </trkpt>
      <trkpt lat="51.34699527" lon="-117.18963383">
      </trkpt>
      <trkpt lat="51.34699644" lon="-117.18964088">
      </trkpt>
      <trkpt lat="51.3469992" lon="-117.18964876">
      </trkpt>
      <trkpt lat="51.34700147" lon="-117.18965915">
      </trkpt>
      <trkpt lat="51.34700406" lon="-117.18967047">
      </trkpt>
      <trkpt lat="51.34700716" lon="-117.1896812">
      </trkpt>
      <trkpt lat="51.34700834" lon="-117.18969218">
      </trkpt>
      <trkpt lat="51.34701236" lon="-117.18970131">
      </trkpt>
      <trkpt lat="51.34701907" lon="-117.18971028">
      </trkpt>
      <trkpt lat="51.34702577" lon="-117.18972051">
      </trkpt>
      <trkpt lat="51.3470303" lon="-117.18973191">
      </trkpt>
      <trkpt lat="51.34703172" lon="-117.18974549">
      </trkpt>
      <trkpt lat="51.3470324" lon="-117.18976091">
      </trkpt>
      <trkpt lat="51.34703583" lon="-117.18977901">
      </trkpt>
      <trkpt lat="51.34703817" lon="-117.18979737">
      </trkpt>
      <trkpt lat="51.34703919" lon="-117.18981078">
      </trkpt>
      <trkpt lat="51.34703944" lon="-117.18982695">
      </trkpt>
      <trkpt lat="51.34704086" lon="-117.18984438">
      </trkpt>
      <trkpt lat="51.34704413" lon="-117.18986098">
      </trkpt>
      <trkpt lat="51.3470479" lon="-117.18987432">
      </trkpt>
      <trkpt lat="51.34705075" lon="-117.1898889">
      </trkpt>
      <trkpt lat="51.3470536" lon="-117.18990382">
      </trkpt>
      <trkpt lat="51.34705545" lon="-117.18991723">
      </trkpt>
      <trkpt lat="51.34705838" lon="-117.18993081">
      </trkpt>
      <trkpt lat="51.34706181" lon="-117.18994824">
      </trkpt>
      <trkpt lat="51.34706852" lon="-117.18996215">
      </trkpt>
      <trkpt lat="51.34707271" lon="-117.18997414">
      </trkpt>
      <trkpt lat="51.34707582" lon="-117.18998772">
      </trkpt>
      <trkpt lat="51.34707992" lon="-117.1900039">
      </trkpt>
      <trkpt lat="51.34708009" lon="-117.19002167">
      </trkpt>
      <trkpt lat="51.34707958" lon="-117.19003851">
      </trkpt>
      <trkpt lat="51.34707992" lon="-117.1900541">
      </trkpt>
      <trkpt lat="51.34708319" lon="-117.19006802">
      </trkpt>
      <trkpt lat="51.34708956" lon="-117.19008302">
      </trkpt>
      <trkpt lat="51.34709408" lon="-117.19009877">
      </trkpt>
      <trkpt lat="51.3470961" lon="-117.19011328">
      </trkpt>
      <trkpt lat="51.34709786" lon="-117.19013046">
      </trkpt>
      <trkpt lat="51.34710171" lon="-117.19015108">
      </trkpt>
      <trkpt lat="51.34710355" lon="-117.19017254">
      </trkpt>
      <trkpt lat="51.34711244" lon="-117.19018897">
      </trkpt>
      <trkpt lat="51.34712568" lon="-117.19020422">
      </trkpt>
      <trkpt lat="51.34713599" lon="-117.19022083">
      </trkpt>
      <trkpt lat="51.34714161" lon="-117.19023926">
      </trkpt>
      <trkpt lat="51.34714471" lon="-117.19025678">
      </trkpt>
      <trkpt lat="51.34715108" lon="-117.19027456">
      </trkpt>
      <trkpt lat="51.34715452" lon="-117.19029567">
      </trkpt>
      <trkpt lat="51.34715661" lon="-117.19031503">
      </trkpt>
      <trkpt lat="51.34716198" lon="-117.19033196">
      </trkpt>
      <trkpt lat="51.34716911" lon="-117.19034815">
      </trkpt>
      <trkpt lat="51.34717648" lon="-117.19036156">
      </trkpt>
      <trkpt lat="51.34717958" lon="-117.19037697">
      </trkpt>
      <trkpt lat="51.3471805" lon="-117.19039482">
      </trkpt>
      <trkpt lat="51.34717908" lon="-117.19041285">
      </trkpt>
      <trkpt lat="51.34718059" lon="-117.19043121">
      </trkpt>
      <trkpt lat="51.34718511" lon="-117.19044781">
      </trkpt>
      <trkpt lat="51.34718888" lon="-117.19046255">
      </trkpt>
      <trkpt lat="51.34719476" lon="-117.19047638">
      </trkpt>
      <trkpt lat="51.34720196" lon="-117.19049239">
      </trkpt>
      <trkpt lat="51.3472054" lon="-117.19050958">
      </trkpt>
      <trkpt lat="51.34720514" lon="-117.19052693">
      </trkpt>
      <trkpt lat="51.34720598" lon="-117.1905405">
      </trkpt>
      <trkpt lat="51.34720766" lon="-117.19055517">
      </trkpt>
      <trkpt lat="51.34721068" lon="-117.19057395">
      </trkpt>
      <trkpt lat="51.34721453" lon="-117.19059373">
      </trkpt>
      <trkpt lat="51.34722115" lon="-117.19061083">
      </trkpt>
      <trkpt lat="51.34722995" lon="-117.19062516">
      </trkpt>
      <trkpt lat="51.34723784" lon="-117.19063916">
      </trkpt>
      <trkpt lat="51.34724337" lon="-117.19065458">
      </trkpt>
      <trkpt lat="51.34724898" lon="-117.19067051">
      </trkpt>
      <trkpt lat="51.34725418" lon="-117.19069087">
      </trkpt>
      <trkpt lat="51.34726064" lon="-117.19070982">
      </trkpt>
      <trkpt lat="51.34726927" lon="-117.190727">
      </trkpt>
      <trkpt lat="51.34727647" lon="-117.19074277">
      </trkpt>
      <trkpt lat="51.34728234" lon="-117.19075928">
      </trkpt>
      <trkpt lat="51.3472883" lon="-117.19077554">
      </trkpt>
      <trkpt lat="51.34729274" lon="-117.19078912">
      </trkpt>
      <trkpt lat="51.34729927" lon="-117.1907991">
      </trkpt>
      <trkpt lat="51.34730757" lon="-117.19081066">
      </trkpt>
      <trkpt lat="51.34731671" lon="-117.19082818">
      </trkpt>
      <trkpt lat="51.34732568" lon="-117.19084737">
      </trkpt>
      <trkpt lat="51.34733347" lon="-117.19086741">
      </trkpt>
      <trkpt lat="51.34733917" lon="-117.19088919">
      </trkpt>
      <trkpt lat="51.34734462" lon="-117.1909109">
      </trkpt>
      <trkpt lat="51.34734755" lon="-117.19092959">
      </trkpt>
      <trkpt lat="51.34734889" lon="-117.19094979">
      </trkpt>
      <trkpt lat="51.34735007" lon="-117.19096915">
      </trkpt>
      <trkpt lat="51.34735259" lon="-117.19098618">
      </trkpt>
      <trkpt lat="51.34735451" lon="-117.19100478">
      </trkpt>
      <trkpt lat="51.34735593" lon="-117.19102473">
      </trkpt>
      <trkpt lat="51.34735853" lon="-117.19104468">
      </trkpt>
      <trkpt lat="51.34736071" lon="-117.19105952">
      </trkpt>
      <trkpt lat="51.34736297" lon="-117.19107191">
      </trkpt>
      <trkpt lat="51.34736667" lon="-117.19108953">
      </trkpt>
      <trkpt lat="51.34736935" lon="-117.1911073">
      </trkpt>
      <trkpt lat="51.34737044" lon="-117.19112439">
      </trkpt>
      <trkpt lat="51.34737027" lon="-117.19114208">
      </trkpt>
      <trkpt lat="51.3473701" lon="-117.19115876">
      </trkpt>
      <trkpt lat="51.34737144" lon="-117.19117568">
      </trkpt>
      <trkpt lat="51.34737564" lon="-117.19119371">
      </trkpt>
      <trkpt lat="51.34737924" lon="-117.1912103">
      </trkpt>
      <trkpt lat="51.34738067" lon="-117.19122615">
      </trkpt>
      <trkpt lat="51.34738351" lon="-117.19124149">
      </trkpt>
      <trkpt lat="51.34738645" lon="-117.191258">
      </trkpt>
      <trkpt lat="51.34738938" lon="-117.19127694">
      </trkpt>
      <trkpt lat="51.34739047" lon="-117.19129412">
      </trkpt>
      <trkpt lat="51.34738963" lon="-117.19131173">
      </trkpt>
      <trkpt lat="51.34739063" lon="-117.19133083">
      </trkpt>
      <trkpt lat="51.34739575" lon="-117.1913491">
      </trkpt>
      <trkpt lat="51.34740329" lon="-117.19136479">
      </trkpt>
      <trkpt lat="51.34740782" lon="-117.19137987">
      </trkpt>
      <trkpt lat="51.34741009" lon="-117.1913927">
      </trkpt>
      <trkpt lat="51.34741201" lon="-117.19140577">
      </trkpt>
      <trkpt lat="51.34741478" lon="-117.19141869">
      </trkpt>
      <trkpt lat="51.3474167" lon="-117.19142773">
      </trkpt>
      <trkpt lat="51.34741829" lon="-117.19143477">
      </trkpt>
      <trkpt lat="51.34742014" lon="-117.19143989">
      </trkpt>
      <trkpt lat="51.34742291" lon="-117.19144391">
      </trkpt>
      <trkpt lat="51.34742408" lon="-117.1914517">
      </trkpt>
      <trkpt lat="51.34742718" lon="-117.19146252">
      </trkpt>
      <trkpt lat="51.34743012" lon="-117.1914761">
      </trkpt>
      <trkpt lat="51.34743388" lon="-117.19149111">
      </trkpt>
      <trkpt lat="51.3474359" lon="-117.1915051">
      </trkpt>
      <trkpt lat="51.34743548" lon="-117.19151674">
      </trkpt>
      <trkpt lat="51.34743632" lon="-117.19152957">
      </trkpt>
      <trkpt lat="51.34744018" lon="-117.19153946">
      </trkpt>
      <trkpt lat="51.34744579" lon="-117.19154709">
      </trkpt>
      <trkpt lat="51.34744906" lon="-117.19155672">
      </trkpt>
      <trkpt lat="51.3474535" lon="-117.19156897">
      </trkpt>
      <trkpt lat="51.34745803" lon="-117.19158129">
      </trkpt>
      <trkpt lat="51.34746532" lon="-117.19159345">
      </trkpt>
      <trkpt lat="51.34747328" lon="-117.1916066">
      </trkpt>
      <trkpt lat="51.34748132" lon="-117.19162051">
      </trkpt>
      <trkpt lat="51.34748828" lon="-117.19163443">
      </trkpt>
      <trkpt lat="51.34749382" lon="-117.1916475">
      </trkpt>
      <trkpt lat="51.34749876" lon="-117.19165672">
      </trkpt>
      <trkpt lat="51.34750488" lon="-117.19166569">
      </trkpt>
      <trkpt lat="51.34751041" lon="-117.1916781">
      </trkpt>
      <trkpt lat="51.34751394" lon="-117.19168966">
      </trkpt>
      <trkpt lat="51.34751695" lon="-117.19170089">
      </trkpt>
      <trkpt lat="51.34751854" lon="-117.19171457">
      </trkpt>
      <trkpt lat="51.34751829" lon="-117.19172622">
      </trkpt>
      <trkpt lat="51.34751737" lon="-117.19173259">
      </trkpt>
      <trkpt lat="51.34751469" lon="-117.19174574">
      </trkpt>
      <trkpt lat="51.34751276" lon="-117.19175605">
      </trkpt>
      <trkpt lat="51.34751326" lon="-117.19176871">
      </trkpt>
      <trkpt lat="51.34751285" lon="-117.1917817">
      </trkpt>
      <trkpt lat="51.34751443" lon="-117.19179527">
      </trkpt>
      <trkpt lat="51.3475131" lon="-117.19181155">
      </trkpt>
      <trkpt lat="51.34751218" lon="-117.19182697">
      </trkpt>
      <trkpt lat="51.34751318" lon="-117.19183862">
      </trkpt>
      <trkpt lat="51.34751327" lon="-117.19185227">
      </trkpt>
      <trkpt lat="51.34751326" lon="-117.19186518">
      </trkpt>
      <trkpt lat="51.34751654" lon="-117.19187499">
      </trkpt>
      <trkpt lat="51.34752005" lon="-117.19188623">
      </trkpt>
      <trkpt lat="51.34752382" lon="-117.19189964">
      </trkpt>
      <trkpt lat="51.3475245" lon="-117.19191397">
      </trkpt>
      <trkpt lat="51.34752349" lon="-117.19192805">
      </trkpt>
      <trkpt lat="51.34752349" lon="-117.19194096">
      </trkpt>
      <trkpt lat="51.34752617" lon="-117.19194985">
      </trkpt>
      <trkpt lat="51.34752743" lon="-117.19196082">
      </trkpt>
      <trkpt lat="51.34752852" lon="-117.19197599">
      </trkpt>
      <trkpt lat="51.34752902" lon="-117.19199183">
      </trkpt>
      <trkpt lat="51.34753146" lon="-117.19200499">
      </trkpt>
      <trkpt lat="51.3475338" lon="-117.19201724">
      </trkpt>
      <trkpt lat="51.34753263" lon="-117.19203223">
      </trkpt>
      <trkpt lat="51.34753262" lon="-117.19205076">
      </trkpt>
      <trkpt lat="51.34753154" lon="-117.19206785">
      </trkpt>
      <trkpt lat="51.34753019" lon="-117.19208287">
      </trkpt>
      <trkpt lat="51.34753061" lon="-117.19209367">
      </trkpt>
      <trkpt lat="51.34753305" lon="-117.19210398">
      </trkpt>
      <trkpt lat="51.34753505" lon="-117.19211253">
      </trkpt>
      <trkpt lat="51.34753615" lon="-117.19212124">
      </trkpt>
      <trkpt lat="51.34753791" lon="-117.19212619">
      </trkpt>
      <trkpt lat="51.34753958" lon="-117.19213089">
      </trkpt>
      <trkpt lat="51.3475421" lon="-117.19213299">
      </trkpt>
      <trkpt lat="51.34754327" lon="-117.19213365">
      </trkpt>
      <trkpt lat="51.34754453" lon="-117.19213995">
      </trkpt>
      <trkpt lat="51.3475473" lon="-117.19214816">
      </trkpt>
      <trkpt lat="51.34754839" lon="-117.19215897">
      </trkpt>
      <trkpt lat="51.34754755" lon="-117.19217012">
      </trkpt>
      <trkpt lat="51.34754822" lon="-117.19217791">
      </trkpt>
      <trkpt lat="51.34755073" lon="-117.19218261">
      </trkpt>
      <trkpt lat="51.34755115" lon="-117.19218613">
      </trkpt>
      <trkpt lat="51.34754981" lon="-117.19219199">
      </trkpt>
      <trkpt lat="51.34755098" lon="-117.19220063">
      </trkpt>
      <trkpt lat="51.34755207" lon="-117.19221429">
      </trkpt>
      <trkpt lat="51.34755526" lon="-117.19222695">
      </trkpt>
      <trkpt lat="51.34756222" lon="-117.19223817">
      </trkpt>
      <trkpt lat="51.34756942" lon="-117.19224807">
      </trkpt>
      <trkpt lat="51.34757328" lon="-117.19225829">
      </trkpt>
      <trkpt lat="51.34757789" lon="-117.19226986">
      </trkpt>
      <trkpt lat="51.34758325" lon="-117.19228663">
      </trkpt>
      <trkpt lat="51.34758744" lon="-117.19229936">
      </trkpt>
      <trkpt lat="51.34759222" lon="-117.19231135">
      </trkpt>
      <trkpt lat="51.34759214" lon="-117.1923168">
      </trkpt>
      <trkpt lat="51.34759248" lon="-117.19232493">
      </trkpt>
      <trkpt lat="51.34759616" lon="-117.19233934">
      </trkpt>
      <trkpt lat="51.34760295" lon="-117.19235552">
      </trkpt>
      <trkpt lat="51.34760689" lon="-117.19237078">
      </trkpt>
      <trkpt lat="51.34760865" lon="-117.19238621">
      </trkpt>
      <trkpt lat="51.34760932" lon="-117.19240599">
      </trkpt>
      <trkpt lat="51.34760974" lon="-117.19242526">
      </trkpt>
      <trkpt lat="51.34760916" lon="-117.19244387">
      </trkpt>
      <trkpt lat="51.34760898" lon="-117.1924603">
      </trkpt>
      <trkpt lat="51.34761024" lon="-117.19247698">
      </trkpt>
      <trkpt lat="51.34761083" lon="-117.19249341">
      </trkpt>
      <trkpt lat="51.34761192" lon="-117.19250808">
      </trkpt>
      <trkpt lat="51.34761561" lon="-117.19252174">
      </trkpt>
      <trkpt lat="51.34761645" lon="-117.19253573">
      </trkpt>
      <trkpt lat="51.34761585" lon="-117.19254596">
      </trkpt>
      <trkpt lat="51.3476125" lon="-117.19254161">
      </trkpt>
      <trkpt lat="51.34761125" lon="-117.19254051">
      </trkpt>
      <trkpt lat="51.34761058" lon="-117.19253892">
      </trkpt>
      <trkpt lat="51.3476089" lon="-117.1925401">
      </trkpt>
      <trkpt lat="51.34760873" lon="-117.19253942">
      </trkpt>
      <trkpt lat="51.34760748" lon="-117.19253817">
      </trkpt>
      <trkpt lat="51.34760697" lon="-117.19253859">
      </trkpt>
      <trkpt lat="51.34760521" lon="-117.19254211">
      </trkpt>
      <trkpt lat="51.34760279" lon="-117.19254126">
      </trkpt>
      <trkpt lat="51.34760119" lon="-117.19254111">
      </trkpt>
      <trkpt lat="51.34759951" lon="-117.19254094">
      </trkpt>
      <trkpt lat="51.34759792" lon="-117.1925416">
      </trkpt>
      <trkpt lat="51.34759624" lon="-117.19254269">
      </trkpt>
      <trkpt lat="51.34759683" lon="-117.19254353">
      </trkpt>
      <trkpt lat="51.34759482" lon="-117.19254479">
      </trkpt>
      <trkpt lat="51.34759448" lon="-117.19254697">
      </trkpt>
      <trkpt lat="51.34759289" lon="-117.19255007">
      </trkpt>
      <trkpt lat="51.34759113" lon="-117.19255225">
      </trkpt>
      <trkpt lat="51.34758971" lon="-117.19255401">
      </trkpt>
      <trkpt lat="51.34758661" lon="-117.19255535">
      </trkpt>
      <trkpt lat="51.34758367" lon="-117.19255887">
      </trkpt>
      <trkpt lat="51.34758175" lon="-117.19256214">
      </trkpt>
      <trkpt lat="51.34758074" lon="-117.19256147">
      </trkpt>
      <trkpt lat="51.3475773" lon="-117.19256323">
      </trkpt>
      <trkpt lat="51.34757705" lon="-117.19256247">
      </trkpt>
      <trkpt lat="51.34757814" lon="-117.19256029">
      </trkpt>
      <trkpt lat="51.34758007" lon="-117.19255871">
      </trkpt>
      <trkpt lat="51.34758006" lon="-117.1925561">
      </trkpt>
      <trkpt lat="51.34757889" lon="-117.19255409">
      </trkpt>
      <trkpt lat="51.34757789" lon="-117.19255435">
      </trkpt>
      <trkpt lat="51.34757613" lon="-117.19255427">
      </trkpt>
      <trkpt lat="51.34757496" lon="-117.19255451">
      </trkpt>
      <trkpt lat="51.34757521" lon="-117.19255367">
      </trkpt>
      <trkpt lat="51.34757445" lon="-117.19255308">
      </trkpt>
      <trkpt lat="51.34757338" lon="-117.19255135">
      </trkpt>
      <trkpt lat="51.34757344" lon="-117.19255124">
      </trkpt>
      <trkpt lat="51.34757387" lon="-117.19254982">
      </trkpt>
      <trkpt lat="51.34757436" lon="-117.19255007">
      </trkpt>
      <trkpt lat="51.34757437" lon="-117.19254956">
      </trkpt>
      <trkpt lat="51.34757429" lon="-117.19254872">
      </trkpt>
      <trkpt lat="51.34757429" lon="-117.19254781">
      </trkpt>
      <trkpt lat="51.34757495" lon="-117.19254832">
      </trkpt>
      <trkpt lat="51.34757495" lon="-117.1925479">
      </trkpt>
      <trkpt lat="51.34757487" lon="-117.19254671">
      </trkpt>
      <trkpt lat="51.34757496" lon="-117.19254621">
      </trkpt>
      <trkpt lat="51.34757395" lon="-117.19254672">
      </trkpt>
      <trkpt lat="51.34757363" lon="-117.19254663">
      </trkpt>
      <trkpt lat="51.34757328" lon="-117.19254697">
      </trkpt>
      <trkpt lat="51.34757261" lon="-117.19254671">
      </trkpt>
      <trkpt lat="51.34757168" lon="-117.19254622">
      </trkpt>
      <trkpt lat="51.34757115" lon="-117.19254573">
      </trkpt>
      <trkpt lat="51.34757026" lon="-117.19254639">
      </trkpt>
      <trkpt lat="51.34756926" lon="-117.19254688">
      </trkpt>
      <trkpt lat="51.34756766" lon="-117.19254721">
      </trkpt>
      <trkpt lat="51.3475628" lon="-117.19255233">
      </trkpt>
      <trkpt lat="51.34756163" lon="-117.19255116">
      </trkpt>
      <trkpt lat="51.34756003" lon="-117.19255284">
      </trkpt>
      <trkpt lat="51.34755601" lon="-117.19255518">
      </trkpt>
      <trkpt lat="51.34755484" lon="-117.19255744">
      </trkpt>
      <trkpt lat="51.34755182" lon="-117.19256021">
      </trkpt>
    </trkseg>
  </trk>
</gpx>