<?xml version="1.0" encoding="UTF-8"?>
<gpx xmlns="http://www.topografix.com/GPX/1/1" xmlns:xsi="http://www.w3.org/2001/XMLSchema-instance" xsi:schemaLocation="http://www.topografix.com/GPX/1/1 http://www.topografix.com/GPX/1/1/gpx.xsd" version="1.1" creator="gpx.py -- https://github.com/tkrajina/gpxpy">
  <trk>
    <name>Nickel Plate Cross Country Ski Trails</name>
    <trkseg>
      <trkpt lat="49.38170755" lon="-119.95964616">
      </trkpt>
      <trkpt lat="49.38167463" lon="-119.95953233">
      </trkpt>
      <trkpt lat="49.38163499" lon="-119.959407">
      </trkpt>
      <trkpt lat="49.38154046" lon="-119.95924278">
      </trkpt>
      <trkpt lat="49.3814655" lon="-119.95911439">
      </trkpt>
      <trkpt lat="49.38144409" lon="-119.95895595">
      </trkpt>
      <trkpt lat="49.38143535" lon="-119.95879971">
      </trkpt>
      <trkpt lat="49.38143608" lon="-119.95858848">
      </trkpt>
      <trkpt lat="49.38145704" lon="-119.9584245">
      </trkpt>
      <trkpt lat="49.38149237" lon="-119.9582932">
      </trkpt>
      <trkpt lat="49.38153283" lon="-119.958119">
      </trkpt>
      <trkpt lat="49.38158531" lon="-119.95793554">
      </trkpt>
      <trkpt lat="49.38161359" lon="-119.95781284">
      </trkpt>
      <trkpt lat="49.38162172" lon="-119.95768893">
      </trkpt>
      <trkpt lat="49.38161447" lon="-119.95755936">
      </trkpt>
      <trkpt lat="49.38159084" lon="-119.95745112">
      </trkpt>
      <trkpt lat="49.38151987" lon="-119.95734908">
      </trkpt>
      <trkpt lat="49.38145594" lon="-119.95723845">
      </trkpt>
      <trkpt lat="49.38139743" lon="-119.95713477">
      </trkpt>
      <trkpt lat="49.38134291" lon="-119.95705746">
      </trkpt>
      <trkpt lat="49.38129044" lon="-119.95697219">
      </trkpt>
      <trkpt lat="49.38125377" lon="-119.95690021">
      </trkpt>
      <trkpt lat="49.38120832" lon="-119.95684928">
      </trkpt>
      <trkpt lat="49.38123689" lon="-119.95676222">
      </trkpt>
      <trkpt lat="49.38126127" lon="-119.95669186">
      </trkpt>
      <trkpt lat="49.38129419" lon="-119.95659657">
      </trkpt>
      <trkpt lat="49.38133811" lon="-119.95649551">
      </trkpt>
      <trkpt lat="49.38138323" lon="-119.95641595">
      </trkpt>
      <trkpt lat="49.38143434" lon="-119.95634211">
      </trkpt>
      <trkpt lat="49.38149964" lon="-119.95626858">
      </trkpt>
      <trkpt lat="49.38154118" lon="-119.95622632">
      </trkpt>
      <trkpt lat="49.38160289" lon="-119.95619008">
      </trkpt>
      <trkpt lat="49.38164505" lon="-119.95615855">
      </trkpt>
      <trkpt lat="49.38170756" lon="-119.95611138">
      </trkpt>
      <trkpt lat="49.38177229" lon="-119.95605309">
      </trkpt>
      <trkpt lat="49.381822" lon="-119.95597943">
      </trkpt>
      <trkpt lat="49.38186705" lon="-119.95584789">
      </trkpt>
      <trkpt lat="49.38189056" lon="-119.9557365">
      </trkpt>
      <trkpt lat="49.38189535" lon="-119.95564488">
      </trkpt>
      <trkpt lat="49.38189262" lon="-119.9555456">
      </trkpt>
      <trkpt lat="49.38189339" lon="-119.95543285">
      </trkpt>
      <trkpt lat="49.38189886" lon="-119.95532814">
      </trkpt>
      <trkpt lat="49.38192016" lon="-119.95522787">
      </trkpt>
      <trkpt lat="49.38195698" lon="-119.95515157">
      </trkpt>
      <trkpt lat="49.38201194" lon="-119.95507072">
      </trkpt>
      <trkpt lat="49.38206012" lon="-119.95499509">
      </trkpt>
      <trkpt lat="49.38209925" lon="-119.95490982">
      </trkpt>
      <trkpt lat="49.38213474" lon="-119.95480986">
      </trkpt>
      <trkpt lat="49.38215451" lon="-119.95470762">
      </trkpt>
      <trkpt lat="49.38217171" lon="-119.95461005">
      </trkpt>
      <trkpt lat="49.38219482" lon="-119.95454204">
      </trkpt>
      <trkpt lat="49.38222136" lon="-119.95448333">
      </trkpt>
      <trkpt lat="49.38226831" lon="-119.95431116">
      </trkpt>
      <trkpt lat="49.38230004" lon="-119.95422287">
      </trkpt>
      <trkpt lat="49.38232127" lon="-119.95401255">
      </trkpt>
      <trkpt lat="49.38231317" lon="-119.95386777">
      </trkpt>
      <trkpt lat="49.38232077" lon="-119.95367607">
      </trkpt>
      <trkpt lat="49.38234876" lon="-119.95352096">
      </trkpt>
      <trkpt lat="49.38237264" lon="-119.95337533">
      </trkpt>
      <trkpt lat="49.38246175" lon="-119.95337714">
      </trkpt>
      <trkpt lat="49.38257316" lon="-119.95340182">
      </trkpt>
      <trkpt lat="49.38267125" lon="-119.95345068">
      </trkpt>
      <trkpt lat="49.38278661" lon="-119.95348045">
      </trkpt>
      <trkpt lat="49.38290375" lon="-119.95347632">
      </trkpt>
      <trkpt lat="49.38300601" lon="-119.95346855">
      </trkpt>
      <trkpt lat="49.38310067" lon="-119.95345616">
      </trkpt>
      <trkpt lat="49.38317225" lon="-119.95342434">
      </trkpt>
      <trkpt lat="49.38318639" lon="-119.95342093">
      </trkpt>
      <trkpt lat="49.38318785" lon="-119.95350644">
      </trkpt>
      <trkpt lat="49.3831868" lon="-119.95361876">
      </trkpt>
      <trkpt lat="49.38320166" lon="-119.95381875">
      </trkpt>
      <trkpt lat="49.3832624" lon="-119.95405199">
      </trkpt>
      <trkpt lat="49.38327955" lon="-119.95416192">
      </trkpt>
      <trkpt lat="49.38330088" lon="-119.95421524">
      </trkpt>
      <trkpt lat="49.38330627" lon="-119.9542927">
      </trkpt>
      <trkpt lat="49.38331617" lon="-119.95428578">
      </trkpt>
      <trkpt lat="49.38343732" lon="-119.95423725">
      </trkpt>
      <trkpt lat="49.38352456" lon="-119.95419316">
      </trkpt>
      <trkpt lat="49.38359799" lon="-119.95413128">
      </trkpt>
      <trkpt lat="49.38360745" lon="-119.95407124">
      </trkpt>
      <trkpt lat="49.38361085" lon="-119.95397935">
      </trkpt>
      <trkpt lat="49.38361109" lon="-119.95390745">
      </trkpt>
      <trkpt lat="49.38360626" lon="-119.95374475">
      </trkpt>
      <trkpt lat="49.38360469" lon="-119.95364042">
      </trkpt>
      <trkpt lat="49.38360493" lon="-119.95356853">
      </trkpt>
      <trkpt lat="49.3836179" lon="-119.95349496">
      </trkpt>
      <trkpt lat="49.38363195" lon="-119.95344087">
      </trkpt>
      <trkpt lat="49.38365273" lon="-119.95334062">
      </trkpt>
      <trkpt lat="49.38363589" lon="-119.95338607">
      </trkpt>
      <trkpt lat="49.38360895" lon="-119.95342885">
      </trkpt>
      <trkpt lat="49.38357982" lon="-119.95343267">
      </trkpt>
      <trkpt lat="49.38352458" lon="-119.95342869">
      </trkpt>
      <trkpt lat="49.38348298" lon="-119.9534061">
      </trkpt>
      <trkpt lat="49.38342378" lon="-119.95339701">
      </trkpt>
      <trkpt lat="49.38335793" lon="-119.95340002">
      </trkpt>
      <trkpt lat="49.38329968" lon="-119.95340765">
      </trkpt>
      <trkpt lat="49.38322291" lon="-119.9534121">
      </trkpt>
      <trkpt lat="49.38318639" lon="-119.95342093">
      </trkpt>
    </trkseg>
    <trkseg>
      <trkpt lat="49.38144007" lon="-119.94572422">
      </trkpt>
      <trkpt lat="49.38160982" lon="-119.94547887">
      </trkpt>
      <trkpt lat="49.38171578" lon="-119.94527069">
      </trkpt>
      <trkpt lat="49.38184511" lon="-119.94505942">
      </trkpt>
      <trkpt lat="49.38201179" lon="-119.94484327">
      </trkpt>
      <trkpt lat="49.3821602" lon="-119.94463671">
      </trkpt>
      <trkpt lat="49.38231407" lon="-119.94444382">
      </trkpt>
      <trkpt lat="49.38250145" lon="-119.94426093">
      </trkpt>
      <trkpt lat="49.38264251" lon="-119.94409131">
      </trkpt>
      <trkpt lat="49.38285164" lon="-119.94387678">
      </trkpt>
      <trkpt lat="49.38304408" lon="-119.94370041">
      </trkpt>
      <trkpt lat="49.3832093" lon="-119.94354201">
      </trkpt>
      <trkpt lat="49.38333382" lon="-119.94349689">
      </trkpt>
      <trkpt lat="49.38345139" lon="-119.94349586">
      </trkpt>
      <trkpt lat="49.3835878" lon="-119.94357872">
      </trkpt>
      <trkpt lat="49.3837342" lon="-119.9435883">
      </trkpt>
      <trkpt lat="49.38389569" lon="-119.94353114">
      </trkpt>
      <trkpt lat="49.3840529" lon="-119.94348173">
      </trkpt>
      <trkpt lat="49.3841849" lon="-119.943486">
      </trkpt>
      <trkpt lat="49.38431235" lon="-119.94357723">
      </trkpt>
      <trkpt lat="49.38446863" lon="-119.94367909">
      </trkpt>
      <trkpt lat="49.38462532" lon="-119.94378807">
      </trkpt>
      <trkpt lat="49.38475318" lon="-119.94388645">
      </trkpt>
      <trkpt lat="49.38489464" lon="-119.94397584">
      </trkpt>
      <trkpt lat="49.3850536" lon="-119.94404135">
      </trkpt>
      <trkpt lat="49.38515409" lon="-119.94407135">
      </trkpt>
      <trkpt lat="49.38530878" lon="-119.94414463">
      </trkpt>
      <trkpt lat="49.38544905" lon="-119.94421259">
      </trkpt>
      <trkpt lat="49.38561774" lon="-119.94428402">
      </trkpt>
      <trkpt lat="49.38576936" lon="-119.94438648">
      </trkpt>
      <trkpt lat="49.38594552" lon="-119.94450731">
      </trkpt>
      <trkpt lat="49.38609087" lon="-119.94458182">
      </trkpt>
      <trkpt lat="49.38623233" lon="-119.94467121">
      </trkpt>
      <trkpt lat="49.38636752" lon="-119.94473265">
      </trkpt>
      <trkpt lat="49.38646076" lon="-119.94479028">
      </trkpt>
      <trkpt lat="49.38665259" lon="-119.9447413">
      </trkpt>
      <trkpt lat="49.38677798" lon="-119.94461774">
      </trkpt>
      <trkpt lat="49.3868698" lon="-119.94445094">
      </trkpt>
      <trkpt lat="49.38693049" lon="-119.94414537">
      </trkpt>
      <trkpt lat="49.3869881" lon="-119.94392354">
      </trkpt>
      <trkpt lat="49.38701613" lon="-119.9437294">
      </trkpt>
      <trkpt lat="49.38691481" lon="-119.94358794">
      </trkpt>
      <trkpt lat="49.3867583" lon="-119.94357276">
      </trkpt>
      <trkpt lat="49.38659207" lon="-119.94352313">
      </trkpt>
      <trkpt lat="49.38642894" lon="-119.94338978">
      </trkpt>
      <trkpt lat="49.38628302" lon="-119.94314704">
      </trkpt>
      <trkpt lat="49.38616094" lon="-119.94291307">
      </trkpt>
      <trkpt lat="49.3860426" lon="-119.94260719">
      </trkpt>
      <trkpt lat="49.38596357" lon="-119.94230806">
      </trkpt>
      <trkpt lat="49.38585893" lon="-119.94210752">
      </trkpt>
      <trkpt lat="49.38571147" lon="-119.94211497">
      </trkpt>
      <trkpt lat="49.38555562" lon="-119.9421116">
      </trkpt>
      <trkpt lat="49.38543708" lon="-119.94207954">
      </trkpt>
      <trkpt lat="49.38531214" lon="-119.94207212">
      </trkpt>
      <trkpt lat="49.38519315" lon="-119.94217107">
      </trkpt>
      <trkpt lat="49.38508654" lon="-119.94235171">
      </trkpt>
      <trkpt lat="49.38500487" lon="-119.94242193">
      </trkpt>
      <trkpt lat="49.38490443" lon="-119.94243511">
      </trkpt>
      <trkpt lat="49.38473224" lon="-119.94227915">
      </trkpt>
      <trkpt lat="49.38465541" lon="-119.94215828">
      </trkpt>
      <trkpt lat="49.38457121" lon="-119.94206797">
      </trkpt>
      <trkpt lat="49.38454118" lon="-119.94203593">
      </trkpt>
      <trkpt lat="49.38446217" lon="-119.94205349">
      </trkpt>
      <trkpt lat="49.38438983" lon="-119.94210616">
      </trkpt>
      <trkpt lat="49.38430589" lon="-119.94220353">
      </trkpt>
      <trkpt lat="49.38421181" lon="-119.94228784">
      </trkpt>
      <trkpt lat="49.384122" lon="-119.94236439">
      </trkpt>
      <trkpt lat="49.3839936" lon="-119.94242441">
      </trkpt>
      <trkpt lat="49.38390219" lon="-119.94247239">
      </trkpt>
      <trkpt lat="49.38380997" lon="-119.94250607">
      </trkpt>
      <trkpt lat="49.38370267" lon="-119.94260651">
      </trkpt>
      <trkpt lat="49.38360979" lon="-119.94271226">
      </trkpt>
      <trkpt lat="49.38346512" lon="-119.94281759">
      </trkpt>
      <trkpt lat="49.3832668" lon="-119.94297314">
      </trkpt>
      <trkpt lat="49.38313509" lon="-119.94314154">
      </trkpt>
      <trkpt lat="49.38300029" lon="-119.94333914">
      </trkpt>
      <trkpt lat="49.3828224" lon="-119.94360714">
      </trkpt>
      <trkpt lat="49.38268521" lon="-119.94376187">
      </trkpt>
      <trkpt lat="49.38260593" lon="-119.94385862">
      </trkpt>
      <trkpt lat="49.38251105" lon="-119.94392865">
      </trkpt>
      <trkpt lat="49.38238039" lon="-119.94403214">
      </trkpt>
      <trkpt lat="49.38225828" lon="-119.94412011">
      </trkpt>
      <trkpt lat="49.38212763" lon="-119.9442236">
      </trkpt>
      <trkpt lat="49.38191169" lon="-119.94431668">
      </trkpt>
      <trkpt lat="49.38172725" lon="-119.94438405">
      </trkpt>
      <trkpt lat="49.38155094" lon="-119.94442876">
      </trkpt>
      <trkpt lat="49.38140307" lon="-119.94447693">
      </trkpt>
      <trkpt lat="49.38127388" lon="-119.94452266">
      </trkpt>
      <trkpt lat="49.38114269" lon="-119.94453266">
      </trkpt>
      <trkpt lat="49.38099748" lon="-119.94454451">
      </trkpt>
      <trkpt lat="49.38086549" lon="-119.94454023">
      </trkpt>
      <trkpt lat="49.38074671" lon="-119.94451983">
      </trkpt>
      <trkpt lat="49.38061859" lon="-119.94450065">
      </trkpt>
      <trkpt lat="49.38050768" lon="-119.94453678">
      </trkpt>
      <trkpt lat="49.38043655" lon="-119.94461087">
      </trkpt>
      <trkpt lat="49.38040399" lon="-119.94470151">
      </trkpt>
      <trkpt lat="49.3804471" lon="-119.94488294">
      </trkpt>
      <trkpt lat="49.38055601" lon="-119.94506295">
      </trkpt>
      <trkpt lat="49.38066905" lon="-119.94514887">
      </trkpt>
      <trkpt lat="49.38077969" lon="-119.94519193">
      </trkpt>
      <trkpt lat="49.38086697" lon="-119.94523807">
      </trkpt>
      <trkpt lat="49.38088619" lon="-119.94532909">
      </trkpt>
      <trkpt lat="49.38082827" lon="-119.94538706">
      </trkpt>
      <trkpt lat="49.38072551" lon="-119.94540053">
      </trkpt>
      <trkpt lat="49.38060753" lon="-119.94539441">
      </trkpt>
      <trkpt lat="49.38052652" lon="-119.94537625">
      </trkpt>
      <trkpt lat="49.38047981" lon="-119.94538238">
      </trkpt>
      <trkpt lat="49.38044604" lon="-119.94545157">
      </trkpt>
      <trkpt lat="49.38056883" lon="-119.94554341">
      </trkpt>
      <trkpt lat="49.38070296" lon="-119.94566974">
      </trkpt>
      <trkpt lat="49.38080786" lon="-119.94577833">
      </trkpt>
      <trkpt lat="49.38091463" lon="-119.94583629">
      </trkpt>
      <trkpt lat="49.38107157" lon="-119.94586608">
      </trkpt>
      <trkpt lat="49.38123467" lon="-119.9458375">
      </trkpt>
      <trkpt lat="49.38137626" lon="-119.94576137">
      </trkpt>
      <trkpt lat="49.38144007" lon="-119.94572422">
      </trkpt>
      <trkpt lat="49.38142154" lon="-119.94577951">
      </trkpt>
      <trkpt lat="49.38136022" lon="-119.94585942">
      </trkpt>
      <trkpt lat="49.38130931" lon="-119.94595713">
      </trkpt>
      <trkpt lat="49.38127349" lon="-119.94610078">
      </trkpt>
      <trkpt lat="49.3812487" lon="-119.94632923">
      </trkpt>
      <trkpt lat="49.38122169" lon="-119.94646214">
      </trkpt>
      <trkpt lat="49.38114332" lon="-119.94657304">
      </trkpt>
      <trkpt lat="49.38103872" lon="-119.9466634">
      </trkpt>
      <trkpt lat="49.3809105" lon="-119.94672333">
      </trkpt>
      <trkpt lat="49.3808027" lon="-119.94675663">
      </trkpt>
      <trkpt lat="49.38069696" lon="-119.94677049">
      </trkpt>
      <trkpt lat="49.38058108" lon="-119.9467713">
      </trkpt>
      <trkpt lat="49.38046574" lon="-119.94678163">
      </trkpt>
      <trkpt lat="49.38032053" lon="-119.94676234">
      </trkpt>
      <trkpt lat="49.38020386" lon="-119.94674889">
      </trkpt>
      <trkpt lat="49.38007519" lon="-119.94668909">
      </trkpt>
      <trkpt lat="49.37994741" lon="-119.94670105">
      </trkpt>
      <trkpt lat="49.37984815" lon="-119.94671885">
      </trkpt>
      <trkpt lat="49.37976506" lon="-119.94680162">
      </trkpt>
      <trkpt lat="49.37975209" lon="-119.94696143">
      </trkpt>
      <trkpt lat="49.37980806" lon="-119.94712178">
      </trkpt>
      <trkpt lat="49.37988707" lon="-119.94724559">
      </trkpt>
      <trkpt lat="49.37997878" lon="-119.94737251">
      </trkpt>
      <trkpt lat="49.38007145" lon="-119.94746098">
      </trkpt>
      <trkpt lat="49.3801493" lon="-119.94750827">
      </trkpt>
      <trkpt lat="49.38023229" lon="-119.94753572">
      </trkpt>
      <trkpt lat="49.38032338" lon="-119.94759565">
      </trkpt>
      <trkpt lat="49.3804127" lon="-119.94764614">
      </trkpt>
      <trkpt lat="49.38038411" lon="-119.94771652">
      </trkpt>
      <trkpt lat="49.38032371" lon="-119.94777994">
      </trkpt>
      <trkpt lat="49.38024376" lon="-119.94786443">
      </trkpt>
      <trkpt lat="49.38017291" lon="-119.94792658">
      </trkpt>
      <trkpt lat="49.3800732" lon="-119.9479978">
      </trkpt>
      <trkpt lat="49.38000767" lon="-119.9480474">
      </trkpt>
      <trkpt lat="49.37999799" lon="-119.94805842">
      </trkpt>
      <trkpt lat="49.37998206" lon="-119.94806892">
      </trkpt>
      <trkpt lat="49.37996159" lon="-119.94808243">
      </trkpt>
      <trkpt lat="49.37994919" lon="-119.94809969">
      </trkpt>
      <trkpt lat="49.37993276" lon="-119.94811506">
      </trkpt>
      <trkpt lat="49.37990865" lon="-119.94813385">
      </trkpt>
      <trkpt lat="49.37989116" lon="-119.94814457">
      </trkpt>
      <trkpt lat="49.37987713" lon="-119.94816083">
      </trkpt>
      <trkpt lat="49.37985796" lon="-119.94816936">
      </trkpt>
      <trkpt lat="49.37983735" lon="-119.94818047">
      </trkpt>
      <trkpt lat="49.37981793" lon="-119.94819865">
      </trkpt>
      <trkpt lat="49.37980714" lon="-119.94820247">
      </trkpt>
      <trkpt lat="49.37979728" lon="-119.948223">
      </trkpt>
      <trkpt lat="49.37978637" lon="-119.94823885">
      </trkpt>
      <trkpt lat="49.37977404" lon="-119.9482573">
      </trkpt>
      <trkpt lat="49.37975669" lon="-119.9482704">
      </trkpt>
      <trkpt lat="49.37974416" lon="-119.94828526">
      </trkpt>
      <trkpt lat="49.37973305" lon="-119.94829755">
      </trkpt>
      <trkpt lat="49.37972333" lon="-119.94832046">
      </trkpt>
      <trkpt lat="49.379715" lon="-119.94832636">
      </trkpt>
      <trkpt lat="49.37970122" lon="-119.94833299">
      </trkpt>
      <trkpt lat="49.37969161" lon="-119.94834386">
      </trkpt>
      <trkpt lat="49.37968234" lon="-119.94836071">
      </trkpt>
      <trkpt lat="49.37966753" lon="-119.94837707">
      </trkpt>
      <trkpt lat="49.37965636" lon="-119.94838816">
      </trkpt>
      <trkpt lat="49.37964732" lon="-119.94839535">
      </trkpt>
      <trkpt lat="49.37963602" lon="-119.94840405">
      </trkpt>
      <trkpt lat="49.37961932" lon="-119.94841465">
      </trkpt>
      <trkpt lat="49.3796054" lon="-119.94841888">
      </trkpt>
      <trkpt lat="49.3795928" lon="-119.94843256">
      </trkpt>
      <trkpt lat="49.37957897" lon="-119.94845241">
      </trkpt>
      <trkpt lat="49.37956267" lon="-119.94847017">
      </trkpt>
      <trkpt lat="49.37954376" lon="-119.94848347">
      </trkpt>
      <trkpt lat="49.37952569" lon="-119.94849787">
      </trkpt>
      <trkpt lat="49.37951231" lon="-119.94851164">
      </trkpt>
      <trkpt lat="49.37950069" lon="-119.9485288">
      </trkpt>
      <trkpt lat="49.37948869" lon="-119.94855321">
      </trkpt>
      <trkpt lat="49.37947884" lon="-119.94857374">
      </trkpt>
      <trkpt lat="49.37946709" lon="-119.94858851">
      </trkpt>
      <trkpt lat="49.37945358" lon="-119.9485999">
      </trkpt>
      <trkpt lat="49.37945301" lon="-119.94861801">
      </trkpt>
    </trkseg>
    <trkseg>
      <trkpt lat="49.38343191" lon="-119.96505498">
      </trkpt>
      <trkpt lat="49.38341622" lon="-119.96514245">
      </trkpt>
      <trkpt lat="49.38341587" lon="-119.9652414">
      </trkpt>
      <trkpt lat="49.38341869" lon="-119.96534445">
      </trkpt>
      <trkpt lat="49.38342926" lon="-119.96542848">
      </trkpt>
      <trkpt lat="49.383444" lon="-119.96553447">
      </trkpt>
      <trkpt lat="49.38345532" lon="-119.9656319">
      </trkpt>
      <trkpt lat="49.38346647" lon="-119.96577879">
      </trkpt>
      <trkpt lat="49.38347196" lon="-119.96587699">
      </trkpt>
      <trkpt lat="49.38348094" lon="-119.96603766">
      </trkpt>
      <trkpt lat="49.38349276" lon="-119.96614403">
      </trkpt>
      <trkpt lat="49.383505" lon="-119.96620537">
      </trkpt>
      <trkpt lat="49.38351825" lon="-119.96628457">
      </trkpt>
      <trkpt lat="49.38352643" lon="-119.96636976">
      </trkpt>
      <trkpt lat="49.38347507" lon="-119.96640562">
      </trkpt>
      <trkpt lat="49.38340034" lon="-119.96643287">
      </trkpt>
      <trkpt lat="49.38328874" lon="-119.96648244">
      </trkpt>
      <trkpt lat="49.38310187" lon="-119.96661763">
      </trkpt>
      <trkpt lat="49.38295091" lon="-119.96671316">
      </trkpt>
      <trkpt lat="49.38278512" lon="-119.96681645">
      </trkpt>
      <trkpt lat="49.38261177" lon="-119.96692072">
      </trkpt>
      <trkpt lat="49.38241192" lon="-119.96702845">
      </trkpt>
      <trkpt lat="49.38226096" lon="-119.96712397">
      </trkpt>
      <trkpt lat="49.38210749" lon="-119.96724313">
      </trkpt>
      <trkpt lat="49.38191208" lon="-119.96736195">
      </trkpt>
      <trkpt lat="49.3817822" lon="-119.96742556">
      </trkpt>
      <trkpt lat="49.38161665" lon="-119.96746468">
      </trkpt>
      <trkpt lat="49.38149208" lon="-119.96748679">
      </trkpt>
      <trkpt lat="49.38134069" lon="-119.96750656">
      </trkpt>
      <trkpt lat="49.38114043" lon="-119.96753855">
      </trkpt>
      <trkpt lat="49.38102689" lon="-119.96755338">
      </trkpt>
      <trkpt lat="49.38089885" lon="-119.96758177">
      </trkpt>
      <trkpt lat="49.38076866" lon="-119.96763959">
      </trkpt>
      <trkpt lat="49.38065997" lon="-119.96774124">
      </trkpt>
      <trkpt lat="49.38050683" lon="-119.96786618">
      </trkpt>
      <trkpt lat="49.38036094" lon="-119.96798435">
      </trkpt>
      <trkpt lat="49.3802252" lon="-119.96814782">
      </trkpt>
      <trkpt lat="49.38015552" lon="-119.9684018">
      </trkpt>
      <trkpt lat="49.38007794" lon="-119.96865096">
      </trkpt>
      <trkpt lat="49.37999583" lon="-119.96881909">
      </trkpt>
      <trkpt lat="49.37987692" lon="-119.96892005">
      </trkpt>
      <trkpt lat="49.3798298" lon="-119.96888666">
      </trkpt>
      <trkpt lat="49.3797646" lon="-119.96879961">
      </trkpt>
      <trkpt lat="49.37969133" lon="-119.96868394">
      </trkpt>
      <trkpt lat="49.3795872" lon="-119.96855584">
      </trkpt>
      <trkpt lat="49.37940937" lon="-119.96838132">
      </trkpt>
      <trkpt lat="49.37930683" lon="-119.96824313">
      </trkpt>
      <trkpt lat="49.37925166" lon="-119.96806578">
      </trkpt>
      <trkpt lat="49.37923538" lon="-119.96788994">
      </trkpt>
      <trkpt lat="49.37921385" lon="-119.96765877">
      </trkpt>
      <trkpt lat="49.3791739" lon="-119.96752227">
      </trkpt>
      <trkpt lat="49.37913346" lon="-119.96741551">
      </trkpt>
      <trkpt lat="49.37908213" lon="-119.96730687">
      </trkpt>
      <trkpt lat="49.37903154" lon="-119.96721132">
      </trkpt>
      <trkpt lat="49.37899542" lon="-119.96714353">
      </trkpt>
      <trkpt lat="49.37896059" lon="-119.96709865">
      </trkpt>
      <trkpt lat="49.37890327" lon="-119.96703693">
      </trkpt>
      <trkpt lat="49.37884668" lon="-119.9669883">
      </trkpt>
      <trkpt lat="49.37877248" lon="-119.96697164">
      </trkpt>
      <trkpt lat="49.37870438" lon="-119.96698712">
      </trkpt>
      <trkpt lat="49.37862369" lon="-119.96704709">
      </trkpt>
      <trkpt lat="49.37853375" lon="-119.96713464">
      </trkpt>
      <trkpt lat="49.37840343" lon="-119.96715496">
      </trkpt>
      <trkpt lat="49.37829787" lon="-119.96715558">
      </trkpt>
      <trkpt lat="49.3781826" lon="-119.96709813">
      </trkpt>
      <trkpt lat="49.37803542" lon="-119.96704815">
      </trkpt>
      <trkpt lat="49.37791519" lon="-119.96701772">
      </trkpt>
      <trkpt lat="49.37784093" lon="-119.96696151">
      </trkpt>
      <trkpt lat="49.37777665" lon="-119.96689082">
      </trkpt>
      <trkpt lat="49.37772214" lon="-119.96680237">
      </trkpt>
      <trkpt lat="49.37768333" lon="-119.96672505">
      </trkpt>
      <trkpt lat="49.3776712" lon="-119.96658493">
      </trkpt>
      <trkpt lat="49.37763889" lon="-119.96643098">
      </trkpt>
      <trkpt lat="49.37759148" lon="-119.96631523">
      </trkpt>
      <trkpt lat="49.37753539" lon="-119.96623688">
      </trkpt>
      <trkpt lat="49.37744719" lon="-119.96616272">
      </trkpt>
      <trkpt lat="49.37732209" lon="-119.9660835">
      </trkpt>
      <trkpt lat="49.37719906" lon="-119.96596447">
      </trkpt>
      <trkpt lat="49.37711687" lon="-119.96584339">
      </trkpt>
      <trkpt lat="49.37706084" lon="-119.96568923">
      </trkpt>
      <trkpt lat="49.37701737" lon="-119.96545105">
      </trkpt>
      <trkpt lat="49.37697553" lon="-119.96524232">
      </trkpt>
      <trkpt lat="49.37693088" lon="-119.96506031">
      </trkpt>
      <trkpt lat="49.37688764" lon="-119.96486494">
      </trkpt>
      <trkpt lat="49.37685245" lon="-119.96469818">
      </trkpt>
      <trkpt lat="49.37681268" lon="-119.96456497">
      </trkpt>
      <trkpt lat="49.37676527" lon="-119.96444924">
      </trkpt>
      <trkpt lat="49.37669828" lon="-119.9643038">
      </trkpt>
      <trkpt lat="49.37680798" lon="-119.96432026">
      </trkpt>
      <trkpt lat="49.37692911" lon="-119.96439685">
      </trkpt>
      <trkpt lat="49.37701813" lon="-119.9644037">
      </trkpt>
      <trkpt lat="49.37709848" lon="-119.96439936">
      </trkpt>
      <trkpt lat="49.37717676" lon="-119.96435832">
      </trkpt>
      <trkpt lat="49.377173" lon="-119.96429105">
      </trkpt>
      <trkpt lat="49.37713885" lon="-119.9641846">
      </trkpt>
      <trkpt lat="49.37708572" lon="-119.96409913">
      </trkpt>
      <trkpt lat="49.37700722" lon="-119.96399233">
      </trkpt>
      <trkpt lat="49.37693273" lon="-119.963885">
      </trkpt>
      <trkpt lat="49.37685824" lon="-119.96377768">
      </trkpt>
      <trkpt lat="49.37675838" lon="-119.96364902">
      </trkpt>
      <trkpt lat="49.37672788" lon="-119.96353594">
      </trkpt>
      <trkpt lat="49.37673007" lon="-119.96343092">
      </trkpt>
      <trkpt lat="49.37677031" lon="-119.96335789">
      </trkpt>
      <trkpt lat="49.37684825" lon="-119.96331074">
      </trkpt>
      <trkpt lat="49.37694826" lon="-119.96329766">
      </trkpt>
      <trkpt lat="49.37705533" lon="-119.96333912">
      </trkpt>
      <trkpt lat="49.3771224" lon="-119.9633858">
      </trkpt>
      <trkpt lat="49.37719611" lon="-119.96340697">
      </trkpt>
      <trkpt lat="49.37726308" lon="-119.96337973">
      </trkpt>
      <trkpt lat="49.37732298" lon="-119.96329797">
      </trkpt>
      <trkpt lat="49.37734311" lon="-119.96315363">
      </trkpt>
      <trkpt lat="49.37733457" lon="-119.96300072">
      </trkpt>
      <trkpt lat="49.37729733" lon="-119.96283923">
      </trkpt>
      <trkpt lat="49.3772642" lon="-119.96275114">
      </trkpt>
      <trkpt lat="49.37722697" lon="-119.96258965">
      </trkpt>
      <trkpt lat="49.37719305" lon="-119.96241542">
      </trkpt>
      <trkpt lat="49.37718816" lon="-119.96225586">
      </trkpt>
      <trkpt lat="49.3772044" lon="-119.96218597">
      </trkpt>
      <trkpt lat="49.37722601" lon="-119.96214002">
      </trkpt>
      <trkpt lat="49.37726727" lon="-119.96208533">
      </trkpt>
      <trkpt lat="49.37734658" lon="-119.96206263">
      </trkpt>
      <trkpt lat="49.37742898" lon="-119.96209499">
      </trkpt>
      <trkpt lat="49.37753513" lon="-119.96219202">
      </trkpt>
      <trkpt lat="49.37762221" lon="-119.96223608">
      </trkpt>
      <trkpt lat="49.37769933" lon="-119.96231842">
      </trkpt>
      <trkpt lat="49.37775864" lon="-119.96229835">
      </trkpt>
      <trkpt lat="49.37783361" lon="-119.96227005">
      </trkpt>
      <trkpt lat="49.37791934" lon="-119.96223726">
      </trkpt>
      <trkpt lat="49.37797716" lon="-119.9621516">
      </trkpt>
      <trkpt lat="49.37794851" lon="-119.96200233">
      </trkpt>
      <trkpt lat="49.37795397" lon="-119.96187875">
      </trkpt>
      <trkpt lat="49.37796555" lon="-119.96175437">
      </trkpt>
      <trkpt lat="49.37800274" lon="-119.96164554">
      </trkpt>
      <trkpt lat="49.37805069" lon="-119.96156366">
      </trkpt>
      <trkpt lat="49.37810856" lon="-119.96152223">
      </trkpt>
      <trkpt lat="49.37816719" lon="-119.96149172">
      </trkpt>
      <trkpt lat="49.37818822" lon="-119.96153623">
      </trkpt>
      <trkpt lat="49.37823222" lon="-119.96154938">
      </trkpt>
      <trkpt lat="49.37828744" lon="-119.96154216">
      </trkpt>
      <trkpt lat="49.37836361" lon="-119.96152274">
      </trkpt>
      <trkpt lat="49.37844618" lon="-119.96150722">
      </trkpt>
      <trkpt lat="49.37851981" lon="-119.96149759">
      </trkpt>
      <trkpt lat="49.37860781" lon="-119.9615239">
      </trkpt>
      <trkpt lat="49.37863041" lon="-119.96159654">
      </trkpt>
      <trkpt lat="49.37861856" lon="-119.96171624">
      </trkpt>
      <trkpt lat="49.37858796" lon="-119.96177695">
      </trkpt>
      <trkpt lat="49.37854027" lon="-119.96186353">
      </trkpt>
      <trkpt lat="49.37849284" lon="-119.96195479">
      </trkpt>
      <trkpt lat="49.3784426" lon="-119.96205115">
      </trkpt>
      <trkpt lat="49.37841331" lon="-119.96213532">
      </trkpt>
      <trkpt lat="49.37840136" lon="-119.96226361">
      </trkpt>
      <trkpt lat="49.37843996" lon="-119.96244956">
      </trkpt>
      <trkpt lat="49.37848324" lon="-119.96264722">
      </trkpt>
      <trkpt lat="49.37849213" lon="-119.96280627">
      </trkpt>
      <trkpt lat="49.37847565" lon="-119.96294397">
      </trkpt>
      <trkpt lat="49.37844913" lon="-119.96304602">
      </trkpt>
      <trkpt lat="49.37846441" lon="-119.96324734">
      </trkpt>
      <trkpt lat="49.37850256" lon="-119.96335326">
      </trkpt>
      <trkpt lat="49.37856827" lon="-119.96337548">
      </trkpt>
      <trkpt lat="49.37866062" lon="-119.96336957">
      </trkpt>
      <trkpt lat="49.3787189" lon="-119.96333114">
      </trkpt>
      <trkpt lat="49.37880016" lon="-119.96327122">
      </trkpt>
      <trkpt lat="49.37890542" lon="-119.96320817">
      </trkpt>
      <trkpt lat="49.37898405" lon="-119.96317326">
      </trkpt>
      <trkpt lat="49.37906029" lon="-119.96309551">
      </trkpt>
      <trkpt lat="49.37912521" lon="-119.96303157">
      </trkpt>
      <trkpt lat="49.37919847" lon="-119.9629727">
      </trkpt>
      <trkpt lat="49.37928715" lon="-119.96297343">
      </trkpt>
      <trkpt lat="49.37936623" lon="-119.96301855">
      </trkpt>
      <trkpt lat="49.37945067" lon="-119.9630876">
      </trkpt>
      <trkpt lat="49.37954448" lon="-119.9631801">
      </trkpt>
      <trkpt lat="49.37963795" lon="-119.96326646">
      </trkpt>
      <trkpt lat="49.37974936" lon="-119.96331351">
      </trkpt>
      <trkpt lat="49.37985405" lon="-119.96331214">
      </trkpt>
      <trkpt lat="49.37994707" lon="-119.96331848">
      </trkpt>
      <trkpt lat="49.38009516" lon="-119.96331519">
      </trkpt>
      <trkpt lat="49.38017296" lon="-119.96328704">
      </trkpt>
      <trkpt lat="49.38023734" lon="-119.96322917">
      </trkpt>
      <trkpt lat="49.38027737" lon="-119.96315651">
      </trkpt>
      <trkpt lat="49.3803074" lon="-119.96306267">
      </trkpt>
      <trkpt lat="49.38032142" lon="-119.9629979">
      </trkpt>
      <trkpt lat="49.38033469" lon="-119.96291973">
      </trkpt>
      <trkpt lat="49.38041324" lon="-119.96290496">
      </trkpt>
      <trkpt lat="49.38045092" lon="-119.96289555">
      </trkpt>
      <trkpt lat="49.38050128" lon="-119.96290244">
      </trkpt>
      <trkpt lat="49.38065262" lon="-119.96292763">
      </trkpt>
      <trkpt lat="49.38071907" lon="-119.96295939">
      </trkpt>
      <trkpt lat="49.38078242" lon="-119.96304102">
      </trkpt>
      <trkpt lat="49.38086528" lon="-119.96315607">
      </trkpt>
      <trkpt lat="49.38096733" lon="-119.96324613">
      </trkpt>
      <trkpt lat="49.38107005" lon="-119.96329564">
      </trkpt>
      <trkpt lat="49.38116618" lon="-119.96333252">
      </trkpt>
      <trkpt lat="49.38122779" lon="-119.96338292">
      </trkpt>
      <trkpt lat="49.3812989" lon="-119.96344555">
      </trkpt>
      <trkpt lat="49.38139528" lon="-119.9634869">
      </trkpt>
      <trkpt lat="49.38149258" lon="-119.96349216">
      </trkpt>
      <trkpt lat="49.38157504" lon="-119.96349488">
      </trkpt>
      <trkpt lat="49.38162907" lon="-119.96351479">
      </trkpt>
      <trkpt lat="49.38170118" lon="-119.96359528">
      </trkpt>
      <trkpt lat="49.38177988" lon="-119.96368838">
      </trkpt>
      <trkpt lat="49.38184249" lon="-119.96375663">
      </trkpt>
      <trkpt lat="49.38190826" lon="-119.96382896">
      </trkpt>
      <trkpt lat="49.3819909" lon="-119.96378219">
      </trkpt>
      <trkpt lat="49.38202659" lon="-119.96373705">
      </trkpt>
      <trkpt lat="49.38207296" lon="-119.96367255">
      </trkpt>
      <trkpt lat="49.38208897" lon="-119.96364349">
      </trkpt>
    </trkseg>
    <trkseg>
      <trkpt lat="49.38120832" lon="-119.95684928">
      </trkpt>
      <trkpt lat="49.38120421" lon="-119.95686181">
      </trkpt>
      <trkpt lat="49.38115969" lon="-119.95695228">
      </trkpt>
      <trkpt lat="49.38113119" lon="-119.95702515">
      </trkpt>
      <trkpt lat="49.38109663" lon="-119.95711633">
      </trkpt>
      <trkpt lat="49.38105842" lon="-119.95719282">
      </trkpt>
      <trkpt lat="49.38102768" lon="-119.957251">
      </trkpt>
      <trkpt lat="49.38097423" lon="-119.95733381">
      </trkpt>
      <trkpt lat="49.38091826" lon="-119.95744728">
      </trkpt>
      <trkpt lat="49.38090054" lon="-119.95751025">
      </trkpt>
      <trkpt lat="49.38088623" lon="-119.95758361">
      </trkpt>
      <trkpt lat="49.38087694" lon="-119.95764548">
      </trkpt>
      <trkpt lat="49.38092121" lon="-119.95773069">
      </trkpt>
      <trkpt lat="49.38092839" lon="-119.9578142">
      </trkpt>
      <trkpt lat="49.38096797" lon="-119.95789348">
      </trkpt>
      <trkpt lat="49.38101858" lon="-119.9579905">
      </trkpt>
      <trkpt lat="49.38105275" lon="-119.9580628">
      </trkpt>
      <trkpt lat="49.38108841" lon="-119.95816179">
      </trkpt>
      <trkpt lat="49.38110996" lon="-119.95827797">
      </trkpt>
      <trkpt lat="49.38110653" lon="-119.95848572">
      </trkpt>
      <trkpt lat="49.38108139" lon="-119.95861953">
      </trkpt>
      <trkpt lat="49.38102235" lon="-119.95873089">
      </trkpt>
      <trkpt lat="49.38094189" lon="-119.9588182">
      </trkpt>
      <trkpt lat="49.38087182" lon="-119.95891182">
      </trkpt>
      <trkpt lat="49.3808177" lon="-119.95897648">
      </trkpt>
      <trkpt lat="49.38077198" lon="-119.95910146">
      </trkpt>
      <trkpt lat="49.38075801" lon="-119.95921078">
      </trkpt>
      <trkpt lat="49.38080969" lon="-119.95932686">
      </trkpt>
      <trkpt lat="49.38091277" lon="-119.9593748">
      </trkpt>
      <trkpt lat="49.38102954" lon="-119.9593979">
      </trkpt>
      <trkpt lat="49.38114152" lon="-119.95942549">
      </trkpt>
      <trkpt lat="49.38122695" lon="-119.9594719">
      </trkpt>
      <trkpt lat="49.38127643" lon="-119.95950381">
      </trkpt>
      <trkpt lat="49.38134263" lon="-119.95961032">
      </trkpt>
      <trkpt lat="49.3813548" lon="-119.95969317">
      </trkpt>
      <trkpt lat="49.38135636" lon="-119.95976591">
      </trkpt>
      <trkpt lat="49.38135685" lon="-119.95981958">
      </trkpt>
      <trkpt lat="49.3813715" lon="-119.95990692">
      </trkpt>
      <trkpt lat="49.38132756" lon="-119.95996213">
      </trkpt>
      <trkpt lat="49.38125977" lon="-119.96001146">
      </trkpt>
      <trkpt lat="49.38117346" lon="-119.96004522">
      </trkpt>
      <trkpt lat="49.38106573" lon="-119.96006381">
      </trkpt>
      <trkpt lat="49.38096409" lon="-119.9600861">
      </trkpt>
      <trkpt lat="49.38089622" lon="-119.96008148">
      </trkpt>
      <trkpt lat="49.38080842" lon="-119.96008848">
      </trkpt>
      <trkpt lat="49.38071486" lon="-119.96015016">
      </trkpt>
      <trkpt lat="49.38067216" lon="-119.96022767">
      </trkpt>
      <trkpt lat="49.38063954" lon="-119.9603803">
      </trkpt>
      <trkpt lat="49.38061959" lon="-119.96054924">
      </trkpt>
      <trkpt lat="49.38063616" lon="-119.96074039">
      </trkpt>
      <trkpt lat="49.38066215" lon="-119.96088984">
      </trkpt>
      <trkpt lat="49.38071768" lon="-119.96093653">
      </trkpt>
      <trkpt lat="49.38079139" lon="-119.96094038">
      </trkpt>
      <trkpt lat="49.38089286" lon="-119.96096757">
      </trkpt>
      <trkpt lat="49.38098156" lon="-119.96108184">
      </trkpt>
      <trkpt lat="49.38100755" lon="-119.96123131">
      </trkpt>
      <trkpt lat="49.38100312" lon="-119.96136226">
      </trkpt>
      <trkpt lat="49.38093373" lon="-119.96148822">
      </trkpt>
      <trkpt lat="49.38083825" lon="-119.96156814">
      </trkpt>
      <trkpt lat="49.38075827" lon="-119.96161006">
      </trkpt>
      <trkpt lat="49.38070308" lon="-119.96162178">
      </trkpt>
      <trkpt lat="49.38057734" lon="-119.96163372">
      </trkpt>
      <trkpt lat="49.38045477" lon="-119.96164975">
      </trkpt>
      <trkpt lat="49.38032319" lon="-119.96166247">
      </trkpt>
      <trkpt lat="49.38019721" lon="-119.96166995">
      </trkpt>
      <trkpt lat="49.38010557" lon="-119.96171339">
      </trkpt>
      <trkpt lat="49.38005269" lon="-119.96181921">
      </trkpt>
      <trkpt lat="49.38005484" lon="-119.9619628">
      </trkpt>
      <trkpt lat="49.38010375" lon="-119.96215421">
      </trkpt>
      <trkpt lat="49.38016519" lon="-119.96225407">
      </trkpt>
      <trkpt lat="49.38021845" lon="-119.96241794">
      </trkpt>
      <trkpt lat="49.3802286" lon="-119.96254699">
      </trkpt>
      <trkpt lat="49.38025317" lon="-119.9627236">
      </trkpt>
      <trkpt lat="49.38029151" lon="-119.96283096">
      </trkpt>
      <trkpt lat="49.38033469" lon="-119.96291973">
      </trkpt>
    </trkseg>
    <trkseg>
      <trkpt lat="49.37816719" lon="-119.96149172">
      </trkpt>
      <trkpt lat="49.37811663" lon="-119.96142904">
      </trkpt>
      <trkpt lat="49.3780849" lon="-119.96134653">
      </trkpt>
      <trkpt lat="49.37809009" lon="-119.96121825">
      </trkpt>
      <trkpt lat="49.37814227" lon="-119.96104603">
      </trkpt>
      <trkpt lat="49.37821267" lon="-119.96092342">
      </trkpt>
      <trkpt lat="49.37827727" lon="-119.96086298">
      </trkpt>
      <trkpt lat="49.37835897" lon="-119.96077669">
      </trkpt>
      <trkpt lat="49.37842658" lon="-119.96065916">
      </trkpt>
      <trkpt lat="49.3784563" lon="-119.96052767">
      </trkpt>
      <trkpt lat="49.37847709" lon="-119.96040208">
      </trkpt>
      <trkpt lat="49.37847947" lon="-119.96027889">
      </trkpt>
      <trkpt lat="49.37845443" lon="-119.96010733">
      </trkpt>
      <trkpt lat="49.3783937" lon="-119.96001602">
      </trkpt>
      <trkpt lat="49.3783333" lon="-119.95998612">
      </trkpt>
      <trkpt lat="49.3782474" lon="-119.95999736">
      </trkpt>
      <trkpt lat="49.37814003" lon="-119.9600114">
      </trkpt>
      <trkpt lat="49.37805098" lon="-119.95996633">
      </trkpt>
      <trkpt lat="49.37802392" lon="-119.95981392">
      </trkpt>
      <trkpt lat="49.37803524" lon="-119.95968486">
      </trkpt>
      <trkpt lat="49.37811764" lon="-119.95955593">
      </trkpt>
      <trkpt lat="49.3782139" lon="-119.95945355">
      </trkpt>
      <trkpt lat="49.37825142" lon="-119.95940611">
      </trkpt>
      <trkpt lat="49.37822356" lon="-119.95923963">
      </trkpt>
      <trkpt lat="49.37816152" lon="-119.95912488">
      </trkpt>
      <trkpt lat="49.37812675" lon="-119.95894512">
      </trkpt>
      <trkpt lat="49.37812614" lon="-119.95887904">
      </trkpt>
      <trkpt lat="49.37817742" lon="-119.95880145">
      </trkpt>
      <trkpt lat="49.37824903" lon="-119.95881098">
      </trkpt>
      <trkpt lat="49.37832046" lon="-119.95887252">
      </trkpt>
      <trkpt lat="49.37841423" lon="-119.95900204">
      </trkpt>
      <trkpt lat="49.37848338" lon="-119.95907805">
      </trkpt>
      <trkpt lat="49.37853956" lon="-119.9591983">
      </trkpt>
      <trkpt lat="49.37858801" lon="-119.95929119">
      </trkpt>
      <trkpt lat="49.37865874" lon="-119.95939537">
      </trkpt>
      <trkpt lat="49.37873701" lon="-119.95941348">
      </trkpt>
      <trkpt lat="49.37881598" lon="-119.95938897">
      </trkpt>
      <trkpt lat="49.3788241" lon="-119.95936805">
      </trkpt>
      <trkpt lat="49.37888478" lon="-119.95933145">
      </trkpt>
      <trkpt lat="49.3789225" lon="-119.9593222">
      </trkpt>
      <trkpt lat="49.37895332" lon="-119.959316">
      </trkpt>
      <trkpt lat="49.37900391" lon="-119.95928339">
      </trkpt>
      <trkpt lat="49.37903071" lon="-119.95925604">
      </trkpt>
      <trkpt lat="49.37906435" lon="-119.95917367">
      </trkpt>
      <trkpt lat="49.37908219" lon="-119.95911284">
      </trkpt>
      <trkpt lat="49.37909486" lon="-119.95903538">
      </trkpt>
      <trkpt lat="49.37910937" lon="-119.95894034">
      </trkpt>
      <trkpt lat="49.37911634" lon="-119.95881162">
      </trkpt>
      <trkpt lat="49.37912869" lon="-119.95867786">
      </trkpt>
      <trkpt lat="49.37913054" lon="-119.95858448">
      </trkpt>
      <trkpt lat="49.37912183" lon="-119.95847948">
      </trkpt>
      <trkpt lat="49.37911149" lon="-119.95829454">
      </trkpt>
      <trkpt lat="49.37909949" lon="-119.95810549">
      </trkpt>
      <trkpt lat="49.37909838" lon="-119.95798433">
      </trkpt>
      <trkpt lat="49.37911519" lon="-119.95785433">
      </trkpt>
      <trkpt lat="49.37915819" lon="-119.95768624">
      </trkpt>
      <trkpt lat="49.37918536" lon="-119.95758955">
      </trkpt>
      <trkpt lat="49.37923009" lon="-119.95747756">
      </trkpt>
      <trkpt lat="49.37926863" lon="-119.95738153">
      </trkpt>
      <trkpt lat="49.37930588" lon="-119.95728785">
      </trkpt>
      <trkpt lat="49.37933788" lon="-119.95712553">
      </trkpt>
      <trkpt lat="49.37936002" lon="-119.95704031">
      </trkpt>
      <trkpt lat="49.37938085" lon="-119.95693145">
      </trkpt>
      <trkpt lat="49.37941062" lon="-119.95678026">
      </trkpt>
      <trkpt lat="49.37944041" lon="-119.95662905">
      </trkpt>
      <trkpt lat="49.37946316" lon="-119.95655459">
      </trkpt>
      <trkpt lat="49.3795176" lon="-119.95643916">
      </trkpt>
      <trkpt lat="49.37955583" lon="-119.95628686">
      </trkpt>
      <trkpt lat="49.3796147" lon="-119.95614918">
      </trkpt>
      <trkpt lat="49.37970105" lon="-119.9560469">
      </trkpt>
      <trkpt lat="49.3797546" lon="-119.95604206">
      </trkpt>
      <trkpt lat="49.37981361" lon="-119.95608416">
      </trkpt>
      <trkpt lat="49.37987206" lon="-119.95621731">
      </trkpt>
      <trkpt lat="49.37990006" lon="-119.95636311">
      </trkpt>
      <trkpt lat="49.37991362" lon="-119.95650431">
      </trkpt>
      <trkpt lat="49.37992522" lon="-119.95666092">
      </trkpt>
      <trkpt lat="49.37995124" lon="-119.95682214">
      </trkpt>
      <trkpt lat="49.3799636" lon="-119.95694184">
      </trkpt>
      <trkpt lat="49.37996582" lon="-119.95718416">
      </trkpt>
      <trkpt lat="49.37995837" lon="-119.95738009">
      </trkpt>
      <trkpt lat="49.37994482" lon="-119.95756815">
      </trkpt>
      <trkpt lat="49.37991857" lon="-119.95773189">
      </trkpt>
      <trkpt lat="49.37990625" lon="-119.95789163">
      </trkpt>
      <trkpt lat="49.37992742" lon="-119.95801667">
      </trkpt>
      <trkpt lat="49.37997562" lon="-119.95811867">
      </trkpt>
      <trkpt lat="49.38001029" lon="-119.95818128">
      </trkpt>
      <trkpt lat="49.38006017" lon="-119.95823758">
      </trkpt>
      <trkpt lat="49.38009854" lon="-119.95826505">
      </trkpt>
      <trkpt lat="49.38015857" lon="-119.95827453">
      </trkpt>
      <trkpt lat="49.38024281" lon="-119.95826134">
      </trkpt>
      <trkpt lat="49.38029027" lon="-119.95824864">
      </trkpt>
      <trkpt lat="49.38035267" lon="-119.95819932">
      </trkpt>
      <trkpt lat="49.38039212" lon="-119.95817032">
      </trkpt>
      <trkpt lat="49.38044701" lon="-119.95811332">
      </trkpt>
      <trkpt lat="49.38047883" lon="-119.95807449">
      </trkpt>
      <trkpt lat="49.38052436" lon="-119.95802737">
      </trkpt>
      <trkpt lat="49.38059386" lon="-119.95795329">
      </trkpt>
      <trkpt lat="49.38064369" lon="-119.95788179">
      </trkpt>
      <trkpt lat="49.38070128" lon="-119.95782227">
      </trkpt>
      <trkpt lat="49.38076998" lon="-119.95775913">
      </trkpt>
      <trkpt lat="49.38083318" lon="-119.95769886">
      </trkpt>
      <trkpt lat="49.38087694" lon="-119.95764548">
      </trkpt>
    </trkseg>
    <trkseg>
      <trkpt lat="49.3788241" lon="-119.95936805">
      </trkpt>
      <trkpt lat="49.37885649" lon="-119.95928443">
      </trkpt>
      <trkpt lat="49.37887114" lon="-119.95915965">
      </trkpt>
      <trkpt lat="49.37886047" lon="-119.959024">
      </trkpt>
      <trkpt lat="49.3788419" lon="-119.958913">
      </trkpt>
      <trkpt lat="49.37883911" lon="-119.95875269">
      </trkpt>
      <trkpt lat="49.37885148" lon="-119.95864238">
      </trkpt>
      <trkpt lat="49.37883616" lon="-119.95847898">
      </trkpt>
      <trkpt lat="49.37879383" lon="-119.95838528">
      </trkpt>
      <trkpt lat="49.37874511" lon="-119.95828768">
      </trkpt>
      <trkpt lat="49.37870656" lon="-119.95815096">
      </trkpt>
      <trkpt lat="49.37869868" lon="-119.95801021">
      </trkpt>
      <trkpt lat="49.37869282" lon="-119.9578503">
      </trkpt>
      <trkpt lat="49.37868899" lon="-119.95767122">
      </trkpt>
      <trkpt lat="49.37867778" lon="-119.9575262">
      </trkpt>
      <trkpt lat="49.3786643" lon="-119.95739564">
      </trkpt>
      <trkpt lat="49.37863398" lon="-119.95729564">
      </trkpt>
      <trkpt lat="49.37858149" lon="-119.95707566">
      </trkpt>
      <trkpt lat="49.37854777" lon="-119.95691468">
      </trkpt>
      <trkpt lat="49.37850308" lon="-119.95677874">
      </trkpt>
      <trkpt lat="49.37845216" lon="-119.95658693">
      </trkpt>
      <trkpt lat="49.37839408" lon="-119.95637714">
      </trkpt>
      <trkpt lat="49.37833554" lon="-119.95621468">
      </trkpt>
      <trkpt lat="49.37833222" lon="-119.95604498">
      </trkpt>
      <trkpt lat="49.3783545" lon="-119.95589085">
      </trkpt>
      <trkpt lat="49.37841744" lon="-119.95574555">
      </trkpt>
      <trkpt lat="49.37848222" lon="-119.95563312">
      </trkpt>
      <trkpt lat="49.37855787" lon="-119.95560431">
      </trkpt>
      <trkpt lat="49.37866297" lon="-119.95560473">
      </trkpt>
      <trkpt lat="49.37876841" lon="-119.95566654">
      </trkpt>
      <trkpt lat="49.3788685" lon="-119.95574324">
      </trkpt>
      <trkpt lat="49.37894318" lon="-119.95575236">
      </trkpt>
      <trkpt lat="49.37899682" lon="-119.95571698">
      </trkpt>
      <trkpt lat="49.37901199" lon="-119.95560158">
      </trkpt>
      <trkpt lat="49.37899106" lon="-119.95544837">
      </trkpt>
      <trkpt lat="49.37894172" lon="-119.9552847">
      </trkpt>
      <trkpt lat="49.3788852" lon="-119.95510306">
      </trkpt>
      <trkpt lat="49.37884357" lon="-119.95496674">
      </trkpt>
      <trkpt lat="49.37876637" lon="-119.95480198">
      </trkpt>
      <trkpt lat="49.3786874" lon="-119.95466111">
      </trkpt>
      <trkpt lat="49.37860362" lon="-119.95454447">
      </trkpt>
      <trkpt lat="49.37851702" lon="-119.95443294">
      </trkpt>
      <trkpt lat="49.37843815" lon="-119.95434874">
      </trkpt>
      <trkpt lat="49.37836952" lon="-119.95428212">
      </trkpt>
      <trkpt lat="49.37826268" lon="-119.95414016">
      </trkpt>
      <trkpt lat="49.37815251" lon="-119.9539939">
      </trkpt>
      <trkpt lat="49.37804059" lon="-119.95387151">
      </trkpt>
      <trkpt lat="49.37795864" lon="-119.95378773">
      </trkpt>
      <trkpt lat="49.37787546" lon="-119.95373717">
      </trkpt>
      <trkpt lat="49.37781095" lon="-119.95368891">
      </trkpt>
      <trkpt lat="49.37778685" lon="-119.95364481">
      </trkpt>
      <trkpt lat="49.37779387" lon="-119.95354938">
      </trkpt>
      <trkpt lat="49.37788451" lon="-119.95345718">
      </trkpt>
      <trkpt lat="49.37802554" lon="-119.95338201">
      </trkpt>
      <trkpt lat="49.37816868" lon="-119.95334436">
      </trkpt>
      <trkpt lat="49.37827579" lon="-119.95332561">
      </trkpt>
      <trkpt lat="49.37838115" lon="-119.95333071">
      </trkpt>
      <trkpt lat="49.3784766" lon="-119.95337966">
      </trkpt>
      <trkpt lat="49.37859151" lon="-119.95344495">
      </trkpt>
      <trkpt lat="49.37873122" lon="-119.95351172">
      </trkpt>
      <trkpt lat="49.37881001" lon="-119.9535392">
      </trkpt>
      <trkpt lat="49.37886726" lon="-119.95351281">
      </trkpt>
      <trkpt lat="49.37888322" lon="-119.95341148">
      </trkpt>
      <trkpt lat="49.37888488" lon="-119.95333092">
      </trkpt>
      <trkpt lat="49.37881187" lon="-119.95324123">
      </trkpt>
      <trkpt lat="49.37870354" lon="-119.95312782">
      </trkpt>
      <trkpt lat="49.37859416" lon="-119.95299565">
      </trkpt>
      <trkpt lat="49.37851756" lon="-119.95289699">
      </trkpt>
      <trkpt lat="49.37846778" lon="-119.95278063">
      </trkpt>
      <trkpt lat="49.37845227" lon="-119.95266925">
      </trkpt>
      <trkpt lat="49.37848462" lon="-119.95258466">
      </trkpt>
      <trkpt lat="49.37861881" lon="-119.95255292">
      </trkpt>
      <trkpt lat="49.37870498" lon="-119.95254636">
      </trkpt>
      <trkpt lat="49.37875994" lon="-119.95253444">
      </trkpt>
      <trkpt lat="49.37877721" lon="-119.95245656">
      </trkpt>
      <trkpt lat="49.37876555" lon="-119.95235884">
      </trkpt>
      <trkpt lat="49.37872375" lon="-119.95227453">
      </trkpt>
      <trkpt lat="49.37868475" lon="-119.95218512">
      </trkpt>
      <trkpt lat="49.37861788" lon="-119.95209463">
      </trkpt>
      <trkpt lat="49.37856275" lon="-119.95199316">
      </trkpt>
      <trkpt lat="49.37850017" lon="-119.95186903">
      </trkpt>
      <trkpt lat="49.37842076" lon="-119.95177547">
      </trkpt>
      <trkpt lat="49.37834696" lon="-119.95167172">
      </trkpt>
      <trkpt lat="49.37826755" lon="-119.95157815">
      </trkpt>
      <trkpt lat="49.37816255" lon="-119.95146903">
      </trkpt>
      <trkpt lat="49.37810839" lon="-119.95132963">
      </trkpt>
      <trkpt lat="49.37805677" lon="-119.95118044">
      </trkpt>
      <trkpt lat="49.37802048" lon="-119.95102924">
      </trkpt>
      <trkpt lat="49.37796246" lon="-119.95087617">
      </trkpt>
      <trkpt lat="49.37787149" lon="-119.95074158">
      </trkpt>
      <trkpt lat="49.37780584" lon="-119.95061786">
      </trkpt>
      <trkpt lat="49.37776289" lon="-119.95045809">
      </trkpt>
      <trkpt lat="49.37778595" lon="-119.95031803">
      </trkpt>
      <trkpt lat="49.37781646" lon="-119.9502006">
      </trkpt>
      <trkpt lat="49.37783241" lon="-119.95009928">
      </trkpt>
      <trkpt lat="49.37784969" lon="-119.95002141">
      </trkpt>
      <trkpt lat="49.3778624" lon="-119.94997248">
      </trkpt>
      <trkpt lat="49.37793673" lon="-119.95008562">
      </trkpt>
      <trkpt lat="49.37797292" lon="-119.95018011">
      </trkpt>
      <trkpt lat="49.37802752" lon="-119.9502722">
      </trkpt>
      <trkpt lat="49.37808169" lon="-119.9504116">
      </trkpt>
      <trkpt lat="49.37814865" lon="-119.95055878">
      </trkpt>
      <trkpt lat="49.37820378" lon="-119.95066025">
      </trkpt>
      <trkpt lat="49.37827092" lon="-119.95075543">
      </trkpt>
      <trkpt lat="49.3783477" lon="-119.95080208">
      </trkpt>
      <trkpt lat="49.37845402" lon="-119.95076924">
      </trkpt>
      <trkpt lat="49.37852581" lon="-119.95072676">
      </trkpt>
      <trkpt lat="49.3786097" lon="-119.95073468">
      </trkpt>
      <trkpt lat="49.37872635" lon="-119.95077611">
      </trkpt>
      <trkpt lat="49.37885073" lon="-119.95084488">
      </trkpt>
      <trkpt lat="49.3789283" lon="-119.95090561">
      </trkpt>
      <trkpt lat="49.37903461" lon="-119.95103817">
      </trkpt>
      <trkpt lat="49.37912402" lon="-119.95114462">
      </trkpt>
      <trkpt lat="49.37922368" lon="-119.95126861">
      </trkpt>
      <trkpt lat="49.37929387" lon="-119.95136338">
      </trkpt>
      <trkpt lat="49.37936443" lon="-119.95151955">
      </trkpt>
      <trkpt lat="49.37943289" lon="-119.95163818">
      </trkpt>
      <trkpt lat="49.379476" lon="-119.95174595">
      </trkpt>
      <trkpt lat="49.37950939" lon="-119.95184555">
      </trkpt>
      <trkpt lat="49.37951368" lon="-119.95197731">
      </trkpt>
      <trkpt lat="49.37949983" lon="-119.95211619">
      </trkpt>
      <trkpt lat="49.37949719" lon="-119.95223467">
      </trkpt>
      <trkpt lat="49.37955258" lon="-119.95234084">
      </trkpt>
      <trkpt lat="49.37963252" lon="-119.9524438">
      </trkpt>
      <trkpt lat="49.37969281" lon="-119.9525824">
      </trkpt>
      <trkpt lat="49.37971446" lon="-119.95269299">
      </trkpt>
      <trkpt lat="49.37973084" lon="-119.95287516">
      </trkpt>
      <trkpt lat="49.37975818" lon="-119.95303226">
      </trkpt>
      <trkpt lat="49.37979928" lon="-119.9531592">
      </trkpt>
      <trkpt lat="49.37985677" lon="-119.95330291">
      </trkpt>
      <trkpt lat="49.37991242" lon="-119.95341376">
      </trkpt>
      <trkpt lat="49.37997693" lon="-119.95346203">
      </trkpt>
      <trkpt lat="49.38004776" lon="-119.95345747">
      </trkpt>
      <trkpt lat="49.38010858" lon="-119.95344006">
      </trkpt>
      <trkpt lat="49.38017292" lon="-119.95337493">
      </trkpt>
      <trkpt lat="49.38025085" lon="-119.95333165">
      </trkpt>
      <trkpt lat="49.38031913" lon="-119.95333688">
      </trkpt>
      <trkpt lat="49.38036374" lon="-119.9534161">
      </trkpt>
      <trkpt lat="49.38039713" lon="-119.9535157">
      </trkpt>
      <trkpt lat="49.38043744" lon="-119.95362858">
      </trkpt>
      <trkpt lat="49.38054173" lon="-119.95378033">
      </trkpt>
      <trkpt lat="49.38062088" lon="-119.95386921">
      </trkpt>
      <trkpt lat="49.380686" lon="-119.95398357">
      </trkpt>
      <trkpt lat="49.38073578" lon="-119.95409992">
      </trkpt>
      <trkpt lat="49.38080755" lon="-119.95422285">
      </trkpt>
      <trkpt lat="49.38090581" lon="-119.95426671">
      </trkpt>
      <trkpt lat="49.38101143" lon="-119.9542765">
      </trkpt>
      <trkpt lat="49.38108759" lon="-119.95425708">
      </trkpt>
      <trkpt lat="49.38117289" lon="-119.95417976">
      </trkpt>
      <trkpt lat="49.38123644" lon="-119.95410054">
      </trkpt>
      <trkpt lat="49.38133479" lon="-119.95403568">
      </trkpt>
      <trkpt lat="49.38141376" lon="-119.95401115">
      </trkpt>
      <trkpt lat="49.38147539" lon="-119.95400782">
      </trkpt>
      <trkpt lat="49.3815519" lon="-119.95404979">
      </trkpt>
      <trkpt lat="49.38163464" lon="-119.95414765">
      </trkpt>
      <trkpt lat="49.38171299" lon="-119.95422246">
      </trkpt>
      <trkpt lat="49.38180747" lon="-119.95430934">
      </trkpt>
      <trkpt lat="49.38192519" lon="-119.95436955">
      </trkpt>
      <trkpt lat="49.3820316" lon="-119.95439342">
      </trkpt>
      <trkpt lat="49.38210758" lon="-119.95442602">
      </trkpt>
      <trkpt lat="49.38217052" lon="-119.95444613">
      </trkpt>
      <trkpt lat="49.3822253" lon="-119.95448623">
      </trkpt>
      <trkpt lat="49.38231865" lon="-119.95447518">
      </trkpt>
      <trkpt lat="49.38241267" lon="-119.95447593">
      </trkpt>
      <trkpt lat="49.38253044" lon="-119.95451931">
      </trkpt>
      <trkpt lat="49.38268697" lon="-119.95449229">
      </trkpt>
      <trkpt lat="49.38280353" lon="-119.95443783">
      </trkpt>
      <trkpt lat="49.38292155" lon="-119.95440931">
      </trkpt>
      <trkpt lat="49.38304839" lon="-119.95438617">
      </trkpt>
      <trkpt lat="49.38320106" lon="-119.95436618">
      </trkpt>
      <trkpt lat="49.38330627" lon="-119.9542927">
      </trkpt>
      <trkpt lat="49.38333378" lon="-119.95436531">
      </trkpt>
      <trkpt lat="49.38338157" lon="-119.95453854">
      </trkpt>
      <trkpt lat="49.38339234" lon="-119.95465472">
      </trkpt>
      <trkpt lat="49.38336532" lon="-119.95478239">
      </trkpt>
      <trkpt lat="49.38333043" lon="-119.95484575">
      </trkpt>
      <trkpt lat="49.38324743" lon="-119.95488928">
      </trkpt>
      <trkpt lat="49.38316939" lon="-119.95494523">
      </trkpt>
      <trkpt lat="49.38308542" lon="-119.95504769">
      </trkpt>
      <trkpt lat="49.3829771" lon="-119.95517292">
      </trkpt>
      <trkpt lat="49.38289131" lon="-119.95524295">
      </trkpt>
      <trkpt lat="49.38281546" lon="-119.95533781">
      </trkpt>
      <trkpt lat="49.38267782" lon="-119.95547342">
      </trkpt>
      <trkpt lat="49.3825821" lon="-119.95551862">
      </trkpt>
      <trkpt lat="49.38249631" lon="-119.95558865">
      </trkpt>
      <trkpt lat="49.38245377" lon="-119.95574446">
      </trkpt>
      <trkpt lat="49.38246357" lon="-119.95591957">
      </trkpt>
      <trkpt lat="49.38249917" lon="-119.95609784">
      </trkpt>
      <trkpt lat="49.38252764" lon="-119.95622477">
      </trkpt>
      <trkpt lat="49.38260492" lon="-119.9563845">
      </trkpt>
      <trkpt lat="49.38270657" lon="-119.95652146">
      </trkpt>
      <trkpt lat="49.38280081" lon="-119.95667899">
      </trkpt>
      <trkpt lat="49.38287809" lon="-119.95683872">
      </trkpt>
      <trkpt lat="49.38299293" lon="-119.95705888">
      </trkpt>
      <trkpt lat="49.38306888" lon="-119.95727106">
      </trkpt>
      <trkpt lat="49.38320006" lon="-119.95755441">
      </trkpt>
      <trkpt lat="49.38329213" lon="-119.95767303">
      </trkpt>
      <trkpt lat="49.38343146" lon="-119.95772012">
      </trkpt>
      <trkpt lat="49.38356643" lon="-119.95768939">
      </trkpt>
      <trkpt lat="49.3836773" lon="-119.95760956">
      </trkpt>
      <trkpt lat="49.38380901" lon="-119.95752046">
      </trkpt>
      <trkpt lat="49.38393223" lon="-119.95743247">
      </trkpt>
      <trkpt lat="49.38397489" lon="-119.95735502">
      </trkpt>
      <trkpt lat="49.38401537" lon="-119.95723866">
      </trkpt>
      <trkpt lat="49.38401793" lon="-119.9570554">
      </trkpt>
      <trkpt lat="49.38401104" lon="-119.95693217">
      </trkpt>
      <trkpt lat="49.38400475" lon="-119.95674353">
      </trkpt>
      <trkpt lat="49.38400344" lon="-119.95656731">
      </trkpt>
      <trkpt lat="49.38401775" lon="-119.95644131">
      </trkpt>
      <trkpt lat="49.38403278" lon="-119.95632828">
      </trkpt>
      <trkpt lat="49.38407047" lon="-119.95623841">
      </trkpt>
      <trkpt lat="49.38411917" lon="-119.95619284">
      </trkpt>
      <trkpt lat="49.38419126" lon="-119.9561834">
      </trkpt>
      <trkpt lat="49.3843518" lon="-119.95622772">
      </trkpt>
      <trkpt lat="49.38443346" lon="-119.95623664">
      </trkpt>
      <trkpt lat="49.38463882" lon="-119.95624242">
      </trkpt>
      <trkpt lat="49.38467698" lon="-119.95623743">
      </trkpt>
      <trkpt lat="49.38472447" lon="-119.95632268">
      </trkpt>
      <trkpt lat="49.38474166" lon="-119.95647722">
      </trkpt>
      <trkpt lat="49.38474831" lon="-119.95667235">
      </trkpt>
      <trkpt lat="49.38471509" lon="-119.95691843">
      </trkpt>
      <trkpt lat="49.38470586" lon="-119.95713523">
      </trkpt>
      <trkpt lat="49.38471287" lon="-119.95733684">
      </trkpt>
      <trkpt lat="49.38468765" lon="-119.95749694">
      </trkpt>
      <trkpt lat="49.38461458" lon="-119.95756529">
      </trkpt>
      <trkpt lat="49.38452057" lon="-119.95756453">
      </trkpt>
      <trkpt lat="49.38446145" lon="-119.95750041">
      </trkpt>
      <trkpt lat="49.38441118" lon="-119.95744166">
      </trkpt>
      <trkpt lat="49.38434684" lon="-119.95743701">
      </trkpt>
      <trkpt lat="49.38427123" lon="-119.95745997">
      </trkpt>
      <trkpt lat="49.38412851" lon="-119.95750478">
      </trkpt>
      <trkpt lat="49.38405823" lon="-119.95754665">
      </trkpt>
      <trkpt lat="49.38400879" lon="-119.95757925">
      </trkpt>
      <trkpt lat="49.38389974" lon="-119.9576915">
      </trkpt>
      <trkpt lat="49.38380402" lon="-119.9577367">
      </trkpt>
      <trkpt lat="49.38370018" lon="-119.95778948">
      </trkpt>
      <trkpt lat="49.38360664" lon="-119.95787359">
      </trkpt>
      <trkpt lat="49.38353466" lon="-119.95796141">
      </trkpt>
      <trkpt lat="49.38345602" lon="-119.95808276">
      </trkpt>
      <trkpt lat="49.38339434" lon="-119.9582019">
      </trkpt>
      <trkpt lat="49.38330091" lon="-119.95836437">
      </trkpt>
      <trkpt lat="49.38323548" lon="-119.95834026">
      </trkpt>
      <trkpt lat="49.38314523" lon="-119.95825408">
      </trkpt>
      <trkpt lat="49.38305462" lon="-119.95816142">
      </trkpt>
      <trkpt lat="49.382964" lon="-119.95806874">
      </trkpt>
      <trkpt lat="49.38284975" lon="-119.95801183">
      </trkpt>
      <trkpt lat="49.38264427" lon="-119.95792765">
      </trkpt>
      <trkpt lat="49.3824955" lon="-119.95794059">
      </trkpt>
      <trkpt lat="49.3824022" lon="-119.95795279">
      </trkpt>
      <trkpt lat="49.382369" lon="-119.9579702">
      </trkpt>
      <trkpt lat="49.3823524" lon="-119.95797891">
      </trkpt>
      <trkpt lat="49.38224044" lon="-119.95803929">
      </trkpt>
      <trkpt lat="49.38213563" lon="-119.958151">
      </trkpt>
      <trkpt lat="49.3820319" lon="-119.95828216">
      </trkpt>
      <trkpt lat="49.38194902" lon="-119.95840406">
      </trkpt>
      <trkpt lat="49.38187581" lon="-119.95862269">
      </trkpt>
      <trkpt lat="49.38176093" lon="-119.95885984">
      </trkpt>
      <trkpt lat="49.38171523" lon="-119.95903566">
      </trkpt>
      <trkpt lat="49.38174344" lon="-119.95923449">
      </trkpt>
      <trkpt lat="49.3818217" lon="-119.95933531">
      </trkpt>
      <trkpt lat="49.38195751" lon="-119.95939594">
      </trkpt>
      <trkpt lat="49.38212471" lon="-119.95940673">
      </trkpt>
      <trkpt lat="49.38223848" lon="-119.95937878">
      </trkpt>
      <trkpt lat="49.3823205" lon="-119.95939419">
      </trkpt>
      <trkpt lat="49.3823732" lon="-119.95941994">
      </trkpt>
      <trkpt lat="49.38241271" lon="-119.95944791">
      </trkpt>
      <trkpt lat="49.38241288" lon="-119.95944728">
      </trkpt>
      <trkpt lat="49.3824732" lon="-119.95935877">
      </trkpt>
      <trkpt lat="49.38256327" lon="-119.9593086">
      </trkpt>
      <trkpt lat="49.38268081" lon="-119.95930091">
      </trkpt>
      <trkpt lat="49.38279422" lon="-119.9593091">
      </trkpt>
      <trkpt lat="49.38288721" lon="-119.95926623">
      </trkpt>
      <trkpt lat="49.38299971" lon="-119.95921311">
      </trkpt>
      <trkpt lat="49.38314965" lon="-119.95920118">
      </trkpt>
      <trkpt lat="49.38323137" lon="-119.95927111">
      </trkpt>
      <trkpt lat="49.38325051" lon="-119.95943369">
      </trkpt>
      <trkpt lat="49.3832742" lon="-119.95958798">
      </trkpt>
      <trkpt lat="49.3833594" lon="-119.95976494">
      </trkpt>
      <trkpt lat="49.38343578" lon="-119.95987397">
      </trkpt>
      <trkpt lat="49.38350064" lon="-119.95991155">
      </trkpt>
      <trkpt lat="49.38358074" lon="-119.95986268">
      </trkpt>
      <trkpt lat="49.38364732" lon="-119.95979638">
      </trkpt>
      <trkpt lat="49.38375355" lon="-119.95972106">
      </trkpt>
      <trkpt lat="49.38386412" lon="-119.95976802">
      </trkpt>
      <trkpt lat="49.38398413" lon="-119.95989436">
      </trkpt>
      <trkpt lat="49.38402678" lon="-119.9599387">
      </trkpt>
      <trkpt lat="49.38411242" lon="-119.95998893">
      </trkpt>
      <trkpt lat="49.38415158" lon="-119.96010017">
      </trkpt>
      <trkpt lat="49.38419618" lon="-119.9602264">
      </trkpt>
      <trkpt lat="49.38421437" lon="-119.96035035">
      </trkpt>
      <trkpt lat="49.38420052" lon="-119.96043828">
      </trkpt>
      <trkpt lat="49.38414609" lon="-119.96060618">
      </trkpt>
      <trkpt lat="49.38407578" lon="-119.96075892">
      </trkpt>
      <trkpt lat="49.38399462" lon="-119.96091882">
      </trkpt>
      <trkpt lat="49.38392368" lon="-119.96106017">
      </trkpt>
      <trkpt lat="49.38387011" lon="-119.96117627">
      </trkpt>
      <trkpt lat="49.38381695" lon="-119.96136697">
      </trkpt>
      <trkpt lat="49.383769" lon="-119.96151677">
      </trkpt>
      <trkpt lat="49.38373139" lon="-119.96171692">
      </trkpt>
      <trkpt lat="49.38368727" lon="-119.96193515">
      </trkpt>
      <trkpt lat="49.38357789" lon="-119.96212745">
      </trkpt>
      <trkpt lat="49.38349268" lon="-119.96228213">
      </trkpt>
      <trkpt lat="49.38347105" lon="-119.96236534">
      </trkpt>
      <trkpt lat="49.38353779" lon="-119.96255183">
      </trkpt>
      <trkpt lat="49.38360348" lon="-119.96265235">
      </trkpt>
      <trkpt lat="49.38369725" lon="-119.96285253">
      </trkpt>
      <trkpt lat="49.38373727" lon="-119.96303103">
      </trkpt>
      <trkpt lat="49.38372064" lon="-119.96313656">
      </trkpt>
      <trkpt lat="49.38366516" lon="-119.96321846">
      </trkpt>
      <trkpt lat="49.38357899" lon="-119.96335605">
      </trkpt>
      <trkpt lat="49.38354499" lon="-119.96348681">
      </trkpt>
      <trkpt lat="49.383565" lon="-119.96357607">
      </trkpt>
      <trkpt lat="49.38359118" lon="-119.96364154">
      </trkpt>
      <trkpt lat="49.38364059" lon="-119.96365231">
      </trkpt>
      <trkpt lat="49.38372728" lon="-119.9636582">
      </trkpt>
      <trkpt lat="49.38380659" lon="-119.96373396">
      </trkpt>
      <trkpt lat="49.38389432" lon="-119.96382585">
      </trkpt>
      <trkpt lat="49.38391942" lon="-119.9640063">
      </trkpt>
      <trkpt lat="49.38390566" lon="-119.96416314">
      </trkpt>
      <trkpt lat="49.38384899" lon="-119.96429112">
      </trkpt>
      <trkpt lat="49.38377869" lon="-119.96444386">
      </trkpt>
      <trkpt lat="49.3837007" lon="-119.96466076">
      </trkpt>
      <trkpt lat="49.38364967" lon="-119.96482246">
      </trkpt>
      <trkpt lat="49.38356787" lon="-119.96497096">
      </trkpt>
      <trkpt lat="49.38351141" lon="-119.96503575">
      </trkpt>
      <trkpt lat="49.38343191" lon="-119.96505498">
      </trkpt>
      <trkpt lat="49.38337789" lon="-119.96503507">
      </trkpt>
      <trkpt lat="49.38331994" lon="-119.96499769">
      </trkpt>
      <trkpt lat="49.38327534" lon="-119.96493607">
      </trkpt>
      <trkpt lat="49.38324167" lon="-119.96485955">
      </trkpt>
      <trkpt lat="49.38321091" lon="-119.96478264">
      </trkpt>
      <trkpt lat="49.38318208" lon="-119.9646875">
      </trkpt>
      <trkpt lat="49.38313983" lon="-119.96456264">
      </trkpt>
      <trkpt lat="49.38310441" lon="-119.96445488">
      </trkpt>
      <trkpt lat="49.383099" lon="-119.96441063">
      </trkpt>
      <trkpt lat="49.3830634" lon="-119.96435234">
      </trkpt>
      <trkpt lat="49.38302023" lon="-119.96426356">
      </trkpt>
      <trkpt lat="49.3829688" lon="-119.96418486">
      </trkpt>
      <trkpt lat="49.38293512" lon="-119.96410834">
      </trkpt>
      <trkpt lat="49.38286753" lon="-119.96395083">
      </trkpt>
      <trkpt lat="49.38283602" lon="-119.96386053">
      </trkpt>
      <trkpt lat="49.38280868" lon="-119.96379218">
      </trkpt>
      <trkpt lat="49.38277867" lon="-119.96372866">
      </trkpt>
      <trkpt lat="49.38272774" lon="-119.96365889">
      </trkpt>
      <trkpt lat="49.38267514" lon="-119.96361182">
      </trkpt>
      <trkpt lat="49.38261303" lon="-119.96355249">
      </trkpt>
      <trkpt lat="49.38256042" lon="-119.96350542">
      </trkpt>
      <trkpt lat="49.38252099" lon="-119.9634836">
      </trkpt>
      <trkpt lat="49.38246871" lon="-119.96349494">
      </trkpt>
      <trkpt lat="49.38241476" lon="-119.96352897">
      </trkpt>
      <trkpt lat="49.38237881" lon="-119.96356963">
      </trkpt>
      <trkpt lat="49.38228667" lon="-119.96360415">
      </trkpt>
      <trkpt lat="49.38223223" lon="-119.96362925">
      </trkpt>
      <trkpt lat="49.38217486" lon="-119.96365473">
      </trkpt>
      <trkpt lat="49.38213375" lon="-119.96365562">
      </trkpt>
      <trkpt lat="49.38208897" lon="-119.96364349">
      </trkpt>
      <trkpt lat="49.3820448" lon="-119.96353686">
      </trkpt>
      <trkpt lat="49.38202557" lon="-119.96335056">
      </trkpt>
      <trkpt lat="49.38204826" lon="-119.9632307">
      </trkpt>
      <trkpt lat="49.38209865" lon="-119.96308025">
      </trkpt>
      <trkpt lat="49.38217605" lon="-119.96293975">
      </trkpt>
      <trkpt lat="49.38228212" lon="-119.96278652">
      </trkpt>
      <trkpt lat="49.38236002" lon="-119.96265494">
      </trkpt>
      <trkpt lat="49.38246177" lon="-119.96252924">
      </trkpt>
      <trkpt lat="49.38253931" lon="-119.96249663">
      </trkpt>
      <trkpt lat="49.38264796" lon="-119.96244195">
      </trkpt>
      <trkpt lat="49.38273736" lon="-119.96235833">
      </trkpt>
      <trkpt lat="49.38278707" lon="-119.96224844">
      </trkpt>
      <trkpt lat="49.38280002" lon="-119.96211187">
      </trkpt>
      <trkpt lat="49.38279278" lon="-119.96198243">
      </trkpt>
      <trkpt lat="49.38275027" lon="-119.96185311">
      </trkpt>
      <trkpt lat="49.38264356" lon="-119.9617322">
      </trkpt>
      <trkpt lat="49.38252642" lon="-119.96163511">
      </trkpt>
      <trkpt lat="49.38241313" lon="-119.96150156">
      </trkpt>
      <trkpt lat="49.38229125" lon="-119.96131968">
      </trkpt>
      <trkpt lat="49.38220148" lon="-119.96113361">
      </trkpt>
      <trkpt lat="49.38217139" lon="-119.96101617">
      </trkpt>
      <trkpt lat="49.38208079" lon="-119.96076276">
      </trkpt>
      <trkpt lat="49.38200536" lon="-119.96057031">
      </trkpt>
      <trkpt lat="49.38189449" lon="-119.96042747">
      </trkpt>
      <trkpt lat="49.38178151" lon="-119.96035232">
      </trkpt>
      <trkpt lat="49.3816783" lon="-119.96029389">
      </trkpt>
      <trkpt lat="49.38160793" lon="-119.96024465">
      </trkpt>
      <trkpt lat="49.38156208" lon="-119.96016074">
      </trkpt>
      <trkpt lat="49.38156026" lon="-119.96007555">
      </trkpt>
      <trkpt lat="49.38155068" lon="-119.96000937">
      </trkpt>
      <trkpt lat="49.38156402" lon="-119.95988846">
      </trkpt>
      <trkpt lat="49.38158553" lon="-119.95982423">
      </trkpt>
      <trkpt lat="49.38162677" lon="-119.95975357">
      </trkpt>
      <trkpt lat="49.38167091" lon="-119.95969022">
      </trkpt>
      <trkpt lat="49.38170755" lon="-119.95964616">
      </trkpt>
      <trkpt lat="49.38170887" lon="-119.9596507">
      </trkpt>
      <trkpt lat="49.3817685" lon="-119.95981949">
      </trkpt>
      <trkpt lat="49.38184176" lon="-119.95991739">
      </trkpt>
      <trkpt lat="49.38191059" lon="-119.95998133">
      </trkpt>
      <trkpt lat="49.38199532" lon="-119.95997025">
      </trkpt>
      <trkpt lat="49.38206133" lon="-119.95993858">
      </trkpt>
      <trkpt lat="49.38214684" lon="-119.95989669">
      </trkpt>
      <trkpt lat="49.38223691" lon="-119.95984651">
      </trkpt>
      <trkpt lat="49.38229622" lon="-119.95978501">
      </trkpt>
      <trkpt lat="49.38234571" lon="-119.95968257">
      </trkpt>
      <trkpt lat="49.3823794" lon="-119.95956682">
      </trkpt>
      <trkpt lat="49.38241271" lon="-119.95944791">
      </trkpt>
    </trkseg>
    <trkseg>
      <trkpt lat="49.38237264" lon="-119.95337533">
      </trkpt>
      <trkpt lat="49.38237145" lon="-119.95327118">
      </trkpt>
      <trkpt lat="49.38238572" lon="-119.95306738">
      </trkpt>
      <trkpt lat="49.38240612" lon="-119.95290765">
      </trkpt>
      <trkpt lat="49.38243848" lon="-119.9528305">
      </trkpt>
      <trkpt lat="49.38248291" lon="-119.95270689">
      </trkpt>
      <trkpt lat="49.38245295" lon="-119.95256498">
      </trkpt>
      <trkpt lat="49.38238211" lon="-119.95247889">
      </trkpt>
      <trkpt lat="49.38230732" lon="-119.95238772">
      </trkpt>
      <trkpt lat="49.38221287" lon="-119.9523384">
      </trkpt>
      <trkpt lat="49.38200419" lon="-119.95221428">
      </trkpt>
      <trkpt lat="49.38191422" lon="-119.95211388">
      </trkpt>
      <trkpt lat="49.38179979" lon="-119.95210082">
      </trkpt>
      <trkpt lat="49.38172457" lon="-119.95213311">
      </trkpt>
      <trkpt lat="49.38165737" lon="-119.95224288">
      </trkpt>
      <trkpt lat="49.38166912" lon="-119.95238718">
      </trkpt>
      <trkpt lat="49.38170781" lon="-119.95248868">
      </trkpt>
      <trkpt lat="49.38171165" lon="-119.95262279">
      </trkpt>
      <trkpt lat="49.38166328" lon="-119.95274131">
      </trkpt>
      <trkpt lat="49.38159034" lon="-119.95287987">
      </trkpt>
      <trkpt lat="49.38151918" lon="-119.95298455">
      </trkpt>
      <trkpt lat="49.38141058" lon="-119.95300998">
      </trkpt>
      <trkpt lat="49.38132278" lon="-119.95294856">
      </trkpt>
      <trkpt lat="49.38121148" lon="-119.95279486">
      </trkpt>
      <trkpt lat="49.38110059" lon="-119.95271403">
      </trkpt>
      <trkpt lat="49.38097525" lon="-119.95270241">
      </trkpt>
      <trkpt lat="49.38088589" lon="-119.95261315">
      </trkpt>
      <trkpt lat="49.38079029" lon="-119.95260885">
      </trkpt>
      <trkpt lat="49.38067898" lon="-119.95265146">
      </trkpt>
      <trkpt lat="49.38056518" lon="-119.95264954">
      </trkpt>
      <trkpt lat="49.38044752" lon="-119.95251351">
      </trkpt>
      <trkpt lat="49.38038678" lon="-119.95228027">
      </trkpt>
      <trkpt lat="49.38040272" lon="-119.95197531">
      </trkpt>
      <trkpt lat="49.38047846" lon="-119.95169055">
      </trkpt>
      <trkpt lat="49.38057137" lon="-119.95151572">
      </trkpt>
      <trkpt lat="49.380616" lon="-119.95133039">
      </trkpt>
      <trkpt lat="49.38061695" lon="-119.95115077">
      </trkpt>
      <trkpt lat="49.38054528" lon="-119.95091899">
      </trkpt>
      <trkpt lat="49.38037811" lon="-119.95075018">
      </trkpt>
      <trkpt lat="49.38018879" lon="-119.95057866">
      </trkpt>
      <trkpt lat="49.38004971" lon="-119.95051836">
      </trkpt>
      <trkpt lat="49.37994069" lon="-119.95047095">
      </trkpt>
      <trkpt lat="49.37982564" lon="-119.95044676">
      </trkpt>
      <trkpt lat="49.37969747" lon="-119.95038502">
      </trkpt>
      <trkpt lat="49.37956744" lon="-119.95028988">
      </trkpt>
      <trkpt lat="49.37945894" lon="-119.95018631">
      </trkpt>
      <trkpt lat="49.37938509" lon="-119.95011185">
      </trkpt>
      <trkpt lat="49.37930665" lon="-119.95002116">
      </trkpt>
      <trkpt lat="49.37918235" lon="-119.94989724">
      </trkpt>
      <trkpt lat="49.37909018" lon="-119.94975787">
      </trkpt>
      <trkpt lat="49.37903235" lon="-119.94964206">
      </trkpt>
      <trkpt lat="49.37897867" lon="-119.94946961">
      </trkpt>
      <trkpt lat="49.37899147" lon="-119.94930528">
      </trkpt>
      <trkpt lat="49.37901519" lon="-119.94913952">
      </trkpt>
      <trkpt lat="49.37905202" lon="-119.9490113">
      </trkpt>
      <trkpt lat="49.37908626" lon="-119.94892447">
      </trkpt>
      <trkpt lat="49.37919479" lon="-119.94891531">
      </trkpt>
      <trkpt lat="49.37930416" lon="-119.94892118">
      </trkpt>
      <trkpt lat="49.3794335" lon="-119.9489295">
      </trkpt>
      <trkpt lat="49.37953987" lon="-119.94894083">
      </trkpt>
      <trkpt lat="49.37963456" lon="-119.94893768">
      </trkpt>
      <trkpt lat="49.3796216" lon="-119.94893258">
      </trkpt>
      <trkpt lat="49.37961442" lon="-119.9489167">
      </trkpt>
      <trkpt lat="49.3796103" lon="-119.9488992">
      </trkpt>
      <trkpt lat="49.3795985" lon="-119.94888511">
      </trkpt>
      <trkpt lat="49.37958585" lon="-119.94886993">
      </trkpt>
      <trkpt lat="49.37957" lon="-119.94883956">
      </trkpt>
      <trkpt lat="49.37955604" lon="-119.94881492">
      </trkpt>
      <trkpt lat="49.37954252" lon="-119.94878424">
      </trkpt>
      <trkpt lat="49.37952969" lon="-119.94876548">
      </trkpt>
      <trkpt lat="49.37952172" lon="-119.94874969">
      </trkpt>
      <trkpt lat="49.37951213" lon="-119.94873291">
      </trkpt>
      <trkpt lat="49.37949349" lon="-119.9487089">
      </trkpt>
      <trkpt lat="49.37947447" lon="-119.94869215">
      </trkpt>
      <trkpt lat="49.37946661" lon="-119.94866432">
      </trkpt>
      <trkpt lat="49.37946015" lon="-119.94864713">
      </trkpt>
      <trkpt lat="49.37945301" lon="-119.94861801">
      </trkpt>
      <trkpt lat="49.37939808" lon="-119.94865116">
      </trkpt>
      <trkpt lat="49.37935168" lon="-119.94870777">
      </trkpt>
      <trkpt lat="49.37928204" lon="-119.94876238">
      </trkpt>
      <trkpt lat="49.37921625" lon="-119.94882659">
      </trkpt>
      <trkpt lat="49.37916874" lon="-119.94886313">
      </trkpt>
      <trkpt lat="49.37908626" lon="-119.94892447">
      </trkpt>
      <trkpt lat="49.37899891" lon="-119.94883991">
      </trkpt>
      <trkpt lat="49.37888392" lon="-119.9487337">
      </trkpt>
      <trkpt lat="49.37879985" lon="-119.9486487">
      </trkpt>
      <trkpt lat="49.37871166" lon="-119.94854909">
      </trkpt>
      <trkpt lat="49.3786111" lon="-119.94840563">
      </trkpt>
      <trkpt lat="49.3785379" lon="-119.94827878">
      </trkpt>
      <trkpt lat="49.37845046" lon="-119.9481336">
      </trkpt>
      <trkpt lat="49.37837558" lon="-119.94797666">
      </trkpt>
      <trkpt lat="49.37827774" lon="-119.94782273">
      </trkpt>
      <trkpt lat="49.3781873" lon="-119.94768299">
      </trkpt>
      <trkpt lat="49.37812178" lon="-119.94757536">
      </trkpt>
      <trkpt lat="49.37801607" lon="-119.94745783">
      </trkpt>
      <trkpt lat="49.37789976" lon="-119.94738717">
      </trkpt>
      <trkpt lat="49.3777813" lon="-119.94733702">
      </trkpt>
      <trkpt lat="49.3776902" lon="-119.94730348">
      </trkpt>
      <trkpt lat="49.37756415" lon="-119.94729474">
      </trkpt>
      <trkpt lat="49.37744933" lon="-119.94730979">
      </trkpt>
      <trkpt lat="49.37734436" lon="-119.94732354">
      </trkpt>
      <trkpt lat="49.37720472" lon="-119.94736711">
      </trkpt>
      <trkpt lat="49.37709216" lon="-119.94742228">
      </trkpt>
      <trkpt lat="49.37699085" lon="-119.94750124">
      </trkpt>
      <trkpt lat="49.37693058" lon="-119.94760515">
      </trkpt>
      <trkpt lat="49.3768556" lon="-119.9477413">
      </trkpt>
      <trkpt lat="49.37679103" lon="-119.9478862">
      </trkpt>
      <trkpt lat="49.37671708" lon="-119.94798178">
      </trkpt>
      <trkpt lat="49.37661492" lon="-119.94804569">
      </trkpt>
      <trkpt lat="49.37648812" lon="-119.94808253">
      </trkpt>
      <trkpt lat="49.37636993" lon="-119.94803738">
      </trkpt>
      <trkpt lat="49.37625934" lon="-119.94795082">
      </trkpt>
      <trkpt lat="49.3761525" lon="-119.94781323">
      </trkpt>
      <trkpt lat="49.3760555" lon="-119.94767436">
      </trkpt>
      <trkpt lat="49.37597865" lon="-119.94748232">
      </trkpt>
      <trkpt lat="49.37590704" lon="-119.94732496">
      </trkpt>
      <trkpt lat="49.37584931" lon="-119.9471203">
      </trkpt>
      <trkpt lat="49.37579158" lon="-119.94691566">
      </trkpt>
      <trkpt lat="49.3756838" lon="-119.94670241">
      </trkpt>
      <trkpt lat="49.37554593" lon="-119.946483">
      </trkpt>
      <trkpt lat="49.37544321" lon="-119.94636003">
      </trkpt>
      <trkpt lat="49.37532784" lon="-119.94618821">
      </trkpt>
      <trkpt lat="49.37527704" lon="-119.94604834">
      </trkpt>
      <trkpt lat="49.37513318" lon="-119.94602028">
      </trkpt>
      <trkpt lat="49.3750514" lon="-119.94596675">
      </trkpt>
      <trkpt lat="49.37494622" lon="-119.94596448">
      </trkpt>
      <trkpt lat="49.37485446" lon="-119.94592029">
      </trkpt>
      <trkpt lat="49.37478787" lon="-119.94585674">
      </trkpt>
      <trkpt lat="49.37470966" lon="-119.94586699">
      </trkpt>
      <trkpt lat="49.3746115" lon="-119.94589592">
      </trkpt>
      <trkpt lat="49.3745677" lon="-119.94595788">
      </trkpt>
      <trkpt lat="49.37450618" lon="-119.94607837">
      </trkpt>
      <trkpt lat="49.37444689" lon="-119.94623874">
      </trkpt>
      <trkpt lat="49.3743937" lon="-119.94641435">
      </trkpt>
      <trkpt lat="49.37432578" lon="-119.94660798">
      </trkpt>
      <trkpt lat="49.3742726" lon="-119.94678359">
      </trkpt>
      <trkpt lat="49.37423804" lon="-119.94691662">
      </trkpt>
      <trkpt lat="49.37420452" lon="-119.94716193">
      </trkpt>
      <trkpt lat="49.37414791" lon="-119.94737013">
      </trkpt>
      <trkpt lat="49.37413555" lon="-119.94752433">
      </trkpt>
      <trkpt lat="49.37411097" lon="-119.94764802">
      </trkpt>
      <trkpt lat="49.37410814" lon="-119.94778491">
      </trkpt>
      <trkpt lat="49.37411007" lon="-119.94791316">
      </trkpt>
      <trkpt lat="49.37416102" lon="-119.94797876">
      </trkpt>
      <trkpt lat="49.3743514" lon="-119.94800199">
      </trkpt>
      <trkpt lat="49.37445046" lon="-119.94798901">
      </trkpt>
      <trkpt lat="49.37457559" lon="-119.94797261">
      </trkpt>
      <trkpt lat="49.37466634" lon="-119.94797669">
      </trkpt>
      <trkpt lat="49.37472173" lon="-119.94797955">
      </trkpt>
      <trkpt lat="49.37476985" lon="-119.94801041">
      </trkpt>
      <trkpt lat="49.37481328" lon="-119.94807564">
      </trkpt>
      <trkpt lat="49.3748399" lon="-119.9481566">
      </trkpt>
      <trkpt lat="49.3748481" lon="-119.94826362">
      </trkpt>
      <trkpt lat="49.37483858" lon="-119.94836958">
      </trkpt>
      <trkpt lat="49.37479127" lon="-119.9485109">
      </trkpt>
      <trkpt lat="49.37475061" lon="-119.94857365">
      </trkpt>
      <trkpt lat="49.37470851" lon="-119.94865011">
      </trkpt>
      <trkpt lat="49.37469622" lon="-119.94874628">
      </trkpt>
      <trkpt lat="49.37471407" lon="-119.94882839">
      </trkpt>
      <trkpt lat="49.37477084" lon="-119.94889526">
      </trkpt>
      <trkpt lat="49.37484252" lon="-119.9489129">
      </trkpt>
      <trkpt lat="49.37489296" lon="-119.94890629">
      </trkpt>
      <trkpt lat="49.37497448" lon="-119.94890236">
      </trkpt>
      <trkpt lat="49.37503205" lon="-119.94890496">
      </trkpt>
      <trkpt lat="49.37505273" lon="-119.94891914">
      </trkpt>
      <trkpt lat="49.37505881" lon="-119.94894874">
      </trkpt>
      <trkpt lat="49.37504527" lon="-119.94906198">
      </trkpt>
      <trkpt lat="49.37499007" lon="-119.94918069">
      </trkpt>
      <trkpt lat="49.37493393" lon="-119.94928263">
      </trkpt>
      <trkpt lat="49.37486281" lon="-119.94939327">
      </trkpt>
      <trkpt lat="49.37476175" lon="-119.94952136">
      </trkpt>
      <trkpt lat="49.37468311" lon="-119.94961611">
      </trkpt>
      <trkpt lat="49.3745979" lon="-119.94971172">
      </trkpt>
      <trkpt lat="49.37451826" lon="-119.94974917">
      </trkpt>
      <trkpt lat="49.37442803" lon="-119.94979477">
      </trkpt>
      <trkpt lat="49.37434933" lon="-119.94984899">
      </trkpt>
      <trkpt lat="49.37429934" lon="-119.94990284">
      </trkpt>
      <trkpt lat="49.37423072" lon="-119.94997937">
      </trkpt>
      <trkpt lat="49.37414269" lon="-119.95002468">
      </trkpt>
      <trkpt lat="49.37407929" lon="-119.95003637">
      </trkpt>
      <trkpt lat="49.3739999" lon="-119.94999948">
      </trkpt>
      <trkpt lat="49.37393255" lon="-119.94994075">
      </trkpt>
      <trkpt lat="49.37382698" lon="-119.94987013">
      </trkpt>
      <trkpt lat="49.37377027" lon="-119.94984378">
      </trkpt>
      <trkpt lat="49.37368293" lon="-119.94986198">
      </trkpt>
      <trkpt lat="49.37360568" lon="-119.94990249">
      </trkpt>
      <trkpt lat="49.37353831" lon="-119.94996198">
      </trkpt>
      <trkpt lat="49.37346463" lon="-119.95006622">
      </trkpt>
      <trkpt lat="49.37340266" lon="-119.95018242">
      </trkpt>
      <trkpt lat="49.37333486" lon="-119.95031291">
      </trkpt>
      <trkpt lat="49.37329094" lon="-119.95039634">
      </trkpt>
      <trkpt lat="49.3732014" lon="-119.95053304">
      </trkpt>
      <trkpt lat="49.37319094" lon="-119.95062224">
      </trkpt>
      <trkpt lat="49.37319926" lon="-119.95081029">
      </trkpt>
      <trkpt lat="49.37321066" lon="-119.95097432">
      </trkpt>
      <trkpt lat="49.37321409" lon="-119.95119342">
      </trkpt>
      <trkpt lat="49.37317311" lon="-119.95140821">
      </trkpt>
      <trkpt lat="49.37310838" lon="-119.95163286">
      </trkpt>
      <trkpt lat="49.37302735" lon="-119.95184275">
      </trkpt>
      <trkpt lat="49.37295937" lon="-119.95196987">
      </trkpt>
      <trkpt lat="49.37291531" lon="-119.95209048">
      </trkpt>
      <trkpt lat="49.37283724" lon="-119.95219528">
      </trkpt>
      <trkpt lat="49.37276956" lon="-119.95228858">
      </trkpt>
      <trkpt lat="49.37268046" lon="-119.95235429">
      </trkpt>
      <trkpt lat="49.37258993" lon="-119.95243369">
      </trkpt>
      <trkpt lat="49.37252413" lon="-119.95256053">
      </trkpt>
      <trkpt lat="49.37246835" lon="-119.95278738">
      </trkpt>
      <trkpt lat="49.3724394" lon="-119.95298032">
      </trkpt>
      <trkpt lat="49.37239239" lon="-119.95320602">
      </trkpt>
      <trkpt lat="49.37233586" lon="-119.95341946">
      </trkpt>
      <trkpt lat="49.37223127" lon="-119.95364257">
      </trkpt>
      <trkpt lat="49.3721599" lon="-119.95382755">
      </trkpt>
      <trkpt lat="49.37213256" lon="-119.95412835">
      </trkpt>
      <trkpt lat="49.37214119" lon="-119.95440082">
      </trkpt>
      <trkpt lat="49.37215051" lon="-119.95464616">
      </trkpt>
      <trkpt lat="49.37219022" lon="-119.95480309">
      </trkpt>
      <trkpt lat="49.37227592" lon="-119.95491346">
      </trkpt>
      <trkpt lat="49.37231828" lon="-119.95488091">
      </trkpt>
      <trkpt lat="49.37238992" lon="-119.95462157">
      </trkpt>
      <trkpt lat="49.37245203" lon="-119.95446821">
      </trkpt>
      <trkpt lat="49.37249176" lon="-119.95438871">
      </trkpt>
      <trkpt lat="49.3724981" lon="-119.95425799">
      </trkpt>
      <trkpt lat="49.37248906" lon="-119.95416277">
      </trkpt>
      <trkpt lat="49.37247876" lon="-119.95404502">
      </trkpt>
      <trkpt lat="49.37250748" lon="-119.95396186">
      </trkpt>
      <trkpt lat="49.3725623" lon="-119.95388095">
      </trkpt>
      <trkpt lat="49.37265025" lon="-119.95379571">
      </trkpt>
      <trkpt lat="49.37276188" lon="-119.95373574">
      </trkpt>
      <trkpt lat="49.37282963" lon="-119.95368717">
      </trkpt>
      <trkpt lat="49.37288287" lon="-119.95357812">
      </trkpt>
      <trkpt lat="49.37292043" lon="-119.9534541">
      </trkpt>
      <trkpt lat="49.37294833" lon="-119.95322359">
      </trkpt>
      <trkpt lat="49.37299199" lon="-119.95307609">
      </trkpt>
      <trkpt lat="49.37306607" lon="-119.95294163">
      </trkpt>
      <trkpt lat="49.3731598" lon="-119.95282726">
      </trkpt>
      <trkpt lat="49.37326743" lon="-119.95276213">
      </trkpt>
      <trkpt lat="49.37338589" lon="-119.95275797">
      </trkpt>
      <trkpt lat="49.37349278" lon="-119.95281203">
      </trkpt>
      <trkpt lat="49.37359597" lon="-119.95286657">
      </trkpt>
      <trkpt lat="49.37372421" lon="-119.95283844">
      </trkpt>
      <trkpt lat="49.37382847" lon="-119.95277942">
      </trkpt>
      <trkpt lat="49.37391295" lon="-119.95283074">
      </trkpt>
      <trkpt lat="49.37393956" lon="-119.95297472">
      </trkpt>
      <trkpt lat="49.37387211" lon="-119.95322743">
      </trkpt>
      <trkpt lat="49.37380119" lon="-119.95341819">
      </trkpt>
      <trkpt lat="49.37367819" lon="-119.95367249">
      </trkpt>
      <trkpt lat="49.37356898" lon="-119.95390798">
      </trkpt>
      <trkpt lat="49.37344429" lon="-119.95426458">
      </trkpt>
      <trkpt lat="49.37334086" lon="-119.95447095">
      </trkpt>
      <trkpt lat="49.37321692" lon="-119.95470835">
      </trkpt>
      <trkpt lat="49.37317609" lon="-119.95490652">
      </trkpt>
      <trkpt lat="49.37317691" lon="-119.95505386">
      </trkpt>
      <trkpt lat="49.37324003" lon="-119.95518739">
      </trkpt>
      <trkpt lat="49.37337373" lon="-119.95532301">
      </trkpt>
      <trkpt lat="49.37356014" lon="-119.95540637">
      </trkpt>
      <trkpt lat="49.37368901" lon="-119.9553895">
      </trkpt>
      <trkpt lat="49.37380316" lon="-119.95537456">
      </trkpt>
      <trkpt lat="49.37391341" lon="-119.95542253">
      </trkpt>
      <trkpt lat="49.37401797" lon="-119.95556764">
      </trkpt>
      <trkpt lat="49.37406446" lon="-119.95566931">
      </trkpt>
      <trkpt lat="49.3740675" lon="-119.95585607">
      </trkpt>
      <trkpt lat="49.37400846" lon="-119.95599424">
      </trkpt>
      <trkpt lat="49.37389977" lon="-119.95617293">
      </trkpt>
      <trkpt lat="49.37374828" lon="-119.95624947">
      </trkpt>
      <trkpt lat="49.37360562" lon="-119.95628516">
      </trkpt>
      <trkpt lat="49.37343382" lon="-119.95633032">
      </trkpt>
      <trkpt lat="49.37321784" lon="-119.95638128">
      </trkpt>
      <trkpt lat="49.37307055" lon="-119.95640055">
      </trkpt>
      <trkpt lat="49.37297576" lon="-119.95642997">
      </trkpt>
      <trkpt lat="49.37291295" lon="-119.95650056">
      </trkpt>
      <trkpt lat="49.3729162" lon="-119.95662491">
      </trkpt>
      <trkpt lat="49.37293229" lon="-119.95671355">
      </trkpt>
      <trkpt lat="49.37294016" lon="-119.9568543">
      </trkpt>
      <trkpt lat="49.37292406" lon="-119.95696416">
      </trkpt>
      <trkpt lat="49.37285756" lon="-119.95703525">
      </trkpt>
      <trkpt lat="49.37275425" lon="-119.95711114">
      </trkpt>
      <trkpt lat="49.37267734" lon="-119.95719493">
      </trkpt>
      <trkpt lat="49.37263357" lon="-119.95727438">
      </trkpt>
      <trkpt lat="49.37264839" lon="-119.95734051">
      </trkpt>
      <trkpt lat="49.37273107" lon="-119.95742609">
      </trkpt>
      <trkpt lat="49.37285362" lon="-119.95749513">
      </trkpt>
      <trkpt lat="49.37299428" lon="-119.95755614">
      </trkpt>
      <trkpt lat="49.3731629" lon="-119.95765316">
      </trkpt>
      <trkpt lat="49.37321392" lon="-119.9577032">
      </trkpt>
      <trkpt lat="49.37321233" lon="-119.95787356">
      </trkpt>
      <trkpt lat="49.37314688" lon="-119.95802957">
      </trkpt>
      <trkpt lat="49.37316853" lon="-119.9581515">
      </trkpt>
      <trkpt lat="49.37325574" lon="-119.95818546">
      </trkpt>
      <trkpt lat="49.37336706" lon="-119.95811986">
      </trkpt>
      <trkpt lat="49.37350531" lon="-119.95800536">
      </trkpt>
      <trkpt lat="49.37361441" lon="-119.95790034">
      </trkpt>
      <trkpt lat="49.37370174" lon="-119.95780385">
      </trkpt>
      <trkpt lat="49.37377906" lon="-119.95779374">
      </trkpt>
      <trkpt lat="49.37384859" lon="-119.95790941">
      </trkpt>
      <trkpt lat="49.37390683" lon="-119.9580002">
      </trkpt>
      <trkpt lat="49.3739258" lon="-119.95802975">
      </trkpt>
      <trkpt lat="49.37398692" lon="-119.95806146">
      </trkpt>
      <trkpt lat="49.37410022" lon="-119.95809768">
      </trkpt>
      <trkpt lat="49.3741727" lon="-119.95813357">
      </trkpt>
      <trkpt lat="49.3742922" lon="-119.95821434">
      </trkpt>
      <trkpt lat="49.37438771" lon="-119.95826424">
      </trkpt>
      <trkpt lat="49.37447398" lon="-119.95828132">
      </trkpt>
      <trkpt lat="49.37460223" lon="-119.95825319">
      </trkpt>
      <trkpt lat="49.37470123" lon="-119.95816651">
      </trkpt>
      <trkpt lat="49.37480181" lon="-119.95810799">
      </trkpt>
      <trkpt lat="49.37487176" lon="-119.95809884">
      </trkpt>
      <trkpt lat="49.3749412" lon="-119.95808979">
      </trkpt>
      <trkpt lat="49.37491818" lon="-119.95798936">
      </trkpt>
      <trkpt lat="49.37490603" lon="-119.95771305">
      </trkpt>
      <trkpt lat="49.37487108" lon="-119.957561">
      </trkpt>
      <trkpt lat="49.37477448" lon="-119.95731089">
      </trkpt>
      <trkpt lat="49.37470261" lon="-119.95714852">
      </trkpt>
      <trkpt lat="49.37465821" lon="-119.95688653">
      </trkpt>
      <trkpt lat="49.37462449" lon="-119.95663831">
      </trkpt>
      <trkpt lat="49.37460398" lon="-119.956449">
      </trkpt>
      <trkpt lat="49.37459294" lon="-119.95619276">
      </trkpt>
      <trkpt lat="49.3745894" lon="-119.95601133">
      </trkpt>
      <trkpt lat="49.37462016" lon="-119.95573447">
      </trkpt>
      <trkpt lat="49.3746407" lon="-119.9555701">
      </trkpt>
      <trkpt lat="49.3746736" lon="-119.95544957">
      </trkpt>
      <trkpt lat="49.3746561" lon="-119.95525481">
      </trkpt>
      <trkpt lat="49.37463023" lon="-119.95514704">
      </trkpt>
      <trkpt lat="49.3746206" lon="-119.95491589">
      </trkpt>
      <trkpt lat="49.37465679" lon="-119.95479494">
      </trkpt>
      <trkpt lat="49.37468537" lon="-119.9547154">
      </trkpt>
      <trkpt lat="49.374709" lon="-119.95460621">
      </trkpt>
      <trkpt lat="49.37471454" lon="-119.95446906">
      </trkpt>
      <trkpt lat="49.37473949" lon="-119.95432432">
      </trkpt>
      <trkpt lat="49.37476143" lon="-119.95418503">
      </trkpt>
      <trkpt lat="49.37476152" lon="-119.9540688">
      </trkpt>
      <trkpt lat="49.37475478" lon="-119.95394842">
      </trkpt>
      <trkpt lat="49.37473924" lon="-119.95378877">
      </trkpt>
      <trkpt lat="49.37472988" lon="-119.95356264">
      </trkpt>
      <trkpt lat="49.37472829" lon="-119.95341631">
      </trkpt>
      <trkpt lat="49.37472925" lon="-119.95313829">
      </trkpt>
      <trkpt lat="49.37474697" lon="-119.95292376">
      </trkpt>
      <trkpt lat="49.37477491" lon="-119.95277358">
      </trkpt>
      <trkpt lat="49.37481184" lon="-119.95260706">
      </trkpt>
      <trkpt lat="49.37484138" lon="-119.95242634">
      </trkpt>
      <trkpt lat="49.3748725" lon="-119.95221511">
      </trkpt>
      <trkpt lat="49.374913" lon="-119.95205317">
      </trkpt>
      <trkpt lat="49.37493746" lon="-119.95195902">
      </trkpt>
      <trkpt lat="49.37497159" lon="-119.95174235">
      </trkpt>
      <trkpt lat="49.37500056" lon="-119.9515516">
      </trkpt>
      <trkpt lat="49.37502109" lon="-119.95138722">
      </trkpt>
      <trkpt lat="49.37505427" lon="-119.95127172">
      </trkpt>
      <trkpt lat="49.37510198" lon="-119.95117958">
      </trkpt>
      <trkpt lat="49.37516169" lon="-119.95106565">
      </trkpt>
      <trkpt lat="49.37523911" lon="-119.95091403">
      </trkpt>
      <trkpt lat="49.37530622" lon="-119.95081429">
      </trkpt>
      <trkpt lat="49.37537088" lon="-119.95073003">
      </trkpt>
      <trkpt lat="49.37544071" lon="-119.95061984">
      </trkpt>
      <trkpt lat="49.37550314" lon="-119.95049545">
      </trkpt>
      <trkpt lat="49.37553528" lon="-119.95042049">
      </trkpt>
      <trkpt lat="49.37555929" lon="-119.95037692">
      </trkpt>
      <trkpt lat="49.37558131" lon="-119.95029825">
      </trkpt>
      <trkpt lat="49.37562423" lon="-119.95029768">
      </trkpt>
      <trkpt lat="49.37568272" lon="-119.95027991">
      </trkpt>
      <trkpt lat="49.37574654" lon="-119.95018061">
      </trkpt>
      <trkpt lat="49.37580738" lon="-119.95008674">
      </trkpt>
      <trkpt lat="49.37588385" lon="-119.9500363">
      </trkpt>
      <trkpt lat="49.3759801" lon="-119.9500439">
      </trkpt>
      <trkpt lat="49.37605049" lon="-119.95012058">
      </trkpt>
      <trkpt lat="49.37613015" lon="-119.95018593">
      </trkpt>
      <trkpt lat="49.3762264" lon="-119.95019354">
      </trkpt>
      <trkpt lat="49.3762846" lon="-119.95017075">
      </trkpt>
      <trkpt lat="49.37635912" lon="-119.9500852">
      </trkpt>
      <trkpt lat="49.37643091" lon="-119.95001011">
      </trkpt>
      <trkpt lat="49.37651367" lon="-119.94995379">
      </trkpt>
      <trkpt lat="49.37658986" lon="-119.94989833">
      </trkpt>
      <trkpt lat="49.37666053" lon="-119.94980318">
      </trkpt>
      <trkpt lat="49.37672848" lon="-119.94971848">
      </trkpt>
      <trkpt lat="49.37681884" lon="-119.94962075">
      </trkpt>
      <trkpt lat="49.37688659" lon="-119.94959165">
      </trkpt>
      <trkpt lat="49.37701012" lon="-119.94955526">
      </trkpt>
      <trkpt lat="49.37710441" lon="-119.94952774">
      </trkpt>
      <trkpt lat="49.37720113" lon="-119.94948476">
      </trkpt>
      <trkpt lat="49.37725989" lon="-119.949472">
      </trkpt>
      <trkpt lat="49.37731238" lon="-119.94946513">
      </trkpt>
      <trkpt lat="49.37736664" lon="-119.94954898">
      </trkpt>
      <trkpt lat="49.37744874" lon="-119.94959885">
      </trkpt>
      <trkpt lat="49.3775641" lon="-119.94959384">
      </trkpt>
      <trkpt lat="49.37767648" lon="-119.94959428">
      </trkpt>
      <trkpt lat="49.37776533" lon="-119.9495877">
      </trkpt>
      <trkpt lat="49.37780966" lon="-119.9496122">
      </trkpt>
      <trkpt lat="49.37781996" lon="-119.94973718">
      </trkpt>
      <trkpt lat="49.37783327" lon="-119.94985671">
      </trkpt>
      <trkpt lat="49.3778624" lon="-119.94997248">
      </trkpt>
    </trkseg>
    <trkseg>
      <trkpt lat="49.37669828" lon="-119.9643038">
      </trkpt>
      <trkpt lat="49.37661636" lon="-119.96418929">
      </trkpt>
      <trkpt lat="49.37649277" lon="-119.96398818">
      </trkpt>
      <trkpt lat="49.37638231" lon="-119.96378535">
      </trkpt>
      <trkpt lat="49.37627568" lon="-119.96359212">
      </trkpt>
      <trkpt lat="49.37618574" lon="-119.96340177">
      </trkpt>
      <trkpt lat="49.37610451" lon="-119.96319007">
      </trkpt>
      <trkpt lat="49.37605" lon="-119.96292434">
      </trkpt>
      <trkpt lat="49.37600139" lon="-119.96276395">
      </trkpt>
      <trkpt lat="49.37591316" lon="-119.96242686">
      </trkpt>
      <trkpt lat="49.37588121" lon="-119.96226935">
      </trkpt>
      <trkpt lat="49.37588368" lon="-119.96207702">
      </trkpt>
      <trkpt lat="49.37589475" lon="-119.96197957">
      </trkpt>
      <trkpt lat="49.37591434" lon="-119.96191637">
      </trkpt>
      <trkpt lat="49.37593498" lon="-119.96181262">
      </trkpt>
      <trkpt lat="49.37592113" lon="-119.96168306">
      </trkpt>
      <trkpt lat="49.3759338" lon="-119.96155509">
      </trkpt>
      <trkpt lat="49.37591798" lon="-119.96139041">
      </trkpt>
      <trkpt lat="49.37585932" lon="-119.96128693">
      </trkpt>
      <trkpt lat="49.37578699" lon="-119.96117512">
      </trkpt>
      <trkpt lat="49.37567567" lon="-119.96095726">
      </trkpt>
      <trkpt lat="49.37561421" lon="-119.96080361">
      </trkpt>
      <trkpt lat="49.37554816" lon="-119.96068593">
      </trkpt>
      <trkpt lat="49.3754819" lon="-119.96062386">
      </trkpt>
      <trkpt lat="49.37540553" lon="-119.96055804">
      </trkpt>
      <trkpt lat="49.37530843" lon="-119.96053537">
      </trkpt>
      <trkpt lat="49.37526363" lon="-119.96056145">
      </trkpt>
      <trkpt lat="49.37523747" lon="-119.96062549">
      </trkpt>
      <trkpt lat="49.37520981" lon="-119.9607807">
      </trkpt>
      <trkpt lat="49.37521906" lon="-119.96094623">
      </trkpt>
      <trkpt lat="49.37522532" lon="-119.96111719">
      </trkpt>
      <trkpt lat="49.37521292" lon="-119.96125018">
      </trkpt>
      <trkpt lat="49.37517665" lon="-119.96131051">
      </trkpt>
      <trkpt lat="49.37511816" lon="-119.96132825">
      </trkpt>
      <trkpt lat="49.37506071" lon="-119.96130545">
      </trkpt>
      <trkpt lat="49.37498734" lon="-119.9612342">
      </trkpt>
      <trkpt lat="49.37496045" lon="-119.96116699">
      </trkpt>
      <trkpt lat="49.37489327" lon="-119.96102925">
      </trkpt>
      <trkpt lat="49.37485533" lon="-119.96088262">
      </trkpt>
      <trkpt lat="49.37477119" lon="-119.960737">
      </trkpt>
      <trkpt lat="49.37473249" lon="-119.96063596">
      </trkpt>
      <trkpt lat="49.3747222" lon="-119.96051099">
      </trkpt>
      <trkpt lat="49.37471819" lon="-119.96038014">
      </trkpt>
      <trkpt lat="49.37472149" lon="-119.96020286">
      </trkpt>
      <trkpt lat="49.37471103" lon="-119.95995667">
      </trkpt>
      <trkpt lat="49.37470448" lon="-119.95978068">
      </trkpt>
      <trkpt lat="49.37475671" lon="-119.95959195">
      </trkpt>
      <trkpt lat="49.37486854" lon="-119.95940554">
      </trkpt>
      <trkpt lat="49.37492713" lon="-119.95927156">
      </trkpt>
      <trkpt lat="49.37496287" lon="-119.95902436">
      </trkpt>
      <trkpt lat="49.37495212" lon="-119.95877313">
      </trkpt>
      <trkpt lat="49.37494886" lon="-119.95859671">
      </trkpt>
      <trkpt lat="49.374956" lon="-119.95842904">
      </trkpt>
      <trkpt lat="49.37495753" lon="-119.95816106">
      </trkpt>
      <trkpt lat="49.3749412" lon="-119.95808979">
      </trkpt>
    </trkseg>
    <trkseg>
      <trkpt lat="49.37527704" lon="-119.94604834">
      </trkpt>
      <trkpt lat="49.37527923" lon="-119.94583214">
      </trkpt>
      <trkpt lat="49.3752516" lon="-119.94569031">
      </trkpt>
      <trkpt lat="49.37526909" lon="-119.94559272">
      </trkpt>
      <trkpt lat="49.37534695" lon="-119.9455775">
      </trkpt>
      <trkpt lat="49.37545943" lon="-119.94565303">
      </trkpt>
      <trkpt lat="49.37559443" lon="-119.94572061">
      </trkpt>
      <trkpt lat="49.37573909" lon="-119.94572671">
      </trkpt>
      <trkpt lat="49.37586013" lon="-119.94572088">
      </trkpt>
      <trkpt lat="49.37600665" lon="-119.94570167">
      </trkpt>
      <trkpt lat="49.37617281" lon="-119.94574008">
      </trkpt>
      <trkpt lat="49.37636381" lon="-119.94587053">
      </trkpt>
      <trkpt lat="49.37652466" lon="-119.94598988">
      </trkpt>
      <trkpt lat="49.37674646" lon="-119.946026">
      </trkpt>
      <trkpt lat="49.37686889" lon="-119.94604507">
      </trkpt>
      <trkpt lat="49.37699792" lon="-119.94612345">
      </trkpt>
      <trkpt lat="49.37711468" lon="-119.9461583">
      </trkpt>
      <trkpt lat="49.37723441" lon="-119.94618776">
      </trkpt>
      <trkpt lat="49.3773601" lon="-119.94620639">
      </trkpt>
      <trkpt lat="49.37749313" lon="-119.94623911">
      </trkpt>
      <trkpt lat="49.37757891" lon="-119.94624793">
      </trkpt>
      <trkpt lat="49.37768264" lon="-119.94628449">
      </trkpt>
      <trkpt lat="49.37775179" lon="-119.94630255">
      </trkpt>
      <trkpt lat="49.37792002" lon="-119.94641792">
      </trkpt>
      <trkpt lat="49.3780789" lon="-119.94657496">
      </trkpt>
      <trkpt lat="49.37826632" lon="-119.94670531">
      </trkpt>
      <trkpt lat="49.37843414" lon="-119.94682102">
      </trkpt>
      <trkpt lat="49.37854418" lon="-119.94690987">
      </trkpt>
      <trkpt lat="49.37867315" lon="-119.94700199">
      </trkpt>
      <trkpt lat="49.37880182" lon="-119.94708841">
      </trkpt>
      <trkpt lat="49.37889643" lon="-119.94723666">
      </trkpt>
      <trkpt lat="49.37899487" lon="-119.94745327">
      </trkpt>
      <trkpt lat="49.37907744" lon="-119.94765475">
      </trkpt>
      <trkpt lat="49.37916087" lon="-119.94780448">
      </trkpt>
      <trkpt lat="49.37926528" lon="-119.94785964">
      </trkpt>
      <trkpt lat="49.37942022" lon="-119.9478795">
      </trkpt>
      <trkpt lat="49.37958411" lon="-119.94785802">
      </trkpt>
      <trkpt lat="49.37981813" lon="-119.94781587">
      </trkpt>
      <trkpt lat="49.3799801" lon="-119.94776023">
      </trkpt>
      <trkpt lat="49.38009397" lon="-119.9477166">
      </trkpt>
      <trkpt lat="49.38018305" lon="-119.9476992">
      </trkpt>
      <trkpt lat="49.38027553" lon="-119.9476756">
      </trkpt>
      <trkpt lat="49.3804127" lon="-119.94764614">
      </trkpt>
      <trkpt lat="49.38062022" lon="-119.9477337">
      </trkpt>
      <trkpt lat="49.38083423" lon="-119.94780321">
      </trkpt>
      <trkpt lat="49.38100844" lon="-119.94783201">
      </trkpt>
      <trkpt lat="49.38113572" lon="-119.94782243">
      </trkpt>
      <trkpt lat="49.38121393" lon="-119.94781656">
      </trkpt>
      <trkpt lat="49.38134504" lon="-119.94767887">
      </trkpt>
      <trkpt lat="49.38147115" lon="-119.94751889">
      </trkpt>
      <trkpt lat="49.3815982" lon="-119.94743185">
      </trkpt>
      <trkpt lat="49.38162653" lon="-119.94741245">
      </trkpt>
      <trkpt lat="49.38179776" lon="-119.94732115">
      </trkpt>
      <trkpt lat="49.38198197" lon="-119.94719372">
      </trkpt>
      <trkpt lat="49.38214117" lon="-119.94715563">
      </trkpt>
      <trkpt lat="49.38225972" lon="-119.94712862">
      </trkpt>
      <trkpt lat="49.38238413" lon="-119.94707214">
      </trkpt>
      <trkpt lat="49.38251194" lon="-119.94700948">
      </trkpt>
      <trkpt lat="49.38263305" lon="-119.94702804">
      </trkpt>
      <trkpt lat="49.38277874" lon="-119.94708353">
      </trkpt>
      <trkpt lat="49.3828809" lon="-119.94709884">
      </trkpt>
      <trkpt lat="49.38305447" lon="-119.94711625">
      </trkpt>
      <trkpt lat="49.38314173" lon="-119.9471335">
      </trkpt>
      <trkpt lat="49.38324932" lon="-119.94724564">
      </trkpt>
      <trkpt lat="49.38335766" lon="-119.94723718">
      </trkpt>
      <trkpt lat="49.38346717" lon="-119.94718265">
      </trkpt>
      <trkpt lat="49.38356039" lon="-119.94703846">
      </trkpt>
      <trkpt lat="49.38373056" lon="-119.94686121">
      </trkpt>
      <trkpt lat="49.38386453" lon="-119.94677478">
      </trkpt>
      <trkpt lat="49.3840662" lon="-119.94669097">
      </trkpt>
      <trkpt lat="49.38421838" lon="-119.94652756">
      </trkpt>
      <trkpt lat="49.38430724" lon="-119.94637244">
      </trkpt>
      <trkpt lat="49.3843547" lon="-119.94614815">
      </trkpt>
      <trkpt lat="49.38459819" lon="-119.9460072">
      </trkpt>
      <trkpt lat="49.38474484" lon="-119.94587894">
      </trkpt>
      <trkpt lat="49.38488658" lon="-119.94579723">
      </trkpt>
      <trkpt lat="49.38505632" lon="-119.94574628">
      </trkpt>
      <trkpt lat="49.38520871" lon="-119.94572055">
      </trkpt>
      <trkpt lat="49.38536143" lon="-119.94570053">
      </trkpt>
      <trkpt lat="49.38547104" lon="-119.94571486">
      </trkpt>
      <trkpt lat="49.38558512" lon="-119.94580893">
      </trkpt>
      <trkpt lat="49.38562066" lon="-119.94590756">
      </trkpt>
      <trkpt lat="49.385626" lon="-119.9459209">
      </trkpt>
      <trkpt lat="49.38559631" lon="-119.94604795">
      </trkpt>
      <trkpt lat="49.38554142" lon="-119.94609169">
      </trkpt>
      <trkpt lat="49.3854399" lon="-119.94615617">
      </trkpt>
      <trkpt lat="49.38531776" lon="-119.94619412">
      </trkpt>
      <trkpt lat="49.38512963" lon="-119.94624801">
      </trkpt>
      <trkpt lat="49.38495382" lon="-119.94635147">
      </trkpt>
      <trkpt lat="49.38484958" lon="-119.94645284">
      </trkpt>
      <trkpt lat="49.38474942" lon="-119.94662678">
      </trkpt>
      <trkpt lat="49.38467419" lon="-119.94681938">
      </trkpt>
      <trkpt lat="49.3845938" lon="-119.94700534">
      </trkpt>
      <trkpt lat="49.3845141" lon="-119.94711812">
      </trkpt>
      <trkpt lat="49.38440119" lon="-119.94723525">
      </trkpt>
      <trkpt lat="49.38429356" lon="-119.9474467">
      </trkpt>
      <trkpt lat="49.38424287" lon="-119.9476507">
      </trkpt>
      <trkpt lat="49.38423134" lon="-119.94787149">
      </trkpt>
      <trkpt lat="49.38420478" lon="-119.94807963">
      </trkpt>
      <trkpt lat="49.38412208" lon="-119.94830974">
      </trkpt>
      <trkpt lat="49.38403465" lon="-119.94854048">
      </trkpt>
      <trkpt lat="49.38398748" lon="-119.94872208">
      </trkpt>
      <trkpt lat="49.38392919" lon="-119.9488759">
      </trkpt>
      <trkpt lat="49.38386616" lon="-119.94903035">
      </trkpt>
      <trkpt lat="49.38376205" lon="-119.94921941">
      </trkpt>
      <trkpt lat="49.38366228" lon="-119.94940058">
      </trkpt>
      <trkpt lat="49.38358542" lon="-119.94956415">
      </trkpt>
      <trkpt lat="49.38354407" lon="-119.9496792">
      </trkpt>
      <trkpt lat="49.38349771" lon="-119.94987532">
      </trkpt>
      <trkpt lat="49.38346491" lon="-119.94988692">
      </trkpt>
      <trkpt lat="49.38336894" lon="-119.94996527">
      </trkpt>
      <trkpt lat="49.38332665" lon="-119.94997813">
      </trkpt>
      <trkpt lat="49.38321834" lon="-119.95000694">
      </trkpt>
      <trkpt lat="49.38308062" lon="-119.94993727">
      </trkpt>
      <trkpt lat="49.38293519" lon="-119.94972975">
      </trkpt>
      <trkpt lat="49.38285264" lon="-119.94953591">
      </trkpt>
      <trkpt lat="49.38276698" lon="-119.94937172">
      </trkpt>
      <trkpt lat="49.38265163" lon="-119.9491895">
      </trkpt>
      <trkpt lat="49.38257085" lon="-119.94911238">
      </trkpt>
      <trkpt lat="49.38246959" lon="-119.94909641">
      </trkpt>
      <trkpt lat="49.38234231" lon="-119.9491277">
      </trkpt>
      <trkpt lat="49.38217436" lon="-119.94920087">
      </trkpt>
      <trkpt lat="49.38203285" lon="-119.94923404">
      </trkpt>
      <trkpt lat="49.38187276" lon="-119.94927694">
      </trkpt>
      <trkpt lat="49.38173043" lon="-119.94929559">
      </trkpt>
      <trkpt lat="49.38159909" lon="-119.94925433">
      </trkpt>
      <trkpt lat="49.38147154" lon="-119.94911025">
      </trkpt>
      <trkpt lat="49.38131159" lon="-119.94898504">
      </trkpt>
      <trkpt lat="49.38117348" lon="-119.94890813">
      </trkpt>
      <trkpt lat="49.38105256" lon="-119.94896782">
      </trkpt>
      <trkpt lat="49.38094398" lon="-119.94907706">
      </trkpt>
      <trkpt lat="49.38083811" lon="-119.9491494">
      </trkpt>
      <trkpt lat="49.38074323" lon="-119.94916183">
      </trkpt>
      <trkpt lat="49.3806146" lon="-119.94908368">
      </trkpt>
      <trkpt lat="49.38044828" lon="-119.94893006">
      </trkpt>
      <trkpt lat="49.38028888" lon="-119.94889979">
      </trkpt>
      <trkpt lat="49.38010344" lon="-119.94891679">
      </trkpt>
      <trkpt lat="49.37995122" lon="-119.94892941">
      </trkpt>
      <trkpt lat="49.37981242" lon="-119.94892568">
      </trkpt>
      <trkpt lat="49.37963456" lon="-119.94893768">
      </trkpt>
      <trkpt lat="49.37963768" lon="-119.9489389">
      </trkpt>
      <trkpt lat="49.3796528" lon="-119.94895616">
      </trkpt>
      <trkpt lat="49.37967157" lon="-119.94898255">
      </trkpt>
      <trkpt lat="49.3796854" lon="-119.94900478">
      </trkpt>
      <trkpt lat="49.37969537" lon="-119.9490143">
      </trkpt>
      <trkpt lat="49.3797069" lon="-119.94902362">
      </trkpt>
      <trkpt lat="49.37973132" lon="-119.94903844">
      </trkpt>
      <trkpt lat="49.37974624" lon="-119.94905212">
      </trkpt>
      <trkpt lat="49.37976624" lon="-119.94907235">
      </trkpt>
      <trkpt lat="49.37977407" lon="-119.94908575">
      </trkpt>
      <trkpt lat="49.37978383" lon="-119.94909168">
      </trkpt>
      <trkpt lat="49.37979554" lon="-119.94909015">
      </trkpt>
      <trkpt lat="49.37981017" lon="-119.94908463">
      </trkpt>
      <trkpt lat="49.37982571" lon="-119.94908139">
      </trkpt>
      <trkpt lat="49.37983722" lon="-119.94907628">
      </trkpt>
      <trkpt lat="49.37985259" lon="-119.94908388">
      </trkpt>
      <trkpt lat="49.37986438" lon="-119.94909796">
      </trkpt>
      <trkpt lat="49.37987222" lon="-119.94911137">
      </trkpt>
      <trkpt lat="49.37988992" lon="-119.94911866">
      </trkpt>
      <trkpt lat="49.37991147" lon="-119.94912427">
      </trkpt>
      <trkpt lat="49.37993231" lon="-119.94914558">
      </trkpt>
      <trkpt lat="49.37994632" lon="-119.94915698">
      </trkpt>
      <trkpt lat="49.37996657" lon="-119.94916754">
      </trkpt>
      <trkpt lat="49.379982" lon="-119.94917635">
      </trkpt>
      <trkpt lat="49.38000425" lon="-119.94918064">
      </trkpt>
      <trkpt lat="49.38004161" lon="-119.94918777">
      </trkpt>
      <trkpt lat="49.38005795" lon="-119.94919885">
      </trkpt>
      <trkpt lat="49.38007287" lon="-119.94921253">
      </trkpt>
      <trkpt lat="49.38008654" lon="-119.94921795">
      </trkpt>
      <trkpt lat="49.38010472" lon="-119.9492336">
      </trkpt>
      <trkpt lat="49.38012751" lon="-119.94924745">
      </trkpt>
      <trkpt lat="49.3801507" lon="-119.94926846">
      </trkpt>
      <trkpt lat="49.38017726" lon="-119.94927941">
      </trkpt>
      <trkpt lat="49.38019341" lon="-119.94928692">
      </trkpt>
      <trkpt lat="49.38021651" lon="-119.94929231">
      </trkpt>
      <trkpt lat="49.38023917" lon="-119.94930377">
      </trkpt>
      <trkpt lat="49.38025975" lon="-119.94932032">
      </trkpt>
      <trkpt lat="49.38027975" lon="-119.94934054">
      </trkpt>
      <trkpt lat="49.38029644" lon="-119.94935759">
      </trkpt>
      <trkpt lat="49.38031154" lon="-119.94936042">
      </trkpt>
      <trkpt lat="49.38033015" lon="-119.94937001">
      </trkpt>
      <trkpt lat="49.38034311" lon="-119.94937672">
      </trkpt>
      <trkpt lat="49.38036057" lon="-119.94939368">
      </trkpt>
      <trkpt lat="49.38037691" lon="-119.94940477">
      </trkpt>
      <trkpt lat="49.38039554" lon="-119.94941434">
      </trkpt>
      <trkpt lat="49.3804124" lon="-119.94942056">
      </trkpt>
      <trkpt lat="49.38043642" lon="-119.94942822">
      </trkpt>
      <trkpt lat="49.38046284" lon="-119.94943679">
      </trkpt>
      <trkpt lat="49.38047424" lon="-119.94944371">
      </trkpt>
      <trkpt lat="49.38049072" lon="-119.94945718">
      </trkpt>
      <trkpt lat="49.38051286" lon="-119.94947352">
      </trkpt>
      <trkpt lat="49.38052804" lon="-119.94949197">
      </trkpt>
      <trkpt lat="49.3805468" lon="-119.94950395">
      </trkpt>
      <trkpt lat="49.38056099" lon="-119.94950449">
      </trkpt>
      <trkpt lat="49.38058293" lon="-119.94951724">
      </trkpt>
      <trkpt lat="49.38060545" lon="-119.94952632">
      </trkpt>
      <trkpt lat="49.38063286" lon="-119.94953836">
      </trkpt>
      <trkpt lat="49.3806464" lon="-119.9495414">
      </trkpt>
      <trkpt lat="49.38066477" lon="-119.94956063">
      </trkpt>
      <trkpt lat="49.38068335" lon="-119.94958344">
      </trkpt>
      <trkpt lat="49.38070647" lon="-119.94960326">
      </trkpt>
      <trkpt lat="49.38073857" lon="-119.94961469">
      </trkpt>
      <trkpt lat="49.3807519" lon="-119.94961414">
      </trkpt>
      <trkpt lat="49.38077007" lon="-119.9496298">
      </trkpt>
      <trkpt lat="49.38080138" lon="-119.94964133">
      </trkpt>
      <trkpt lat="49.38082825" lon="-119.94964382">
      </trkpt>
      <trkpt lat="49.38084494" lon="-119.94966087">
      </trkpt>
      <trkpt lat="49.38086637" lon="-119.94967851">
      </trkpt>
      <trkpt lat="49.38088653" lon="-119.94967346">
      </trkpt>
      <trkpt lat="49.3808998" lon="-119.94967172">
      </trkpt>
      <trkpt lat="49.38091139" lon="-119.94968223">
      </trkpt>
      <trkpt lat="49.38092937" lon="-119.9496943">
      </trkpt>
      <trkpt lat="49.38094467" lon="-119.94970072">
      </trkpt>
      <trkpt lat="49.38095359" lon="-119.94970556">
      </trkpt>
      <trkpt lat="49.38096429" lon="-119.9497282">
      </trkpt>
      <trkpt lat="49.38097954" lon="-119.94974785">
      </trkpt>
      <trkpt lat="49.38099314" lon="-119.94975209">
      </trkpt>
      <trkpt lat="49.38100799" lon="-119.94976456">
      </trkpt>
      <trkpt lat="49.38102947" lon="-119.94976897">
      </trkpt>
      <trkpt lat="49.38105098" lon="-119.94978779">
      </trkpt>
      <trkpt lat="49.38107721" lon="-119.9498072">
      </trkpt>
      <trkpt lat="49.38109865" lon="-119.94982483">
      </trkpt>
      <trkpt lat="49.38112001" lon="-119.94984127">
      </trkpt>
      <trkpt lat="49.38113395" lon="-119.94985146">
      </trkpt>
      <trkpt lat="49.38115342" lon="-119.94986214">
      </trkpt>
      <trkpt lat="49.38117275" lon="-119.94987044">
      </trkpt>
      <trkpt lat="49.38118687" lon="-119.94986979">
      </trkpt>
      <trkpt lat="49.38119976" lon="-119.94987531">
      </trkpt>
      <trkpt lat="49.38121716" lon="-119.94989107">
      </trkpt>
      <trkpt lat="49.38123662" lon="-119.94990174">
      </trkpt>
      <trkpt lat="49.3812525" lon="-119.94990448">
      </trkpt>
      <trkpt lat="49.38126677" lon="-119.94992065">
      </trkpt>
      <trkpt lat="49.38128389" lon="-119.94993162">
      </trkpt>
      <trkpt lat="49.38130147" lon="-119.94993654">
      </trkpt>
      <trkpt lat="49.38131684" lon="-119.94994414">
      </trkpt>
      <trkpt lat="49.38133528" lon="-119.94996457">
      </trkpt>
      <trkpt lat="49.38135106" lon="-119.94999377">
      </trkpt>
      <trkpt lat="49.38137101" lon="-119.9500128">
      </trkpt>
      <trkpt lat="49.38138579" lon="-119.95002408">
      </trkpt>
      <trkpt lat="49.38140356" lon="-119.95003258">
      </trkpt>
      <trkpt lat="49.38141658" lon="-119.95004049">
      </trkpt>
      <trkpt lat="49.3814369" lon="-119.95005226">
      </trkpt>
      <trkpt lat="49.38145532" lon="-119.95005827">
      </trkpt>
      <trkpt lat="49.38147171" lon="-119.95005613">
      </trkpt>
      <trkpt lat="49.38149129" lon="-119.95005476">
      </trkpt>
      <trkpt lat="49.38151022" lon="-119.95005589">
      </trkpt>
      <trkpt lat="49.38153462" lon="-119.95005629">
      </trkpt>
      <trkpt lat="49.38155596" lon="-119.95005831">
      </trkpt>
      <trkpt lat="49.3815771" lon="-119.95005674">
      </trkpt>
      <trkpt lat="49.38159668" lon="-119.95005537">
      </trkpt>
      <trkpt lat="49.38161789" lon="-119.950055">
      </trkpt>
      <trkpt lat="49.38163904" lon="-119.95005344">
      </trkpt>
      <trkpt lat="49.38166011" lon="-119.95005068">
      </trkpt>
      <trkpt lat="49.38167976" lon="-119.95005051">
      </trkpt>
      <trkpt lat="49.38169706" lon="-119.95005065">
      </trkpt>
      <trkpt lat="49.38171521" lon="-119.95005187">
      </trkpt>
      <trkpt lat="49.38173486" lon="-119.9500517">
      </trkpt>
      <trkpt lat="49.3817506" lon="-119.95005204">
      </trkpt>
      <trkpt lat="49.38177031" lon="-119.95005307">
      </trkpt>
      <trkpt lat="49.38179088" lon="-119.95005519">
      </trkpt>
      <trkpt lat="49.38181086" lon="-119.95006099">
      </trkpt>
      <trkpt lat="49.38182426" lon="-119.95006163">
      </trkpt>
      <trkpt lat="49.38183329" lon="-119.95005444">
      </trkpt>
      <trkpt lat="49.38184792" lon="-119.95004892">
      </trkpt>
      <trkpt lat="49.38186288" lon="-119.95004936">
      </trkpt>
      <trkpt lat="49.38187942" lon="-119.9500496">
      </trkpt>
      <trkpt lat="49.38189895" lon="-119.95006148">
      </trkpt>
      <trkpt lat="49.38191594" lon="-119.95007006">
      </trkpt>
      <trkpt lat="49.38193795" lon="-119.95008402">
      </trkpt>
      <trkpt lat="49.38194955" lon="-119.95009453">
      </trkpt>
      <trkpt lat="49.38196843" lon="-119.95010888">
      </trkpt>
      <trkpt lat="49.38198792" lon="-119.95013399">
      </trkpt>
      <trkpt lat="49.38200441" lon="-119.95014746">
      </trkpt>
      <trkpt lat="49.38202153" lon="-119.95015844">
      </trkpt>
      <trkpt lat="49.38204531" lon="-119.95017576">
      </trkpt>
      <trkpt lat="49.38205727" lon="-119.950179">
      </trkpt>
      <trkpt lat="49.38206765" lon="-119.95019568">
      </trkpt>
      <trkpt lat="49.38207869" lon="-119.9502243">
      </trkpt>
      <trkpt lat="49.38209557" lon="-119.95024494">
      </trkpt>
      <trkpt lat="49.38212451" lon="-119.95028443">
      </trkpt>
      <trkpt lat="49.38213865" lon="-119.95029822">
      </trkpt>
      <trkpt lat="49.38214987" lon="-119.95031599">
      </trkpt>
      <trkpt lat="49.3821622" lon="-119.95033962">
      </trkpt>
      <trkpt lat="49.38217341" lon="-119.95035739">
      </trkpt>
      <trkpt lat="49.38218626" lon="-119.95037615">
      </trkpt>
      <trkpt lat="49.3822006" lon="-119.95039351">
      </trkpt>
      <trkpt lat="49.38221422" lon="-119.95041217">
      </trkpt>
      <trkpt lat="49.38222513" lon="-119.95043839">
      </trkpt>
      <trkpt lat="49.38225044" lon="-119.95048318">
      </trkpt>
      <trkpt lat="49.38226413" lon="-119.95050303">
      </trkpt>
      <trkpt lat="49.38227358" lon="-119.95051741">
      </trkpt>
      <trkpt lat="49.38228337" lon="-119.95053777">
      </trkpt>
      <trkpt lat="49.38229317" lon="-119.95055815">
      </trkpt>
      <trkpt lat="49.3823096" lon="-119.95058485">
      </trkpt>
      <trkpt lat="49.38232461" lon="-119.95061414">
      </trkpt>
      <trkpt lat="49.38233218" lon="-119.95063721">
      </trkpt>
      <trkpt lat="49.3823498" lon="-119.95067096">
      </trkpt>
      <trkpt lat="49.3823721" lon="-119.95070412">
      </trkpt>
      <trkpt lat="49.38238163" lon="-119.95071971">
      </trkpt>
      <trkpt lat="49.38239989" lon="-119.95075099">
      </trkpt>
      <trkpt lat="49.38241164" lon="-119.9507783">
      </trkpt>
      <trkpt lat="49.38242098" lon="-119.95080473">
      </trkpt>
      <trkpt lat="49.38242608" lon="-119.95082572">
      </trkpt>
      <trkpt lat="49.3824373" lon="-119.95084348">
      </trkpt>
      <trkpt lat="49.38244649" lon="-119.9508531">
      </trkpt>
      <trkpt lat="49.38245367" lon="-119.950869">
      </trkpt>
      <trkpt lat="49.38247109" lon="-119.95089917">
      </trkpt>
      <trkpt lat="49.38247613" lon="-119.95091896">
      </trkpt>
      <trkpt lat="49.38248618" lon="-119.9509441">
      </trkpt>
      <trkpt lat="49.38249686" lon="-119.95095232">
      </trkpt>
      <trkpt lat="49.38250608" lon="-119.95097636">
      </trkpt>
      <trkpt lat="49.38251841" lon="-119.951">
      </trkpt>
      <trkpt lat="49.38253458" lon="-119.95102193">
      </trkpt>
      <trkpt lat="49.38254963" lon="-119.951038">
      </trkpt>
      <trkpt lat="49.38256526" lon="-119.95105037">
      </trkpt>
      <trkpt lat="49.38258316" lon="-119.95106126">
      </trkpt>
      <trkpt lat="49.38259601" lon="-119.95108002">
      </trkpt>
      <trkpt lat="49.38260957" lon="-119.95109748">
      </trkpt>
      <trkpt lat="49.38262489" lon="-119.95111832">
      </trkpt>
      <trkpt lat="49.38263488" lon="-119.95114226">
      </trkpt>
      <trkpt lat="49.38264194" lon="-119.9511702">
      </trkpt>
      <trkpt lat="49.38265031" lon="-119.95119315">
      </trkpt>
      <trkpt lat="49.38266445" lon="-119.95120694">
      </trkpt>
      <trkpt lat="49.38268451" lon="-119.95122835">
      </trkpt>
      <trkpt lat="49.38270838" lon="-119.95126131">
      </trkpt>
      <trkpt lat="49.3827243" lon="-119.95129288">
      </trkpt>
      <trkpt lat="49.38274185" lon="-119.95136754">
      </trkpt>
      <trkpt lat="49.38275295" lon="-119.95139736">
      </trkpt>
      <trkpt lat="49.38275973" lon="-119.95144817">
      </trkpt>
      <trkpt lat="49.38277072" lon="-119.95149002">
      </trkpt>
      <trkpt lat="49.38278171" lon="-119.95153188">
      </trkpt>
      <trkpt lat="49.3827944" lon="-119.95157591">
      </trkpt>
      <trkpt lat="49.38280682" lon="-119.95161516">
      </trkpt>
      <trkpt lat="49.38282207" lon="-119.95163481">
      </trkpt>
      <trkpt lat="49.38283853" lon="-119.95167594">
      </trkpt>
      <trkpt lat="49.38284599" lon="-119.95171104">
      </trkpt>
      <trkpt lat="49.38285209" lon="-119.95173549">
      </trkpt>
      <trkpt lat="49.382859" lon="-119.95174662">
      </trkpt>
      <trkpt lat="49.38286301" lon="-119.95177615">
      </trkpt>
      <trkpt lat="49.38287536" lon="-119.95181421">
      </trkpt>
      <trkpt lat="49.38288095" lon="-119.95185797">
      </trkpt>
      <trkpt lat="49.38289153" lon="-119.95187823">
      </trkpt>
      <trkpt lat="49.38290132" lon="-119.95189859">
      </trkpt>
      <trkpt lat="49.3828995" lon="-119.95190845">
      </trkpt>
      <trkpt lat="49.38290823" lon="-119.9519518">
      </trkpt>
      <trkpt lat="49.38291326" lon="-119.95197158">
      </trkpt>
      <trkpt lat="49.38291851" lon="-119.95199494">
      </trkpt>
      <trkpt lat="49.38292328" lon="-119.95200995">
      </trkpt>
      <trkpt lat="49.38293366" lon="-119.95204106">
      </trkpt>
      <trkpt lat="49.38294807" lon="-119.95205962">
      </trkpt>
      <trkpt lat="49.38295806" lon="-119.95208356">
      </trkpt>
      <trkpt lat="49.38296707" lon="-119.95210402">
      </trkpt>
      <trkpt lat="49.38297628" lon="-119.95212807">
      </trkpt>
      <trkpt lat="49.38298582" lon="-119.95215809">
      </trkpt>
      <trkpt lat="49.38299275" lon="-119.95218363">
      </trkpt>
      <trkpt lat="49.38299776" lon="-119.95221665">
      </trkpt>
      <trkpt lat="49.38300306" lon="-119.9522412">
      </trkpt>
      <trkpt lat="49.38301945" lon="-119.95228114">
      </trkpt>
      <trkpt lat="49.38302749" lon="-119.95231255">
      </trkpt>
      <trkpt lat="49.38303619" lon="-119.95234148">
      </trkpt>
      <trkpt lat="49.38304703" lon="-119.95236651">
      </trkpt>
      <trkpt lat="49.38306139" lon="-119.9523983">
      </trkpt>
      <trkpt lat="49.3830743" lon="-119.95241825">
      </trkpt>
      <trkpt lat="49.38308496" lon="-119.95245414">
      </trkpt>
      <trkpt lat="49.38309502" lon="-119.95247927">
      </trkpt>
      <trkpt lat="49.38311497" lon="-119.95251273">
      </trkpt>
      <trkpt lat="49.38313082" lon="-119.95254312">
      </trkpt>
      <trkpt lat="49.38314498" lon="-119.95257133">
      </trkpt>
      <trkpt lat="49.38315732" lon="-119.95259497">
      </trkpt>
      <trkpt lat="49.38317063" lon="-119.95262209">
      </trkpt>
      <trkpt lat="49.38319138" lon="-119.95266987">
      </trkpt>
      <trkpt lat="49.38320639" lon="-119.95269917">
      </trkpt>
      <trkpt lat="49.38322015" lon="-119.95272022">
      </trkpt>
      <trkpt lat="49.38323605" lon="-119.95273738">
      </trkpt>
      <trkpt lat="49.38325978" lon="-119.95276793">
      </trkpt>
      <trkpt lat="49.38327037" lon="-119.95280262">
      </trkpt>
      <trkpt lat="49.38328212" lon="-119.95282993">
      </trkpt>
      <trkpt lat="49.38330105" lon="-119.95287316">
      </trkpt>
      <trkpt lat="49.38331619" lon="-119.95290484">
      </trkpt>
      <trkpt lat="49.38333642" lon="-119.95294307">
      </trkpt>
      <trkpt lat="49.38335612" lon="-119.9529862">
      </trkpt>
      <trkpt lat="49.38336565" lon="-119.95300177">
      </trkpt>
      <trkpt lat="49.38337907" lon="-119.95301685">
      </trkpt>
      <trkpt lat="49.38338373" lon="-119.95304391">
      </trkpt>
      <trkpt lat="49.38339372" lon="-119.95306785">
      </trkpt>
      <trkpt lat="49.38340382" lon="-119.95307976">
      </trkpt>
      <trkpt lat="49.38341345" lon="-119.9530833">
      </trkpt>
      <trkpt lat="49.38342057" lon="-119.95309801">
      </trkpt>
      <trkpt lat="49.38342971" lon="-119.95312086">
      </trkpt>
      <trkpt lat="49.38344538" lon="-119.95316209">
      </trkpt>
      <trkpt lat="49.38345095" lon="-119.95319142">
      </trkpt>
      <trkpt lat="49.38347063" lon="-119.95324777">
      </trkpt>
      <trkpt lat="49.38348601" lon="-119.9532698">
      </trkpt>
      <trkpt lat="49.38350381" lon="-119.95329273">
      </trkpt>
      <trkpt lat="49.38351823" lon="-119.9533257">
      </trkpt>
      <trkpt lat="49.38353141" lon="-119.95335044">
      </trkpt>
      <trkpt lat="49.38355507" lon="-119.9533798">
      </trkpt>
      <trkpt lat="49.38357525" lon="-119.95338919">
      </trkpt>
      <trkpt lat="49.38359778" lon="-119.95339826">
      </trkpt>
      <trkpt lat="49.38361229" lon="-119.95340478">
      </trkpt>
      <trkpt lat="49.38362835" lon="-119.95339667">
      </trkpt>
      <trkpt lat="49.38363821" lon="-119.95337614">
      </trkpt>
      <trkpt lat="49.38364046" lon="-119.95336021">
      </trkpt>
      <trkpt lat="49.38364383" lon="-119.95335014">
      </trkpt>
      <trkpt lat="49.38365273" lon="-119.95334062">
      </trkpt>
      <trkpt lat="49.3837702" lon="-119.95329555">
      </trkpt>
      <trkpt lat="49.3838141" lon="-119.9532281">
      </trkpt>
      <trkpt lat="49.38386591" lon="-119.95317084">
      </trkpt>
      <trkpt lat="49.38391013" lon="-119.95310895">
      </trkpt>
      <trkpt lat="49.38396672" lon="-119.95300618">
      </trkpt>
      <trkpt lat="49.3840021" lon="-119.9529174">
      </trkpt>
      <trkpt lat="49.38400034" lon="-119.95275496">
      </trkpt>
      <trkpt lat="49.38399837" lon="-119.95245793">
      </trkpt>
      <trkpt lat="49.38403355" lon="-119.95223456">
      </trkpt>
      <trkpt lat="49.38404853" lon="-119.95210919">
      </trkpt>
      <trkpt lat="49.3839726" lon="-119.95186671">
      </trkpt>
      <trkpt lat="49.38387046" lon="-119.95174547">
      </trkpt>
      <trkpt lat="49.38376051" lon="-119.95168134">
      </trkpt>
      <trkpt lat="49.38369518" lon="-119.95162819">
      </trkpt>
      <trkpt lat="49.38358668" lon="-119.95152461">
      </trkpt>
      <trkpt lat="49.38351616" lon="-119.9514441">
      </trkpt>
      <trkpt lat="49.38342129" lon="-119.95132191">
      </trkpt>
      <trkpt lat="49.38337957" lon="-119.95123201">
      </trkpt>
      <trkpt lat="49.3833336" lon="-119.95113146">
      </trkpt>
      <trkpt lat="49.38330614" lon="-119.95103409">
      </trkpt>
      <trkpt lat="49.38328076" lon="-119.95090839">
      </trkpt>
      <trkpt lat="49.38327359" lon="-119.95078033">
      </trkpt>
      <trkpt lat="49.38328181" lon="-119.95059975">
      </trkpt>
      <trkpt lat="49.38332291" lon="-119.95048218">
      </trkpt>
      <trkpt lat="49.38337617" lon="-119.95038546">
      </trkpt>
      <trkpt lat="49.38342455" lon="-119.95026692">
      </trkpt>
      <trkpt lat="49.38346595" lon="-119.95015492">
      </trkpt>
      <trkpt lat="49.38349248" lon="-119.95003926">
      </trkpt>
      <trkpt lat="49.38349301" lon="-119.9499831">
      </trkpt>
      <trkpt lat="49.38349771" lon="-119.94987532">
      </trkpt>
    </trkseg>
    <trkseg>
      <trkpt lat="49.38044604" lon="-119.94545157">
      </trkpt>
      <trkpt lat="49.38032724" lon="-119.9453851">
      </trkpt>
      <trkpt lat="49.38021198" lon="-119.9453371">
      </trkpt>
      <trkpt lat="49.38014419" lon="-119.94526566">
      </trkpt>
      <trkpt lat="49.38000893" lon="-119.94512847">
      </trkpt>
      <trkpt lat="49.37988899" lon="-119.94506385">
      </trkpt>
      <trkpt lat="49.37972277" lon="-119.94497664">
      </trkpt>
      <trkpt lat="49.37953387" lon="-119.94488665">
      </trkpt>
      <trkpt lat="49.37936083" lon="-119.94481179">
      </trkpt>
      <trkpt lat="49.37917001" lon="-119.94468762">
      </trkpt>
      <trkpt lat="49.37904433" lon="-119.9445205">
      </trkpt>
      <trkpt lat="49.37892077" lon="-119.94432439">
      </trkpt>
      <trkpt lat="49.37882445" lon="-119.94407883">
      </trkpt>
      <trkpt lat="49.37869003" lon="-119.9438899">
      </trkpt>
      <trkpt lat="49.37846836" lon="-119.94368372">
      </trkpt>
      <trkpt lat="49.37830883" lon="-119.9435153">
      </trkpt>
      <trkpt lat="49.37816016" lon="-119.9433397">
      </trkpt>
      <trkpt lat="49.37798423" lon="-119.9432136">
      </trkpt>
      <trkpt lat="49.37783003" lon="-119.94307317">
      </trkpt>
      <trkpt lat="49.37765592" lon="-119.9429124">
      </trkpt>
      <trkpt lat="49.37745935" lon="-119.94268573">
      </trkpt>
      <trkpt lat="49.37725501" lon="-119.94245434">
      </trkpt>
      <trkpt lat="49.37708984" lon="-119.94225223">
      </trkpt>
      <trkpt lat="49.37691605" lon="-119.94209716">
      </trkpt>
      <trkpt lat="49.37672331" lon="-119.94193885">
      </trkpt>
      <trkpt lat="49.37656261" lon="-119.94181649">
      </trkpt>
      <trkpt lat="49.37649578" lon="-119.94176214">
      </trkpt>
      <trkpt lat="49.37639275" lon="-119.9415978">
      </trkpt>
      <trkpt lat="49.37628824" lon="-119.9414738">
      </trkpt>
      <trkpt lat="49.37619969" lon="-119.94143378">
      </trkpt>
      <trkpt lat="49.37607582" lon="-119.94143283">
      </trkpt>
      <trkpt lat="49.37596461" lon="-119.94139003">
      </trkpt>
      <trkpt lat="49.37584095" lon="-119.94132594">
      </trkpt>
      <trkpt lat="49.37571505" lon="-119.94122196">
      </trkpt>
      <trkpt lat="49.37561266" lon="-119.94106901">
      </trkpt>
      <trkpt lat="49.37547303" lon="-119.94092094">
      </trkpt>
      <trkpt lat="49.37529242" lon="-119.94077825">
      </trkpt>
      <trkpt lat="49.37516376" lon="-119.94069186">
      </trkpt>
      <trkpt lat="49.37501615" lon="-119.94060222">
      </trkpt>
      <trkpt lat="49.37490855" lon="-119.94049012">
      </trkpt>
      <trkpt lat="49.37478041" lon="-119.94034628">
      </trkpt>
      <trkpt lat="49.37472825" lon="-119.94015231">
      </trkpt>
      <trkpt lat="49.37471142" lon="-119.9399193">
      </trkpt>
      <trkpt lat="49.37469927" lon="-119.93970287">
      </trkpt>
      <trkpt lat="49.37469213" lon="-119.93950875">
      </trkpt>
      <trkpt lat="49.37465987" lon="-119.93933512">
      </trkpt>
      <trkpt lat="49.37458781" lon="-119.93912082">
      </trkpt>
      <trkpt lat="49.37455567" lon="-119.93901602">
      </trkpt>
      <trkpt lat="49.37448553" lon="-119.9390367">
      </trkpt>
      <trkpt lat="49.37440391" lon="-119.93905316">
      </trkpt>
      <trkpt lat="49.37433442" lon="-119.93908523">
      </trkpt>
      <trkpt lat="49.37425642" lon="-119.93923315">
      </trkpt>
      <trkpt lat="49.3742624" lon="-119.93947333">
      </trkpt>
      <trkpt lat="49.37430381" lon="-119.93974329">
      </trkpt>
      <trkpt lat="49.37434151" lon="-119.94001373">
      </trkpt>
      <trkpt lat="49.37435962" lon="-119.94026954">
      </trkpt>
      <trkpt lat="49.37435473" lon="-119.94051688">
      </trkpt>
      <trkpt lat="49.37431857" lon="-119.94080849">
      </trkpt>
      <trkpt lat="49.37429283" lon="-119.94101841">
      </trkpt>
      <trkpt lat="49.37420397" lon="-119.94117349">
      </trkpt>
      <trkpt lat="49.37402742" lon="-119.94123681">
      </trkpt>
      <trkpt lat="49.3738347" lon="-119.9412793">
      </trkpt>
      <trkpt lat="49.37368975" lon="-119.94130406">
      </trkpt>
      <trkpt lat="49.37361589" lon="-119.94132523">
      </trkpt>
      <trkpt lat="49.37348372" lon="-119.94137699">
      </trkpt>
      <trkpt lat="49.37332644" lon="-119.94144926">
      </trkpt>
      <trkpt lat="49.37311509" lon="-119.94149419">
      </trkpt>
      <trkpt lat="49.37297355" lon="-119.94151276">
      </trkpt>
      <trkpt lat="49.37278912" lon="-119.94150252">
      </trkpt>
      <trkpt lat="49.37266173" lon="-119.94143892">
      </trkpt>
      <trkpt lat="49.3725254" lon="-119.94141665">
      </trkpt>
      <trkpt lat="49.37239004" lon="-119.94141145">
      </trkpt>
      <trkpt lat="49.37219656" lon="-119.94137372">
      </trkpt>
      <trkpt lat="49.37204746" lon="-119.94132444">
      </trkpt>
      <trkpt lat="49.37187229" lon="-119.94127857">
      </trkpt>
      <trkpt lat="49.3717781" lon="-119.94120487">
      </trkpt>
      <trkpt lat="49.37168541" lon="-119.94109083">
      </trkpt>
      <trkpt lat="49.37161633" lon="-119.94099662">
      </trkpt>
      <trkpt lat="49.37154492" lon="-119.94099452">
      </trkpt>
      <trkpt lat="49.3714997" lon="-119.94105781">
      </trkpt>
      <trkpt lat="49.3714865" lon="-119.94115708">
      </trkpt>
      <trkpt lat="49.37154323" lon="-119.94129878">
      </trkpt>
      <trkpt lat="49.37163785" lon="-119.94144701">
      </trkpt>
      <trkpt lat="49.37171203" lon="-119.94163233">
      </trkpt>
      <trkpt lat="49.37177941" lon="-119.94183004">
      </trkpt>
      <trkpt lat="49.3718173" lon="-119.94203733">
      </trkpt>
      <trkpt lat="49.37186169" lon="-119.94222656">
      </trkpt>
      <trkpt lat="49.37199014" lon="-119.94237608">
      </trkpt>
      <trkpt lat="49.37216671" lon="-119.94251357">
      </trkpt>
      <trkpt lat="49.37228889" lon="-119.94261803">
      </trkpt>
      <trkpt lat="49.37238286" lon="-119.94275485">
      </trkpt>
      <trkpt lat="49.37243948" lon="-119.94282776">
      </trkpt>
      <trkpt lat="49.37246226" lon="-119.94289934">
      </trkpt>
      <trkpt lat="49.37242075" lon="-119.94296216">
      </trkpt>
      <trkpt lat="49.37235775" lon="-119.94297615">
      </trkpt>
      <trkpt lat="49.37221493" lon="-119.94297195">
      </trkpt>
      <trkpt lat="49.37210404" lon="-119.94293484">
      </trkpt>
      <trkpt lat="49.37195037" lon="-119.94293779">
      </trkpt>
      <trkpt lat="49.37181223" lon="-119.94295017">
      </trkpt>
      <trkpt lat="49.37170911" lon="-119.9429178">
      </trkpt>
      <trkpt lat="49.37160587" lon="-119.9428166">
      </trkpt>
      <trkpt lat="49.37152255" lon="-119.94273574">
      </trkpt>
      <trkpt lat="49.37145103" lon="-119.9426648">
      </trkpt>
      <trkpt lat="49.37140133" lon="-119.94264837">
      </trkpt>
      <trkpt lat="49.3713561" lon="-119.94271166">
      </trkpt>
      <trkpt lat="49.37134759" lon="-119.94282752">
      </trkpt>
      <trkpt lat="49.37135281" lon="-119.94298747">
      </trkpt>
      <trkpt lat="49.37136495" lon="-119.94320388">
      </trkpt>
      <trkpt lat="49.37141082" lon="-119.94335276">
      </trkpt>
      <trkpt lat="49.37151481" lon="-119.94353418">
      </trkpt>
      <trkpt lat="49.37158058" lon="-119.9437034">
      </trkpt>
      <trkpt lat="49.3716373" lon="-119.94384512">
      </trkpt>
      <trkpt lat="49.37169243" lon="-119.94395836">
      </trkpt>
      <trkpt lat="49.3717299" lon="-119.94409114">
      </trkpt>
      <trkpt lat="49.37174534" lon="-119.94423254">
      </trkpt>
      <trkpt lat="49.37170107" lon="-119.94431292">
      </trkpt>
      <trkpt lat="49.37160944" lon="-119.94428478">
      </trkpt>
      <trkpt lat="49.37149237" lon="-119.94427145">
      </trkpt>
      <trkpt lat="49.37139893" lon="-119.94427795">
      </trkpt>
      <trkpt lat="49.37123685" lon="-119.94426479">
      </trkpt>
      <trkpt lat="49.37111319" lon="-119.94420069">
      </trkpt>
      <trkpt lat="49.37100006" lon="-119.94412373">
      </trkpt>
      <trkpt lat="49.37090981" lon="-119.94398641">
      </trkpt>
      <trkpt lat="49.37078657" lon="-119.94379603">
      </trkpt>
      <trkpt lat="49.37073197" lon="-119.94362535">
      </trkpt>
      <trkpt lat="49.37066674" lon="-119.94359949">
      </trkpt>
      <trkpt lat="49.37057095" lon="-119.94369811">
      </trkpt>
      <trkpt lat="49.37055915" lon="-119.94388896">
      </trkpt>
      <trkpt lat="49.37058406" lon="-119.94413238">
      </trkpt>
      <trkpt lat="49.37070603" lon="-119.94429996">
      </trkpt>
      <trkpt lat="49.3707984" lon="-119.94440833">
      </trkpt>
      <trkpt lat="49.37094325" lon="-119.94451554">
      </trkpt>
      <trkpt lat="49.37113151" lon="-119.94459414">
      </trkpt>
      <trkpt lat="49.37134488" lon="-119.9446522">
      </trkpt>
      <trkpt lat="49.37155921" lon="-119.94472737">
      </trkpt>
      <trkpt lat="49.37174482" lon="-119.94489236">
      </trkpt>
      <trkpt lat="49.37186603" lon="-119.94497973">
      </trkpt>
      <trkpt lat="49.37198385" lon="-119.94507329">
      </trkpt>
      <trkpt lat="49.37212922" lon="-119.94512307">
      </trkpt>
      <trkpt lat="49.37223478" lon="-119.94513218">
      </trkpt>
      <trkpt lat="49.37231641" lon="-119.94511575">
      </trkpt>
      <trkpt lat="49.37242039" lon="-119.94509638">
      </trkpt>
      <trkpt lat="49.37250158" lon="-119.94500542">
      </trkpt>
      <trkpt lat="49.37257033" lon="-119.94489314">
      </trkpt>
      <trkpt lat="49.37262779" lon="-119.94471349">
      </trkpt>
      <trkpt lat="49.37265588" lon="-119.94461228">
      </trkpt>
      <trkpt lat="49.37269324" lon="-119.94447542">
      </trkpt>
      <trkpt lat="49.37273558" lon="-119.94436088">
      </trkpt>
      <trkpt lat="49.37279316" lon="-119.94425006">
      </trkpt>
      <trkpt lat="49.37287819" lon="-119.94422744">
      </trkpt>
      <trkpt lat="49.37304644" lon="-119.94421685">
      </trkpt>
      <trkpt lat="49.37316543" lon="-119.94426436">
      </trkpt>
      <trkpt lat="49.37336634" lon="-119.94430112">
      </trkpt>
      <trkpt lat="49.37358515" lon="-119.94425521">
      </trkpt>
      <trkpt lat="49.37379213" lon="-119.94419939">
      </trkpt>
      <trkpt lat="49.37396188" lon="-119.94414845">
      </trkpt>
      <trkpt lat="49.37403286" lon="-119.94407604">
      </trkpt>
      <trkpt lat="49.37411842" lon="-119.94399596">
      </trkpt>
      <trkpt lat="49.37423781" lon="-119.94391719">
      </trkpt>
      <trkpt lat="49.37439862" lon="-119.94390758">
      </trkpt>
      <trkpt lat="49.37456443" lon="-119.94392027">
      </trkpt>
      <trkpt lat="49.37476375" lon="-119.94392856">
      </trkpt>
      <trkpt lat="49.37497362" lon="-119.94392398">
      </trkpt>
      <trkpt lat="49.37517571" lon="-119.9439147">
      </trkpt>
      <trkpt lat="49.37533065" lon="-119.94393454">
      </trkpt>
      <trkpt lat="49.37552914" lon="-119.94399458">
      </trkpt>
      <trkpt lat="49.3757109" lon="-119.94409122">
      </trkpt>
      <trkpt lat="49.37591077" lon="-119.94424288">
      </trkpt>
      <trkpt lat="49.37606838" lon="-119.94437712">
      </trkpt>
      <trkpt lat="49.37615607" lon="-119.94446889">
      </trkpt>
      <trkpt lat="49.37627388" lon="-119.94456247">
      </trkpt>
      <trkpt lat="49.37640531" lon="-119.9446313">
      </trkpt>
      <trkpt lat="49.37656569" lon="-119.94474796">
      </trkpt>
      <trkpt lat="49.3767167" lon="-119.94483145">
      </trkpt>
      <trkpt lat="49.37685037" lon="-119.94494013">
      </trkpt>
      <trkpt lat="49.37698383" lon="-119.94511198">
      </trkpt>
      <trkpt lat="49.37703948" lon="-119.9451678">
      </trkpt>
      <trkpt lat="49.37707694" lon="-119.94530059">
      </trkpt>
      <trkpt lat="49.37710196" lon="-119.94541206">
      </trkpt>
      <trkpt lat="49.37719167" lon="-119.94560685">
      </trkpt>
      <trkpt lat="49.37736929" lon="-119.94583029">
      </trkpt>
      <trkpt lat="49.3775037" lon="-119.94601922">
      </trkpt>
      <trkpt lat="49.37762629" lon="-119.94619823">
      </trkpt>
      <trkpt lat="49.37774443" lon="-119.9462975">
      </trkpt>
      <trkpt lat="49.37775179" lon="-119.94630255">
      </trkpt>
    </trkseg>
    <trkseg>
      <trkpt lat="49.37731238" lon="-119.94946513">
      </trkpt>
      <trkpt lat="49.37736983" lon="-119.94931107">
      </trkpt>
      <trkpt lat="49.37742138" lon="-119.94922852">
      </trkpt>
      <trkpt lat="49.37752429" lon="-119.94911903">
      </trkpt>
      <trkpt lat="49.37761333" lon="-119.94905683">
      </trkpt>
      <trkpt lat="49.37769824" lon="-119.94898002">
      </trkpt>
      <trkpt lat="49.37777612" lon="-119.94895465">
      </trkpt>
      <trkpt lat="49.37785185" lon="-119.94894978">
      </trkpt>
      <trkpt lat="49.37796366" lon="-119.94894019">
      </trkpt>
      <trkpt lat="49.37806919" lon="-119.94893647">
      </trkpt>
      <trkpt lat="49.37815776" lon="-119.94892486">
      </trkpt>
      <trkpt lat="49.3782526" lon="-119.94890738">
      </trkpt>
      <trkpt lat="49.37839009" lon="-119.94888431">
      </trkpt>
      <trkpt lat="49.37849863" lon="-119.94887515">
      </trkpt>
      <trkpt lat="49.37860228" lon="-119.94889693">
      </trkpt>
      <trkpt lat="49.37871278" lon="-119.94892288">
      </trkpt>
      <trkpt lat="49.37880903" lon="-119.94893047">
      </trkpt>
      <trkpt lat="49.37889544" lon="-119.94893937">
      </trkpt>
      <trkpt lat="49.3789676" lon="-119.94892991">
      </trkpt>
      <trkpt lat="49.37902365" lon="-119.94892762">
      </trkpt>
      <trkpt lat="49.37908626" lon="-119.94892447">
      </trkpt>
      <trkpt lat="49.37894071" lon="-119.9488627">
      </trkpt>
      <trkpt lat="49.37885345" lon="-119.94883876">
      </trkpt>
      <trkpt lat="49.37874455" lon="-119.94878228">
      </trkpt>
      <trkpt lat="49.37864221" lon="-119.94872495">
      </trkpt>
      <trkpt lat="49.37853902" lon="-119.94865256">
      </trkpt>
      <trkpt lat="49.37844839" lon="-119.94856843">
      </trkpt>
      <trkpt lat="49.37837886" lon="-119.9485068">
      </trkpt>
      <trkpt lat="49.37830603" lon="-119.9484456">
      </trkpt>
      <trkpt lat="49.37821297" lon="-119.94837695">
      </trkpt>
      <trkpt lat="49.37812891" lon="-119.94829195">
      </trkpt>
      <trkpt lat="49.37804483" lon="-119.94820697">
      </trkpt>
      <trkpt lat="49.3779528" lon="-119.94809776">
      </trkpt>
      <trkpt lat="49.37786302" lon="-119.94802868">
      </trkpt>
      <trkpt lat="49.37773781" lon="-119.94803498">
      </trkpt>
      <trkpt lat="49.37762796" lon="-119.94807969">
      </trkpt>
      <trkpt lat="49.37752309" lon="-119.94815407">
      </trkpt>
      <trkpt lat="49.37743892" lon="-119.94818531">
      </trkpt>
      <trkpt lat="49.37734576" lon="-119.94823288">
      </trkpt>
      <trkpt lat="49.37724061" lon="-119.94830225">
      </trkpt>
      <trkpt lat="49.37715569" lon="-119.94837906">
      </trkpt>
      <trkpt lat="49.37707762" lon="-119.94846004">
      </trkpt>
      <trkpt lat="49.37700751" lon="-119.94856523">
      </trkpt>
      <trkpt lat="49.37694116" lon="-119.9486194">
      </trkpt>
      <trkpt lat="49.37684369" lon="-119.94870796">
      </trkpt>
      <trkpt lat="49.37675193" lon="-119.94878063">
      </trkpt>
      <trkpt lat="49.3766389" lon="-119.94888638">
      </trkpt>
      <trkpt lat="49.37652831" lon="-119.94897668">
      </trkpt>
      <trkpt lat="49.37645239" lon="-119.94903714">
      </trkpt>
      <trkpt lat="49.37634995" lon="-119.94909604">
      </trkpt>
      <trkpt lat="49.37622859" lon="-119.94911194">
      </trkpt>
      <trkpt lat="49.37612174" lon="-119.94915121">
      </trkpt>
      <trkpt lat="49.37603711" lon="-119.94923304">
      </trkpt>
      <trkpt lat="49.37593785" lon="-119.94940773">
      </trkpt>
      <trkpt lat="49.37584544" lon="-119.94958658">
      </trkpt>
      <trkpt lat="49.37577758" lon="-119.94973189">
      </trkpt>
      <trkpt lat="49.37569725" lon="-119.94994958">
      </trkpt>
      <trkpt lat="49.37564589" lon="-119.95015337">
      </trkpt>
      <trkpt lat="49.37558131" lon="-119.95029825">
      </trkpt>
    </trkseg>
    <trkseg>
      <trkpt lat="49.37987692" lon="-119.96892005">
      </trkpt>
      <trkpt lat="49.37984312" lon="-119.96901976">
      </trkpt>
      <trkpt lat="49.37980254" lon="-119.96911251">
      </trkpt>
      <trkpt lat="49.37971158" lon="-119.96925848">
      </trkpt>
      <trkpt lat="49.37958622" lon="-119.96940311">
      </trkpt>
      <trkpt lat="49.37944605" lon="-119.96955551">
      </trkpt>
      <trkpt lat="49.37933575" lon="-119.96962821">
      </trkpt>
      <trkpt lat="49.37918726" lon="-119.96970006">
      </trkpt>
      <trkpt lat="49.37910506" lon="-119.96979825">
      </trkpt>
      <trkpt lat="49.37899873" lon="-119.97001036">
      </trkpt>
      <trkpt lat="49.37890158" lon="-119.97025041">
      </trkpt>
      <trkpt lat="49.37883091" lon="-119.970487">
      </trkpt>
      <trkpt lat="49.37873786" lon="-119.97073234">
      </trkpt>
      <trkpt lat="49.37867565" lon="-119.97091535">
      </trkpt>
      <trkpt lat="49.3785941" lon="-119.97102511">
      </trkpt>
      <trkpt lat="49.37845632" lon="-119.97108391">
      </trkpt>
      <trkpt lat="49.37840399" lon="-119.9711024">
      </trkpt>
      <trkpt lat="49.37836376" lon="-119.97111548">
      </trkpt>
      <trkpt lat="49.37831953" lon="-119.97110333">
      </trkpt>
      <trkpt lat="49.37831413" lon="-119.97113161">
      </trkpt>
      <trkpt lat="49.37825463" lon="-119.97122683">
      </trkpt>
      <trkpt lat="49.37825643" lon="-119.97139566">
      </trkpt>
      <trkpt lat="49.3782339" lon="-119.97153852">
      </trkpt>
      <trkpt lat="49.37821364" lon="-119.97172188">
      </trkpt>
      <trkpt lat="49.37820377" lon="-119.9718864">
      </trkpt>
      <trkpt lat="49.37819454" lon="-119.9720625">
      </trkpt>
      <trkpt lat="49.37821742" lon="-119.97219943">
      </trkpt>
      <trkpt lat="49.37822808" lon="-119.97239041">
      </trkpt>
      <trkpt lat="49.37819227" lon="-119.97250003">
      </trkpt>
      <trkpt lat="49.37812544" lon="-119.97253207">
      </trkpt>
      <trkpt lat="49.37800779" lon="-119.9725416">
      </trkpt>
      <trkpt lat="49.37795674" lon="-119.97258324">
      </trkpt>
      <trkpt lat="49.37791723" lon="-119.97276329">
      </trkpt>
      <trkpt lat="49.3779391" lon="-119.9730869">
      </trkpt>
      <trkpt lat="49.3780448" lon="-119.97334127">
      </trkpt>
      <trkpt lat="49.37807557" lon="-119.973483">
      </trkpt>
      <trkpt lat="49.3780434" lon="-119.97372621">
      </trkpt>
      <trkpt lat="49.37800984" lon="-119.97387633">
      </trkpt>
      <trkpt lat="49.37798178" lon="-119.97412485">
      </trkpt>
      <trkpt lat="49.37797835" lon="-119.97440512">
      </trkpt>
      <trkpt lat="49.37805376" lon="-119.97466344">
      </trkpt>
      <trkpt lat="49.37814994" lon="-119.97488409">
      </trkpt>
      <trkpt lat="49.37816156" lon="-119.97509244">
      </trkpt>
      <trkpt lat="49.37805844" lon="-119.97536241">
      </trkpt>
      <trkpt lat="49.37795967" lon="-119.9755735">
      </trkpt>
      <trkpt lat="49.37790501" lon="-119.97575552">
      </trkpt>
      <trkpt lat="49.37788852" lon="-119.97593839">
      </trkpt>
      <trkpt lat="49.37796666" lon="-119.97610892">
      </trkpt>
      <trkpt lat="49.37801032" lon="-119.97620816">
      </trkpt>
      <trkpt lat="49.37796822" lon="-119.97634191">
      </trkpt>
      <trkpt lat="49.37786483" lon="-119.97640203">
      </trkpt>
      <trkpt lat="49.37784207" lon="-119.97660903">
      </trkpt>
      <trkpt lat="49.37793478" lon="-119.97683597">
      </trkpt>
      <trkpt lat="49.37805824" lon="-119.97693062">
      </trkpt>
      <trkpt lat="49.37810166" lon="-119.97709403">
      </trkpt>
      <trkpt lat="49.37799475" lon="-119.97736447">
      </trkpt>
      <trkpt lat="49.37788984" lon="-119.9774656">
      </trkpt>
      <trkpt lat="49.37773105" lon="-119.97762621">
      </trkpt>
      <trkpt lat="49.37754167" lon="-119.97778499">
      </trkpt>
      <trkpt lat="49.3773187" lon="-119.9778199">
      </trkpt>
      <trkpt lat="49.37716666" lon="-119.97782807">
      </trkpt>
      <trkpt lat="49.37711409" lon="-119.97791071">
      </trkpt>
      <trkpt lat="49.3771133" lon="-119.97803323">
      </trkpt>
      <trkpt lat="49.37715076" lon="-119.97822656">
      </trkpt>
      <trkpt lat="49.37721134" lon="-119.97849265">
      </trkpt>
      <trkpt lat="49.37727184" lon="-119.97868879">
      </trkpt>
      <trkpt lat="49.37731817" lon="-119.97890428">
      </trkpt>
      <trkpt lat="49.37731867" lon="-119.97904995">
      </trkpt>
      <trkpt lat="49.3772371" lon="-119.97915968">
      </trkpt>
      <trkpt lat="49.37710569" lon="-119.97926426">
      </trkpt>
      <trkpt lat="49.37701213" lon="-119.9793639">
      </trkpt>
      <trkpt lat="49.37686792" lon="-119.9795809">
      </trkpt>
      <trkpt lat="49.37675335" lon="-119.97978238">
      </trkpt>
      <trkpt lat="49.37666462" lon="-119.97996884">
      </trkpt>
      <trkpt lat="49.37657904" lon="-119.98014322">
      </trkpt>
      <trkpt lat="49.37649563" lon="-119.98028818">
      </trkpt>
      <trkpt lat="49.37630172" lon="-119.98036591">
      </trkpt>
      <trkpt lat="49.37610686" lon="-119.98042629">
      </trkpt>
      <trkpt lat="49.37597101" lon="-119.98051977">
      </trkpt>
      <trkpt lat="49.37584653" lon="-119.98061178">
      </trkpt>
      <trkpt lat="49.37571576" lon="-119.98072793">
      </trkpt>
      <trkpt lat="49.37563331" lon="-119.98089023">
      </trkpt>
      <trkpt lat="49.37555473" lon="-119.98112199">
      </trkpt>
      <trkpt lat="49.37549749" lon="-119.9812577">
      </trkpt>
      <trkpt lat="49.37544177" lon="-119.9813524">
      </trkpt>
      <trkpt lat="49.37539468" lon="-119.98153342">
      </trkpt>
      <trkpt lat="49.37539622" lon="-119.98176639">
      </trkpt>
      <trkpt lat="49.37543368" lon="-119.9819597">
      </trkpt>
      <trkpt lat="49.37551342" lon="-119.98215918">
      </trkpt>
      <trkpt lat="49.37557229" lon="-119.98232639">
      </trkpt>
      <trkpt lat="49.37558648" lon="-119.98258102">
      </trkpt>
      <trkpt lat="49.37559237" lon="-119.98275514">
      </trkpt>
      <trkpt lat="49.37556091" lon="-119.98307985">
      </trkpt>
      <trkpt lat="49.37549755" lon="-119.98337957">
      </trkpt>
      <trkpt lat="49.37539353" lon="-119.98370208">
      </trkpt>
      <trkpt lat="49.37536922" lon="-119.98395009">
      </trkpt>
      <trkpt lat="49.37539042" lon="-119.9842621">
      </trkpt>
      <trkpt lat="49.37541105" lon="-119.9846325">
      </trkpt>
      <trkpt lat="49.37536355" lon="-119.98501176">
      </trkpt>
      <trkpt lat="49.37534279" lon="-119.9853234">
      </trkpt>
      <trkpt lat="49.37535441" lon="-119.98580573">
      </trkpt>
      <trkpt lat="49.37533469" lon="-119.98620469">
      </trkpt>
      <trkpt lat="49.37528236" lon="-119.98649714">
      </trkpt>
      <trkpt lat="49.37525112" lon="-119.98675769">
      </trkpt>
      <trkpt lat="49.37517446" lon="-119.98702416">
      </trkpt>
      <trkpt lat="49.37510876" lon="-119.98721343">
      </trkpt>
      <trkpt lat="49.3750499" lon="-119.98732018">
      </trkpt>
      <trkpt lat="49.3749163" lon="-119.98745417">
      </trkpt>
      <trkpt lat="49.37484294" lon="-119.98757447">
      </trkpt>
      <trkpt lat="49.37479769" lon="-119.98772026">
      </trkpt>
      <trkpt lat="49.3747799" lon="-119.98787997">
      </trkpt>
      <trkpt lat="49.37473948" lon="-119.98811257">
      </trkpt>
      <trkpt lat="49.37466966" lon="-119.98829653">
      </trkpt>
      <trkpt lat="49.37460202" lon="-119.98845107">
      </trkpt>
      <trkpt lat="49.3745442" lon="-119.98864513">
      </trkpt>
      <trkpt lat="49.37446689" lon="-119.98890001">
      </trkpt>
      <trkpt lat="49.37439305" lon="-119.98914862">
      </trkpt>
      <trkpt lat="49.37434514" lon="-119.98945214">
      </trkpt>
      <trkpt lat="49.37430632" lon="-119.98971367">
      </trkpt>
      <trkpt lat="49.37428499" lon="-119.99008368">
      </trkpt>
      <trkpt lat="49.37422893" lon="-119.99044656">
      </trkpt>
      <trkpt lat="49.3742258" lon="-119.99073259">
      </trkpt>
      <trkpt lat="49.37422957" lon="-119.99100607">
      </trkpt>
      <trkpt lat="49.37418633" lon="-119.99125653">
      </trkpt>
      <trkpt lat="49.37411216" lon="-119.99149934">
      </trkpt>
      <trkpt lat="49.37403566" lon="-119.99163169">
      </trkpt>
      <trkpt lat="49.37399378" lon="-119.99170127">
      </trkpt>
      <trkpt lat="49.37397137" lon="-119.99181115">
      </trkpt>
      <trkpt lat="49.37395896" lon="-119.9919108">
      </trkpt>
      <trkpt lat="49.37396085" lon="-119.99208313">
      </trkpt>
      <trkpt lat="49.37401372" lon="-119.9924802">
      </trkpt>
      <trkpt lat="49.37406687" lon="-119.9927439">
      </trkpt>
      <trkpt lat="49.37399996" lon="-119.99269378">
      </trkpt>
      <trkpt lat="49.37391901" lon="-119.99262195">
      </trkpt>
      <trkpt lat="49.37385037" lon="-119.99254068">
      </trkpt>
      <trkpt lat="49.37378188" lon="-119.99241624">
      </trkpt>
      <trkpt lat="49.37373779" lon="-119.99226903">
      </trkpt>
      <trkpt lat="49.37371422" lon="-119.99207599">
      </trkpt>
      <trkpt lat="49.37367516" lon="-119.99188105">
      </trkpt>
      <trkpt lat="49.37361302" lon="-119.99173227">
      </trkpt>
      <trkpt lat="49.37352758" lon="-119.99162572">
      </trkpt>
      <trkpt lat="49.37345373" lon="-119.99163533">
      </trkpt>
      <trkpt lat="49.37340281" lon="-119.99164195">
      </trkpt>
      <trkpt lat="49.37335279" lon="-119.9917112">
      </trkpt>
      <trkpt lat="49.37329601" lon="-119.99179704">
      </trkpt>
      <trkpt lat="49.37323863" lon="-119.99191823">
      </trkpt>
      <trkpt lat="49.37317973" lon="-119.99201217">
      </trkpt>
      <trkpt lat="49.37310854" lon="-119.99211556">
      </trkpt>
      <trkpt lat="49.37303264" lon="-119.99218034">
      </trkpt>
      <trkpt lat="49.37297135" lon="-119.99223145">
      </trkpt>
      <trkpt lat="49.37288754" lon="-119.99224627">
      </trkpt>
      <trkpt lat="49.37278378" lon="-119.99227153">
      </trkpt>
      <trkpt lat="49.37263976" lon="-119.99235693">
      </trkpt>
      <trkpt lat="49.37257085" lon="-119.99240905">
      </trkpt>
      <trkpt lat="49.37252322" lon="-119.99252112">
      </trkpt>
      <trkpt lat="49.37249077" lon="-119.99272144">
      </trkpt>
      <trkpt lat="49.37248441" lon="-119.99293011">
      </trkpt>
      <trkpt lat="49.37246495" lon="-119.99317971">
      </trkpt>
      <trkpt lat="49.37241911" lon="-119.99337">
      </trkpt>
      <trkpt lat="49.37235903" lon="-119.99353468">
      </trkpt>
      <trkpt lat="49.37229487" lon="-119.99367245">
      </trkpt>
      <trkpt lat="49.37221181" lon="-119.99379305">
      </trkpt>
      <trkpt lat="49.37211634" lon="-119.993829">
      </trkpt>
      <trkpt lat="49.37199709" lon="-119.99385234">
      </trkpt>
      <trkpt lat="49.37191814" lon="-119.99386261">
      </trkpt>
      <trkpt lat="49.37182664" lon="-119.99383137">
      </trkpt>
      <trkpt lat="49.37174482" lon="-119.99374397">
      </trkpt>
      <trkpt lat="49.37165684" lon="-119.99363776">
      </trkpt>
      <trkpt lat="49.37151202" lon="-119.99357032">
      </trkpt>
      <trkpt lat="49.37141325" lon="-119.99350081">
      </trkpt>
      <trkpt lat="49.37134065" lon="-119.99348672">
      </trkpt>
      <trkpt lat="49.37130224" lon="-119.99348779">
      </trkpt>
      <trkpt lat="49.37112924" lon="-119.99346715">
      </trkpt>
      <trkpt lat="49.37103562" lon="-119.99344402">
      </trkpt>
      <trkpt lat="49.37095256" lon="-119.99338032">
      </trkpt>
      <trkpt lat="49.37084957" lon="-119.99332704">
      </trkpt>
      <trkpt lat="49.37074212" lon="-119.99328612">
      </trkpt>
      <trkpt lat="49.37064699" lon="-119.99323575">
      </trkpt>
      <trkpt lat="49.37053342" lon="-119.99322305">
      </trkpt>
      <trkpt lat="49.37039526" lon="-119.99322925">
      </trkpt>
      <trkpt lat="49.37025521" lon="-119.99324747">
      </trkpt>
      <trkpt lat="49.3700795" lon="-119.99327032">
      </trkpt>
      <trkpt lat="49.36986857" lon="-119.99330559">
      </trkpt>
      <trkpt lat="49.36965488" lon="-119.9933373">
      </trkpt>
      <trkpt lat="49.36953563" lon="-119.99336065">
      </trkpt>
      <trkpt lat="49.36943886" lon="-119.99337323">
      </trkpt>
      <trkpt lat="49.3692553" lon="-119.99339318">
      </trkpt>
      <trkpt lat="49.36908853" lon="-119.99343841">
      </trkpt>
      <trkpt lat="49.36895552" lon="-119.993491">
      </trkpt>
      <trkpt lat="49.3688809" lon="-119.99357912">
      </trkpt>
      <trkpt lat="49.36876241" lon="-119.99370825">
      </trkpt>
      <trkpt lat="49.36860739" lon="-119.99382645">
      </trkpt>
      <trkpt lat="49.36846104" lon="-119.99391606">
      </trkpt>
      <trkpt lat="49.36833274" lon="-119.99400725">
      </trkpt>
      <trkpt lat="49.36819549" lon="-119.99407607">
      </trkpt>
      <trkpt lat="49.36809299" lon="-119.99407763">
      </trkpt>
      <trkpt lat="49.36793792" lon="-119.99414877">
      </trkpt>
      <trkpt lat="49.36782278" lon="-119.9942461">
      </trkpt>
      <trkpt lat="49.36761526" lon="-119.9942966">
      </trkpt>
      <trkpt lat="49.36737822" lon="-119.9943235">
      </trkpt>
      <trkpt lat="49.36720132" lon="-119.99441708">
      </trkpt>
      <trkpt lat="49.36705367" lon="-119.99448333">
      </trkpt>
      <trkpt lat="49.36685103" lon="-119.99452928">
      </trkpt>
      <trkpt lat="49.36670334" lon="-119.99454848">
      </trkpt>
      <trkpt lat="49.36656864" lon="-119.99461696">
      </trkpt>
      <trkpt lat="49.36641818" lon="-119.9946326">
      </trkpt>
      <trkpt lat="49.36630104" lon="-119.99464783">
      </trkpt>
      <trkpt lat="49.36614635" lon="-119.99467972">
      </trkpt>
      <trkpt lat="49.36593244" lon="-119.99470753">
      </trkpt>
      <trkpt lat="49.36567774" lon="-119.99469357">
      </trkpt>
      <trkpt lat="49.36555231" lon="-119.99469811">
      </trkpt>
      <trkpt lat="49.36540445" lon="-119.99476047">
      </trkpt>
      <trkpt lat="49.365284" lon="-119.99485456">
      </trkpt>
      <trkpt lat="49.36517948" lon="-119.99495833">
      </trkpt>
      <trkpt lat="49.36503763" lon="-119.99508263">
      </trkpt>
      <trkpt lat="49.36489903" lon="-119.9951385">
      </trkpt>
      <trkpt lat="49.3647153" lon="-119.9951756">
      </trkpt>
      <trkpt lat="49.36450974" lon="-119.99520892">
      </trkpt>
      <trkpt lat="49.3642237" lon="-119.99519326">
      </trkpt>
      <trkpt lat="49.36399123" lon="-119.99513101">
      </trkpt>
      <trkpt lat="49.36373804" lon="-119.99508465">
      </trkpt>
      <trkpt lat="49.36350237" lon="-119.99504262">
      </trkpt>
      <trkpt lat="49.36323559" lon="-119.99498483">
      </trkpt>
      <trkpt lat="49.36309001" lon="-119.99493109">
      </trkpt>
      <trkpt lat="49.36287223" lon="-119.99489995">
      </trkpt>
      <trkpt lat="49.36272456" lon="-119.99488613">
      </trkpt>
      <trkpt lat="49.36254575" lon="-119.99485652">
      </trkpt>
      <trkpt lat="49.36232515" lon="-119.99485217">
      </trkpt>
      <trkpt lat="49.36219216" lon="-119.99486946">
      </trkpt>
      <trkpt lat="49.36200806" lon="-119.9949">
      </trkpt>
      <trkpt lat="49.36181647" lon="-119.99495131">
      </trkpt>
      <trkpt lat="49.36169869" lon="-119.99491949">
      </trkpt>
      <trkpt lat="49.36160175" lon="-119.99484849">
      </trkpt>
      <trkpt lat="49.36143885" lon="-119.99486966">
      </trkpt>
      <trkpt lat="49.36126416" lon="-119.99487565">
      </trkpt>
      <trkpt lat="49.36111846" lon="-119.99491131">
      </trkpt>
      <trkpt lat="49.36101575" lon="-119.99493302">
      </trkpt>
      <trkpt lat="49.36082789" lon="-119.99489891">
      </trkpt>
      <trkpt lat="49.36067169" lon="-119.99484396">
      </trkpt>
      <trkpt lat="49.3605431" lon="-119.99479379">
      </trkpt>
      <trkpt lat="49.36039868" lon="-119.99475404">
      </trkpt>
      <trkpt lat="49.36020539" lon="-119.99472065">
      </trkpt>
      <trkpt lat="49.36019453" lon="-119.99472206">
      </trkpt>
      <trkpt lat="49.3600597" lon="-119.99475631">
      </trkpt>
      <trkpt lat="49.3598515" lon="-119.99474992">
      </trkpt>
      <trkpt lat="49.35973701" lon="-119.99475645">
      </trkpt>
      <trkpt lat="49.35958993" lon="-119.9947672">
      </trkpt>
      <trkpt lat="49.3594469" lon="-119.99475236">
      </trkpt>
      <trkpt lat="49.35943674" lon="-119.99456975">
      </trkpt>
      <trkpt lat="49.35955332" lon="-119.99440411">
      </trkpt>
      <trkpt lat="49.35968133" lon="-119.99434566">
      </trkpt>
      <trkpt lat="49.35985996" lon="-119.99421375">
      </trkpt>
      <trkpt lat="49.35994893" lon="-119.99404334">
      </trkpt>
      <trkpt lat="49.35997597" lon="-119.9939395">
      </trkpt>
      <trkpt lat="49.35988886" lon="-119.99375018">
      </trkpt>
      <trkpt lat="49.35971233" lon="-119.99372296">
      </trkpt>
      <trkpt lat="49.3595128" lon="-119.99377398">
      </trkpt>
      <trkpt lat="49.35934584" lon="-119.99382077">
      </trkpt>
      <trkpt lat="49.35924671" lon="-119.99380857">
      </trkpt>
      <trkpt lat="49.35926647" lon="-119.99367224">
      </trkpt>
      <trkpt lat="49.35938756" lon="-119.99348928">
      </trkpt>
      <trkpt lat="49.35955752" lon="-119.99329999">
      </trkpt>
      <trkpt lat="49.35960848" lon="-119.99313451">
      </trkpt>
      <trkpt lat="49.35949156" lon="-119.99299922">
      </trkpt>
      <trkpt lat="49.35936216" lon="-119.99303277">
      </trkpt>
      <trkpt lat="49.35919347" lon="-119.99314666">
      </trkpt>
      <trkpt lat="49.35897961" lon="-119.99333331">
      </trkpt>
      <trkpt lat="49.35887794" lon="-119.99347194">
      </trkpt>
      <trkpt lat="49.35875639" lon="-119.99364659">
      </trkpt>
      <trkpt lat="49.35862709" lon="-119.99378044">
      </trkpt>
      <trkpt lat="49.35839232" lon="-119.99388619">
      </trkpt>
      <trkpt lat="49.35821497" lon="-119.99394269">
      </trkpt>
      <trkpt lat="49.35808696" lon="-119.99400113">
      </trkpt>
      <trkpt lat="49.35800319" lon="-119.99397022">
      </trkpt>
      <trkpt lat="49.3579809" lon="-119.99386444">
      </trkpt>
      <trkpt lat="49.35796473" lon="-119.99357394">
      </trkpt>
      <trkpt lat="49.35798612" lon="-119.99327019">
      </trkpt>
      <trkpt lat="49.35802969" lon="-119.99297192">
      </trkpt>
      <trkpt lat="49.35807371" lon="-119.99268196">
      </trkpt>
      <trkpt lat="49.35815714" lon="-119.99241194">
      </trkpt>
      <trkpt lat="49.35830122" lon="-119.99215076">
      </trkpt>
      <trkpt lat="49.35843316" lon="-119.99196639">
      </trkpt>
      <trkpt lat="49.35845258" lon="-119.99192207">
      </trkpt>
      <trkpt lat="49.35841572" lon="-119.9917513">
      </trkpt>
      <trkpt lat="49.35839828" lon="-119.99153621">
      </trkpt>
      <trkpt lat="49.35844796" lon="-119.99144614">
      </trkpt>
      <trkpt lat="49.3585055" lon="-119.99149718">
      </trkpt>
      <trkpt lat="49.35857667" lon="-119.99159661">
      </trkpt>
      <trkpt lat="49.35862265" lon="-119.99144015">
      </trkpt>
      <trkpt lat="49.35863051" lon="-119.99118832">
      </trkpt>
      <trkpt lat="49.35868828" lon="-119.99104704">
      </trkpt>
      <trkpt lat="49.35879585" lon="-119.990916">
      </trkpt>
      <trkpt lat="49.3589234" lon="-119.99084925">
      </trkpt>
      <trkpt lat="49.35904379" lon="-119.99085031">
      </trkpt>
      <trkpt lat="49.35917192" lon="-119.99089217">
      </trkpt>
      <trkpt lat="49.35935654" lon="-119.99086816">
      </trkpt>
      <trkpt lat="49.35949091" lon="-119.9908256">
      </trkpt>
      <trkpt lat="49.35962113" lon="-119.99070833">
      </trkpt>
      <trkpt lat="49.35978807" lon="-119.99066155">
      </trkpt>
      <trkpt lat="49.35994278" lon="-119.99059126">
      </trkpt>
      <trkpt lat="49.36010198" lon="-119.99050367">
      </trkpt>
      <trkpt lat="49.36028164" lon="-119.99048865">
      </trkpt>
      <trkpt lat="49.36042133" lon="-119.99034508">
      </trkpt>
      <trkpt lat="49.36059036" lon="-119.99013916">
      </trkpt>
      <trkpt lat="49.36073097" lon="-119.99001218">
      </trkpt>
      <trkpt lat="49.36087793" lon="-119.98990109">
      </trkpt>
      <trkpt lat="49.36103252" lon="-119.9897305">
      </trkpt>
      <trkpt lat="49.36121425" lon="-119.98955635">
      </trkpt>
      <trkpt lat="49.36134169" lon="-119.98938928">
      </trkpt>
      <trkpt lat="49.3614615" lon="-119.98928172">
      </trkpt>
      <trkpt lat="49.36157357" lon="-119.98913337">
      </trkpt>
      <trkpt lat="49.36172457" lon="-119.98899667">
      </trkpt>
      <trkpt lat="49.36185478" lon="-119.9888794">
      </trkpt>
      <trkpt lat="49.3619709" lon="-119.98870544">
      </trkpt>
      <trkpt lat="49.36209105" lon="-119.98850586">
      </trkpt>
      <trkpt lat="49.36216973" lon="-119.98844546">
      </trkpt>
      <trkpt lat="49.36234695" lon="-119.98828862">
      </trkpt>
      <trkpt lat="49.36261234" lon="-119.98804507">
      </trkpt>
      <trkpt lat="49.36278287" lon="-119.98796434">
      </trkpt>
      <trkpt lat="49.36297962" lon="-119.98786348">
      </trkpt>
      <trkpt lat="49.36313525" lon="-119.98780979">
      </trkpt>
      <trkpt lat="49.3633126" lon="-119.98775326">
      </trkpt>
      <trkpt lat="49.3634822" lon="-119.98765595">
      </trkpt>
      <trkpt lat="49.36368392" lon="-119.98754609">
      </trkpt>
      <trkpt lat="49.36381459" lon="-119.98743711">
      </trkpt>
      <trkpt lat="49.36398373" lon="-119.98733147">
      </trkpt>
      <trkpt lat="49.36411532" lon="-119.9872391">
      </trkpt>
      <trkpt lat="49.36430977" lon="-119.98709673">
      </trkpt>
      <trkpt lat="49.36446989" lon="-119.98702572">
      </trkpt>
      <trkpt lat="49.3646291" lon="-119.9869381">
      </trkpt>
      <trkpt lat="49.36486929" lon="-119.98683158">
      </trkpt>
      <trkpt lat="49.36507367" lon="-119.98667119">
      </trkpt>
      <trkpt lat="49.36521381" lon="-119.9865359">
      </trkpt>
      <trkpt lat="49.36537025" lon="-119.98639847">
      </trkpt>
      <trkpt lat="49.36549999" lon="-119.98627289">
      </trkpt>
      <trkpt lat="49.36562291" lon="-119.9861231">
      </trkpt>
      <trkpt lat="49.36572955" lon="-119.98597542">
      </trkpt>
      <trkpt lat="49.36588539" lon="-119.98572938">
      </trkpt>
      <trkpt lat="49.36596707" lon="-119.98552642">
      </trkpt>
      <trkpt lat="49.36603823" lon="-119.98523286">
      </trkpt>
      <trkpt lat="49.36612382" lon="-119.98490397">
      </trkpt>
      <trkpt lat="49.36621046" lon="-119.98469201">
      </trkpt>
      <trkpt lat="49.36635255" lon="-119.98429722">
      </trkpt>
      <trkpt lat="49.3664496" lon="-119.98407555">
      </trkpt>
      <trkpt lat="49.36653797" lon="-119.98379647">
      </trkpt>
      <trkpt lat="49.36662056" lon="-119.9836101">
      </trkpt>
      <trkpt lat="49.36666872" lon="-119.98339479">
      </trkpt>
      <trkpt lat="49.36669067" lon="-119.98319961">
      </trkpt>
      <trkpt lat="49.36674703" lon="-119.98303339">
      </trkpt>
      <trkpt lat="49.36677938" lon="-119.98282849">
      </trkpt>
      <trkpt lat="49.36688819" lon="-119.982622">
      </trkpt>
      <trkpt lat="49.367008" lon="-119.98251442">
      </trkpt>
      <trkpt lat="49.36717806" lon="-119.98242537">
      </trkpt>
      <trkpt lat="49.3673115" lon="-119.98236618">
      </trkpt>
      <trkpt lat="49.36744204" lon="-119.98215684">
      </trkpt>
      <trkpt lat="49.36750291" lon="-119.98197331">
      </trkpt>
      <trkpt lat="49.36750081" lon="-119.98173946">
      </trkpt>
      <trkpt lat="49.36754077" lon="-119.98147502">
      </trkpt>
      <trkpt lat="49.36761932" lon="-119.98131428">
      </trkpt>
      <trkpt lat="49.3677717" lon="-119.98120244">
      </trkpt>
      <trkpt lat="49.36783766" lon="-119.98111023">
      </trkpt>
      <trkpt lat="49.36788397" lon="-119.98086168">
      </trkpt>
      <trkpt lat="49.36790902" lon="-119.98062429">
      </trkpt>
      <trkpt lat="49.36796607" lon="-119.98027401">
      </trkpt>
      <trkpt lat="49.3680445" lon="-119.98001292">
      </trkpt>
      <trkpt lat="49.36815158" lon="-119.97987354">
      </trkpt>
      <trkpt lat="49.36823615" lon="-119.97982071">
      </trkpt>
      <trkpt lat="49.36847415" lon="-119.97977296">
      </trkpt>
      <trkpt lat="49.36866222" lon="-119.97961465">
      </trkpt>
      <trkpt lat="49.36891142" lon="-119.97947347">
      </trkpt>
      <trkpt lat="49.36910412" lon="-119.97939817">
      </trkpt>
      <trkpt lat="49.36933218" lon="-119.97936845">
      </trkpt>
      <trkpt lat="49.36956614" lon="-119.97934632">
      </trkpt>
      <trkpt lat="49.36976612" lon="-119.97930353">
      </trkpt>
      <trkpt lat="49.36998227" lon="-119.97915828">
      </trkpt>
      <trkpt lat="49.37013187" lon="-119.97899661">
      </trkpt>
      <trkpt lat="49.37028042" lon="-119.97871802">
      </trkpt>
      <trkpt lat="49.37034613" lon="-119.97842512">
      </trkpt>
      <trkpt lat="49.37043137" lon="-119.97818822">
      </trkpt>
      <trkpt lat="49.3705931" lon="-119.97794971">
      </trkpt>
      <trkpt lat="49.37075494" lon="-119.97781153">
      </trkpt>
      <trkpt lat="49.37089553" lon="-119.97768449">
      </trkpt>
      <trkpt lat="49.37101891" lon="-119.97754297">
      </trkpt>
      <trkpt lat="49.37113361" lon="-119.97734403">
      </trkpt>
      <trkpt lat="49.37115458" lon="-119.97731077">
      </trkpt>
      <trkpt lat="49.37115762" lon="-119.97725705">
      </trkpt>
      <trkpt lat="49.37111958" lon="-119.97719186">
      </trkpt>
      <trkpt lat="49.37099384" lon="-119.97719949">
      </trkpt>
      <trkpt lat="49.37087984" lon="-119.97710913">
      </trkpt>
      <trkpt lat="49.37081514" lon="-119.97697728">
      </trkpt>
      <trkpt lat="49.37085437" lon="-119.97685818">
      </trkpt>
      <trkpt lat="49.37091395" lon="-119.97669258">
      </trkpt>
      <trkpt lat="49.37094347" lon="-119.97639938">
      </trkpt>
      <trkpt lat="49.37095036" lon="-119.97621435">
      </trkpt>
      <trkpt lat="49.37092926" lon="-119.97604174">
      </trkpt>
      <trkpt lat="49.37089871" lon="-119.97590543">
      </trkpt>
      <trkpt lat="49.37082262" lon="-119.97577506">
      </trkpt>
      <trkpt lat="49.37075182" lon="-119.97571368">
      </trkpt>
      <trkpt lat="49.37074181" lon="-119.97566285">
      </trkpt>
      <trkpt lat="49.37078938" lon="-119.97538483">
      </trkpt>
      <trkpt lat="49.37088492" lon="-119.9751444">
      </trkpt>
      <trkpt lat="49.37097707" lon="-119.97484302">
      </trkpt>
      <trkpt lat="49.37096854" lon="-119.97448464">
      </trkpt>
      <trkpt lat="49.37096959" lon="-119.97419515">
      </trkpt>
      <trkpt lat="49.37099036" lon="-119.97374526">
      </trkpt>
      <trkpt lat="49.37107146" lon="-119.97334888">
      </trkpt>
      <trkpt lat="49.37115402" lon="-119.9729786">
      </trkpt>
      <trkpt lat="49.37121964" lon="-119.97271576">
      </trkpt>
      <trkpt lat="49.37130462" lon="-119.97238901">
      </trkpt>
      <trkpt lat="49.37137787" lon="-119.97216025">
      </trkpt>
      <trkpt lat="49.37147974" lon="-119.97203296">
      </trkpt>
      <trkpt lat="49.37163672" lon="-119.97196863">
      </trkpt>
      <trkpt lat="49.3718246" lon="-119.97194411">
      </trkpt>
      <trkpt lat="49.37194027" lon="-119.97185887">
      </trkpt>
      <trkpt lat="49.37204491" lon="-119.97167861">
      </trkpt>
      <trkpt lat="49.37211344" lon="-119.97146799">
      </trkpt>
      <trkpt lat="49.37211073" lon="-119.97121405">
      </trkpt>
      <trkpt lat="49.37210899" lon="-119.97097752">
      </trkpt>
      <trkpt lat="49.37210774" lon="-119.97074971">
      </trkpt>
      <trkpt lat="49.37215058" lon="-119.97048983">
      </trkpt>
      <trkpt lat="49.37225" lon="-119.97031902">
      </trkpt>
      <trkpt lat="49.37242635" lon="-119.97019077">
      </trkpt>
      <trkpt lat="49.37261409" lon="-119.97006104">
      </trkpt>
      <trkpt lat="49.37278329" lon="-119.96990742">
      </trkpt>
      <trkpt lat="49.37289702" lon="-119.96978735">
      </trkpt>
      <trkpt lat="49.37303143" lon="-119.96952427">
      </trkpt>
      <trkpt lat="49.37316064" lon="-119.96927065">
      </trkpt>
      <trkpt lat="49.37329553" lon="-119.96901628">
      </trkpt>
      <trkpt lat="49.37338114" lon="-119.96880342">
      </trkpt>
      <trkpt lat="49.37342654" lon="-119.96869227">
      </trkpt>
      <trkpt lat="49.37349521" lon="-119.96858684">
      </trkpt>
      <trkpt lat="49.37360698" lon="-119.96843195">
      </trkpt>
      <trkpt lat="49.37375244" lon="-119.96826388">
      </trkpt>
      <trkpt lat="49.37387692" lon="-119.9680284">
      </trkpt>
      <trkpt lat="49.37401084" lon="-119.96775661">
      </trkpt>
      <trkpt lat="49.37408686" lon="-119.96747485">
      </trkpt>
      <trkpt lat="49.37412316" lon="-119.9673035">
      </trkpt>
      <trkpt lat="49.37413349" lon="-119.96687247">
      </trkpt>
      <trkpt lat="49.37411549" lon="-119.96655037">
      </trkpt>
      <trkpt lat="49.37409166" lon="-119.96612381">
      </trkpt>
      <trkpt lat="49.37406227" lon="-119.9658032">
      </trkpt>
      <trkpt lat="49.37407225" lon="-119.96546868">
      </trkpt>
      <trkpt lat="49.37413605" lon="-119.9652762">
      </trkpt>
      <trkpt lat="49.37422033" lon="-119.96514242">
      </trkpt>
      <trkpt lat="49.37436169" lon="-119.96510641">
      </trkpt>
      <trkpt lat="49.37454305" lon="-119.9651704">
      </trkpt>
      <trkpt lat="49.37472912" lon="-119.96521624">
      </trkpt>
      <trkpt lat="49.37486785" lon="-119.96533842">
      </trkpt>
      <trkpt lat="49.37507976" lon="-119.96553872">
      </trkpt>
      <trkpt lat="49.37520433" lon="-119.96571537">
      </trkpt>
      <trkpt lat="49.37537931" lon="-119.96597312">
      </trkpt>
      <trkpt lat="49.37553526" lon="-119.96619828">
      </trkpt>
      <trkpt lat="49.37567935" lon="-119.96641623">
      </trkpt>
      <trkpt lat="49.37579919" lon="-119.96661103">
      </trkpt>
      <trkpt lat="49.37591008" lon="-119.96685085">
      </trkpt>
      <trkpt lat="49.37608749" lon="-119.96715214">
      </trkpt>
      <trkpt lat="49.37618782" lon="-119.96730565">
      </trkpt>
      <trkpt lat="49.37631482" lon="-119.96752583">
      </trkpt>
      <trkpt lat="49.37644799" lon="-119.96775398">
      </trkpt>
      <trkpt lat="49.37655076" lon="-119.96795102">
      </trkpt>
      <trkpt lat="49.37669025" lon="-119.96829235">
      </trkpt>
      <trkpt lat="49.37675788" lon="-119.96847644">
      </trkpt>
      <trkpt lat="49.37680892" lon="-119.96867147">
      </trkpt>
      <trkpt lat="49.37687849" lon="-119.96889039">
      </trkpt>
      <trkpt lat="49.3769505" lon="-119.96915284">
      </trkpt>
      <trkpt lat="49.37700556" lon="-119.96952273">
      </trkpt>
      <trkpt lat="49.37709625" lon="-119.96991428">
      </trkpt>
      <trkpt lat="49.37721316" lon="-119.97010087">
      </trkpt>
      <trkpt lat="49.37729451" lon="-119.9702293">
      </trkpt>
      <trkpt lat="49.37739806" lon="-119.97036946">
      </trkpt>
      <trkpt lat="49.37748158" lon="-119.97049395">
      </trkpt>
      <trkpt lat="49.37755539" lon="-119.97061604">
      </trkpt>
      <trkpt lat="49.37764605" lon="-119.9707396">
      </trkpt>
      <trkpt lat="49.37773725" lon="-119.97083015">
      </trkpt>
      <trkpt lat="49.37784841" lon="-119.97089248">
      </trkpt>
      <trkpt lat="49.377954" lon="-119.9709409">
      </trkpt>
      <trkpt lat="49.37806694" lon="-119.97099203">
      </trkpt>
      <trkpt lat="49.37822445" lon="-119.97107026">
      </trkpt>
      <trkpt lat="49.37831953" lon="-119.97110333">
      </trkpt>
    </trkseg>
    <trkseg>
      <trkpt lat="49.35853785" lon="-119.96823821">
      </trkpt>
      <trkpt lat="49.35864133" lon="-119.96821256">
      </trkpt>
      <trkpt lat="49.35869903" lon="-119.96811451">
      </trkpt>
      <trkpt lat="49.3587236" lon="-119.96791818">
      </trkpt>
      <trkpt lat="49.35869619" lon="-119.96771051">
      </trkpt>
      <trkpt lat="49.35864427" lon="-119.96748796">
      </trkpt>
      <trkpt lat="49.35858106" lon="-119.9671341">
      </trkpt>
      <trkpt lat="49.35856872" lon="-119.96670117">
      </trkpt>
      <trkpt lat="49.35856899" lon="-119.96642351">
      </trkpt>
      <trkpt lat="49.35860441" lon="-119.96628007">
      </trkpt>
      <trkpt lat="49.35855593" lon="-119.96618984">
      </trkpt>
      <trkpt lat="49.3585088" lon="-119.96612358">
      </trkpt>
      <trkpt lat="49.35842695" lon="-119.96600149">
      </trkpt>
      <trkpt lat="49.358331" lon="-119.965839">
      </trkpt>
      <trkpt lat="49.35827693" lon="-119.96571932">
      </trkpt>
      <trkpt lat="49.35817578" lon="-119.96581703">
      </trkpt>
      <trkpt lat="49.35812291" lon="-119.96586014">
      </trkpt>
      <trkpt lat="49.35804318" lon="-119.96584641">
      </trkpt>
      <trkpt lat="49.3579425" lon="-119.96581129">
      </trkpt>
      <trkpt lat="49.35785325" lon="-119.96576862">
      </trkpt>
      <trkpt lat="49.35776601" lon="-119.96576192">
      </trkpt>
      <trkpt lat="49.35769546" lon="-119.96577113">
      </trkpt>
      <trkpt lat="49.35763709" lon="-119.9658572">
      </trkpt>
      <trkpt lat="49.3575764" lon="-119.96589099">
      </trkpt>
      <trkpt lat="49.35758589" lon="-119.96590847">
      </trkpt>
      <trkpt lat="49.35762798" lon="-119.96598212">
      </trkpt>
      <trkpt lat="49.35767134" lon="-119.96614007">
      </trkpt>
      <trkpt lat="49.35770901" lon="-119.96631985">
      </trkpt>
      <trkpt lat="49.35777293" lon="-119.96647512">
      </trkpt>
      <trkpt lat="49.35783606" lon="-119.96667797">
      </trkpt>
      <trkpt lat="49.35784133" lon="-119.96677227">
      </trkpt>
      <trkpt lat="49.35783603" lon="-119.96686268">
      </trkpt>
      <trkpt lat="49.35778871" lon="-119.96694275">
      </trkpt>
      <trkpt lat="49.35770507" lon="-119.96699061">
      </trkpt>
      <trkpt lat="49.35760704" lon="-119.96696647">
      </trkpt>
      <trkpt lat="49.35748916" lon="-119.96683409">
      </trkpt>
      <trkpt lat="49.35739986" lon="-119.9667191">
      </trkpt>
      <trkpt lat="49.35728403" lon="-119.9666234">
      </trkpt>
      <trkpt lat="49.35716936" lon="-119.96654865">
      </trkpt>
      <trkpt lat="49.35703756" lon="-119.96647615">
      </trkpt>
      <trkpt lat="49.35687528" lon="-119.96647623">
      </trkpt>
      <trkpt lat="49.35679301" lon="-119.96648697">
      </trkpt>
      <trkpt lat="49.35671564" lon="-119.96652347">
      </trkpt>
      <trkpt lat="49.35661436" lon="-119.96662641">
      </trkpt>
      <trkpt lat="49.35656772" lon="-119.96678026">
      </trkpt>
      <trkpt lat="49.35660146" lon="-119.96701334">
      </trkpt>
      <trkpt lat="49.35670309" lon="-119.96716366">
      </trkpt>
      <trkpt lat="49.35680559" lon="-119.9673297">
      </trkpt>
      <trkpt lat="49.35687302" lon="-119.96754782">
      </trkpt>
      <trkpt lat="49.35689953" lon="-119.96771324">
      </trkpt>
      <trkpt lat="49.35694465" lon="-119.96790261">
      </trkpt>
      <trkpt lat="49.35695686" lon="-119.96805934">
      </trkpt>
      <trkpt lat="49.3569541" lon="-119.96813359">
      </trkpt>
      <trkpt lat="49.3570089" lon="-119.96831114">
      </trkpt>
      <trkpt lat="49.35708106" lon="-119.96842839">
      </trkpt>
      <trkpt lat="49.35716253" lon="-119.96846524">
      </trkpt>
      <trkpt lat="49.35728247" lon="-119.96863429">
      </trkpt>
      <trkpt lat="49.35736127" lon="-119.96880872">
      </trkpt>
      <trkpt lat="49.35750674" lon="-119.96906415">
      </trkpt>
      <trkpt lat="49.35758612" lon="-119.96924905">
      </trkpt>
      <trkpt lat="49.35763721" lon="-119.96942182">
      </trkpt>
      <trkpt lat="49.35771104" lon="-119.96950718">
      </trkpt>
      <trkpt lat="49.3578025" lon="-119.96953747">
      </trkpt>
      <trkpt lat="49.35790893" lon="-119.96965023">
      </trkpt>
      <trkpt lat="49.35792143" lon="-119.96981219">
      </trkpt>
      <trkpt lat="49.35793469" lon="-119.97011129">
      </trkpt>
      <trkpt lat="49.35795755" lon="-119.97033524">
      </trkpt>
      <trkpt lat="49.35803054" lon="-119.97065291">
      </trkpt>
      <trkpt lat="49.35814491" lon="-119.97072242">
      </trkpt>
      <trkpt lat="49.3582497" lon="-119.97068237">
      </trkpt>
      <trkpt lat="49.35834815" lon="-119.97059035">
      </trkpt>
      <trkpt lat="49.35836867" lon="-119.97033963">
      </trkpt>
      <trkpt lat="49.35834885" lon="-119.97004668">
      </trkpt>
      <trkpt lat="49.35833422" lon="-119.96978471">
      </trkpt>
      <trkpt lat="49.35831215" lon="-119.96951316">
      </trkpt>
      <trkpt lat="49.35827017" lon="-119.9693181">
      </trkpt>
      <trkpt lat="49.35821244" lon="-119.96908814">
      </trkpt>
      <trkpt lat="49.3581606" lon="-119.96877826">
      </trkpt>
      <trkpt lat="49.35815173" lon="-119.96855776">
      </trkpt>
      <trkpt lat="49.35816176" lon="-119.96836646">
      </trkpt>
      <trkpt lat="49.35817785" lon="-119.96822187">
      </trkpt>
      <trkpt lat="49.35828185" lon="-119.9682294">
      </trkpt>
      <trkpt lat="49.35839212" lon="-119.96822556">
      </trkpt>
      <trkpt lat="49.35853785" lon="-119.96823821">
      </trkpt>
      <trkpt lat="49.35856748" lon="-119.96839794">
      </trkpt>
      <trkpt lat="49.35862534" lon="-119.96850649">
      </trkpt>
      <trkpt lat="49.35875673" lon="-119.96869515">
      </trkpt>
      <trkpt lat="49.35889271" lon="-119.96890434">
      </trkpt>
      <trkpt lat="49.35903518" lon="-119.96904408">
      </trkpt>
      <trkpt lat="49.35916021" lon="-119.9691808">
      </trkpt>
      <trkpt lat="49.35926722" lon="-119.96930405">
      </trkpt>
      <trkpt lat="49.35938824" lon="-119.96943075">
      </trkpt>
      <trkpt lat="49.35948928" lon="-119.96957062">
      </trkpt>
      <trkpt lat="49.35961302" lon="-119.9698078">
      </trkpt>
      <trkpt lat="49.35971071" lon="-119.97001143">
      </trkpt>
      <trkpt lat="49.35978245" lon="-119.97024484">
      </trkpt>
      <trkpt lat="49.35984704" lon="-119.97047391">
      </trkpt>
      <trkpt lat="49.35990869" lon="-119.97065058">
      </trkpt>
      <trkpt lat="49.36003778" lon="-119.97061262">
      </trkpt>
      <trkpt lat="49.36017342" lon="-119.97056854">
      </trkpt>
      <trkpt lat="49.36034794" lon="-119.97054047">
      </trkpt>
      <trkpt lat="49.3604631" lon="-119.97056239">
      </trkpt>
      <trkpt lat="49.36061401" lon="-119.97060603">
      </trkpt>
      <trkpt lat="49.36079538" lon="-119.97057709">
      </trkpt>
      <trkpt lat="49.36090469" lon="-119.97049421">
      </trkpt>
      <trkpt lat="49.36098483" lon="-119.97038347">
      </trkpt>
      <trkpt lat="49.36102922" lon="-119.97025101">
      </trkpt>
      <trkpt lat="49.36103729" lon="-119.97008634">
      </trkpt>
      <trkpt lat="49.36102362" lon="-119.9699034">
      </trkpt>
      <trkpt lat="49.36098047" lon="-119.96968736">
      </trkpt>
      <trkpt lat="49.36103544" lon="-119.9695588">
      </trkpt>
      <trkpt lat="49.36109793" lon="-119.96950314">
      </trkpt>
      <trkpt lat="49.36115904" lon="-119.96948461">
      </trkpt>
      <trkpt lat="49.3612753" lon="-119.96946415">
      </trkpt>
      <trkpt lat="49.36135208" lon="-119.96941718">
      </trkpt>
      <trkpt lat="49.36145708" lon="-119.96931903">
      </trkpt>
      <trkpt lat="49.36155502" lon="-119.96927986">
      </trkpt>
      <trkpt lat="49.36164808" lon="-119.96921494">
      </trkpt>
      <trkpt lat="49.36180546" lon="-119.96918912">
      </trkpt>
      <trkpt lat="49.36191945" lon="-119.96919007">
      </trkpt>
      <trkpt lat="49.36201542" lon="-119.96917754">
      </trkpt>
      <trkpt lat="49.36216039" lon="-119.96905305">
      </trkpt>
      <trkpt lat="49.36224621" lon="-119.96892046">
      </trkpt>
      <trkpt lat="49.3623948" lon="-119.96873744">
      </trkpt>
      <trkpt lat="49.36255143" lon="-119.96857449">
      </trkpt>
      <trkpt lat="49.36267416" lon="-119.96848458">
      </trkpt>
      <trkpt lat="49.36289266" lon="-119.96844021">
      </trkpt>
      <trkpt lat="49.36306287" lon="-119.96839688">
      </trkpt>
      <trkpt lat="49.36318012" lon="-119.96827072">
      </trkpt>
      <trkpt lat="49.363339" lon="-119.96808636">
      </trkpt>
      <trkpt lat="49.3634682" lon="-119.96792699">
      </trkpt>
      <trkpt lat="49.36357086" lon="-119.9677869">
      </trkpt>
      <trkpt lat="49.36366077" lon="-119.96772766">
      </trkpt>
      <trkpt lat="49.36378028" lon="-119.9675801">
      </trkpt>
      <trkpt lat="49.36387265" lon="-119.96744136">
      </trkpt>
      <trkpt lat="49.36401118" lon="-119.96720159">
      </trkpt>
      <trkpt lat="49.3641252" lon="-119.96701779">
      </trkpt>
      <trkpt lat="49.3642312" lon="-119.96681394">
      </trkpt>
      <trkpt lat="49.36436896" lon="-119.96643703">
      </trkpt>
      <trkpt lat="49.36444608" lon="-119.96621054">
      </trkpt>
      <trkpt lat="49.36453473" lon="-119.96606701">
      </trkpt>
      <trkpt lat="49.36462789" lon="-119.96588066">
      </trkpt>
      <trkpt lat="49.36473703" lon="-119.96567111">
      </trkpt>
      <trkpt lat="49.36489277" lon="-119.96549242">
      </trkpt>
      <trkpt lat="49.36503998" lon="-119.9653465">
      </trkpt>
      <trkpt lat="49.36521482" lon="-119.96513893">
      </trkpt>
      <trkpt lat="49.36532091" lon="-119.96499839">
      </trkpt>
      <trkpt lat="49.36541926" lon="-119.96484301">
      </trkpt>
      <trkpt lat="49.36556296" lon="-119.96463422">
      </trkpt>
      <trkpt lat="49.36569341" lon="-119.96455912">
      </trkpt>
      <trkpt lat="49.36580527" lon="-119.96446004">
      </trkpt>
      <trkpt lat="49.36592398" lon="-119.96436008">
      </trkpt>
      <trkpt lat="49.36605042" lon="-119.96427494">
      </trkpt>
      <trkpt lat="49.36622848" lon="-119.96412499">
      </trkpt>
      <trkpt lat="49.36641478" lon="-119.96393702">
      </trkpt>
      <trkpt lat="49.36655388" lon="-119.96370771">
      </trkpt>
      <trkpt lat="49.36662882" lon="-119.96356595">
      </trkpt>
      <trkpt lat="49.36672315" lon="-119.96340054">
      </trkpt>
      <trkpt lat="49.36682385" lon="-119.9632871">
      </trkpt>
      <trkpt lat="49.36692854" lon="-119.96318367">
      </trkpt>
      <trkpt lat="49.36698928" lon="-119.96309656">
      </trkpt>
      <trkpt lat="49.36707764" lon="-119.96294777">
      </trkpt>
      <trkpt lat="49.36711888" lon="-119.96282097">
      </trkpt>
      <trkpt lat="49.36715348" lon="-119.96263698">
      </trkpt>
      <trkpt lat="49.36719924" lon="-119.96246736">
      </trkpt>
      <trkpt lat="49.36723472" lon="-119.96229909">
      </trkpt>
      <trkpt lat="49.36729898" lon="-119.9620901">
      </trkpt>
      <trkpt lat="49.36737501" lon="-119.96190597">
      </trkpt>
      <trkpt lat="49.36744859" lon="-119.96161658">
      </trkpt>
      <trkpt lat="49.36743951" lon="-119.96145414">
      </trkpt>
      <trkpt lat="49.36741946" lon="-119.96121922">
      </trkpt>
      <trkpt lat="49.36740176" lon="-119.96102622">
      </trkpt>
      <trkpt lat="49.36741128" lon="-119.96088773">
      </trkpt>
      <trkpt lat="49.36747016" lon="-119.96070584">
      </trkpt>
      <trkpt lat="49.36756509" lon="-119.96036616">
      </trkpt>
      <trkpt lat="49.36763613" lon="-119.96009293">
      </trkpt>
      <trkpt lat="49.36777473" lon="-119.95991645">
      </trkpt>
      <trkpt lat="49.36792427" lon="-119.95981244">
      </trkpt>
      <trkpt lat="49.36807784" lon="-119.95971846">
      </trkpt>
      <trkpt lat="49.36821123" lon="-119.95969574">
      </trkpt>
      <trkpt lat="49.36833149" lon="-119.95968529">
      </trkpt>
      <trkpt lat="49.36841774" lon="-119.95986932">
      </trkpt>
      <trkpt lat="49.3684619" lon="-119.95997968">
      </trkpt>
      <trkpt lat="49.36854013" lon="-119.96014365">
      </trkpt>
      <trkpt lat="49.36861756" lon="-119.96035524">
      </trkpt>
      <trkpt lat="49.36870488" lon="-119.96068166">
      </trkpt>
      <trkpt lat="49.36875577" lon="-119.96091255">
      </trkpt>
      <trkpt lat="49.36882164" lon="-119.96122594">
      </trkpt>
      <trkpt lat="49.36889788" lon="-119.96160132">
      </trkpt>
      <trkpt lat="49.36898999" lon="-119.96189018">
      </trkpt>
      <trkpt lat="49.36903725" lon="-119.96217961">
      </trkpt>
      <trkpt lat="49.36909353" lon="-119.96238341">
      </trkpt>
      <trkpt lat="49.36923148" lon="-119.96256596">
      </trkpt>
      <trkpt lat="49.36935251" lon="-119.96269267">
      </trkpt>
      <trkpt lat="49.36953787" lon="-119.96285848">
      </trkpt>
      <trkpt lat="49.36973451" lon="-119.96291724">
      </trkpt>
      <trkpt lat="49.37010616" lon="-119.96289507">
      </trkpt>
      <trkpt lat="49.3703226" lon="-119.96281399">
      </trkpt>
      <trkpt lat="49.37052896" lon="-119.96267615">
      </trkpt>
      <trkpt lat="49.37069164" lon="-119.96255987">
      </trkpt>
      <trkpt lat="49.37079898" lon="-119.9625036">
      </trkpt>
      <trkpt lat="49.37088859" lon="-119.9624391">
      </trkpt>
      <trkpt lat="49.37105068" lon="-119.96231233">
      </trkpt>
      <trkpt lat="49.37118829" lon="-119.96224155">
      </trkpt>
      <trkpt lat="49.37129592" lon="-119.96219053">
      </trkpt>
      <trkpt lat="49.3714637" lon="-119.96204191">
      </trkpt>
      <trkpt lat="49.37154069" lon="-119.96193681">
      </trkpt>
      <trkpt lat="49.37166675" lon="-119.96178309">
      </trkpt>
      <trkpt lat="49.37179084" lon="-119.96165599">
      </trkpt>
      <trkpt lat="49.37193128" lon="-119.96157429">
      </trkpt>
      <trkpt lat="49.37205292" lon="-119.96152671">
      </trkpt>
      <trkpt lat="49.37214773" lon="-119.9614932">
      </trkpt>
      <trkpt lat="49.37222843" lon="-119.9613929">
      </trkpt>
      <trkpt lat="49.37228339" lon="-119.96126429">
      </trkpt>
      <trkpt lat="49.37232317" lon="-119.96111128">
      </trkpt>
      <trkpt lat="49.37237607" lon="-119.96094599">
      </trkpt>
      <trkpt lat="49.37243592" lon="-119.96084313">
      </trkpt>
      <trkpt lat="49.37257794" lon="-119.96066618">
      </trkpt>
      <trkpt lat="49.37270174" lon="-119.96053386">
      </trkpt>
      <trkpt lat="49.37280155" lon="-119.96040466">
      </trkpt>
      <trkpt lat="49.37289333" lon="-119.9602554">
      </trkpt>
      <trkpt lat="49.3729762" lon="-119.96007035">
      </trkpt>
      <trkpt lat="49.37303302" lon="-119.95985175">
      </trkpt>
      <trkpt lat="49.37308926" lon="-119.95962266">
      </trkpt>
      <trkpt lat="49.3731552" lon="-119.95938175">
      </trkpt>
      <trkpt lat="49.37319841" lon="-119.95922829">
      </trkpt>
      <trkpt lat="49.3732896" lon="-119.95906853">
      </trkpt>
      <trkpt lat="49.37339851" lon="-119.95891703">
      </trkpt>
      <trkpt lat="49.37349999" lon="-119.95875594">
      </trkpt>
      <trkpt lat="49.37355866" lon="-119.95863211">
      </trkpt>
      <trkpt lat="49.37365181" lon="-119.95844571">
      </trkpt>
      <trkpt lat="49.37373447" lon="-119.95831875">
      </trkpt>
      <trkpt lat="49.37381626" lon="-119.95817607">
      </trkpt>
      <trkpt lat="49.37390683" lon="-119.9580002">
      </trkpt>
    </trkseg>
    <trkseg>
      <trkpt lat="49.35695686" lon="-119.96805934">
      </trkpt>
      <trkpt lat="49.35709935" lon="-119.96803367">
      </trkpt>
      <trkpt lat="49.35723263" lon="-119.96801627">
      </trkpt>
      <trkpt lat="49.35742637" lon="-119.96802115">
      </trkpt>
      <trkpt lat="49.35763422" lon="-119.96806643">
      </trkpt>
      <trkpt lat="49.35781429" lon="-119.96810931">
      </trkpt>
      <trkpt lat="49.35805192" lon="-119.96819295">
      </trkpt>
      <trkpt lat="49.35812382" lon="-119.9682077">
      </trkpt>
      <trkpt lat="49.35817785" lon="-119.96822187">
      </trkpt>
    </trkseg>
    <trkseg>
      <trkpt lat="49.35827693" lon="-119.96571932">
      </trkpt>
      <trkpt lat="49.35822051" lon="-119.96555771">
      </trkpt>
      <trkpt lat="49.35818895" lon="-119.96541699">
      </trkpt>
      <trkpt lat="49.35820902" lon="-119.96528158">
      </trkpt>
      <trkpt lat="49.35826122" lon="-119.96522649">
      </trkpt>
      <trkpt lat="49.35834779" lon="-119.96522121">
      </trkpt>
      <trkpt lat="49.35840535" lon="-119.96526198">
      </trkpt>
      <trkpt lat="49.35843255" lon="-119.96532482">
      </trkpt>
      <trkpt lat="49.3584817" lon="-119.96542703">
      </trkpt>
      <trkpt lat="49.35854452" lon="-119.96549124">
      </trkpt>
      <trkpt lat="49.35860476" lon="-119.96557994">
      </trkpt>
      <trkpt lat="49.35871078" lon="-119.96571094">
      </trkpt>
      <trkpt lat="49.35888245" lon="-119.96581526">
      </trkpt>
      <trkpt lat="49.35902926" lon="-119.96589869">
      </trkpt>
      <trkpt lat="49.3592502" lon="-119.9659664">
      </trkpt>
      <trkpt lat="49.35944754" lon="-119.96596477">
      </trkpt>
      <trkpt lat="49.35960744" lon="-119.96607063">
      </trkpt>
      <trkpt lat="49.35973542" lon="-119.966241">
      </trkpt>
      <trkpt lat="49.35984939" lon="-119.96644339">
      </trkpt>
      <trkpt lat="49.3599309" lon="-119.96655949">
      </trkpt>
      <trkpt lat="49.360016" lon="-119.96666909">
      </trkpt>
      <trkpt lat="49.36009415" lon="-119.96672527">
      </trkpt>
      <trkpt lat="49.36017456" lon="-119.96675098">
      </trkpt>
      <trkpt lat="49.36026471" lon="-119.96673921">
      </trkpt>
      <trkpt lat="49.36033718" lon="-119.96669354">
      </trkpt>
      <trkpt lat="49.36040348" lon="-119.96667884">
      </trkpt>
      <trkpt lat="49.36050101" lon="-119.96679889">
      </trkpt>
      <trkpt lat="49.36062463" lon="-119.96689138">
      </trkpt>
      <trkpt lat="49.36075877" lon="-119.96703079">
      </trkpt>
      <trkpt lat="49.36085438" lon="-119.96718729">
      </trkpt>
      <trkpt lat="49.36094674" lon="-119.9673563">
      </trkpt>
      <trkpt lat="49.3610185" lon="-119.96750989">
      </trkpt>
      <trkpt lat="49.36108533" lon="-119.96764602">
      </trkpt>
      <trkpt lat="49.36114399" lon="-119.96777718">
      </trkpt>
      <trkpt lat="49.36113591" lon="-119.96784462">
      </trkpt>
      <trkpt lat="49.36107162" lon="-119.96789526">
      </trkpt>
      <trkpt lat="49.36097081" lon="-119.96799896">
      </trkpt>
      <trkpt lat="49.3608178" lon="-119.96815776">
      </trkpt>
      <trkpt lat="49.36065316" lon="-119.96817926">
      </trkpt>
      <trkpt lat="49.36050689" lon="-119.96824663">
      </trkpt>
      <trkpt lat="49.36037415" lon="-119.96841485">
      </trkpt>
      <trkpt lat="49.36028352" lon="-119.96855946">
      </trkpt>
      <trkpt lat="49.3601873" lon="-119.96867463">
      </trkpt>
      <trkpt lat="49.36008185" lon="-119.96874383">
      </trkpt>
      <trkpt lat="49.36004744" lon="-119.96886971">
      </trkpt>
      <trkpt lat="49.35996485" lon="-119.96905993">
      </trkpt>
      <trkpt lat="49.35994132" lon="-119.96919495">
      </trkpt>
      <trkpt lat="49.35994587" lon="-119.96940019">
      </trkpt>
      <trkpt lat="49.36000039" lon="-119.96957251">
      </trkpt>
      <trkpt lat="49.36009691" lon="-119.96975519">
      </trkpt>
      <trkpt lat="49.36026395" lon="-119.96990228">
      </trkpt>
      <trkpt lat="49.36043768" lon="-119.96992182">
      </trkpt>
      <trkpt lat="49.36061199" lon="-119.96995184">
      </trkpt>
      <trkpt lat="49.36076457" lon="-119.9699636">
      </trkpt>
      <trkpt lat="49.36088249" lon="-119.96991126">
      </trkpt>
      <trkpt lat="49.36092354" lon="-119.96984258">
      </trkpt>
      <trkpt lat="49.36098047" lon="-119.96968736">
      </trkpt>
    </trkseg>
    <trkseg>
      <trkpt lat="49.35938824" lon="-119.96943075">
      </trkpt>
      <trkpt lat="49.35946126" lon="-119.96913096">
      </trkpt>
      <trkpt lat="49.35954466" lon="-119.96889313">
      </trkpt>
      <trkpt lat="49.35957993" lon="-119.96878297">
      </trkpt>
      <trkpt lat="49.35959974" lon="-119.96864317">
      </trkpt>
      <trkpt lat="49.35959799" lon="-119.96861173">
      </trkpt>
      <trkpt lat="49.35967251" lon="-119.96858616">
      </trkpt>
      <trkpt lat="49.35977113" lon="-119.96862079">
      </trkpt>
      <trkpt lat="49.35989403" lon="-119.96865752">
      </trkpt>
      <trkpt lat="49.35999891" lon="-119.96868078">
      </trkpt>
      <trkpt lat="49.36008185" lon="-119.96874383">
      </trkpt>
    </trkseg>
    <trkseg>
      <trkpt lat="49.35860441" lon="-119.96628007">
      </trkpt>
      <trkpt lat="49.3587026" lon="-119.9664121">
      </trkpt>
      <trkpt lat="49.35882139" lon="-119.96655954">
      </trkpt>
      <trkpt lat="49.35903504" lon="-119.96677908">
      </trkpt>
      <trkpt lat="49.35920298" lon="-119.96702875">
      </trkpt>
      <trkpt lat="49.35932311" lon="-119.96720016">
      </trkpt>
      <trkpt lat="49.35939028" lon="-119.96734226">
      </trkpt>
      <trkpt lat="49.35948117" lon="-119.96762614">
      </trkpt>
      <trkpt lat="49.35950981" lon="-119.96778535">
      </trkpt>
      <trkpt lat="49.3595503" lon="-119.96801544">
      </trkpt>
      <trkpt lat="49.35955967" lon="-119.9681832">
      </trkpt>
      <trkpt lat="49.35955437" lon="-119.96837099">
      </trkpt>
      <trkpt lat="49.35954573" lon="-119.96849886">
      </trkpt>
      <trkpt lat="49.35956575" lon="-119.9685747">
      </trkpt>
      <trkpt lat="49.35959799" lon="-119.96861173">
      </trkpt>
    </trkseg>
    <trkseg>
      <trkpt lat="49.3575764" lon="-119.96589099">
      </trkpt>
      <trkpt lat="49.35748965" lon="-119.96573105">
      </trkpt>
      <trkpt lat="49.35739037" lon="-119.96559873">
      </trkpt>
      <trkpt lat="49.35738145" lon="-119.96558685">
      </trkpt>
      <trkpt lat="49.35727924" lon="-119.96542605">
      </trkpt>
      <trkpt lat="49.35719467" lon="-119.96521017">
      </trkpt>
      <trkpt lat="49.35715962" lon="-119.96507753">
      </trkpt>
      <trkpt lat="49.35712342" lon="-119.96492394">
      </trkpt>
      <trkpt lat="49.35707838" lon="-119.96479788">
      </trkpt>
      <trkpt lat="49.35698821" lon="-119.96466717">
      </trkpt>
      <trkpt lat="49.35688922" lon="-119.96456399">
      </trkpt>
      <trkpt lat="49.35677506" lon="-119.96443642">
      </trkpt>
      <trkpt lat="49.35670231" lon="-119.96430871">
      </trkpt>
      <trkpt lat="49.35664858" lon="-119.9640888">
      </trkpt>
      <trkpt lat="49.35662904" lon="-119.96380111">
      </trkpt>
      <trkpt lat="49.35665582" lon="-119.96353902">
      </trkpt>
      <trkpt lat="49.35670186" lon="-119.96337468">
      </trkpt>
      <trkpt lat="49.35667242" lon="-119.96315687">
      </trkpt>
      <trkpt lat="49.35665423" lon="-119.96301676">
      </trkpt>
      <trkpt lat="49.35665259" lon="-119.96286393">
      </trkpt>
      <trkpt lat="49.35672791" lon="-119.96279076">
      </trkpt>
      <trkpt lat="49.35685013" lon="-119.96275368">
      </trkpt>
      <trkpt lat="49.35699949" lon="-119.96270778">
      </trkpt>
      <trkpt lat="49.35712798" lon="-119.96265933">
      </trkpt>
      <trkpt lat="49.35727185" lon="-119.96257719">
      </trkpt>
      <trkpt lat="49.35734053" lon="-119.96244684">
      </trkpt>
      <trkpt lat="49.35744848" lon="-119.96248407">
      </trkpt>
      <trkpt lat="49.35754064" lon="-119.96250823">
      </trkpt>
      <trkpt lat="49.3576439" lon="-119.96251889">
      </trkpt>
      <trkpt lat="49.3578475" lon="-119.96255867">
      </trkpt>
      <trkpt lat="49.35800954" lon="-119.96256164">
      </trkpt>
      <trkpt lat="49.35814023" lon="-119.9625687">
      </trkpt>
      <trkpt lat="49.35823609" lon="-119.96265877">
      </trkpt>
      <trkpt lat="49.35831144" lon="-119.96280584">
      </trkpt>
      <trkpt lat="49.35840773" lon="-119.96297431">
      </trkpt>
      <trkpt lat="49.3584946" lon="-119.96318626">
      </trkpt>
      <trkpt lat="49.35857866" lon="-119.96348912">
      </trkpt>
      <trkpt lat="49.35862624" lon="-119.96363379">
      </trkpt>
      <trkpt lat="49.35865991" lon="-119.96388287">
      </trkpt>
      <trkpt lat="49.35871767" lon="-119.96406845">
      </trkpt>
      <trkpt lat="49.35876568" lon="-119.96429152">
      </trkpt>
      <trkpt lat="49.35882209" lon="-119.96445313">
      </trkpt>
      <trkpt lat="49.35887235" lon="-119.96464573">
      </trkpt>
      <trkpt lat="49.35885911" lon="-119.96476214">
      </trkpt>
      <trkpt lat="49.35879056" lon="-119.9648073">
      </trkpt>
      <trkpt lat="49.35866939" lon="-119.96482916">
      </trkpt>
      <trkpt lat="49.35855695" lon="-119.96479557">
      </trkpt>
      <trkpt lat="49.35848936" lon="-119.96482797">
      </trkpt>
      <trkpt lat="49.35848773" lon="-119.96482875">
      </trkpt>
      <trkpt lat="49.3584474" lon="-119.96495472">
      </trkpt>
      <trkpt lat="49.35847446" lon="-119.96515639">
      </trkpt>
      <trkpt lat="49.35850928" lon="-119.96528462">
      </trkpt>
      <trkpt lat="49.3584817" lon="-119.96542703">
      </trkpt>
    </trkseg>
    <trkseg>
      <trkpt lat="49.35739037" lon="-119.96559873">
      </trkpt>
      <trkpt lat="49.35739853" lon="-119.96533314">
      </trkpt>
      <trkpt lat="49.3573728" lon="-119.96515544">
      </trkpt>
      <trkpt lat="49.35731461" lon="-119.96489147">
      </trkpt>
      <trkpt lat="49.35730097" lon="-119.96471822">
      </trkpt>
      <trkpt lat="49.35732921" lon="-119.9645878">
      </trkpt>
      <trkpt lat="49.35742811" lon="-119.96452057">
      </trkpt>
      <trkpt lat="49.35753304" lon="-119.96456117">
      </trkpt>
      <trkpt lat="49.35766226" lon="-119.96468311">
      </trkpt>
      <trkpt lat="49.35777155" lon="-119.9648016">
      </trkpt>
      <trkpt lat="49.35788991" lon="-119.96487063">
      </trkpt>
      <trkpt lat="49.35803103" lon="-119.96485219">
      </trkpt>
      <trkpt lat="49.3581437" lon="-119.96481938">
      </trkpt>
      <trkpt lat="49.35825278" lon="-119.96479305">
      </trkpt>
      <trkpt lat="49.3583613" lon="-119.96482716">
      </trkpt>
      <trkpt lat="49.35841718" lon="-119.96483796">
      </trkpt>
      <trkpt lat="49.35848936" lon="-119.96482797">
      </trkpt>
    </trkseg>
    <trkseg>
      <trkpt lat="49.36040348" lon="-119.96667884">
      </trkpt>
      <trkpt lat="49.36038311" lon="-119.966597">
      </trkpt>
      <trkpt lat="49.36031169" lon="-119.96644941">
      </trkpt>
      <trkpt lat="49.36026479" lon="-119.96631672">
      </trkpt>
      <trkpt lat="49.36023122" lon="-119.96614004">
      </trkpt>
      <trkpt lat="49.36019421" lon="-119.96583104">
      </trkpt>
      <trkpt lat="49.36018855" lon="-119.96551793">
      </trkpt>
      <trkpt lat="49.36020853" lon="-119.96531011">
      </trkpt>
      <trkpt lat="49.36021731" lon="-119.9650434">
      </trkpt>
      <trkpt lat="49.36018263" lon="-119.96477634">
      </trkpt>
      <trkpt lat="49.36004919" lon="-119.96443768">
      </trkpt>
      <trkpt lat="49.35993076" lon="-119.96408499">
      </trkpt>
      <trkpt lat="49.35983484" lon="-119.96371125">
      </trkpt>
      <trkpt lat="49.3597685" lon="-119.96323105">
      </trkpt>
      <trkpt lat="49.35970853" lon="-119.96286469">
      </trkpt>
      <trkpt lat="49.35965416" lon="-119.96252779">
      </trkpt>
      <trkpt lat="49.35962574" lon="-119.96230214">
      </trkpt>
      <trkpt lat="49.35957089" lon="-119.96209808">
      </trkpt>
      <trkpt lat="49.35943316" lon="-119.96196519">
      </trkpt>
      <trkpt lat="49.35933372" lon="-119.96188162">
      </trkpt>
      <trkpt lat="49.35921324" lon="-119.96170424">
      </trkpt>
      <trkpt lat="49.35916791" lon="-119.96152909">
      </trkpt>
      <trkpt lat="49.35917678" lon="-119.9613348">
      </trkpt>
      <trkpt lat="49.3592805" lon="-119.96121262">
      </trkpt>
      <trkpt lat="49.3593981" lon="-119.96119725">
      </trkpt>
      <trkpt lat="49.3595504" lon="-119.96123769">
      </trkpt>
      <trkpt lat="49.35967638" lon="-119.96137212">
      </trkpt>
      <trkpt lat="49.35980952" lon="-119.96149353">
      </trkpt>
      <trkpt lat="49.35994782" lon="-119.96156598">
      </trkpt>
      <trkpt lat="49.36008759" lon="-119.96152357">
      </trkpt>
      <trkpt lat="49.36018123" lon="-119.96143288">
      </trkpt>
      <trkpt lat="49.36029346" lon="-119.96132164">
      </trkpt>
      <trkpt lat="49.36042988" lon="-119.96121931">
      </trkpt>
      <trkpt lat="49.36049956" lon="-119.96105327">
      </trkpt>
      <trkpt lat="49.36053373" lon="-119.96095827">
      </trkpt>
      <trkpt lat="49.36052119" lon="-119.96087542">
      </trkpt>
      <trkpt lat="49.36044695" lon="-119.96081873">
      </trkpt>
      <trkpt lat="49.36037013" lon="-119.96078652">
      </trkpt>
      <trkpt lat="49.36028188" lon="-119.96076184">
      </trkpt>
      <trkpt lat="49.3602259" lon="-119.96067863">
      </trkpt>
      <trkpt lat="49.36017966" lon="-119.96055792">
      </trkpt>
      <trkpt lat="49.36004755" lon="-119.96024325">
      </trkpt>
      <trkpt lat="49.35994532" lon="-119.96003933">
      </trkpt>
      <trkpt lat="49.35977884" lon="-119.95967483">
      </trkpt>
      <trkpt lat="49.35962354" lon="-119.95936922">
      </trkpt>
      <trkpt lat="49.35955793" lon="-119.95918467">
      </trkpt>
      <trkpt lat="49.35953645" lon="-119.95901246">
      </trkpt>
      <trkpt lat="49.35944204" lon="-119.95901875">
      </trkpt>
      <trkpt lat="49.35933979" lon="-119.95902609">
      </trkpt>
      <trkpt lat="49.35922152" lon="-119.95902949">
      </trkpt>
      <trkpt lat="49.35916565" lon="-119.95901868">
      </trkpt>
      <trkpt lat="49.35904805" lon="-119.95903406">
      </trkpt>
      <trkpt lat="49.35893606" lon="-119.95907888">
      </trkpt>
      <trkpt lat="49.35884208" lon="-119.95916359">
      </trkpt>
      <trkpt lat="49.35874128" lon="-119.9592673">
      </trkpt>
      <trkpt lat="49.35864932" lon="-119.95938797">
      </trkpt>
      <trkpt lat="49.35866229" lon="-119.95954922">
      </trkpt>
      <trkpt lat="49.35876653" lon="-119.95978908">
      </trkpt>
      <trkpt lat="49.35887592" lon="-119.95997997">
      </trkpt>
      <trkpt lat="49.35898856" lon="-119.96015838">
      </trkpt>
      <trkpt lat="49.3591133" lon="-119.96034124">
      </trkpt>
      <trkpt lat="49.3592694" lon="-119.96051999">
      </trkpt>
      <trkpt lat="49.3593424" lon="-119.96062513">
      </trkpt>
      <trkpt lat="49.35934877" lon="-119.96073898">
      </trkpt>
      <trkpt lat="49.3592492" lon="-119.96079423">
      </trkpt>
      <trkpt lat="49.35911234" lon="-119.96081816">
      </trkpt>
      <trkpt lat="49.3589905" lon="-119.96082805">
      </trkpt>
      <trkpt lat="49.35882811" lon="-119.9608191">
      </trkpt>
      <trkpt lat="49.3586244" lon="-119.96070692">
      </trkpt>
      <trkpt lat="49.35848935" lon="-119.96062196">
      </trkpt>
      <trkpt lat="49.35833303" lon="-119.96050962">
      </trkpt>
      <trkpt lat="49.35820033" lon="-119.96046662">
      </trkpt>
      <trkpt lat="49.35808497" lon="-119.96045152">
      </trkpt>
      <trkpt lat="49.35799515" lon="-119.9604693">
      </trkpt>
      <trkpt lat="49.35791787" lon="-119.96056992">
      </trkpt>
      <trkpt lat="49.35792792" lon="-119.96074967">
      </trkpt>
      <trkpt lat="49.35805233" lon="-119.96092654">
      </trkpt>
      <trkpt lat="49.35822041" lon="-119.96103734">
      </trkpt>
      <trkpt lat="49.35832668" lon="-119.96110191">
      </trkpt>
      <trkpt lat="49.35845725" lon="-119.9612478">
      </trkpt>
      <trkpt lat="49.35859542" lon="-119.96145908">
      </trkpt>
      <trkpt lat="49.35868062" lon="-119.96164107">
      </trkpt>
      <trkpt lat="49.35872809" lon="-119.96171332">
      </trkpt>
      <trkpt lat="49.35879383" lon="-119.96175905">
      </trkpt>
      <trkpt lat="49.35886124" lon="-119.96183474">
      </trkpt>
      <trkpt lat="49.35888093" lon="-119.96190459">
      </trkpt>
      <trkpt lat="49.35884677" lon="-119.96199958">
      </trkpt>
      <trkpt lat="49.35878405" lon="-119.96200778">
      </trkpt>
      <trkpt lat="49.35869412" lon="-119.96195315">
      </trkpt>
      <trkpt lat="49.35859111" lon="-119.96187608">
      </trkpt>
      <trkpt lat="49.35849817" lon="-119.96176751">
      </trkpt>
      <trkpt lat="49.35837487" lon="-119.96168103">
      </trkpt>
      <trkpt lat="49.3582143" lon="-119.96156321">
      </trkpt>
      <trkpt lat="49.35808976" lon="-119.96152517">
      </trkpt>
      <trkpt lat="49.3579323" lon="-119.96153368">
      </trkpt>
      <trkpt lat="49.35778234" lon="-119.96153517">
      </trkpt>
      <trkpt lat="49.35758782" lon="-119.96144592">
      </trkpt>
      <trkpt lat="49.35736419" lon="-119.96133031">
      </trkpt>
      <trkpt lat="49.35721604" lon="-119.96122294">
      </trkpt>
      <trkpt lat="49.35704963" lon="-119.96114209">
      </trkpt>
      <trkpt lat="49.35687705" lon="-119.96109223">
      </trkpt>
      <trkpt lat="49.35673393" lon="-119.96107471">
      </trkpt>
      <trkpt lat="49.35663393" lon="-119.96105158">
      </trkpt>
      <trkpt lat="49.35650223" lon="-119.96102655">
      </trkpt>
      <trkpt lat="49.35641364" lon="-119.96099589">
      </trkpt>
      <trkpt lat="49.35633783" lon="-119.96098165">
      </trkpt>
      <trkpt lat="49.35625909" lon="-119.96098591">
      </trkpt>
      <trkpt lat="49.35615494" lon="-119.9610297">
      </trkpt>
      <trkpt lat="49.35600743" lon="-119.96114554">
      </trkpt>
      <trkpt lat="49.35592139" lon="-119.96130161">
      </trkpt>
      <trkpt lat="49.35588643" lon="-119.96152345">
      </trkpt>
      <trkpt lat="49.35590207" lon="-119.96173261">
      </trkpt>
      <trkpt lat="49.35595099" lon="-119.96190124">
      </trkpt>
      <trkpt lat="49.35603084" lon="-119.96198737">
      </trkpt>
      <trkpt lat="49.35620777" lon="-119.96211512">
      </trkpt>
      <trkpt lat="49.35643431" lon="-119.96221226">
      </trkpt>
      <trkpt lat="49.35664216" lon="-119.96225751">
      </trkpt>
      <trkpt lat="49.35685953" lon="-119.9623317">
      </trkpt>
      <trkpt lat="49.35712842" lon="-119.9623388">
      </trkpt>
      <trkpt lat="49.35724903" lon="-119.96237736">
      </trkpt>
      <trkpt lat="49.35734053" lon="-119.96244684">
      </trkpt>
    </trkseg>
    <trkseg>
      <trkpt lat="49.35953645" lon="-119.95901246">
      </trkpt>
      <trkpt lat="49.3596583" lon="-119.95883647">
      </trkpt>
      <trkpt lat="49.35975416" lon="-119.95876675">
      </trkpt>
      <trkpt lat="49.35992183" lon="-119.95875435">
      </trkpt>
      <trkpt lat="49.36012574" lon="-119.95883254">
      </trkpt>
      <trkpt lat="49.36027199" lon="-119.95899451">
      </trkpt>
      <trkpt lat="49.36045485" lon="-119.95914216">
      </trkpt>
      <trkpt lat="49.36056627" lon="-119.95912759">
      </trkpt>
      <trkpt lat="49.36058044" lon="-119.95893512">
      </trkpt>
      <trkpt lat="49.3605182" lon="-119.9587145">
      </trkpt>
      <trkpt lat="49.36052142" lon="-119.95843767">
      </trkpt>
      <trkpt lat="49.36055062" lon="-119.95829087">
      </trkpt>
      <trkpt lat="49.36053473" lon="-119.95800701">
      </trkpt>
      <trkpt lat="49.36053054" lon="-119.9578261">
      </trkpt>
      <trkpt lat="49.36053033" lon="-119.95781696">
      </trkpt>
      <trkpt lat="49.36061772" lon="-119.95759582">
      </trkpt>
      <trkpt lat="49.36072987" lon="-119.95737146">
      </trkpt>
      <trkpt lat="49.36080593" lon="-119.95717089">
      </trkpt>
      <trkpt lat="49.36081481" lon="-119.95688377">
      </trkpt>
      <trkpt lat="49.36079839" lon="-119.95659046">
      </trkpt>
      <trkpt lat="49.36079752" lon="-119.95635227">
      </trkpt>
      <trkpt lat="49.36085519" lon="-119.95626848">
      </trkpt>
      <trkpt lat="49.36097244" lon="-119.95635798">
      </trkpt>
      <trkpt lat="49.36109746" lon="-119.95647507">
      </trkpt>
      <trkpt lat="49.36120535" lon="-119.95650861">
      </trkpt>
      <trkpt lat="49.36123931" lon="-119.95644699">
      </trkpt>
      <trkpt lat="49.36124322" lon="-119.95629397">
      </trkpt>
      <trkpt lat="49.36125225" lon="-119.95612122">
      </trkpt>
      <trkpt lat="49.36133273" lon="-119.95611069">
      </trkpt>
      <trkpt lat="49.36142415" lon="-119.95618451">
      </trkpt>
      <trkpt lat="49.36152866" lon="-119.95638055">
      </trkpt>
      <trkpt lat="49.36174317" lon="-119.95664796">
      </trkpt>
      <trkpt lat="49.3619055" lon="-119.95687455">
      </trkpt>
      <trkpt lat="49.36200064" lon="-119.95701462">
      </trkpt>
      <trkpt lat="49.36211329" lon="-119.95713333">
      </trkpt>
      <trkpt lat="49.36222947" lon="-119.95720392">
      </trkpt>
      <trkpt lat="49.36240191" lon="-119.95727668">
      </trkpt>
      <trkpt lat="49.36249423" lon="-119.95725507">
      </trkpt>
      <trkpt lat="49.36256887" lon="-119.95714046">
      </trkpt>
      <trkpt lat="49.36260532" lon="-119.95701177">
      </trkpt>
      <trkpt lat="49.36260181" lon="-119.95672628">
      </trkpt>
      <trkpt lat="49.36256027" lon="-119.95654107">
      </trkpt>
      <trkpt lat="49.36253322" lon="-119.9563921">
      </trkpt>
      <trkpt lat="49.36256506" lon="-119.95629262">
      </trkpt>
      <trkpt lat="49.36268426" lon="-119.95630562">
      </trkpt>
      <trkpt lat="49.36284289" lon="-119.95646597">
      </trkpt>
      <trkpt lat="49.36297676" lon="-119.95662957">
      </trkpt>
      <trkpt lat="49.36304412" lon="-119.95683046">
      </trkpt>
      <trkpt lat="49.36313926" lon="-119.95697053">
      </trkpt>
      <trkpt lat="49.36325068" lon="-119.95695596">
      </trkpt>
      <trkpt lat="49.36334797" lon="-119.95680024">
      </trkpt>
      <trkpt lat="49.36336568" lon="-119.95655963">
      </trkpt>
      <trkpt lat="49.36335403" lon="-119.95635145">
      </trkpt>
      <trkpt lat="49.36334856" lon="-119.95614246">
      </trkpt>
      <trkpt lat="49.36343152" lon="-119.95606488">
      </trkpt>
      <trkpt lat="49.36361013" lon="-119.95613683">
      </trkpt>
      <trkpt lat="49.36371802" lon="-119.95617037">
      </trkpt>
      <trkpt lat="49.36384341" lon="-119.95618256">
      </trkpt>
      <trkpt lat="49.36398985" lon="-119.95612528">
      </trkpt>
      <trkpt lat="49.36408095" lon="-119.95597037">
      </trkpt>
      <trkpt lat="49.36408273" lon="-119.9557795">
      </trkpt>
      <trkpt lat="49.36406012" lon="-119.95548696">
      </trkpt>
      <trkpt lat="49.36411619" lon="-119.95537476">
      </trkpt>
      <trkpt lat="49.3642927" lon="-119.95540886">
      </trkpt>
      <trkpt lat="49.3644547" lon="-119.95540673">
      </trkpt>
      <trkpt lat="49.36463262" lon="-119.95535486">
      </trkpt>
      <trkpt lat="49.36479905" lon="-119.95520915">
      </trkpt>
      <trkpt lat="49.36496036" lon="-119.95508319">
      </trkpt>
      <trkpt lat="49.36507992" lon="-119.95499128">
      </trkpt>
      <trkpt lat="49.36519187" lon="-119.95498617">
      </trkpt>
      <trkpt lat="49.36521929" lon="-119.95503025">
      </trkpt>
      <trkpt lat="49.36524527" lon="-119.9551603">
      </trkpt>
      <trkpt lat="49.36527302" lon="-119.95543311">
      </trkpt>
      <trkpt lat="49.36531986" lon="-119.95571295">
      </trkpt>
      <trkpt lat="49.3653828" lon="-119.95605741">
      </trkpt>
      <trkpt lat="49.36542679" lon="-119.95650922">
      </trkpt>
      <trkpt lat="49.36545169" lon="-119.95695399">
      </trkpt>
      <trkpt lat="49.36551018" lon="-119.95744204">
      </trkpt>
      <trkpt lat="49.36560582" lon="-119.95792521">
      </trkpt>
      <trkpt lat="49.36564097" lon="-119.95833051">
      </trkpt>
      <trkpt lat="49.36564908" lon="-119.95858683">
      </trkpt>
      <trkpt lat="49.36563862" lon="-119.95884558">
      </trkpt>
      <trkpt lat="49.36560021" lon="-119.95905078">
      </trkpt>
      <trkpt lat="49.36564706" lon="-119.95933063">
      </trkpt>
      <trkpt lat="49.3658407" lon="-119.9594483">
      </trkpt>
      <trkpt lat="49.36602163" lon="-119.95933884">
      </trkpt>
      <trkpt lat="49.36611628" lon="-119.95913581">
      </trkpt>
      <trkpt lat="49.3661561" lon="-119.95884463">
      </trkpt>
      <trkpt lat="49.36623572" lon="-119.9585959">
      </trkpt>
      <trkpt lat="49.36632205" lon="-119.95835582">
      </trkpt>
      <trkpt lat="49.36636806" lon="-119.95806383">
      </trkpt>
      <trkpt lat="49.36638826" lon="-119.95775614">
      </trkpt>
      <trkpt lat="49.36650358" lon="-119.95758854">
      </trkpt>
      <trkpt lat="49.36665023" lon="-119.95731197">
      </trkpt>
      <trkpt lat="49.36666264" lon="-119.9569767">
      </trkpt>
      <trkpt lat="49.36669203" lon="-119.95661061">
      </trkpt>
      <trkpt lat="49.36680063" lon="-119.95643434">
      </trkpt>
      <trkpt lat="49.3669439" lon="-119.95632027">
      </trkpt>
      <trkpt lat="49.36712182" lon="-119.9562684">
      </trkpt>
      <trkpt lat="49.36729214" lon="-119.9563033">
      </trkpt>
      <trkpt lat="49.36746917" lon="-119.95634687">
      </trkpt>
      <trkpt lat="49.36766212" lon="-119.9563407">
      </trkpt>
      <trkpt lat="49.3678036" lon="-119.95641751">
      </trkpt>
      <trkpt lat="49.36790652" lon="-119.95658517">
      </trkpt>
      <trkpt lat="49.36805028" lon="-119.95681423">
      </trkpt>
      <trkpt lat="49.36815479" lon="-119.95701028">
      </trkpt>
      <trkpt lat="49.36822321" lon="-119.95723012">
      </trkpt>
      <trkpt lat="49.36827925" lon="-119.95745158">
      </trkpt>
      <trkpt lat="49.36828842" lon="-119.95772684">
      </trkpt>
      <trkpt lat="49.36826346" lon="-119.95794937">
      </trkpt>
      <trkpt lat="49.36836051" lon="-119.95834659">
      </trkpt>
      <trkpt lat="49.36833821" lon="-119.95861644">
      </trkpt>
      <trkpt lat="49.36829537" lon="-119.95896523">
      </trkpt>
      <trkpt lat="49.36829887" lon="-119.95925077">
      </trkpt>
      <trkpt lat="49.36831264" lon="-119.95949682">
      </trkpt>
      <trkpt lat="49.36833149" lon="-119.95968529">
      </trkpt>
    </trkseg>
    <trkseg>
      <trkpt lat="49.36053054" lon="-119.9578261">
      </trkpt>
      <trkpt lat="49.3604337" lon="-119.9578241">
      </trkpt>
      <trkpt lat="49.36029148" lon="-119.95782819">
      </trkpt>
      <trkpt lat="49.36013984" lon="-119.9578335">
      </trkpt>
      <trkpt lat="49.36003062" lon="-119.95783327">
      </trkpt>
      <trkpt lat="49.35991858" lon="-119.95778261">
      </trkpt>
      <trkpt lat="49.35984856" lon="-119.95771918">
      </trkpt>
      <trkpt lat="49.35983445" lon="-119.95746701">
      </trkpt>
      <trkpt lat="49.35983865" lon="-119.95711809">
      </trkpt>
      <trkpt lat="49.35982239" lon="-119.95674282">
      </trkpt>
      <trkpt lat="49.35976048" lon="-119.95631545">
      </trkpt>
      <trkpt lat="49.35970421" lon="-119.95598896">
      </trkpt>
      <trkpt lat="49.35963678" lon="-119.9555478">
      </trkpt>
      <trkpt lat="49.35948841" lon="-119.95510273">
      </trkpt>
      <trkpt lat="49.35945046" lon="-119.95467948">
      </trkpt>
      <trkpt lat="49.35943999" lon="-119.95423814">
      </trkpt>
      <trkpt lat="49.35947759" lon="-119.95389211">
      </trkpt>
      <trkpt lat="49.35955652" lon="-119.95360598">
      </trkpt>
      <trkpt lat="49.35973699" lon="-119.95343721">
      </trkpt>
      <trkpt lat="49.35999839" lon="-119.95327236">
      </trkpt>
      <trkpt lat="49.36030613" lon="-119.95308693">
      </trkpt>
      <trkpt lat="49.36050546" lon="-119.95291568">
      </trkpt>
      <trkpt lat="49.36062276" lon="-119.95280598">
      </trkpt>
      <trkpt lat="49.36068821" lon="-119.95270305">
      </trkpt>
      <trkpt lat="49.36061105" lon="-119.95259703">
      </trkpt>
      <trkpt lat="49.36050346" lon="-119.9523716">
      </trkpt>
      <trkpt lat="49.36041621" lon="-119.95208545">
      </trkpt>
      <trkpt lat="49.36037488" lon="-119.95177151">
      </trkpt>
      <trkpt lat="49.36032373" lon="-119.95119757">
      </trkpt>
      <trkpt lat="49.3602952" lon="-119.95077311">
      </trkpt>
      <trkpt lat="49.3603076" lon="-119.95040133">
      </trkpt>
      <trkpt lat="49.36035299" lon="-119.95002523">
      </trkpt>
      <trkpt lat="49.36040257" lon="-119.94955424">
      </trkpt>
      <trkpt lat="49.36048797" lon="-119.94887533">
      </trkpt>
      <trkpt lat="49.36054076" lon="-119.94846198">
      </trkpt>
      <trkpt lat="49.36057268" lon="-119.94801505">
      </trkpt>
      <trkpt lat="49.3605972" lon="-119.9476054">
      </trkpt>
      <trkpt lat="49.36057363" lon="-119.94710043">
      </trkpt>
      <trkpt lat="49.36048245" lon="-119.9465753">
      </trkpt>
      <trkpt lat="49.36037472" lon="-119.94600878">
      </trkpt>
      <trkpt lat="49.36021687" lon="-119.94556496">
      </trkpt>
      <trkpt lat="49.3601622" lon="-119.94526729">
      </trkpt>
      <trkpt lat="49.36004557" lon="-119.94505032">
      </trkpt>
      <trkpt lat="49.35986954" lon="-119.94479034">
      </trkpt>
      <trkpt lat="49.35975601" lon="-119.94454394">
      </trkpt>
      <trkpt lat="49.35961258" lon="-119.94427243">
      </trkpt>
      <trkpt lat="49.3595179" lon="-119.94402356">
      </trkpt>
      <trkpt lat="49.35940885" lon="-119.94376089">
      </trkpt>
      <trkpt lat="49.35929418" lon="-119.94348211">
      </trkpt>
      <trkpt lat="49.35917803" lon="-119.9431768">
      </trkpt>
      <trkpt lat="49.35897579" lon="-119.9426869">
      </trkpt>
      <trkpt lat="49.35886408" lon="-119.94214952">
      </trkpt>
      <trkpt lat="49.35882292" lon="-119.94172754">
      </trkpt>
      <trkpt lat="49.35879613" lon="-119.94125026">
      </trkpt>
      <trkpt lat="49.35878753" lon="-119.94099319">
      </trkpt>
      <trkpt lat="49.35884981" lon="-119.94075352">
      </trkpt>
      <trkpt lat="49.35901104" lon="-119.94061663">
      </trkpt>
      <trkpt lat="49.35919921" lon="-119.94044059">
      </trkpt>
      <trkpt lat="49.35948369" lon="-119.9402163">
      </trkpt>
      <trkpt lat="49.35973266" lon="-119.9400857">
      </trkpt>
      <trkpt lat="49.35992529" lon="-119.93998921">
      </trkpt>
      <trkpt lat="49.36013676" lon="-119.93991694">
      </trkpt>
      <trkpt lat="49.36038738" lon="-119.93991969">
      </trkpt>
      <trkpt lat="49.36065933" lon="-119.93999086">
      </trkpt>
      <trkpt lat="49.36087196" lon="-119.94004311">
      </trkpt>
      <trkpt lat="49.36101801" lon="-119.94005067">
      </trkpt>
      <trkpt lat="49.36120999" lon="-119.94015014">
      </trkpt>
      <trkpt lat="49.36143915" lon="-119.94028926">
      </trkpt>
      <trkpt lat="49.36164649" lon="-119.94035109">
      </trkpt>
      <trkpt lat="49.36193611" lon="-119.94032201">
      </trkpt>
      <trkpt lat="49.3621337" lon="-119.9403139">
      </trkpt>
      <trkpt lat="49.36246149" lon="-119.94034215">
      </trkpt>
      <trkpt lat="49.36284989" lon="-119.94030901">
      </trkpt>
      <trkpt lat="49.36313802" lon="-119.9402534">
      </trkpt>
      <trkpt lat="49.36334651" lon="-119.9401281">
      </trkpt>
      <trkpt lat="49.36359927" lon="-119.93996138">
      </trkpt>
      <trkpt lat="49.36383089" lon="-119.93983305">
      </trkpt>
      <trkpt lat="49.36407854" lon="-119.93978275">
      </trkpt>
      <trkpt lat="49.36426357" lon="-119.93975847">
      </trkpt>
      <trkpt lat="49.36445308" lon="-119.93981375">
      </trkpt>
      <trkpt lat="49.3646396" lon="-119.93981599">
      </trkpt>
      <trkpt lat="49.36481604" lon="-119.93984628">
      </trkpt>
      <trkpt lat="49.36504602" lon="-119.93989625">
      </trkpt>
      <trkpt lat="49.36532804" lon="-119.9399394">
      </trkpt>
      <trkpt lat="49.36552035" lon="-119.93994089">
      </trkpt>
      <trkpt lat="49.36570059" lon="-119.93993505">
      </trkpt>
      <trkpt lat="49.36600475" lon="-119.93995748">
      </trkpt>
      <trkpt lat="49.36623026" lon="-119.93992789">
      </trkpt>
      <trkpt lat="49.36635499" lon="-119.93986701">
      </trkpt>
      <trkpt lat="49.36649558" lon="-119.93977732">
      </trkpt>
      <trkpt lat="49.3666626" lon="-119.93963965">
      </trkpt>
      <trkpt lat="49.36687719" lon="-119.93941558">
      </trkpt>
      <trkpt lat="49.36700472" lon="-119.93930088">
      </trkpt>
      <trkpt lat="49.36719009" lon="-119.93917861">
      </trkpt>
      <trkpt lat="49.36734273" lon="-119.93909623">
      </trkpt>
      <trkpt lat="49.36752777" lon="-119.93907195">
      </trkpt>
      <trkpt lat="49.36772536" lon="-119.93906384">
      </trkpt>
      <trkpt lat="49.36782515" lon="-119.93907747">
      </trkpt>
      <trkpt lat="49.36798705" lon="-119.93905622">
      </trkpt>
      <trkpt lat="49.36814697" lon="-119.93899961">
      </trkpt>
      <trkpt lat="49.36823882" lon="-119.93887179">
      </trkpt>
      <trkpt lat="49.36828091" lon="-119.93870371">
      </trkpt>
      <trkpt lat="49.36830764" lon="-119.93851459">
      </trkpt>
      <trkpt lat="49.36832431" lon="-119.93831252">
      </trkpt>
      <trkpt lat="49.36839899" lon="-119.93814567">
      </trkpt>
      <trkpt lat="49.36850069" lon="-119.93796099">
      </trkpt>
      <trkpt lat="49.36854438" lon="-119.93774111">
      </trkpt>
      <trkpt lat="49.36856104" lon="-119.93753903">
      </trkpt>
      <trkpt lat="49.36854194" lon="-119.93719888">
      </trkpt>
      <trkpt lat="49.36851755" lon="-119.9369308">
      </trkpt>
      <trkpt lat="49.36851011" lon="-119.93663196">
      </trkpt>
      <trkpt lat="49.36852439" lon="-119.93638737">
      </trkpt>
      <trkpt lat="49.36846371" lon="-119.93613834">
      </trkpt>
      <trkpt lat="49.36845046" lon="-119.93606869">
      </trkpt>
      <trkpt lat="49.36846872" lon="-119.93589496">
      </trkpt>
      <trkpt lat="49.36853702" lon="-119.93561473">
      </trkpt>
      <trkpt lat="49.36861779" lon="-119.93538996">
      </trkpt>
      <trkpt lat="49.36875046" lon="-119.93525832">
      </trkpt>
      <trkpt lat="49.36892182" lon="-119.93515016">
      </trkpt>
      <trkpt lat="49.36903915" lon="-119.93507764">
      </trkpt>
      <trkpt lat="49.36913714" lon="-119.93499338">
      </trkpt>
      <trkpt lat="49.36931539" lon="-119.93484148">
      </trkpt>
      <trkpt lat="49.36952143" lon="-119.93468592">
      </trkpt>
      <trkpt lat="49.36966367" lon="-119.93472435">
      </trkpt>
      <trkpt lat="49.36982524" lon="-119.93477453">
      </trkpt>
      <trkpt lat="49.36995582" lon="-119.93477166">
      </trkpt>
      <trkpt lat="49.37014122" lon="-119.93474731">
      </trkpt>
      <trkpt lat="49.37030649" lon="-119.93469705">
      </trkpt>
      <trkpt lat="49.37042303" lon="-119.93461036">
      </trkpt>
      <trkpt lat="49.37056106" lon="-119.93441814">
      </trkpt>
      <trkpt lat="49.37066067" lon="-119.93428397">
      </trkpt>
      <trkpt lat="49.37076412" lon="-119.93413505">
      </trkpt>
      <trkpt lat="49.37088487" lon="-119.93396249">
      </trkpt>
      <trkpt lat="49.37100035" lon="-119.93386184">
      </trkpt>
      <trkpt lat="49.37118454" lon="-119.93382341">
      </trkpt>
      <trkpt lat="49.37133293" lon="-119.93381104">
      </trkpt>
      <trkpt lat="49.37146082" lon="-119.93376575">
      </trkpt>
      <trkpt lat="49.3716676" lon="-119.93363175">
      </trkpt>
      <trkpt lat="49.37177501" lon="-119.93355353">
      </trkpt>
      <trkpt lat="49.37189671" lon="-119.93348055">
      </trkpt>
      <trkpt lat="49.37197493" lon="-119.93346317">
      </trkpt>
      <trkpt lat="49.37208129" lon="-119.9334492">
      </trkpt>
      <trkpt lat="49.37221277" lon="-119.93346754">
      </trkpt>
      <trkpt lat="49.37242988" lon="-119.93351738">
      </trkpt>
      <trkpt lat="49.37253057" lon="-119.93356826">
      </trkpt>
      <trkpt lat="49.37264011" lon="-119.93361086">
      </trkpt>
    </trkseg>
    <trkseg>
      <trkpt lat="49.37455567" lon="-119.93901602">
      </trkpt>
      <trkpt lat="49.37454733" lon="-119.93883823">
      </trkpt>
      <trkpt lat="49.37453915" lon="-119.93869247">
      </trkpt>
      <trkpt lat="49.37453225" lon="-119.93856957">
      </trkpt>
      <trkpt lat="49.37452845" lon="-119.93843476">
      </trkpt>
      <trkpt lat="49.37450141" lon="-119.93828859">
      </trkpt>
      <trkpt lat="49.37445003" lon="-119.93811107">
      </trkpt>
      <trkpt lat="49.37442667" lon="-119.9378291">
      </trkpt>
      <trkpt lat="49.37441314" lon="-119.93765524">
      </trkpt>
      <trkpt lat="49.37441077" lon="-119.93741935">
      </trkpt>
      <trkpt lat="49.37440806" lon="-119.93721235">
      </trkpt>
      <trkpt lat="49.37437837" lon="-119.93705361">
      </trkpt>
      <trkpt lat="49.37431588" lon="-119.93686775">
      </trkpt>
      <trkpt lat="49.374246" lon="-119.93662344">
      </trkpt>
      <trkpt lat="49.37413236" lon="-119.93620937">
      </trkpt>
      <trkpt lat="49.37407824" lon="-119.93598327">
      </trkpt>
      <trkpt lat="49.3740548" lon="-119.93589034">
      </trkpt>
      <trkpt lat="49.37400174" lon="-119.93578989">
      </trkpt>
      <trkpt lat="49.3739132" lon="-119.93562343">
      </trkpt>
      <trkpt lat="49.37378989" lon="-119.9354188">
      </trkpt>
      <trkpt lat="49.37365853" lon="-119.93523658">
      </trkpt>
      <trkpt lat="49.37348977" lon="-119.93505216">
      </trkpt>
      <trkpt lat="49.37337004" lon="-119.93491118">
      </trkpt>
      <trkpt lat="49.37323908" lon="-119.93473605">
      </trkpt>
      <trkpt lat="49.373023" lon="-119.93437264">
      </trkpt>
      <trkpt lat="49.37293734" lon="-119.93409183">
      </trkpt>
      <trkpt lat="49.37279659" lon="-119.93382537">
      </trkpt>
      <trkpt lat="49.37268372" lon="-119.93364074">
      </trkpt>
      <trkpt lat="49.37265051" lon="-119.93359369">
      </trkpt>
      <trkpt lat="49.3726331" lon="-119.93356904">
      </trkpt>
      <trkpt lat="49.37261934" lon="-119.93340701">
      </trkpt>
      <trkpt lat="49.37268222" lon="-119.9331993">
      </trkpt>
      <trkpt lat="49.37286915" lon="-119.93296105">
      </trkpt>
      <trkpt lat="49.37310209" lon="-119.9327951">
      </trkpt>
      <trkpt lat="49.37345522" lon="-119.93236404">
      </trkpt>
      <trkpt lat="49.37365538" lon="-119.93219527">
      </trkpt>
      <trkpt lat="49.37378831" lon="-119.93215644">
      </trkpt>
      <trkpt lat="49.37393669" lon="-119.93214407">
      </trkpt>
      <trkpt lat="49.37410397" lon="-119.93213633">
      </trkpt>
      <trkpt lat="49.37431566" lon="-119.93217264">
      </trkpt>
      <trkpt lat="49.37445116" lon="-119.93229396">
      </trkpt>
      <trkpt lat="49.37448417" lon="-119.93243544">
      </trkpt>
      <trkpt lat="49.37455198" lon="-119.93264737">
      </trkpt>
      <trkpt lat="49.37456813" lon="-119.93285183">
      </trkpt>
      <trkpt lat="49.37458629" lon="-119.93334097">
      </trkpt>
      <trkpt lat="49.37455554" lon="-119.93362284">
      </trkpt>
      <trkpt lat="49.37448265" lon="-119.93406696">
      </trkpt>
      <trkpt lat="49.37440288" lon="-119.93430538">
      </trkpt>
      <trkpt lat="49.37430394" lon="-119.93461757">
      </trkpt>
      <trkpt lat="49.37422932" lon="-119.93494792">
      </trkpt>
      <trkpt lat="49.37414968" lon="-119.93527182">
      </trkpt>
      <trkpt lat="49.37412922" lon="-119.93548821">
      </trkpt>
      <trkpt lat="49.37409991" lon="-119.9357129">
      </trkpt>
      <trkpt lat="49.3740548" lon="-119.93589034">
      </trkpt>
    </trkseg>
    <trkseg>
      <trkpt lat="49.38569498" lon="-119.95427305">
      </trkpt>
      <trkpt lat="49.38580153" lon="-119.95428607">
      </trkpt>
      <trkpt lat="49.38600271" lon="-119.95435145">
      </trkpt>
      <trkpt lat="49.38611405" lon="-119.95445017">
      </trkpt>
      <trkpt lat="49.38621869" lon="-119.95455515">
      </trkpt>
      <trkpt lat="49.38631653" lon="-119.95460168">
      </trkpt>
      <trkpt lat="49.38642047" lon="-119.95463124">
      </trkpt>
      <trkpt lat="49.38660316" lon="-119.9546181">
      </trkpt>
      <trkpt lat="49.38667319" lon="-119.95460894">
      </trkpt>
      <trkpt lat="49.38668811" lon="-119.95443434">
      </trkpt>
      <trkpt lat="49.38670832" lon="-119.95429142">
      </trkpt>
      <trkpt lat="49.38676436" lon="-119.95409527">
      </trkpt>
      <trkpt lat="49.386833" lon="-119.95393522">
      </trkpt>
      <trkpt lat="49.38690194" lon="-119.95378053">
      </trkpt>
      <trkpt lat="49.38696337" lon="-119.95368077">
      </trkpt>
      <trkpt lat="49.38709345" lon="-119.95342096">
      </trkpt>
      <trkpt lat="49.38718961" lon="-119.95312243">
      </trkpt>
      <trkpt lat="49.38724835" lon="-119.95278565">
      </trkpt>
      <trkpt lat="49.38726557" lon="-119.95258917">
      </trkpt>
      <trkpt lat="49.38728089" lon="-119.95229583">
      </trkpt>
      <trkpt lat="49.38724248" lon="-119.95217678">
      </trkpt>
      <trkpt lat="49.38723308" lon="-119.95194602">
      </trkpt>
      <trkpt lat="49.38727542" lon="-119.95175704">
      </trkpt>
      <trkpt lat="49.38731084" lon="-119.95144489">
      </trkpt>
      <trkpt lat="49.38730746" lon="-119.95113243">
      </trkpt>
      <trkpt lat="49.38730827" lon="-119.95089494">
      </trkpt>
      <trkpt lat="49.38732158" lon="-119.95062884">
      </trkpt>
      <trkpt lat="49.38737041" lon="-119.95030414">
      </trkpt>
      <trkpt lat="49.38742003" lon="-119.9501196">
      </trkpt>
      <trkpt lat="49.38747777" lon="-119.94989083">
      </trkpt>
      <trkpt lat="49.3875232" lon="-119.94963132">
      </trkpt>
      <trkpt lat="49.38757403" lon="-119.94946819">
      </trkpt>
      <trkpt lat="49.38763595" lon="-119.94931441">
      </trkpt>
      <trkpt lat="49.38771509" lon="-119.94915299">
      </trkpt>
      <trkpt lat="49.38779162" lon="-119.94900808">
      </trkpt>
      <trkpt lat="49.38787286" lon="-119.94888413">
      </trkpt>
      <trkpt lat="49.38797741" lon="-119.94873555">
      </trkpt>
      <trkpt lat="49.38810507" lon="-119.94862171">
      </trkpt>
      <trkpt lat="49.38821642" lon="-119.94853158">
      </trkpt>
      <trkpt lat="49.38830886" lon="-119.9484817">
      </trkpt>
      <trkpt lat="49.3884011" lon="-119.94849119">
      </trkpt>
      <trkpt lat="49.38860168" lon="-119.94854583">
      </trkpt>
      <trkpt lat="49.38871654" lon="-119.94864407">
      </trkpt>
      <trkpt lat="49.38884679" lon="-119.94870253">
      </trkpt>
      <trkpt lat="49.38894234" lon="-119.94877094">
      </trkpt>
      <trkpt lat="49.38902146" lon="-119.94898716">
      </trkpt>
      <trkpt lat="49.38903806" lon="-119.94915763">
      </trkpt>
      <trkpt lat="49.38908628" lon="-119.94938871">
      </trkpt>
      <trkpt lat="49.38910179" lon="-119.94960248">
      </trkpt>
      <trkpt lat="49.38911749" lon="-119.94975688">
      </trkpt>
      <trkpt lat="49.38914459" lon="-119.94992598">
      </trkpt>
      <trkpt lat="49.38918011" lon="-119.9500562">
      </trkpt>
      <trkpt lat="49.38921711" lon="-119.95021322">
      </trkpt>
      <trkpt lat="49.38927184" lon="-119.95030856">
      </trkpt>
      <trkpt lat="49.38929765" lon="-119.9503915">
      </trkpt>
      <trkpt lat="49.38929905" lon="-119.95054239">
      </trkpt>
      <trkpt lat="49.38924421" lon="-119.95075999">
      </trkpt>
      <trkpt lat="49.38921819" lon="-119.95092524">
      </trkpt>
      <trkpt lat="49.38921989" lon="-119.95108149">
      </trkpt>
      <trkpt lat="49.38922749" lon="-119.95128011">
      </trkpt>
      <trkpt lat="49.38920907" lon="-119.95145517">
      </trkpt>
      <trkpt lat="49.38918225" lon="-119.9516691">
      </trkpt>
      <trkpt lat="49.38914642" lon="-119.95191119">
      </trkpt>
      <trkpt lat="49.38915312" lon="-119.95209375">
      </trkpt>
      <trkpt lat="49.38916632" lon="-119.95232942">
      </trkpt>
      <trkpt lat="49.38919842" lon="-119.95252482">
      </trkpt>
      <trkpt lat="49.38926003" lon="-119.95274336">
      </trkpt>
      <trkpt lat="49.38933805" lon="-119.9530029">
      </trkpt>
      <trkpt lat="49.38935714" lon="-119.95328095">
      </trkpt>
      <trkpt lat="49.38937213" lon="-119.95354875">
      </trkpt>
      <trkpt lat="49.38937932" lon="-119.9536773">
      </trkpt>
      <trkpt lat="49.38941173" lon="-119.95387807">
      </trkpt>
      <trkpt lat="49.38939521" lon="-119.95415">
      </trkpt>
      <trkpt lat="49.38938008" lon="-119.95438397">
      </trkpt>
      <trkpt lat="49.38937216" lon="-119.95455766">
      </trkpt>
      <trkpt lat="49.38935084" lon="-119.95474388">
      </trkpt>
      <trkpt lat="49.38935373" lon="-119.95492156">
      </trkpt>
      <trkpt lat="49.38939513" lon="-119.95509417">
      </trkpt>
      <trkpt lat="49.38945105" lon="-119.95521094">
      </trkpt>
      <trkpt lat="49.38952848" lon="-119.95527094">
      </trkpt>
      <trkpt lat="49.38965933" lon="-119.95534013">
      </trkpt>
      <trkpt lat="49.389824" lon="-119.95538332">
      </trkpt>
      <trkpt lat="49.38996256" lon="-119.9553382">
      </trkpt>
      <trkpt lat="49.39013875" lon="-119.95527197">
      </trkpt>
      <trkpt lat="49.39022949" lon="-119.95525469">
      </trkpt>
      <trkpt lat="49.39038475" lon="-119.95525594">
      </trkpt>
      <trkpt lat="49.39049941" lon="-119.95522475">
      </trkpt>
      <trkpt lat="49.39061767" lon="-119.95506898">
      </trkpt>
      <trkpt lat="49.39067711" lon="-119.95480762">
      </trkpt>
      <trkpt lat="49.39072124" lon="-119.95465077">
      </trkpt>
      <trkpt lat="49.39080449" lon="-119.95449959">
      </trkpt>
      <trkpt lat="49.39094876" lon="-119.95436739">
      </trkpt>
      <trkpt lat="49.39108492" lon="-119.95427941">
      </trkpt>
      <trkpt lat="49.39117156" lon="-119.95425189">
      </trkpt>
      <trkpt lat="49.39128802" lon="-119.95425282">
      </trkpt>
      <trkpt lat="49.39135934" lon="-119.95432981">
      </trkpt>
      <trkpt lat="49.39140555" lon="-119.95439929">
      </trkpt>
      <trkpt lat="49.39147757" lon="-119.95455173">
      </trkpt>
      <trkpt lat="49.39151018" lon="-119.95469313">
      </trkpt>
      <trkpt lat="49.39152647" lon="-119.95485827">
      </trkpt>
      <trkpt lat="49.39152296" lon="-119.95504756">
      </trkpt>
      <trkpt lat="49.39147434" lon="-119.95512408">
      </trkpt>
      <trkpt lat="49.39137049" lon="-119.95515926">
      </trkpt>
      <trkpt lat="49.39120941" lon="-119.95518035">
      </trkpt>
      <trkpt lat="49.39108045" lon="-119.95520802">
      </trkpt>
      <trkpt lat="49.390965" lon="-119.95528789">
      </trkpt>
      <trkpt lat="49.39089306" lon="-119.95538902">
      </trkpt>
      <trkpt lat="49.39083173" lon="-119.95555353">
      </trkpt>
      <trkpt lat="49.3908268" lon="-119.95578077">
      </trkpt>
      <trkpt lat="49.39084019" lon="-119.95595707">
      </trkpt>
      <trkpt lat="49.3908687" lon="-119.95608822">
      </trkpt>
      <trkpt lat="49.39088038" lon="-119.9562971">
      </trkpt>
      <trkpt lat="49.39088287" lon="-119.9564047">
      </trkpt>
      <trkpt lat="49.39083584" lon="-119.95657272">
      </trkpt>
      <trkpt lat="49.39076229" lon="-119.95677117">
      </trkpt>
      <trkpt lat="49.39064992" lon="-119.95696932">
      </trkpt>
      <trkpt lat="49.39056608" lon="-119.9571098">
      </trkpt>
      <trkpt lat="49.39047142" lon="-119.95724628">
      </trkpt>
      <trkpt lat="49.39035896" lon="-119.95737969">
      </trkpt>
      <trkpt lat="49.39021528" lon="-119.95752259">
      </trkpt>
      <trkpt lat="49.39013084" lon="-119.95765233">
      </trkpt>
      <trkpt lat="49.38999446" lon="-119.95779968">
      </trkpt>
      <trkpt lat="49.38990471" lon="-119.95789775">
      </trkpt>
      <trkpt lat="49.38976124" lon="-119.95798126">
      </trkpt>
      <trkpt lat="49.38963549" lon="-119.95800312">
      </trkpt>
      <trkpt lat="49.38946741" lon="-119.95802511">
      </trkpt>
      <trkpt lat="49.38930983" lon="-119.95804573">
      </trkpt>
      <trkpt lat="49.38915137" lon="-119.95805028">
      </trkpt>
      <trkpt lat="49.38904973" lon="-119.95799884">
      </trkpt>
      <trkpt lat="49.38893349" lon="-119.95793853">
      </trkpt>
      <trkpt lat="49.38885516" lon="-119.95786246">
      </trkpt>
      <trkpt lat="49.38876692" lon="-119.95779847">
      </trkpt>
      <trkpt lat="49.3886892" lon="-119.95773311">
      </trkpt>
      <trkpt lat="49.38857696" lon="-119.9576183">
      </trkpt>
      <trkpt lat="49.38849074" lon="-119.95752709">
      </trkpt>
      <trkpt lat="49.38842001" lon="-119.95746081">
      </trkpt>
      <trkpt lat="49.38833468" lon="-119.95738566">
      </trkpt>
      <trkpt lat="49.38818623" lon="-119.95725402">
      </trkpt>
      <trkpt lat="49.38802027" lon="-119.95712469">
      </trkpt>
      <trkpt lat="49.38784" lon="-119.95699182">
      </trkpt>
      <trkpt lat="49.38771816" lon="-119.95689448">
      </trkpt>
      <trkpt lat="49.38759982" lon="-119.95679667">
      </trkpt>
      <trkpt lat="49.38749868" lon="-119.95669121">
      </trkpt>
      <trkpt lat="49.38742145" lon="-119.95657185">
      </trkpt>
      <trkpt lat="49.38732792" lon="-119.95647619">
      </trkpt>
      <trkpt lat="49.38727211" lon="-119.95642416">
      </trkpt>
      <trkpt lat="49.38719027" lon="-119.95634855">
      </trkpt>
      <trkpt lat="49.38714436" lon="-119.95628441">
      </trkpt>
      <trkpt lat="49.38705824" lon="-119.95606911">
      </trkpt>
      <trkpt lat="49.38696612" lon="-119.9559355">
      </trkpt>
      <trkpt lat="49.38684848" lon="-119.95572431">
      </trkpt>
      <trkpt lat="49.38679127" lon="-119.9555214">
      </trkpt>
      <trkpt lat="49.38672986" lon="-119.9552435">
      </trkpt>
      <trkpt lat="49.38669297" lon="-119.95496241">
      </trkpt>
      <trkpt lat="49.38667319" lon="-119.95460894">
      </trkpt>
    </trkseg>
  </trk>
</gpx>