<?xml version="1.0" encoding="UTF-8"?>
<gpx xmlns="http://www.topografix.com/GPX/1/1" xmlns:xsi="http://www.w3.org/2001/XMLSchema-instance" xsi:schemaLocation="http://www.topografix.com/GPX/1/1 http://www.topografix.com/GPX/1/1/gpx.xsd" version="1.1" creator="gpx.py -- https://github.com/tkrajina/gpxpy">
  <trk>
    <name>Lyons Bluff</name>
    <trkseg>
      <trkpt lat="49.52979437" lon="-117.3020446">
      </trkpt>
      <trkpt lat="49.529793" lon="-117.302022">
      </trkpt>
      <trkpt lat="49.529791" lon="-117.301939">
      </trkpt>
      <trkpt lat="49.529771" lon="-117.301821">
      </trkpt>
      <trkpt lat="49.529772" lon="-117.301758">
      </trkpt>
      <trkpt lat="49.529776" lon="-117.301731">
      </trkpt>
      <trkpt lat="49.529767" lon="-117.301709">
      </trkpt>
      <trkpt lat="49.529764" lon="-117.301696">
      </trkpt>
      <trkpt lat="49.529768" lon="-117.30166">
      </trkpt>
      <trkpt lat="49.52977" lon="-117.301645">
      </trkpt>
      <trkpt lat="49.529773" lon="-117.30163">
      </trkpt>
      <trkpt lat="49.529758" lon="-117.30150399">
      </trkpt>
      <trkpt lat="49.529761" lon="-117.301408">
      </trkpt>
      <trkpt lat="49.52976" lon="-117.301377">
      </trkpt>
      <trkpt lat="49.529757" lon="-117.301339">
      </trkpt>
      <trkpt lat="49.529758" lon="-117.301323">
      </trkpt>
      <trkpt lat="49.529755" lon="-117.301311">
      </trkpt>
      <trkpt lat="49.529747" lon="-117.30128999">
      </trkpt>
      <trkpt lat="49.529739" lon="-117.301247">
      </trkpt>
      <trkpt lat="49.529736" lon="-117.30120199">
      </trkpt>
      <trkpt lat="49.529728" lon="-117.301169">
      </trkpt>
      <trkpt lat="49.529709" lon="-117.30113101">
      </trkpt>
      <trkpt lat="49.529703" lon="-117.301112">
      </trkpt>
      <trkpt lat="49.529708" lon="-117.301073">
      </trkpt>
      <trkpt lat="49.529706" lon="-117.301055">
      </trkpt>
      <trkpt lat="49.529702" lon="-117.301042">
      </trkpt>
      <trkpt lat="49.529692" lon="-117.301032">
      </trkpt>
      <trkpt lat="49.529668" lon="-117.301022">
      </trkpt>
      <trkpt lat="49.529644" lon="-117.30100999">
      </trkpt>
      <trkpt lat="49.529608" lon="-117.30095101">
      </trkpt>
      <trkpt lat="49.529616" lon="-117.300921">
      </trkpt>
      <trkpt lat="49.529646" lon="-117.300882">
      </trkpt>
      <trkpt lat="49.529649" lon="-117.30086">
      </trkpt>
      <trkpt lat="49.529645" lon="-117.300803">
      </trkpt>
      <trkpt lat="49.52968" lon="-117.300723">
      </trkpt>
      <trkpt lat="49.529728" lon="-117.30063899">
      </trkpt>
      <trkpt lat="49.529766" lon="-117.300594">
      </trkpt>
      <trkpt lat="49.529789" lon="-117.30056899">
      </trkpt>
      <trkpt lat="49.529801" lon="-117.300553">
      </trkpt>
      <trkpt lat="49.529823" lon="-117.300504">
      </trkpt>
      <trkpt lat="49.529855" lon="-117.300432">
      </trkpt>
      <trkpt lat="49.529856" lon="-117.300364">
      </trkpt>
      <trkpt lat="49.529877" lon="-117.300321">
      </trkpt>
      <trkpt lat="49.529889" lon="-117.30029699">
      </trkpt>
      <trkpt lat="49.529918" lon="-117.300249">
      </trkpt>
      <trkpt lat="49.52994" lon="-117.30021401">
      </trkpt>
      <trkpt lat="49.529962" lon="-117.300147">
      </trkpt>
      <trkpt lat="49.529967" lon="-117.300121">
      </trkpt>
      <trkpt lat="49.529971" lon="-117.30011199">
      </trkpt>
      <trkpt lat="49.530002" lon="-117.30006199">
      </trkpt>
      <trkpt lat="49.530026" lon="-117.30002501">
      </trkpt>
      <trkpt lat="49.530046" lon="-117.300009">
      </trkpt>
      <trkpt lat="49.530088" lon="-117.299978">
      </trkpt>
      <trkpt lat="49.530106" lon="-117.299973">
      </trkpt>
      <trkpt lat="49.530112" lon="-117.299974">
      </trkpt>
      <trkpt lat="49.530171" lon="-117.300005">
      </trkpt>
      <trkpt lat="49.530192" lon="-117.300023">
      </trkpt>
      <trkpt lat="49.530246" lon="-117.299969">
      </trkpt>
      <trkpt lat="49.530251" lon="-117.299903">
      </trkpt>
      <trkpt lat="49.530291" lon="-117.299873">
      </trkpt>
      <trkpt lat="49.53036" lon="-117.299751">
      </trkpt>
      <trkpt lat="49.530392" lon="-117.29969299">
      </trkpt>
      <trkpt lat="49.530385" lon="-117.299675">
      </trkpt>
      <trkpt lat="49.530392" lon="-117.29963899">
      </trkpt>
      <trkpt lat="49.530394" lon="-117.29962">
      </trkpt>
      <trkpt lat="49.5304" lon="-117.299508">
      </trkpt>
      <trkpt lat="49.530402" lon="-117.29949199">
      </trkpt>
      <trkpt lat="49.53041" lon="-117.29948101">
      </trkpt>
      <trkpt lat="49.53041987" lon="-117.29947289">
      </trkpt>
      <trkpt lat="49.53042" lon="-117.299473">
      </trkpt>
      <trkpt lat="49.530438" lon="-117.29948699">
      </trkpt>
      <trkpt lat="49.530456" lon="-117.299477">
      </trkpt>
      <trkpt lat="49.53046" lon="-117.299479">
      </trkpt>
      <trkpt lat="49.530459" lon="-117.29946199">
      </trkpt>
      <trkpt lat="49.530463" lon="-117.299462">
      </trkpt>
      <trkpt lat="49.530461" lon="-117.29945501">
      </trkpt>
      <trkpt lat="49.530464" lon="-117.29944599">
      </trkpt>
      <trkpt lat="49.530502" lon="-117.299403">
      </trkpt>
      <trkpt lat="49.530515" lon="-117.299385">
      </trkpt>
      <trkpt lat="49.530538" lon="-117.299315">
      </trkpt>
      <trkpt lat="49.530555" lon="-117.29930401">
      </trkpt>
      <trkpt lat="49.530567" lon="-117.299255">
      </trkpt>
      <trkpt lat="49.530586" lon="-117.299213">
      </trkpt>
      <trkpt lat="49.530632" lon="-117.299187">
      </trkpt>
      <trkpt lat="49.530658" lon="-117.299184">
      </trkpt>
      <trkpt lat="49.530666" lon="-117.299188">
      </trkpt>
      <trkpt lat="49.530735" lon="-117.29922401">
      </trkpt>
      <trkpt lat="49.530758" lon="-117.299248">
      </trkpt>
      <trkpt lat="49.53077" lon="-117.299254">
      </trkpt>
      <trkpt lat="49.530781" lon="-117.299253">
      </trkpt>
      <trkpt lat="49.530813" lon="-117.29925901">
      </trkpt>
      <trkpt lat="49.530844" lon="-117.299261">
      </trkpt>
      <trkpt lat="49.530852" lon="-117.299258">
      </trkpt>
      <trkpt lat="49.530858" lon="-117.299258">
      </trkpt>
      <trkpt lat="49.530874" lon="-117.299254">
      </trkpt>
      <trkpt lat="49.530919" lon="-117.29921999">
      </trkpt>
      <trkpt lat="49.530939" lon="-117.299196">
      </trkpt>
      <trkpt lat="49.53095" lon="-117.299172">
      </trkpt>
      <trkpt lat="49.530976" lon="-117.299109">
      </trkpt>
      <trkpt lat="49.530977" lon="-117.299097">
      </trkpt>
      <trkpt lat="49.530994" lon="-117.29903501">
      </trkpt>
      <trkpt lat="49.531011" lon="-117.298997">
      </trkpt>
      <trkpt lat="49.531014" lon="-117.29899">
      </trkpt>
      <trkpt lat="49.531019" lon="-117.298982">
      </trkpt>
      <trkpt lat="49.531028" lon="-117.29895999">
      </trkpt>
      <trkpt lat="49.531047" lon="-117.298935">
      </trkpt>
      <trkpt lat="49.531098" lon="-117.298901">
      </trkpt>
      <trkpt lat="49.531134" lon="-117.298891">
      </trkpt>
      <trkpt lat="49.531153" lon="-117.29887799">
      </trkpt>
      <trkpt lat="49.531159" lon="-117.298881">
      </trkpt>
      <trkpt lat="49.531165" lon="-117.29888101">
      </trkpt>
      <trkpt lat="49.531194" lon="-117.29888">
      </trkpt>
      <trkpt lat="49.531218" lon="-117.298863">
      </trkpt>
      <trkpt lat="49.531223" lon="-117.29885899">
      </trkpt>
      <trkpt lat="49.531253" lon="-117.298856">
      </trkpt>
      <trkpt lat="49.531264" lon="-117.298868">
      </trkpt>
      <trkpt lat="49.531318" lon="-117.298921">
      </trkpt>
      <trkpt lat="49.531357" lon="-117.29889401">
      </trkpt>
      <trkpt lat="49.531409" lon="-117.29890199">
      </trkpt>
      <trkpt lat="49.531446" lon="-117.298889">
      </trkpt>
      <trkpt lat="49.531517" lon="-117.29887301">
      </trkpt>
      <trkpt lat="49.531568" lon="-117.298859">
      </trkpt>
      <trkpt lat="49.531628" lon="-117.29881801">
      </trkpt>
      <trkpt lat="49.531663" lon="-117.298802">
      </trkpt>
      <trkpt lat="49.531679" lon="-117.298802">
      </trkpt>
      <trkpt lat="49.53175" lon="-117.298777">
      </trkpt>
      <trkpt lat="49.531788" lon="-117.298751">
      </trkpt>
      <trkpt lat="49.531809" lon="-117.29872001">
      </trkpt>
      <trkpt lat="49.531832" lon="-117.298713">
      </trkpt>
      <trkpt lat="49.531887" lon="-117.298708">
      </trkpt>
      <trkpt lat="49.531905" lon="-117.29868801">
      </trkpt>
      <trkpt lat="49.531939" lon="-117.298644">
      </trkpt>
      <trkpt lat="49.531965" lon="-117.298603">
      </trkpt>
      <trkpt lat="49.531981" lon="-117.29858201">
      </trkpt>
      <trkpt lat="49.531998" lon="-117.29856">
      </trkpt>
      <trkpt lat="49.53203" lon="-117.298487">
      </trkpt>
      <trkpt lat="49.532027" lon="-117.298436">
      </trkpt>
      <trkpt lat="49.532023" lon="-117.298392">
      </trkpt>
      <trkpt lat="49.532058" lon="-117.29831799">
      </trkpt>
      <trkpt lat="49.532066" lon="-117.29830001">
      </trkpt>
      <trkpt lat="49.532092" lon="-117.298241">
      </trkpt>
      <trkpt lat="49.532103" lon="-117.29822599">
      </trkpt>
      <trkpt lat="49.532122" lon="-117.298205">
      </trkpt>
      <trkpt lat="49.532173" lon="-117.29817301">
      </trkpt>
      <trkpt lat="49.53219" lon="-117.298173">
      </trkpt>
      <trkpt lat="49.532256" lon="-117.29813299">
      </trkpt>
      <trkpt lat="49.532264" lon="-117.29812301">
      </trkpt>
      <trkpt lat="49.532334" lon="-117.29802101">
      </trkpt>
      <trkpt lat="49.532344" lon="-117.297995">
      </trkpt>
      <trkpt lat="49.532357" lon="-117.297952">
      </trkpt>
      <trkpt lat="49.532377" lon="-117.297896">
      </trkpt>
      <trkpt lat="49.532441" lon="-117.29780901">
      </trkpt>
      <trkpt lat="49.532478" lon="-117.297755">
      </trkpt>
      <trkpt lat="49.532485" lon="-117.297744">
      </trkpt>
      <trkpt lat="49.532488" lon="-117.297749">
      </trkpt>
      <trkpt lat="49.532507" lon="-117.297774">
      </trkpt>
      <trkpt lat="49.532512" lon="-117.297776">
      </trkpt>
      <trkpt lat="49.532538" lon="-117.297769">
      </trkpt>
      <trkpt lat="49.53258" lon="-117.297773">
      </trkpt>
      <trkpt lat="49.532587" lon="-117.297824">
      </trkpt>
      <trkpt lat="49.532602" lon="-117.297826">
      </trkpt>
      <trkpt lat="49.532614" lon="-117.297821">
      </trkpt>
      <trkpt lat="49.532624" lon="-117.29781901">
      </trkpt>
      <trkpt lat="49.532645" lon="-117.297802">
      </trkpt>
      <trkpt lat="49.532698" lon="-117.29777">
      </trkpt>
      <trkpt lat="49.532796" lon="-117.297751">
      </trkpt>
      <trkpt lat="49.5328" lon="-117.297748">
      </trkpt>
      <trkpt lat="49.532856" lon="-117.297717">
      </trkpt>
      <trkpt lat="49.532881" lon="-117.297704">
      </trkpt>
      <trkpt lat="49.532902" lon="-117.29768399">
      </trkpt>
      <trkpt lat="49.532916" lon="-117.297637">
      </trkpt>
      <trkpt lat="49.532913" lon="-117.297586">
      </trkpt>
      <trkpt lat="49.532924" lon="-117.29756201">
      </trkpt>
      <trkpt lat="49.532989" lon="-117.29749">
      </trkpt>
      <trkpt lat="49.533034" lon="-117.297425">
      </trkpt>
      <trkpt lat="49.53307" lon="-117.29735899">
      </trkpt>
      <trkpt lat="49.533091" lon="-117.29729299">
      </trkpt>
      <trkpt lat="49.533096" lon="-117.29728501">
      </trkpt>
      <trkpt lat="49.533096" lon="-117.297254">
      </trkpt>
      <trkpt lat="49.53309274" lon="-117.29724619">
      </trkpt>
      <trkpt lat="49.533094" lon="-117.297246">
      </trkpt>
      <trkpt lat="49.533115" lon="-117.29724299">
      </trkpt>
      <trkpt lat="49.53313" lon="-117.297232">
      </trkpt>
      <trkpt lat="49.533138" lon="-117.297219">
      </trkpt>
      <trkpt lat="49.53317" lon="-117.297166">
      </trkpt>
      <trkpt lat="49.533176" lon="-117.297149">
      </trkpt>
      <trkpt lat="49.5332" lon="-117.29711299">
      </trkpt>
      <trkpt lat="49.533222" lon="-117.297104">
      </trkpt>
      <trkpt lat="49.533237" lon="-117.297102">
      </trkpt>
      <trkpt lat="49.53324681" lon="-117.29710085">
      </trkpt>
      <trkpt lat="49.533243" lon="-117.29707801">
      </trkpt>
      <trkpt lat="49.533242" lon="-117.297011">
      </trkpt>
      <trkpt lat="49.533245" lon="-117.29686001">
      </trkpt>
      <trkpt lat="49.533266" lon="-117.2968">
      </trkpt>
      <trkpt lat="49.533278" lon="-117.29677399">
      </trkpt>
      <trkpt lat="49.533309" lon="-117.296742">
      </trkpt>
      <trkpt lat="49.533315" lon="-117.296731">
      </trkpt>
      <trkpt lat="49.533323" lon="-117.296698">
      </trkpt>
      <trkpt lat="49.533348" lon="-117.296644">
      </trkpt>
      <trkpt lat="49.533356" lon="-117.29659701">
      </trkpt>
      <trkpt lat="49.533365" lon="-117.29658">
      </trkpt>
      <trkpt lat="49.533372" lon="-117.296554">
      </trkpt>
      <trkpt lat="49.533392" lon="-117.29651901">
      </trkpt>
      <trkpt lat="49.533409" lon="-117.29646601">
      </trkpt>
      <trkpt lat="49.533364" lon="-117.29643799">
      </trkpt>
      <trkpt lat="49.53336335" lon="-117.29643346">
      </trkpt>
      <trkpt lat="49.533365" lon="-117.29643401">
      </trkpt>
      <trkpt lat="49.533386" lon="-117.296431">
      </trkpt>
      <trkpt lat="49.533402" lon="-117.296422">
      </trkpt>
      <trkpt lat="49.533436" lon="-117.296417">
      </trkpt>
      <trkpt lat="49.533474" lon="-117.296406">
      </trkpt>
      <trkpt lat="49.533505" lon="-117.296357">
      </trkpt>
      <trkpt lat="49.533499" lon="-117.29634601">
      </trkpt>
      <trkpt lat="49.533504" lon="-117.296321">
      </trkpt>
      <trkpt lat="49.533509" lon="-117.296318">
      </trkpt>
      <trkpt lat="49.533546" lon="-117.29631001">
      </trkpt>
      <trkpt lat="49.533548" lon="-117.296289">
      </trkpt>
      <trkpt lat="49.533541" lon="-117.296247">
      </trkpt>
      <trkpt lat="49.533542" lon="-117.296207">
      </trkpt>
      <trkpt lat="49.533546" lon="-117.296198">
      </trkpt>
      <trkpt lat="49.533548" lon="-117.29618699">
      </trkpt>
      <trkpt lat="49.53355" lon="-117.296162">
      </trkpt>
      <trkpt lat="49.533564" lon="-117.29614">
      </trkpt>
      <trkpt lat="49.533582" lon="-117.29612299">
      </trkpt>
      <trkpt lat="49.533591" lon="-117.29610301">
      </trkpt>
      <trkpt lat="49.533632" lon="-117.296033">
      </trkpt>
      <trkpt lat="49.533636" lon="-117.29602299">
      </trkpt>
      <trkpt lat="49.533625" lon="-117.295988">
      </trkpt>
      <trkpt lat="49.533612" lon="-117.295966">
      </trkpt>
      <trkpt lat="49.533579" lon="-117.295943">
      </trkpt>
      <trkpt lat="49.533557" lon="-117.295927">
      </trkpt>
      <trkpt lat="49.533544" lon="-117.295918">
      </trkpt>
      <trkpt lat="49.533523" lon="-117.295902">
      </trkpt>
      <trkpt lat="49.533498" lon="-117.29587699">
      </trkpt>
      <trkpt lat="49.53346" lon="-117.29584101">
      </trkpt>
      <trkpt lat="49.533434" lon="-117.295849">
      </trkpt>
      <trkpt lat="49.533417" lon="-117.29584999">
      </trkpt>
      <trkpt lat="49.533396" lon="-117.295837">
      </trkpt>
      <trkpt lat="49.533394" lon="-117.29580201">
      </trkpt>
      <trkpt lat="49.533342" lon="-117.29578599">
      </trkpt>
      <trkpt lat="49.533281" lon="-117.2958">
      </trkpt>
      <trkpt lat="49.533269" lon="-117.295788">
      </trkpt>
      <trkpt lat="49.533236" lon="-117.295774">
      </trkpt>
      <trkpt lat="49.533212" lon="-117.29577599">
      </trkpt>
      <trkpt lat="49.533174" lon="-117.295786">
      </trkpt>
      <trkpt lat="49.533112" lon="-117.295796">
      </trkpt>
      <trkpt lat="49.533057" lon="-117.29580099">
      </trkpt>
      <trkpt lat="49.533046" lon="-117.295804">
      </trkpt>
      <trkpt lat="49.53301" lon="-117.295779">
      </trkpt>
      <trkpt lat="49.53298" lon="-117.295747">
      </trkpt>
      <trkpt lat="49.532982" lon="-117.295721">
      </trkpt>
      <trkpt lat="49.532978" lon="-117.295709">
      </trkpt>
      <trkpt lat="49.532974" lon="-117.29570101">
      </trkpt>
      <trkpt lat="49.532955" lon="-117.295687">
      </trkpt>
      <trkpt lat="49.532943" lon="-117.295691">
      </trkpt>
      <trkpt lat="49.532931" lon="-117.29566599">
      </trkpt>
      <trkpt lat="49.532917" lon="-117.295635">
      </trkpt>
      <trkpt lat="49.532888" lon="-117.295602">
      </trkpt>
      <trkpt lat="49.532875" lon="-117.295584">
      </trkpt>
      <trkpt lat="49.532864" lon="-117.295565">
      </trkpt>
      <trkpt lat="49.532846" lon="-117.29553199">
      </trkpt>
      <trkpt lat="49.532833" lon="-117.295514">
      </trkpt>
      <trkpt lat="49.532827" lon="-117.29551301">
      </trkpt>
      <trkpt lat="49.532825" lon="-117.295506">
      </trkpt>
      <trkpt lat="49.532819" lon="-117.29549699">
      </trkpt>
      <trkpt lat="49.532828" lon="-117.29547699">
      </trkpt>
      <trkpt lat="49.532832" lon="-117.295465">
      </trkpt>
      <trkpt lat="49.532845" lon="-117.29544099">
      </trkpt>
      <trkpt lat="49.532855" lon="-117.295432">
      </trkpt>
      <trkpt lat="49.532904" lon="-117.29542">
      </trkpt>
      <trkpt lat="49.53295" lon="-117.295415">
      </trkpt>
      <trkpt lat="49.532971" lon="-117.295393">
      </trkpt>
      <trkpt lat="49.532973" lon="-117.29535501">
      </trkpt>
      <trkpt lat="49.532968" lon="-117.295343">
      </trkpt>
      <trkpt lat="49.532954" lon="-117.295311">
      </trkpt>
      <trkpt lat="49.532945" lon="-117.295288">
      </trkpt>
      <trkpt lat="49.532937" lon="-117.295265">
      </trkpt>
      <trkpt lat="49.532914" lon="-117.29522">
      </trkpt>
      <trkpt lat="49.532911" lon="-117.295212">
      </trkpt>
      <trkpt lat="49.532874" lon="-117.295176">
      </trkpt>
      <trkpt lat="49.532859" lon="-117.295163">
      </trkpt>
      <trkpt lat="49.532846" lon="-117.295153">
      </trkpt>
      <trkpt lat="49.532824" lon="-117.295137">
      </trkpt>
      <trkpt lat="49.532814" lon="-117.29513">
      </trkpt>
      <trkpt lat="49.532802" lon="-117.295118">
      </trkpt>
      <trkpt lat="49.532783" lon="-117.295103">
      </trkpt>
      <trkpt lat="49.532771" lon="-117.295087">
      </trkpt>
      <trkpt lat="49.532794" lon="-117.295068">
      </trkpt>
      <trkpt lat="49.532808" lon="-117.295058">
      </trkpt>
      <trkpt lat="49.532817" lon="-117.295049">
      </trkpt>
      <trkpt lat="49.532818" lon="-117.295034">
      </trkpt>
      <trkpt lat="49.532824" lon="-117.29499401">
      </trkpt>
      <trkpt lat="49.532823" lon="-117.29498001">
      </trkpt>
      <trkpt lat="49.532829" lon="-117.294969">
      </trkpt>
      <trkpt lat="49.532849" lon="-117.294937">
      </trkpt>
      <trkpt lat="49.532883" lon="-117.294925">
      </trkpt>
      <trkpt lat="49.532889" lon="-117.294915">
      </trkpt>
      <trkpt lat="49.532893" lon="-117.29486">
      </trkpt>
      <trkpt lat="49.532892" lon="-117.29485001">
      </trkpt>
      <trkpt lat="49.532889" lon="-117.29481799">
      </trkpt>
      <trkpt lat="49.532876" lon="-117.294797">
      </trkpt>
      <trkpt lat="49.532872" lon="-117.294792">
      </trkpt>
      <trkpt lat="49.532872" lon="-117.294788">
      </trkpt>
      <trkpt lat="49.532875" lon="-117.294787">
      </trkpt>
      <trkpt lat="49.532871" lon="-117.294775">
      </trkpt>
      <trkpt lat="49.532859" lon="-117.294731">
      </trkpt>
      <trkpt lat="49.532849" lon="-117.294718">
      </trkpt>
      <trkpt lat="49.532844" lon="-117.294698">
      </trkpt>
      <trkpt lat="49.532858" lon="-117.29466799">
      </trkpt>
      <trkpt lat="49.532858" lon="-117.294652">
      </trkpt>
      <trkpt lat="49.532869" lon="-117.29461501">
      </trkpt>
      <trkpt lat="49.532873" lon="-117.294607">
      </trkpt>
      <trkpt lat="49.532876" lon="-117.294593">
      </trkpt>
      <trkpt lat="49.53287" lon="-117.294566">
      </trkpt>
      <trkpt lat="49.532893" lon="-117.294552">
      </trkpt>
      <trkpt lat="49.532902" lon="-117.294541">
      </trkpt>
      <trkpt lat="49.532928" lon="-117.294515">
      </trkpt>
      <trkpt lat="49.532942" lon="-117.29449999">
      </trkpt>
      <trkpt lat="49.532941" lon="-117.294492">
      </trkpt>
      <trkpt lat="49.532961" lon="-117.294464">
      </trkpt>
      <trkpt lat="49.532973" lon="-117.29447101">
      </trkpt>
      <trkpt lat="49.532985" lon="-117.29447699">
      </trkpt>
      <trkpt lat="49.533004" lon="-117.294476">
      </trkpt>
      <trkpt lat="49.533011" lon="-117.294461">
      </trkpt>
      <trkpt lat="49.53302" lon="-117.29444401">
      </trkpt>
      <trkpt lat="49.533021" lon="-117.294435">
      </trkpt>
      <trkpt lat="49.533027" lon="-117.294433">
      </trkpt>
      <trkpt lat="49.533033" lon="-117.29442999">
      </trkpt>
      <trkpt lat="49.533037" lon="-117.29442699">
      </trkpt>
      <trkpt lat="49.533053" lon="-117.294425">
      </trkpt>
      <trkpt lat="49.533066" lon="-117.294411">
      </trkpt>
      <trkpt lat="49.533065" lon="-117.29440799">
      </trkpt>
      <trkpt lat="49.533078" lon="-117.294394">
      </trkpt>
      <trkpt lat="49.53309" lon="-117.294386">
      </trkpt>
      <trkpt lat="49.533103" lon="-117.294379">
      </trkpt>
      <trkpt lat="49.533118" lon="-117.294377">
      </trkpt>
      <trkpt lat="49.533126" lon="-117.294382">
      </trkpt>
      <trkpt lat="49.533136" lon="-117.29436501">
      </trkpt>
      <trkpt lat="49.533134" lon="-117.294356">
      </trkpt>
      <trkpt lat="49.533117" lon="-117.294311">
      </trkpt>
      <trkpt lat="49.533094" lon="-117.294277">
      </trkpt>
      <trkpt lat="49.533048" lon="-117.29423901">
      </trkpt>
      <trkpt lat="49.533043" lon="-117.294218">
      </trkpt>
      <trkpt lat="49.533041" lon="-117.294207">
      </trkpt>
      <trkpt lat="49.53304" lon="-117.294185">
      </trkpt>
      <trkpt lat="49.533042" lon="-117.29418">
      </trkpt>
      <trkpt lat="49.533046" lon="-117.294176">
      </trkpt>
      <trkpt lat="49.533077" lon="-117.29415899">
      </trkpt>
      <trkpt lat="49.533094" lon="-117.294154">
      </trkpt>
      <trkpt lat="49.533125" lon="-117.294133">
      </trkpt>
      <trkpt lat="49.53313" lon="-117.294128">
      </trkpt>
      <trkpt lat="49.533145" lon="-117.29414">
      </trkpt>
      <trkpt lat="49.533177" lon="-117.294105">
      </trkpt>
      <trkpt lat="49.533135" lon="-117.29405401">
      </trkpt>
      <trkpt lat="49.533112" lon="-117.294014">
      </trkpt>
      <trkpt lat="49.533098" lon="-117.293998">
      </trkpt>
      <trkpt lat="49.533063" lon="-117.293984">
      </trkpt>
      <trkpt lat="49.533051" lon="-117.293954">
      </trkpt>
      <trkpt lat="49.53305" lon="-117.293951">
      </trkpt>
      <trkpt lat="49.533015" lon="-117.29391699">
      </trkpt>
      <trkpt lat="49.53298" lon="-117.29391">
      </trkpt>
      <trkpt lat="49.532955" lon="-117.293901">
      </trkpt>
      <trkpt lat="49.532914" lon="-117.293879">
      </trkpt>
      <trkpt lat="49.532887" lon="-117.29385401">
      </trkpt>
      <trkpt lat="49.53288" lon="-117.293855">
      </trkpt>
      <trkpt lat="49.532874" lon="-117.293857">
      </trkpt>
      <trkpt lat="49.532859" lon="-117.293858">
      </trkpt>
      <trkpt lat="49.532834" lon="-117.29384899">
      </trkpt>
      <trkpt lat="49.532828" lon="-117.293836">
      </trkpt>
      <trkpt lat="49.532843" lon="-117.29380399">
      </trkpt>
      <trkpt lat="49.532845" lon="-117.293799">
      </trkpt>
      <trkpt lat="49.532849" lon="-117.293794">
      </trkpt>
      <trkpt lat="49.532866" lon="-117.293769">
      </trkpt>
      <trkpt lat="49.532883" lon="-117.293759">
      </trkpt>
      <trkpt lat="49.532886" lon="-117.293751">
      </trkpt>
      <trkpt lat="49.532903" lon="-117.293727">
      </trkpt>
      <trkpt lat="49.532943" lon="-117.29372301">
      </trkpt>
      <trkpt lat="49.532969" lon="-117.29371999">
      </trkpt>
      <trkpt lat="49.532983" lon="-117.293705">
      </trkpt>
      <trkpt lat="49.533012" lon="-117.293695">
      </trkpt>
      <trkpt lat="49.533046" lon="-117.29367699">
      </trkpt>
      <trkpt lat="49.533054" lon="-117.293673">
      </trkpt>
      <trkpt lat="49.533093" lon="-117.293654">
      </trkpt>
      <trkpt lat="49.533142" lon="-117.29362601">
      </trkpt>
      <trkpt lat="49.533159" lon="-117.29362401">
      </trkpt>
      <trkpt lat="49.533163" lon="-117.293626">
      </trkpt>
      <trkpt lat="49.533171" lon="-117.293634">
      </trkpt>
      <trkpt lat="49.533192" lon="-117.29363301">
      </trkpt>
      <trkpt lat="49.533214" lon="-117.29361699">
      </trkpt>
      <trkpt lat="49.533231" lon="-117.29359799">
      </trkpt>
      <trkpt lat="49.533235" lon="-117.293599">
      </trkpt>
      <trkpt lat="49.533274" lon="-117.293632">
      </trkpt>
      <trkpt lat="49.533305" lon="-117.293613">
      </trkpt>
      <trkpt lat="49.533311" lon="-117.293604">
      </trkpt>
      <trkpt lat="49.533334" lon="-117.293558">
      </trkpt>
      <trkpt lat="49.533335" lon="-117.293555">
      </trkpt>
      <trkpt lat="49.533369" lon="-117.29353701">
      </trkpt>
      <trkpt lat="49.533381" lon="-117.293552">
      </trkpt>
      <trkpt lat="49.533393" lon="-117.293533">
      </trkpt>
      <trkpt lat="49.533388" lon="-117.2935">
      </trkpt>
      <trkpt lat="49.533361" lon="-117.293406">
      </trkpt>
      <trkpt lat="49.533318" lon="-117.293332">
      </trkpt>
      <trkpt lat="49.533315" lon="-117.293329">
      </trkpt>
      <trkpt lat="49.533291" lon="-117.293293">
      </trkpt>
      <trkpt lat="49.533288" lon="-117.29328701">
      </trkpt>
      <trkpt lat="49.533264" lon="-117.29323401">
      </trkpt>
      <trkpt lat="49.533259" lon="-117.293214">
      </trkpt>
      <trkpt lat="49.53325" lon="-117.29317699">
      </trkpt>
      <trkpt lat="49.533227" lon="-117.29316">
      </trkpt>
      <trkpt lat="49.53323" lon="-117.293157">
      </trkpt>
      <trkpt lat="49.533278" lon="-117.293164">
      </trkpt>
      <trkpt lat="49.533281" lon="-117.29314801">
      </trkpt>
      <trkpt lat="49.533301" lon="-117.29315401">
      </trkpt>
      <trkpt lat="49.533314" lon="-117.29316599">
      </trkpt>
      <trkpt lat="49.533329" lon="-117.293174">
      </trkpt>
      <trkpt lat="49.53337" lon="-117.293185">
      </trkpt>
      <trkpt lat="49.533375" lon="-117.293186">
      </trkpt>
      <trkpt lat="49.533397" lon="-117.293184">
      </trkpt>
      <trkpt lat="49.533416" lon="-117.293177">
      </trkpt>
      <trkpt lat="49.533434" lon="-117.293162">
      </trkpt>
      <trkpt lat="49.533454" lon="-117.29317">
      </trkpt>
      <trkpt lat="49.533479" lon="-117.29316501">
      </trkpt>
      <trkpt lat="49.533515" lon="-117.293179">
      </trkpt>
      <trkpt lat="49.533521" lon="-117.293175">
      </trkpt>
      <trkpt lat="49.533558" lon="-117.293148">
      </trkpt>
      <trkpt lat="49.533579" lon="-117.293143">
      </trkpt>
      <trkpt lat="49.533596" lon="-117.293143">
      </trkpt>
      <trkpt lat="49.533602" lon="-117.293137">
      </trkpt>
      <trkpt lat="49.53361313" lon="-117.29312844">
      </trkpt>
      <trkpt lat="49.53365" lon="-117.293136">
      </trkpt>
      <trkpt lat="49.533677" lon="-117.293136">
      </trkpt>
      <trkpt lat="49.53371" lon="-117.293136">
      </trkpt>
      <trkpt lat="49.533715" lon="-117.293116">
      </trkpt>
      <trkpt lat="49.533715" lon="-117.293074">
      </trkpt>
      <trkpt lat="49.533715" lon="-117.293019">
      </trkpt>
      <trkpt lat="49.533715" lon="-117.29300999">
      </trkpt>
      <trkpt lat="49.533715" lon="-117.293005">
      </trkpt>
      <trkpt lat="49.53371" lon="-117.29296501">
      </trkpt>
      <trkpt lat="49.533708" lon="-117.29295499">
      </trkpt>
      <trkpt lat="49.5337" lon="-117.292944">
      </trkpt>
      <trkpt lat="49.533698" lon="-117.292936">
      </trkpt>
      <trkpt lat="49.53369" lon="-117.29291799">
      </trkpt>
      <trkpt lat="49.533688" lon="-117.292896">
      </trkpt>
      <trkpt lat="49.533688" lon="-117.292875">
      </trkpt>
      <trkpt lat="49.533722" lon="-117.292857">
      </trkpt>
      <trkpt lat="49.53374" lon="-117.292828">
      </trkpt>
      <trkpt lat="49.533759" lon="-117.29274899">
      </trkpt>
      <trkpt lat="49.533754" lon="-117.29272299">
      </trkpt>
      <trkpt lat="49.533731" lon="-117.292706">
      </trkpt>
      <trkpt lat="49.533726" lon="-117.292709">
      </trkpt>
      <trkpt lat="49.533718" lon="-117.2927">
      </trkpt>
      <trkpt lat="49.5337126" lon="-117.29270271">
      </trkpt>
      <trkpt lat="49.533683" lon="-117.292654">
      </trkpt>
      <trkpt lat="49.53366" lon="-117.292623">
      </trkpt>
      <trkpt lat="49.53362" lon="-117.292571">
      </trkpt>
      <trkpt lat="49.53359839" lon="-117.29253957">
      </trkpt>
      <trkpt lat="49.533601" lon="-117.29254001">
      </trkpt>
      <trkpt lat="49.533607" lon="-117.292544">
      </trkpt>
      <trkpt lat="49.533616" lon="-117.292551">
      </trkpt>
      <trkpt lat="49.53363" lon="-117.292546">
      </trkpt>
      <trkpt lat="49.533645" lon="-117.292493">
      </trkpt>
      <trkpt lat="49.533623" lon="-117.29245699">
      </trkpt>
      <trkpt lat="49.533598" lon="-117.292409">
      </trkpt>
      <trkpt lat="49.533591" lon="-117.292399">
      </trkpt>
      <trkpt lat="49.533586" lon="-117.292392">
      </trkpt>
      <trkpt lat="49.533564" lon="-117.292339">
      </trkpt>
      <trkpt lat="49.533542" lon="-117.292339">
      </trkpt>
      <trkpt lat="49.533536" lon="-117.292332">
      </trkpt>
      <trkpt lat="49.533503" lon="-117.292295">
      </trkpt>
      <trkpt lat="49.533482" lon="-117.292265">
      </trkpt>
      <trkpt lat="49.533454" lon="-117.292225">
      </trkpt>
      <trkpt lat="49.533451" lon="-117.292216">
      </trkpt>
      <trkpt lat="49.533449" lon="-117.292208">
      </trkpt>
      <trkpt lat="49.533441" lon="-117.29216999">
      </trkpt>
      <trkpt lat="49.533463" lon="-117.29214992">
      </trkpt>
      <trkpt lat="49.533462" lon="-117.292129">
      </trkpt>
      <trkpt lat="49.533439" lon="-117.292102">
      </trkpt>
      <trkpt lat="49.533423" lon="-117.292092">
      </trkpt>
      <trkpt lat="49.533397" lon="-117.292054">
      </trkpt>
      <trkpt lat="49.533353" lon="-117.292019">
      </trkpt>
      <trkpt lat="49.533345" lon="-117.29201">
      </trkpt>
      <trkpt lat="49.533298" lon="-117.29197">
      </trkpt>
      <trkpt lat="49.53329" lon="-117.29195599">
      </trkpt>
      <trkpt lat="49.53329" lon="-117.291952">
      </trkpt>
      <trkpt lat="49.5333" lon="-117.291963">
      </trkpt>
      <trkpt lat="49.533325" lon="-117.29198399">
      </trkpt>
      <trkpt lat="49.533347" lon="-117.291994">
      </trkpt>
      <trkpt lat="49.533372" lon="-117.29201601">
      </trkpt>
      <trkpt lat="49.533393" lon="-117.29202001">
      </trkpt>
      <trkpt lat="49.5334" lon="-117.292023">
      </trkpt>
      <trkpt lat="49.533416" lon="-117.29202501">
      </trkpt>
      <trkpt lat="49.533424" lon="-117.29203">
      </trkpt>
      <trkpt lat="49.533436" lon="-117.291962">
      </trkpt>
      <trkpt lat="49.53343889" lon="-117.29188696">
      </trkpt>
      <trkpt lat="49.533438" lon="-117.29188399">
      </trkpt>
      <trkpt lat="49.533433" lon="-117.29186501">
      </trkpt>
      <trkpt lat="49.5334" lon="-117.29178099">
      </trkpt>
      <trkpt lat="49.533357" lon="-117.29172501">
      </trkpt>
      <trkpt lat="49.533342" lon="-117.291691">
      </trkpt>
      <trkpt lat="49.533257" lon="-117.291618">
      </trkpt>
      <trkpt lat="49.533168" lon="-117.291526">
      </trkpt>
      <trkpt lat="49.533153" lon="-117.291522">
      </trkpt>
      <trkpt lat="49.533126" lon="-117.291495">
      </trkpt>
      <trkpt lat="49.533104" lon="-117.291478">
      </trkpt>
      <trkpt lat="49.533098" lon="-117.291465">
      </trkpt>
      <trkpt lat="49.53309" lon="-117.291453">
      </trkpt>
      <trkpt lat="49.533083" lon="-117.291443">
      </trkpt>
      <trkpt lat="49.533068" lon="-117.291436">
      </trkpt>
      <trkpt lat="49.533045" lon="-117.29141701">
      </trkpt>
      <trkpt lat="49.533037" lon="-117.291409">
      </trkpt>
      <trkpt lat="49.533035" lon="-117.291402">
      </trkpt>
      <trkpt lat="49.533009" lon="-117.29134801">
      </trkpt>
      <trkpt lat="49.532989" lon="-117.291338">
      </trkpt>
      <trkpt lat="49.532935" lon="-117.291289">
      </trkpt>
      <trkpt lat="49.532928" lon="-117.291288">
      </trkpt>
      <trkpt lat="49.532921" lon="-117.291293">
      </trkpt>
      <trkpt lat="49.532914" lon="-117.29130001">
      </trkpt>
      <trkpt lat="49.532901" lon="-117.291308">
      </trkpt>
      <trkpt lat="49.532847" lon="-117.291324">
      </trkpt>
      <trkpt lat="49.53284322" lon="-117.291324">
      </trkpt>
      <trkpt lat="49.53282962" lon="-117.29133293">
      </trkpt>
      <trkpt lat="49.532821" lon="-117.291333">
      </trkpt>
      <trkpt lat="49.532793" lon="-117.291335">
      </trkpt>
      <trkpt lat="49.532769" lon="-117.291329">
      </trkpt>
      <trkpt lat="49.53275894" lon="-117.2913277">
      </trkpt>
      <trkpt lat="49.532761" lon="-117.291324">
      </trkpt>
      <trkpt lat="49.53283084" lon="-117.29132399">
      </trkpt>
      <trkpt lat="49.532852" lon="-117.29130201">
      </trkpt>
      <trkpt lat="49.532856" lon="-117.291296">
      </trkpt>
      <trkpt lat="49.532899" lon="-117.291272">
      </trkpt>
      <trkpt lat="49.532912" lon="-117.29127299">
      </trkpt>
      <trkpt lat="49.532931" lon="-117.291262">
      </trkpt>
      <trkpt lat="49.532954" lon="-117.29123899">
      </trkpt>
      <trkpt lat="49.532962" lon="-117.29122999">
      </trkpt>
      <trkpt lat="49.532987" lon="-117.29120401">
      </trkpt>
      <trkpt lat="49.532995" lon="-117.29119799">
      </trkpt>
      <trkpt lat="49.533019" lon="-117.29118301">
      </trkpt>
      <trkpt lat="49.533035" lon="-117.291167">
      </trkpt>
      <trkpt lat="49.533077" lon="-117.291153">
      </trkpt>
      <trkpt lat="49.533121" lon="-117.291103">
      </trkpt>
      <trkpt lat="49.533118" lon="-117.291089">
      </trkpt>
      <trkpt lat="49.533107" lon="-117.29103301">
      </trkpt>
      <trkpt lat="49.53309" lon="-117.291005">
      </trkpt>
      <trkpt lat="49.533075" lon="-117.29097001">
      </trkpt>
      <trkpt lat="49.533058" lon="-117.290956">
      </trkpt>
      <trkpt lat="49.533061" lon="-117.29087799">
      </trkpt>
      <trkpt lat="49.533048" lon="-117.290862">
      </trkpt>
      <trkpt lat="49.533026" lon="-117.29084899">
      </trkpt>
      <trkpt lat="49.532989" lon="-117.290849">
      </trkpt>
      <trkpt lat="49.532969" lon="-117.29085201">
      </trkpt>
      <trkpt lat="49.53296" lon="-117.29084699">
      </trkpt>
      <trkpt lat="49.532952" lon="-117.290818">
      </trkpt>
      <trkpt lat="49.53296021" lon="-117.29079612">
      </trkpt>
      <trkpt lat="49.532892" lon="-117.29079901">
      </trkpt>
      <trkpt lat="49.532875" lon="-117.290795">
      </trkpt>
      <trkpt lat="49.532817" lon="-117.290814">
      </trkpt>
      <trkpt lat="49.532781" lon="-117.29081">
      </trkpt>
      <trkpt lat="49.532751" lon="-117.29082299">
      </trkpt>
      <trkpt lat="49.532717" lon="-117.290882">
      </trkpt>
      <trkpt lat="49.532715" lon="-117.290877">
      </trkpt>
      <trkpt lat="49.532689" lon="-117.290888">
      </trkpt>
      <trkpt lat="49.532659" lon="-117.290886">
      </trkpt>
      <trkpt lat="49.532657" lon="-117.29088801">
      </trkpt>
      <trkpt lat="49.532654" lon="-117.290884">
      </trkpt>
      <trkpt lat="49.53265" lon="-117.290844">
      </trkpt>
      <trkpt lat="49.532636" lon="-117.290839">
      </trkpt>
      <trkpt lat="49.532623" lon="-117.290836">
      </trkpt>
      <trkpt lat="49.532572" lon="-117.290849">
      </trkpt>
      <trkpt lat="49.532567" lon="-117.290862">
      </trkpt>
      <trkpt lat="49.532554" lon="-117.290882">
      </trkpt>
      <trkpt lat="49.532548" lon="-117.290884">
      </trkpt>
      <trkpt lat="49.532554" lon="-117.29088099">
      </trkpt>
      <trkpt lat="49.532539" lon="-117.290885">
      </trkpt>
      <trkpt lat="49.53253" lon="-117.290898">
      </trkpt>
      <trkpt lat="49.532511" lon="-117.290894">
      </trkpt>
      <trkpt lat="49.532491" lon="-117.290874">
      </trkpt>
      <trkpt lat="49.532465" lon="-117.290858">
      </trkpt>
      <trkpt lat="49.532422" lon="-117.29084101">
      </trkpt>
      <trkpt lat="49.532406" lon="-117.290853">
      </trkpt>
      <trkpt lat="49.532374" lon="-117.29085201">
      </trkpt>
      <trkpt lat="49.532328" lon="-117.29083">
      </trkpt>
      <trkpt lat="49.532321" lon="-117.290833">
      </trkpt>
      <trkpt lat="49.532295" lon="-117.29087201">
      </trkpt>
      <trkpt lat="49.532279" lon="-117.290899">
      </trkpt>
      <trkpt lat="49.532263" lon="-117.290921">
      </trkpt>
      <trkpt lat="49.532239" lon="-117.290936">
      </trkpt>
      <trkpt lat="49.532193" lon="-117.290931">
      </trkpt>
      <trkpt lat="49.532186" lon="-117.29094299">
      </trkpt>
      <trkpt lat="49.532171" lon="-117.29096">
      </trkpt>
      <trkpt lat="49.532164" lon="-117.29096701">
      </trkpt>
      <trkpt lat="49.532155" lon="-117.290971">
      </trkpt>
      <trkpt lat="49.532128" lon="-117.290971">
      </trkpt>
      <trkpt lat="49.532109" lon="-117.290971">
      </trkpt>
      <trkpt lat="49.532102" lon="-117.290964">
      </trkpt>
      <trkpt lat="49.532077" lon="-117.290959">
      </trkpt>
      <trkpt lat="49.532066" lon="-117.290948">
      </trkpt>
      <trkpt lat="49.532058" lon="-117.29094201">
      </trkpt>
      <trkpt lat="49.532056" lon="-117.29094001">
      </trkpt>
      <trkpt lat="49.532051" lon="-117.290917">
      </trkpt>
      <trkpt lat="49.532049" lon="-117.290905">
      </trkpt>
      <trkpt lat="49.53204" lon="-117.29088">
      </trkpt>
      <trkpt lat="49.532029" lon="-117.290854">
      </trkpt>
      <trkpt lat="49.532002" lon="-117.29081">
      </trkpt>
      <trkpt lat="49.531993" lon="-117.29078301">
      </trkpt>
      <trkpt lat="49.531987" lon="-117.29078401">
      </trkpt>
      <trkpt lat="49.53196" lon="-117.290778">
      </trkpt>
      <trkpt lat="49.531942" lon="-117.29075199">
      </trkpt>
      <trkpt lat="49.531942" lon="-117.290739">
      </trkpt>
      <trkpt lat="49.53193263" lon="-117.29072623">
      </trkpt>
      <trkpt lat="49.531953" lon="-117.290704">
      </trkpt>
      <trkpt lat="49.531962" lon="-117.29066">
      </trkpt>
      <trkpt lat="49.531971" lon="-117.290649">
      </trkpt>
      <trkpt lat="49.532009" lon="-117.290619">
      </trkpt>
      <trkpt lat="49.532023" lon="-117.290595">
      </trkpt>
      <trkpt lat="49.532058" lon="-117.29057">
      </trkpt>
      <trkpt lat="49.532098" lon="-117.290518">
      </trkpt>
      <trkpt lat="49.532116" lon="-117.29049001">
      </trkpt>
      <trkpt lat="49.532145" lon="-117.290417">
      </trkpt>
      <trkpt lat="49.532157" lon="-117.290404">
      </trkpt>
      <trkpt lat="49.532179" lon="-117.290378">
      </trkpt>
      <trkpt lat="49.532202" lon="-117.290348">
      </trkpt>
      <trkpt lat="49.532202" lon="-117.290343">
      </trkpt>
      <trkpt lat="49.5322" lon="-117.29033401">
      </trkpt>
      <trkpt lat="49.532189" lon="-117.29027499">
      </trkpt>
      <trkpt lat="49.532191" lon="-117.290232">
      </trkpt>
      <trkpt lat="49.532195" lon="-117.29022201">
      </trkpt>
      <trkpt lat="49.532205" lon="-117.29020801">
      </trkpt>
      <trkpt lat="49.532217" lon="-117.29019701">
      </trkpt>
      <trkpt lat="49.532229" lon="-117.290167">
      </trkpt>
      <trkpt lat="49.532233" lon="-117.290144">
      </trkpt>
      <trkpt lat="49.532224" lon="-117.290129">
      </trkpt>
      <trkpt lat="49.532229" lon="-117.290124">
      </trkpt>
      <trkpt lat="49.532246" lon="-117.290098">
      </trkpt>
      <trkpt lat="49.53225" lon="-117.290091">
      </trkpt>
      <trkpt lat="49.532253" lon="-117.290084">
      </trkpt>
      <trkpt lat="49.532282" lon="-117.290039">
      </trkpt>
      <trkpt lat="49.532291" lon="-117.290024">
      </trkpt>
      <trkpt lat="49.532317" lon="-117.289998">
      </trkpt>
      <trkpt lat="49.532333" lon="-117.289974">
      </trkpt>
      <trkpt lat="49.532387" lon="-117.28991699">
      </trkpt>
      <trkpt lat="49.532392" lon="-117.28991099">
      </trkpt>
      <trkpt lat="49.532428" lon="-117.28986801">
      </trkpt>
      <trkpt lat="49.532458" lon="-117.28983799">
      </trkpt>
      <trkpt lat="49.532464" lon="-117.289833">
      </trkpt>
      <trkpt lat="49.532495" lon="-117.289799">
      </trkpt>
      <trkpt lat="49.532517" lon="-117.289764">
      </trkpt>
      <trkpt lat="49.532524" lon="-117.289751">
      </trkpt>
      <trkpt lat="49.532544" lon="-117.289733">
      </trkpt>
      <trkpt lat="49.53256" lon="-117.28972">
      </trkpt>
      <trkpt lat="49.532592" lon="-117.289664">
      </trkpt>
      <trkpt lat="49.532594" lon="-117.289646">
      </trkpt>
      <trkpt lat="49.532599" lon="-117.28963">
      </trkpt>
      <trkpt lat="49.532601" lon="-117.28963199">
      </trkpt>
      <trkpt lat="49.532595" lon="-117.28962">
      </trkpt>
      <trkpt lat="49.532627" lon="-117.289589">
      </trkpt>
      <trkpt lat="49.532619" lon="-117.28957601">
      </trkpt>
      <trkpt lat="49.53258596" lon="-117.28950117">
      </trkpt>
      <trkpt lat="49.532599" lon="-117.28949">
      </trkpt>
      <trkpt lat="49.532638" lon="-117.289448">
      </trkpt>
      <trkpt lat="49.532653" lon="-117.289415">
      </trkpt>
      <trkpt lat="49.532701" lon="-117.28938601">
      </trkpt>
      <trkpt lat="49.532722" lon="-117.289373">
      </trkpt>
      <trkpt lat="49.532725" lon="-117.28933999">
      </trkpt>
      <trkpt lat="49.532716" lon="-117.289329">
      </trkpt>
      <trkpt lat="49.532674" lon="-117.289293">
      </trkpt>
      <trkpt lat="49.532628" lon="-117.289241">
      </trkpt>
      <trkpt lat="49.532617" lon="-117.289245">
      </trkpt>
      <trkpt lat="49.532584" lon="-117.28921">
      </trkpt>
      <trkpt lat="49.532575" lon="-117.289202">
      </trkpt>
      <trkpt lat="49.532539" lon="-117.28918">
      </trkpt>
      <trkpt lat="49.532532" lon="-117.28919">
      </trkpt>
      <trkpt lat="49.532488" lon="-117.28921701">
      </trkpt>
      <trkpt lat="49.532449" lon="-117.289211">
      </trkpt>
      <trkpt lat="49.53242553" lon="-117.28920631">
      </trkpt>
      <trkpt lat="49.532435" lon="-117.289202">
      </trkpt>
      <trkpt lat="49.532476" lon="-117.28919401">
      </trkpt>
      <trkpt lat="49.532504" lon="-117.289166">
      </trkpt>
      <trkpt lat="49.532526" lon="-117.289159">
      </trkpt>
      <trkpt lat="49.532536" lon="-117.28916">
      </trkpt>
      <trkpt lat="49.532541" lon="-117.28915801">
      </trkpt>
      <trkpt lat="49.53256" lon="-117.289154">
      </trkpt>
      <trkpt lat="49.532569" lon="-117.289149">
      </trkpt>
      <trkpt lat="49.532578" lon="-117.28913999">
      </trkpt>
      <trkpt lat="49.532586" lon="-117.28912301">
      </trkpt>
      <trkpt lat="49.532603" lon="-117.289088">
      </trkpt>
      <trkpt lat="49.532614" lon="-117.2890858">
      </trkpt>
      <trkpt lat="49.532615" lon="-117.289059">
      </trkpt>
      <trkpt lat="49.532606" lon="-117.28900401">
      </trkpt>
      <trkpt lat="49.532606" lon="-117.289002">
      </trkpt>
      <trkpt lat="49.532614" lon="-117.28896201">
      </trkpt>
      <trkpt lat="49.532616" lon="-117.28894899">
      </trkpt>
      <trkpt lat="49.53264" lon="-117.28890199">
      </trkpt>
      <trkpt lat="49.53264" lon="-117.288888">
      </trkpt>
      <trkpt lat="49.532641" lon="-117.288867">
      </trkpt>
      <trkpt lat="49.532631" lon="-117.28886001">
      </trkpt>
      <trkpt lat="49.532587" lon="-117.288828">
      </trkpt>
      <trkpt lat="49.532567" lon="-117.288815">
      </trkpt>
      <trkpt lat="49.532544" lon="-117.288803">
      </trkpt>
      <trkpt lat="49.532503" lon="-117.28879701">
      </trkpt>
      <trkpt lat="49.532499" lon="-117.288795">
      </trkpt>
      <trkpt lat="49.532488" lon="-117.288771">
      </trkpt>
      <trkpt lat="49.532481" lon="-117.28876">
      </trkpt>
      <trkpt lat="49.532453" lon="-117.288798">
      </trkpt>
      <trkpt lat="49.532374" lon="-117.288783">
      </trkpt>
      <trkpt lat="49.532364" lon="-117.288775">
      </trkpt>
      <trkpt lat="49.532316" lon="-117.288748">
      </trkpt>
      <trkpt lat="49.532295" lon="-117.288746">
      </trkpt>
      <trkpt lat="49.532274" lon="-117.288749">
      </trkpt>
      <trkpt lat="49.532231" lon="-117.288769">
      </trkpt>
      <trkpt lat="49.532215" lon="-117.288771">
      </trkpt>
      <trkpt lat="49.532202" lon="-117.28877301">
      </trkpt>
      <trkpt lat="49.532155" lon="-117.288796">
      </trkpt>
      <trkpt lat="49.532122" lon="-117.28877099">
      </trkpt>
      <trkpt lat="49.532116" lon="-117.28876299">
      </trkpt>
      <trkpt lat="49.532093" lon="-117.28874701">
      </trkpt>
      <trkpt lat="49.532053" lon="-117.288731">
      </trkpt>
      <trkpt lat="49.53203386" lon="-117.28871824">
      </trkpt>
      <trkpt lat="49.532045" lon="-117.28871301">
      </trkpt>
      <trkpt lat="49.532085" lon="-117.288691">
      </trkpt>
      <trkpt lat="49.53214" lon="-117.288674">
      </trkpt>
      <trkpt lat="49.532148" lon="-117.288668">
      </trkpt>
      <trkpt lat="49.532194" lon="-117.288623">
      </trkpt>
      <trkpt lat="49.532208" lon="-117.288606">
      </trkpt>
      <trkpt lat="49.532257" lon="-117.288533">
      </trkpt>
      <trkpt lat="49.532262" lon="-117.288527">
      </trkpt>
      <trkpt lat="49.532279" lon="-117.288503">
      </trkpt>
      <trkpt lat="49.532293" lon="-117.28849899">
      </trkpt>
      <trkpt lat="49.532318" lon="-117.288511">
      </trkpt>
      <trkpt lat="49.53235" lon="-117.28848799">
      </trkpt>
      <trkpt lat="49.532359" lon="-117.28848401">
      </trkpt>
      <trkpt lat="49.532369" lon="-117.28846301">
      </trkpt>
      <trkpt lat="49.532426" lon="-117.28844401">
      </trkpt>
      <trkpt lat="49.532442" lon="-117.28843899">
      </trkpt>
      <trkpt lat="49.532454" lon="-117.288433">
      </trkpt>
      <trkpt lat="49.532488" lon="-117.28840999">
      </trkpt>
      <trkpt lat="49.532493" lon="-117.288391">
      </trkpt>
      <trkpt lat="49.53254" lon="-117.288324">
      </trkpt>
      <trkpt lat="49.532545" lon="-117.288311">
      </trkpt>
      <trkpt lat="49.532557" lon="-117.28828601">
      </trkpt>
      <trkpt lat="49.532576" lon="-117.288262">
      </trkpt>
      <trkpt lat="49.532591" lon="-117.28823499">
      </trkpt>
      <trkpt lat="49.53261" lon="-117.288223">
      </trkpt>
      <trkpt lat="49.532616" lon="-117.288222">
      </trkpt>
      <trkpt lat="49.532636" lon="-117.288221">
      </trkpt>
      <trkpt lat="49.53264754" lon="-117.28822165">
      </trkpt>
      <trkpt lat="49.5326575" lon="-117.288215">
      </trkpt>
      <trkpt lat="49.53268876" lon="-117.28819416">
      </trkpt>
      <trkpt lat="49.532782" lon="-117.288132">
      </trkpt>
      <trkpt lat="49.532849" lon="-117.288122">
      </trkpt>
      <trkpt lat="49.532859" lon="-117.288121">
      </trkpt>
      <trkpt lat="49.532886" lon="-117.28814">
      </trkpt>
      <trkpt lat="49.532908" lon="-117.28814401">
      </trkpt>
      <trkpt lat="49.532925" lon="-117.28815299">
      </trkpt>
      <trkpt lat="49.532969" lon="-117.288195">
      </trkpt>
      <trkpt lat="49.532985" lon="-117.288202">
      </trkpt>
      <trkpt lat="49.533003" lon="-117.28822">
      </trkpt>
      <trkpt lat="49.533038" lon="-117.28823">
      </trkpt>
      <trkpt lat="49.53305" lon="-117.288238">
      </trkpt>
      <trkpt lat="49.533097" lon="-117.288258">
      </trkpt>
      <trkpt lat="49.533101" lon="-117.288262">
      </trkpt>
      <trkpt lat="49.533105" lon="-117.288266">
      </trkpt>
      <trkpt lat="49.533134" lon="-117.288281">
      </trkpt>
      <trkpt lat="49.533155" lon="-117.288303">
      </trkpt>
      <trkpt lat="49.533234" lon="-117.288316">
      </trkpt>
      <trkpt lat="49.533262" lon="-117.288337">
      </trkpt>
      <trkpt lat="49.533268" lon="-117.28833099">
      </trkpt>
      <trkpt lat="49.533285" lon="-117.28829601">
      </trkpt>
      <trkpt lat="49.533298" lon="-117.288293">
      </trkpt>
      <trkpt lat="49.533301" lon="-117.288284">
      </trkpt>
      <trkpt lat="49.533277" lon="-117.288291">
      </trkpt>
      <trkpt lat="49.533271" lon="-117.28826201">
      </trkpt>
      <trkpt lat="49.533273" lon="-117.288261">
      </trkpt>
      <trkpt lat="49.533279" lon="-117.288267">
      </trkpt>
      <trkpt lat="49.5332674" lon="-117.28822831">
      </trkpt>
      <trkpt lat="49.533284" lon="-117.28819899">
      </trkpt>
      <trkpt lat="49.533287" lon="-117.28818901">
      </trkpt>
      <trkpt lat="49.53328787" lon="-117.28818123">
      </trkpt>
      <trkpt lat="49.533294" lon="-117.28818599">
      </trkpt>
      <trkpt lat="49.533308" lon="-117.2882">
      </trkpt>
      <trkpt lat="49.533323" lon="-117.288211">
      </trkpt>
      <trkpt lat="49.533337" lon="-117.288223">
      </trkpt>
      <trkpt lat="49.533371" lon="-117.288245">
      </trkpt>
      <trkpt lat="49.533388" lon="-117.288223">
      </trkpt>
      <trkpt lat="49.533392" lon="-117.288166">
      </trkpt>
      <trkpt lat="49.533382" lon="-117.288119">
      </trkpt>
      <trkpt lat="49.533382" lon="-117.28811501">
      </trkpt>
      <trkpt lat="49.533372" lon="-117.288102">
      </trkpt>
      <trkpt lat="49.533359" lon="-117.288085">
      </trkpt>
      <trkpt lat="49.533357" lon="-117.28807399">
      </trkpt>
      <trkpt lat="49.533361" lon="-117.28805">
      </trkpt>
      <trkpt lat="49.53336" lon="-117.288038">
      </trkpt>
      <trkpt lat="49.533352" lon="-117.288024">
      </trkpt>
      <trkpt lat="49.533345" lon="-117.28799">
      </trkpt>
      <trkpt lat="49.533325" lon="-117.28794901">
      </trkpt>
      <trkpt lat="49.533295" lon="-117.28791399">
      </trkpt>
      <trkpt lat="49.53329295" lon="-117.28790906">
      </trkpt>
      <trkpt lat="49.533308" lon="-117.28791601">
      </trkpt>
      <trkpt lat="49.533321" lon="-117.287922">
      </trkpt>
      <trkpt lat="49.533349" lon="-117.287925">
      </trkpt>
      <trkpt lat="49.533361" lon="-117.287921">
      </trkpt>
      <trkpt lat="49.533364" lon="-117.287889">
      </trkpt>
      <trkpt lat="49.533369" lon="-117.287881">
      </trkpt>
      <trkpt lat="49.533362" lon="-117.287825">
      </trkpt>
      <trkpt lat="49.533344" lon="-117.287774">
      </trkpt>
      <trkpt lat="49.533316" lon="-117.28773201">
      </trkpt>
      <trkpt lat="49.533299" lon="-117.287713">
      </trkpt>
      <trkpt lat="49.53326" lon="-117.28767201">
      </trkpt>
      <trkpt lat="49.53324" lon="-117.287643">
      </trkpt>
      <trkpt lat="49.533214" lon="-117.28758301">
      </trkpt>
      <trkpt lat="49.533192" lon="-117.287561">
      </trkpt>
      <trkpt lat="49.533179" lon="-117.287542">
      </trkpt>
      <trkpt lat="49.53318" lon="-117.287536">
      </trkpt>
      <trkpt lat="49.53317974" lon="-117.28753543">
      </trkpt>
      <trkpt lat="49.533187" lon="-117.28752999">
      </trkpt>
      <trkpt lat="49.533193" lon="-117.28753799">
      </trkpt>
      <trkpt lat="49.533202" lon="-117.287546">
      </trkpt>
      <trkpt lat="49.533225" lon="-117.287572">
      </trkpt>
      <trkpt lat="49.533239" lon="-117.287564">
      </trkpt>
      <trkpt lat="49.533291" lon="-117.287559">
      </trkpt>
      <trkpt lat="49.533291" lon="-117.28754701">
      </trkpt>
      <trkpt lat="49.533291" lon="-117.287512">
      </trkpt>
      <trkpt lat="49.533299" lon="-117.287461">
      </trkpt>
      <trkpt lat="49.533287" lon="-117.287445">
      </trkpt>
      <trkpt lat="49.533258" lon="-117.287415">
      </trkpt>
      <trkpt lat="49.533259" lon="-117.287405">
      </trkpt>
      <trkpt lat="49.533254" lon="-117.287356">
      </trkpt>
      <trkpt lat="49.53324942" lon="-117.28735966">
      </trkpt>
      <trkpt lat="49.533249" lon="-117.287358">
      </trkpt>
      <trkpt lat="49.533227" lon="-117.28730999">
      </trkpt>
      <trkpt lat="49.533229" lon="-117.287301">
      </trkpt>
      <trkpt lat="49.533226" lon="-117.287286">
      </trkpt>
      <trkpt lat="49.533226" lon="-117.28724401">
      </trkpt>
      <trkpt lat="49.53322" lon="-117.287225">
      </trkpt>
      <trkpt lat="49.533211" lon="-117.28718899">
      </trkpt>
      <trkpt lat="49.533212" lon="-117.28717799">
      </trkpt>
      <trkpt lat="49.53316" lon="-117.287093">
      </trkpt>
      <trkpt lat="49.533148" lon="-117.28707399">
      </trkpt>
      <trkpt lat="49.533144" lon="-117.287064">
      </trkpt>
      <trkpt lat="49.533139" lon="-117.287045">
      </trkpt>
      <trkpt lat="49.533133" lon="-117.287023">
      </trkpt>
      <trkpt lat="49.533119" lon="-117.28699901">
      </trkpt>
      <trkpt lat="49.53308" lon="-117.286962">
      </trkpt>
      <trkpt lat="49.533024" lon="-117.286888">
      </trkpt>
      <trkpt lat="49.532999" lon="-117.28686801">
      </trkpt>
      <trkpt lat="49.532992" lon="-117.28686399">
      </trkpt>
      <trkpt lat="49.532985" lon="-117.28685801">
      </trkpt>
      <trkpt lat="49.532953" lon="-117.286818">
      </trkpt>
      <trkpt lat="49.532948" lon="-117.286811">
      </trkpt>
      <trkpt lat="49.532939" lon="-117.286805">
      </trkpt>
      <trkpt lat="49.532906" lon="-117.286778">
      </trkpt>
      <trkpt lat="49.532885" lon="-117.286772">
      </trkpt>
      <trkpt lat="49.53288" lon="-117.28677">
      </trkpt>
      <trkpt lat="49.532862" lon="-117.286752">
      </trkpt>
      <trkpt lat="49.532813" lon="-117.286692">
      </trkpt>
      <trkpt lat="49.532776" lon="-117.28667199">
      </trkpt>
      <trkpt lat="49.532767" lon="-117.286672">
      </trkpt>
      <trkpt lat="49.53276" lon="-117.286648">
      </trkpt>
      <trkpt lat="49.532755" lon="-117.286636">
      </trkpt>
      <trkpt lat="49.53273682" lon="-117.28660781">
      </trkpt>
      <trkpt lat="49.532742" lon="-117.28661299">
      </trkpt>
      <trkpt lat="49.532752" lon="-117.286622">
      </trkpt>
      <trkpt lat="49.532779" lon="-117.286632">
      </trkpt>
      <trkpt lat="49.532779" lon="-117.286627">
      </trkpt>
      <trkpt lat="49.532767" lon="-117.28659601">
      </trkpt>
      <trkpt lat="49.532753" lon="-117.28656299">
      </trkpt>
      <trkpt lat="49.532745" lon="-117.28655">
      </trkpt>
      <trkpt lat="49.532752" lon="-117.28654999">
      </trkpt>
      <trkpt lat="49.532761" lon="-117.286543">
      </trkpt>
      <trkpt lat="49.532763" lon="-117.286538">
      </trkpt>
      <trkpt lat="49.532763" lon="-117.286511">
      </trkpt>
      <trkpt lat="49.532781" lon="-117.28651399">
      </trkpt>
      <trkpt lat="49.532837" lon="-117.286527">
      </trkpt>
      <trkpt lat="49.532858" lon="-117.28651">
      </trkpt>
      <trkpt lat="49.532917" lon="-117.286503">
      </trkpt>
      <trkpt lat="49.532925" lon="-117.286467">
      </trkpt>
      <trkpt lat="49.532927" lon="-117.286406">
      </trkpt>
      <trkpt lat="49.532945" lon="-117.28637101">
      </trkpt>
      <trkpt lat="49.532964" lon="-117.28635699">
      </trkpt>
      <trkpt lat="49.532974" lon="-117.286298">
      </trkpt>
      <trkpt lat="49.532982" lon="-117.286302">
      </trkpt>
      <trkpt lat="49.532991" lon="-117.286333">
      </trkpt>
      <trkpt lat="49.533001" lon="-117.286352">
      </trkpt>
      <trkpt lat="49.533011" lon="-117.286345">
      </trkpt>
      <trkpt lat="49.533029" lon="-117.286337">
      </trkpt>
      <trkpt lat="49.533049" lon="-117.286312">
      </trkpt>
      <trkpt lat="49.53305" lon="-117.286299">
      </trkpt>
      <trkpt lat="49.533055" lon="-117.286219">
      </trkpt>
      <trkpt lat="49.533057" lon="-117.28617499">
      </trkpt>
      <trkpt lat="49.533053" lon="-117.28615199">
      </trkpt>
      <trkpt lat="49.53302" lon="-117.286069">
      </trkpt>
      <trkpt lat="49.532989" lon="-117.285995">
      </trkpt>
      <trkpt lat="49.532973" lon="-117.285952">
      </trkpt>
      <trkpt lat="49.532967" lon="-117.285958">
      </trkpt>
      <trkpt lat="49.532961" lon="-117.285967">
      </trkpt>
      <trkpt lat="49.532932" lon="-117.285885">
      </trkpt>
      <trkpt lat="49.532894" lon="-117.285818">
      </trkpt>
      <trkpt lat="49.532891" lon="-117.28581">
      </trkpt>
      <trkpt lat="49.532887" lon="-117.285806">
      </trkpt>
      <trkpt lat="49.532867" lon="-117.285778">
      </trkpt>
      <trkpt lat="49.532862" lon="-117.285764">
      </trkpt>
      <trkpt lat="49.532869" lon="-117.285748">
      </trkpt>
      <trkpt lat="49.532888" lon="-117.28575699">
      </trkpt>
      <trkpt lat="49.532893" lon="-117.285761">
      </trkpt>
      <trkpt lat="49.532899" lon="-117.285768">
      </trkpt>
      <trkpt lat="49.532913" lon="-117.285779">
      </trkpt>
      <trkpt lat="49.532918" lon="-117.28578501">
      </trkpt>
      <trkpt lat="49.532933" lon="-117.285805">
      </trkpt>
      <trkpt lat="49.532938" lon="-117.285813">
      </trkpt>
      <trkpt lat="49.532947" lon="-117.28581701">
      </trkpt>
      <trkpt lat="49.532973" lon="-117.28582">
      </trkpt>
      <trkpt lat="49.532975" lon="-117.28581001">
      </trkpt>
      <trkpt lat="49.532984" lon="-117.28579201">
      </trkpt>
      <trkpt lat="49.532982" lon="-117.285778">
      </trkpt>
      <trkpt lat="49.532994" lon="-117.285699">
      </trkpt>
      <trkpt lat="49.532995" lon="-117.28568499">
      </trkpt>
      <trkpt lat="49.533008" lon="-117.285659">
      </trkpt>
      <trkpt lat="49.533003" lon="-117.285599">
      </trkpt>
      <trkpt lat="49.533006" lon="-117.28557">
      </trkpt>
      <trkpt lat="49.533001" lon="-117.28553199">
      </trkpt>
      <trkpt lat="49.532979" lon="-117.285447">
      </trkpt>
      <trkpt lat="49.532963" lon="-117.285392">
      </trkpt>
      <trkpt lat="49.532933" lon="-117.285333">
      </trkpt>
      <trkpt lat="49.53292" lon="-117.285309">
      </trkpt>
      <trkpt lat="49.532909" lon="-117.28527399">
      </trkpt>
      <trkpt lat="49.532902" lon="-117.285262">
      </trkpt>
      <trkpt lat="49.532883" lon="-117.285234">
      </trkpt>
      <trkpt lat="49.532881" lon="-117.285227">
      </trkpt>
      <trkpt lat="49.532881" lon="-117.28521299">
      </trkpt>
      <trkpt lat="49.532897" lon="-117.28520799">
      </trkpt>
      <trkpt lat="49.532908" lon="-117.28521699">
      </trkpt>
      <trkpt lat="49.532956" lon="-117.285298">
      </trkpt>
      <trkpt lat="49.53296" lon="-117.285302">
      </trkpt>
      <trkpt lat="49.532993" lon="-117.285333">
      </trkpt>
      <trkpt lat="49.533055" lon="-117.285395">
      </trkpt>
      <trkpt lat="49.533063" lon="-117.285395">
      </trkpt>
      <trkpt lat="49.533098" lon="-117.285415">
      </trkpt>
      <trkpt lat="49.533106" lon="-117.285421">
      </trkpt>
      <trkpt lat="49.53312" lon="-117.28542">
      </trkpt>
      <trkpt lat="49.533122" lon="-117.28534201">
      </trkpt>
      <trkpt lat="49.533117" lon="-117.285319">
      </trkpt>
      <trkpt lat="49.533107" lon="-117.28529">
      </trkpt>
      <trkpt lat="49.533082" lon="-117.28524101">
      </trkpt>
      <trkpt lat="49.533076" lon="-117.285228">
      </trkpt>
      <trkpt lat="49.533043" lon="-117.285146">
      </trkpt>
      <trkpt lat="49.533019" lon="-117.285089">
      </trkpt>
      <trkpt lat="49.533013" lon="-117.285078">
      </trkpt>
      <trkpt lat="49.532984" lon="-117.285022">
      </trkpt>
      <trkpt lat="49.532957" lon="-117.284958">
      </trkpt>
      <trkpt lat="49.53295282" lon="-117.2849555">
      </trkpt>
      <trkpt lat="49.532951" lon="-117.28492999">
      </trkpt>
      <trkpt lat="49.532944" lon="-117.284912">
      </trkpt>
      <trkpt lat="49.532927" lon="-117.28489">
      </trkpt>
      <trkpt lat="49.532906" lon="-117.28486999">
      </trkpt>
      <trkpt lat="49.532898" lon="-117.284863">
      </trkpt>
      <trkpt lat="49.532873" lon="-117.28483199">
      </trkpt>
      <trkpt lat="49.532867" lon="-117.28482399">
      </trkpt>
      <trkpt lat="49.532834" lon="-117.284749">
      </trkpt>
      <trkpt lat="49.532821" lon="-117.28472399">
      </trkpt>
      <trkpt lat="49.532797" lon="-117.28466701">
      </trkpt>
      <trkpt lat="49.532797" lon="-117.284653">
      </trkpt>
      <trkpt lat="49.532776" lon="-117.284591">
      </trkpt>
      <trkpt lat="49.532772" lon="-117.28458199">
      </trkpt>
      <trkpt lat="49.532747" lon="-117.28455">
      </trkpt>
      <trkpt lat="49.532696" lon="-117.284534">
      </trkpt>
      <trkpt lat="49.532682" lon="-117.284524">
      </trkpt>
      <trkpt lat="49.532667" lon="-117.284493">
      </trkpt>
      <trkpt lat="49.532663" lon="-117.28447399">
      </trkpt>
      <trkpt lat="49.53265" lon="-117.284446">
      </trkpt>
      <trkpt lat="49.532639" lon="-117.28440801">
      </trkpt>
      <trkpt lat="49.532605" lon="-117.284345">
      </trkpt>
      <trkpt lat="49.532603" lon="-117.284334">
      </trkpt>
      <trkpt lat="49.532595" lon="-117.284299">
      </trkpt>
      <trkpt lat="49.532582" lon="-117.2842931">
      </trkpt>
      <trkpt lat="49.53258062" lon="-117.28429247">
      </trkpt>
      <trkpt lat="49.53258026" lon="-117.28428362">
      </trkpt>
      <trkpt lat="49.53257738" lon="-117.28428297">
      </trkpt>
      <trkpt lat="49.532537" lon="-117.284274">
      </trkpt>
      <trkpt lat="49.532505" lon="-117.284273">
      </trkpt>
      <trkpt lat="49.532491" lon="-117.284278">
      </trkpt>
      <trkpt lat="49.532414" lon="-117.284309">
      </trkpt>
      <trkpt lat="49.532395" lon="-117.284308">
      </trkpt>
      <trkpt lat="49.532389" lon="-117.284311">
      </trkpt>
      <trkpt lat="49.532375" lon="-117.28433">
      </trkpt>
      <trkpt lat="49.532367" lon="-117.28433201">
      </trkpt>
      <trkpt lat="49.53234" lon="-117.284334">
      </trkpt>
      <trkpt lat="49.532307" lon="-117.284331">
      </trkpt>
      <trkpt lat="49.532307" lon="-117.284327">
      </trkpt>
      <trkpt lat="49.532287" lon="-117.284262">
      </trkpt>
      <trkpt lat="49.532289" lon="-117.28425099">
      </trkpt>
      <trkpt lat="49.532298" lon="-117.284201">
      </trkpt>
      <trkpt lat="49.532305" lon="-117.284141">
      </trkpt>
      <trkpt lat="49.532311" lon="-117.284127">
      </trkpt>
      <trkpt lat="49.532318" lon="-117.28410401">
      </trkpt>
      <trkpt lat="49.532323" lon="-117.284046">
      </trkpt>
      <trkpt lat="49.532336" lon="-117.284023">
      </trkpt>
      <trkpt lat="49.532334" lon="-117.283992">
      </trkpt>
      <trkpt lat="49.532343" lon="-117.283958">
      </trkpt>
      <trkpt lat="49.532346" lon="-117.283939">
      </trkpt>
      <trkpt lat="49.532353" lon="-117.283922">
      </trkpt>
      <trkpt lat="49.532366" lon="-117.283893">
      </trkpt>
      <trkpt lat="49.532373" lon="-117.283876">
      </trkpt>
      <trkpt lat="49.532388" lon="-117.28382901">
      </trkpt>
      <trkpt lat="49.532406" lon="-117.28381001">
      </trkpt>
      <trkpt lat="49.532414" lon="-117.28379501">
      </trkpt>
      <trkpt lat="49.532397" lon="-117.283748">
      </trkpt>
      <trkpt lat="49.53239" lon="-117.283745">
      </trkpt>
      <trkpt lat="49.532344" lon="-117.28376501">
      </trkpt>
      <trkpt lat="49.532335" lon="-117.283754">
      </trkpt>
      <trkpt lat="49.532307" lon="-117.283741">
      </trkpt>
      <trkpt lat="49.532298" lon="-117.283745">
      </trkpt>
      <trkpt lat="49.532285" lon="-117.283707">
      </trkpt>
      <trkpt lat="49.532274" lon="-117.28364999">
      </trkpt>
      <trkpt lat="49.532265" lon="-117.283594">
      </trkpt>
      <trkpt lat="49.532286" lon="-117.283569">
      </trkpt>
      <trkpt lat="49.532304" lon="-117.283554">
      </trkpt>
      <trkpt lat="49.532314" lon="-117.283544">
      </trkpt>
      <trkpt lat="49.532317" lon="-117.283525">
      </trkpt>
      <trkpt lat="49.532325" lon="-117.283483">
      </trkpt>
      <trkpt lat="49.532331" lon="-117.28346401">
      </trkpt>
      <trkpt lat="49.53234" lon="-117.283445">
      </trkpt>
      <trkpt lat="49.532338" lon="-117.283404">
      </trkpt>
      <trkpt lat="49.532345" lon="-117.283399">
      </trkpt>
      <trkpt lat="49.532349" lon="-117.283362">
      </trkpt>
      <trkpt lat="49.532331" lon="-117.283297">
      </trkpt>
      <trkpt lat="49.532338" lon="-117.283288">
      </trkpt>
      <trkpt lat="49.532333" lon="-117.283261">
      </trkpt>
      <trkpt lat="49.532332" lon="-117.28324199">
      </trkpt>
      <trkpt lat="49.532336" lon="-117.283243">
      </trkpt>
      <trkpt lat="49.532342" lon="-117.283242">
      </trkpt>
      <trkpt lat="49.532368" lon="-117.28323699">
      </trkpt>
      <trkpt lat="49.532366" lon="-117.28323">
      </trkpt>
      <trkpt lat="49.532361" lon="-117.28322301">
      </trkpt>
      <trkpt lat="49.532361" lon="-117.283214">
      </trkpt>
      <trkpt lat="49.532396" lon="-117.283211">
      </trkpt>
      <trkpt lat="49.532403" lon="-117.283212">
      </trkpt>
      <trkpt lat="49.532418" lon="-117.283222">
      </trkpt>
      <trkpt lat="49.532471" lon="-117.28323899">
      </trkpt>
      <trkpt lat="49.53248" lon="-117.283236">
      </trkpt>
      <trkpt lat="49.532499" lon="-117.28322399">
      </trkpt>
      <trkpt lat="49.532526" lon="-117.283209">
      </trkpt>
      <trkpt lat="49.532577" lon="-117.283191">
      </trkpt>
      <trkpt lat="49.532567" lon="-117.283106">
      </trkpt>
      <trkpt lat="49.532565" lon="-117.283087">
      </trkpt>
      <trkpt lat="49.532519" lon="-117.282999">
      </trkpt>
      <trkpt lat="49.532499" lon="-117.28294501">
      </trkpt>
      <trkpt lat="49.532478" lon="-117.28292101">
      </trkpt>
      <trkpt lat="49.532423" lon="-117.282884">
      </trkpt>
      <trkpt lat="49.532394" lon="-117.282875">
      </trkpt>
      <trkpt lat="49.532376" lon="-117.282863">
      </trkpt>
      <trkpt lat="49.532331" lon="-117.282833">
      </trkpt>
      <trkpt lat="49.532321" lon="-117.282822">
      </trkpt>
      <trkpt lat="49.532243" lon="-117.282797">
      </trkpt>
      <trkpt lat="49.53221" lon="-117.28280499">
      </trkpt>
      <trkpt lat="49.532153" lon="-117.282839">
      </trkpt>
      <trkpt lat="49.532127" lon="-117.282855">
      </trkpt>
      <trkpt lat="49.53209" lon="-117.282853">
      </trkpt>
      <trkpt lat="49.532097" lon="-117.282816">
      </trkpt>
      <trkpt lat="49.532104" lon="-117.2828">
      </trkpt>
      <trkpt lat="49.532105" lon="-117.28278299">
      </trkpt>
      <trkpt lat="49.532111" lon="-117.282746">
      </trkpt>
      <trkpt lat="49.532135" lon="-117.28268501">
      </trkpt>
      <trkpt lat="49.532138" lon="-117.282674">
      </trkpt>
      <trkpt lat="49.532149" lon="-117.282628">
      </trkpt>
      <trkpt lat="49.532156" lon="-117.282603">
      </trkpt>
      <trkpt lat="49.532163" lon="-117.28259401">
      </trkpt>
      <trkpt lat="49.532182" lon="-117.282541">
      </trkpt>
      <trkpt lat="49.53219" lon="-117.282546">
      </trkpt>
      <trkpt lat="49.532255" lon="-117.282542">
      </trkpt>
      <trkpt lat="49.532272" lon="-117.282532">
      </trkpt>
      <trkpt lat="49.532299" lon="-117.282514">
      </trkpt>
      <trkpt lat="49.532303" lon="-117.282503">
      </trkpt>
      <trkpt lat="49.532314" lon="-117.28247">
      </trkpt>
      <trkpt lat="49.53233" lon="-117.282464">
      </trkpt>
      <trkpt lat="49.532339" lon="-117.282465">
      </trkpt>
      <trkpt lat="49.532366" lon="-117.282436">
      </trkpt>
      <trkpt lat="49.532401" lon="-117.282398">
      </trkpt>
      <trkpt lat="49.532414" lon="-117.28238201">
      </trkpt>
      <trkpt lat="49.532416" lon="-117.28237">
      </trkpt>
      <trkpt lat="49.532397" lon="-117.28233199">
      </trkpt>
      <trkpt lat="49.532363" lon="-117.282258">
      </trkpt>
      <trkpt lat="49.532361" lon="-117.28223301">
      </trkpt>
      <trkpt lat="49.532357" lon="-117.282209">
      </trkpt>
      <trkpt lat="49.53235" lon="-117.2822">
      </trkpt>
      <trkpt lat="49.532314" lon="-117.282172">
      </trkpt>
      <trkpt lat="49.532264" lon="-117.28213">
      </trkpt>
      <trkpt lat="49.532245" lon="-117.282112">
      </trkpt>
      <trkpt lat="49.532227" lon="-117.282089">
      </trkpt>
      <trkpt lat="49.532248" lon="-117.28208201">
      </trkpt>
      <trkpt lat="49.532307" lon="-117.282081">
      </trkpt>
      <trkpt lat="49.532315" lon="-117.282078">
      </trkpt>
      <trkpt lat="49.532367" lon="-117.28204699">
      </trkpt>
      <trkpt lat="49.532387" lon="-117.282062">
      </trkpt>
      <trkpt lat="49.532435" lon="-117.282057">
      </trkpt>
      <trkpt lat="49.53243" lon="-117.28201599">
      </trkpt>
      <trkpt lat="49.532423" lon="-117.281999">
      </trkpt>
      <trkpt lat="49.532415" lon="-117.28198">
      </trkpt>
      <trkpt lat="49.532406" lon="-117.281963">
      </trkpt>
      <trkpt lat="49.532366" lon="-117.281917">
      </trkpt>
      <trkpt lat="49.53235" lon="-117.281908">
      </trkpt>
      <trkpt lat="49.532345" lon="-117.281893">
      </trkpt>
      <trkpt lat="49.532336" lon="-117.28185801">
      </trkpt>
      <trkpt lat="49.532331" lon="-117.281834">
      </trkpt>
      <trkpt lat="49.53235" lon="-117.281836">
      </trkpt>
      <trkpt lat="49.532365" lon="-117.281826">
      </trkpt>
      <trkpt lat="49.532395" lon="-117.28180401">
      </trkpt>
      <trkpt lat="49.532393" lon="-117.281803">
      </trkpt>
      <trkpt lat="49.532368" lon="-117.28175601">
      </trkpt>
      <trkpt lat="49.532349" lon="-117.28173501">
      </trkpt>
      <trkpt lat="49.532316" lon="-117.281701">
      </trkpt>
      <trkpt lat="49.532287" lon="-117.28168001">
      </trkpt>
      <trkpt lat="49.53226" lon="-117.281673">
      </trkpt>
      <trkpt lat="49.532251" lon="-117.281661">
      </trkpt>
      <trkpt lat="49.532214" lon="-117.28162201">
      </trkpt>
      <trkpt lat="49.532155" lon="-117.281602">
      </trkpt>
      <trkpt lat="49.532145" lon="-117.281591">
      </trkpt>
      <trkpt lat="49.532124" lon="-117.281559">
      </trkpt>
      <trkpt lat="49.532097" lon="-117.281529">
      </trkpt>
      <trkpt lat="49.532091" lon="-117.281511">
      </trkpt>
      <trkpt lat="49.532078" lon="-117.28149401">
      </trkpt>
      <trkpt lat="49.532059" lon="-117.281489">
      </trkpt>
      <trkpt lat="49.532037" lon="-117.281507">
      </trkpt>
      <trkpt lat="49.532011" lon="-117.28152001">
      </trkpt>
      <trkpt lat="49.531957" lon="-117.281497">
      </trkpt>
      <trkpt lat="49.531936" lon="-117.281482">
      </trkpt>
      <trkpt lat="49.531923" lon="-117.28148299">
      </trkpt>
      <trkpt lat="49.531909" lon="-117.281449">
      </trkpt>
      <trkpt lat="49.531909" lon="-117.281418">
      </trkpt>
      <trkpt lat="49.531873" lon="-117.281409">
      </trkpt>
      <trkpt lat="49.531856" lon="-117.281409">
      </trkpt>
      <trkpt lat="49.531849" lon="-117.281381">
      </trkpt>
      <trkpt lat="49.531853" lon="-117.281361">
      </trkpt>
      <trkpt lat="49.531861" lon="-117.281338">
      </trkpt>
      <trkpt lat="49.53189" lon="-117.281303">
      </trkpt>
      <trkpt lat="49.531887" lon="-117.28129701">
      </trkpt>
      <trkpt lat="49.531873" lon="-117.28129">
      </trkpt>
      <trkpt lat="49.531868" lon="-117.281288">
      </trkpt>
      <trkpt lat="49.53186" lon="-117.281274">
      </trkpt>
      <trkpt lat="49.531846" lon="-117.281253">
      </trkpt>
      <trkpt lat="49.531812" lon="-117.28124699">
      </trkpt>
      <trkpt lat="49.531817" lon="-117.2812">
      </trkpt>
      <trkpt lat="49.531842" lon="-117.281163">
      </trkpt>
      <trkpt lat="49.531858" lon="-117.28116199">
      </trkpt>
      <trkpt lat="49.531868" lon="-117.281161">
      </trkpt>
      <trkpt lat="49.531883" lon="-117.281146">
      </trkpt>
      <trkpt lat="49.531889" lon="-117.281135">
      </trkpt>
      <trkpt lat="49.531921" lon="-117.281116">
      </trkpt>
      <trkpt lat="49.531952" lon="-117.281089">
      </trkpt>
      <trkpt lat="49.531986" lon="-117.28108">
      </trkpt>
      <trkpt lat="49.531994" lon="-117.28107801">
      </trkpt>
      <trkpt lat="49.53199" lon="-117.281041">
      </trkpt>
      <trkpt lat="49.531983" lon="-117.281031">
      </trkpt>
      <trkpt lat="49.531967" lon="-117.280989">
      </trkpt>
      <trkpt lat="49.531972" lon="-117.280989">
      </trkpt>
      <trkpt lat="49.53197" lon="-117.28097801">
      </trkpt>
      <trkpt lat="49.531961" lon="-117.28094501">
      </trkpt>
      <trkpt lat="49.531934" lon="-117.280907">
      </trkpt>
      <trkpt lat="49.531907" lon="-117.280877">
      </trkpt>
      <trkpt lat="49.531868" lon="-117.280872">
      </trkpt>
      <trkpt lat="49.531858" lon="-117.28087">
      </trkpt>
      <trkpt lat="49.53182" lon="-117.28085601">
      </trkpt>
      <trkpt lat="49.531813" lon="-117.280859">
      </trkpt>
      <trkpt lat="49.531788" lon="-117.280834">
      </trkpt>
      <trkpt lat="49.531783" lon="-117.280825">
      </trkpt>
      <trkpt lat="49.531763" lon="-117.280821">
      </trkpt>
      <trkpt lat="49.531756" lon="-117.280809">
      </trkpt>
      <trkpt lat="49.531765" lon="-117.28076">
      </trkpt>
      <trkpt lat="49.531774" lon="-117.280755">
      </trkpt>
      <trkpt lat="49.531782" lon="-117.28075499">
      </trkpt>
      <trkpt lat="49.531811" lon="-117.280752">
      </trkpt>
      <trkpt lat="49.531844" lon="-117.280749">
      </trkpt>
      <trkpt lat="49.531846" lon="-117.28073799">
      </trkpt>
      <trkpt lat="49.531848" lon="-117.280728">
      </trkpt>
      <trkpt lat="49.531852" lon="-117.280731">
      </trkpt>
      <trkpt lat="49.531855" lon="-117.28072801">
      </trkpt>
      <trkpt lat="49.531865" lon="-117.280721">
      </trkpt>
      <trkpt lat="49.531873" lon="-117.280708">
      </trkpt>
      <trkpt lat="49.531881" lon="-117.280702">
      </trkpt>
      <trkpt lat="49.53191" lon="-117.280682">
      </trkpt>
      <trkpt lat="49.531931" lon="-117.280679">
      </trkpt>
      <trkpt lat="49.531956" lon="-117.280642">
      </trkpt>
      <trkpt lat="49.531958" lon="-117.280619">
      </trkpt>
      <trkpt lat="49.531963" lon="-117.280597">
      </trkpt>
      <trkpt lat="49.531957" lon="-117.280565">
      </trkpt>
      <trkpt lat="49.531947" lon="-117.280539">
      </trkpt>
      <trkpt lat="49.531933" lon="-117.280506">
      </trkpt>
      <trkpt lat="49.531927" lon="-117.280461">
      </trkpt>
      <trkpt lat="49.531928" lon="-117.28044701">
      </trkpt>
      <trkpt lat="49.531927" lon="-117.280394">
      </trkpt>
      <trkpt lat="49.531918" lon="-117.28036601">
      </trkpt>
      <trkpt lat="49.531911" lon="-117.28035201">
      </trkpt>
      <trkpt lat="49.531899" lon="-117.28034501">
      </trkpt>
      <trkpt lat="49.531885" lon="-117.280341">
      </trkpt>
      <trkpt lat="49.531842" lon="-117.280347">
      </trkpt>
      <trkpt lat="49.531834" lon="-117.28035601">
      </trkpt>
      <trkpt lat="49.531825" lon="-117.280361">
      </trkpt>
      <trkpt lat="49.531807" lon="-117.280372">
      </trkpt>
      <trkpt lat="49.531763" lon="-117.280374">
      </trkpt>
      <trkpt lat="49.531757" lon="-117.28034">
      </trkpt>
      <trkpt lat="49.531758" lon="-117.28028901">
      </trkpt>
      <trkpt lat="49.531757" lon="-117.280239">
      </trkpt>
      <trkpt lat="49.531769" lon="-117.28021499">
      </trkpt>
      <trkpt lat="49.531777" lon="-117.280181">
      </trkpt>
      <trkpt lat="49.531777" lon="-117.28014899">
      </trkpt>
      <trkpt lat="49.531798" lon="-117.28012">
      </trkpt>
      <trkpt lat="49.531802" lon="-117.280104">
      </trkpt>
      <trkpt lat="49.531788" lon="-117.28007301">
      </trkpt>
      <trkpt lat="49.531786" lon="-117.280053">
      </trkpt>
      <trkpt lat="49.53179" lon="-117.280037">
      </trkpt>
      <trkpt lat="49.531793" lon="-117.280027">
      </trkpt>
      <trkpt lat="49.531791" lon="-117.28001301">
      </trkpt>
      <trkpt lat="49.531786" lon="-117.279999">
      </trkpt>
      <trkpt lat="49.531773" lon="-117.279983">
      </trkpt>
      <trkpt lat="49.531775" lon="-117.27997501">
      </trkpt>
      <trkpt lat="49.531787" lon="-117.279952">
      </trkpt>
      <trkpt lat="49.531772" lon="-117.279922">
      </trkpt>
      <trkpt lat="49.531755" lon="-117.27990699">
      </trkpt>
      <trkpt lat="49.531744" lon="-117.279899">
      </trkpt>
      <trkpt lat="49.531723" lon="-117.27990699">
      </trkpt>
      <trkpt lat="49.531672" lon="-117.279896">
      </trkpt>
      <trkpt lat="49.531673" lon="-117.279854">
      </trkpt>
      <trkpt lat="49.531685" lon="-117.279817">
      </trkpt>
      <trkpt lat="49.531693" lon="-117.279808">
      </trkpt>
      <trkpt lat="49.531743" lon="-117.27977">
      </trkpt>
      <trkpt lat="49.531738" lon="-117.279737">
      </trkpt>
      <trkpt lat="49.531728" lon="-117.27972999">
      </trkpt>
      <trkpt lat="49.531721" lon="-117.279729">
      </trkpt>
      <trkpt lat="49.531715" lon="-117.279723">
      </trkpt>
      <trkpt lat="49.531712" lon="-117.279703">
      </trkpt>
      <trkpt lat="49.531712" lon="-117.279679">
      </trkpt>
      <trkpt lat="49.531714" lon="-117.27966801">
      </trkpt>
      <trkpt lat="49.531707" lon="-117.27965599">
      </trkpt>
      <trkpt lat="49.531679" lon="-117.279637">
      </trkpt>
      <trkpt lat="49.531672" lon="-117.27963">
      </trkpt>
      <trkpt lat="49.531647" lon="-117.279629">
      </trkpt>
      <trkpt lat="49.531622" lon="-117.27963999">
      </trkpt>
      <trkpt lat="49.531623" lon="-117.27961801">
      </trkpt>
      <trkpt lat="49.531622" lon="-117.27960401">
      </trkpt>
      <trkpt lat="49.531639" lon="-117.279559">
      </trkpt>
      <trkpt lat="49.531664" lon="-117.279529">
      </trkpt>
      <trkpt lat="49.531702" lon="-117.27949999">
      </trkpt>
      <trkpt lat="49.531714" lon="-117.279483">
      </trkpt>
      <trkpt lat="49.531736" lon="-117.279465">
      </trkpt>
      <trkpt lat="49.531728" lon="-117.279422">
      </trkpt>
      <trkpt lat="49.531713" lon="-117.279404">
      </trkpt>
      <trkpt lat="49.531679" lon="-117.279383">
      </trkpt>
      <trkpt lat="49.531659" lon="-117.279373">
      </trkpt>
      <trkpt lat="49.531665" lon="-117.27936001">
      </trkpt>
      <trkpt lat="49.531674" lon="-117.27934201">
      </trkpt>
      <trkpt lat="49.531689" lon="-117.279337">
      </trkpt>
      <trkpt lat="49.531688" lon="-117.279295">
      </trkpt>
      <trkpt lat="49.531681" lon="-117.279277">
      </trkpt>
      <trkpt lat="49.531706" lon="-117.27925801">
      </trkpt>
      <trkpt lat="49.531715" lon="-117.27925701">
      </trkpt>
      <trkpt lat="49.531764" lon="-117.279255">
      </trkpt>
      <trkpt lat="49.531844" lon="-117.279327">
      </trkpt>
      <trkpt lat="49.531854" lon="-117.279317">
      </trkpt>
      <trkpt lat="49.531854" lon="-117.27930499">
      </trkpt>
      <trkpt lat="49.531862" lon="-117.279296">
      </trkpt>
      <trkpt lat="49.531866" lon="-117.279273">
      </trkpt>
      <trkpt lat="49.531868" lon="-117.279261">
      </trkpt>
      <trkpt lat="49.531885" lon="-117.279176">
      </trkpt>
      <trkpt lat="49.531883" lon="-117.279146">
      </trkpt>
      <trkpt lat="49.531883" lon="-117.279134">
      </trkpt>
      <trkpt lat="49.531879" lon="-117.27909601">
      </trkpt>
      <trkpt lat="49.531874" lon="-117.279082">
      </trkpt>
      <trkpt lat="49.531818" lon="-117.27901801">
      </trkpt>
      <trkpt lat="49.531796" lon="-117.279009">
      </trkpt>
      <trkpt lat="49.531786" lon="-117.279004">
      </trkpt>
      <trkpt lat="49.531749" lon="-117.27898001">
      </trkpt>
      <trkpt lat="49.531734" lon="-117.278963">
      </trkpt>
      <trkpt lat="49.531722" lon="-117.278958">
      </trkpt>
      <trkpt lat="49.531699" lon="-117.278952">
      </trkpt>
      <trkpt lat="49.53164458" lon="-117.27894754">
      </trkpt>
      <trkpt lat="49.531644" lon="-117.278946">
      </trkpt>
      <trkpt lat="49.531609" lon="-117.278922">
      </trkpt>
      <trkpt lat="49.531581" lon="-117.278917">
      </trkpt>
      <trkpt lat="49.53157045" lon="-117.27892084">
      </trkpt>
      <trkpt lat="49.531574" lon="-117.278916">
      </trkpt>
      <trkpt lat="49.531591" lon="-117.27884">
      </trkpt>
      <trkpt lat="49.531598" lon="-117.27883001">
      </trkpt>
      <trkpt lat="49.531619" lon="-117.278807">
      </trkpt>
      <trkpt lat="49.531643" lon="-117.278758">
      </trkpt>
      <trkpt lat="49.531645" lon="-117.278722">
      </trkpt>
      <trkpt lat="49.531694" lon="-117.278674">
      </trkpt>
      <trkpt lat="49.531706" lon="-117.27865401">
      </trkpt>
      <trkpt lat="49.531705" lon="-117.278587">
      </trkpt>
      <trkpt lat="49.531669" lon="-117.278531">
      </trkpt>
      <trkpt lat="49.531658" lon="-117.278523">
      </trkpt>
      <trkpt lat="49.531637" lon="-117.278512">
      </trkpt>
      <trkpt lat="49.531623" lon="-117.27851101">
      </trkpt>
      <trkpt lat="49.531578" lon="-117.27850601">
      </trkpt>
      <trkpt lat="49.531544" lon="-117.278525">
      </trkpt>
      <trkpt lat="49.531544" lon="-117.27852099">
      </trkpt>
      <trkpt lat="49.531546" lon="-117.278512">
      </trkpt>
      <trkpt lat="49.531549" lon="-117.27847999">
      </trkpt>
      <trkpt lat="49.531557" lon="-117.27844701">
      </trkpt>
      <trkpt lat="49.531559" lon="-117.278435">
      </trkpt>
      <trkpt lat="49.531548" lon="-117.27841499">
      </trkpt>
      <trkpt lat="49.531524" lon="-117.278393">
      </trkpt>
      <trkpt lat="49.531523" lon="-117.27836701">
      </trkpt>
      <trkpt lat="49.531522" lon="-117.27835301">
      </trkpt>
      <trkpt lat="49.531526" lon="-117.278318">
      </trkpt>
      <trkpt lat="49.531528" lon="-117.278304">
      </trkpt>
      <trkpt lat="49.531527" lon="-117.27826201">
      </trkpt>
      <trkpt lat="49.531512" lon="-117.278222">
      </trkpt>
      <trkpt lat="49.531506" lon="-117.278215">
      </trkpt>
      <trkpt lat="49.531469" lon="-117.278231">
      </trkpt>
      <trkpt lat="49.53146" lon="-117.278242">
      </trkpt>
      <trkpt lat="49.531428" lon="-117.27827699">
      </trkpt>
      <trkpt lat="49.531412" lon="-117.27830501">
      </trkpt>
      <trkpt lat="49.531397" lon="-117.278327">
      </trkpt>
      <trkpt lat="49.531382" lon="-117.278363">
      </trkpt>
      <trkpt lat="49.531381" lon="-117.278367">
      </trkpt>
      <trkpt lat="49.531381" lon="-117.278365">
      </trkpt>
      <trkpt lat="49.531357" lon="-117.278313">
      </trkpt>
      <trkpt lat="49.531352" lon="-117.278303">
      </trkpt>
      <trkpt lat="49.531324" lon="-117.278298">
      </trkpt>
      <trkpt lat="49.531302" lon="-117.278269">
      </trkpt>
      <trkpt lat="49.531288" lon="-117.27826">
      </trkpt>
      <trkpt lat="49.531267" lon="-117.278238">
      </trkpt>
      <trkpt lat="49.531267" lon="-117.27823">
      </trkpt>
      <trkpt lat="49.531265" lon="-117.27821999">
      </trkpt>
      <trkpt lat="49.531265" lon="-117.278225">
      </trkpt>
      <trkpt lat="49.531264" lon="-117.278194">
      </trkpt>
      <trkpt lat="49.53127" lon="-117.27817199">
      </trkpt>
      <trkpt lat="49.531273" lon="-117.27815">
      </trkpt>
      <trkpt lat="49.531278" lon="-117.278146">
      </trkpt>
      <trkpt lat="49.531276" lon="-117.278118">
      </trkpt>
      <trkpt lat="49.531272" lon="-117.278116">
      </trkpt>
      <trkpt lat="49.531249" lon="-117.278101">
      </trkpt>
      <trkpt lat="49.53123" lon="-117.278089">
      </trkpt>
      <trkpt lat="49.531222" lon="-117.278086">
      </trkpt>
      <trkpt lat="49.531175" lon="-117.278069">
      </trkpt>
      <trkpt lat="49.531184" lon="-117.278066">
      </trkpt>
      <trkpt lat="49.53117" lon="-117.278035">
      </trkpt>
      <trkpt lat="49.531156" lon="-117.278018">
      </trkpt>
      <trkpt lat="49.531153" lon="-117.27801401">
      </trkpt>
      <trkpt lat="49.53118" lon="-117.278003">
      </trkpt>
      <trkpt lat="49.531209" lon="-117.277982">
      </trkpt>
      <trkpt lat="49.531227" lon="-117.27794599">
      </trkpt>
      <trkpt lat="49.531227" lon="-117.277935">
      </trkpt>
      <trkpt lat="49.531231" lon="-117.277919">
      </trkpt>
      <trkpt lat="49.531232" lon="-117.277913">
      </trkpt>
      <trkpt lat="49.531238" lon="-117.2779">
      </trkpt>
      <trkpt lat="49.531241" lon="-117.27788701">
      </trkpt>
      <trkpt lat="49.531247" lon="-117.277882">
      </trkpt>
      <trkpt lat="49.531284" lon="-117.277855">
      </trkpt>
      <trkpt lat="49.531293" lon="-117.277853">
      </trkpt>
      <trkpt lat="49.531313" lon="-117.277821">
      </trkpt>
      <trkpt lat="49.531307" lon="-117.277806">
      </trkpt>
      <trkpt lat="49.531303" lon="-117.277792">
      </trkpt>
      <trkpt lat="49.531299" lon="-117.27777999">
      </trkpt>
      <trkpt lat="49.531298" lon="-117.277779">
      </trkpt>
      <trkpt lat="49.531303" lon="-117.277782">
      </trkpt>
      <trkpt lat="49.531317" lon="-117.277747">
      </trkpt>
      <trkpt lat="49.531309" lon="-117.27772599">
      </trkpt>
      <trkpt lat="49.531297" lon="-117.277719">
      </trkpt>
      <trkpt lat="49.531289" lon="-117.277693">
      </trkpt>
      <trkpt lat="49.5313" lon="-117.277689">
      </trkpt>
      <trkpt lat="49.531301" lon="-117.277642">
      </trkpt>
      <trkpt lat="49.531322" lon="-117.277624">
      </trkpt>
      <trkpt lat="49.531337" lon="-117.277606">
      </trkpt>
      <trkpt lat="49.531373" lon="-117.277581">
      </trkpt>
      <trkpt lat="49.531387" lon="-117.27753399">
      </trkpt>
      <trkpt lat="49.531384" lon="-117.277522">
      </trkpt>
      <trkpt lat="49.531358" lon="-117.277504">
      </trkpt>
      <trkpt lat="49.531338" lon="-117.277476">
      </trkpt>
      <trkpt lat="49.531363" lon="-117.27741599">
      </trkpt>
      <trkpt lat="49.531365" lon="-117.27738499">
      </trkpt>
      <trkpt lat="49.53136" lon="-117.277332">
      </trkpt>
      <trkpt lat="49.531365" lon="-117.277321">
      </trkpt>
      <trkpt lat="49.531397" lon="-117.27726699">
      </trkpt>
      <trkpt lat="49.531401" lon="-117.277256">
      </trkpt>
      <trkpt lat="49.531421" lon="-117.277218">
      </trkpt>
      <trkpt lat="49.531425" lon="-117.277189">
      </trkpt>
      <trkpt lat="49.53145" lon="-117.277151">
      </trkpt>
      <trkpt lat="49.531469" lon="-117.277143">
      </trkpt>
      <trkpt lat="49.531481" lon="-117.277142">
      </trkpt>
      <trkpt lat="49.531498" lon="-117.27714599">
      </trkpt>
      <trkpt lat="49.531536" lon="-117.277176">
      </trkpt>
      <trkpt lat="49.531533" lon="-117.277153">
      </trkpt>
      <trkpt lat="49.531526" lon="-117.277111">
      </trkpt>
      <trkpt lat="49.53153" lon="-117.277089">
      </trkpt>
      <trkpt lat="49.531531" lon="-117.277079">
      </trkpt>
      <trkpt lat="49.531551" lon="-117.27706199">
      </trkpt>
      <trkpt lat="49.53157" lon="-117.277059">
      </trkpt>
      <trkpt lat="49.531576" lon="-117.27705799">
      </trkpt>
      <trkpt lat="49.53162" lon="-117.277044">
      </trkpt>
      <trkpt lat="49.53163" lon="-117.277037">
      </trkpt>
      <trkpt lat="49.531634" lon="-117.276981">
      </trkpt>
      <trkpt lat="49.53163" lon="-117.276969">
      </trkpt>
      <trkpt lat="49.53159" lon="-117.276929">
      </trkpt>
      <trkpt lat="49.531558" lon="-117.276902">
      </trkpt>
      <trkpt lat="49.53155" lon="-117.27686899">
      </trkpt>
      <trkpt lat="49.531564" lon="-117.27687101">
      </trkpt>
      <trkpt lat="49.531567" lon="-117.276869">
      </trkpt>
      <trkpt lat="49.53157" lon="-117.276856">
      </trkpt>
      <trkpt lat="49.531605" lon="-117.276819">
      </trkpt>
      <trkpt lat="49.531616" lon="-117.276818">
      </trkpt>
      <trkpt lat="49.531638" lon="-117.276788">
      </trkpt>
      <trkpt lat="49.53164" lon="-117.276775">
      </trkpt>
      <trkpt lat="49.531661" lon="-117.27676399">
      </trkpt>
      <trkpt lat="49.531677" lon="-117.276771">
      </trkpt>
      <trkpt lat="49.531694" lon="-117.276764">
      </trkpt>
      <trkpt lat="49.531716" lon="-117.276745">
      </trkpt>
      <trkpt lat="49.531745" lon="-117.27672699">
      </trkpt>
      <trkpt lat="49.531767" lon="-117.27673999">
      </trkpt>
      <trkpt lat="49.531781" lon="-117.27673201">
      </trkpt>
      <trkpt lat="49.531842" lon="-117.27673699">
      </trkpt>
      <trkpt lat="49.53185" lon="-117.276735">
      </trkpt>
      <trkpt lat="49.53189" lon="-117.276722">
      </trkpt>
      <trkpt lat="49.531885" lon="-117.27668999">
      </trkpt>
      <trkpt lat="49.531881" lon="-117.27667501">
      </trkpt>
      <trkpt lat="49.53187" lon="-117.276635">
      </trkpt>
      <trkpt lat="49.531861" lon="-117.276617">
      </trkpt>
      <trkpt lat="49.531847" lon="-117.276583">
      </trkpt>
      <trkpt lat="49.531837" lon="-117.27655601">
      </trkpt>
      <trkpt lat="49.531803" lon="-117.276504">
      </trkpt>
      <trkpt lat="49.531794" lon="-117.27648">
      </trkpt>
      <trkpt lat="49.53178" lon="-117.27646499">
      </trkpt>
      <trkpt lat="49.531793" lon="-117.276452">
      </trkpt>
      <trkpt lat="49.531801" lon="-117.27645599">
      </trkpt>
      <trkpt lat="49.531829" lon="-117.276455">
      </trkpt>
      <trkpt lat="49.531848" lon="-117.27645799">
      </trkpt>
      <trkpt lat="49.531889" lon="-117.27647">
      </trkpt>
      <trkpt lat="49.531886" lon="-117.276465">
      </trkpt>
      <trkpt lat="49.531873" lon="-117.276417">
      </trkpt>
      <trkpt lat="49.53187" lon="-117.276404">
      </trkpt>
      <trkpt lat="49.531864" lon="-117.276366">
      </trkpt>
      <trkpt lat="49.531823" lon="-117.276328">
      </trkpt>
      <trkpt lat="49.531771" lon="-117.276291">
      </trkpt>
      <trkpt lat="49.53177" lon="-117.27627201">
      </trkpt>
      <trkpt lat="49.531779" lon="-117.276269">
      </trkpt>
      <trkpt lat="49.53178" lon="-117.276213">
      </trkpt>
      <trkpt lat="49.531795" lon="-117.27619">
      </trkpt>
      <trkpt lat="49.531797" lon="-117.27618899">
      </trkpt>
      <trkpt lat="49.531826" lon="-117.27622">
      </trkpt>
      <trkpt lat="49.531859" lon="-117.276233">
      </trkpt>
      <trkpt lat="49.531901" lon="-117.27627201">
      </trkpt>
      <trkpt lat="49.531929" lon="-117.276274">
      </trkpt>
      <trkpt lat="49.531937" lon="-117.276278">
      </trkpt>
      <trkpt lat="49.532011" lon="-117.27627">
      </trkpt>
      <trkpt lat="49.532022" lon="-117.276272">
      </trkpt>
      <trkpt lat="49.532039" lon="-117.276231">
      </trkpt>
      <trkpt lat="49.532035" lon="-117.276215">
      </trkpt>
      <trkpt lat="49.532014" lon="-117.27616101">
      </trkpt>
      <trkpt lat="49.531997" lon="-117.27612">
      </trkpt>
      <trkpt lat="49.531987" lon="-117.27610301">
      </trkpt>
      <trkpt lat="49.531966" lon="-117.276051">
      </trkpt>
      <trkpt lat="49.531949" lon="-117.276031">
      </trkpt>
      <trkpt lat="49.531932" lon="-117.276016">
      </trkpt>
      <trkpt lat="49.531895" lon="-117.27598">
      </trkpt>
      <trkpt lat="49.531885" lon="-117.275968">
      </trkpt>
      <trkpt lat="49.531856" lon="-117.27591899">
      </trkpt>
      <trkpt lat="49.531853" lon="-117.275912">
      </trkpt>
      <trkpt lat="49.531823" lon="-117.27588599">
      </trkpt>
      <trkpt lat="49.531807" lon="-117.275878">
      </trkpt>
      <trkpt lat="49.531758" lon="-117.275869">
      </trkpt>
      <trkpt lat="49.531725" lon="-117.27584">
      </trkpt>
      <trkpt lat="49.531721" lon="-117.275843">
      </trkpt>
      <trkpt lat="49.531698" lon="-117.275837">
      </trkpt>
      <trkpt lat="49.531673" lon="-117.27582099">
      </trkpt>
      <trkpt lat="49.531667" lon="-117.275817">
      </trkpt>
      <trkpt lat="49.531628" lon="-117.27582101">
      </trkpt>
      <trkpt lat="49.531602" lon="-117.275805">
      </trkpt>
      <trkpt lat="49.53157" lon="-117.275812">
      </trkpt>
      <trkpt lat="49.531565" lon="-117.27580699">
      </trkpt>
      <trkpt lat="49.531551" lon="-117.275793">
      </trkpt>
      <trkpt lat="49.531534" lon="-117.27579">
      </trkpt>
      <trkpt lat="49.531515" lon="-117.275781">
      </trkpt>
      <trkpt lat="49.531479" lon="-117.275791">
      </trkpt>
      <trkpt lat="49.53147" lon="-117.275798">
      </trkpt>
      <trkpt lat="49.53146641" lon="-117.27580021">
      </trkpt>
      <trkpt lat="49.531444" lon="-117.275789">
      </trkpt>
      <trkpt lat="49.531437" lon="-117.27578199">
      </trkpt>
      <trkpt lat="49.53142361" lon="-117.2757753">
      </trkpt>
      <trkpt lat="49.531436" lon="-117.275761">
      </trkpt>
      <trkpt lat="49.53144" lon="-117.275762">
      </trkpt>
      <trkpt lat="49.531468" lon="-117.275723">
      </trkpt>
      <trkpt lat="49.531464" lon="-117.27571299">
      </trkpt>
      <trkpt lat="49.531424" lon="-117.275711">
      </trkpt>
      <trkpt lat="49.531401" lon="-117.275709">
      </trkpt>
      <trkpt lat="49.53138" lon="-117.275703">
      </trkpt>
      <trkpt lat="49.531358" lon="-117.275695">
      </trkpt>
      <trkpt lat="49.531383" lon="-117.27566">
      </trkpt>
      <trkpt lat="49.53139" lon="-117.275648">
      </trkpt>
      <trkpt lat="49.531425" lon="-117.275605">
      </trkpt>
      <trkpt lat="49.531427" lon="-117.275573">
      </trkpt>
      <trkpt lat="49.531445" lon="-117.275515">
      </trkpt>
      <trkpt lat="49.531475" lon="-117.27546001">
      </trkpt>
      <trkpt lat="49.531481" lon="-117.27546001">
      </trkpt>
      <trkpt lat="49.531488" lon="-117.27545601">
      </trkpt>
      <trkpt lat="49.531496" lon="-117.27545101">
      </trkpt>
      <trkpt lat="49.531516" lon="-117.275442">
      </trkpt>
      <trkpt lat="49.531541" lon="-117.275435">
      </trkpt>
      <trkpt lat="49.531566" lon="-117.27542101">
      </trkpt>
      <trkpt lat="49.531572" lon="-117.275417">
      </trkpt>
      <trkpt lat="49.531622" lon="-117.275395">
      </trkpt>
      <trkpt lat="49.531658" lon="-117.275404">
      </trkpt>
      <trkpt lat="49.531705" lon="-117.27540899">
      </trkpt>
      <trkpt lat="49.531707" lon="-117.27540299">
      </trkpt>
      <trkpt lat="49.531765" lon="-117.27539701">
      </trkpt>
      <trkpt lat="49.531798" lon="-117.27540699">
      </trkpt>
      <trkpt lat="49.531829" lon="-117.275417">
      </trkpt>
      <trkpt lat="49.531877" lon="-117.275387">
      </trkpt>
      <trkpt lat="49.531904" lon="-117.275383">
      </trkpt>
      <trkpt lat="49.531914" lon="-117.275378">
      </trkpt>
      <trkpt lat="49.531935" lon="-117.275355">
      </trkpt>
      <trkpt lat="49.531937" lon="-117.275337">
      </trkpt>
      <trkpt lat="49.531934" lon="-117.27532501">
      </trkpt>
      <trkpt lat="49.531914" lon="-117.27529601">
      </trkpt>
      <trkpt lat="49.53188" lon="-117.275251">
      </trkpt>
      <trkpt lat="49.531873" lon="-117.275248">
      </trkpt>
      <trkpt lat="49.531821" lon="-117.27522">
      </trkpt>
      <trkpt lat="49.531792" lon="-117.27517899">
      </trkpt>
      <trkpt lat="49.531772" lon="-117.27516601">
      </trkpt>
      <trkpt lat="49.531761" lon="-117.27516401">
      </trkpt>
      <trkpt lat="49.53173" lon="-117.27515999">
      </trkpt>
      <trkpt lat="49.531697" lon="-117.275139">
      </trkpt>
      <trkpt lat="49.531716" lon="-117.275137">
      </trkpt>
      <trkpt lat="49.53172" lon="-117.275124">
      </trkpt>
      <trkpt lat="49.531738" lon="-117.275108">
      </trkpt>
      <trkpt lat="49.531766" lon="-117.275103">
      </trkpt>
      <trkpt lat="49.53177" lon="-117.275059">
      </trkpt>
      <trkpt lat="49.531765" lon="-117.275053">
      </trkpt>
      <trkpt lat="49.531746" lon="-117.27502001">
      </trkpt>
      <trkpt lat="49.531729" lon="-117.275008">
      </trkpt>
      <trkpt lat="49.53171" lon="-117.27500301">
      </trkpt>
      <trkpt lat="49.531695" lon="-117.274998">
      </trkpt>
      <trkpt lat="49.531657" lon="-117.27498401">
      </trkpt>
      <trkpt lat="49.531644" lon="-117.274983">
      </trkpt>
      <trkpt lat="49.531653" lon="-117.27497999">
      </trkpt>
      <trkpt lat="49.531682" lon="-117.274969">
      </trkpt>
      <trkpt lat="49.531713" lon="-117.274976">
      </trkpt>
      <trkpt lat="49.531737" lon="-117.274998">
      </trkpt>
      <trkpt lat="49.531792" lon="-117.274971">
      </trkpt>
      <trkpt lat="49.53182" lon="-117.27494699">
      </trkpt>
      <trkpt lat="49.531845" lon="-117.274929">
      </trkpt>
      <trkpt lat="49.531874" lon="-117.27491101">
      </trkpt>
      <trkpt lat="49.531903" lon="-117.274894">
      </trkpt>
      <trkpt lat="49.531909" lon="-117.27488901">
      </trkpt>
      <trkpt lat="49.531957" lon="-117.27486">
      </trkpt>
      <trkpt lat="49.531984" lon="-117.27485">
      </trkpt>
      <trkpt lat="49.53197" lon="-117.274815">
      </trkpt>
      <trkpt lat="49.531961" lon="-117.27481099">
      </trkpt>
      <trkpt lat="49.531952" lon="-117.27480101">
      </trkpt>
      <trkpt lat="49.531917" lon="-117.27477399">
      </trkpt>
      <trkpt lat="49.531908" lon="-117.274768">
      </trkpt>
      <trkpt lat="49.531859" lon="-117.274748">
      </trkpt>
      <trkpt lat="49.531802" lon="-117.274717">
      </trkpt>
      <trkpt lat="49.531712" lon="-117.274713">
      </trkpt>
      <trkpt lat="49.531664" lon="-117.274683">
      </trkpt>
      <trkpt lat="49.531652" lon="-117.27468">
      </trkpt>
      <trkpt lat="49.531622" lon="-117.274676">
      </trkpt>
      <trkpt lat="49.531602" lon="-117.27468">
      </trkpt>
      <trkpt lat="49.53153" lon="-117.274696">
      </trkpt>
      <trkpt lat="49.53152" lon="-117.274697">
      </trkpt>
      <trkpt lat="49.531485" lon="-117.274686">
      </trkpt>
      <trkpt lat="49.531485" lon="-117.274674">
      </trkpt>
      <trkpt lat="49.531514" lon="-117.274676">
      </trkpt>
      <trkpt lat="49.53153" lon="-117.274663">
      </trkpt>
      <trkpt lat="49.531539" lon="-117.27464901">
      </trkpt>
      <trkpt lat="49.531556" lon="-117.274638">
      </trkpt>
      <trkpt lat="49.531574" lon="-117.27460199">
      </trkpt>
      <trkpt lat="49.531604" lon="-117.27457501">
      </trkpt>
      <trkpt lat="49.53162" lon="-117.27456401">
      </trkpt>
      <trkpt lat="49.531642" lon="-117.274556">
      </trkpt>
      <trkpt lat="49.531661" lon="-117.274543">
      </trkpt>
      <trkpt lat="49.531711" lon="-117.27454499">
      </trkpt>
      <trkpt lat="49.531771" lon="-117.27457701">
      </trkpt>
      <trkpt lat="49.531787" lon="-117.27459199">
      </trkpt>
      <trkpt lat="49.531799" lon="-117.27458201">
      </trkpt>
      <trkpt lat="49.531813" lon="-117.274556">
      </trkpt>
      <trkpt lat="49.531785" lon="-117.27449501">
      </trkpt>
      <trkpt lat="49.531781" lon="-117.274484">
      </trkpt>
      <trkpt lat="49.531765" lon="-117.27442501">
      </trkpt>
      <trkpt lat="49.531731" lon="-117.27436901">
      </trkpt>
      <trkpt lat="49.531707" lon="-117.274331">
      </trkpt>
      <trkpt lat="49.53171" lon="-117.274314">
      </trkpt>
      <trkpt lat="49.531665" lon="-117.274317">
      </trkpt>
      <trkpt lat="49.53162" lon="-117.27432701">
      </trkpt>
      <trkpt lat="49.5316" lon="-117.274328">
      </trkpt>
      <trkpt lat="49.531575" lon="-117.27432701">
      </trkpt>
      <trkpt lat="49.53153701" lon="-117.27429101">
      </trkpt>
      <trkpt lat="49.531529" lon="-117.274287">
      </trkpt>
      <trkpt lat="49.531507" lon="-117.27428201">
      </trkpt>
      <trkpt lat="49.531517" lon="-117.27427999">
      </trkpt>
      <trkpt lat="49.531545" lon="-117.27426801">
      </trkpt>
      <trkpt lat="49.531568" lon="-117.274241">
      </trkpt>
      <trkpt lat="49.531571" lon="-117.27423">
      </trkpt>
      <trkpt lat="49.531587" lon="-117.274186">
      </trkpt>
      <trkpt lat="49.531602" lon="-117.274164">
      </trkpt>
      <trkpt lat="49.531628" lon="-117.27415299">
      </trkpt>
      <trkpt lat="49.531648" lon="-117.27414699">
      </trkpt>
      <trkpt lat="49.531684" lon="-117.27413899">
      </trkpt>
      <trkpt lat="49.531694" lon="-117.27412">
      </trkpt>
      <trkpt lat="49.531709" lon="-117.274112">
      </trkpt>
      <trkpt lat="49.531727" lon="-117.274104">
      </trkpt>
      <trkpt lat="49.531766" lon="-117.27408">
      </trkpt>
      <trkpt lat="49.531786" lon="-117.274075">
      </trkpt>
      <trkpt lat="49.531815" lon="-117.27404099">
      </trkpt>
      <trkpt lat="49.531814" lon="-117.27403401">
      </trkpt>
      <trkpt lat="49.531742" lon="-117.27400899">
      </trkpt>
      <trkpt lat="49.531676" lon="-117.273998">
      </trkpt>
      <trkpt lat="49.531648" lon="-117.27400201">
      </trkpt>
      <trkpt lat="49.531602" lon="-117.273992">
      </trkpt>
      <trkpt lat="49.53158" lon="-117.274002">
      </trkpt>
      <trkpt lat="49.531501" lon="-117.274025">
      </trkpt>
      <trkpt lat="49.531466" lon="-117.274037">
      </trkpt>
      <trkpt lat="49.531459" lon="-117.274044">
      </trkpt>
      <trkpt lat="49.531424" lon="-117.27405199">
      </trkpt>
      <trkpt lat="49.531372" lon="-117.27406">
      </trkpt>
      <trkpt lat="49.531361" lon="-117.274071">
      </trkpt>
      <trkpt lat="49.53135" lon="-117.274077">
      </trkpt>
      <trkpt lat="49.531324" lon="-117.274087">
      </trkpt>
      <trkpt lat="49.531251" lon="-117.27411601">
      </trkpt>
      <trkpt lat="49.531243" lon="-117.27412299">
      </trkpt>
      <trkpt lat="49.531225" lon="-117.27414701">
      </trkpt>
      <trkpt lat="49.531211" lon="-117.27415399">
      </trkpt>
      <trkpt lat="49.531214" lon="-117.274147">
      </trkpt>
      <trkpt lat="49.531237" lon="-117.27413001">
      </trkpt>
      <trkpt lat="49.531253" lon="-117.274095">
      </trkpt>
      <trkpt lat="49.531227" lon="-117.274106">
      </trkpt>
      <trkpt lat="49.531191" lon="-117.274136">
      </trkpt>
      <trkpt lat="49.531178" lon="-117.27415201">
      </trkpt>
      <trkpt lat="49.531136" lon="-117.274152">
      </trkpt>
      <trkpt lat="49.531119" lon="-117.27416701">
      </trkpt>
      <trkpt lat="49.531079" lon="-117.274175">
      </trkpt>
      <trkpt lat="49.531035" lon="-117.274197">
      </trkpt>
      <trkpt lat="49.53103" lon="-117.274202">
      </trkpt>
      <trkpt lat="49.531001" lon="-117.27421">
      </trkpt>
      <trkpt lat="49.530991" lon="-117.274214">
      </trkpt>
      <trkpt lat="49.530957" lon="-117.27424401">
      </trkpt>
      <trkpt lat="49.530895" lon="-117.274292">
      </trkpt>
      <trkpt lat="49.530884" lon="-117.274292">
      </trkpt>
      <trkpt lat="49.530829" lon="-117.274306">
      </trkpt>
      <trkpt lat="49.530821" lon="-117.274304">
      </trkpt>
      <trkpt lat="49.530776" lon="-117.27427">
      </trkpt>
      <trkpt lat="49.530765" lon="-117.274267">
      </trkpt>
      <trkpt lat="49.530757" lon="-117.274266">
      </trkpt>
      <trkpt lat="49.530744" lon="-117.274264">
      </trkpt>
      <trkpt lat="49.530724" lon="-117.27425999">
      </trkpt>
      <trkpt lat="49.530714" lon="-117.274265">
      </trkpt>
      <trkpt lat="49.530683" lon="-117.27426">
      </trkpt>
      <trkpt lat="49.530649" lon="-117.274283">
      </trkpt>
      <trkpt lat="49.530642" lon="-117.27429601">
      </trkpt>
      <trkpt lat="49.530594" lon="-117.27436599">
      </trkpt>
      <trkpt lat="49.530582" lon="-117.274378">
      </trkpt>
      <trkpt lat="49.530572" lon="-117.27439401">
      </trkpt>
      <trkpt lat="49.530555" lon="-117.274419">
      </trkpt>
      <trkpt lat="49.530539" lon="-117.274434">
      </trkpt>
      <trkpt lat="49.530508" lon="-117.274446">
      </trkpt>
      <trkpt lat="49.530488" lon="-117.27442099">
      </trkpt>
      <trkpt lat="49.530467" lon="-117.2744">
      </trkpt>
      <trkpt lat="49.530445" lon="-117.274393">
      </trkpt>
      <trkpt lat="49.530437" lon="-117.274406">
      </trkpt>
      <trkpt lat="49.530416" lon="-117.274451">
      </trkpt>
      <trkpt lat="49.530386" lon="-117.274468">
      </trkpt>
      <trkpt lat="49.530375" lon="-117.27446199">
      </trkpt>
    </trkseg>
    <trkseg>
      <trkpt lat="49.52882876" lon="-117.26786586">
      </trkpt>
      <trkpt lat="49.52883979" lon="-117.26785771">
      </trkpt>
      <trkpt lat="49.52885685" lon="-117.26783899">
      </trkpt>
      <trkpt lat="49.52887501" lon="-117.26783093">
      </trkpt>
      <trkpt lat="49.52889939" lon="-117.26788334">
      </trkpt>
      <trkpt lat="49.52891943" lon="-117.26791677">
      </trkpt>
      <trkpt lat="49.52892845" lon="-117.26795833">
      </trkpt>
      <trkpt lat="49.52892176" lon="-117.2680201">
      </trkpt>
      <trkpt lat="49.52892529" lon="-117.26804296">
      </trkpt>
      <trkpt lat="49.52893193" lon="-117.26809603">
      </trkpt>
      <trkpt lat="49.52890439" lon="-117.26812823">
      </trkpt>
      <trkpt lat="49.52888216" lon="-117.26817738">
      </trkpt>
      <trkpt lat="49.52885316" lon="-117.26819536">
      </trkpt>
      <trkpt lat="49.52883275" lon="-117.26819302">
      </trkpt>
      <trkpt lat="49.52881982" lon="-117.26819433">
      </trkpt>
      <trkpt lat="49.52882275" lon="-117.26822279">
      </trkpt>
      <trkpt lat="49.52882403" lon="-117.26826987">
      </trkpt>
      <trkpt lat="49.52881532" lon="-117.26831209">
      </trkpt>
      <trkpt lat="49.52878444" lon="-117.26835786">
      </trkpt>
      <trkpt lat="49.52874909" lon="-117.26837192">
      </trkpt>
      <trkpt lat="49.52870675" lon="-117.2683986">
      </trkpt>
      <trkpt lat="49.52870468" lon="-117.26842462">
      </trkpt>
      <trkpt lat="49.52875166" lon="-117.26846608">
      </trkpt>
      <trkpt lat="49.52878682" lon="-117.26848489">
      </trkpt>
      <trkpt lat="49.52882192" lon="-117.26848002">
      </trkpt>
      <trkpt lat="49.52884995" lon="-117.26849874">
      </trkpt>
      <trkpt lat="49.52887153" lon="-117.26852452">
      </trkpt>
      <trkpt lat="49.52887998" lon="-117.2685535">
      </trkpt>
      <trkpt lat="49.5288738" lon="-117.26859488">
      </trkpt>
      <trkpt lat="49.52888254" lon="-117.2686032">
      </trkpt>
      <trkpt lat="49.52891502" lon="-117.2686323">
      </trkpt>
      <trkpt lat="49.52894776" lon="-117.26865864">
      </trkpt>
      <trkpt lat="49.52897301" lon="-117.26867583">
      </trkpt>
      <trkpt lat="49.52900379" lon="-117.26868649">
      </trkpt>
      <trkpt lat="49.529038" lon="-117.268691">
      </trkpt>
      <trkpt lat="49.52904057" lon="-117.26866319">
      </trkpt>
      <trkpt lat="49.529044" lon="-117.268626">
      </trkpt>
      <trkpt lat="49.52904115" lon="-117.26856813">
      </trkpt>
      <trkpt lat="49.52904" lon="-117.268545">
      </trkpt>
      <trkpt lat="49.529075" lon="-117.26855886">
      </trkpt>
      <trkpt lat="49.52910425" lon="-117.26856009">
      </trkpt>
      <trkpt lat="49.529138" lon="-117.268552">
      </trkpt>
      <trkpt lat="49.52917599" lon="-117.2685482">
      </trkpt>
      <trkpt lat="49.52918775" lon="-117.2685267">
      </trkpt>
      <trkpt lat="49.52918731" lon="-117.26849183">
      </trkpt>
      <trkpt lat="49.529187" lon="-117.26846699">
      </trkpt>
      <trkpt lat="49.529232" lon="-117.268434">
      </trkpt>
      <trkpt lat="49.52924656" lon="-117.26840341">
      </trkpt>
      <trkpt lat="49.52926333" lon="-117.26835861">
      </trkpt>
      <trkpt lat="49.52926968" lon="-117.26827864">
      </trkpt>
      <trkpt lat="49.529271" lon="-117.268226">
      </trkpt>
      <trkpt lat="49.529311" lon="-117.26818799">
      </trkpt>
      <trkpt lat="49.52933694" lon="-117.26819634">
      </trkpt>
      <trkpt lat="49.529367" lon="-117.268206">
      </trkpt>
      <trkpt lat="49.529344" lon="-117.268263">
      </trkpt>
      <trkpt lat="49.52934828" lon="-117.26831374">
      </trkpt>
      <trkpt lat="49.52934953" lon="-117.26836898">
      </trkpt>
      <trkpt lat="49.529349" lon="-117.268408">
      </trkpt>
      <trkpt lat="49.52932791" lon="-117.26844867">
      </trkpt>
      <trkpt lat="49.52930514" lon="-117.26850575">
      </trkpt>
      <trkpt lat="49.529296" lon="-117.268531">
      </trkpt>
      <trkpt lat="49.52930201" lon="-117.26856233">
      </trkpt>
      <trkpt lat="49.52931064" lon="-117.26862696">
      </trkpt>
      <trkpt lat="49.529312" lon="-117.268676">
      </trkpt>
      <trkpt lat="49.52930413" lon="-117.26872823">
      </trkpt>
      <trkpt lat="49.52930989" lon="-117.26875126">
      </trkpt>
      <trkpt lat="49.529352" lon="-117.268762">
      </trkpt>
      <trkpt lat="49.52937938" lon="-117.26876353">
      </trkpt>
      <trkpt lat="49.529406" lon="-117.268765">
      </trkpt>
      <trkpt lat="49.52934742" lon="-117.26882014">
      </trkpt>
      <trkpt lat="49.52931626" lon="-117.26884787">
      </trkpt>
      <trkpt lat="49.529276" lon="-117.268871">
      </trkpt>
      <trkpt lat="49.52925734" lon="-117.26891838">
      </trkpt>
      <trkpt lat="49.52929252" lon="-117.26892033">
      </trkpt>
      <trkpt lat="49.52933117" lon="-117.2689048">
      </trkpt>
      <trkpt lat="49.52935121" lon="-117.26887358">
      </trkpt>
      <trkpt lat="49.52935499" lon="-117.26884489">
      </trkpt>
      <trkpt lat="49.52937144" lon="-117.26884018">
      </trkpt>
      <trkpt lat="49.529392" lon="-117.268868">
      </trkpt>
      <trkpt lat="49.529392" lon="-117.26892441">
      </trkpt>
      <trkpt lat="49.52938871" lon="-117.2689722">
      </trkpt>
      <trkpt lat="49.52938" lon="-117.269023">
      </trkpt>
      <trkpt lat="49.52941548" lon="-117.2690236">
      </trkpt>
      <trkpt lat="49.529439" lon="-117.26902399">
      </trkpt>
      <trkpt lat="49.52947246" lon="-117.26900215">
      </trkpt>
      <trkpt lat="49.52952392" lon="-117.26896829">
      </trkpt>
      <trkpt lat="49.52957432" lon="-117.26893874">
      </trkpt>
      <trkpt lat="49.52960216" lon="-117.26891333">
      </trkpt>
      <trkpt lat="49.529625" lon="-117.268882">
      </trkpt>
      <trkpt lat="49.52964138" lon="-117.26884421">
      </trkpt>
      <trkpt lat="49.52964809" lon="-117.26880372">
      </trkpt>
      <trkpt lat="49.52964" lon="-117.268753">
      </trkpt>
      <trkpt lat="49.5296468" lon="-117.26871691">
      </trkpt>
      <trkpt lat="49.52966085" lon="-117.26865756">
      </trkpt>
      <trkpt lat="49.529672" lon="-117.26862">
      </trkpt>
      <trkpt lat="49.52969475" lon="-117.26861393">
      </trkpt>
      <trkpt lat="49.52973742" lon="-117.26857999">
      </trkpt>
      <trkpt lat="49.52976318" lon="-117.26855235">
      </trkpt>
      <trkpt lat="49.52976146" lon="-117.26850799">
      </trkpt>
      <trkpt lat="49.529764" lon="-117.268494">
      </trkpt>
      <trkpt lat="49.52981766" lon="-117.26851011">
      </trkpt>
      <trkpt lat="49.529852" lon="-117.268533">
      </trkpt>
      <trkpt lat="49.52988032" lon="-117.26850594">
      </trkpt>
      <trkpt lat="49.52990507" lon="-117.26848704">
      </trkpt>
      <trkpt lat="49.52997031" lon="-117.26846696">
      </trkpt>
      <trkpt lat="49.52999596" lon="-117.26846167">
      </trkpt>
      <trkpt lat="49.53003908" lon="-117.26845461">
      </trkpt>
      <trkpt lat="49.5300624" lon="-117.268447">
      </trkpt>
      <trkpt lat="49.5301" lon="-117.268423">
      </trkpt>
      <trkpt lat="49.53007498" lon="-117.26846016">
      </trkpt>
      <trkpt lat="49.53004078" lon="-117.26849408">
      </trkpt>
      <trkpt lat="49.53002777" lon="-117.26852666">
      </trkpt>
      <trkpt lat="49.529991" lon="-117.268547">
      </trkpt>
      <trkpt lat="49.52997958" lon="-117.26857678">
      </trkpt>
      <trkpt lat="49.529963" lon="-117.26862">
      </trkpt>
      <trkpt lat="49.52994049" lon="-117.26867629">
      </trkpt>
      <trkpt lat="49.52991319" lon="-117.268704">
      </trkpt>
      <trkpt lat="49.529878" lon="-117.26872">
      </trkpt>
      <trkpt lat="49.52987964" lon="-117.2687463">
      </trkpt>
      <trkpt lat="49.5299186" lon="-117.26882744">
      </trkpt>
      <trkpt lat="49.52992888" lon="-117.26885079">
      </trkpt>
      <trkpt lat="49.52993196" lon="-117.26888545">
      </trkpt>
      <trkpt lat="49.529922" lon="-117.268925">
      </trkpt>
      <trkpt lat="49.52992669" lon="-117.26899578">
      </trkpt>
      <trkpt lat="49.52992311" lon="-117.26903894">
      </trkpt>
      <trkpt lat="49.52989951" lon="-117.26911234">
      </trkpt>
      <trkpt lat="49.52987852" lon="-117.26917425">
      </trkpt>
      <trkpt lat="49.529869" lon="-117.269214">
      </trkpt>
      <trkpt lat="49.52987399" lon="-117.26926013">
      </trkpt>
      <trkpt lat="49.529877" lon="-117.269288">
      </trkpt>
      <trkpt lat="49.52984789" lon="-117.2693234">
      </trkpt>
      <trkpt lat="49.52982356" lon="-117.26937444">
      </trkpt>
      <trkpt lat="49.52981982" lon="-117.26941167">
      </trkpt>
      <trkpt lat="49.52982691" lon="-117.26943472">
      </trkpt>
      <trkpt lat="49.529835" lon="-117.269461">
      </trkpt>
      <trkpt lat="49.52982976" lon="-117.26950688">
      </trkpt>
      <trkpt lat="49.529827" lon="-117.26953099">
      </trkpt>
      <trkpt lat="49.52986361" lon="-117.26954967">
      </trkpt>
      <trkpt lat="49.52988519" lon="-117.26956529">
      </trkpt>
      <trkpt lat="49.529917" lon="-117.269602">
      </trkpt>
      <trkpt lat="49.52992826" lon="-117.26965452">
      </trkpt>
      <trkpt lat="49.52992589" lon="-117.26969644">
      </trkpt>
      <trkpt lat="49.52990849" lon="-117.26975371">
      </trkpt>
      <trkpt lat="49.52989531" lon="-117.2697815">
      </trkpt>
      <trkpt lat="49.52986912" lon="-117.26978737">
      </trkpt>
      <trkpt lat="49.529844" lon="-117.269771">
      </trkpt>
      <trkpt lat="49.5298375" lon="-117.2697896">
      </trkpt>
      <trkpt lat="49.529822" lon="-117.269834">
      </trkpt>
      <trkpt lat="49.52980563" lon="-117.26984201">
      </trkpt>
      <trkpt lat="49.52978797" lon="-117.26985067">
      </trkpt>
      <trkpt lat="49.52978478" lon="-117.2698743">
      </trkpt>
      <trkpt lat="49.52980034" lon="-117.26989578">
      </trkpt>
      <trkpt lat="49.52980462" lon="-117.26991001">
      </trkpt>
      <trkpt lat="49.52979144" lon="-117.26993779">
      </trkpt>
      <trkpt lat="49.52978411" lon="-117.26995324">
      </trkpt>
      <trkpt lat="49.52975789" lon="-117.26993181">
      </trkpt>
      <trkpt lat="49.529736" lon="-117.26993201">
      </trkpt>
      <trkpt lat="49.52973953" lon="-117.26994723">
      </trkpt>
      <trkpt lat="49.52974917" lon="-117.26998882">
      </trkpt>
      <trkpt lat="49.52976451" lon="-117.27002429">
      </trkpt>
      <trkpt lat="49.5297799" lon="-117.27005293">
      </trkpt>
      <trkpt lat="49.52977862" lon="-117.2700852">
      </trkpt>
      <trkpt lat="49.529793" lon="-117.270129">
      </trkpt>
      <trkpt lat="49.52978666" lon="-117.27016038">
      </trkpt>
      <trkpt lat="49.52977487" lon="-117.27021879">
      </trkpt>
      <trkpt lat="49.52975893" lon="-117.27023206">
      </trkpt>
      <trkpt lat="49.52973" lon="-117.27023">
      </trkpt>
      <trkpt lat="49.52971303" lon="-117.27021303">
      </trkpt>
      <trkpt lat="49.529691" lon="-117.27019099">
      </trkpt>
      <trkpt lat="49.52968868" lon="-117.27022578">
      </trkpt>
      <trkpt lat="49.52968193" lon="-117.27029203">
      </trkpt>
      <trkpt lat="49.529676" lon="-117.27033">
      </trkpt>
      <trkpt lat="49.529631" lon="-117.270347">
      </trkpt>
      <trkpt lat="49.52962781" lon="-117.27037758">
      </trkpt>
      <trkpt lat="49.52962237" lon="-117.27042991">
      </trkpt>
      <trkpt lat="49.52960254" lon="-117.27045019">
      </trkpt>
      <trkpt lat="49.52956561" lon="-117.27046458">
      </trkpt>
      <trkpt lat="49.52955605" lon="-117.2704683">
      </trkpt>
      <trkpt lat="49.529536" lon="-117.270464">
      </trkpt>
      <trkpt lat="49.52951622" lon="-117.27050421">
      </trkpt>
      <trkpt lat="49.52950368" lon="-117.27054505">
      </trkpt>
      <trkpt lat="49.529497" lon="-117.27060299">
      </trkpt>
      <trkpt lat="49.52950627" lon="-117.2706522">
      </trkpt>
      <trkpt lat="49.52951503" lon="-117.27069831">
      </trkpt>
      <trkpt lat="49.52951488" lon="-117.27076064">
      </trkpt>
      <trkpt lat="49.529499" lon="-117.270801">
      </trkpt>
      <trkpt lat="49.5295066" lon="-117.27084386">
      </trkpt>
      <trkpt lat="49.52952731" lon="-117.27082505">
      </trkpt>
      <trkpt lat="49.52954004" lon="-117.27085969">
      </trkpt>
      <trkpt lat="49.52954806" lon="-117.27087543">
      </trkpt>
      <trkpt lat="49.529574" lon="-117.270876">
      </trkpt>
      <trkpt lat="49.52957569" lon="-117.27096406">
      </trkpt>
      <trkpt lat="49.52954326" lon="-117.27096743">
      </trkpt>
      <trkpt lat="49.52952874" lon="-117.27099397">
      </trkpt>
      <trkpt lat="49.52952822" lon="-117.27103131">
      </trkpt>
      <trkpt lat="49.52950804" lon="-117.27104931">
      </trkpt>
      <trkpt lat="49.5294801" lon="-117.27106891">
      </trkpt>
      <trkpt lat="49.529475" lon="-117.27111699">
      </trkpt>
      <trkpt lat="49.52948361" lon="-117.27117414">
      </trkpt>
      <trkpt lat="49.52948131" lon="-117.27120096">
      </trkpt>
      <trkpt lat="49.529462" lon="-117.271246">
      </trkpt>
      <trkpt lat="49.529426" lon="-117.27130999">
      </trkpt>
      <trkpt lat="49.52944503" lon="-117.27134114">
      </trkpt>
      <trkpt lat="49.5294723" lon="-117.27136642">
      </trkpt>
      <trkpt lat="49.52951179" lon="-117.27136969">
      </trkpt>
      <trkpt lat="49.52951641" lon="-117.2712993">
      </trkpt>
      <trkpt lat="49.52952495" lon="-117.27124527">
      </trkpt>
      <trkpt lat="49.52954422" lon="-117.271295">
      </trkpt>
      <trkpt lat="49.529585" lon="-117.271299">
      </trkpt>
      <trkpt lat="49.52959368" lon="-117.2713006">
      </trkpt>
      <trkpt lat="49.529586" lon="-117.271385">
      </trkpt>
      <trkpt lat="49.52959481" lon="-117.27143854">
      </trkpt>
      <trkpt lat="49.52959558" lon="-117.2714689">
      </trkpt>
      <trkpt lat="49.529569" lon="-117.27149801">
      </trkpt>
      <trkpt lat="49.52956934" lon="-117.27152932">
      </trkpt>
      <trkpt lat="49.52955923" lon="-117.27156305">
      </trkpt>
      <trkpt lat="49.52958614" lon="-117.2715844">
      </trkpt>
      <trkpt lat="49.52962151" lon="-117.27157823">
      </trkpt>
      <trkpt lat="49.529652" lon="-117.271561">
      </trkpt>
      <trkpt lat="49.529702" lon="-117.27156">
      </trkpt>
      <trkpt lat="49.52973795" lon="-117.2715293">
      </trkpt>
      <trkpt lat="49.52975982" lon="-117.27152156">
      </trkpt>
      <trkpt lat="49.52982506" lon="-117.27153442">
      </trkpt>
      <trkpt lat="49.52986665" lon="-117.27153209">
      </trkpt>
      <trkpt lat="49.529907" lon="-117.27152201">
      </trkpt>
      <trkpt lat="49.52993633" lon="-117.27155054">
      </trkpt>
      <trkpt lat="49.529981" lon="-117.271612">
      </trkpt>
      <trkpt lat="49.530011" lon="-117.271665">
      </trkpt>
      <trkpt lat="49.53002652" lon="-117.27172283">
      </trkpt>
      <trkpt lat="49.53003616" lon="-117.27178406">
      </trkpt>
      <trkpt lat="49.53004" lon="-117.271829">
      </trkpt>
      <trkpt lat="49.53006361" lon="-117.27182113">
      </trkpt>
      <trkpt lat="49.53009556" lon="-117.27181286">
      </trkpt>
      <trkpt lat="49.53011627" lon="-117.27181245">
      </trkpt>
      <trkpt lat="49.5301" lon="-117.271766">
      </trkpt>
      <trkpt lat="49.53011184" lon="-117.27174727">
      </trkpt>
      <trkpt lat="49.530148" lon="-117.27175101">
      </trkpt>
      <trkpt lat="49.53015715" lon="-117.27178813">
      </trkpt>
      <trkpt lat="49.53018289" lon="-117.2718536">
      </trkpt>
      <trkpt lat="49.53021787" lon="-117.27188796">
      </trkpt>
      <trkpt lat="49.53026906" lon="-117.2718909">
      </trkpt>
      <trkpt lat="49.53028975" lon="-117.27188489">
      </trkpt>
      <trkpt lat="49.53028788" lon="-117.27190824">
      </trkpt>
      <trkpt lat="49.53029059" lon="-117.27192949">
      </trkpt>
      <trkpt lat="49.530319" lon="-117.27194599">
      </trkpt>
      <trkpt lat="49.53033177" lon="-117.27200155">
      </trkpt>
      <trkpt lat="49.53034479" lon="-117.27203413">
      </trkpt>
      <trkpt lat="49.53036206" lon="-117.27206187">
      </trkpt>
      <trkpt lat="49.53036798" lon="-117.27208852">
      </trkpt>
      <trkpt lat="49.53036523" lon="-117.27213029">
      </trkpt>
      <trkpt lat="49.53036865" lon="-117.27218625">
      </trkpt>
      <trkpt lat="49.53039102" lon="-117.27219618">
      </trkpt>
      <trkpt lat="49.530415" lon="-117.272175">
      </trkpt>
      <trkpt lat="49.53044471" lon="-117.27216918">
      </trkpt>
      <trkpt lat="49.53047277" lon="-117.27217233">
      </trkpt>
      <trkpt lat="49.530513" lon="-117.27219399">
      </trkpt>
      <trkpt lat="49.53054599" lon="-117.27220331">
      </trkpt>
      <trkpt lat="49.53058114" lon="-117.2722103">
      </trkpt>
      <trkpt lat="49.530606" lon="-117.27221399">
      </trkpt>
      <trkpt lat="49.53062822" lon="-117.27225629">
      </trkpt>
      <trkpt lat="49.53064108" lon="-117.27229746">
      </trkpt>
      <trkpt lat="49.530648" lon="-117.272339">
      </trkpt>
      <trkpt lat="49.53068164" lon="-117.27236054">
      </trkpt>
      <trkpt lat="49.53071309" lon="-117.27238018">
      </trkpt>
      <trkpt lat="49.53073838" lon="-117.27240915">
      </trkpt>
      <trkpt lat="49.53072702" lon="-117.27242967">
      </trkpt>
      <trkpt lat="49.53072219" lon="-117.27246093">
      </trkpt>
      <trkpt lat="49.53074259" lon="-117.27247407">
      </trkpt>
      <trkpt lat="49.53076519" lon="-117.27246962">
      </trkpt>
      <trkpt lat="49.53078336" lon="-117.27243327">
      </trkpt>
      <trkpt lat="49.530796" lon="-117.272408">
      </trkpt>
      <trkpt lat="49.53081338" lon="-117.27242583">
      </trkpt>
      <trkpt lat="49.53085042" lon="-117.27245554">
      </trkpt>
      <trkpt lat="49.53090281" lon="-117.27248143">
      </trkpt>
      <trkpt lat="49.53092" lon="-117.272524">
      </trkpt>
      <trkpt lat="49.53094443" lon="-117.2725568">
      </trkpt>
      <trkpt lat="49.53097546" lon="-117.27260119">
      </trkpt>
      <trkpt lat="49.530992" lon="-117.27262601">
      </trkpt>
      <trkpt lat="49.53104437" lon="-117.27259013">
      </trkpt>
      <trkpt lat="49.53106879" lon="-117.27258524">
      </trkpt>
      <trkpt lat="49.531085" lon="-117.272582">
      </trkpt>
      <trkpt lat="49.53111" lon="-117.272521">
      </trkpt>
      <trkpt lat="49.53112974" lon="-117.27251027">
      </trkpt>
      <trkpt lat="49.53117483" lon="-117.27247623">
      </trkpt>
      <trkpt lat="49.531196" lon="-117.272454">
      </trkpt>
      <trkpt lat="49.531236" lon="-117.27249">
      </trkpt>
      <trkpt lat="49.53125852" lon="-117.27246065">
      </trkpt>
      <trkpt lat="49.53129286" lon="-117.27244651">
      </trkpt>
      <trkpt lat="49.53133358" lon="-117.27244426">
      </trkpt>
      <trkpt lat="49.53138915" lon="-117.27243382">
      </trkpt>
      <trkpt lat="49.53143094" lon="-117.2724166">
      </trkpt>
      <trkpt lat="49.53147568" lon="-117.27239777">
      </trkpt>
      <trkpt lat="49.531537" lon="-117.27239">
      </trkpt>
      <trkpt lat="49.53155417" lon="-117.2723653">
      </trkpt>
      <trkpt lat="49.531556" lon="-117.27232399">
      </trkpt>
      <trkpt lat="49.53153295" lon="-117.27226289">
      </trkpt>
      <trkpt lat="49.53152644" lon="-117.27222254">
      </trkpt>
      <trkpt lat="49.531507" lon="-117.272195">
      </trkpt>
      <trkpt lat="49.53150163" lon="-117.27214288">
      </trkpt>
      <trkpt lat="49.53149445" lon="-117.27211909">
      </trkpt>
    </trkseg>
  </trk>
</gpx>