<?xml version="1.0" encoding="UTF-8"?>
<gpx xmlns="http://www.topografix.com/GPX/1/1" xmlns:xsi="http://www.w3.org/2001/XMLSchema-instance" xsi:schemaLocation="http://www.topografix.com/GPX/1/1 http://www.topografix.com/GPX/1/1/gpx.xsd" version="1.1" creator="gpx.py -- https://github.com/tkrajina/gpxpy">
  <trk>
    <name>Stoney Lake Trails</name>
    <trkseg>
      <trkpt lat="53.21884194" lon="-121.72505004">
      </trkpt>
      <trkpt lat="53.21891778" lon="-121.72540075">
      </trkpt>
      <trkpt lat="53.21912934" lon="-121.7262068">
      </trkpt>
      <trkpt lat="53.21931217" lon="-121.72727038">
      </trkpt>
      <trkpt lat="53.21947619" lon="-121.72823404">
      </trkpt>
      <trkpt lat="53.21963445" lon="-121.7292492">
      </trkpt>
      <trkpt lat="53.21978584" lon="-121.73007411">
      </trkpt>
      <trkpt lat="53.21999554" lon="-121.73082947">
      </trkpt>
      <trkpt lat="53.22018643" lon="-121.73148489">
      </trkpt>
      <trkpt lat="53.22036718" lon="-121.73228139">
      </trkpt>
      <trkpt lat="53.22049446" lon="-121.73307056">
      </trkpt>
      <trkpt lat="53.22061345" lon="-121.73378479">
      </trkpt>
      <trkpt lat="53.22069527" lon="-121.7345722">
      </trkpt>
      <trkpt lat="53.2207475" lon="-121.73536259">
      </trkpt>
      <trkpt lat="53.22075038" lon="-121.73626738">
      </trkpt>
      <trkpt lat="53.22070143" lon="-121.73721719">
      </trkpt>
      <trkpt lat="53.22061575" lon="-121.73797177">
      </trkpt>
      <trkpt lat="53.22052107" lon="-121.73880683">
      </trkpt>
      <trkpt lat="53.22045834" lon="-121.73953922">
      </trkpt>
      <trkpt lat="53.22044666" lon="-121.74053498">
      </trkpt>
      <trkpt lat="53.22048844" lon="-121.74136622">
      </trkpt>
      <trkpt lat="53.22068614" lon="-121.74256961">
      </trkpt>
      <trkpt lat="53.22088161" lon="-121.74404179">
      </trkpt>
      <trkpt lat="53.22109646" lon="-121.74539268">
      </trkpt>
      <trkpt lat="53.22140624" lon="-121.74707217">
      </trkpt>
      <trkpt lat="53.22158965" lon="-121.74787922">
      </trkpt>
      <trkpt lat="53.22166733" lon="-121.74838859">
      </trkpt>
      <trkpt lat="53.22172027" lon="-121.74887061">
      </trkpt>
      <trkpt lat="53.22173227" lon="-121.74953579">
      </trkpt>
      <trkpt lat="53.22174382" lon="-121.75051928">
      </trkpt>
      <trkpt lat="53.22176764" lon="-121.75118327">
      </trkpt>
      <trkpt lat="53.2217381" lon="-121.75218084">
      </trkpt>
      <trkpt lat="53.22171257" lon="-121.7529592">
      </trkpt>
      <trkpt lat="53.22174787" lon="-121.75361209">
      </trkpt>
      <trkpt lat="53.22186886" lon="-121.75433592">
      </trkpt>
      <trkpt lat="53.22204109" lon="-121.75516404">
      </trkpt>
      <trkpt lat="53.22226314" lon="-121.75605675">
      </trkpt>
      <trkpt lat="53.22259196" lon="-121.75677961">
      </trkpt>
      <trkpt lat="53.22296633" lon="-121.75744816">
      </trkpt>
      <trkpt lat="53.22327098" lon="-121.75799444">
      </trkpt>
      <trkpt lat="53.22346627" lon="-121.75847214">
      </trkpt>
      <trkpt lat="53.22360273" lon="-121.75896569">
      </trkpt>
      <trkpt lat="53.22379138" lon="-121.75992149">
      </trkpt>
      <trkpt lat="53.22396416" lon="-121.76109773">
      </trkpt>
      <trkpt lat="53.22417385" lon="-121.76231005">
      </trkpt>
      <trkpt lat="53.2243569" lon="-121.76327638">
      </trkpt>
      <trkpt lat="53.22449973" lon="-121.76394836">
      </trkpt>
      <trkpt lat="53.22471545" lon="-121.76483186">
      </trkpt>
      <trkpt lat="53.22503531" lon="-121.76580439">
      </trkpt>
      <trkpt lat="53.22535789" lon="-121.76668713">
      </trkpt>
      <trkpt lat="53.22576853" lon="-121.76754118">
      </trkpt>
      <trkpt lat="53.22626024" lon="-121.76833738">
      </trkpt>
      <trkpt lat="53.22670946" lon="-121.76910801">
      </trkpt>
      <trkpt lat="53.22718472" lon="-121.76977658">
      </trkpt>
      <trkpt lat="53.22764425" lon="-121.77033732">
      </trkpt>
      <trkpt lat="53.22822213" lon="-121.77088621">
      </trkpt>
      <trkpt lat="53.22859421" lon="-121.77132641">
      </trkpt>
      <trkpt lat="53.22906106" lon="-121.77192625">
      </trkpt>
      <trkpt lat="53.22942872" lon="-121.7725758">
      </trkpt>
      <trkpt lat="53.22987579" lon="-121.77328706">
      </trkpt>
      <trkpt lat="53.23026013" lon="-121.77390515">
      </trkpt>
      <trkpt lat="53.23058777" lon="-121.77459854">
      </trkpt>
      <trkpt lat="53.23091655" lon="-121.77549079">
      </trkpt>
      <trkpt lat="53.23126856" lon="-121.77620167">
      </trkpt>
      <trkpt lat="53.23164221" lon="-121.77701983">
      </trkpt>
      <trkpt lat="53.23198829" lon="-121.77773132">
      </trkpt>
      <trkpt lat="53.23225769" lon="-121.77829133">
      </trkpt>
      <trkpt lat="53.23250696" lon="-121.77895283">
      </trkpt>
      <trkpt lat="53.23279667" lon="-121.77974957">
      </trkpt>
      <trkpt lat="53.23311208" lon="-121.78043434">
      </trkpt>
      <trkpt lat="53.23349021" lon="-121.78121231">
      </trkpt>
      <trkpt lat="53.23384668" lon="-121.78188304">
      </trkpt>
      <trkpt lat="53.23427453" lon="-121.78255659">
      </trkpt>
      <trkpt lat="53.23467587" lon="-121.78315321">
      </trkpt>
      <trkpt lat="53.23511766" lon="-121.78388509">
      </trkpt>
      <trkpt lat="53.23524422" lon="-121.78427042">
      </trkpt>
      <trkpt lat="53.23544724" lon="-121.7851356">
      </trkpt>
      <trkpt lat="53.23573523" lon="-121.78605199">
      </trkpt>
      <trkpt lat="53.23603807" lon="-121.78671819">
      </trkpt>
      <trkpt lat="53.23636802" lon="-121.78731206">
      </trkpt>
      <trkpt lat="53.23659455" lon="-121.78783666">
      </trkpt>
      <trkpt lat="53.23686496" lon="-121.78842653">
      </trkpt>
      <trkpt lat="53.23705005" lon="-121.78895527">
      </trkpt>
      <trkpt lat="53.23724149" lon="-121.78930178">
      </trkpt>
      <trkpt lat="53.23754506" lon="-121.78968194">
      </trkpt>
      <trkpt lat="53.2377534" lon="-121.79002929">
      </trkpt>
      <trkpt lat="53.23806762" lon="-121.79051532">
      </trkpt>
      <trkpt lat="53.23838812" lon="-121.79101068">
      </trkpt>
      <trkpt lat="53.23882288" lon="-121.79171356">
      </trkpt>
      <trkpt lat="53.23916775" lon="-121.79222641">
      </trkpt>
      <trkpt lat="53.23943392" lon="-121.79269737">
      </trkpt>
      <trkpt lat="53.23966077" lon="-121.79323195">
      </trkpt>
      <trkpt lat="53.23987613" lon="-121.79377763">
      </trkpt>
      <trkpt lat="53.23993404" lon="-121.79407036">
      </trkpt>
      <trkpt lat="53.23995967" lon="-121.79462501">
      </trkpt>
      <trkpt lat="53.24000023" lon="-121.79509856">
      </trkpt>
      <trkpt lat="53.24012119" lon="-121.79549446">
      </trkpt>
      <trkpt lat="53.24026124" lon="-121.7957591">
      </trkpt>
      <trkpt lat="53.24050788" lon="-121.79618229">
      </trkpt>
      <trkpt lat="53.24082003" lon="-121.79677805">
      </trkpt>
      <trkpt lat="53.24109702" lon="-121.79738729">
      </trkpt>
      <trkpt lat="53.24125981" lon="-121.79795814">
      </trkpt>
      <trkpt lat="53.24142886" lon="-121.79853832">
      </trkpt>
      <trkpt lat="53.2416466" lon="-121.79898431">
      </trkpt>
      <trkpt lat="53.24194128" lon="-121.79942264">
      </trkpt>
      <trkpt lat="53.24218861" lon="-121.7998657">
      </trkpt>
      <trkpt lat="53.24235794" lon="-121.80028666">
      </trkpt>
      <trkpt lat="53.2424783" lon="-121.80100108">
      </trkpt>
      <trkpt lat="53.24250571" lon="-121.80177449">
      </trkpt>
      <trkpt lat="53.2425157" lon="-121.80255958">
      </trkpt>
      <trkpt lat="53.24259873" lon="-121.8030588">
      </trkpt>
      <trkpt lat="53.24279207" lon="-121.80348735">
      </trkpt>
      <trkpt lat="53.2431254" lon="-121.80401144">
      </trkpt>
      <trkpt lat="53.24345446" lon="-121.80424739">
      </trkpt>
      <trkpt lat="53.24376893" lon="-121.80457436">
      </trkpt>
      <trkpt lat="53.24396227" lon="-121.80500293">
      </trkpt>
      <trkpt lat="53.24409127" lon="-121.80562695">
      </trkpt>
      <trkpt lat="53.24424428" lon="-121.80625855">
      </trkpt>
      <trkpt lat="53.24438085" lon="-121.80659326">
      </trkpt>
      <trkpt lat="53.24452263" lon="-121.80690755">
      </trkpt>
      <trkpt lat="53.24469054" lon="-121.8072889">
      </trkpt>
      <trkpt lat="53.24495594" lon="-121.80774019">
      </trkpt>
      <trkpt lat="53.24512872" lon="-121.80809122">
      </trkpt>
      <trkpt lat="53.24526181" lon="-121.80849594">
      </trkpt>
      <trkpt lat="53.24540508" lon="-121.80918823">
      </trkpt>
      <trkpt lat="53.24555918" lon="-121.81001879">
      </trkpt>
      <trkpt lat="53.24560805" lon="-121.81056124">
      </trkpt>
      <trkpt lat="53.24572803" lon="-121.81143499">
      </trkpt>
      <trkpt lat="53.24580306" lon="-121.81221368">
      </trkpt>
      <trkpt lat="53.2458624" lon="-121.81288447">
      </trkpt>
      <trkpt lat="53.24602025" lon="-121.81348579">
      </trkpt>
      <trkpt lat="53.24628427" lon="-121.81406663">
      </trkpt>
      <trkpt lat="53.24644693" lon="-121.81446844">
      </trkpt>
      <trkpt lat="53.24652609" lon="-121.81502782">
      </trkpt>
      <trkpt lat="53.24671809" lon="-121.81592431">
      </trkpt>
      <trkpt lat="53.2468457" lon="-121.81684709">
      </trkpt>
      <trkpt lat="53.24691619" lon="-121.81766606">
      </trkpt>
      <trkpt lat="53.24690063" lon="-121.81823483">
      </trkpt>
      <trkpt lat="53.2468746" lon="-121.81867527">
      </trkpt>
      <trkpt lat="53.24690705" lon="-121.81909002">
      </trkpt>
      <trkpt lat="53.24698198" lon="-121.8195304">
      </trkpt>
      <trkpt lat="53.24712443" lon="-121.81986459">
      </trkpt>
      <trkpt lat="53.24733547" lon="-121.8202915">
      </trkpt>
      <trkpt lat="53.24753815" lon="-121.8206496">
      </trkpt>
      <trkpt lat="53.24769767" lon="-121.82113137">
      </trkpt>
      <trkpt lat="53.24783389" lon="-121.82179459">
      </trkpt>
      <trkpt lat="53.2480488" lon="-121.82249977">
      </trkpt>
      <trkpt lat="53.24827622" lon="-121.82305446">
      </trkpt>
      <trkpt lat="53.24843748" lon="-121.82358584">
      </trkpt>
      <trkpt lat="53.24858134" lon="-121.8241289">
      </trkpt>
      <trkpt lat="53.24862736" lon="-121.82459208">
      </trkpt>
      <trkpt lat="53.24865771" lon="-121.82511652">
      </trkpt>
      <trkpt lat="53.24870233" lon="-121.82554003">
      </trkpt>
      <trkpt lat="53.24885559" lon="-121.82618168">
      </trkpt>
      <trkpt lat="53.2491495" lon="-121.8269388">
      </trkpt>
      <trkpt lat="53.24939952" lon="-121.82746144">
      </trkpt>
      <trkpt lat="53.24966869" lon="-121.82802199">
      </trkpt>
      <trkpt lat="53.24988774" lon="-121.82867707">
      </trkpt>
      <trkpt lat="53.25002496" lon="-121.8293701">
      </trkpt>
      <trkpt lat="53.25023043" lon="-121.82997677">
      </trkpt>
      <trkpt lat="53.25037703" lon="-121.83043003">
      </trkpt>
      <trkpt lat="53.25041572" lon="-121.83102334">
      </trkpt>
      <trkpt lat="53.25039941" lon="-121.8317415">
      </trkpt>
      <trkpt lat="53.25036674" lon="-121.83250109">
      </trkpt>
      <trkpt lat="53.25036087" lon="-121.8331784">
      </trkpt>
      <trkpt lat="53.25036195" lon="-121.8338849">
      </trkpt>
      <trkpt lat="53.2503801" lon="-121.83473898">
      </trkpt>
      <trkpt lat="53.25033592" lon="-121.83534047">
      </trkpt>
      <trkpt lat="53.25021653" lon="-121.83599914">
      </trkpt>
      <trkpt lat="53.25014275" lon="-121.83660353">
      </trkpt>
      <trkpt lat="53.25016957" lon="-121.83719801">
      </trkpt>
      <trkpt lat="53.25029074" lon="-121.83777323">
      </trkpt>
      <trkpt lat="53.25033879" lon="-121.83812677">
      </trkpt>
      <trkpt lat="53.25036492" lon="-121.83887059">
      </trkpt>
      <trkpt lat="53.25039939" lon="-121.83968326">
      </trkpt>
      <trkpt lat="53.25048329" lon="-121.84038157">
      </trkpt>
      <trkpt lat="53.25067546" lon="-121.84094982">
      </trkpt>
      <trkpt lat="53.25098147" lon="-121.84171582">
      </trkpt>
      <trkpt lat="53.25113812" lon="-121.84228756">
      </trkpt>
      <trkpt lat="53.25125962" lon="-121.84270353">
      </trkpt>
      <trkpt lat="53.25136403" lon="-121.84364866">
      </trkpt>
      <trkpt lat="53.25150743" lon="-121.84485867">
      </trkpt>
      <trkpt lat="53.25163374" lon="-121.84609026">
      </trkpt>
      <trkpt lat="53.2517625" lon="-121.8472221">
      </trkpt>
      <trkpt lat="53.25185401" lon="-121.84796947">
      </trkpt>
      <trkpt lat="53.25188669" lon="-121.84873259">
      </trkpt>
      <trkpt lat="53.25186644" lon="-121.84951085">
      </trkpt>
      <trkpt lat="53.25173305" lon="-121.85028035">
      </trkpt>
      <trkpt lat="53.25156554" lon="-121.85092381">
      </trkpt>
      <trkpt lat="53.25134546" lon="-121.85159235">
      </trkpt>
      <trkpt lat="53.25111459" lon="-121.85212261">
      </trkpt>
      <trkpt lat="53.25082976" lon="-121.85263825">
      </trkpt>
      <trkpt lat="53.25046276" lon="-121.85335105">
      </trkpt>
      <trkpt lat="53.24999024" lon="-121.85427325">
      </trkpt>
      <trkpt lat="53.24948496" lon="-121.85544744">
      </trkpt>
      <trkpt lat="53.24893197" lon="-121.85661632">
      </trkpt>
      <trkpt lat="53.24827031" lon="-121.85807449">
      </trkpt>
      <trkpt lat="53.24763125" lon="-121.85950054">
      </trkpt>
      <trkpt lat="53.24728473" lon="-121.86029083">
      </trkpt>
      <trkpt lat="53.24699672" lon="-121.86088629">
      </trkpt>
      <trkpt lat="53.24668158" lon="-121.86138488">
      </trkpt>
      <trkpt lat="53.24644094" lon="-121.86180653">
      </trkpt>
      <trkpt lat="53.24613766" lon="-121.8621348">
      </trkpt>
      <trkpt lat="53.24584898" lon="-121.86254123">
      </trkpt>
      <trkpt lat="53.24557491" lon="-121.86302583">
      </trkpt>
      <trkpt lat="53.24529215" lon="-121.86343168">
      </trkpt>
      <trkpt lat="53.24488613" lon="-121.86387944">
      </trkpt>
      <trkpt lat="53.24434538" lon="-121.86438021">
      </trkpt>
      <trkpt lat="53.24388644" lon="-121.86484309">
      </trkpt>
      <trkpt lat="53.24365905" lon="-121.86513404">
      </trkpt>
      <trkpt lat="53.24346298" lon="-121.86547166">
      </trkpt>
      <trkpt lat="53.24329685" lon="-121.86581628">
      </trkpt>
      <trkpt lat="53.24313662" lon="-121.86616033">
      </trkpt>
      <trkpt lat="53.24303632" lon="-121.86634925">
      </trkpt>
      <trkpt lat="53.24294332" lon="-121.86657726">
      </trkpt>
      <trkpt lat="53.2429439" lon="-121.86657748">
      </trkpt>
      <trkpt lat="53.24315392" lon="-121.86665614">
      </trkpt>
      <trkpt lat="53.24358002" lon="-121.86678357">
      </trkpt>
      <trkpt lat="53.24391491" lon="-121.86685026">
      </trkpt>
      <trkpt lat="53.24413527" lon="-121.86686848">
      </trkpt>
      <trkpt lat="53.24456032" lon="-121.86696617">
      </trkpt>
      <trkpt lat="53.24509467" lon="-121.86713275">
      </trkpt>
      <trkpt lat="53.24552595" lon="-121.86740892">
      </trkpt>
      <trkpt lat="53.2460035" lon="-121.86781991">
      </trkpt>
      <trkpt lat="53.24651306" lon="-121.86829741">
      </trkpt>
      <trkpt lat="53.24695194" lon="-121.86879179">
      </trkpt>
      <trkpt lat="53.24742806" lon="-121.86933229">
      </trkpt>
      <trkpt lat="53.24771206" lon="-121.86964282">
      </trkpt>
      <trkpt lat="53.24802285" lon="-121.87004031">
      </trkpt>
      <trkpt lat="53.24835385" lon="-121.87033631">
      </trkpt>
      <trkpt lat="53.24878231" lon="-121.87070239">
      </trkpt>
      <trkpt lat="53.2491471" lon="-121.87094533">
      </trkpt>
      <trkpt lat="53.249735" lon="-121.87128586">
      </trkpt>
      <trkpt lat="53.25031457" lon="-121.87155758">
      </trkpt>
      <trkpt lat="53.2508945" lon="-121.87183919">
      </trkpt>
      <trkpt lat="53.2515263" lon="-121.87207594">
      </trkpt>
      <trkpt lat="53.25198961" lon="-121.87224956">
      </trkpt>
      <trkpt lat="53.25262561" lon="-121.87243616">
      </trkpt>
      <trkpt lat="53.25317632" lon="-121.87256143">
      </trkpt>
      <trkpt lat="53.25349972" lon="-121.87263927">
      </trkpt>
      <trkpt lat="53.25398247" lon="-121.87302996">
      </trkpt>
      <trkpt lat="53.25432042" lon="-121.8733552">
      </trkpt>
      <trkpt lat="53.25466148" lon="-121.87376971">
      </trkpt>
      <trkpt lat="53.25501264" lon="-121.87413349">
      </trkpt>
      <trkpt lat="53.25544355" lon="-121.87439989">
      </trkpt>
      <trkpt lat="53.25606972" lon="-121.87481641">
      </trkpt>
      <trkpt lat="53.25678329" lon="-121.87518458">
      </trkpt>
      <trkpt lat="53.25741716" lon="-121.87548093">
      </trkpt>
      <trkpt lat="53.25772624" lon="-121.87565974">
      </trkpt>
      <trkpt lat="53.25842762" lon="-121.87601917">
      </trkpt>
      <trkpt lat="53.25892329" lon="-121.87626933">
      </trkpt>
      <trkpt lat="53.2593069" lon="-121.8763712">
      </trkpt>
      <trkpt lat="53.25974654" lon="-121.87654721">
      </trkpt>
      <trkpt lat="53.26002081" lon="-121.87674934">
      </trkpt>
      <trkpt lat="53.26030617" lon="-121.87709971">
      </trkpt>
      <trkpt lat="53.26065273" lon="-121.87767304">
      </trkpt>
      <trkpt lat="53.26097355" lon="-121.87818917">
      </trkpt>
      <trkpt lat="53.26123419" lon="-121.8785121">
      </trkpt>
      <trkpt lat="53.26171555" lon="-121.87886326">
      </trkpt>
      <trkpt lat="53.26243881" lon="-121.87934009">
      </trkpt>
      <trkpt lat="53.2631099" lon="-121.87968268">
      </trkpt>
      <trkpt lat="53.26367101" lon="-121.87993647">
      </trkpt>
      <trkpt lat="53.26401979" lon="-121.88006168">
      </trkpt>
      <trkpt lat="53.26461434" lon="-121.88025249">
      </trkpt>
      <trkpt lat="53.26536551" lon="-121.88050765">
      </trkpt>
      <trkpt lat="53.26631339" lon="-121.88078343">
      </trkpt>
      <trkpt lat="53.26705652" lon="-121.8811489">
      </trkpt>
      <trkpt lat="53.26790337" lon="-121.88159387">
      </trkpt>
      <trkpt lat="53.2684046" lon="-121.88183364">
      </trkpt>
      <trkpt lat="53.26876419" lon="-121.88192796">
      </trkpt>
      <trkpt lat="53.26921887" lon="-121.88185369">
      </trkpt>
      <trkpt lat="53.26979652" lon="-121.88155834">
      </trkpt>
      <trkpt lat="53.27040307" lon="-121.88124024">
      </trkpt>
      <trkpt lat="53.27093861" lon="-121.88092907">
      </trkpt>
      <trkpt lat="53.27117677" lon="-121.88077639">
      </trkpt>
      <trkpt lat="53.27152903" lon="-121.88059232">
      </trkpt>
      <trkpt lat="53.27195738" lon="-121.88051097">
      </trkpt>
      <trkpt lat="53.2725318" lon="-121.88046481">
      </trkpt>
      <trkpt lat="53.27308877" lon="-121.88059959">
      </trkpt>
      <trkpt lat="53.2736259" lon="-121.88067657">
      </trkpt>
      <trkpt lat="53.27412541" lon="-121.88086675">
      </trkpt>
      <trkpt lat="53.27456194" lon="-121.88095356">
      </trkpt>
      <trkpt lat="53.2751078" lon="-121.88094007">
      </trkpt>
      <trkpt lat="53.27545837" lon="-121.88094567">
      </trkpt>
      <trkpt lat="53.27594678" lon="-121.88098758">
      </trkpt>
      <trkpt lat="53.27634539" lon="-121.88100839">
      </trkpt>
      <trkpt lat="53.27681886" lon="-121.88096215">
      </trkpt>
      <trkpt lat="53.27747727" lon="-121.88083117">
      </trkpt>
      <trkpt lat="53.27800604" lon="-121.88077646">
      </trkpt>
      <trkpt lat="53.27858013" lon="-121.88072038">
      </trkpt>
      <trkpt lat="53.27894149" lon="-121.88069505">
      </trkpt>
      <trkpt lat="53.27915559" lon="-121.880704">
      </trkpt>
      <trkpt lat="53.27985671" lon="-121.88071518">
      </trkpt>
      <trkpt lat="53.28073017" lon="-121.88072943">
      </trkpt>
      <trkpt lat="53.28144802" lon="-121.88070911">
      </trkpt>
      <trkpt lat="53.28227342" lon="-121.88070813">
      </trkpt>
      <trkpt lat="53.28304736" lon="-121.88059269">
      </trkpt>
      <trkpt lat="53.28359811" lon="-121.88054884">
      </trkpt>
      <trkpt lat="53.28457252" lon="-121.88056319">
      </trkpt>
      <trkpt lat="53.28542195" lon="-121.88056983">
      </trkpt>
      <trkpt lat="53.28613629" lon="-121.88061956">
      </trkpt>
      <trkpt lat="53.28663722" lon="-121.88068018">
      </trkpt>
      <trkpt lat="53.28705634" lon="-121.88077866">
      </trkpt>
      <trkpt lat="53.28764048" lon="-121.88084112">
      </trkpt>
      <trkpt lat="53.28837608" lon="-121.88081904">
      </trkpt>
      <trkpt lat="53.28879174" lon="-121.88081828">
      </trkpt>
      <trkpt lat="53.28942155" lon="-121.88065712">
      </trkpt>
      <trkpt lat="53.29001305" lon="-121.88058937">
      </trkpt>
      <trkpt lat="53.2905958" lon="-121.8806121">
      </trkpt>
      <trkpt lat="53.29098119" lon="-121.88059436">
      </trkpt>
      <trkpt lat="53.29185256" lon="-121.88054906">
      </trkpt>
      <trkpt lat="53.29271348" lon="-121.88054463">
      </trkpt>
      <trkpt lat="53.29353613" lon="-121.88046423">
      </trkpt>
      <trkpt lat="53.29444618" lon="-121.88033544">
      </trkpt>
      <trkpt lat="53.29488482" lon="-121.88031249">
      </trkpt>
      <trkpt lat="53.29559013" lon="-121.88027344">
      </trkpt>
      <trkpt lat="53.29632435" lon="-121.88021165">
      </trkpt>
      <trkpt lat="53.29700703" lon="-121.8802047">
      </trkpt>
      <trkpt lat="53.29759013" lon="-121.88023737">
      </trkpt>
      <trkpt lat="53.29821989" lon="-121.88024555">
      </trkpt>
      <trkpt lat="53.29877064" lon="-121.88020167">
      </trkpt>
      <trkpt lat="53.29979796" lon="-121.88020089">
      </trkpt>
      <trkpt lat="53.30048098" lon="-121.88020386">
      </trkpt>
      <trkpt lat="53.30136729" lon="-121.88024675">
      </trkpt>
      <trkpt lat="53.30226125" lon="-121.88033871">
      </trkpt>
      <trkpt lat="53.30266714" lon="-121.88039868">
      </trkpt>
      <trkpt lat="53.30322938" lon="-121.88034372">
      </trkpt>
      <trkpt lat="53.30376484" lon="-121.8802017">
      </trkpt>
      <trkpt lat="53.30423837" lon="-121.87998601">
      </trkpt>
      <trkpt lat="53.30476136" lon="-121.87965587">
      </trkpt>
      <trkpt lat="53.30534043" lon="-121.87923055">
      </trkpt>
      <trkpt lat="53.3059592" lon="-121.87875153">
      </trkpt>
      <trkpt lat="53.30646725" lon="-121.87833314">
      </trkpt>
      <trkpt lat="53.30692651" lon="-121.87804905">
      </trkpt>
      <trkpt lat="53.30754109" lon="-121.87762022">
      </trkpt>
      <trkpt lat="53.30807453" lon="-121.87724914">
      </trkpt>
      <trkpt lat="53.30861808" lon="-121.87682724">
      </trkpt>
      <trkpt lat="53.30905717" lon="-121.87647534">
      </trkpt>
      <trkpt lat="53.30971982" lon="-121.87589227">
      </trkpt>
      <trkpt lat="53.31038178" lon="-121.87528932">
      </trkpt>
      <trkpt lat="53.31073835" lon="-121.87495543">
      </trkpt>
      <trkpt lat="53.31132368" lon="-121.87453936">
      </trkpt>
      <trkpt lat="53.31170323" lon="-121.87418327">
      </trkpt>
      <trkpt lat="53.31219039" lon="-121.87367711">
      </trkpt>
      <trkpt lat="53.312555" lon="-121.87323278">
      </trkpt>
      <trkpt lat="53.31289801" lon="-121.87285036">
      </trkpt>
      <trkpt lat="53.31339351" lon="-121.87241312">
      </trkpt>
      <trkpt lat="53.31382701" lon="-121.87207164">
      </trkpt>
      <trkpt lat="53.31421386" lon="-121.87175468">
      </trkpt>
      <trkpt lat="53.31439387" lon="-121.87163737">
      </trkpt>
      <trkpt lat="53.3149736" lon="-121.87123172">
      </trkpt>
      <trkpt lat="53.3155916" lon="-121.87090203">
      </trkpt>
      <trkpt lat="53.31618692" lon="-121.87077392">
      </trkpt>
      <trkpt lat="53.31668962" lon="-121.87071468">
      </trkpt>
      <trkpt lat="53.31733713" lon="-121.87072099">
      </trkpt>
      <trkpt lat="53.3180198" lon="-121.87071388">
      </trkpt>
      <trkpt lat="53.31839961" lon="-121.87070655">
      </trkpt>
      <trkpt lat="53.31885492" lon="-121.8708214">
      </trkpt>
      <trkpt lat="53.31928271" lon="-121.87099878">
      </trkpt>
      <trkpt lat="53.31975224" lon="-121.87135148">
      </trkpt>
      <trkpt lat="53.3202374" lon="-121.8718123">
      </trkpt>
      <trkpt lat="53.32065159" lon="-121.87211064">
      </trkpt>
      <trkpt lat="53.3209586" lon="-121.87223008">
      </trkpt>
      <trkpt lat="53.32142052" lon="-121.87236425">
      </trkpt>
      <trkpt lat="53.32194093" lon="-121.87247276">
      </trkpt>
      <trkpt lat="53.32236735" lon="-121.87261041">
      </trkpt>
      <trkpt lat="53.32289052" lon="-121.8727984">
      </trkpt>
      <trkpt lat="53.32344467" lon="-121.87302324">
      </trkpt>
      <trkpt lat="53.32420738" lon="-121.87309805">
      </trkpt>
      <trkpt lat="53.32475881" lon="-121.87307392">
      </trkpt>
      <trkpt lat="53.32564136" lon="-121.87283791">
      </trkpt>
      <trkpt lat="53.32625932" lon="-121.87267765">
      </trkpt>
      <trkpt lat="53.32696536" lon="-121.87248883">
      </trkpt>
      <trkpt lat="53.32767767" lon="-121.87230936">
      </trkpt>
      <trkpt lat="53.32824585" lon="-121.87208418">
      </trkpt>
      <trkpt lat="53.3288353" lon="-121.87178712">
      </trkpt>
      <trkpt lat="53.32946513" lon="-121.87145618">
      </trkpt>
      <trkpt lat="53.33009739" lon="-121.87119478">
      </trkpt>
      <trkpt lat="53.33071988" lon="-121.87099417">
      </trkpt>
      <trkpt lat="53.33126992" lon="-121.87093028">
      </trkpt>
      <trkpt lat="53.33190805" lon="-121.87083779">
      </trkpt>
      <trkpt lat="53.33243654" lon="-121.87066632">
      </trkpt>
      <trkpt lat="53.33278018" lon="-121.87047308">
      </trkpt>
      <trkpt lat="53.33322763" lon="-121.87002037">
      </trkpt>
      <trkpt lat="53.33365698" lon="-121.86955947">
      </trkpt>
      <trkpt lat="53.33392895" lon="-121.86918379">
      </trkpt>
      <trkpt lat="53.33420472" lon="-121.86891742">
      </trkpt>
      <trkpt lat="53.33457169" lon="-121.8687119">
      </trkpt>
      <trkpt lat="53.33515413" lon="-121.86855505">
      </trkpt>
      <trkpt lat="53.33570767" lon="-121.86842096">
      </trkpt>
      <trkpt lat="53.33609062" lon="-121.86833353">
      </trkpt>
      <trkpt lat="53.3366309" lon="-121.86833037">
      </trkpt>
      <trkpt lat="53.33702984" lon="-121.86836103">
      </trkpt>
      <trkpt lat="53.33735115" lon="-121.86837936">
      </trkpt>
      <trkpt lat="53.33764675" lon="-121.86817086">
      </trkpt>
      <trkpt lat="53.33815752" lon="-121.86783154">
      </trkpt>
      <trkpt lat="53.33871982" lon="-121.86743728">
      </trkpt>
      <trkpt lat="53.33895451" lon="-121.86718488">
      </trkpt>
      <trkpt lat="53.33919826" lon="-121.86685179">
      </trkpt>
      <trkpt lat="53.33949248" lon="-121.86660351">
      </trkpt>
      <trkpt lat="53.33981732" lon="-121.86638214">
      </trkpt>
      <trkpt lat="53.34002833" lon="-121.86613204">
      </trkpt>
      <trkpt lat="53.3401882" lon="-121.86577726">
      </trkpt>
      <trkpt lat="53.34027081" lon="-121.86525055">
      </trkpt>
      <trkpt lat="53.34043455" lon="-121.864666">
      </trkpt>
      <trkpt lat="53.34059101" lon="-121.86387273">
      </trkpt>
      <trkpt lat="53.34076381" lon="-121.86320751">
      </trkpt>
      <trkpt lat="53.34084401" lon="-121.86244167">
      </trkpt>
      <trkpt lat="53.3408215" lon="-121.86179562">
      </trkpt>
      <trkpt lat="53.34071824" lon="-121.8610478">
      </trkpt>
      <trkpt lat="53.34055306" lon="-121.86005675">
      </trkpt>
      <trkpt lat="53.34041675" lon="-121.85904292">
      </trkpt>
      <trkpt lat="53.34021426" lon="-121.85834477">
      </trkpt>
      <trkpt lat="53.33987567" lon="-121.85749048">
      </trkpt>
      <trkpt lat="53.33949287" lon="-121.85656076">
      </trkpt>
      <trkpt lat="53.33933524" lon="-121.85595796">
      </trkpt>
      <trkpt lat="53.33930119" lon="-121.85549258">
      </trkpt>
      <trkpt lat="53.3393667" lon="-121.85498749">
      </trkpt>
      <trkpt lat="53.33957426" lon="-121.85429888">
      </trkpt>
      <trkpt lat="53.33988244" lon="-121.85343079">
      </trkpt>
      <trkpt lat="53.34022751" lon="-121.85259895">
      </trkpt>
      <trkpt lat="53.34055413" lon="-121.85174897">
      </trkpt>
      <trkpt lat="53.34079057" lon="-121.85103753">
      </trkpt>
      <trkpt lat="53.34086582" lon="-121.85030205">
      </trkpt>
      <trkpt lat="53.34089895" lon="-121.8495508">
      </trkpt>
      <trkpt lat="53.34082209" lon="-121.84854109">
      </trkpt>
      <trkpt lat="53.34058232" lon="-121.84711861">
      </trkpt>
      <trkpt lat="53.34036725" lon="-121.84589317">
      </trkpt>
      <trkpt lat="53.34026738" lon="-121.84490571">
      </trkpt>
      <trkpt lat="53.34015636" lon="-121.84393929">
      </trkpt>
      <trkpt lat="53.3399771" lon="-121.84322894">
      </trkpt>
      <trkpt lat="53.33977485" lon="-121.84271035">
      </trkpt>
      <trkpt lat="53.33948279" lon="-121.84217073">
      </trkpt>
      <trkpt lat="53.3390285" lon="-121.84157733">
      </trkpt>
      <trkpt lat="53.33864592" lon="-121.84099679">
      </trkpt>
      <trkpt lat="53.33838379" lon="-121.84046421">
      </trkpt>
      <trkpt lat="53.33823096" lon="-121.83983108">
      </trkpt>
      <trkpt lat="53.33820562" lon="-121.83941178">
      </trkpt>
      <trkpt lat="53.3382588" lon="-121.83876123">
      </trkpt>
      <trkpt lat="53.33839735" lon="-121.83847828">
      </trkpt>
      <trkpt lat="53.33852789" lon="-121.83830581">
      </trkpt>
      <trkpt lat="53.33861491" lon="-121.83790827">
      </trkpt>
      <trkpt lat="53.33863787" lon="-121.83737743">
      </trkpt>
      <trkpt lat="53.33862777" lon="-121.83691967">
      </trkpt>
      <trkpt lat="53.3385442" lon="-121.83656892">
      </trkpt>
      <trkpt lat="53.338477" lon="-121.83617664">
      </trkpt>
      <trkpt lat="53.33840354" lon="-121.83577502">
      </trkpt>
      <trkpt lat="53.33836974" lon="-121.83515009">
      </trkpt>
      <trkpt lat="53.33833142" lon="-121.83456547">
      </trkpt>
      <trkpt lat="53.33822451" lon="-121.83388793">
      </trkpt>
      <trkpt lat="53.3380309" lon="-121.83293972">
      </trkpt>
      <trkpt lat="53.33763152" lon="-121.83171272">
      </trkpt>
      <trkpt lat="53.3371517" lon="-121.83022443">
      </trkpt>
      <trkpt lat="53.33674359" lon="-121.82908809">
      </trkpt>
      <trkpt lat="53.3362704" lon="-121.82812774">
      </trkpt>
      <trkpt lat="53.33595633" lon="-121.82747078">
      </trkpt>
      <trkpt lat="53.33567948" lon="-121.82669045">
      </trkpt>
      <trkpt lat="53.33533507" lon="-121.8256775">
      </trkpt>
      <trkpt lat="53.33509578" lon="-121.82461426">
      </trkpt>
      <trkpt lat="53.33479692" lon="-121.82337744">
      </trkpt>
      <trkpt lat="53.33448661" lon="-121.82249079">
      </trkpt>
      <trkpt lat="53.33410983" lon="-121.82174038">
      </trkpt>
      <trkpt lat="53.33377345" lon="-121.82112559">
      </trkpt>
      <trkpt lat="53.33347117" lon="-121.82046753">
      </trkpt>
      <trkpt lat="53.33305887" lon="-121.81972069">
      </trkpt>
      <trkpt lat="53.33270298" lon="-121.819058">
      </trkpt>
      <trkpt lat="53.33236655" lon="-121.81827373">
      </trkpt>
      <trkpt lat="53.33211576" lon="-121.81756074">
      </trkpt>
      <trkpt lat="53.33196174" lon="-121.81672847">
      </trkpt>
      <trkpt lat="53.33188505" lon="-121.81623751">
      </trkpt>
      <trkpt lat="53.33170664" lon="-121.81538772">
      </trkpt>
      <trkpt lat="53.33146109" lon="-121.81482381">
      </trkpt>
      <trkpt lat="53.33129493" lon="-121.81432181">
      </trkpt>
      <trkpt lat="53.33117365" lon="-121.81374556">
      </trkpt>
      <trkpt lat="53.33120351" lon="-121.81341354">
      </trkpt>
      <trkpt lat="53.331399" lon="-121.81272602">
      </trkpt>
      <trkpt lat="53.33171424" lon="-121.81206647">
      </trkpt>
      <trkpt lat="53.33209458" lon="-121.81140044">
      </trkpt>
      <trkpt lat="53.33236386" lon="-121.81078533">
      </trkpt>
      <trkpt lat="53.3325002" lon="-121.81027319">
      </trkpt>
      <trkpt lat="53.33251572" lon="-121.80970326">
      </trkpt>
      <trkpt lat="53.33249954" lon="-121.80907665">
      </trkpt>
      <trkpt lat="53.33246595" lon="-121.80846174">
      </trkpt>
      <trkpt lat="53.3325068" lon="-121.80760012">
      </trkpt>
      <trkpt lat="53.33262807" lon="-121.8068302">
      </trkpt>
      <trkpt lat="53.33273576" lon="-121.80601177">
      </trkpt>
      <trkpt lat="53.33278079" lon="-121.80526937">
      </trkpt>
      <trkpt lat="53.33275627" lon="-121.8047433">
      </trkpt>
      <trkpt lat="53.33259142" lon="-121.80411156">
      </trkpt>
      <trkpt lat="53.3323406" lon="-121.80356816">
      </trkpt>
      <trkpt lat="53.33215909" lon="-121.80313754">
      </trkpt>
      <trkpt lat="53.33190722" lon="-121.80256434">
      </trkpt>
      <trkpt lat="53.33159617" lon="-121.80199704">
      </trkpt>
      <trkpt lat="53.33121018" lon="-121.80115804">
      </trkpt>
      <trkpt lat="53.33086671" lon="-121.80051424">
      </trkpt>
      <trkpt lat="53.33041146" lon="-121.79973201">
      </trkpt>
      <trkpt lat="53.32981574" lon="-121.79850516">
      </trkpt>
      <trkpt lat="53.32933955" lon="-121.79763533">
      </trkpt>
      <trkpt lat="53.32896015" lon="-121.79681568">
      </trkpt>
      <trkpt lat="53.3286466" lon="-121.79617894">
      </trkpt>
      <trkpt lat="53.32803732" lon="-121.79507318">
      </trkpt>
      <trkpt lat="53.32741514" lon="-121.79393883">
      </trkpt>
      <trkpt lat="53.32691349" lon="-121.79302178">
      </trkpt>
      <trkpt lat="53.32629333" lon="-121.79177762">
      </trkpt>
      <trkpt lat="53.32581983" lon="-121.79081793">
      </trkpt>
      <trkpt lat="53.32523318" lon="-121.78984964">
      </trkpt>
      <trkpt lat="53.32493532" lon="-121.78932108">
      </trkpt>
      <trkpt lat="53.32453261" lon="-121.78868339">
      </trkpt>
      <trkpt lat="53.3241843" lon="-121.78823966">
      </trkpt>
      <trkpt lat="53.32373432" lon="-121.78777621">
      </trkpt>
      <trkpt lat="53.32334289" lon="-121.78745644">
      </trkpt>
      <trkpt lat="53.32289326" lon="-121.78700293">
      </trkpt>
      <trkpt lat="53.32267415" lon="-121.78668587">
      </trkpt>
      <trkpt lat="53.3224017" lon="-121.78620469">
      </trkpt>
      <trkpt lat="53.32203441" lon="-121.78539404">
      </trkpt>
      <trkpt lat="53.32165104" lon="-121.78446536">
      </trkpt>
      <trkpt lat="53.32131571" lon="-121.78355186">
      </trkpt>
      <trkpt lat="53.32106295" lon="-121.78278958">
      </trkpt>
      <trkpt lat="53.32074007" lon="-121.78172531">
      </trkpt>
      <trkpt lat="53.32047291" lon="-121.78072524">
      </trkpt>
      <trkpt lat="53.32040844" lon="-121.77991425">
      </trkpt>
      <trkpt lat="53.32031014" lon="-121.77898701">
      </trkpt>
      <trkpt lat="53.32020698" lon="-121.77809016">
      </trkpt>
      <trkpt lat="53.32005541" lon="-121.77716826">
      </trkpt>
      <trkpt lat="53.319867" lon="-121.77637966">
      </trkpt>
      <trkpt lat="53.31960272" lon="-121.77562859">
      </trkpt>
      <trkpt lat="53.31937452" lon="-121.77518682">
      </trkpt>
      <trkpt lat="53.31911478" lon="-121.7746009">
      </trkpt>
      <trkpt lat="53.31870042" lon="-121.77380509">
      </trkpt>
      <trkpt lat="53.31814544" lon="-121.77306327">
      </trkpt>
      <trkpt lat="53.31760168" lon="-121.77246988">
      </trkpt>
      <trkpt lat="53.31713936" lon="-121.77182847">
      </trkpt>
      <trkpt lat="53.31680529" lon="-121.7714533">
      </trkpt>
      <trkpt lat="53.3164252" lon="-121.77095317">
      </trkpt>
      <trkpt lat="53.31603741" lon="-121.77040398">
      </trkpt>
      <trkpt lat="53.31570395" lon="-121.76987925">
      </trkpt>
      <trkpt lat="53.31535925" lon="-121.76920615">
      </trkpt>
      <trkpt lat="53.31508577" lon="-121.7688648">
      </trkpt>
      <trkpt lat="53.31475619" lon="-121.76844934">
      </trkpt>
      <trkpt lat="53.31440568" lon="-121.76794629">
      </trkpt>
      <trkpt lat="53.3141069" lon="-121.76722874">
      </trkpt>
      <trkpt lat="53.31371261" lon="-121.76633138">
      </trkpt>
      <trkpt lat="53.31333359" lon="-121.76536276">
      </trkpt>
      <trkpt lat="53.31297681" lon="-121.76435205">
      </trkpt>
      <trkpt lat="53.31270346" lon="-121.76368181">
      </trkpt>
      <trkpt lat="53.31250702" lon="-121.76300384">
      </trkpt>
      <trkpt lat="53.31224396" lon="-121.76212329">
      </trkpt>
      <trkpt lat="53.31201154" lon="-121.76126954">
      </trkpt>
      <trkpt lat="53.31167532" lon="-121.76033656">
      </trkpt>
      <trkpt lat="53.31124797" lon="-121.75951243">
      </trkpt>
      <trkpt lat="53.31091848" lon="-121.75876817">
      </trkpt>
      <trkpt lat="53.31057112" lon="-121.75785627">
      </trkpt>
      <trkpt lat="53.31022185" lon="-121.75672531">
      </trkpt>
      <trkpt lat="53.30990442" lon="-121.75582041">
      </trkpt>
      <trkpt lat="53.30975243" lon="-121.75505831">
      </trkpt>
      <trkpt lat="53.30978224" lon="-121.7543975">
      </trkpt>
      <trkpt lat="53.30994307" lon="-121.75391285">
      </trkpt>
      <trkpt lat="53.31012828" lon="-121.75344569">
      </trkpt>
      <trkpt lat="53.31015891" lon="-121.75297415">
      </trkpt>
      <trkpt lat="53.31016161" lon="-121.75238584">
      </trkpt>
      <trkpt lat="53.31015567" lon="-121.75188809">
      </trkpt>
      <trkpt lat="53.31011742" lon="-121.75148331">
      </trkpt>
      <trkpt lat="53.30999514" lon="-121.75088766">
      </trkpt>
      <trkpt lat="53.30987617" lon="-121.75055082">
      </trkpt>
      <trkpt lat="53.30976419" lon="-121.75024317">
      </trkpt>
      <trkpt lat="53.30954013" lon="-121.74995681">
      </trkpt>
      <trkpt lat="53.30915936" lon="-121.74960652">
      </trkpt>
      <trkpt lat="53.30863942" lon="-121.74935001">
      </trkpt>
      <trkpt lat="53.30821664" lon="-121.74915346">
      </trkpt>
      <trkpt lat="53.30776344" lon="-121.74877063">
      </trkpt>
      <trkpt lat="53.30728371" lon="-121.74831075">
      </trkpt>
      <trkpt lat="53.3068633" lon="-121.74801433">
      </trkpt>
      <trkpt lat="53.30630837" lon="-121.74761283">
      </trkpt>
      <trkpt lat="53.30587603" lon="-121.74714725">
      </trkpt>
      <trkpt lat="53.30545441" lon="-121.74665165">
      </trkpt>
      <trkpt lat="53.30508226" lon="-121.74621086">
      </trkpt>
      <trkpt lat="53.30470242" lon="-121.74572104">
      </trkpt>
      <trkpt lat="53.30420835" lon="-121.74519291">
      </trkpt>
      <trkpt lat="53.30387349" lon="-121.74479822">
      </trkpt>
      <trkpt lat="53.30353035" lon="-121.744504">
      </trkpt>
      <trkpt lat="53.30318343" lon="-121.74426998">
      </trkpt>
      <trkpt lat="53.30268628" lon="-121.74382192">
      </trkpt>
      <trkpt lat="53.30235912" lon="-121.7434763">
      </trkpt>
      <trkpt lat="53.30201134" lon="-121.74305303">
      </trkpt>
      <trkpt lat="53.30168153" lon="-121.74246852">
      </trkpt>
      <trkpt lat="53.30138459" lon="-121.74164154">
      </trkpt>
      <trkpt lat="53.30126268" lon="-121.74072713">
      </trkpt>
      <trkpt lat="53.30124939" lon="-121.73994847">
      </trkpt>
      <trkpt lat="53.30135307" lon="-121.73894424">
      </trkpt>
      <trkpt lat="53.30160124" lon="-121.73808209">
      </trkpt>
      <trkpt lat="53.30189454" lon="-121.73748442">
      </trkpt>
      <trkpt lat="53.30212489" lon="-121.73695291">
      </trkpt>
      <trkpt lat="53.30235936" lon="-121.73637113">
      </trkpt>
      <trkpt lat="53.30257108" lon="-121.73565215">
      </trkpt>
      <trkpt lat="53.30266032" lon="-121.73499538">
      </trkpt>
      <trkpt lat="53.30265629" lon="-121.7343879">
      </trkpt>
      <trkpt lat="53.30258804" lon="-121.73397626">
      </trkpt>
      <trkpt lat="53.30241485" lon="-121.73378454">
      </trkpt>
      <trkpt lat="53.30212438" lon="-121.73363457">
      </trkpt>
      <trkpt lat="53.30166123" lon="-121.73347219">
      </trkpt>
      <trkpt lat="53.30128037" lon="-121.73345096">
      </trkpt>
      <trkpt lat="53.30086419" lon="-121.73327387">
      </trkpt>
      <trkpt lat="53.30058739" lon="-121.73284352">
      </trkpt>
      <trkpt lat="53.30044332" lon="-121.73214065">
      </trkpt>
      <trkpt lat="53.30033353" lon="-121.731235">
      </trkpt>
      <trkpt lat="53.3001719" lon="-121.73037449">
      </trkpt>
      <trkpt lat="53.29986824" lon="-121.72952837">
      </trkpt>
      <trkpt lat="53.29962248" lon="-121.72880592">
      </trkpt>
      <trkpt lat="53.29939122" lon="-121.72832118">
      </trkpt>
      <trkpt lat="53.29917501" lon="-121.72792457">
      </trkpt>
      <trkpt lat="53.29880171" lon="-121.72745424">
      </trkpt>
      <trkpt lat="53.29834129" lon="-121.72687316">
      </trkpt>
      <trkpt lat="53.29765996" lon="-121.72609529">
      </trkpt>
      <trkpt lat="53.29709642" lon="-121.72545496">
      </trkpt>
      <trkpt lat="53.29668133" lon="-121.72497894">
      </trkpt>
      <trkpt lat="53.29642798" lon="-121.72470572">
      </trkpt>
      <trkpt lat="53.29602423" lon="-121.72372041">
      </trkpt>
      <trkpt lat="53.29559537" lon="-121.7226978">
      </trkpt>
      <trkpt lat="53.29541016" lon="-121.72233798">
      </trkpt>
      <trkpt lat="53.29528897" lon="-121.72194177">
      </trkpt>
      <trkpt lat="53.29513173" lon="-121.72136988">
      </trkpt>
      <trkpt lat="53.29495281" lon="-121.7206906">
      </trkpt>
      <trkpt lat="53.29480543" lon="-121.72022732">
      </trkpt>
      <trkpt lat="53.29467653" lon="-121.71978209">
      </trkpt>
      <trkpt lat="53.2945885" lon="-121.71915336">
      </trkpt>
      <trkpt lat="53.29456612" lon="-121.71836852">
      </trkpt>
      <trkpt lat="53.29454838" lon="-121.71771274">
      </trkpt>
      <trkpt lat="53.29448994" lon="-121.717081">
      </trkpt>
      <trkpt lat="53.29429772" lon="-121.71636324">
      </trkpt>
      <trkpt lat="53.29420519" lon="-121.71610364">
      </trkpt>
      <trkpt lat="53.29400812" lon="-121.71574506">
      </trkpt>
      <trkpt lat="53.29384351" lon="-121.71546288">
      </trkpt>
      <trkpt lat="53.29355624" lon="-121.71474485">
      </trkpt>
      <trkpt lat="53.29332707" lon="-121.7143198">
      </trkpt>
      <trkpt lat="53.29297597" lon="-121.71380753">
      </trkpt>
      <trkpt lat="53.29255886" lon="-121.71344146">
      </trkpt>
      <trkpt lat="53.29211522" lon="-121.7129984">
      </trkpt>
      <trkpt lat="53.29179119" lon="-121.71274242">
      </trkpt>
      <trkpt lat="53.29149173" lon="-121.71267326">
      </trkpt>
      <trkpt lat="53.29118706" lon="-121.71262455">
      </trkpt>
      <trkpt lat="53.29083416" lon="-121.71239146">
      </trkpt>
      <trkpt lat="53.29047175" lon="-121.7120597">
      </trkpt>
      <trkpt lat="53.29012457" lon="-121.71165666">
      </trkpt>
      <trkpt lat="53.28976126" lon="-121.71113574">
      </trkpt>
      <trkpt lat="53.28948438" lon="-121.71070564">
      </trkpt>
      <trkpt lat="53.28916392" lon="-121.71022021">
      </trkpt>
      <trkpt lat="53.28880686" lon="-121.70970862">
      </trkpt>
      <trkpt lat="53.28849948" lon="-121.70909236">
      </trkpt>
      <trkpt lat="53.28820734" lon="-121.70840483">
      </trkpt>
      <trkpt lat="53.28785851" lon="-121.70746407">
      </trkpt>
      <trkpt lat="53.28758035" lon="-121.70683492">
      </trkpt>
      <trkpt lat="53.28746322" lon="-121.7063886">
      </trkpt>
      <trkpt lat="53.28733819" lon="-121.70572393">
      </trkpt>
      <trkpt lat="53.28729041" lon="-121.70473261">
      </trkpt>
      <trkpt lat="53.28725893" lon="-121.70369978">
      </trkpt>
      <trkpt lat="53.28718142" lon="-121.70319962">
      </trkpt>
      <trkpt lat="53.2869233" lon="-121.70246883">
      </trkpt>
      <trkpt lat="53.28661568" lon="-121.70168334">
      </trkpt>
      <trkpt lat="53.28632869" lon="-121.70097544">
      </trkpt>
      <trkpt lat="53.2860361" lon="-121.69994934">
      </trkpt>
      <trkpt lat="53.28571299" lon="-121.69873711">
      </trkpt>
      <trkpt lat="53.28539331" lon="-121.69778353">
      </trkpt>
      <trkpt lat="53.28528597" lon="-121.69711711">
      </trkpt>
      <trkpt lat="53.28525469" lon="-121.69658238">
      </trkpt>
      <trkpt lat="53.28507562" lon="-121.69590336">
      </trkpt>
      <trkpt lat="53.28482452" lon="-121.69553054">
      </trkpt>
      <trkpt lat="53.28461288" lon="-121.69526327">
      </trkpt>
      <trkpt lat="53.28436928" lon="-121.69477016">
      </trkpt>
      <trkpt lat="53.2842184" lon="-121.69437716">
      </trkpt>
      <trkpt lat="53.28401494" lon="-121.69368073">
      </trkpt>
      <trkpt lat="53.28383209" lon="-121.6930619">
      </trkpt>
      <trkpt lat="53.28356713" lon="-121.69247137">
      </trkpt>
      <trkpt lat="53.28323563" lon="-121.69184782">
      </trkpt>
      <trkpt lat="53.28304722" lon="-121.69123953">
      </trkpt>
      <trkpt lat="53.28289973" lon="-121.69077648">
      </trkpt>
      <trkpt lat="53.28275022" lon="-121.6900945">
      </trkpt>
      <trkpt lat="53.28250219" lon="-121.68915365">
      </trkpt>
      <trkpt lat="53.28219211" lon="-121.68813947">
      </trkpt>
      <trkpt lat="53.28190034" lon="-121.68730273">
      </trkpt>
      <trkpt lat="53.28159118" lon="-121.68647773">
      </trkpt>
      <trkpt lat="53.28128635" lon="-121.68577183">
      </trkpt>
      <trkpt lat="53.28095422" lon="-121.68496914">
      </trkpt>
      <trkpt lat="53.28066288" lon="-121.68447104">
      </trkpt>
      <trkpt lat="53.28040921" lon="-121.68402887">
      </trkpt>
      <trkpt lat="53.28017595" lon="-121.68349497">
      </trkpt>
      <trkpt lat="53.28004473" lon="-121.68299046">
      </trkpt>
      <trkpt lat="53.27999672" lon="-121.68248741">
      </trkpt>
      <trkpt lat="53.27986275" lon="-121.68174414">
      </trkpt>
      <trkpt lat="53.27967067" lon="-121.68103671">
      </trkpt>
      <trkpt lat="53.27930893" lon="-121.68023711">
      </trkpt>
      <trkpt lat="53.2788414" lon="-121.67946828">
      </trkpt>
      <trkpt lat="53.27850753" lon="-121.67894473">
      </trkpt>
      <trkpt lat="53.27816014" lon="-121.67821342">
      </trkpt>
      <trkpt lat="53.2777822" lon="-121.67729602">
      </trkpt>
      <trkpt lat="53.27745752" lon="-121.67637316">
      </trkpt>
      <trkpt lat="53.27719647" lon="-121.67557034">
      </trkpt>
      <trkpt lat="53.27709771" lon="-121.67448783">
      </trkpt>
      <trkpt lat="53.27708904" lon="-121.67376165">
      </trkpt>
      <trkpt lat="53.27710052" lon="-121.67326249">
      </trkpt>
      <trkpt lat="53.27689669" lon="-121.67239699">
      </trkpt>
      <trkpt lat="53.27654346" lon="-121.67150701">
      </trkpt>
      <trkpt lat="53.27624252" lon="-121.67091045">
      </trkpt>
      <trkpt lat="53.27587396" lon="-121.67025113">
      </trkpt>
      <trkpt lat="53.27567819" lon="-121.6699326">
      </trkpt>
      <trkpt lat="53.27546323" lon="-121.66957621">
      </trkpt>
      <trkpt lat="53.27529512" lon="-121.66936442">
      </trkpt>
      <trkpt lat="53.27502896" lon="-121.66923242">
      </trkpt>
      <trkpt lat="53.27471124" lon="-121.66931484">
      </trkpt>
      <trkpt lat="53.27430126" lon="-121.6696358">
      </trkpt>
      <trkpt lat="53.27405696" lon="-121.66993975">
      </trkpt>
      <trkpt lat="53.27381145" lon="-121.67037326">
      </trkpt>
      <trkpt lat="53.27356111" lon="-121.67083717">
      </trkpt>
      <trkpt lat="53.2733301" lon="-121.67166755">
      </trkpt>
      <trkpt lat="53.27323734" lon="-121.67254349">
      </trkpt>
      <trkpt lat="53.27315086" lon="-121.67342874">
      </trkpt>
      <trkpt lat="53.27308926" lon="-121.67418197">
      </trkpt>
      <trkpt lat="53.27302718" lon="-121.67459665">
      </trkpt>
      <trkpt lat="53.27300615" lon="-121.67499716">
      </trkpt>
      <trkpt lat="53.27295528" lon="-121.6757194">
      </trkpt>
      <trkpt lat="53.27280152" lon="-121.67655179">
      </trkpt>
      <trkpt lat="53.27256395" lon="-121.67720354">
      </trkpt>
      <trkpt lat="53.272284" lon="-121.67767041">
      </trkpt>
      <trkpt lat="53.27192517" lon="-121.6782549">
      </trkpt>
      <trkpt lat="53.27163302" lon="-121.67871306">
      </trkpt>
      <trkpt lat="53.27143242" lon="-121.67891286">
      </trkpt>
      <trkpt lat="53.2712283" lon="-121.67934207">
      </trkpt>
      <trkpt lat="53.27101307" lon="-121.67979233">
      </trkpt>
      <trkpt lat="53.27083335" lon="-121.68023895">
      </trkpt>
      <trkpt lat="53.27064138" lon="-121.68116479">
      </trkpt>
      <trkpt lat="53.27046644" lon="-121.68206898">
      </trkpt>
      <trkpt lat="53.27032713" lon="-121.68281019">
      </trkpt>
      <trkpt lat="53.27018845" lon="-121.68324262">
      </trkpt>
      <trkpt lat="53.27000387" lon="-121.68371958">
      </trkpt>
      <trkpt lat="53.26967534" lon="-121.68432081">
      </trkpt>
      <trkpt lat="53.2693903" lon="-121.68464871">
      </trkpt>
      <trkpt lat="53.26906109" lon="-121.68474214">
      </trkpt>
      <trkpt lat="53.26868771" lon="-121.68460111">
      </trkpt>
      <trkpt lat="53.26830552" lon="-121.68438132">
      </trkpt>
      <trkpt lat="53.26798431" lon="-121.68420508">
      </trkpt>
      <trkpt lat="53.26747713" lon="-121.68397817">
      </trkpt>
      <trkpt lat="53.26701752" lon="-121.68391568">
      </trkpt>
      <trkpt lat="53.26659268" lon="-121.68382971">
      </trkpt>
      <trkpt lat="53.26616676" lon="-121.68371399">
      </trkpt>
      <trkpt lat="53.26587356" lon="-121.68365439">
      </trkpt>
      <trkpt lat="53.26557782" lon="-121.68352535">
      </trkpt>
      <trkpt lat="53.26540007" lon="-121.68337427">
      </trkpt>
      <trkpt lat="53.26534225" lon="-121.68309143">
      </trkpt>
      <trkpt lat="53.26525268" lon="-121.68275211">
      </trkpt>
      <trkpt lat="53.26514269" lon="-121.68250449">
      </trkpt>
      <trkpt lat="53.26502692" lon="-121.68209815">
      </trkpt>
      <trkpt lat="53.26490378" lon="-121.68165275">
      </trkpt>
      <trkpt lat="53.26475069" lon="-121.68120045">
      </trkpt>
      <trkpt lat="53.26469156" lon="-121.68071863">
      </trkpt>
      <trkpt lat="53.26461141" lon="-121.68014935">
      </trkpt>
      <trkpt lat="53.26456257" lon="-121.67978982">
      </trkpt>
      <trkpt lat="53.26455313" lon="-121.67952804">
      </trkpt>
      <trkpt lat="53.26450158" lon="-121.67925453">
      </trkpt>
      <trkpt lat="53.26436308" lon="-121.67903972">
      </trkpt>
      <trkpt lat="53.26428001" lon="-121.67887897">
      </trkpt>
      <trkpt lat="53.2642473" lon="-121.6786334">
      </trkpt>
      <trkpt lat="53.2642588" lon="-121.67813438">
      </trkpt>
      <trkpt lat="53.26440085" lon="-121.67763196">
      </trkpt>
      <trkpt lat="53.26450353" lon="-121.67686472">
      </trkpt>
      <trkpt lat="53.26459655" lon="-121.67615822">
      </trkpt>
      <trkpt lat="53.26466251" lon="-121.67552418">
      </trkpt>
      <trkpt lat="53.26467279" lon="-121.67515472">
      </trkpt>
      <trkpt lat="53.26466604" lon="-121.67480693">
      </trkpt>
      <trkpt lat="53.26466787" lon="-121.67436864">
      </trkpt>
      <trkpt lat="53.264657" lon="-121.67407105">
      </trkpt>
      <trkpt lat="53.26455159" lon="-121.67362385">
      </trkpt>
      <trkpt lat="53.26446186" lon="-121.67344387">
      </trkpt>
      <trkpt lat="53.26445281" lon="-121.67319588">
      </trkpt>
      <trkpt lat="53.26453663" lon="-121.67288859">
      </trkpt>
      <trkpt lat="53.26464937" lon="-121.6724733">
      </trkpt>
      <trkpt lat="53.26467157" lon="-121.67217033">
      </trkpt>
      <trkpt lat="53.26466633" lon="-121.67199051">
      </trkpt>
      <trkpt lat="53.26465994" lon="-121.67188477">
      </trkpt>
      <trkpt lat="53.26466811" lon="-121.67165293">
      </trkpt>
      <trkpt lat="53.26468615" lon="-121.67117116">
      </trkpt>
      <trkpt lat="53.26470929" lon="-121.67069883">
      </trkpt>
      <trkpt lat="53.26474506" lon="-121.67024709">
      </trkpt>
      <trkpt lat="53.26479631" lon="-121.66966633">
      </trkpt>
      <trkpt lat="53.26482256" lon="-121.66937688">
      </trkpt>
      <trkpt lat="53.26484361" lon="-121.66910787">
      </trkpt>
      <trkpt lat="53.26485011" lon="-121.6688304">
      </trkpt>
      <trkpt lat="53.26484257" lon="-121.66862407">
      </trkpt>
      <trkpt lat="53.26479051" lon="-121.66840239">
      </trkpt>
      <trkpt lat="53.26473133" lon="-121.66811574">
      </trkpt>
      <trkpt lat="53.26470169" lon="-121.66788978">
      </trkpt>
      <trkpt lat="53.26473963" lon="-121.66769273">
      </trkpt>
      <trkpt lat="53.26483922" lon="-121.66742759">
      </trkpt>
      <trkpt lat="53.26491406" lon="-121.66713513">
      </trkpt>
      <trkpt lat="53.26495804" lon="-121.66687572">
      </trkpt>
      <trkpt lat="53.26497734" lon="-121.6665591">
      </trkpt>
      <trkpt lat="53.26498227" lon="-121.66640128">
      </trkpt>
      <trkpt lat="53.26499414" lon="-121.66623875">
      </trkpt>
      <trkpt lat="53.26500618" lon="-121.66595075">
      </trkpt>
      <trkpt lat="53.26499622" lon="-121.66571082">
      </trkpt>
      <trkpt lat="53.26493744" lon="-121.66537036">
      </trkpt>
      <trkpt lat="53.26487448" lon="-121.66498054">
      </trkpt>
      <trkpt lat="53.26481586" lon="-121.66451461">
      </trkpt>
      <trkpt lat="53.2647622" lon="-121.66415172">
      </trkpt>
      <trkpt lat="53.26470378" lon="-121.66391876">
      </trkpt>
      <trkpt lat="53.26463049" lon="-121.66370127">
      </trkpt>
      <trkpt lat="53.26453048" lon="-121.66340288">
      </trkpt>
      <trkpt lat="53.26440953" lon="-121.66311662">
      </trkpt>
      <trkpt lat="53.26430704" lon="-121.66297781">
      </trkpt>
      <trkpt lat="53.26410875" lon="-121.66275326">
      </trkpt>
      <trkpt lat="53.26396078" lon="-121.66260519">
      </trkpt>
      <trkpt lat="53.26389989" lon="-121.66253179">
      </trkpt>
      <trkpt lat="53.26371583" lon="-121.66227393">
      </trkpt>
      <trkpt lat="53.26362408" lon="-121.66210414">
      </trkpt>
      <trkpt lat="53.26352788" lon="-121.66184521">
      </trkpt>
      <trkpt lat="53.26343047" lon="-121.66152068">
      </trkpt>
      <trkpt lat="53.26337421" lon="-121.66137911">
      </trkpt>
      <trkpt lat="53.26327846" lon="-121.66122966">
      </trkpt>
      <trkpt lat="53.26316887" lon="-121.66109158">
      </trkpt>
      <trkpt lat="53.26300695" lon="-121.66088721">
      </trkpt>
      <trkpt lat="53.26277" lon="-121.66064475">
      </trkpt>
      <trkpt lat="53.26249347" lon="-121.66039242">
      </trkpt>
      <trkpt lat="53.26237994" lon="-121.66027667">
      </trkpt>
      <trkpt lat="53.26223352" lon="-121.6601384">
      </trkpt>
      <trkpt lat="53.26197301" lon="-121.65993421">
      </trkpt>
      <trkpt lat="53.26176851" lon="-121.65970237">
      </trkpt>
      <trkpt lat="53.26170561" lon="-121.65963915">
      </trkpt>
      <trkpt lat="53.26152083" lon="-121.65945904">
      </trkpt>
      <trkpt lat="53.26127811" lon="-121.65931875">
      </trkpt>
      <trkpt lat="53.26106453" lon="-121.65916351">
      </trkpt>
      <trkpt lat="53.26091695" lon="-121.65903783">
      </trkpt>
      <trkpt lat="53.2607601" lon="-121.65894938">
      </trkpt>
      <trkpt lat="53.2605682" lon="-121.65889944">
      </trkpt>
      <trkpt lat="53.26036001" lon="-121.65889101">
      </trkpt>
      <trkpt lat="53.26010167" lon="-121.65864878">
      </trkpt>
      <trkpt lat="53.25978452" lon="-121.65842257">
      </trkpt>
      <trkpt lat="53.25964042" lon="-121.65821837">
      </trkpt>
      <trkpt lat="53.25940238" lon="-121.65804376">
      </trkpt>
      <trkpt lat="53.25913838" lon="-121.65797137">
      </trkpt>
      <trkpt lat="53.25891617" lon="-121.65790465">
      </trkpt>
      <trkpt lat="53.25868576" lon="-121.65793833">
      </trkpt>
      <trkpt lat="53.25852672" lon="-121.6579746">
      </trkpt>
      <trkpt lat="53.25832527" lon="-121.6578261">
      </trkpt>
      <trkpt lat="53.25808385" lon="-121.65772153">
      </trkpt>
      <trkpt lat="53.25786356" lon="-121.65754511">
      </trkpt>
      <trkpt lat="53.25768095" lon="-121.65742452">
      </trkpt>
      <trkpt lat="53.25758783" lon="-121.65731465">
      </trkpt>
      <trkpt lat="53.257429" lon="-121.65703234">
      </trkpt>
      <trkpt lat="53.25722354" lon="-121.65677475">
      </trkpt>
      <trkpt lat="53.25706325" lon="-121.65645277">
      </trkpt>
      <trkpt lat="53.2568974" lon="-121.65614133">
      </trkpt>
      <trkpt lat="53.25672346" lon="-121.65577099">
      </trkpt>
      <trkpt lat="53.25656653" lon="-121.65537899">
      </trkpt>
      <trkpt lat="53.25639513" lon="-121.6550781">
      </trkpt>
      <trkpt lat="53.25623956" lon="-121.65488506">
      </trkpt>
      <trkpt lat="53.25601189" lon="-121.65466959">
      </trkpt>
      <trkpt lat="53.25581572" lon="-121.65434138">
      </trkpt>
      <trkpt lat="53.25564058" lon="-121.65410059">
      </trkpt>
      <trkpt lat="53.25545278" lon="-121.65400048">
      </trkpt>
      <trkpt lat="53.25526389" lon="-121.65387061">
      </trkpt>
      <trkpt lat="53.25501254" lon="-121.65365759">
      </trkpt>
      <trkpt lat="53.25479889" lon="-121.65350043">
      </trkpt>
      <trkpt lat="53.25463704" lon="-121.6532981">
      </trkpt>
      <trkpt lat="53.25445006" lon="-121.65305855">
      </trkpt>
      <trkpt lat="53.2541958" lon="-121.6527662">
      </trkpt>
      <trkpt lat="53.2539116" lon="-121.65246699">
      </trkpt>
      <trkpt lat="53.25368056" lon="-121.65232157">
      </trkpt>
      <trkpt lat="53.25344951" lon="-121.65217617">
      </trkpt>
      <trkpt lat="53.25327427" lon="-121.65209468">
      </trkpt>
      <trkpt lat="53.25302849" lon="-121.65187116">
      </trkpt>
      <trkpt lat="53.25285625" lon="-121.65170973">
      </trkpt>
      <trkpt lat="53.25271906" lon="-121.65169401">
      </trkpt>
      <trkpt lat="53.25254372" lon="-121.65177181">
      </trkpt>
      <trkpt lat="53.2523743" lon="-121.65184898">
      </trkpt>
      <trkpt lat="53.25219787" lon="-121.65189704">
      </trkpt>
      <trkpt lat="53.25206105" lon="-121.65189123">
      </trkpt>
      <trkpt lat="53.25194898" lon="-121.65191273">
      </trkpt>
      <trkpt lat="53.25180286" lon="-121.65197757">
      </trkpt>
      <trkpt lat="53.25160122" lon="-121.65214764">
      </trkpt>
      <trkpt lat="53.25148278" lon="-121.65231912">
      </trkpt>
      <trkpt lat="53.25136579" lon="-121.65253025">
      </trkpt>
      <trkpt lat="53.25127465" lon="-121.65279844">
      </trkpt>
      <trkpt lat="53.25118206" lon="-121.65302696">
      </trkpt>
      <trkpt lat="53.25106326" lon="-121.65318851">
      </trkpt>
      <trkpt lat="53.25090858" lon="-121.6533438">
      </trkpt>
      <trkpt lat="53.2507388" lon="-121.65341107">
      </trkpt>
      <trkpt lat="53.25054498" lon="-121.65347085">
      </trkpt>
      <trkpt lat="53.25042809" lon="-121.65352269">
      </trkpt>
      <trkpt lat="53.25028379" lon="-121.6536371">
      </trkpt>
      <trkpt lat="53.25010026" lon="-121.65381526">
      </trkpt>
      <trkpt lat="53.24994558" lon="-121.65397055">
      </trkpt>
      <trkpt lat="53.24975914" lon="-121.65406937">
      </trkpt>
      <trkpt lat="53.24952909" lon="-121.65411298">
      </trkpt>
      <trkpt lat="53.24931196" lon="-121.65418512">
      </trkpt>
      <trkpt lat="53.24912033" lon="-121.65430438">
      </trkpt>
      <trkpt lat="53.24899233" lon="-121.65437729">
      </trkpt>
      <trkpt lat="53.24885322" lon="-121.65447125">
      </trkpt>
      <trkpt lat="53.24869346" lon="-121.6544877">
      </trkpt>
      <trkpt lat="53.24852221" lon="-121.65451528">
      </trkpt>
      <trkpt lat="53.2483406" lon="-121.65458375">
      </trkpt>
      <trkpt lat="53.24820076" lon="-121.65465787">
      </trkpt>
      <trkpt lat="53.24810007" lon="-121.6548275">
      </trkpt>
      <trkpt lat="53.24797488" lon="-121.65513897">
      </trkpt>
      <trkpt lat="53.24779644" lon="-121.65545594">
      </trkpt>
      <trkpt lat="53.24762691" lon="-121.65569236">
      </trkpt>
      <trkpt lat="53.24740859" lon="-121.655894">
      </trkpt>
      <trkpt lat="53.24719703" lon="-121.65595558">
      </trkpt>
      <trkpt lat="53.24695187" lon="-121.65591115">
      </trkpt>
      <trkpt lat="53.24672046" lon="-121.65575583">
      </trkpt>
      <trkpt lat="53.24652975" lon="-121.65557642">
      </trkpt>
      <trkpt lat="53.24633905" lon="-121.655397">
      </trkpt>
      <trkpt lat="53.24623566" lon="-121.65512331">
      </trkpt>
      <trkpt lat="53.24611505" lon="-121.6546338">
      </trkpt>
      <trkpt lat="53.2459919" lon="-121.65402943">
      </trkpt>
      <trkpt lat="53.24591526" lon="-121.6535596">
      </trkpt>
      <trkpt lat="53.24577592" lon="-121.65283747">
      </trkpt>
      <trkpt lat="53.24569555" lon="-121.65242773">
      </trkpt>
      <trkpt lat="53.24566214" lon="-121.65200323">
      </trkpt>
      <trkpt lat="53.24565642" lon="-121.65168533">
      </trkpt>
      <trkpt lat="53.24571505" lon="-121.6513409">
      </trkpt>
      <trkpt lat="53.24585626" lon="-121.65081877">
      </trkpt>
      <trkpt lat="53.24599555" lon="-121.6504063">
      </trkpt>
      <trkpt lat="53.24614375" lon="-121.6499133">
      </trkpt>
      <trkpt lat="53.24629123" lon="-121.64940046">
      </trkpt>
      <trkpt lat="53.24639137" lon="-121.6488925">
      </trkpt>
      <trkpt lat="53.24641941" lon="-121.64836212">
      </trkpt>
      <trkpt lat="53.24642114" lon="-121.64792402">
      </trkpt>
      <trkpt lat="53.24641694" lon="-121.64748654">
      </trkpt>
      <trkpt lat="53.24639937" lon="-121.64716986">
      </trkpt>
      <trkpt lat="53.24638444" lon="-121.64676334">
      </trkpt>
      <trkpt lat="53.24635657" lon="-121.6463283">
      </trkpt>
      <trkpt lat="53.24630775" lon="-121.64564659">
      </trkpt>
      <trkpt lat="53.24628625" lon="-121.6450616">
      </trkpt>
      <trkpt lat="53.24622669" lon="-121.64441088">
      </trkpt>
      <trkpt lat="53.24617187" lon="-121.64388903">
      </trkpt>
      <trkpt lat="53.24608418" lon="-121.64328103">
      </trkpt>
      <trkpt lat="53.2460248" lon="-121.64295872">
      </trkpt>
      <trkpt lat="53.24589961" lon="-121.64262329">
      </trkpt>
      <trkpt lat="53.24579326" lon="-121.6423158">
      </trkpt>
      <trkpt lat="53.24563848" lon="-121.64198345">
      </trkpt>
      <trkpt lat="53.24549144" lon="-121.64170005">
      </trkpt>
      <trkpt lat="53.24534951" lon="-121.64155548">
      </trkpt>
      <trkpt lat="53.24510961" lon="-121.64133144">
      </trkpt>
      <trkpt lat="53.24472515" lon="-121.64105267">
      </trkpt>
      <trkpt lat="53.24433331" lon="-121.64073487">
      </trkpt>
      <trkpt lat="53.24385425" lon="-121.64030666">
      </trkpt>
      <trkpt lat="53.24354334" lon="-121.64008997">
      </trkpt>
      <trkpt lat="53.2433182" lon="-121.63994404">
      </trkpt>
      <trkpt lat="53.24304462" lon="-121.63977327">
      </trkpt>
      <trkpt lat="53.24272006" lon="-121.63950825">
      </trkpt>
      <trkpt lat="53.2424898" lon="-121.63922353">
      </trkpt>
      <trkpt lat="53.24232756" lon="-121.63901142">
      </trkpt>
      <trkpt lat="53.24216897" lon="-121.63889843">
      </trkpt>
      <trkpt lat="53.24191467" lon="-121.63860625">
      </trkpt>
      <trkpt lat="53.24165929" lon="-121.63828434">
      </trkpt>
      <trkpt lat="53.24144387" lon="-121.63791849">
      </trkpt>
      <trkpt lat="53.24122253" lon="-121.63755326">
      </trkpt>
      <trkpt lat="53.24101484" lon="-121.63723637">
      </trkpt>
      <trkpt lat="53.24082863" lon="-121.63685756">
      </trkpt>
      <trkpt lat="53.2406376" lon="-121.63650911">
      </trkpt>
      <trkpt lat="53.24047133" lon="-121.63618795">
      </trkpt>
      <trkpt lat="53.24033283" lon="-121.63581416">
      </trkpt>
      <trkpt lat="53.24010162" lon="-121.63518129">
      </trkpt>
      <trkpt lat="53.23988596" lon="-121.6344871">
      </trkpt>
      <trkpt lat="53.23977221" lon="-121.63414062">
      </trkpt>
      <trkpt lat="53.23960849" lon="-121.63388888">
      </trkpt>
      <trkpt lat="53.23948321" lon="-121.63371276">
      </trkpt>
      <trkpt lat="53.23930832" lon="-121.6336413">
      </trkpt>
      <trkpt lat="53.23905942" lon="-121.63365711">
      </trkpt>
      <trkpt lat="53.23886489" lon="-121.63369714">
      </trkpt>
      <trkpt lat="53.23861935" lon="-121.63364293">
      </trkpt>
      <trkpt lat="53.23842672" lon="-121.6335733">
      </trkpt>
      <trkpt lat="53.23817965" lon="-121.63363867">
      </trkpt>
      <trkpt lat="53.23788561" lon="-121.63371884">
      </trkpt>
      <trkpt lat="53.23760823" lon="-121.63376744">
      </trkpt>
      <trkpt lat="53.23734086" lon="-121.63376524">
      </trkpt>
      <trkpt lat="53.23700138" lon="-121.63374067">
      </trkpt>
      <trkpt lat="53.23674175" lon="-121.63378743">
      </trkpt>
      <trkpt lat="53.23654904" lon="-121.63387702">
      </trkpt>
      <trkpt lat="53.23629708" lon="-121.63413193">
      </trkpt>
      <trkpt lat="53.23607215" lon="-121.63431442">
      </trkpt>
      <trkpt lat="53.23585497" lon="-121.63454583">
      </trkpt>
      <trkpt lat="53.23568922" lon="-121.63472219">
      </trkpt>
      <trkpt lat="53.23545866" lon="-121.63507439">
      </trkpt>
      <trkpt lat="53.23531504" lon="-121.63536785">
      </trkpt>
      <trkpt lat="53.23507813" lon="-121.63586996">
      </trkpt>
      <trkpt lat="53.23485795" lon="-121.63618127">
      </trkpt>
      <trkpt lat="53.23459817" lon="-121.63654644">
      </trkpt>
      <trkpt lat="53.2342863" lon="-121.63678763">
      </trkpt>
      <trkpt lat="53.23391007" lon="-121.63705537">
      </trkpt>
      <trkpt lat="53.23365446" lon="-121.63721114">
      </trkpt>
      <trkpt lat="53.23340878" lon="-121.63747532">
      </trkpt>
      <trkpt lat="53.23322746" lon="-121.63771296">
      </trkpt>
      <trkpt lat="53.23319309" lon="-121.63778301">
      </trkpt>
      <trkpt lat="53.23315999" lon="-121.63786095">
      </trkpt>
      <trkpt lat="53.23313326" lon="-121.6379234">
      </trkpt>
      <trkpt lat="53.23307824" lon="-121.63837505">
      </trkpt>
      <trkpt lat="53.23307636" lon="-121.63880898">
      </trkpt>
      <trkpt lat="53.23305422" lon="-121.6391777">
      </trkpt>
      <trkpt lat="53.23300041" lon="-121.63953473">
      </trkpt>
      <trkpt lat="53.23297997" lon="-121.63982849">
      </trkpt>
      <trkpt lat="53.23295069" lon="-121.64000351">
      </trkpt>
      <trkpt lat="53.23290467" lon="-121.64032983">
      </trkpt>
      <trkpt lat="53.23285919" lon="-121.64067104">
      </trkpt>
      <trkpt lat="53.23279456" lon="-121.64097684">
      </trkpt>
      <trkpt lat="53.23273908" lon="-121.64128917">
      </trkpt>
      <trkpt lat="53.23268526" lon="-121.64164621">
      </trkpt>
      <trkpt lat="53.23264922" lon="-121.64200139">
      </trkpt>
      <trkpt lat="53.23261462" lon="-121.64227417">
      </trkpt>
      <trkpt lat="53.23257078" lon="-121.64266008">
      </trkpt>
      <trkpt lat="53.23254226" lon="-121.64297711">
      </trkpt>
      <trkpt lat="53.23249342" lon="-121.64334857">
      </trkpt>
      <trkpt lat="53.2323822" lon="-121.64396577">
      </trkpt>
      <trkpt lat="53.23229108" lon="-121.64440141">
      </trkpt>
      <trkpt lat="53.23220138" lon="-121.64475467">
      </trkpt>
      <trkpt lat="53.232147" lon="-121.64509678">
      </trkpt>
      <trkpt lat="53.23208345" lon="-121.64543237">
      </trkpt>
      <trkpt lat="53.23199561" lon="-121.64595741">
      </trkpt>
      <trkpt lat="53.23188922" lon="-121.64634229">
      </trkpt>
      <trkpt lat="53.23176723" lon="-121.64678859">
      </trkpt>
      <trkpt lat="53.23168199" lon="-121.64714136">
      </trkpt>
      <trkpt lat="53.23156533" lon="-121.6474899">
      </trkpt>
      <trkpt lat="53.23141836" lon="-121.64786398">
      </trkpt>
      <trkpt lat="53.23124942" lon="-121.6482478">
      </trkpt>
      <trkpt lat="53.23112024" lon="-121.64862006">
      </trkpt>
      <trkpt lat="53.2310044" lon="-121.64899093">
      </trkpt>
      <trkpt lat="53.23089992" lon="-121.64942793">
      </trkpt>
      <trkpt lat="53.23073926" lon="-121.64991559">
      </trkpt>
      <trkpt lat="53.23058661" lon="-121.65049962">
      </trkpt>
      <trkpt lat="53.2304973" lon="-121.65110704">
      </trkpt>
      <trkpt lat="53.230351" lon="-121.65174274">
      </trkpt>
      <trkpt lat="53.23028353" lon="-121.65209368">
      </trkpt>
      <trkpt lat="53.23018827" lon="-121.65241754">
      </trkpt>
      <trkpt lat="53.23002178" lon="-121.65286839">
      </trkpt>
      <trkpt lat="53.22985721" lon="-121.65337137">
      </trkpt>
      <trkpt lat="53.22973847" lon="-121.65390703">
      </trkpt>
      <trkpt lat="53.2296096" lon="-121.65465309">
      </trkpt>
      <trkpt lat="53.22947715" lon="-121.65578834">
      </trkpt>
      <trkpt lat="53.22942507" lon="-121.65680315">
      </trkpt>
      <trkpt lat="53.22944959" lon="-121.65759323">
      </trkpt>
      <trkpt lat="53.22949539" lon="-121.65811194">
      </trkpt>
      <trkpt lat="53.22958766" lon="-121.65855857">
      </trkpt>
      <trkpt lat="53.22969553" lon="-121.65894378">
      </trkpt>
      <trkpt lat="53.22984363" lon="-121.65945197">
      </trkpt>
      <trkpt lat="53.23005562" lon="-121.65999847">
      </trkpt>
      <trkpt lat="53.23018163" lon="-121.66041856">
      </trkpt>
      <trkpt lat="53.23022707" lon="-121.66090058">
      </trkpt>
      <trkpt lat="53.23023655" lon="-121.66128096">
      </trkpt>
      <trkpt lat="53.230196" lon="-121.66163657">
      </trkpt>
      <trkpt lat="53.23012651" lon="-121.66205497">
      </trkpt>
      <trkpt lat="53.23009286" lon="-121.66247717">
      </trkpt>
      <trkpt lat="53.2300103" lon="-121.6629044">
      </trkpt>
      <trkpt lat="53.22992246" lon="-121.66330973">
      </trkpt>
      <trkpt lat="53.22981991" lon="-121.66367917">
      </trkpt>
      <trkpt lat="53.22966165" lon="-121.6642338">
      </trkpt>
      <trkpt lat="53.22956901" lon="-121.66475179">
      </trkpt>
      <trkpt lat="53.22950804" lon="-121.66528146">
      </trkpt>
      <trkpt lat="53.22950617" lon="-121.66596209">
      </trkpt>
      <trkpt lat="53.22949021" lon="-121.6665021">
      </trkpt>
      <trkpt lat="53.22946255" lon="-121.66708817">
      </trkpt>
      <trkpt lat="53.22943679" lon="-121.6677264">
      </trkpt>
      <trkpt lat="53.22941457" lon="-121.66846146">
      </trkpt>
      <trkpt lat="53.22942094" lon="-121.66887953">
      </trkpt>
      <trkpt lat="53.2294312" lon="-121.66928226">
      </trkpt>
      <trkpt lat="53.22944854" lon="-121.66951227">
      </trkpt>
      <trkpt lat="53.2294726" lon="-121.67004817">
      </trkpt>
      <trkpt lat="53.22947052" lon="-121.67060171">
      </trkpt>
      <trkpt lat="53.22943567" lon="-121.67111374">
      </trkpt>
      <trkpt lat="53.22934662" lon="-121.6716089">
      </trkpt>
      <trkpt lat="53.22919613" lon="-121.67213279">
      </trkpt>
      <trkpt lat="53.22906106" lon="-121.67246815">
      </trkpt>
      <trkpt lat="53.22877251" lon="-121.67287907">
      </trkpt>
      <trkpt lat="53.228568" lon="-121.67314678">
      </trkpt>
      <trkpt lat="53.22826229" lon="-121.67345477">
      </trkpt>
      <trkpt lat="53.22802639" lon="-121.67371822">
      </trkpt>
      <trkpt lat="53.22779347" lon="-121.6740636">
      </trkpt>
      <trkpt lat="53.22757852" lon="-121.67453425">
      </trkpt>
      <trkpt lat="53.22743101" lon="-121.67514004">
      </trkpt>
      <trkpt lat="53.22735682" lon="-121.67579812">
      </trkpt>
      <trkpt lat="53.22726757" lon="-121.67653253">
      </trkpt>
      <trkpt lat="53.22717504" lon="-121.67717754">
      </trkpt>
      <trkpt lat="53.22707997" lon="-121.67787516">
      </trkpt>
      <trkpt lat="53.22701277" lon="-121.67848018">
      </trkpt>
      <trkpt lat="53.22702617" lon="-121.6790919">
      </trkpt>
      <trkpt lat="53.2271501" lon="-121.679797">
      </trkpt>
      <trkpt lat="53.22721897" lon="-121.68021614">
      </trkpt>
      <trkpt lat="53.22726949" lon="-121.68062219">
      </trkpt>
      <trkpt lat="53.22730749" lon="-121.68105196">
      </trkpt>
      <trkpt lat="53.22729374" lon="-121.68153189">
      </trkpt>
      <trkpt lat="53.22725568" lon="-121.68183486">
      </trkpt>
      <trkpt lat="53.22717468" lon="-121.68230671">
      </trkpt>
      <trkpt lat="53.22706036" lon="-121.68272215">
      </trkpt>
      <trkpt lat="53.22696319" lon="-121.68324052">
      </trkpt>
      <trkpt lat="53.22688462" lon="-121.68377941">
      </trkpt>
      <trkpt lat="53.22679433" lon="-121.68436434">
      </trkpt>
      <trkpt lat="53.22672801" lon="-121.68487207">
      </trkpt>
      <trkpt lat="53.2265914" lon="-121.68565614">
      </trkpt>
      <trkpt lat="53.2264953" lon="-121.68620428">
      </trkpt>
      <trkpt lat="53.22637507" lon="-121.68670255">
      </trkpt>
      <trkpt lat="53.22629496" lon="-121.68707709">
      </trkpt>
      <trkpt lat="53.22622028" lon="-121.68760061">
      </trkpt>
      <trkpt lat="53.22621931" lon="-121.68806425">
      </trkpt>
      <trkpt lat="53.22626524" lon="-121.6885904">
      </trkpt>
      <trkpt lat="53.22634178" lon="-121.68909848">
      </trkpt>
      <trkpt lat="53.22646837" lon="-121.68987808">
      </trkpt>
      <trkpt lat="53.22655005" lon="-121.6905277">
      </trkpt>
      <trkpt lat="53.2266166" lon="-121.69100689">
      </trkpt>
      <trkpt lat="53.22666367" lon="-121.69119648">
      </trkpt>
      <trkpt lat="53.22679334" lon="-121.69193839">
      </trkpt>
      <trkpt lat="53.22687876" lon="-121.69244557">
      </trkpt>
      <trkpt lat="53.22700543" lon="-121.69310555">
      </trkpt>
      <trkpt lat="53.22712859" lon="-121.6936687">
      </trkpt>
      <trkpt lat="53.22723938" lon="-121.69438265">
      </trkpt>
      <trkpt lat="53.22732547" lon="-121.69503182">
      </trkpt>
      <trkpt lat="53.22738152" lon="-121.69571397">
      </trkpt>
      <trkpt lat="53.22742361" lon="-121.69621498">
      </trkpt>
      <trkpt lat="53.22743799" lon="-121.69653066">
      </trkpt>
      <trkpt lat="53.22745071" lon="-121.69688079">
      </trkpt>
      <trkpt lat="53.22738094" lon="-121.697172">
      </trkpt>
      <trkpt lat="53.22729364" lon="-121.6974725">
      </trkpt>
      <trkpt lat="53.2271469" lon="-121.69773418">
      </trkpt>
      <trkpt lat="53.2269654" lon="-121.69802185">
      </trkpt>
      <trkpt lat="53.2267336" lon="-121.69827725">
      </trkpt>
      <trkpt lat="53.22652661" lon="-121.69847777">
      </trkpt>
      <trkpt lat="53.22640025" lon="-121.69861778">
      </trkpt>
      <trkpt lat="53.22619496" lon="-121.69881064">
      </trkpt>
      <trkpt lat="53.2259718" lon="-121.69905766">
      </trkpt>
      <trkpt lat="53.22566548" lon="-121.69935055">
      </trkpt>
      <trkpt lat="53.22544917" lon="-121.69959236">
      </trkpt>
      <trkpt lat="53.2251368" lon="-121.6999128">
      </trkpt>
      <trkpt lat="53.22489194" lon="-121.70017698">
      </trkpt>
      <trkpt lat="53.22471271" lon="-121.70040457">
      </trkpt>
      <trkpt lat="53.22453201" lon="-121.70071454">
      </trkpt>
      <trkpt lat="53.22437327" lon="-121.70101481">
      </trkpt>
      <trkpt lat="53.22422613" lon="-121.70138866">
      </trkpt>
      <trkpt lat="53.224107" lon="-121.70155031">
      </trkpt>
      <trkpt lat="53.2239895" lon="-121.70175665">
      </trkpt>
      <trkpt lat="53.22385865" lon="-121.70196435">
      </trkpt>
      <trkpt lat="53.22370973" lon="-121.70216642">
      </trkpt>
      <trkpt lat="53.2235464" lon="-121.70234004">
      </trkpt>
      <trkpt lat="53.22330382" lon="-121.70254415">
      </trkpt>
      <trkpt lat="53.22319358" lon="-121.7027049">
      </trkpt>
      <trkpt lat="53.22305182" lon="-121.70298098">
      </trkpt>
      <trkpt lat="53.22288782" lon="-121.70325933">
      </trkpt>
      <trkpt lat="53.22272463" lon="-121.70356002">
      </trkpt>
      <trkpt lat="53.22259768" lon="-121.70375237">
      </trkpt>
      <trkpt lat="53.22243891" lon="-121.70380591">
      </trkpt>
      <trkpt lat="53.22224739" lon="-121.70381791">
      </trkpt>
      <trkpt lat="53.22196556" lon="-121.70380174">
      </trkpt>
      <trkpt lat="53.22174654" lon="-121.70379412">
      </trkpt>
      <trkpt lat="53.2215902" lon="-121.70391469">
      </trkpt>
      <trkpt lat="53.22146744" lon="-121.70409913">
      </trkpt>
      <trkpt lat="53.22139332" lon="-121.70427113">
      </trkpt>
      <trkpt lat="53.22135223" lon="-121.7044921">
      </trkpt>
      <trkpt lat="53.22128837" lon="-121.70470045">
      </trkpt>
      <trkpt lat="53.22126223" lon="-121.70496475">
      </trkpt>
      <trkpt lat="53.22126253" lon="-121.70521889">
      </trkpt>
      <trkpt lat="53.22130474" lon="-121.70552111">
      </trkpt>
      <trkpt lat="53.22137862" lon="-121.70583504">
      </trkpt>
      <trkpt lat="53.22145548" lon="-121.7062309">
      </trkpt>
      <trkpt lat="53.22146744" lon="-121.70673941">
      </trkpt>
      <trkpt lat="53.22148627" lon="-121.70708001">
      </trkpt>
      <trkpt lat="53.22145718" lon="-121.70750908">
      </trkpt>
      <trkpt lat="53.2213874" lon="-121.70804695">
      </trkpt>
      <trkpt lat="53.22135521" lon="-121.7085137">
      </trkpt>
      <trkpt lat="53.22136521" lon="-121.70903599">
      </trkpt>
      <trkpt lat="53.2213903" lon="-121.70948197">
      </trkpt>
      <trkpt lat="53.22145258" lon="-121.70972234">
      </trkpt>
      <trkpt lat="53.22165747" lon="-121.7102024">
      </trkpt>
      <trkpt lat="53.22199013" lon="-121.71075919">
      </trkpt>
      <trkpt lat="53.2223581" lon="-121.71130492">
      </trkpt>
      <trkpt lat="53.22275329" lon="-121.71186284">
      </trkpt>
      <trkpt lat="53.22308271" lon="-121.71233027">
      </trkpt>
      <trkpt lat="53.22328328" lon="-121.71269118">
      </trkpt>
      <trkpt lat="53.22342359" lon="-121.71323763">
      </trkpt>
      <trkpt lat="53.2235356" lon="-121.7137421">
      </trkpt>
      <trkpt lat="53.22357132" lon="-121.71411227">
      </trkpt>
      <trkpt lat="53.22360595" lon="-121.71445265">
      </trkpt>
      <trkpt lat="53.2236555" lon="-121.71508151">
      </trkpt>
      <trkpt lat="53.22368817" lon="-121.71549096">
      </trkpt>
      <trkpt lat="53.22371418" lon="-121.7160864">
      </trkpt>
      <trkpt lat="53.22373385" lon="-121.71663015">
      </trkpt>
      <trkpt lat="53.223655" lon="-121.71704186">
      </trkpt>
      <trkpt lat="53.22354986" lon="-121.71734409">
      </trkpt>
      <trkpt lat="53.22343395" lon="-121.71759508">
      </trkpt>
      <trkpt lat="53.22330671" lon="-121.71777993">
      </trkpt>
      <trkpt lat="53.22311733" lon="-121.71785146">
      </trkpt>
      <trkpt lat="53.22289818" lon="-121.7179634">
      </trkpt>
      <trkpt lat="53.22272323" lon="-121.71806339">
      </trkpt>
      <trkpt lat="53.22249733" lon="-121.71823581">
      </trkpt>
      <trkpt lat="53.22231645" lon="-121.71841861">
      </trkpt>
      <trkpt lat="53.22209271" lon="-121.71865063">
      </trkpt>
      <trkpt lat="53.22187866" lon="-121.71890407">
      </trkpt>
      <trkpt lat="53.22169967" lon="-121.71913902">
      </trkpt>
      <trkpt lat="53.22152228" lon="-121.71941865">
      </trkpt>
      <trkpt lat="53.22136903" lon="-121.71974817">
      </trkpt>
      <trkpt lat="53.22119406" lon="-121.72009482">
      </trkpt>
      <trkpt lat="53.2210714" lon="-121.72040629">
      </trkpt>
      <trkpt lat="53.2209362" lon="-121.72074143">
      </trkpt>
      <trkpt lat="53.22081663" lon="-121.7210152">
      </trkpt>
      <trkpt lat="53.22068831" lon="-121.72117022">
      </trkpt>
      <trkpt lat="53.22055622" lon="-121.72122099">
      </trkpt>
      <trkpt lat="53.22043371" lon="-121.72116613">
      </trkpt>
      <trkpt lat="53.22033519" lon="-121.72103408">
      </trkpt>
      <trkpt lat="53.22019773" lon="-121.7206892">
      </trkpt>
      <trkpt lat="53.22005704" lon="-121.72025492">
      </trkpt>
      <trkpt lat="53.2199212" lon="-121.71995474">
      </trkpt>
      <trkpt lat="53.21976364" lon="-121.7196717">
      </trkpt>
      <trkpt lat="53.21953345" lon="-121.71947824">
      </trkpt>
      <trkpt lat="53.21931429" lon="-121.71934348">
      </trkpt>
      <trkpt lat="53.21912494" lon="-121.71916832">
      </trkpt>
      <trkpt lat="53.21898153" lon="-121.71890628">
      </trkpt>
      <trkpt lat="53.21885634" lon="-121.71853026">
      </trkpt>
      <trkpt lat="53.21870863" lon="-121.71814906">
      </trkpt>
      <trkpt lat="53.21852614" lon="-121.71779381">
      </trkpt>
      <trkpt lat="53.21836967" lon="-121.71754058">
      </trkpt>
      <trkpt lat="53.21817909" lon="-121.71745526">
      </trkpt>
      <trkpt lat="53.2179939" lon="-121.71751889">
      </trkpt>
      <trkpt lat="53.21788526" lon="-121.71772426">
      </trkpt>
      <trkpt lat="53.21779509" lon="-121.71806978">
      </trkpt>
      <trkpt lat="53.21768333" lon="-121.7185595">
      </trkpt>
      <trkpt lat="53.2177247" lon="-121.71908603">
      </trkpt>
      <trkpt lat="53.2178697" lon="-121.71963943">
      </trkpt>
      <trkpt lat="53.21801106" lon="-121.72021562">
      </trkpt>
      <trkpt lat="53.21813099" lon="-121.72081642">
      </trkpt>
      <trkpt lat="53.21821816" lon="-121.72137569">
      </trkpt>
      <trkpt lat="53.21831638" lon="-121.72199363">
      </trkpt>
      <trkpt lat="53.21842604" lon="-121.72280478">
      </trkpt>
      <trkpt lat="53.21851211" lon="-121.72358095">
      </trkpt>
      <trkpt lat="53.21863417" lon="-121.72424133">
      </trkpt>
      <trkpt lat="53.21877444" lon="-121.72478777">
      </trkpt>
      <trkpt lat="53.21884194" lon="-121.72505004">
      </trkpt>
      <trkpt lat="53.21870339" lon="-121.72492204">
      </trkpt>
      <trkpt lat="53.21858156" lon="-121.72476245">
      </trkpt>
      <trkpt lat="53.21846041" lon="-121.72449813">
      </trkpt>
      <trkpt lat="53.21833497" lon="-121.72411466">
      </trkpt>
      <trkpt lat="53.21818417" lon="-121.72377113">
      </trkpt>
      <trkpt lat="53.21805616" lon="-121.72344025">
      </trkpt>
      <trkpt lat="53.2178303" lon="-121.72287261">
      </trkpt>
      <trkpt lat="53.21767344" lon="-121.72248484">
      </trkpt>
      <trkpt lat="53.21754003" lon="-121.72225168">
      </trkpt>
      <trkpt lat="53.21739959" lon="-121.72207156">
      </trkpt>
      <trkpt lat="53.21726441" lon="-121.72191335">
      </trkpt>
      <trkpt lat="53.21713894" lon="-121.72177656">
      </trkpt>
      <trkpt lat="53.21700201" lon="-121.72169326">
      </trkpt>
      <trkpt lat="53.2168958" lon="-121.72171897">
      </trkpt>
      <trkpt lat="53.21672395" lon="-121.72178123">
      </trkpt>
      <trkpt lat="53.21651084" lon="-121.72193737">
      </trkpt>
      <trkpt lat="53.21627174" lon="-121.72199148">
      </trkpt>
      <trkpt lat="53.21600097" lon="-121.72203386">
      </trkpt>
      <trkpt lat="53.2157163" lon="-121.7220627">
      </trkpt>
      <trkpt lat="53.21540832" lon="-121.72206401">
      </trkpt>
      <trkpt lat="53.21512677" lon="-121.72205515">
      </trkpt>
      <trkpt lat="53.21489441" lon="-121.72204879">
      </trkpt>
      <trkpt lat="53.21473765" lon="-121.72203478">
      </trkpt>
      <trkpt lat="53.21437792" lon="-121.72208617">
      </trkpt>
      <trkpt lat="53.21414744" lon="-121.72213195">
      </trkpt>
      <trkpt lat="53.21393946" lon="-121.7221829">
      </trkpt>
      <trkpt lat="53.21370615" lon="-121.72227381">
      </trkpt>
      <trkpt lat="53.21356798" lon="-121.72252698">
      </trkpt>
      <trkpt lat="53.21339477" lon="-121.72279865">
      </trkpt>
      <trkpt lat="53.21316562" lon="-121.72312829">
      </trkpt>
      <trkpt lat="53.21293957" lon="-121.72342025">
      </trkpt>
      <trkpt lat="53.21276987" lon="-121.72354207">
      </trkpt>
      <trkpt lat="53.21260261" lon="-121.72348426">
      </trkpt>
      <trkpt lat="53.21241717" lon="-121.72329378">
      </trkpt>
      <trkpt lat="53.21226044" lon="-121.72303311">
      </trkpt>
      <trkpt lat="53.21209615" lon="-121.72281058">
      </trkpt>
      <trkpt lat="53.21188254" lon="-121.72245853">
      </trkpt>
      <trkpt lat="53.21171354" lon="-121.72222901">
      </trkpt>
      <trkpt lat="53.21148349" lon="-121.72191599">
      </trkpt>
      <trkpt lat="53.21129158" lon="-121.72154679">
      </trkpt>
      <trkpt lat="53.2111777" lon="-121.72123695">
      </trkpt>
      <trkpt lat="53.21102961" lon="-121.72072132">
      </trkpt>
      <trkpt lat="53.21088016" lon="-121.72016845">
      </trkpt>
      <trkpt lat="53.21076359" lon="-121.71978416">
      </trkpt>
      <trkpt lat="53.21057923" lon="-121.71913021">
      </trkpt>
      <trkpt lat="53.2104043" lon="-121.71849027">
      </trkpt>
      <trkpt lat="53.21024448" lon="-121.71777406">
      </trkpt>
      <trkpt lat="53.21003625" lon="-121.7170777">
      </trkpt>
      <trkpt lat="53.20976064" lon="-121.71624619">
      </trkpt>
      <trkpt lat="53.20955551" lon="-121.71551217">
      </trkpt>
      <trkpt lat="53.20943231" lon="-121.71506878">
      </trkpt>
      <trkpt lat="53.20925966" lon="-121.71461548">
      </trkpt>
      <trkpt lat="53.20906099" lon="-121.71381356">
      </trkpt>
      <trkpt lat="53.20892889" lon="-121.71312445">
      </trkpt>
      <trkpt lat="53.20886621" lon="-121.71274967">
      </trkpt>
      <trkpt lat="53.20880838" lon="-121.71226229">
      </trkpt>
      <trkpt lat="53.20869084" lon="-121.71172867">
      </trkpt>
      <trkpt lat="53.20852598" lon="-121.7112447">
      </trkpt>
      <trkpt lat="53.20835817" lon="-121.71092544">
      </trkpt>
      <trkpt lat="53.20819966" lon="-121.71073976">
      </trkpt>
      <trkpt lat="53.20792726" lon="-121.71049091">
      </trkpt>
      <trkpt lat="53.20766954" lon="-121.71027794">
      </trkpt>
      <trkpt lat="53.20727638" lon="-121.71014598">
      </trkpt>
      <trkpt lat="53.20696045" lon="-121.71005103">
      </trkpt>
      <trkpt lat="53.20673953" lon="-121.70999126">
      </trkpt>
      <trkpt lat="53.20648224" lon="-121.70991278">
      </trkpt>
      <trkpt lat="53.20619689" lon="-121.70979977">
      </trkpt>
      <trkpt lat="53.20586128" lon="-121.70965451">
      </trkpt>
      <trkpt lat="53.20554481" lon="-121.70954467">
      </trkpt>
      <trkpt lat="53.20529585" lon="-121.7094504">
      </trkpt>
      <trkpt lat="53.20511672" lon="-121.70931167">
      </trkpt>
      <trkpt lat="53.20503626" lon="-121.70918533">
      </trkpt>
      <trkpt lat="53.20493003" lon="-121.70896446">
      </trkpt>
      <trkpt lat="53.20479983" lon="-121.70882076">
      </trkpt>
      <trkpt lat="53.20466369" lon="-121.70875986">
      </trkpt>
      <trkpt lat="53.20446448" lon="-121.70868295">
      </trkpt>
      <trkpt lat="53.2042995" lon="-121.70856522">
      </trkpt>
      <trkpt lat="53.20416755" lon="-121.70849642">
      </trkpt>
      <trkpt lat="53.2041046" lon="-121.70836084">
      </trkpt>
      <trkpt lat="53.20401899" lon="-121.70809304">
      </trkpt>
    </trkseg>
    <trkseg>
      <trkpt lat="53.21097262" lon="-121.61207779">
      </trkpt>
      <trkpt lat="53.21103828" lon="-121.61176264">
      </trkpt>
      <trkpt lat="53.21106243" lon="-121.61151963">
      </trkpt>
      <trkpt lat="53.21105792" lon="-121.61119943">
      </trkpt>
      <trkpt lat="53.21103895" lon="-121.61098558">
      </trkpt>
      <trkpt lat="53.21101149" lon="-121.61074178">
      </trkpt>
      <trkpt lat="53.21098175" lon="-121.61043654">
      </trkpt>
      <trkpt lat="53.21100797" lon="-121.61015015">
      </trkpt>
      <trkpt lat="53.21116531" lon="-121.61002279">
      </trkpt>
      <trkpt lat="53.21138981" lon="-121.61001796">
      </trkpt>
      <trkpt lat="53.21162438" lon="-121.61008607">
      </trkpt>
      <trkpt lat="53.211833" lon="-121.61034806">
      </trkpt>
      <trkpt lat="53.21195973" lon="-121.61068639">
      </trkpt>
      <trkpt lat="53.21204331" lon="-121.61115253">
      </trkpt>
      <trkpt lat="53.21221364" lon="-121.61137533">
      </trkpt>
      <trkpt lat="53.21243536" lon="-121.61149413">
      </trkpt>
      <trkpt lat="53.21266856" lon="-121.61152538">
      </trkpt>
      <trkpt lat="53.21288892" lon="-121.61160732">
      </trkpt>
      <trkpt lat="53.2129951" lon="-121.61159013">
      </trkpt>
      <trkpt lat="53.21311826" lon="-121.61153416">
      </trkpt>
      <trkpt lat="53.21328314" lon="-121.61151085">
      </trkpt>
      <trkpt lat="53.21353427" lon="-121.61142925">
      </trkpt>
      <trkpt lat="53.21385303" lon="-121.6113838">
      </trkpt>
      <trkpt lat="53.21401905" lon="-121.6113912">
      </trkpt>
      <trkpt lat="53.2142142" lon="-121.61138943">
      </trkpt>
      <trkpt lat="53.21441188" lon="-121.61135655">
      </trkpt>
      <trkpt lat="53.21457171" lon="-121.61139544">
      </trkpt>
      <trkpt lat="53.21480235" lon="-121.61155648">
      </trkpt>
      <trkpt lat="53.21503232" lon="-121.61169909">
      </trkpt>
      <trkpt lat="53.21525128" lon="-121.61184284">
      </trkpt>
      <trkpt lat="53.21539754" lon="-121.61201266">
      </trkpt>
      <trkpt lat="53.21549221" lon="-121.61218168">
      </trkpt>
      <trkpt lat="53.21564302" lon="-121.61247437">
      </trkpt>
      <trkpt lat="53.21574889" lon="-121.61274706">
      </trkpt>
      <trkpt lat="53.21588116" lon="-121.61293683">
      </trkpt>
      <trkpt lat="53.21612922" lon="-121.61317009">
      </trkpt>
      <trkpt lat="53.21640296" lon="-121.61340068">
      </trkpt>
      <trkpt lat="53.21666226" lon="-121.61363892">
      </trkpt>
      <trkpt lat="53.21688969" lon="-121.61381267">
      </trkpt>
      <trkpt lat="53.21708321" lon="-121.61386656">
      </trkpt>
      <trkpt lat="53.21730678" lon="-121.61393586">
      </trkpt>
      <trkpt lat="53.21751499" lon="-121.61398824">
      </trkpt>
      <trkpt lat="53.21772618" lon="-121.6140218">
      </trkpt>
      <trkpt lat="53.21786971" lon="-121.61411791">
      </trkpt>
      <trkpt lat="53.21795315" lon="-121.61418325">
      </trkpt>
      <trkpt lat="53.21803223" lon="-121.61432923">
      </trkpt>
      <trkpt lat="53.21813144" lon="-121.61462114">
      </trkpt>
      <trkpt lat="53.2181676" lon="-121.61490109">
      </trkpt>
      <trkpt lat="53.21827989" lon="-121.61514847">
      </trkpt>
      <trkpt lat="53.21842981" lon="-121.61531793">
      </trkpt>
      <trkpt lat="53.21873791" lon="-121.61568066">
      </trkpt>
      <trkpt lat="53.21897359" lon="-121.61587821">
      </trkpt>
      <trkpt lat="53.21924989" lon="-121.61597905">
      </trkpt>
      <trkpt lat="53.21945874" lon="-121.61614857">
      </trkpt>
      <trkpt lat="53.2196779" lon="-121.6163972">
      </trkpt>
      <trkpt lat="53.21989389" lon="-121.6164259">
      </trkpt>
      <trkpt lat="53.21998435" lon="-121.61633263">
      </trkpt>
      <trkpt lat="53.22004637" lon="-121.61614798">
      </trkpt>
      <trkpt lat="53.22016376" lon="-121.6159366">
      </trkpt>
      <trkpt lat="53.22033181" lon="-121.61574092">
      </trkpt>
      <trkpt lat="53.22052964" lon="-121.61567321">
      </trkpt>
      <trkpt lat="53.22062387" lon="-121.61564112">
      </trkpt>
      <trkpt lat="53.22077528" lon="-121.61545112">
      </trkpt>
      <trkpt lat="53.22095124" lon="-121.61547741">
      </trkpt>
      <trkpt lat="53.2211173" lon="-121.61568029">
      </trkpt>
      <trkpt lat="53.22122729" lon="-121.61596493">
      </trkpt>
      <trkpt lat="53.22131254" lon="-121.61617814">
      </trkpt>
      <trkpt lat="53.22137875" lon="-121.6163748">
      </trkpt>
      <trkpt lat="53.22149244" lon="-121.61656037">
      </trkpt>
      <trkpt lat="53.22161346" lon="-121.61674518">
      </trkpt>
      <trkpt lat="53.22169253" lon="-121.61689118">
      </trkpt>
      <trkpt lat="53.22177316" lon="-121.61717888">
      </trkpt>
      <trkpt lat="53.22188454" lon="-121.6174017">
      </trkpt>
      <trkpt lat="53.22198264" lon="-121.61756422">
      </trkpt>
      <trkpt lat="53.22206489" lon="-121.61779624">
      </trkpt>
      <trkpt lat="53.22235834" lon="-121.61806185">
      </trkpt>
      <trkpt lat="53.22260774" lon="-121.61833205">
      </trkpt>
      <trkpt lat="53.22284407" lon="-121.61864676">
      </trkpt>
      <trkpt lat="53.22307513" lon="-121.61891886">
      </trkpt>
      <trkpt lat="53.22333786" lon="-121.61915067">
      </trkpt>
      <trkpt lat="53.22357674" lon="-121.6193356">
      </trkpt>
      <trkpt lat="53.22393077" lon="-121.61944691">
      </trkpt>
      <trkpt lat="53.22421482" lon="-121.619658">
      </trkpt>
      <trkpt lat="53.2244301" lon="-121.6198022">
      </trkpt>
      <trkpt lat="53.22465046" lon="-121.61988421">
      </trkpt>
      <trkpt lat="53.22482381" lon="-121.6198909">
      </trkpt>
      <trkpt lat="53.22499971" lon="-121.61986649">
      </trkpt>
      <trkpt lat="53.22518732" lon="-121.61976065">
      </trkpt>
      <trkpt lat="53.22537149" lon="-121.61966135">
      </trkpt>
      <trkpt lat="53.22548846" lon="-121.61963688">
      </trkpt>
      <trkpt lat="53.22565244" lon="-121.61958902">
      </trkpt>
      <trkpt lat="53.22581248" lon="-121.61963411">
      </trkpt>
      <trkpt lat="53.22594613" lon="-121.61976211">
      </trkpt>
      <trkpt lat="53.2260314" lon="-121.61987665">
      </trkpt>
      <trkpt lat="53.22614141" lon="-121.62006263">
      </trkpt>
      <trkpt lat="53.2261668" lon="-121.62025122">
      </trkpt>
      <trkpt lat="53.22617554" lon="-121.62044788">
      </trkpt>
      <trkpt lat="53.22624112" lon="-121.62067699">
      </trkpt>
      <trkpt lat="53.22637548" lon="-121.62097349">
      </trkpt>
      <trkpt lat="53.22648522" lon="-121.62119061">
      </trkpt>
      <trkpt lat="53.22668126" lon="-121.62131438">
      </trkpt>
      <trkpt lat="53.22680049" lon="-121.62135138">
      </trkpt>
      <trkpt lat="53.22686605" lon="-121.62143094">
      </trkpt>
      <trkpt lat="53.22697561" lon="-121.62160464">
      </trkpt>
      <trkpt lat="53.22700538" lon="-121.62180363">
      </trkpt>
      <trkpt lat="53.22710109" lon="-121.62206584">
      </trkpt>
      <trkpt lat="53.22725034" lon="-121.6223545">
      </trkpt>
      <trkpt lat="53.22745188" lon="-121.62289387">
      </trkpt>
      <trkpt lat="53.22761179" lon="-121.6233415">
      </trkpt>
      <trkpt lat="53.22767624" lon="-121.62366297">
      </trkpt>
      <trkpt lat="53.22782225" lon="-121.62386393">
      </trkpt>
      <trkpt lat="53.22794398" lon="-121.62422451">
      </trkpt>
      <trkpt lat="53.22800974" lon="-121.62454083">
      </trkpt>
      <trkpt lat="53.22808405" lon="-121.62474123">
      </trkpt>
      <trkpt lat="53.22817032" lon="-121.62485693">
      </trkpt>
      <trkpt lat="53.22831613" lon="-121.62505762">
      </trkpt>
      <trkpt lat="53.22846609" lon="-121.62524189">
      </trkpt>
      <trkpt lat="53.22867252" lon="-121.62540432">
      </trkpt>
      <trkpt lat="53.22892526" lon="-121.62565788">
      </trkpt>
      <trkpt lat="53.22915335" lon="-121.62589002">
      </trkpt>
      <trkpt lat="53.22936571" lon="-121.62608382">
      </trkpt>
      <trkpt lat="53.22951597" lon="-121.62627605">
      </trkpt>
      <trkpt lat="53.2296974" lon="-121.626537">
      </trkpt>
      <trkpt lat="53.22985448" lon="-121.6267845">
      </trkpt>
      <trkpt lat="53.22999375" lon="-121.62693791">
      </trkpt>
      <trkpt lat="53.23024115" lon="-121.62717606">
      </trkpt>
      <trkpt lat="53.23050438" lon="-121.62719674">
      </trkpt>
      <trkpt lat="53.23071085" lon="-121.6272313">
      </trkpt>
      <trkpt lat="53.23101686" lon="-121.62724757">
      </trkpt>
      <trkpt lat="53.23111281" lon="-121.62726161">
      </trkpt>
      <trkpt lat="53.23134718" lon="-121.62740518">
      </trkpt>
      <trkpt lat="53.23155154" lon="-121.6275119">
      </trkpt>
      <trkpt lat="53.23178149" lon="-121.62753604">
      </trkpt>
      <trkpt lat="53.23210059" lon="-121.62751897">
      </trkpt>
      <trkpt lat="53.23239087" lon="-121.62749689">
      </trkpt>
      <trkpt lat="53.23267609" lon="-121.62746734">
      </trkpt>
      <trkpt lat="53.2329206" lon="-121.62749797">
      </trkpt>
      <trkpt lat="53.23313006" lon="-121.62748427">
      </trkpt>
      <trkpt lat="53.2332985" lon="-121.62752278">
      </trkpt>
      <trkpt lat="53.23352874" lon="-121.62755487">
      </trkpt>
      <trkpt lat="53.23370464" lon="-121.62753665">
      </trkpt>
      <trkpt lat="53.23384667" lon="-121.62750596">
      </trkpt>
      <trkpt lat="53.23397179" lon="-121.62740506">
      </trkpt>
      <trkpt lat="53.23406897" lon="-121.62732304">
      </trkpt>
      <trkpt lat="53.23420742" lon="-121.62732469">
      </trkpt>
      <trkpt lat="53.23432475" lon="-121.62740047">
      </trkpt>
      <trkpt lat="53.23450264" lon="-121.62756589">
      </trkpt>
      <trkpt lat="53.23478964" lon="-121.62758413">
      </trkpt>
      <trkpt lat="53.23494739" lon="-121.62759177">
      </trkpt>
      <trkpt lat="53.23511373" lon="-121.62770243">
      </trkpt>
      <trkpt lat="53.23528897" lon="-121.6278578">
      </trkpt>
      <trkpt lat="53.23535319" lon="-121.6279532">
      </trkpt>
      <trkpt lat="53.235398" lon="-121.62807767">
      </trkpt>
      <trkpt lat="53.2354138" lon="-121.62823321">
      </trkpt>
      <trkpt lat="53.23542258" lon="-121.62842598">
      </trkpt>
      <trkpt lat="53.23541011" lon="-121.62858727">
      </trkpt>
      <trkpt lat="53.235411" lon="-121.62870226">
      </trkpt>
      <trkpt lat="53.23545238" lon="-121.62877937">
      </trkpt>
      <trkpt lat="53.23552235" lon="-121.62885913">
      </trkpt>
      <trkpt lat="53.23563262" lon="-121.62885052">
      </trkpt>
      <trkpt lat="53.23574592" lon="-121.62883318">
      </trkpt>
      <trkpt lat="53.23582896" lon="-121.62881334">
      </trkpt>
      <trkpt lat="53.23592646" lon="-121.62891271">
      </trkpt>
      <trkpt lat="53.23607142" lon="-121.62902681">
      </trkpt>
      <trkpt lat="53.23625969" lon="-121.62908871">
      </trkpt>
      <trkpt lat="53.23643743" lon="-121.62913769">
      </trkpt>
      <trkpt lat="53.23657807" lon="-121.62908944">
      </trkpt>
      <trkpt lat="53.23668263" lon="-121.62901686">
      </trkpt>
      <trkpt lat="53.2368433" lon="-121.62896653">
      </trkpt>
      <trkpt lat="53.23697684" lon="-121.6289527">
      </trkpt>
      <trkpt lat="53.23712905" lon="-121.62894535">
      </trkpt>
      <trkpt lat="53.23730221" lon="-121.6289611">
      </trkpt>
      <trkpt lat="53.2374764" lon="-121.62900481">
      </trkpt>
      <trkpt lat="53.23768629" lon="-121.62901676">
      </trkpt>
      <trkpt lat="53.23789618" lon="-121.6290287">
      </trkpt>
      <trkpt lat="53.23808047" lon="-121.62911909">
      </trkpt>
      <trkpt lat="53.23826343" lon="-121.62917313">
      </trkpt>
      <trkpt lat="53.23843918" lon="-121.62925879">
      </trkpt>
      <trkpt lat="53.23850197" lon="-121.62928035">
      </trkpt>
      <trkpt lat="53.23863877" lon="-121.62944584">
      </trkpt>
      <trkpt lat="53.23876106" lon="-121.62962687">
      </trkpt>
      <trkpt lat="53.23884516" lon="-121.62981746">
      </trkpt>
      <trkpt lat="53.23891665" lon="-121.63002901">
      </trkpt>
      <trkpt lat="53.23892504" lon="-121.63016569">
      </trkpt>
      <trkpt lat="53.23890769" lon="-121.63024047">
      </trkpt>
      <trkpt lat="53.23882806" lon="-121.63030765">
      </trkpt>
      <trkpt lat="53.23869711" lon="-121.63039139">
      </trkpt>
      <trkpt lat="53.23856867" lon="-121.63045241">
      </trkpt>
      <trkpt lat="53.23840643" lon="-121.63050571">
      </trkpt>
      <trkpt lat="53.23823387" lon="-121.63055165">
      </trkpt>
      <trkpt lat="53.23804304" lon="-121.63060227">
      </trkpt>
      <trkpt lat="53.23776146" lon="-121.63064546">
      </trkpt>
      <trkpt lat="53.23744444" lon="-121.63063617">
      </trkpt>
      <trkpt lat="53.23728181" lon="-121.63063336">
      </trkpt>
      <trkpt lat="53.23716206" lon="-121.63061208">
      </trkpt>
      <trkpt lat="53.23695633" lon="-121.63062216">
      </trkpt>
      <trkpt lat="53.23676085" lon="-121.63059186">
      </trkpt>
      <trkpt lat="53.23653221" lon="-121.63052571">
      </trkpt>
      <trkpt lat="53.23639224" lon="-121.63045599">
      </trkpt>
      <trkpt lat="53.23624426" lon="-121.63035062">
      </trkpt>
      <trkpt lat="53.23606571" lon="-121.63023438">
      </trkpt>
      <trkpt lat="53.23588789" lon="-121.63013771">
      </trkpt>
      <trkpt lat="53.23569982" lon="-121.6300814">
      </trkpt>
      <trkpt lat="53.23551967" lon="-121.63005794">
      </trkpt>
      <trkpt lat="53.23536495" lon="-121.630088">
      </trkpt>
      <trkpt lat="53.23522272" lon="-121.63018412">
      </trkpt>
      <trkpt lat="53.23512829" lon="-121.63025846">
      </trkpt>
      <trkpt lat="53.23506086" lon="-121.63033841">
      </trkpt>
      <trkpt lat="53.23491043" lon="-121.63049071">
      </trkpt>
      <trkpt lat="53.23490196" lon="-121.63049822">
      </trkpt>
      <trkpt lat="53.23474262" lon="-121.63070657">
      </trkpt>
      <trkpt lat="53.23458922" lon="-121.63094629">
      </trkpt>
      <trkpt lat="53.23440283" lon="-121.63119739">
      </trkpt>
      <trkpt lat="53.2342135" lon="-121.63136887">
      </trkpt>
      <trkpt lat="53.23396502" lon="-121.63161842">
      </trkpt>
      <trkpt lat="53.23372991" lon="-121.63184259">
      </trkpt>
      <trkpt lat="53.23359171" lon="-121.63197679">
      </trkpt>
      <trkpt lat="53.23344071" lon="-121.63215229">
      </trkpt>
      <trkpt lat="53.23316222" lon="-121.63236495">
      </trkpt>
      <trkpt lat="53.23292207" lon="-121.63258165">
      </trkpt>
      <trkpt lat="53.23279214" lon="-121.63281091">
      </trkpt>
      <trkpt lat="53.23264665" lon="-121.6332656">
      </trkpt>
      <trkpt lat="53.2326435" lon="-121.63369757">
      </trkpt>
      <trkpt lat="53.23268159" lon="-121.6342132">
      </trkpt>
      <trkpt lat="53.23274287" lon="-121.63471044">
      </trkpt>
      <trkpt lat="53.23286712" lon="-121.63523316">
      </trkpt>
      <trkpt lat="53.23296167" lon="-121.63572695">
      </trkpt>
      <trkpt lat="53.23306126" lon="-121.63622824">
      </trkpt>
      <trkpt lat="53.23310099" lon="-121.63660434">
      </trkpt>
      <trkpt lat="53.23312124" lon="-121.63694944">
      </trkpt>
      <trkpt lat="53.23314131" lon="-121.63723513">
      </trkpt>
      <trkpt lat="53.2331382" lon="-121.6375392">
      </trkpt>
      <trkpt lat="53.23313326" lon="-121.6379234">
      </trkpt>
    </trkseg>
    <trkseg>
      <trkpt lat="53.31012828" lon="-121.75344569">
      </trkpt>
      <trkpt lat="53.31034173" lon="-121.75312379">
      </trkpt>
      <trkpt lat="53.31058973" lon="-121.75262127">
      </trkpt>
      <trkpt lat="53.31080579" lon="-121.75209083">
      </trkpt>
      <trkpt lat="53.31102446" lon="-121.75163278">
      </trkpt>
      <trkpt lat="53.31123991" lon="-121.7512581">
      </trkpt>
      <trkpt lat="53.31155115" lon="-121.75096718">
      </trkpt>
      <trkpt lat="53.31189654" lon="-121.75076625">
      </trkpt>
      <trkpt lat="53.31209363" lon="-121.75056989">
      </trkpt>
      <trkpt lat="53.31233078" lon="-121.75010995">
      </trkpt>
      <trkpt lat="53.31250331" lon="-121.74957347">
      </trkpt>
      <trkpt lat="53.31268053" lon="-121.74899499">
      </trkpt>
      <trkpt lat="53.31279107" lon="-121.74845439">
      </trkpt>
      <trkpt lat="53.31281925" lon="-121.74785979">
      </trkpt>
      <trkpt lat="53.3127382" lon="-121.74715165">
      </trkpt>
      <trkpt lat="53.31262425" lon="-121.74656103">
      </trkpt>
      <trkpt lat="53.31250918" lon="-121.74593937">
      </trkpt>
      <trkpt lat="53.31243168" lon="-121.74515822">
      </trkpt>
      <trkpt lat="53.31241939" lon="-121.74429779">
      </trkpt>
      <trkpt lat="53.31243999" lon="-121.74331986">
      </trkpt>
      <trkpt lat="53.31243881" lon="-121.74276976">
      </trkpt>
      <trkpt lat="53.31229253" lon="-121.7421409">
      </trkpt>
      <trkpt lat="53.31214268" lon="-121.74158507">
      </trkpt>
      <trkpt lat="53.31199002" lon="-121.74112296">
      </trkpt>
      <trkpt lat="53.31162374" lon="-121.74019606">
      </trkpt>
    </trkseg>
  </trk>
</gpx>