<?xml version="1.0" encoding="UTF-8"?>
<gpx xmlns="http://www.topografix.com/GPX/1/1" xmlns:xsi="http://www.w3.org/2001/XMLSchema-instance" xsi:schemaLocation="http://www.topografix.com/GPX/1/1 http://www.topografix.com/GPX/1/1/gpx.xsd" version="1.1" creator="gpx.py -- https://github.com/tkrajina/gpxpy">
  <trk>
    <name>Burnt Creek Trail</name>
    <trkseg>
      <trkpt lat="51.71021075" lon="-124.81515961">
      </trkpt>
      <trkpt lat="51.71021738" lon="-124.81517375">
      </trkpt>
      <trkpt lat="51.71022793" lon="-124.81521442">
      </trkpt>
      <trkpt lat="51.71023575" lon="-124.81534297">
      </trkpt>
      <trkpt lat="51.71024157" lon="-124.81541888">
      </trkpt>
      <trkpt lat="51.71024777" lon="-124.81548408">
      </trkpt>
      <trkpt lat="51.71027118" lon="-124.81554027">
      </trkpt>
      <trkpt lat="51.71030837" lon="-124.81559868">
      </trkpt>
      <trkpt lat="51.71033877" lon="-124.81564418">
      </trkpt>
      <trkpt lat="51.71036507" lon="-124.81568328">
      </trkpt>
      <trkpt lat="51.71038997" lon="-124.81571628">
      </trkpt>
      <trkpt lat="51.71040797" lon="-124.81575118">
      </trkpt>
      <trkpt lat="51.71043627" lon="-124.81579378">
      </trkpt>
      <trkpt lat="51.71045627" lon="-124.81583588">
      </trkpt>
      <trkpt lat="51.71047037" lon="-124.81588188">
      </trkpt>
      <trkpt lat="51.71048387" lon="-124.81593428">
      </trkpt>
      <trkpt lat="51.71049188" lon="-124.81598628">
      </trkpt>
      <trkpt lat="51.71049757" lon="-124.81603258">
      </trkpt>
      <trkpt lat="51.71051037" lon="-124.81608497">
      </trkpt>
      <trkpt lat="51.71052887" lon="-124.81613009">
      </trkpt>
      <trkpt lat="51.71053327" lon="-124.81617458">
      </trkpt>
      <trkpt lat="51.71052697" lon="-124.81625499">
      </trkpt>
      <trkpt lat="51.71052917" lon="-124.81631868">
      </trkpt>
      <trkpt lat="51.71052357" lon="-124.81638058">
      </trkpt>
      <trkpt lat="51.71051667" lon="-124.81642078">
      </trkpt>
      <trkpt lat="51.71052287" lon="-124.81646649">
      </trkpt>
      <trkpt lat="51.71052347" lon="-124.81652158">
      </trkpt>
      <trkpt lat="51.71051417" lon="-124.81658908">
      </trkpt>
      <trkpt lat="51.71051096" lon="-124.81666757">
      </trkpt>
      <trkpt lat="51.71050537" lon="-124.81673958">
      </trkpt>
      <trkpt lat="51.71051577" lon="-124.81679538">
      </trkpt>
      <trkpt lat="51.71056157" lon="-124.81690148">
      </trkpt>
      <trkpt lat="51.71058957" lon="-124.81696678">
      </trkpt>
      <trkpt lat="51.71062117" lon="-124.81702848">
      </trkpt>
      <trkpt lat="51.71067106" lon="-124.81708379">
      </trkpt>
      <trkpt lat="51.71071237" lon="-124.81713567">
      </trkpt>
      <trkpt lat="51.71074627" lon="-124.81718429">
      </trkpt>
      <trkpt lat="51.71077587" lon="-124.81721358">
      </trkpt>
      <trkpt lat="51.71081457" lon="-124.81725658">
      </trkpt>
      <trkpt lat="51.71084437" lon="-124.81730818">
      </trkpt>
      <trkpt lat="51.71087926" lon="-124.81737017">
      </trkpt>
      <trkpt lat="51.71091297" lon="-124.81742788">
      </trkpt>
      <trkpt lat="51.71093746" lon="-124.81748497">
      </trkpt>
      <trkpt lat="51.71096397" lon="-124.81754607">
      </trkpt>
      <trkpt lat="51.71098396" lon="-124.81761287">
      </trkpt>
      <trkpt lat="51.71099347" lon="-124.81766768">
      </trkpt>
      <trkpt lat="51.71097537" lon="-124.81772858">
      </trkpt>
      <trkpt lat="51.71094936" lon="-124.81778838">
      </trkpt>
      <trkpt lat="51.71092447" lon="-124.81786718">
      </trkpt>
      <trkpt lat="51.71092236" lon="-124.81792059">
      </trkpt>
      <trkpt lat="51.71092006" lon="-124.81792568">
      </trkpt>
      <trkpt lat="51.71091446" lon="-124.81794238">
      </trkpt>
      <trkpt lat="51.71091187" lon="-124.81795407">
      </trkpt>
      <trkpt lat="51.71091656" lon="-124.81799678">
      </trkpt>
      <trkpt lat="51.71092736" lon="-124.81804147">
      </trkpt>
      <trkpt lat="51.71093466" lon="-124.81807387">
      </trkpt>
      <trkpt lat="51.71094767" lon="-124.81812177">
      </trkpt>
      <trkpt lat="51.71096636" lon="-124.81816918">
      </trkpt>
      <trkpt lat="51.71097977" lon="-124.81821028">
      </trkpt>
      <trkpt lat="51.71101066" lon="-124.81826198">
      </trkpt>
      <trkpt lat="51.71104377" lon="-124.81831228">
      </trkpt>
      <trkpt lat="51.71106226" lon="-124.81836428">
      </trkpt>
      <trkpt lat="51.71107397" lon="-124.81841317">
      </trkpt>
      <trkpt lat="51.71108896" lon="-124.81845807">
      </trkpt>
      <trkpt lat="51.71110526" lon="-124.81850907">
      </trkpt>
      <trkpt lat="51.71113946" lon="-124.81859327">
      </trkpt>
      <trkpt lat="51.71117426" lon="-124.81865488">
      </trkpt>
      <trkpt lat="51.71120816" lon="-124.81871237">
      </trkpt>
      <trkpt lat="51.71123486" lon="-124.81876177">
      </trkpt>
      <trkpt lat="51.71125326" lon="-124.81882488">
      </trkpt>
      <trkpt lat="51.71128296" lon="-124.81890308">
      </trkpt>
      <trkpt lat="51.71130986" lon="-124.81898707">
      </trkpt>
      <trkpt lat="51.71134266" lon="-124.81907947">
      </trkpt>
      <trkpt lat="51.71134376" lon="-124.81916297">
      </trkpt>
      <trkpt lat="51.71130656" lon="-124.81921567">
      </trkpt>
      <trkpt lat="51.71126746" lon="-124.81921738">
      </trkpt>
      <trkpt lat="51.71123506" lon="-124.81921357">
      </trkpt>
      <trkpt lat="51.71119156" lon="-124.81922928">
      </trkpt>
      <trkpt lat="51.71116695" lon="-124.81924428">
      </trkpt>
      <trkpt lat="51.71115706" lon="-124.81927698">
      </trkpt>
      <trkpt lat="51.71114526" lon="-124.81929768">
      </trkpt>
      <trkpt lat="51.71111846" lon="-124.81932978">
      </trkpt>
      <trkpt lat="51.71110976" lon="-124.81936677">
      </trkpt>
      <trkpt lat="51.71111125" lon="-124.81940888">
      </trkpt>
      <trkpt lat="51.71112115" lon="-124.81945247">
      </trkpt>
      <trkpt lat="51.71113776" lon="-124.81948747">
      </trkpt>
      <trkpt lat="51.71114456" lon="-124.81952948">
      </trkpt>
      <trkpt lat="51.71115215" lon="-124.81959088">
      </trkpt>
      <trkpt lat="51.71115795" lon="-124.81964048">
      </trkpt>
      <trkpt lat="51.71115776" lon="-124.81969657">
      </trkpt>
      <trkpt lat="51.71115476" lon="-124.81974398">
      </trkpt>
      <trkpt lat="51.71115196" lon="-124.81979538">
      </trkpt>
      <trkpt lat="51.71115975" lon="-124.81983947">
      </trkpt>
      <trkpt lat="51.71117125" lon="-124.81990227">
      </trkpt>
      <trkpt lat="51.71118146" lon="-124.81993548">
      </trkpt>
      <trkpt lat="51.71119945" lon="-124.81997368">
      </trkpt>
      <trkpt lat="51.71120385" lon="-124.81999947">
      </trkpt>
      <trkpt lat="51.71121316" lon="-124.82003388">
      </trkpt>
      <trkpt lat="51.71123616" lon="-124.82006768">
      </trkpt>
      <trkpt lat="51.71124535" lon="-124.82012487">
      </trkpt>
      <trkpt lat="51.71124306" lon="-124.82018588">
      </trkpt>
      <trkpt lat="51.71125975" lon="-124.82025318">
      </trkpt>
      <trkpt lat="51.71128335" lon="-124.82030937">
      </trkpt>
      <trkpt lat="51.71128535" lon="-124.82032168">
      </trkpt>
      <trkpt lat="51.71128085" lon="-124.82036278">
      </trkpt>
      <trkpt lat="51.71129045" lon="-124.82040797">
      </trkpt>
      <trkpt lat="51.71131035" lon="-124.82043907">
      </trkpt>
      <trkpt lat="51.71134185" lon="-124.82049017">
      </trkpt>
      <trkpt lat="51.71137796" lon="-124.82052687">
      </trkpt>
      <trkpt lat="51.71141855" lon="-124.82054978">
      </trkpt>
      <trkpt lat="51.71144776" lon="-124.82057807">
      </trkpt>
      <trkpt lat="51.71147546" lon="-124.82061688">
      </trkpt>
      <trkpt lat="51.71150306" lon="-124.82065298">
      </trkpt>
      <trkpt lat="51.71152955" lon="-124.82069968">
      </trkpt>
      <trkpt lat="51.71155655" lon="-124.82076717">
      </trkpt>
      <trkpt lat="51.71158355" lon="-124.82084297">
      </trkpt>
      <trkpt lat="51.71161765" lon="-124.82091187">
      </trkpt>
      <trkpt lat="51.71164886" lon="-124.82097727">
      </trkpt>
      <trkpt lat="51.71169245" lon="-124.82103018">
      </trkpt>
      <trkpt lat="51.71171985" lon="-124.82109678">
      </trkpt>
      <trkpt lat="51.71173345" lon="-124.82116217">
      </trkpt>
      <trkpt lat="51.71173475" lon="-124.82124497">
      </trkpt>
      <trkpt lat="51.71174355" lon="-124.82133977">
      </trkpt>
      <trkpt lat="51.71177715" lon="-124.82143957">
      </trkpt>
      <trkpt lat="51.71181725" lon="-124.82152008">
      </trkpt>
      <trkpt lat="51.71185995" lon="-124.82158207">
      </trkpt>
      <trkpt lat="51.71190534" lon="-124.82163187">
      </trkpt>
      <trkpt lat="51.71193915" lon="-124.82167067">
      </trkpt>
      <trkpt lat="51.71197255" lon="-124.82169347">
      </trkpt>
      <trkpt lat="51.71200515" lon="-124.82172077">
      </trkpt>
      <trkpt lat="51.71207018" lon="-124.82175227">
      </trkpt>
      <trkpt lat="51.71212975" lon="-124.82177623">
      </trkpt>
      <trkpt lat="51.71216315" lon="-124.82181297">
      </trkpt>
      <trkpt lat="51.71218919" lon="-124.82184579">
      </trkpt>
      <trkpt lat="51.71222919" lon="-124.82188943">
      </trkpt>
      <trkpt lat="51.71227206" lon="-124.821925">
      </trkpt>
      <trkpt lat="51.71231754" lon="-124.82196695">
      </trkpt>
      <trkpt lat="51.71236418" lon="-124.82199563">
      </trkpt>
      <trkpt lat="51.71240307" lon="-124.82202202">
      </trkpt>
      <trkpt lat="51.71244986" lon="-124.82206568">
      </trkpt>
      <trkpt lat="51.71248115" lon="-124.82210474">
      </trkpt>
      <trkpt lat="51.71250784" lon="-124.82214644">
      </trkpt>
      <trkpt lat="51.71252976" lon="-124.8221874">
      </trkpt>
      <trkpt lat="51.71254336" lon="-124.82220237">
      </trkpt>
      <trkpt lat="51.71256863" lon="-124.82219914">
      </trkpt>
      <trkpt lat="51.71259097" lon="-124.82221769">
      </trkpt>
      <trkpt lat="51.7126061" lon="-124.8222275">
      </trkpt>
      <trkpt lat="51.71262761" lon="-124.82224353">
      </trkpt>
      <trkpt lat="51.71265308" lon="-124.82225946">
      </trkpt>
      <trkpt lat="51.71269445" lon="-124.82228261">
      </trkpt>
      <trkpt lat="51.71272415" lon="-124.82231077">
      </trkpt>
      <trkpt lat="51.71274315" lon="-124.82230527">
      </trkpt>
      <trkpt lat="51.71277555" lon="-124.82230517">
      </trkpt>
      <trkpt lat="51.71280735" lon="-124.82227268">
      </trkpt>
      <trkpt lat="51.71284495" lon="-124.82223918">
      </trkpt>
      <trkpt lat="51.71286605" lon="-124.82224057">
      </trkpt>
      <trkpt lat="51.71289435" lon="-124.82223638">
      </trkpt>
      <trkpt lat="51.71293205" lon="-124.82222478">
      </trkpt>
      <trkpt lat="51.71297685" lon="-124.82225438">
      </trkpt>
      <trkpt lat="51.71298975" lon="-124.82226849">
      </trkpt>
      <trkpt lat="51.71300615" lon="-124.82226378">
      </trkpt>
      <trkpt lat="51.71303885" lon="-124.82227088">
      </trkpt>
      <trkpt lat="51.71307155" lon="-124.82226988">
      </trkpt>
      <trkpt lat="51.71311965" lon="-124.82228027">
      </trkpt>
      <trkpt lat="51.71314085" lon="-124.82228818">
      </trkpt>
      <trkpt lat="51.71316895" lon="-124.82229318">
      </trkpt>
      <trkpt lat="51.71320745" lon="-124.82229678">
      </trkpt>
      <trkpt lat="51.71324305" lon="-124.82229589">
      </trkpt>
      <trkpt lat="51.71329305" lon="-124.82231618">
      </trkpt>
      <trkpt lat="51.71332375" lon="-124.82231818">
      </trkpt>
      <trkpt lat="51.71336825" lon="-124.82230778">
      </trkpt>
      <trkpt lat="51.71339845" lon="-124.82232158">
      </trkpt>
      <trkpt lat="51.71345045" lon="-124.82232337">
      </trkpt>
      <trkpt lat="51.71349215" lon="-124.82237948">
      </trkpt>
      <trkpt lat="51.71351236" lon="-124.82241819">
      </trkpt>
      <trkpt lat="51.71352435" lon="-124.82242829">
      </trkpt>
      <trkpt lat="51.71353905" lon="-124.82243539">
      </trkpt>
      <trkpt lat="51.71357465" lon="-124.82245937">
      </trkpt>
      <trkpt lat="51.71360965" lon="-124.82245398">
      </trkpt>
      <trkpt lat="51.71363315" lon="-124.82246069">
      </trkpt>
      <trkpt lat="51.71365835" lon="-124.82244549">
      </trkpt>
      <trkpt lat="51.71368485" lon="-124.82245077">
      </trkpt>
      <trkpt lat="51.71370445" lon="-124.82247218">
      </trkpt>
      <trkpt lat="51.71371795" lon="-124.82250608">
      </trkpt>
      <trkpt lat="51.71374655" lon="-124.82255317">
      </trkpt>
      <trkpt lat="51.71377655" lon="-124.82260258">
      </trkpt>
      <trkpt lat="51.71380276" lon="-124.82262108">
      </trkpt>
      <trkpt lat="51.71383155" lon="-124.82264338">
      </trkpt>
      <trkpt lat="51.71385265" lon="-124.82266369">
      </trkpt>
      <trkpt lat="51.71387355" lon="-124.82269338">
      </trkpt>
      <trkpt lat="51.71389115" lon="-124.82272649">
      </trkpt>
      <trkpt lat="51.71391075" lon="-124.82275118">
      </trkpt>
      <trkpt lat="51.71394935" lon="-124.82275989">
      </trkpt>
      <trkpt lat="51.71398705" lon="-124.82278548">
      </trkpt>
      <trkpt lat="51.71401625" lon="-124.82282747">
      </trkpt>
      <trkpt lat="51.71404445" lon="-124.82286058">
      </trkpt>
      <trkpt lat="51.71408775" lon="-124.82287529">
      </trkpt>
      <trkpt lat="51.71413715" lon="-124.82288218">
      </trkpt>
      <trkpt lat="51.71417066" lon="-124.82287358">
      </trkpt>
      <trkpt lat="51.71420545" lon="-124.82286369">
      </trkpt>
      <trkpt lat="51.71424865" lon="-124.82285828">
      </trkpt>
      <trkpt lat="51.71429725" lon="-124.82286279">
      </trkpt>
      <trkpt lat="51.71433555" lon="-124.82289388">
      </trkpt>
      <trkpt lat="51.71434425" lon="-124.82291378">
      </trkpt>
      <trkpt lat="51.71434525" lon="-124.82295598">
      </trkpt>
      <trkpt lat="51.71434945" lon="-124.82301379">
      </trkpt>
      <trkpt lat="51.71433925" lon="-124.82308958">
      </trkpt>
      <trkpt lat="51.71432635" lon="-124.82319739">
      </trkpt>
      <trkpt lat="51.71433385" lon="-124.82327868">
      </trkpt>
      <trkpt lat="51.71435415" lon="-124.82336499">
      </trkpt>
      <trkpt lat="51.71437535" lon="-124.82343118">
      </trkpt>
      <trkpt lat="51.71438515" lon="-124.82350409">
      </trkpt>
      <trkpt lat="51.71439275" lon="-124.82359619">
      </trkpt>
      <trkpt lat="51.71440285" lon="-124.82368607">
      </trkpt>
      <trkpt lat="51.71441045" lon="-124.82377899">
      </trkpt>
      <trkpt lat="51.71441505" lon="-124.82387938">
      </trkpt>
      <trkpt lat="51.71442265" lon="-124.82395658">
      </trkpt>
      <trkpt lat="51.71444205" lon="-124.82403699">
      </trkpt>
      <trkpt lat="51.71448194" lon="-124.82410458">
      </trkpt>
      <trkpt lat="51.71451754" lon="-124.82416368">
      </trkpt>
      <trkpt lat="51.71454305" lon="-124.82421938">
      </trkpt>
      <trkpt lat="51.71454405" lon="-124.82428309">
      </trkpt>
      <trkpt lat="51.71455565" lon="-124.82436179">
      </trkpt>
      <trkpt lat="51.71456135" lon="-124.82444328">
      </trkpt>
      <trkpt lat="51.71455905" lon="-124.82451528">
      </trkpt>
      <trkpt lat="51.71455134" lon="-124.82458668">
      </trkpt>
      <trkpt lat="51.71456654" lon="-124.82464648">
      </trkpt>
      <trkpt lat="51.71457885" lon="-124.82471038">
      </trkpt>
      <trkpt lat="51.71460525" lon="-124.82475288">
      </trkpt>
      <trkpt lat="51.71463634" lon="-124.82478077">
      </trkpt>
      <trkpt lat="51.71465374" lon="-124.82482978">
      </trkpt>
      <trkpt lat="51.71468294" lon="-124.82486858">
      </trkpt>
      <trkpt lat="51.71471455" lon="-124.82490599">
      </trkpt>
      <trkpt lat="51.71473904" lon="-124.82495048">
      </trkpt>
      <trkpt lat="51.71476564" lon="-124.82501139">
      </trkpt>
      <trkpt lat="51.71480874" lon="-124.82506798">
      </trkpt>
      <trkpt lat="51.71485824" lon="-124.82508979">
      </trkpt>
      <trkpt lat="51.71490344" lon="-124.82510519">
      </trkpt>
      <trkpt lat="51.71492415" lon="-124.82513488">
      </trkpt>
      <trkpt lat="51.71495385" lon="-124.82517748">
      </trkpt>
      <trkpt lat="51.71497974" lon="-124.82524358">
      </trkpt>
      <trkpt lat="51.71498795" lon="-124.82531258">
      </trkpt>
      <trkpt lat="51.71498564" lon="-124.82538438">
      </trkpt>
      <trkpt lat="51.71499064" lon="-124.82545259">
      </trkpt>
      <trkpt lat="51.71502204" lon="-124.82550358">
      </trkpt>
      <trkpt lat="51.71507994" lon="-124.82552268">
      </trkpt>
      <trkpt lat="51.71512594" lon="-124.82557139">
      </trkpt>
      <trkpt lat="51.71515804" lon="-124.82562529">
      </trkpt>
      <trkpt lat="51.71518914" lon="-124.82566668">
      </trkpt>
      <trkpt lat="51.71523204" lon="-124.82572908">
      </trkpt>
      <trkpt lat="51.71528154" lon="-124.82580239">
      </trkpt>
      <trkpt lat="51.71531804" lon="-124.82587828">
      </trkpt>
      <trkpt lat="51.71534974" lon="-124.82595418">
      </trkpt>
      <trkpt lat="51.71538604" lon="-124.82600039">
      </trkpt>
      <trkpt lat="51.71541814" lon="-124.82602719">
      </trkpt>
      <trkpt lat="51.71545734" lon="-124.82604818">
      </trkpt>
      <trkpt lat="51.71550514" lon="-124.82608108">
      </trkpt>
      <trkpt lat="51.71554914" lon="-124.82613158">
      </trkpt>
      <trkpt lat="51.71558014" lon="-124.82618389">
      </trkpt>
      <trkpt lat="51.71560364" lon="-124.82624439">
      </trkpt>
      <trkpt lat="51.71562164" lon="-124.82628519">
      </trkpt>
      <trkpt lat="51.71565634" lon="-124.82633128">
      </trkpt>
      <trkpt lat="51.71569524" lon="-124.82640208">
      </trkpt>
      <trkpt lat="51.71572844" lon="-124.82645559">
      </trkpt>
      <trkpt lat="51.71576234" lon="-124.82649918">
      </trkpt>
      <trkpt lat="51.71581154" lon="-124.82652809">
      </trkpt>
      <trkpt lat="51.71585854" lon="-124.82655508">
      </trkpt>
      <trkpt lat="51.71588534" lon="-124.82660378">
      </trkpt>
      <trkpt lat="51.71590754" lon="-124.82667428">
      </trkpt>
      <trkpt lat="51.71594594" lon="-124.82671428">
      </trkpt>
      <trkpt lat="51.71598214" lon="-124.82673908">
      </trkpt>
      <trkpt lat="51.71603474" lon="-124.82675649">
      </trkpt>
      <trkpt lat="51.71611674" lon="-124.82678438">
      </trkpt>
      <trkpt lat="51.71613564" lon="-124.82680229">
      </trkpt>
      <trkpt lat="51.71614134" lon="-124.82686278">
      </trkpt>
      <trkpt lat="51.71614384" lon="-124.82693528">
      </trkpt>
      <trkpt lat="51.71613443" lon="-124.82700008">
      </trkpt>
      <trkpt lat="51.71614983" lon="-124.82704298">
      </trkpt>
      <trkpt lat="51.71618184" lon="-124.82710418">
      </trkpt>
      <trkpt lat="51.71621934" lon="-124.82716748">
      </trkpt>
      <trkpt lat="51.71625734" lon="-124.82721518">
      </trkpt>
      <trkpt lat="51.71630144" lon="-124.82724108">
      </trkpt>
      <trkpt lat="51.71633374" lon="-124.82723698">
      </trkpt>
      <trkpt lat="51.71636713" lon="-124.82724089">
      </trkpt>
      <trkpt lat="51.71640893" lon="-124.82725129">
      </trkpt>
      <trkpt lat="51.71646054" lon="-124.82728909">
      </trkpt>
      <trkpt lat="51.71649274" lon="-124.82734339">
      </trkpt>
      <trkpt lat="51.71651454" lon="-124.82739929">
      </trkpt>
      <trkpt lat="51.71653084" lon="-124.82746888">
      </trkpt>
      <trkpt lat="51.71655074" lon="-124.82753909">
      </trkpt>
      <trkpt lat="51.71656544" lon="-124.82758228">
      </trkpt>
      <trkpt lat="51.71658404" lon="-124.82761178">
      </trkpt>
      <trkpt lat="51.71661263" lon="-124.82764389">
      </trkpt>
      <trkpt lat="51.71664094" lon="-124.82769558">
      </trkpt>
      <trkpt lat="51.71667233" lon="-124.82774149">
      </trkpt>
      <trkpt lat="51.71672214" lon="-124.82776909">
      </trkpt>
      <trkpt lat="51.71675324" lon="-124.82781389">
      </trkpt>
      <trkpt lat="51.71678093" lon="-124.82787578">
      </trkpt>
      <trkpt lat="51.71680904" lon="-124.82790708">
      </trkpt>
      <trkpt lat="51.71681564" lon="-124.82794678">
      </trkpt>
      <trkpt lat="51.71684953" lon="-124.82799958">
      </trkpt>
      <trkpt lat="51.71689044" lon="-124.82805808">
      </trkpt>
      <trkpt lat="51.71690804" lon="-124.82816769">
      </trkpt>
      <trkpt lat="51.71693764" lon="-124.82818638">
      </trkpt>
      <trkpt lat="51.71696994" lon="-124.82818778">
      </trkpt>
      <trkpt lat="51.71701194" lon="-124.82818429">
      </trkpt>
      <trkpt lat="51.71704664" lon="-124.82818599">
      </trkpt>
      <trkpt lat="51.71708334" lon="-124.82818898">
      </trkpt>
      <trkpt lat="51.71710714" lon="-124.82820578">
      </trkpt>
      <trkpt lat="51.71713104" lon="-124.82822488">
      </trkpt>
      <trkpt lat="51.71716594" lon="-124.82825729">
      </trkpt>
      <trkpt lat="51.71720494" lon="-124.82828808">
      </trkpt>
      <trkpt lat="51.71723723" lon="-124.82831148">
      </trkpt>
      <trkpt lat="51.71729474" lon="-124.82830179">
      </trkpt>
      <trkpt lat="51.71735553" lon="-124.82830148">
      </trkpt>
      <trkpt lat="51.71739494" lon="-124.82832488">
      </trkpt>
      <trkpt lat="51.71743134" lon="-124.82834849">
      </trkpt>
      <trkpt lat="51.71748193" lon="-124.82835669">
      </trkpt>
      <trkpt lat="51.71753944" lon="-124.82835489">
      </trkpt>
      <trkpt lat="51.71758604" lon="-124.82837749">
      </trkpt>
      <trkpt lat="51.71761294" lon="-124.82839379">
      </trkpt>
      <trkpt lat="51.71765904" lon="-124.82840029">
      </trkpt>
      <trkpt lat="51.71771203" lon="-124.82840268">
      </trkpt>
      <trkpt lat="51.71775544" lon="-124.82841139">
      </trkpt>
      <trkpt lat="51.71777974" lon="-124.82845459">
      </trkpt>
      <trkpt lat="51.71780884" lon="-124.82848419">
      </trkpt>
      <trkpt lat="51.71785524" lon="-124.82849599">
      </trkpt>
      <trkpt lat="51.71791314" lon="-124.82854999">
      </trkpt>
      <trkpt lat="51.71794894" lon="-124.82860999">
      </trkpt>
      <trkpt lat="51.71798334" lon="-124.82862499">
      </trkpt>
      <trkpt lat="51.71802153" lon="-124.82864468">
      </trkpt>
      <trkpt lat="51.71804013" lon="-124.82867419">
      </trkpt>
      <trkpt lat="51.71804204" lon="-124.82871409">
      </trkpt>
      <trkpt lat="51.71806984" lon="-124.82872248">
      </trkpt>
      <trkpt lat="51.71811734" lon="-124.82872039">
      </trkpt>
      <trkpt lat="51.71814914" lon="-124.82870218">
      </trkpt>
      <trkpt lat="51.71818674" lon="-124.82870889">
      </trkpt>
      <trkpt lat="51.71823573" lon="-124.82871029">
      </trkpt>
      <trkpt lat="51.71828374" lon="-124.82871159">
      </trkpt>
      <trkpt lat="51.71831524" lon="-124.82873109">
      </trkpt>
      <trkpt lat="51.71832534" lon="-124.82878119">
      </trkpt>
      <trkpt lat="51.71833444" lon="-124.82883278">
      </trkpt>
      <trkpt lat="51.71835013" lon="-124.82887049">
      </trkpt>
      <trkpt lat="51.71838754" lon="-124.82889479">
      </trkpt>
      <trkpt lat="51.71843804" lon="-124.82891369">
      </trkpt>
      <trkpt lat="51.71847844" lon="-124.82890329">
      </trkpt>
      <trkpt lat="51.71850104" lon="-124.82890319">
      </trkpt>
      <trkpt lat="51.71851184" lon="-124.82890429">
      </trkpt>
      <trkpt lat="51.71853254" lon="-124.82890989">
      </trkpt>
      <trkpt lat="51.71859654" lon="-124.82891429">
      </trkpt>
      <trkpt lat="51.71864834" lon="-124.82889289">
      </trkpt>
      <trkpt lat="51.71870844" lon="-124.82886989">
      </trkpt>
      <trkpt lat="51.71875324" lon="-124.82887089">
      </trkpt>
      <trkpt lat="51.71879294" lon="-124.82887369">
      </trkpt>
      <trkpt lat="51.71883354" lon="-124.82888739">
      </trkpt>
      <trkpt lat="51.71885884" lon="-124.82891829">
      </trkpt>
      <trkpt lat="51.71889164" lon="-124.82895819">
      </trkpt>
      <trkpt lat="51.71890414" lon="-124.829011">
      </trkpt>
      <trkpt lat="51.71891244" lon="-124.8290604">
      </trkpt>
      <trkpt lat="51.71894214" lon="-124.82910499">
      </trkpt>
      <trkpt lat="51.71907294" lon="-124.82912639">
      </trkpt>
      <trkpt lat="51.71911324" lon="-124.829093">
      </trkpt>
      <trkpt lat="51.71914304" lon="-124.82905419">
      </trkpt>
      <trkpt lat="51.71917654" lon="-124.8290268">
      </trkpt>
      <trkpt lat="51.71920364" lon="-124.82900669">
      </trkpt>
      <trkpt lat="51.71922744" lon="-124.82900969">
      </trkpt>
      <trkpt lat="51.71926494" lon="-124.829009">
      </trkpt>
      <trkpt lat="51.71930624" lon="-124.8289905">
      </trkpt>
      <trkpt lat="51.71935234" lon="-124.8289629">
      </trkpt>
      <trkpt lat="51.71939974" lon="-124.82896179">
      </trkpt>
      <trkpt lat="51.71943245" lon="-124.82897019">
      </trkpt>
      <trkpt lat="51.71947224" lon="-124.8289761">
      </trkpt>
      <trkpt lat="51.71952414" lon="-124.8289698">
      </trkpt>
      <trkpt lat="51.71954685" lon="-124.82897009">
      </trkpt>
      <trkpt lat="51.71956335" lon="-124.8289767">
      </trkpt>
      <trkpt lat="51.71960914" lon="-124.8289722">
      </trkpt>
      <trkpt lat="51.71965484" lon="-124.8289911">
      </trkpt>
      <trkpt lat="51.71970025" lon="-124.828983">
      </trkpt>
      <trkpt lat="51.71972815" lon="-124.8289866">
      </trkpt>
      <trkpt lat="51.71974654" lon="-124.8289677">
      </trkpt>
      <trkpt lat="51.71978485" lon="-124.82895689">
      </trkpt>
      <trkpt lat="51.71982734" lon="-124.82896329">
      </trkpt>
      <trkpt lat="51.71987164" lon="-124.82897969">
      </trkpt>
      <trkpt lat="51.71992644" lon="-124.82899939">
      </trkpt>
      <trkpt lat="51.71997174" lon="-124.8290113">
      </trkpt>
      <trkpt lat="51.72001054" lon="-124.8290262">
      </trkpt>
      <trkpt lat="51.72005164" lon="-124.82906699">
      </trkpt>
      <trkpt lat="51.72010414" lon="-124.8291042">
      </trkpt>
      <trkpt lat="51.72016095" lon="-124.8291328">
      </trkpt>
      <trkpt lat="51.72020824" lon="-124.8291594">
      </trkpt>
      <trkpt lat="51.72025374" lon="-124.82918309">
      </trkpt>
      <trkpt lat="51.72029955" lon="-124.8292166">
      </trkpt>
      <trkpt lat="51.72034375" lon="-124.8292503">
      </trkpt>
      <trkpt lat="51.72039504" lon="-124.8292685">
      </trkpt>
      <trkpt lat="51.72044534" lon="-124.82930989">
      </trkpt>
      <trkpt lat="51.72048264" lon="-124.82933909">
      </trkpt>
      <trkpt lat="51.72052344" lon="-124.829371">
      </trkpt>
      <trkpt lat="51.72056385" lon="-124.8293969">
      </trkpt>
      <trkpt lat="51.72059274" lon="-124.8294265">
      </trkpt>
      <trkpt lat="51.72062974" lon="-124.8294601">
      </trkpt>
      <trkpt lat="51.72066135" lon="-124.82948449">
      </trkpt>
      <trkpt lat="51.72070455" lon="-124.82951239">
      </trkpt>
      <trkpt lat="51.72080515" lon="-124.8295906">
      </trkpt>
      <trkpt lat="51.72086025" lon="-124.82962019">
      </trkpt>
      <trkpt lat="51.72091305" lon="-124.8296435">
      </trkpt>
      <trkpt lat="51.72094745" lon="-124.8296729">
      </trkpt>
      <trkpt lat="51.72100034" lon="-124.8297228">
      </trkpt>
      <trkpt lat="51.72104845" lon="-124.8297779">
      </trkpt>
      <trkpt lat="51.72108414" lon="-124.82982631">
      </trkpt>
      <trkpt lat="51.72112015" lon="-124.8298781">
      </trkpt>
      <trkpt lat="51.72115965" lon="-124.8299201">
      </trkpt>
      <trkpt lat="51.72119224" lon="-124.82995889">
      </trkpt>
      <trkpt lat="51.72122975" lon="-124.83000291">
      </trkpt>
      <trkpt lat="51.72127635" lon="-124.8300367">
      </trkpt>
      <trkpt lat="51.72132594" lon="-124.8300731">
      </trkpt>
      <trkpt lat="51.72137104" lon="-124.83011081">
      </trkpt>
      <trkpt lat="51.72141754" lon="-124.8301482">
      </trkpt>
      <trkpt lat="51.72146825" lon="-124.8301884">
      </trkpt>
      <trkpt lat="51.72149364" lon="-124.8302314">
      </trkpt>
      <trkpt lat="51.72153345" lon="-124.8302777">
      </trkpt>
      <trkpt lat="51.72158265" lon="-124.83030441">
      </trkpt>
      <trkpt lat="51.72162874" lon="-124.8303215">
      </trkpt>
      <trkpt lat="51.72168005" lon="-124.83035661">
      </trkpt>
      <trkpt lat="51.72172265" lon="-124.8303839">
      </trkpt>
      <trkpt lat="51.72176304" lon="-124.83041731">
      </trkpt>
      <trkpt lat="51.72180794" lon="-124.8304573">
      </trkpt>
      <trkpt lat="51.72186188" lon="-124.83046902">
      </trkpt>
      <trkpt lat="51.72193999" lon="-124.83046694">
      </trkpt>
      <trkpt lat="51.72198572" lon="-124.83045474">
      </trkpt>
      <trkpt lat="51.72202062" lon="-124.83045536">
      </trkpt>
      <trkpt lat="51.72205973" lon="-124.83045293">
      </trkpt>
      <trkpt lat="51.72208585" lon="-124.83045643">
      </trkpt>
      <trkpt lat="51.72212362" lon="-124.83049336">
      </trkpt>
      <trkpt lat="51.72215786" lon="-124.83052475">
      </trkpt>
      <trkpt lat="51.72220411" lon="-124.83058554">
      </trkpt>
      <trkpt lat="51.72223849" lon="-124.83063098">
      </trkpt>
      <trkpt lat="51.722264" lon="-124.8306598">
      </trkpt>
      <trkpt lat="51.72229746" lon="-124.83069965">
      </trkpt>
      <trkpt lat="51.72231778" lon="-124.83073142">
      </trkpt>
      <trkpt lat="51.72235311" lon="-124.83078386">
      </trkpt>
      <trkpt lat="51.72239201" lon="-124.83084745">
      </trkpt>
      <trkpt lat="51.7224302" lon="-124.83092509">
      </trkpt>
      <trkpt lat="51.72244797" lon="-124.83096736">
      </trkpt>
      <trkpt lat="51.72249673" lon="-124.83095201">
      </trkpt>
      <trkpt lat="51.722542" lon="-124.83091394">
      </trkpt>
      <trkpt lat="51.72256359" lon="-124.8308993">
      </trkpt>
      <trkpt lat="51.72258769" lon="-124.83091798">
      </trkpt>
      <trkpt lat="51.7226184" lon="-124.8309435">
      </trkpt>
      <trkpt lat="51.72268165" lon="-124.83096465">
      </trkpt>
      <trkpt lat="51.7227187" lon="-124.83097243">
      </trkpt>
      <trkpt lat="51.72277724" lon="-124.83095682">
      </trkpt>
      <trkpt lat="51.72284099" lon="-124.83095973">
      </trkpt>
      <trkpt lat="51.72287045" lon="-124.83097124">
      </trkpt>
      <trkpt lat="51.72292001" lon="-124.83092777">
      </trkpt>
      <trkpt lat="51.7229741" lon="-124.83089406">
      </trkpt>
      <trkpt lat="51.72302066" lon="-124.83087701">
      </trkpt>
      <trkpt lat="51.72305854" lon="-124.8308602">
      </trkpt>
      <trkpt lat="51.72308994" lon="-124.83084882">
      </trkpt>
      <trkpt lat="51.72310294" lon="-124.83084496">
      </trkpt>
      <trkpt lat="51.72313462" lon="-124.83085992">
      </trkpt>
      <trkpt lat="51.72316628" lon="-124.83087312">
      </trkpt>
      <trkpt lat="51.72320366" lon="-124.83091427">
      </trkpt>
      <trkpt lat="51.7232334" lon="-124.83095212">
      </trkpt>
      <trkpt lat="51.72326416" lon="-124.83098465">
      </trkpt>
      <trkpt lat="51.72329266" lon="-124.83100673">
      </trkpt>
      <trkpt lat="51.72330797" lon="-124.83101686">
      </trkpt>
      <trkpt lat="51.72332009" lon="-124.83103234">
      </trkpt>
      <trkpt lat="51.72332998" lon="-124.83104262">
      </trkpt>
      <trkpt lat="51.7233409" lon="-124.83104759">
      </trkpt>
      <trkpt lat="51.72336055" lon="-124.83105585">
      </trkpt>
      <trkpt lat="51.72340715" lon="-124.83099516">
      </trkpt>
      <trkpt lat="51.72343382" lon="-124.83096776">
      </trkpt>
      <trkpt lat="51.72346668" lon="-124.83094862">
      </trkpt>
      <trkpt lat="51.72349779" lon="-124.83092952">
      </trkpt>
      <trkpt lat="51.72351939" lon="-124.8309163">
      </trkpt>
      <trkpt lat="51.72355191" lon="-124.83091713">
      </trkpt>
      <trkpt lat="51.72358149" lon="-124.83091915">
      </trkpt>
      <trkpt lat="51.72360678" lon="-124.8309255">
      </trkpt>
      <trkpt lat="51.72364333" lon="-124.83092874">
      </trkpt>
      <trkpt lat="51.72367477" lon="-124.83094195">
      </trkpt>
      <trkpt lat="51.72371482" lon="-124.83094651">
      </trkpt>
      <trkpt lat="51.72373494" lon="-124.83095861">
      </trkpt>
      <trkpt lat="51.72376463" lon="-124.83097046">
      </trkpt>
      <trkpt lat="51.72377431" lon="-124.83098144">
      </trkpt>
      <trkpt lat="51.72379616" lon="-124.83099209">
      </trkpt>
      <trkpt lat="51.72381451" lon="-124.83100004">
      </trkpt>
      <trkpt lat="51.72383205" lon="-124.83101503">
      </trkpt>
      <trkpt lat="51.72386002" lon="-124.83102833">
      </trkpt>
      <trkpt lat="51.72388798" lon="-124.83104163">
      </trkpt>
      <trkpt lat="51.72390533" lon="-124.83105233">
      </trkpt>
      <trkpt lat="51.72393222" lon="-124.83106961">
      </trkpt>
      <trkpt lat="51.72394848" lon="-124.83108176">
      </trkpt>
      <trkpt lat="51.72397649" lon="-124.83109899">
      </trkpt>
      <trkpt lat="51.72399835" lon="-124.8311146">
      </trkpt>
      <trkpt lat="51.72401517" lon="-124.83112673">
      </trkpt>
      <trkpt lat="51.72402804" lon="-124.83113268">
      </trkpt>
      <trkpt lat="51.72404426" lon="-124.83114124">
      </trkpt>
      <trkpt lat="51.72406275" lon="-124.83114001">
      </trkpt>
      <trkpt lat="51.72408005" lon="-124.83113472">
      </trkpt>
      <trkpt lat="51.72409735" lon="-124.83113281">
      </trkpt>
      <trkpt lat="51.72412885" lon="-124.83115392">
      </trkpt>
      <trkpt lat="51.72417215" lon="-124.83120271">
      </trkpt>
      <trkpt lat="51.72427655" lon="-124.83120752">
      </trkpt>
      <trkpt lat="51.72431415" lon="-124.83118422">
      </trkpt>
      <trkpt lat="51.72435715" lon="-124.83115351">
      </trkpt>
      <trkpt lat="51.72440475" lon="-124.83113642">
      </trkpt>
      <trkpt lat="51.72443515" lon="-124.83113441">
      </trkpt>
      <trkpt lat="51.72447336" lon="-124.83114532">
      </trkpt>
      <trkpt lat="51.72450755" lon="-124.83115872">
      </trkpt>
      <trkpt lat="51.72453935" lon="-124.83118601">
      </trkpt>
      <trkpt lat="51.72456716" lon="-124.83118431">
      </trkpt>
      <trkpt lat="51.72459405" lon="-124.83117211">
      </trkpt>
      <trkpt lat="51.72461686" lon="-124.83117062">
      </trkpt>
      <trkpt lat="51.72464715" lon="-124.83115351">
      </trkpt>
      <trkpt lat="51.72466695" lon="-124.83114082">
      </trkpt>
      <trkpt lat="51.72469065" lon="-124.83115402">
      </trkpt>
      <trkpt lat="51.72471875" lon="-124.83116022">
      </trkpt>
      <trkpt lat="51.72475395" lon="-124.83116071">
      </trkpt>
      <trkpt lat="51.72478785" lon="-124.83115631">
      </trkpt>
      <trkpt lat="51.72480715" lon="-124.83115692">
      </trkpt>
      <trkpt lat="51.72482865" lon="-124.83114712">
      </trkpt>
      <trkpt lat="51.72484776" lon="-124.83114871">
      </trkpt>
      <trkpt lat="51.72487326" lon="-124.83115502">
      </trkpt>
      <trkpt lat="51.72489485" lon="-124.83113442">
      </trkpt>
      <trkpt lat="51.72491355" lon="-124.83110172">
      </trkpt>
      <trkpt lat="51.72492826" lon="-124.83106791">
      </trkpt>
      <trkpt lat="51.72493615" lon="-124.83103372">
      </trkpt>
      <trkpt lat="51.72494185" lon="-124.83101911">
      </trkpt>
      <trkpt lat="51.72493545" lon="-124.83100291">
      </trkpt>
      <trkpt lat="51.72493906" lon="-124.83096081">
      </trkpt>
      <trkpt lat="51.72495615" lon="-124.83092192">
      </trkpt>
      <trkpt lat="51.72497655" lon="-124.83091612">
      </trkpt>
      <trkpt lat="51.72500526" lon="-124.83093492">
      </trkpt>
      <trkpt lat="51.72503815" lon="-124.83096201">
      </trkpt>
      <trkpt lat="51.72503896" lon="-124.83100122">
      </trkpt>
      <trkpt lat="51.72504916" lon="-124.83102532">
      </trkpt>
      <trkpt lat="51.72506186" lon="-124.83104482">
      </trkpt>
      <trkpt lat="51.72507266" lon="-124.83105301">
      </trkpt>
      <trkpt lat="51.72509265" lon="-124.83105252">
      </trkpt>
      <trkpt lat="51.72511366" lon="-124.83105041">
      </trkpt>
      <trkpt lat="51.72513886" lon="-124.83105401">
      </trkpt>
      <trkpt lat="51.72516935" lon="-124.83107351">
      </trkpt>
      <trkpt lat="51.72519966" lon="-124.83108391">
      </trkpt>
      <trkpt lat="51.72522296" lon="-124.83110421">
      </trkpt>
      <trkpt lat="51.72524555" lon="-124.83112012">
      </trkpt>
      <trkpt lat="51.72526916" lon="-124.83113122">
      </trkpt>
      <trkpt lat="51.72528665" lon="-124.83113841">
      </trkpt>
      <trkpt lat="51.72529956" lon="-124.83114642">
      </trkpt>
      <trkpt lat="51.72531205" lon="-124.83115571">
      </trkpt>
      <trkpt lat="51.72532455" lon="-124.83120482">
      </trkpt>
      <trkpt lat="51.72542346" lon="-124.83142422">
      </trkpt>
      <trkpt lat="51.72546915" lon="-124.83145322">
      </trkpt>
      <trkpt lat="51.72551166" lon="-124.83149073">
      </trkpt>
      <trkpt lat="51.72555536" lon="-124.83152831">
      </trkpt>
      <trkpt lat="51.72559305" lon="-124.83153982">
      </trkpt>
      <trkpt lat="51.72563336" lon="-124.83156042">
      </trkpt>
      <trkpt lat="51.72567656" lon="-124.83158482">
      </trkpt>
      <trkpt lat="51.72571725" lon="-124.83159893">
      </trkpt>
      <trkpt lat="51.72575805" lon="-124.83161142">
      </trkpt>
      <trkpt lat="51.72580076" lon="-124.83160672">
      </trkpt>
      <trkpt lat="51.72584105" lon="-124.83160802">
      </trkpt>
      <trkpt lat="51.72588075" lon="-124.83164923">
      </trkpt>
      <trkpt lat="51.72596288" lon="-124.83169053">
      </trkpt>
      <trkpt lat="51.72607157" lon="-124.83174379">
      </trkpt>
      <trkpt lat="51.72617267" lon="-124.83180974">
      </trkpt>
      <trkpt lat="51.72627053" lon="-124.83193817">
      </trkpt>
      <trkpt lat="51.72632516" lon="-124.83199287">
      </trkpt>
      <trkpt lat="51.72638777" lon="-124.83207232">
      </trkpt>
      <trkpt lat="51.72649266" lon="-124.83213193">
      </trkpt>
      <trkpt lat="51.72658185" lon="-124.83216699">
      </trkpt>
      <trkpt lat="51.72665464" lon="-124.83218645">
      </trkpt>
      <trkpt lat="51.72670588" lon="-124.83220734">
      </trkpt>
      <trkpt lat="51.72676906" lon="-124.83222884">
      </trkpt>
      <trkpt lat="51.72685851" lon="-124.83226441">
      </trkpt>
      <trkpt lat="51.72691217" lon="-124.8322826">
      </trkpt>
      <trkpt lat="51.7269731" lon="-124.83230061">
      </trkpt>
      <trkpt lat="51.72712288" lon="-124.83236878">
      </trkpt>
      <trkpt lat="51.72723497" lon="-124.83245366">
      </trkpt>
      <trkpt lat="51.72730984" lon="-124.83252355">
      </trkpt>
      <trkpt lat="51.72737228" lon="-124.83258578">
      </trkpt>
      <trkpt lat="51.72743965" lon="-124.83264788">
      </trkpt>
      <trkpt lat="51.72751769" lon="-124.83278559">
      </trkpt>
      <trkpt lat="51.72762553" lon="-124.83293847">
      </trkpt>
      <trkpt lat="51.72768335" lon="-124.83303278">
      </trkpt>
      <trkpt lat="51.72775842" lon="-124.83312264">
      </trkpt>
      <trkpt lat="51.72781347" lon="-124.83319074">
      </trkpt>
      <trkpt lat="51.72786445" lon="-124.83322619">
      </trkpt>
      <trkpt lat="51.72791406" lon="-124.83325145">
      </trkpt>
      <trkpt lat="51.72797639" lon="-124.83328252">
      </trkpt>
      <trkpt lat="51.72806025" lon="-124.83331504">
      </trkpt>
      <trkpt lat="51.7281455" lon="-124.8333598">
      </trkpt>
      <trkpt lat="51.72823521" lon="-124.83344256">
      </trkpt>
      <trkpt lat="51.72830333" lon="-124.8335302">
      </trkpt>
      <trkpt lat="51.72835773" lon="-124.8336278">
      </trkpt>
      <trkpt lat="51.72844977" lon="-124.83373398">
      </trkpt>
      <trkpt lat="51.72850564" lon="-124.83378362">
      </trkpt>
      <trkpt lat="51.72856136" lon="-124.83381728">
      </trkpt>
      <trkpt lat="51.72862132" lon="-124.83387959">
      </trkpt>
      <trkpt lat="51.72874032" lon="-124.83391476">
      </trkpt>
      <trkpt lat="51.7288335" lon="-124.83393784">
      </trkpt>
      <trkpt lat="51.72893432" lon="-124.83393515">
      </trkpt>
      <trkpt lat="51.72898992" lon="-124.83395764">
      </trkpt>
      <trkpt lat="51.72903478" lon="-124.83399239">
      </trkpt>
      <trkpt lat="51.72906767" lon="-124.83406741">
      </trkpt>
      <trkpt lat="51.72909295" lon="-124.83412265">
      </trkpt>
      <trkpt lat="51.72913026" lon="-124.83412313">
      </trkpt>
      <trkpt lat="51.72919766" lon="-124.83409104">
      </trkpt>
      <trkpt lat="51.72921276" lon="-124.83408443">
      </trkpt>
      <trkpt lat="51.72922886" lon="-124.83406853">
      </trkpt>
      <trkpt lat="51.72923136" lon="-124.83406713">
      </trkpt>
      <trkpt lat="51.72923476" lon="-124.83406524">
      </trkpt>
      <trkpt lat="51.72924286" lon="-124.83404664">
      </trkpt>
      <trkpt lat="51.72925296" lon="-124.83403623">
      </trkpt>
      <trkpt lat="51.72926826" lon="-124.83402183">
      </trkpt>
      <trkpt lat="51.72930447" lon="-124.83396993">
      </trkpt>
      <trkpt lat="51.72932687" lon="-124.83393213">
      </trkpt>
      <trkpt lat="51.72935077" lon="-124.83390434">
      </trkpt>
      <trkpt lat="51.72937706" lon="-124.83389414">
      </trkpt>
      <trkpt lat="51.72940476" lon="-124.83389184">
      </trkpt>
      <trkpt lat="51.72944726" lon="-124.83390423">
      </trkpt>
      <trkpt lat="51.72947637" lon="-124.83392013">
      </trkpt>
      <trkpt lat="51.72950426" lon="-124.83391653">
      </trkpt>
      <trkpt lat="51.72954157" lon="-124.83392604">
      </trkpt>
      <trkpt lat="51.72957126" lon="-124.83393414">
      </trkpt>
      <trkpt lat="51.72967397" lon="-124.83396813">
      </trkpt>
      <trkpt lat="51.72969596" lon="-124.83395734">
      </trkpt>
      <trkpt lat="51.72970846" lon="-124.83394874">
      </trkpt>
      <trkpt lat="51.72975527" lon="-124.83395273">
      </trkpt>
      <trkpt lat="51.72979727" lon="-124.83394933">
      </trkpt>
      <trkpt lat="51.72981667" lon="-124.83395263">
      </trkpt>
      <trkpt lat="51.72983726" lon="-124.83396693">
      </trkpt>
      <trkpt lat="51.72985076" lon="-124.83398674">
      </trkpt>
      <trkpt lat="51.72985797" lon="-124.83400563">
      </trkpt>
      <trkpt lat="51.72986847" lon="-124.83401024">
      </trkpt>
      <trkpt lat="51.72988096" lon="-124.83402993">
      </trkpt>
      <trkpt lat="51.72989297" lon="-124.83405184">
      </trkpt>
      <trkpt lat="51.72989757" lon="-124.83405923">
      </trkpt>
      <trkpt lat="51.72990557" lon="-124.83406664">
      </trkpt>
      <trkpt lat="51.72992736" lon="-124.83407534">
      </trkpt>
      <trkpt lat="51.72995457" lon="-124.83408184">
      </trkpt>
      <trkpt lat="51.72997586" lon="-124.83408993">
      </trkpt>
      <trkpt lat="51.72999096" lon="-124.83409473">
      </trkpt>
      <trkpt lat="51.73002226" lon="-124.83408333">
      </trkpt>
      <trkpt lat="51.73007387" lon="-124.83406714">
      </trkpt>
      <trkpt lat="51.73008856" lon="-124.83406244">
      </trkpt>
      <trkpt lat="51.73009157" lon="-124.83405843">
      </trkpt>
      <trkpt lat="51.73014416" lon="-124.83401974">
      </trkpt>
      <trkpt lat="51.73019127" lon="-124.83400124">
      </trkpt>
      <trkpt lat="51.73024746" lon="-124.83399444">
      </trkpt>
      <trkpt lat="51.73028367" lon="-124.83400464">
      </trkpt>
      <trkpt lat="51.73031737" lon="-124.83401183">
      </trkpt>
      <trkpt lat="51.73034776" lon="-124.83401174">
      </trkpt>
      <trkpt lat="51.73039187" lon="-124.83401394">
      </trkpt>
      <trkpt lat="51.73043617" lon="-124.83402353">
      </trkpt>
      <trkpt lat="51.73045407" lon="-124.83402354">
      </trkpt>
      <trkpt lat="51.73049967" lon="-124.83401994">
      </trkpt>
      <trkpt lat="51.73054446" lon="-124.83401543">
      </trkpt>
      <trkpt lat="51.73058966" lon="-124.83401704">
      </trkpt>
      <trkpt lat="51.73061747" lon="-124.83401664">
      </trkpt>
      <trkpt lat="51.73063227" lon="-124.83401704">
      </trkpt>
      <trkpt lat="51.73065407" lon="-124.83402074">
      </trkpt>
      <trkpt lat="51.73067697" lon="-124.83400693">
      </trkpt>
      <trkpt lat="51.73071097" lon="-124.83400494">
      </trkpt>
      <trkpt lat="51.73072217" lon="-124.83400954">
      </trkpt>
      <trkpt lat="51.73074677" lon="-124.83401103">
      </trkpt>
      <trkpt lat="51.73079517" lon="-124.83402864">
      </trkpt>
      <trkpt lat="51.73081927" lon="-124.83405535">
      </trkpt>
      <trkpt lat="51.73083197" lon="-124.83407844">
      </trkpt>
      <trkpt lat="51.73085007" lon="-124.83410564">
      </trkpt>
      <trkpt lat="51.73086227" lon="-124.83410614">
      </trkpt>
      <trkpt lat="51.73090067" lon="-124.83412074">
      </trkpt>
      <trkpt lat="51.73095177" lon="-124.83414284">
      </trkpt>
      <trkpt lat="51.73099477" lon="-124.83415123">
      </trkpt>
      <trkpt lat="51.73103447" lon="-124.83416954">
      </trkpt>
      <trkpt lat="51.73107897" lon="-124.83418925">
      </trkpt>
      <trkpt lat="51.73111757" lon="-124.83418474">
      </trkpt>
      <trkpt lat="51.73113807" lon="-124.83417194">
      </trkpt>
      <trkpt lat="51.73116347" lon="-124.83416525">
      </trkpt>
      <trkpt lat="51.73121997" lon="-124.83416524">
      </trkpt>
      <trkpt lat="51.73126517" lon="-124.83418384">
      </trkpt>
      <trkpt lat="51.73131737" lon="-124.83420715">
      </trkpt>
      <trkpt lat="51.73134997" lon="-124.83423274">
      </trkpt>
      <trkpt lat="51.73135887" lon="-124.83425824">
      </trkpt>
      <trkpt lat="51.73136787" lon="-124.83428105">
      </trkpt>
      <trkpt lat="51.73137697" lon="-124.83429294">
      </trkpt>
      <trkpt lat="51.73138827" lon="-124.83431934">
      </trkpt>
      <trkpt lat="51.73140087" lon="-124.83432914">
      </trkpt>
      <trkpt lat="51.73140418" lon="-124.83433234">
      </trkpt>
      <trkpt lat="51.73141367" lon="-124.83433615">
      </trkpt>
      <trkpt lat="51.73146117" lon="-124.83435814">
      </trkpt>
      <trkpt lat="51.73151418" lon="-124.83437795">
      </trkpt>
      <trkpt lat="51.73155227" lon="-124.83439984">
      </trkpt>
      <trkpt lat="51.73157147" lon="-124.83441694">
      </trkpt>
      <trkpt lat="51.73159887" lon="-124.83442134">
      </trkpt>
      <trkpt lat="51.73162953" lon="-124.83444487">
      </trkpt>
      <trkpt lat="51.73167084" lon="-124.83446133">
      </trkpt>
      <trkpt lat="51.7317012" lon="-124.83447056">
      </trkpt>
      <trkpt lat="51.73172393" lon="-124.83449127">
      </trkpt>
      <trkpt lat="51.73174507" lon="-124.83450828">
      </trkpt>
      <trkpt lat="51.73175839" lon="-124.83452047">
      </trkpt>
      <trkpt lat="51.73177632" lon="-124.83452877">
      </trkpt>
      <trkpt lat="51.73179036" lon="-124.83453467">
      </trkpt>
      <trkpt lat="51.73180984" lon="-124.83454168">
      </trkpt>
      <trkpt lat="51.73183861" lon="-124.83454593">
      </trkpt>
      <trkpt lat="51.73186112" lon="-124.83454533">
      </trkpt>
      <trkpt lat="51.73187988" lon="-124.83454654">
      </trkpt>
      <trkpt lat="51.73188587" lon="-124.83455635">
      </trkpt>
      <trkpt lat="51.73190647" lon="-124.83456454">
      </trkpt>
      <trkpt lat="51.73194927" lon="-124.83459674">
      </trkpt>
      <trkpt lat="51.73200277" lon="-124.83461845">
      </trkpt>
      <trkpt lat="51.73206358" lon="-124.83467034">
      </trkpt>
      <trkpt lat="51.73209418" lon="-124.83468945">
      </trkpt>
      <trkpt lat="51.73211658" lon="-124.83470644">
      </trkpt>
      <trkpt lat="51.73214538" lon="-124.83471535">
      </trkpt>
      <trkpt lat="51.73218228" lon="-124.83472144">
      </trkpt>
      <trkpt lat="51.73221167" lon="-124.83473384">
      </trkpt>
      <trkpt lat="51.73225537" lon="-124.83474284">
      </trkpt>
      <trkpt lat="51.73228598" lon="-124.83475995">
      </trkpt>
      <trkpt lat="51.73230898" lon="-124.83477135">
      </trkpt>
      <trkpt lat="51.73233207" lon="-124.83478794">
      </trkpt>
      <trkpt lat="51.73235917" lon="-124.83480445">
      </trkpt>
      <trkpt lat="51.73236788" lon="-124.83481324">
      </trkpt>
      <trkpt lat="51.73239698" lon="-124.83481905">
      </trkpt>
      <trkpt lat="51.73240617" lon="-124.83481805">
      </trkpt>
      <trkpt lat="51.73241717" lon="-124.83482415">
      </trkpt>
      <trkpt lat="51.73244228" lon="-124.83483935">
      </trkpt>
      <trkpt lat="51.73246128" lon="-124.83485385">
      </trkpt>
      <trkpt lat="51.73248038" lon="-124.83488494">
      </trkpt>
      <trkpt lat="51.73250857" lon="-124.83492914">
      </trkpt>
      <trkpt lat="51.73253168" lon="-124.83495064">
      </trkpt>
      <trkpt lat="51.73255007" lon="-124.83498414">
      </trkpt>
      <trkpt lat="51.73257868" lon="-124.83500415">
      </trkpt>
      <trkpt lat="51.73260698" lon="-124.83502204">
      </trkpt>
      <trkpt lat="51.73264308" lon="-124.83503854">
      </trkpt>
      <trkpt lat="51.73268437" lon="-124.83506314">
      </trkpt>
      <trkpt lat="51.73272258" lon="-124.83508154">
      </trkpt>
      <trkpt lat="51.73274598" lon="-124.83511075">
      </trkpt>
      <trkpt lat="51.73278268" lon="-124.83514475">
      </trkpt>
      <trkpt lat="51.73281698" lon="-124.83518104">
      </trkpt>
      <trkpt lat="51.73284528" lon="-124.83520265">
      </trkpt>
      <trkpt lat="51.73289948" lon="-124.83526735">
      </trkpt>
      <trkpt lat="51.73292408" lon="-124.83527274">
      </trkpt>
      <trkpt lat="51.73294558" lon="-124.83528354">
      </trkpt>
      <trkpt lat="51.73297198" lon="-124.83528984">
      </trkpt>
      <trkpt lat="51.73300947" lon="-124.83528455">
      </trkpt>
      <trkpt lat="51.73305328" lon="-124.83528395">
      </trkpt>
      <trkpt lat="51.73310178" lon="-124.83529754">
      </trkpt>
      <trkpt lat="51.73313538" lon="-124.83530294">
      </trkpt>
      <trkpt lat="51.73315898" lon="-124.83530465">
      </trkpt>
      <trkpt lat="51.73318218" lon="-124.83532404">
      </trkpt>
      <trkpt lat="51.73321068" lon="-124.83535365">
      </trkpt>
      <trkpt lat="51.73324998" lon="-124.83536875">
      </trkpt>
      <trkpt lat="51.73332608" lon="-124.83535295">
      </trkpt>
      <trkpt lat="51.73335568" lon="-124.83533395">
      </trkpt>
      <trkpt lat="51.73339768" lon="-124.83533225">
      </trkpt>
      <trkpt lat="51.73343778" lon="-124.83533144">
      </trkpt>
      <trkpt lat="51.73346188" lon="-124.83533685">
      </trkpt>
      <trkpt lat="51.73347998" lon="-124.83534015">
      </trkpt>
      <trkpt lat="51.73349738" lon="-124.83533644">
      </trkpt>
      <trkpt lat="51.73351688" lon="-124.83532765">
      </trkpt>
      <trkpt lat="51.73354778" lon="-124.83533335">
      </trkpt>
      <trkpt lat="51.73357398" lon="-124.83535075">
      </trkpt>
      <trkpt lat="51.73359878" lon="-124.83536585">
      </trkpt>
      <trkpt lat="51.73361728" lon="-124.83537266">
      </trkpt>
      <trkpt lat="51.73363748" lon="-124.83536265">
      </trkpt>
      <trkpt lat="51.73365928" lon="-124.83536155">
      </trkpt>
      <trkpt lat="51.73372238" lon="-124.83537634">
      </trkpt>
      <trkpt lat="51.73377658" lon="-124.83536475">
      </trkpt>
      <trkpt lat="51.73381508" lon="-124.83536135">
      </trkpt>
      <trkpt lat="51.73385188" lon="-124.83537276">
      </trkpt>
      <trkpt lat="51.73388868" lon="-124.83536445">
      </trkpt>
      <trkpt lat="51.73392098" lon="-124.83534985">
      </trkpt>
      <trkpt lat="51.73394128" lon="-124.83534605">
      </trkpt>
      <trkpt lat="51.73397509" lon="-124.83534625">
      </trkpt>
      <trkpt lat="51.73400438" lon="-124.83533855">
      </trkpt>
      <trkpt lat="51.73402818" lon="-124.83533225">
      </trkpt>
      <trkpt lat="51.73405069" lon="-124.83532816">
      </trkpt>
      <trkpt lat="51.73408299" lon="-124.83533116">
      </trkpt>
      <trkpt lat="51.73412758" lon="-124.83533386">
      </trkpt>
      <trkpt lat="51.73416598" lon="-124.83533595">
      </trkpt>
      <trkpt lat="51.73419088" lon="-124.83534985">
      </trkpt>
      <trkpt lat="51.73424718" lon="-124.83536725">
      </trkpt>
      <trkpt lat="51.73430208" lon="-124.83536695">
      </trkpt>
      <trkpt lat="51.73434089" lon="-124.83537945">
      </trkpt>
      <trkpt lat="51.73438398" lon="-124.83539936">
      </trkpt>
      <trkpt lat="51.73439688" lon="-124.83540335">
      </trkpt>
      <trkpt lat="51.73439968" lon="-124.83540586">
      </trkpt>
      <trkpt lat="51.73441178" lon="-124.83541525">
      </trkpt>
      <trkpt lat="51.73446088" lon="-124.83542395">
      </trkpt>
      <trkpt lat="51.73450458" lon="-124.83542375">
      </trkpt>
      <trkpt lat="51.73454319" lon="-124.83542285">
      </trkpt>
      <trkpt lat="51.73457928" lon="-124.83543486">
      </trkpt>
      <trkpt lat="51.73462879" lon="-124.83542275">
      </trkpt>
      <trkpt lat="51.73468079" lon="-124.83540456">
      </trkpt>
      <trkpt lat="51.73471419" lon="-124.83541255">
      </trkpt>
      <trkpt lat="51.73475599" lon="-124.83542395">
      </trkpt>
      <trkpt lat="51.73481978" lon="-124.83541415">
      </trkpt>
      <trkpt lat="51.73485999" lon="-124.83540145">
      </trkpt>
      <trkpt lat="51.73491078" lon="-124.83540065">
      </trkpt>
      <trkpt lat="51.73495398" lon="-124.83538056">
      </trkpt>
      <trkpt lat="51.73498119" lon="-124.83536496">
      </trkpt>
      <trkpt lat="51.73500889" lon="-124.83533576">
      </trkpt>
      <trkpt lat="51.73505429" lon="-124.83530485">
      </trkpt>
      <trkpt lat="51.73510709" lon="-124.83528876">
      </trkpt>
      <trkpt lat="51.73514459" lon="-124.83529115">
      </trkpt>
      <trkpt lat="51.73519815" lon="-124.83525952">
      </trkpt>
      <trkpt lat="51.73522836" lon="-124.83524429">
      </trkpt>
      <trkpt lat="51.73525952" lon="-124.83523624">
      </trkpt>
      <trkpt lat="51.73527474" lon="-124.83524017">
      </trkpt>
      <trkpt lat="51.73529" lon="-124.83524842">
      </trkpt>
      <trkpt lat="51.73530166" lon="-124.83525388">
      </trkpt>
      <trkpt lat="51.7353286" lon="-124.83526903">
      </trkpt>
      <trkpt lat="51.73535466" lon="-124.83528565">
      </trkpt>
      <trkpt lat="51.73537177" lon="-124.83529963">
      </trkpt>
      <trkpt lat="51.73540386" lon="-124.83529444">
      </trkpt>
      <trkpt lat="51.7354297" lon="-124.83528943">
      </trkpt>
      <trkpt lat="51.73544929" lon="-124.83528457">
      </trkpt>
      <trkpt lat="51.73548687" lon="-124.83529223">
      </trkpt>
      <trkpt lat="51.73551103" lon="-124.83530213">
      </trkpt>
      <trkpt lat="51.73554196" lon="-124.83532324">
      </trkpt>
      <trkpt lat="51.73558374" lon="-124.8353318">
      </trkpt>
      <trkpt lat="51.73561729" lon="-124.83532975">
      </trkpt>
      <trkpt lat="51.73564879" lon="-124.83533699">
      </trkpt>
      <trkpt lat="51.73567929" lon="-124.83533175">
      </trkpt>
      <trkpt lat="51.73571094" lon="-124.83533764">
      </trkpt>
      <trkpt lat="51.73573168" lon="-124.83534055">
      </trkpt>
      <trkpt lat="51.73575873" lon="-124.83533176">
      </trkpt>
      <trkpt lat="51.73579263" lon="-124.83529392">
      </trkpt>
      <trkpt lat="51.7358223" lon="-124.83526643">
      </trkpt>
      <trkpt lat="51.73584119" lon="-124.83522785">
      </trkpt>
      <trkpt lat="51.73585512" lon="-124.83519499">
      </trkpt>
      <trkpt lat="51.73589945" lon="-124.83520327">
      </trkpt>
      <trkpt lat="51.73596471" lon="-124.83517386">
      </trkpt>
      <trkpt lat="51.73600555" lon="-124.83514508">
      </trkpt>
      <trkpt lat="51.73603857" lon="-124.83513312">
      </trkpt>
      <trkpt lat="51.73606082" lon="-124.83512883">
      </trkpt>
      <trkpt lat="51.73608049" lon="-124.83515325">
      </trkpt>
      <trkpt lat="51.73610311" lon="-124.83518589">
      </trkpt>
      <trkpt lat="51.73612702" lon="-124.8352342">
      </trkpt>
      <trkpt lat="51.73615031" lon="-124.83527606">
      </trkpt>
      <trkpt lat="51.73617657" lon="-124.83532983">
      </trkpt>
      <trkpt lat="51.73618878" lon="-124.83535075">
      </trkpt>
      <trkpt lat="51.73622568" lon="-124.8354164">
      </trkpt>
      <trkpt lat="51.73625461" lon="-124.83545172">
      </trkpt>
      <trkpt lat="51.7362808" lon="-124.83548131">
      </trkpt>
      <trkpt lat="51.73631154" lon="-124.83551801">
      </trkpt>
      <trkpt lat="51.73633333" lon="-124.83555494">
      </trkpt>
      <trkpt lat="51.73635413" lon="-124.83558036">
      </trkpt>
      <trkpt lat="51.73638843" lon="-124.83561696">
      </trkpt>
      <trkpt lat="51.73640647" lon="-124.83563524">
      </trkpt>
      <trkpt lat="51.73642172" lon="-124.83564205">
      </trkpt>
      <trkpt lat="51.73644863" lon="-124.83565432">
      </trkpt>
      <trkpt lat="51.73647023" lon="-124.83567106">
      </trkpt>
      <trkpt lat="51.73650701" lon="-124.83568883">
      </trkpt>
      <trkpt lat="51.7365474" lon="-124.83570941">
      </trkpt>
      <trkpt lat="51.73658328" lon="-124.83572036">
      </trkpt>
      <trkpt lat="51.73661819" lon="-124.83572953">
      </trkpt>
      <trkpt lat="51.73665425" lon="-124.8357632">
      </trkpt>
      <trkpt lat="51.73667589" lon="-124.83578426">
      </trkpt>
      <trkpt lat="51.73670384" lon="-124.83581093">
      </trkpt>
      <trkpt lat="51.73673351" lon="-124.83583179">
      </trkpt>
      <trkpt lat="51.73676873" lon="-124.83587126">
      </trkpt>
      <trkpt lat="51.73677688" lon="-124.83588257">
      </trkpt>
      <trkpt lat="51.73682349" lon="-124.8359001">
      </trkpt>
      <trkpt lat="51.73683345" lon="-124.83591426">
      </trkpt>
      <trkpt lat="51.73688022" lon="-124.83597116">
      </trkpt>
      <trkpt lat="51.73693236" lon="-124.83601853">
      </trkpt>
      <trkpt lat="51.73695125" lon="-124.83603355">
      </trkpt>
      <trkpt lat="51.73697014" lon="-124.83604782">
      </trkpt>
      <trkpt lat="51.73698673" lon="-124.83606142">
      </trkpt>
      <trkpt lat="51.7370288" lon="-124.83607576">
      </trkpt>
      <trkpt lat="51.7370781" lon="-124.83606137">
      </trkpt>
      <trkpt lat="51.73710419" lon="-124.83605987">
      </trkpt>
      <trkpt lat="51.73712319" lon="-124.83607407">
      </trkpt>
      <trkpt lat="51.73715169" lon="-124.83607676">
      </trkpt>
      <trkpt lat="51.73717179" lon="-124.83609037">
      </trkpt>
      <trkpt lat="51.73720809" lon="-124.83609246">
      </trkpt>
      <trkpt lat="51.73725929" lon="-124.83607616">
      </trkpt>
      <trkpt lat="51.73731749" lon="-124.83606916">
      </trkpt>
      <trkpt lat="51.73737649" lon="-124.83607627">
      </trkpt>
      <trkpt lat="51.7374259" lon="-124.83608167">
      </trkpt>
      <trkpt lat="51.73745729" lon="-124.83608577">
      </trkpt>
      <trkpt lat="51.7374879" lon="-124.83611187">
      </trkpt>
      <trkpt lat="51.73749729" lon="-124.83611877">
      </trkpt>
      <trkpt lat="51.7375078" lon="-124.83613417">
      </trkpt>
      <trkpt lat="51.7375361" lon="-124.83615266">
      </trkpt>
      <trkpt lat="51.7375811" lon="-124.83615097">
      </trkpt>
      <trkpt lat="51.7376241" lon="-124.83613787">
      </trkpt>
      <trkpt lat="51.7376601" lon="-124.83612767">
      </trkpt>
      <trkpt lat="51.7376971" lon="-124.83611556">
      </trkpt>
      <trkpt lat="51.7377351" lon="-124.83611917">
      </trkpt>
      <trkpt lat="51.73775" lon="-124.83610486">
      </trkpt>
      <trkpt lat="51.7377582" lon="-124.83609377">
      </trkpt>
      <trkpt lat="51.73776779" lon="-124.83608967">
      </trkpt>
      <trkpt lat="51.7378005" lon="-124.83607847">
      </trkpt>
      <trkpt lat="51.7378859" lon="-124.83609847">
      </trkpt>
      <trkpt lat="51.7379404" lon="-124.83613767">
      </trkpt>
      <trkpt lat="51.73796919" lon="-124.83615157">
      </trkpt>
      <trkpt lat="51.7379918" lon="-124.83618028">
      </trkpt>
      <trkpt lat="51.7380092" lon="-124.83619527">
      </trkpt>
      <trkpt lat="51.7380152" lon="-124.83619607">
      </trkpt>
      <trkpt lat="51.7380179" lon="-124.83619517">
      </trkpt>
      <trkpt lat="51.738022" lon="-124.83619437">
      </trkpt>
      <trkpt lat="51.7380432" lon="-124.83618726">
      </trkpt>
      <trkpt lat="51.7380942" lon="-124.83617927">
      </trkpt>
      <trkpt lat="51.7381321" lon="-124.83618927">
      </trkpt>
      <trkpt lat="51.7381469" lon="-124.83620097">
      </trkpt>
      <trkpt lat="51.7381667" lon="-124.83620347">
      </trkpt>
      <trkpt lat="51.7382027" lon="-124.83619547">
      </trkpt>
      <trkpt lat="51.7382347" lon="-124.83618067">
      </trkpt>
      <trkpt lat="51.7382584" lon="-124.83617267">
      </trkpt>
      <trkpt lat="51.7383116" lon="-124.83615137">
      </trkpt>
      <trkpt lat="51.7383422" lon="-124.83612247">
      </trkpt>
      <trkpt lat="51.7383633" lon="-124.83609688">
      </trkpt>
      <trkpt lat="51.7383815" lon="-124.83606717">
      </trkpt>
      <trkpt lat="51.7384128" lon="-124.83607427">
      </trkpt>
      <trkpt lat="51.738458" lon="-124.83607667">
      </trkpt>
      <trkpt lat="51.7385762" lon="-124.83615747">
      </trkpt>
      <trkpt lat="51.7385981" lon="-124.83620988">
      </trkpt>
      <trkpt lat="51.7386703" lon="-124.83619787">
      </trkpt>
      <trkpt lat="51.7387179" lon="-124.83619427">
      </trkpt>
      <trkpt lat="51.7387514" lon="-124.83622057">
      </trkpt>
      <trkpt lat="51.738796" lon="-124.83622917">
      </trkpt>
      <trkpt lat="51.73884711" lon="-124.83622007">
      </trkpt>
      <trkpt lat="51.7388845" lon="-124.83620368">
      </trkpt>
      <trkpt lat="51.7389254" lon="-124.83620017">
      </trkpt>
      <trkpt lat="51.7389621" lon="-124.83621597">
      </trkpt>
      <trkpt lat="51.7389984" lon="-124.83626007">
      </trkpt>
      <trkpt lat="51.7390165" lon="-124.83629977">
      </trkpt>
      <trkpt lat="51.7390637" lon="-124.83632068">
      </trkpt>
      <trkpt lat="51.7391101" lon="-124.83635697">
      </trkpt>
      <trkpt lat="51.73918211" lon="-124.83639887">
      </trkpt>
      <trkpt lat="51.7392247" lon="-124.83640397">
      </trkpt>
      <trkpt lat="51.7392579" lon="-124.83639728">
      </trkpt>
      <trkpt lat="51.73928901" lon="-124.83639748">
      </trkpt>
      <trkpt lat="51.7393372" lon="-124.83639968">
      </trkpt>
      <trkpt lat="51.7393774" lon="-124.83640567">
      </trkpt>
      <trkpt lat="51.7394129" lon="-124.83643158">
      </trkpt>
      <trkpt lat="51.73943821" lon="-124.83644448">
      </trkpt>
      <trkpt lat="51.73947701" lon="-124.83645018">
      </trkpt>
      <trkpt lat="51.7395218" lon="-124.83645338">
      </trkpt>
      <trkpt lat="51.73955991" lon="-124.83646957">
      </trkpt>
      <trkpt lat="51.7395822" lon="-124.83648048">
      </trkpt>
      <trkpt lat="51.73959741" lon="-124.83649327">
      </trkpt>
      <trkpt lat="51.7396247" lon="-124.83653358">
      </trkpt>
      <trkpt lat="51.7396319" lon="-124.83654967">
      </trkpt>
      <trkpt lat="51.73961431" lon="-124.83667248">
      </trkpt>
      <trkpt lat="51.73960971" lon="-124.83667647">
      </trkpt>
      <trkpt lat="51.7396038" lon="-124.83668008">
      </trkpt>
      <trkpt lat="51.7396019" lon="-124.83668908">
      </trkpt>
      <trkpt lat="51.7395916" lon="-124.83673937">
      </trkpt>
      <trkpt lat="51.7395927" lon="-124.83678487">
      </trkpt>
      <trkpt lat="51.7395953" lon="-124.83682207">
      </trkpt>
      <trkpt lat="51.7395964" lon="-124.83685578">
      </trkpt>
      <trkpt lat="51.739596" lon="-124.83688987">
      </trkpt>
      <trkpt lat="51.7395972" lon="-124.83692337">
      </trkpt>
      <trkpt lat="51.73959761" lon="-124.83695688">
      </trkpt>
      <trkpt lat="51.7396008" lon="-124.83699118">
      </trkpt>
      <trkpt lat="51.7395964" lon="-124.83702928">
      </trkpt>
      <trkpt lat="51.73959801" lon="-124.83705978">
      </trkpt>
      <trkpt lat="51.7396006" lon="-124.83710588">
      </trkpt>
      <trkpt lat="51.7396042" lon="-124.83714687">
      </trkpt>
      <trkpt lat="51.73959621" lon="-124.83718187">
      </trkpt>
      <trkpt lat="51.7396013" lon="-124.83723498">
      </trkpt>
      <trkpt lat="51.7396053" lon="-124.83727277">
      </trkpt>
      <trkpt lat="51.7396042" lon="-124.83730018">
      </trkpt>
      <trkpt lat="51.7396005" lon="-124.83730598">
      </trkpt>
      <trkpt lat="51.73959791" lon="-124.83732197">
      </trkpt>
      <trkpt lat="51.7395921" lon="-124.83736248">
      </trkpt>
      <trkpt lat="51.7395892" lon="-124.83739408">
      </trkpt>
      <trkpt lat="51.7396" lon="-124.83741137">
      </trkpt>
      <trkpt lat="51.73962561" lon="-124.83744177">
      </trkpt>
      <trkpt lat="51.7396478" lon="-124.83746117">
      </trkpt>
      <trkpt lat="51.73967151" lon="-124.83746798">
      </trkpt>
      <trkpt lat="51.73969621" lon="-124.83746837">
      </trkpt>
      <trkpt lat="51.7397206" lon="-124.83746278">
      </trkpt>
      <trkpt lat="51.73973271" lon="-124.83744047">
      </trkpt>
      <trkpt lat="51.7397369" lon="-124.83743677">
      </trkpt>
      <trkpt lat="51.73974351" lon="-124.83743397">
      </trkpt>
      <trkpt lat="51.73976231" lon="-124.83741967">
      </trkpt>
      <trkpt lat="51.7397873" lon="-124.83742288">
      </trkpt>
      <trkpt lat="51.7397986" lon="-124.83742047">
      </trkpt>
      <trkpt lat="51.73981351" lon="-124.83740517">
      </trkpt>
      <trkpt lat="51.7398289" lon="-124.83740678">
      </trkpt>
      <trkpt lat="51.7398496" lon="-124.83740827">
      </trkpt>
      <trkpt lat="51.7398708" lon="-124.83739767">
      </trkpt>
      <trkpt lat="51.7398978" lon="-124.83739588">
      </trkpt>
      <trkpt lat="51.7399313" lon="-124.83740998">
      </trkpt>
      <trkpt lat="51.73997121" lon="-124.83743177">
      </trkpt>
      <trkpt lat="51.740012" lon="-124.83744808">
      </trkpt>
      <trkpt lat="51.74005191" lon="-124.83746448">
      </trkpt>
      <trkpt lat="51.74007751" lon="-124.83749348">
      </trkpt>
      <trkpt lat="51.74009711" lon="-124.83754478">
      </trkpt>
      <trkpt lat="51.74011461" lon="-124.83759608">
      </trkpt>
      <trkpt lat="51.7401375" lon="-124.83763528">
      </trkpt>
      <trkpt lat="51.74015451" lon="-124.83767058">
      </trkpt>
      <trkpt lat="51.7401617" lon="-124.83768167">
      </trkpt>
      <trkpt lat="51.74019451" lon="-124.83772727">
      </trkpt>
      <trkpt lat="51.74022751" lon="-124.83776287">
      </trkpt>
      <trkpt lat="51.7402543" lon="-124.83779758">
      </trkpt>
      <trkpt lat="51.7402827" lon="-124.83781678">
      </trkpt>
      <trkpt lat="51.7403149" lon="-124.83782557">
      </trkpt>
      <trkpt lat="51.74035571" lon="-124.83780968">
      </trkpt>
      <trkpt lat="51.74039091" lon="-124.83781928">
      </trkpt>
      <trkpt lat="51.74041721" lon="-124.83788097">
      </trkpt>
      <trkpt lat="51.74042401" lon="-124.83790788">
      </trkpt>
      <trkpt lat="51.7404412" lon="-124.83794258">
      </trkpt>
      <trkpt lat="51.7404691" lon="-124.83800698">
      </trkpt>
      <trkpt lat="51.74049071" lon="-124.83804897">
      </trkpt>
      <trkpt lat="51.74050941" lon="-124.83810388">
      </trkpt>
      <trkpt lat="51.7405399" lon="-124.83816578">
      </trkpt>
      <trkpt lat="51.7405804" lon="-124.83818517">
      </trkpt>
      <trkpt lat="51.7406161" lon="-124.83822347">
      </trkpt>
      <trkpt lat="51.74062451" lon="-124.83831428">
      </trkpt>
      <trkpt lat="51.74065931" lon="-124.83837698">
      </trkpt>
      <trkpt lat="51.74068641" lon="-124.83839327">
      </trkpt>
      <trkpt lat="51.74070761" lon="-124.83844798">
      </trkpt>
      <trkpt lat="51.74073281" lon="-124.83850698">
      </trkpt>
      <trkpt lat="51.74074821" lon="-124.83858958">
      </trkpt>
      <trkpt lat="51.7407311" lon="-124.83865218">
      </trkpt>
      <trkpt lat="51.74071992" lon="-124.83870254">
      </trkpt>
      <trkpt lat="51.74070275" lon="-124.83875598">
      </trkpt>
      <trkpt lat="51.7406803" lon="-124.83879079">
      </trkpt>
      <trkpt lat="51.74067425" lon="-124.83883569">
      </trkpt>
      <trkpt lat="51.74068096" lon="-124.83887282">
      </trkpt>
      <trkpt lat="51.74070269" lon="-124.83891127">
      </trkpt>
      <trkpt lat="51.74077138" lon="-124.83897499">
      </trkpt>
      <trkpt lat="51.7408203" lon="-124.83899741">
      </trkpt>
      <trkpt lat="51.74087736" lon="-124.83903363">
      </trkpt>
      <trkpt lat="51.74092818" lon="-124.8390692">
      </trkpt>
      <trkpt lat="51.74095688" lon="-124.83910346">
      </trkpt>
      <trkpt lat="51.74098811" lon="-124.83914038">
      </trkpt>
      <trkpt lat="51.74099751" lon="-124.83915878">
      </trkpt>
      <trkpt lat="51.74103201" lon="-124.83919446">
      </trkpt>
      <trkpt lat="51.74106226" lon="-124.8392179">
      </trkpt>
      <trkpt lat="51.74108999" lon="-124.83923874">
      </trkpt>
      <trkpt lat="51.74111561" lon="-124.83924487">
      </trkpt>
      <trkpt lat="51.74115865" lon="-124.83928682">
      </trkpt>
      <trkpt lat="51.74119322" lon="-124.83932498">
      </trkpt>
      <trkpt lat="51.74123208" lon="-124.83937516">
      </trkpt>
      <trkpt lat="51.74126172" lon="-124.8394202">
      </trkpt>
      <trkpt lat="51.74129142" lon="-124.83947061">
      </trkpt>
      <trkpt lat="51.74131018" lon="-124.83951188">
      </trkpt>
      <trkpt lat="51.74132724" lon="-124.83955052">
      </trkpt>
      <trkpt lat="51.7413367" lon="-124.83957856">
      </trkpt>
      <trkpt lat="51.74134874" lon="-124.83961462">
      </trkpt>
      <trkpt lat="51.74136298" lon="-124.83964309">
      </trkpt>
      <trkpt lat="51.74140253" lon="-124.83967978">
      </trkpt>
      <trkpt lat="51.7414404" lon="-124.8397138">
      </trkpt>
      <trkpt lat="51.74147322" lon="-124.83974477">
      </trkpt>
      <trkpt lat="51.74150474" lon="-124.83976922">
      </trkpt>
      <trkpt lat="51.74152378" lon="-124.83979734">
      </trkpt>
      <trkpt lat="51.74155025" lon="-124.83983875">
      </trkpt>
      <trkpt lat="51.74156829" lon="-124.83987028">
      </trkpt>
      <trkpt lat="51.74158734" lon="-124.83989794">
      </trkpt>
      <trkpt lat="51.74159428" lon="-124.83990881">
      </trkpt>
      <trkpt lat="51.74161837" lon="-124.83992692">
      </trkpt>
      <trkpt lat="51.74165929" lon="-124.83996136">
      </trkpt>
      <trkpt lat="51.74168943" lon="-124.83998729">
      </trkpt>
      <trkpt lat="51.74171787" lon="-124.84000293">
      </trkpt>
      <trkpt lat="51.74175219" lon="-124.84001926">
      </trkpt>
      <trkpt lat="51.74178225" lon="-124.84003744">
      </trkpt>
      <trkpt lat="51.74182331" lon="-124.84006662">
      </trkpt>
      <trkpt lat="51.74185019" lon="-124.84008613">
      </trkpt>
      <trkpt lat="51.74187818" lon="-124.8401339">
      </trkpt>
      <trkpt lat="51.74189008" lon="-124.84015514">
      </trkpt>
      <trkpt lat="51.74190396" lon="-124.84020868">
      </trkpt>
      <trkpt lat="51.74191698" lon="-124.84025954">
      </trkpt>
      <trkpt lat="51.74194159" lon="-124.84030201">
      </trkpt>
      <trkpt lat="51.74196372" lon="-124.84034724">
      </trkpt>
      <trkpt lat="51.74199428" lon="-124.84040034">
      </trkpt>
      <trkpt lat="51.7420257" lon="-124.8404561">
      </trkpt>
      <trkpt lat="51.74205631" lon="-124.84052265">
      </trkpt>
      <trkpt lat="51.74209834" lon="-124.84055691">
      </trkpt>
      <trkpt lat="51.74215601" lon="-124.84059076">
      </trkpt>
      <trkpt lat="51.74217809" lon="-124.84061038">
      </trkpt>
      <trkpt lat="51.74220325" lon="-124.84062488">
      </trkpt>
      <trkpt lat="51.74221903" lon="-124.84063962">
      </trkpt>
      <trkpt lat="51.74223897" lon="-124.84065257">
      </trkpt>
      <trkpt lat="51.74227256" lon="-124.84067695">
      </trkpt>
      <trkpt lat="51.74228316" lon="-124.84069352">
      </trkpt>
      <trkpt lat="51.74230268" lon="-124.84071153">
      </trkpt>
      <trkpt lat="51.74233313" lon="-124.8407343">
      </trkpt>
      <trkpt lat="51.74236888" lon="-124.84076537">
      </trkpt>
      <trkpt lat="51.74240772" lon="-124.84079297">
      </trkpt>
      <trkpt lat="51.74242247" lon="-124.84080774">
      </trkpt>
      <trkpt lat="51.74245405" lon="-124.84083891">
      </trkpt>
      <trkpt lat="51.74248356" lon="-124.84087182">
      </trkpt>
      <trkpt lat="51.74249832" lon="-124.84088827">
      </trkpt>
      <trkpt lat="51.74253475" lon="-124.84092744">
      </trkpt>
      <trkpt lat="51.7425676" lon="-124.84095552">
      </trkpt>
      <trkpt lat="51.74260865" lon="-124.84098865">
      </trkpt>
      <trkpt lat="51.74263345" lon="-124.84101238">
      </trkpt>
      <trkpt lat="51.74266208" lon="-124.84103977">
      </trkpt>
      <trkpt lat="51.74269191" lon="-124.84106831">
      </trkpt>
      <trkpt lat="51.74271828" lon="-124.84109089">
      </trkpt>
      <trkpt lat="51.74274467" lon="-124.84111521">
      </trkpt>
      <trkpt lat="51.74278851" lon="-124.84115548">
      </trkpt>
      <trkpt lat="51.74281377" lon="-124.84117906">
      </trkpt>
      <trkpt lat="51.74283895" lon="-124.84119591">
      </trkpt>
      <trkpt lat="51.74286175" lon="-124.84122361">
      </trkpt>
      <trkpt lat="51.74289201" lon="-124.84124841">
      </trkpt>
      <trkpt lat="51.7429139" lon="-124.8412694">
      </trkpt>
      <trkpt lat="51.7429215" lon="-124.84127862">
      </trkpt>
      <trkpt lat="51.74293255" lon="-124.8412999">
      </trkpt>
      <trkpt lat="51.74295787" lon="-124.84133022">
      </trkpt>
      <trkpt lat="51.74296934" lon="-124.84135105">
      </trkpt>
      <trkpt lat="51.74300294" lon="-124.84137577">
      </trkpt>
      <trkpt lat="51.74303069" lon="-124.8413993">
      </trkpt>
      <trkpt lat="51.7430534" lon="-124.84141891">
      </trkpt>
      <trkpt lat="51.74307606" lon="-124.84143314">
      </trkpt>
      <trkpt lat="51.74311648" lon="-124.84147249">
      </trkpt>
      <trkpt lat="51.74316563" lon="-124.84154606">
      </trkpt>
      <trkpt lat="51.74320709" lon="-124.84160561">
      </trkpt>
      <trkpt lat="51.74323503" lon="-124.84164799">
      </trkpt>
      <trkpt lat="51.74326616" lon="-124.84167547">
      </trkpt>
      <trkpt lat="51.7433182" lon="-124.84174711">
      </trkpt>
      <trkpt lat="51.74335125" lon="-124.84178289">
      </trkpt>
      <trkpt lat="51.74338507" lon="-124.84182942">
      </trkpt>
      <trkpt lat="51.74341137" lon="-124.84185784">
      </trkpt>
      <trkpt lat="51.7434451" lon="-124.84189576">
      </trkpt>
      <trkpt lat="51.74346744" lon="-124.84192751">
      </trkpt>
      <trkpt lat="51.7434891" lon="-124.84195928">
      </trkpt>
      <trkpt lat="51.74351006" lon="-124.84198675">
      </trkpt>
      <trkpt lat="51.7435455" lon="-124.84203668">
      </trkpt>
      <trkpt lat="51.7435667" lon="-124.8420725">
      </trkpt>
      <trkpt lat="51.7435995" lon="-124.84209993">
      </trkpt>
      <trkpt lat="51.74363738" lon="-124.84213532">
      </trkpt>
      <trkpt lat="51.74368601" lon="-124.84216233">
      </trkpt>
      <trkpt lat="51.74372201" lon="-124.84217755">
      </trkpt>
      <trkpt lat="51.74374798" lon="-124.84218899">
      </trkpt>
      <trkpt lat="51.74378423" lon="-124.84222846">
      </trkpt>
      <trkpt lat="51.74381757" lon="-124.84226134">
      </trkpt>
      <trkpt lat="51.74385347" lon="-124.84231429">
      </trkpt>
      <trkpt lat="51.74387925" lon="-124.84235782">
      </trkpt>
      <trkpt lat="51.74389492" lon="-124.84238974">
      </trkpt>
      <trkpt lat="51.74391055" lon="-124.84241952">
      </trkpt>
      <trkpt lat="51.74392803" lon="-124.842432">
      </trkpt>
      <trkpt lat="51.74394135" lon="-124.84243056">
      </trkpt>
      <trkpt lat="51.74394604" lon="-124.8424326">
      </trkpt>
      <trkpt lat="51.74395538" lon="-124.84243342">
      </trkpt>
      <trkpt lat="51.74396473" lon="-124.84243427">
      </trkpt>
      <trkpt lat="51.74397406" lon="-124.84243293">
      </trkpt>
      <trkpt lat="51.74398405" lon="-124.84243159">
      </trkpt>
      <trkpt lat="51.74399523" lon="-124.8424162">
      </trkpt>
      <trkpt lat="51.74400752" lon="-124.84239959">
      </trkpt>
      <trkpt lat="51.74403972" lon="-124.84235779">
      </trkpt>
      <trkpt lat="51.74406362" lon="-124.84233769">
      </trkpt>
      <trkpt lat="51.74410041" lon="-124.84234529">
      </trkpt>
      <trkpt lat="51.74413192" lon="-124.842367">
      </trkpt>
      <trkpt lat="51.74416232" lon="-124.8424051">
      </trkpt>
      <trkpt lat="51.74421262" lon="-124.84241759">
      </trkpt>
      <trkpt lat="51.74424182" lon="-124.84239959">
      </trkpt>
      <trkpt lat="51.74427292" lon="-124.8424125">
      </trkpt>
      <trkpt lat="51.74429022" lon="-124.84245869">
      </trkpt>
      <trkpt lat="51.74429842" lon="-124.84250429">
      </trkpt>
      <trkpt lat="51.74430362" lon="-124.8425305">
      </trkpt>
      <trkpt lat="51.74431041" lon="-124.8425479">
      </trkpt>
      <trkpt lat="51.74432022" lon="-124.84255869">
      </trkpt>
      <trkpt lat="51.74435562" lon="-124.8425889">
      </trkpt>
      <trkpt lat="51.74437742" lon="-124.84261949">
      </trkpt>
      <trkpt lat="51.74441032" lon="-124.8426683">
      </trkpt>
      <trkpt lat="51.74443052" lon="-124.84273829">
      </trkpt>
      <trkpt lat="51.74444492" lon="-124.84281249">
      </trkpt>
      <trkpt lat="51.74445762" lon="-124.8428716">
      </trkpt>
      <trkpt lat="51.74448812" lon="-124.84290509">
      </trkpt>
      <trkpt lat="51.74451192" lon="-124.84293359">
      </trkpt>
      <trkpt lat="51.74453902" lon="-124.84296019">
      </trkpt>
      <trkpt lat="51.74456552" lon="-124.8429941">
      </trkpt>
      <trkpt lat="51.74458162" lon="-124.8430341">
      </trkpt>
      <trkpt lat="51.74460152" lon="-124.84307469">
      </trkpt>
      <trkpt lat="51.74461242" lon="-124.84310179">
      </trkpt>
      <trkpt lat="51.74461122" lon="-124.84312369">
      </trkpt>
      <trkpt lat="51.74462392" lon="-124.84316309">
      </trkpt>
      <trkpt lat="51.74463992" lon="-124.8431877">
      </trkpt>
      <trkpt lat="51.74464912" lon="-124.8432374">
      </trkpt>
      <trkpt lat="51.74465921" lon="-124.8432957">
      </trkpt>
      <trkpt lat="51.74467492" lon="-124.8433426">
      </trkpt>
      <trkpt lat="51.74468932" lon="-124.84338589">
      </trkpt>
      <trkpt lat="51.74471032" lon="-124.84342639">
      </trkpt>
      <trkpt lat="51.74473492" lon="-124.84346969">
      </trkpt>
      <trkpt lat="51.74475602" lon="-124.84351849">
      </trkpt>
      <trkpt lat="51.74477522" lon="-124.8435748">
      </trkpt>
      <trkpt lat="51.74479712" lon="-124.8436292">
      </trkpt>
      <trkpt lat="51.74480482" lon="-124.8436502">
      </trkpt>
      <trkpt lat="51.74481882" lon="-124.84367939">
      </trkpt>
      <trkpt lat="51.74482962" lon="-124.8436977">
      </trkpt>
      <trkpt lat="51.74483052" lon="-124.8436974">
      </trkpt>
      <trkpt lat="51.74483812" lon="-124.84371069">
      </trkpt>
      <trkpt lat="51.74486892" lon="-124.8437604">
      </trkpt>
      <trkpt lat="51.74490042" lon="-124.84381699">
      </trkpt>
      <trkpt lat="51.74491892" lon="-124.84385559">
      </trkpt>
      <trkpt lat="51.74494202" lon="-124.8438835">
      </trkpt>
      <trkpt lat="51.74496252" lon="-124.8439167">
      </trkpt>
      <trkpt lat="51.74499432" lon="-124.8439612">
      </trkpt>
      <trkpt lat="51.74502922" lon="-124.84398489">
      </trkpt>
      <trkpt lat="51.74506942" lon="-124.8440069">
      </trkpt>
      <trkpt lat="51.74511872" lon="-124.8440285">
      </trkpt>
      <trkpt lat="51.74516612" lon="-124.84408409">
      </trkpt>
      <trkpt lat="51.74521782" lon="-124.8441081">
      </trkpt>
      <trkpt lat="51.74526302" lon="-124.8441229">
      </trkpt>
      <trkpt lat="51.74529822" lon="-124.8441466">
      </trkpt>
      <trkpt lat="51.74530832" lon="-124.84416219">
      </trkpt>
      <trkpt lat="51.74532082" lon="-124.8441949">
      </trkpt>
      <trkpt lat="51.74532842" lon="-124.84421009">
      </trkpt>
      <trkpt lat="51.74535453" lon="-124.84424349">
      </trkpt>
      <trkpt lat="51.74539282" lon="-124.84427649">
      </trkpt>
      <trkpt lat="51.74540842" lon="-124.84430049">
      </trkpt>
      <trkpt lat="51.74542562" lon="-124.8443239">
      </trkpt>
      <trkpt lat="51.74543342" lon="-124.8444079">
      </trkpt>
      <trkpt lat="51.74544232" lon="-124.8444986">
      </trkpt>
      <trkpt lat="51.74545182" lon="-124.84451489">
      </trkpt>
      <trkpt lat="51.74545962" lon="-124.8445238">
      </trkpt>
      <trkpt lat="51.74546682" lon="-124.8445637">
      </trkpt>
      <trkpt lat="51.74549222" lon="-124.8446099">
      </trkpt>
      <trkpt lat="51.74552622" lon="-124.8446524">
      </trkpt>
      <trkpt lat="51.74555303" lon="-124.84467439">
      </trkpt>
      <trkpt lat="51.74561812" lon="-124.8446741">
      </trkpt>
      <trkpt lat="51.74566182" lon="-124.8447076">
      </trkpt>
      <trkpt lat="51.74571092" lon="-124.84473491">
      </trkpt>
      <trkpt lat="51.74573923" lon="-124.8447662">
      </trkpt>
      <trkpt lat="51.74576212" lon="-124.8448005">
      </trkpt>
      <trkpt lat="51.74579172" lon="-124.8448477">
      </trkpt>
      <trkpt lat="51.74583703" lon="-124.8448947">
      </trkpt>
      <trkpt lat="51.74587552" lon="-124.8449529">
      </trkpt>
      <trkpt lat="51.74590662" lon="-124.8449934">
      </trkpt>
      <trkpt lat="51.74592262" lon="-124.845026">
      </trkpt>
      <trkpt lat="51.74593252" lon="-124.8450471">
      </trkpt>
      <trkpt lat="51.74594482" lon="-124.8450991">
      </trkpt>
      <trkpt lat="51.74597002" lon="-124.84514779">
      </trkpt>
      <trkpt lat="51.74598772" lon="-124.84519219">
      </trkpt>
      <trkpt lat="51.74601292" lon="-124.84524481">
      </trkpt>
      <trkpt lat="51.74603022" lon="-124.84534711">
      </trkpt>
      <trkpt lat="51.74600482" lon="-124.84540549">
      </trkpt>
      <trkpt lat="51.74600732" lon="-124.8454488">
      </trkpt>
      <trkpt lat="51.74603093" lon="-124.84548439">
      </trkpt>
      <trkpt lat="51.74605572" lon="-124.84550709">
      </trkpt>
      <trkpt lat="51.74609882" lon="-124.8455377">
      </trkpt>
      <trkpt lat="51.74614532" lon="-124.8455867">
      </trkpt>
      <trkpt lat="51.74617223" lon="-124.8456204">
      </trkpt>
      <trkpt lat="51.74619092" lon="-124.84562081">
      </trkpt>
      <trkpt lat="51.74623082" lon="-124.84561019">
      </trkpt>
      <trkpt lat="51.74626282" lon="-124.8455879">
      </trkpt>
      <trkpt lat="51.74629693" lon="-124.84557159">
      </trkpt>
      <trkpt lat="51.74632252" lon="-124.8455818">
      </trkpt>
      <trkpt lat="51.74635213" lon="-124.84561719">
      </trkpt>
      <trkpt lat="51.74637412" lon="-124.84565109">
      </trkpt>
      <trkpt lat="51.74639902" lon="-124.8456723">
      </trkpt>
      <trkpt lat="51.74642402" lon="-124.8456943">
      </trkpt>
      <trkpt lat="51.74643343" lon="-124.8457014">
      </trkpt>
      <trkpt lat="51.74645203" lon="-124.8457245">
      </trkpt>
      <trkpt lat="51.74647952" lon="-124.84572321">
      </trkpt>
      <trkpt lat="51.74651872" lon="-124.84573769">
      </trkpt>
      <trkpt lat="51.74655612" lon="-124.84577331">
      </trkpt>
      <trkpt lat="51.74659333" lon="-124.8457695">
      </trkpt>
      <trkpt lat="51.74662422" lon="-124.84575431">
      </trkpt>
      <trkpt lat="51.74664092" lon="-124.84574711">
      </trkpt>
      <trkpt lat="51.74664633" lon="-124.8457331">
      </trkpt>
      <trkpt lat="51.74666393" lon="-124.84570341">
      </trkpt>
      <trkpt lat="51.74669772" lon="-124.8456687">
      </trkpt>
      <trkpt lat="51.74673272" lon="-124.8456548">
      </trkpt>
      <trkpt lat="51.74677843" lon="-124.84565841">
      </trkpt>
      <trkpt lat="51.74680852" lon="-124.8456465">
      </trkpt>
      <trkpt lat="51.74685373" lon="-124.8456584">
      </trkpt>
      <trkpt lat="51.74689282" lon="-124.84567141">
      </trkpt>
      <trkpt lat="51.74692392" lon="-124.8456961">
      </trkpt>
      <trkpt lat="51.74694663" lon="-124.8457492">
      </trkpt>
      <trkpt lat="51.74695093" lon="-124.8457939">
      </trkpt>
      <trkpt lat="51.74696033" lon="-124.8458339">
      </trkpt>
      <trkpt lat="51.74698583" lon="-124.8458395">
      </trkpt>
      <trkpt lat="51.74701523" lon="-124.84584351">
      </trkpt>
      <trkpt lat="51.74703783" lon="-124.8458418">
      </trkpt>
      <trkpt lat="51.74707451" lon="-124.84586079">
      </trkpt>
      <trkpt lat="51.74709708" lon="-124.84593632">
      </trkpt>
      <trkpt lat="51.74711163" lon="-124.84606952">
      </trkpt>
      <trkpt lat="51.74713541" lon="-124.84611293">
      </trkpt>
      <trkpt lat="51.74715155" lon="-124.84616912">
      </trkpt>
      <trkpt lat="51.74715222" lon="-124.84623515">
      </trkpt>
      <trkpt lat="51.74715282" lon="-124.8462949">
      </trkpt>
      <trkpt lat="51.74711646" lon="-124.8463556">
      </trkpt>
      <trkpt lat="51.74709346" lon="-124.84639081">
      </trkpt>
      <trkpt lat="51.74703568" lon="-124.84644894">
      </trkpt>
      <trkpt lat="51.74700126" lon="-124.84650961">
      </trkpt>
      <trkpt lat="51.74695901" lon="-124.84656419">
      </trkpt>
      <trkpt lat="51.74692437" lon="-124.84660285">
      </trkpt>
      <trkpt lat="51.74688842" lon="-124.84666465">
      </trkpt>
      <trkpt lat="51.74685816" lon="-124.84669945">
      </trkpt>
      <trkpt lat="51.74682588" lon="-124.84672297">
      </trkpt>
      <trkpt lat="51.74680123" lon="-124.84674423">
      </trkpt>
      <trkpt lat="51.74678162" lon="-124.84676021">
      </trkpt>
      <trkpt lat="51.74674981" lon="-124.84679416">
      </trkpt>
      <trkpt lat="51.74671381" lon="-124.84682808">
      </trkpt>
      <trkpt lat="51.74669303" lon="-124.84685439">
      </trkpt>
      <trkpt lat="51.74666973" lon="-124.84688284">
      </trkpt>
      <trkpt lat="51.74665779" lon="-124.84690068">
      </trkpt>
      <trkpt lat="51.74665047" lon="-124.84693281">
      </trkpt>
      <trkpt lat="51.74664069" lon="-124.84697429">
      </trkpt>
      <trkpt lat="51.74662476" lon="-124.84705193">
      </trkpt>
      <trkpt lat="51.74661494" lon="-124.84710501">
      </trkpt>
      <trkpt lat="51.74661058" lon="-124.84714763">
      </trkpt>
      <trkpt lat="51.74660964" lon="-124.84721207">
      </trkpt>
      <trkpt lat="51.74659688" lon="-124.847291">
      </trkpt>
      <trkpt lat="51.74658954" lon="-124.84735302">
      </trkpt>
      <trkpt lat="51.7465831" lon="-124.84742534">
      </trkpt>
      <trkpt lat="51.74657658" lon="-124.84748993">
      </trkpt>
      <trkpt lat="51.74656445" lon="-124.84755208">
      </trkpt>
      <trkpt lat="51.74655611" lon="-124.8475948">
      </trkpt>
      <trkpt lat="51.74654057" lon="-124.84763514">
      </trkpt>
      <trkpt lat="51.74651483" lon="-124.84768994">
      </trkpt>
      <trkpt lat="51.74648503" lon="-124.84773839">
      </trkpt>
      <trkpt lat="51.74644584" lon="-124.84780383">
      </trkpt>
      <trkpt lat="51.746424" lon="-124.84785078">
      </trkpt>
      <trkpt lat="51.74640619" lon="-124.84790278">
      </trkpt>
      <trkpt lat="51.74637975" lon="-124.8479679">
      </trkpt>
      <trkpt lat="51.74636428" lon="-124.84801468">
      </trkpt>
      <trkpt lat="51.74635516" lon="-124.84805871">
      </trkpt>
      <trkpt lat="51.74634536" lon="-124.84811436">
      </trkpt>
      <trkpt lat="51.74633948" lon="-124.84816347">
      </trkpt>
      <trkpt lat="51.746328" lon="-124.84821015">
      </trkpt>
      <trkpt lat="51.74632282" lon="-124.84825022">
      </trkpt>
      <trkpt lat="51.74632065" lon="-124.84827218">
      </trkpt>
      <trkpt lat="51.74631484" lon="-124.8483166">
      </trkpt>
      <trkpt lat="51.7463149" lon="-124.84835511">
      </trkpt>
      <trkpt lat="51.74631451" lon="-124.84838151">
      </trkpt>
      <trkpt lat="51.74631349" lon="-124.8484095">
      </trkpt>
      <trkpt lat="51.74630993" lon="-124.84844494">
      </trkpt>
      <trkpt lat="51.74630921" lon="-124.84847083">
      </trkpt>
      <trkpt lat="51.74630877" lon="-124.84849194">
      </trkpt>
      <trkpt lat="51.74630746" lon="-124.84852364">
      </trkpt>
      <trkpt lat="51.74630672" lon="-124.84854793">
      </trkpt>
      <trkpt lat="51.74630409" lon="-124.8485786">
      </trkpt>
      <trkpt lat="51.74630276" lon="-124.84860819">
      </trkpt>
      <trkpt lat="51.74629972" lon="-124.84863148">
      </trkpt>
      <trkpt lat="51.74629443" lon="-124.84865696">
      </trkpt>
      <trkpt lat="51.74628919" lon="-124.84868716">
      </trkpt>
      <trkpt lat="51.74628462" lon="-124.84871999">
      </trkpt>
      <trkpt lat="51.74627825" lon="-124.84875863">
      </trkpt>
      <trkpt lat="51.74626661" lon="-124.84881746">
      </trkpt>
      <trkpt lat="51.74625878" lon="-124.84885148">
      </trkpt>
      <trkpt lat="51.74625195" lon="-124.84888134">
      </trkpt>
      <trkpt lat="51.7462476" lon="-124.84890536">
      </trkpt>
      <trkpt lat="51.74624335" lon="-124.84893928">
      </trkpt>
      <trkpt lat="51.74623652" lon="-124.84896997">
      </trkpt>
      <trkpt lat="51.74623317" lon="-124.84899232">
      </trkpt>
      <trkpt lat="51.74622982" lon="-124.84901466">
      </trkpt>
      <trkpt lat="51.74622499" lon="-124.84904117">
      </trkpt>
      <trkpt lat="51.74621873" lon="-124.84907761">
      </trkpt>
      <trkpt lat="51.74621046" lon="-124.8491174">
      </trkpt>
      <trkpt lat="51.74620656" lon="-124.84913565">
      </trkpt>
      <trkpt lat="51.74619604" lon="-124.84915489">
      </trkpt>
      <trkpt lat="51.7461881" lon="-124.84917653">
      </trkpt>
      <trkpt lat="51.74617665" lon="-124.84920487">
      </trkpt>
      <trkpt lat="51.74616219" lon="-124.84923822">
      </trkpt>
      <trkpt lat="51.74614795" lon="-124.84929219">
      </trkpt>
      <trkpt lat="51.74613472" lon="-124.84934695">
      </trkpt>
      <trkpt lat="51.74612735" lon="-124.84937518">
      </trkpt>
      <trkpt lat="51.74612298" lon="-124.84939591">
      </trkpt>
      <trkpt lat="51.74610857" lon="-124.84943421">
      </trkpt>
      <trkpt lat="51.74609357" lon="-124.84946429">
      </trkpt>
      <trkpt lat="51.74608314" lon="-124.84949176">
      </trkpt>
      <trkpt lat="51.74606375" lon="-124.84953401">
      </trkpt>
      <trkpt lat="51.74604921" lon="-124.84958134">
      </trkpt>
      <trkpt lat="51.74603432" lon="-124.84962658">
      </trkpt>
      <trkpt lat="51.74602136" lon="-124.84966967">
      </trkpt>
      <trkpt lat="51.74599753" lon="-124.84973415">
      </trkpt>
      <trkpt lat="51.74597077" lon="-124.84980494">
      </trkpt>
      <trkpt lat="51.74596474" lon="-124.84982198">
      </trkpt>
      <trkpt lat="51.7459534" lon="-124.84989456">
      </trkpt>
      <trkpt lat="51.7459429" lon="-124.84995447">
      </trkpt>
      <trkpt lat="51.74593041" lon="-124.85002922">
      </trkpt>
      <trkpt lat="51.74592669" lon="-124.85006495">
      </trkpt>
      <trkpt lat="51.7459235" lon="-124.85011252">
      </trkpt>
      <trkpt lat="51.74591903" lon="-124.85015617">
      </trkpt>
      <trkpt lat="51.74591416" lon="-124.85019917">
      </trkpt>
      <trkpt lat="51.74591099" lon="-124.85024872">
      </trkpt>
      <trkpt lat="51.74590885" lon="-124.85027912">
      </trkpt>
      <trkpt lat="51.74590666" lon="-124.85030556">
      </trkpt>
      <trkpt lat="51.74590679" lon="-124.85033706">
      </trkpt>
      <trkpt lat="51.74591121" lon="-124.85041149">
      </trkpt>
      <trkpt lat="51.74591441" lon="-124.8504457">
      </trkpt>
      <trkpt lat="51.74592498" lon="-124.85052391">
      </trkpt>
      <trkpt lat="51.74592652" lon="-124.85055486">
      </trkpt>
      <trkpt lat="51.74592059" lon="-124.85061504">
      </trkpt>
      <trkpt lat="51.74589942" lon="-124.85070069">
      </trkpt>
      <trkpt lat="51.74587701" lon="-124.85078504">
      </trkpt>
      <trkpt lat="51.74585123" lon="-124.85087305">
      </trkpt>
      <trkpt lat="51.74583938" lon="-124.85091128">
      </trkpt>
      <trkpt lat="51.74584322" lon="-124.85098951">
      </trkpt>
      <trkpt lat="51.74584793" lon="-124.85105288">
      </trkpt>
      <trkpt lat="51.74585021" lon="-124.85107589">
      </trkpt>
      <trkpt lat="51.74584272" lon="-124.85114287">
      </trkpt>
      <trkpt lat="51.74583918" lon="-124.85119656">
      </trkpt>
      <trkpt lat="51.74582855" lon="-124.85127214">
      </trkpt>
      <trkpt lat="51.74582022" lon="-124.85133516">
      </trkpt>
      <trkpt lat="51.74581484" lon="-124.85139489">
      </trkpt>
      <trkpt lat="51.74581137" lon="-124.85144651">
      </trkpt>
      <trkpt lat="51.74581783" lon="-124.85149464">
      </trkpt>
      <trkpt lat="51.74582047" lon="-124.85155899">
      </trkpt>
      <trkpt lat="51.74582384" lon="-124.85159593">
      </trkpt>
      <trkpt lat="51.74583015" lon="-124.85162959">
      </trkpt>
      <trkpt lat="51.74583168" lon="-124.85168268">
      </trkpt>
      <trkpt lat="51.74583316" lon="-124.85173096">
      </trkpt>
      <trkpt lat="51.74583445" lon="-124.85175991">
      </trkpt>
      <trkpt lat="51.74582889" lon="-124.85180192">
      </trkpt>
      <trkpt lat="51.74581738" lon="-124.85184732">
      </trkpt>
      <trkpt lat="51.74578027" lon="-124.85192074">
      </trkpt>
      <trkpt lat="51.74576726" lon="-124.85201448">
      </trkpt>
      <trkpt lat="51.74575838" lon="-124.8521226">
      </trkpt>
      <trkpt lat="51.74575324" lon="-124.85220648">
      </trkpt>
      <trkpt lat="51.74575195" lon="-124.85227576">
      </trkpt>
      <trkpt lat="51.74575621" lon="-124.85235044">
      </trkpt>
      <trkpt lat="51.74575947" lon="-124.85239059">
      </trkpt>
      <trkpt lat="51.74576447" lon="-124.85244125">
      </trkpt>
      <trkpt lat="51.74576738" lon="-124.852488">
      </trkpt>
      <trkpt lat="51.74577207" lon="-124.8525479">
      </trkpt>
      <trkpt lat="51.74577114" lon="-124.85261784">
      </trkpt>
      <trkpt lat="51.7457794" lon="-124.85270996">
      </trkpt>
      <trkpt lat="51.74578258" lon="-124.85274154">
      </trkpt>
      <trkpt lat="51.74578718" lon="-124.85279203">
      </trkpt>
      <trkpt lat="51.74579037" lon="-124.85282559">
      </trkpt>
      <trkpt lat="51.74579417" lon="-124.85287891">
      </trkpt>
      <trkpt lat="51.74579857" lon="-124.85291046">
      </trkpt>
      <trkpt lat="51.74579981" lon="-124.85295264">
      </trkpt>
      <trkpt lat="51.74580148" lon="-124.85300616">
      </trkpt>
      <trkpt lat="51.74580138" lon="-124.85303716">
      </trkpt>
      <trkpt lat="51.74580232" lon="-124.85308991">
      </trkpt>
      <trkpt lat="51.74580526" lon="-124.85313864">
      </trkpt>
      <trkpt lat="51.74580732" lon="-124.8531808">
      </trkpt>
      <trkpt lat="51.74580829" lon="-124.85319726">
      </trkpt>
      <trkpt lat="51.74579665" lon="-124.85325692">
      </trkpt>
      <trkpt lat="51.74580259" lon="-124.8533201">
      </trkpt>
      <trkpt lat="51.7458139" lon="-124.85338972">
      </trkpt>
      <trkpt lat="51.74582055" lon="-124.85344296">
      </trkpt>
      <trkpt lat="51.74583" lon="-124.85350412">
      </trkpt>
      <trkpt lat="51.74583965" lon="-124.8535731">
      </trkpt>
      <trkpt lat="51.74584351" lon="-124.85365996">
      </trkpt>
      <trkpt lat="51.74585241" lon="-124.8537307">
      </trkpt>
      <trkpt lat="51.74586621" lon="-124.8537476">
      </trkpt>
      <trkpt lat="51.74587972" lon="-124.85379238">
      </trkpt>
      <trkpt lat="51.74588631" lon="-124.85386939">
      </trkpt>
      <trkpt lat="51.74588431" lon="-124.85393669">
      </trkpt>
      <trkpt lat="51.74590661" lon="-124.85401009">
      </trkpt>
      <trkpt lat="51.74591441" lon="-124.85408938">
      </trkpt>
      <trkpt lat="51.74592461" lon="-124.85413079">
      </trkpt>
      <trkpt lat="51.74592041" lon="-124.85418109">
      </trkpt>
      <trkpt lat="51.74590091" lon="-124.85425109">
      </trkpt>
      <trkpt lat="51.74589621" lon="-124.8543434">
      </trkpt>
      <trkpt lat="51.74589001" lon="-124.85438739">
      </trkpt>
      <trkpt lat="51.74588721" lon="-124.85441279">
      </trkpt>
      <trkpt lat="51.74588061" lon="-124.85445779">
      </trkpt>
      <trkpt lat="51.74587381" lon="-124.85447859">
      </trkpt>
      <trkpt lat="51.74587121" lon="-124.85453028">
      </trkpt>
      <trkpt lat="51.74587212" lon="-124.8545799">
      </trkpt>
      <trkpt lat="51.74587591" lon="-124.8546184">
      </trkpt>
      <trkpt lat="51.74588441" lon="-124.8546545">
      </trkpt>
      <trkpt lat="51.74588122" lon="-124.85469759">
      </trkpt>
      <trkpt lat="51.74588492" lon="-124.85473359">
      </trkpt>
      <trkpt lat="51.74589712" lon="-124.85478429">
      </trkpt>
      <trkpt lat="51.74592612" lon="-124.85482719">
      </trkpt>
      <trkpt lat="51.74594092" lon="-124.85487949">
      </trkpt>
      <trkpt lat="51.74593032" lon="-124.85495099">
      </trkpt>
      <trkpt lat="51.74593301" lon="-124.85501229">
      </trkpt>
      <trkpt lat="51.74594031" lon="-124.85508409">
      </trkpt>
      <trkpt lat="51.74596791" lon="-124.85514139">
      </trkpt>
      <trkpt lat="51.74596911" lon="-124.85521199">
      </trkpt>
      <trkpt lat="51.74596052" lon="-124.8552777">
      </trkpt>
      <trkpt lat="51.74596821" lon="-124.85533479">
      </trkpt>
      <trkpt lat="51.74596771" lon="-124.85537598">
      </trkpt>
      <trkpt lat="51.74596561" lon="-124.85540299">
      </trkpt>
      <trkpt lat="51.74598081" lon="-124.8554755">
      </trkpt>
      <trkpt lat="51.74597981" lon="-124.85553459">
      </trkpt>
      <trkpt lat="51.74596741" lon="-124.85559189">
      </trkpt>
      <trkpt lat="51.74597262" lon="-124.85564578">
      </trkpt>
      <trkpt lat="51.74598951" lon="-124.8557207">
      </trkpt>
      <trkpt lat="51.74599311" lon="-124.85581009">
      </trkpt>
      <trkpt lat="51.74600471" lon="-124.85588389">
      </trkpt>
      <trkpt lat="51.74602172" lon="-124.85592879">
      </trkpt>
      <trkpt lat="51.74605471" lon="-124.8559476">
      </trkpt>
      <trkpt lat="51.74607942" lon="-124.85598699">
      </trkpt>
      <trkpt lat="51.74609531" lon="-124.856044">
      </trkpt>
      <trkpt lat="51.74611391" lon="-124.85609389">
      </trkpt>
      <trkpt lat="51.74612771" lon="-124.85613319">
      </trkpt>
      <trkpt lat="51.74613032" lon="-124.85613629">
      </trkpt>
      <trkpt lat="51.74613102" lon="-124.85617928">
      </trkpt>
      <trkpt lat="51.74612861" lon="-124.8562082">
      </trkpt>
      <trkpt lat="51.74612882" lon="-124.8562491">
      </trkpt>
      <trkpt lat="51.74613982" lon="-124.8563036">
      </trkpt>
      <trkpt lat="51.74615122" lon="-124.85634">
      </trkpt>
      <trkpt lat="51.74615322" lon="-124.85637669">
      </trkpt>
      <trkpt lat="51.74615252" lon="-124.85642348">
      </trkpt>
      <trkpt lat="51.74614682" lon="-124.85647418">
      </trkpt>
      <trkpt lat="51.74615972" lon="-124.8565384">
      </trkpt>
      <trkpt lat="51.74617801" lon="-124.8565884">
      </trkpt>
      <trkpt lat="51.74619012" lon="-124.8566334">
      </trkpt>
      <trkpt lat="51.74620241" lon="-124.85668109">
      </trkpt>
      <trkpt lat="51.74622782" lon="-124.85673879">
      </trkpt>
      <trkpt lat="51.74626141" lon="-124.85679859">
      </trkpt>
      <trkpt lat="51.74628062" lon="-124.8568758">
      </trkpt>
      <trkpt lat="51.74630391" lon="-124.85692089">
      </trkpt>
      <trkpt lat="51.74632951" lon="-124.85697519">
      </trkpt>
      <trkpt lat="51.74634101" lon="-124.85704669">
      </trkpt>
      <trkpt lat="51.74636811" lon="-124.85710709">
      </trkpt>
      <trkpt lat="51.74640352" lon="-124.85715389">
      </trkpt>
      <trkpt lat="51.74642291" lon="-124.8572098">
      </trkpt>
      <trkpt lat="51.74642291" lon="-124.85723219">
      </trkpt>
      <trkpt lat="51.74642112" lon="-124.857235">
      </trkpt>
      <trkpt lat="51.74642091" lon="-124.85724249">
      </trkpt>
      <trkpt lat="51.74641791" lon="-124.8572476">
      </trkpt>
      <trkpt lat="51.74641232" lon="-124.8572712">
      </trkpt>
      <trkpt lat="51.74640691" lon="-124.85728099">
      </trkpt>
      <trkpt lat="51.74641221" lon="-124.85731359">
      </trkpt>
      <trkpt lat="51.74642081" lon="-124.85732779">
      </trkpt>
      <trkpt lat="51.74642572" lon="-124.85733279">
      </trkpt>
      <trkpt lat="51.74643641" lon="-124.85735049">
      </trkpt>
      <trkpt lat="51.74646041" lon="-124.85740009">
      </trkpt>
      <trkpt lat="51.74649301" lon="-124.85744349">
      </trkpt>
      <trkpt lat="51.74652112" lon="-124.8574906">
      </trkpt>
      <trkpt lat="51.74655051" lon="-124.85751469">
      </trkpt>
      <trkpt lat="51.74657471" lon="-124.85753279">
      </trkpt>
      <trkpt lat="51.74659401" lon="-124.85756089">
      </trkpt>
      <trkpt lat="51.74659131" lon="-124.8576089">
      </trkpt>
      <trkpt lat="51.74658102" lon="-124.85766049">
      </trkpt>
      <trkpt lat="51.74660872" lon="-124.8577082">
      </trkpt>
      <trkpt lat="51.74663251" lon="-124.8577409">
      </trkpt>
      <trkpt lat="51.74665462" lon="-124.85778519">
      </trkpt>
      <trkpt lat="51.74668652" lon="-124.85781289">
      </trkpt>
      <trkpt lat="51.74672792" lon="-124.8578414">
      </trkpt>
      <trkpt lat="51.74676242" lon="-124.85789949">
      </trkpt>
      <trkpt lat="51.74677481" lon="-124.8579877">
      </trkpt>
      <trkpt lat="51.74679532" lon="-124.8580245">
      </trkpt>
      <trkpt lat="51.74682352" lon="-124.85806019">
      </trkpt>
      <trkpt lat="51.74685271" lon="-124.858084">
      </trkpt>
      <trkpt lat="51.74688361" lon="-124.85810129">
      </trkpt>
      <trkpt lat="51.74690531" lon="-124.85813039">
      </trkpt>
      <trkpt lat="51.74691002" lon="-124.85818799">
      </trkpt>
      <trkpt lat="51.74693701" lon="-124.85823879">
      </trkpt>
      <trkpt lat="51.74697362" lon="-124.85826839">
      </trkpt>
      <trkpt lat="51.74699192" lon="-124.85830929">
      </trkpt>
      <trkpt lat="51.74700371" lon="-124.8583275">
      </trkpt>
      <trkpt lat="51.74700932" lon="-124.85836849">
      </trkpt>
      <trkpt lat="51.74701202" lon="-124.85839699">
      </trkpt>
      <trkpt lat="51.74702852" lon="-124.8584281">
      </trkpt>
      <trkpt lat="51.74704861" lon="-124.85846719">
      </trkpt>
      <trkpt lat="51.74706711" lon="-124.85851549">
      </trkpt>
      <trkpt lat="51.74709392" lon="-124.8585381">
      </trkpt>
      <trkpt lat="51.74711861" lon="-124.8585713">
      </trkpt>
      <trkpt lat="51.74715652" lon="-124.85859739">
      </trkpt>
      <trkpt lat="51.74716302" lon="-124.858638">
      </trkpt>
      <trkpt lat="51.74715402" lon="-124.85869939">
      </trkpt>
      <trkpt lat="51.74718222" lon="-124.8587599">
      </trkpt>
      <trkpt lat="51.74721601" lon="-124.85879969">
      </trkpt>
      <trkpt lat="51.74725392" lon="-124.8588428">
      </trkpt>
      <trkpt lat="51.74729282" lon="-124.8588841">
      </trkpt>
      <trkpt lat="51.74732172" lon="-124.8589341">
      </trkpt>
      <trkpt lat="51.74734382" lon="-124.8589796">
      </trkpt>
      <trkpt lat="51.74736082" lon="-124.85903069">
      </trkpt>
      <trkpt lat="51.74735651" lon="-124.859073">
      </trkpt>
      <trkpt lat="51.74737661" lon="-124.859109">
      </trkpt>
      <trkpt lat="51.74740882" lon="-124.859134">
      </trkpt>
      <trkpt lat="51.74744741" lon="-124.85915919">
      </trkpt>
      <trkpt lat="51.74748442" lon="-124.85917199">
      </trkpt>
      <trkpt lat="51.74750721" lon="-124.85918409">
      </trkpt>
      <trkpt lat="51.74753532" lon="-124.8592126">
      </trkpt>
      <trkpt lat="51.74757412" lon="-124.8592627">
      </trkpt>
      <trkpt lat="51.74761202" lon="-124.8593337">
      </trkpt>
      <trkpt lat="51.74763932" lon="-124.8593912">
      </trkpt>
      <trkpt lat="51.74765512" lon="-124.85944271">
      </trkpt>
      <trkpt lat="51.74766922" lon="-124.85947429">
      </trkpt>
      <trkpt lat="51.74768881" lon="-124.85950721">
      </trkpt>
      <trkpt lat="51.74770262" lon="-124.8595388">
      </trkpt>
      <trkpt lat="51.74770612" lon="-124.8595452">
      </trkpt>
      <trkpt lat="51.74774261" lon="-124.85955869">
      </trkpt>
      <trkpt lat="51.74778372" lon="-124.85958689">
      </trkpt>
      <trkpt lat="51.74781912" lon="-124.859616">
      </trkpt>
      <trkpt lat="51.74785111" lon="-124.85962439">
      </trkpt>
      <trkpt lat="51.74788852" lon="-124.8596488">
      </trkpt>
      <trkpt lat="51.74792082" lon="-124.85967829">
      </trkpt>
      <trkpt lat="51.74795122" lon="-124.85969851">
      </trkpt>
      <trkpt lat="51.74796012" lon="-124.8597084">
      </trkpt>
      <trkpt lat="51.74800311" lon="-124.8597182">
      </trkpt>
      <trkpt lat="51.74803592" lon="-124.8597172">
      </trkpt>
      <trkpt lat="51.74806232" lon="-124.85971121">
      </trkpt>
      <trkpt lat="51.74810032" lon="-124.85972921">
      </trkpt>
      <trkpt lat="51.74814202" lon="-124.8597703">
      </trkpt>
      <trkpt lat="51.74818662" lon="-124.8598226">
      </trkpt>
      <trkpt lat="51.74822042" lon="-124.85986421">
      </trkpt>
      <trkpt lat="51.74823851" lon="-124.85991651">
      </trkpt>
      <trkpt lat="51.74825902" lon="-124.85995291">
      </trkpt>
      <trkpt lat="51.74827242" lon="-124.8599669">
      </trkpt>
      <trkpt lat="51.74827482" lon="-124.8599927">
      </trkpt>
      <trkpt lat="51.74830282" lon="-124.86002241">
      </trkpt>
      <trkpt lat="51.74830911" lon="-124.86007901">
      </trkpt>
      <trkpt lat="51.74832992" lon="-124.8601191">
      </trkpt>
      <trkpt lat="51.74835592" lon="-124.8601433">
      </trkpt>
      <trkpt lat="51.74836352" lon="-124.8601457">
      </trkpt>
      <trkpt lat="51.74838422" lon="-124.86015591">
      </trkpt>
      <trkpt lat="51.74841742" lon="-124.8601446">
      </trkpt>
      <trkpt lat="51.74844782" lon="-124.8601321">
      </trkpt>
      <trkpt lat="51.74847892" lon="-124.86015411">
      </trkpt>
      <trkpt lat="51.74850782" lon="-124.8601729">
      </trkpt>
      <trkpt lat="51.74853912" lon="-124.8601848">
      </trkpt>
      <trkpt lat="51.74857202" lon="-124.86022271">
      </trkpt>
      <trkpt lat="51.74859652" lon="-124.8602549">
      </trkpt>
      <trkpt lat="51.74861542" lon="-124.8602805">
      </trkpt>
      <trkpt lat="51.74864022" lon="-124.8603155">
      </trkpt>
      <trkpt lat="51.74866622" lon="-124.8603569">
      </trkpt>
      <trkpt lat="51.74868932" lon="-124.8603918">
      </trkpt>
      <trkpt lat="51.74869832" lon="-124.8604447">
      </trkpt>
      <trkpt lat="51.74870852" lon="-124.86048131">
      </trkpt>
      <trkpt lat="51.74869312" lon="-124.8605273">
      </trkpt>
      <trkpt lat="51.74868552" lon="-124.8605726">
      </trkpt>
      <trkpt lat="51.74870372" lon="-124.86060561">
      </trkpt>
      <trkpt lat="51.74871552" lon="-124.8606194">
      </trkpt>
      <trkpt lat="51.74873902" lon="-124.860629">
      </trkpt>
      <trkpt lat="51.74875722" lon="-124.8606185">
      </trkpt>
      <trkpt lat="51.74879832" lon="-124.86062681">
      </trkpt>
      <trkpt lat="51.74882822" lon="-124.8606612">
      </trkpt>
      <trkpt lat="51.74885102" lon="-124.8607043">
      </trkpt>
      <trkpt lat="51.74887892" lon="-124.86073921">
      </trkpt>
      <trkpt lat="51.74892802" lon="-124.86075171">
      </trkpt>
      <trkpt lat="51.74897332" lon="-124.8607741">
      </trkpt>
      <trkpt lat="51.74901072" lon="-124.86080681">
      </trkpt>
      <trkpt lat="51.74906032" lon="-124.86084111">
      </trkpt>
      <trkpt lat="51.74911942" lon="-124.86085521">
      </trkpt>
      <trkpt lat="51.74917442" lon="-124.86087201">
      </trkpt>
      <trkpt lat="51.74921822" lon="-124.8609086">
      </trkpt>
      <trkpt lat="51.74925552" lon="-124.86096641">
      </trkpt>
      <trkpt lat="51.74929013" lon="-124.86102101">
      </trkpt>
      <trkpt lat="51.74930542" lon="-124.86105571">
      </trkpt>
      <trkpt lat="51.74931582" lon="-124.86107041">
      </trkpt>
      <trkpt lat="51.74934892" lon="-124.86112201">
      </trkpt>
      <trkpt lat="51.74937442" lon="-124.86117711">
      </trkpt>
      <trkpt lat="51.74940542" lon="-124.86122271">
      </trkpt>
      <trkpt lat="51.74943332" lon="-124.86125641">
      </trkpt>
      <trkpt lat="51.74946842" lon="-124.8612906">
      </trkpt>
      <trkpt lat="51.74949212" lon="-124.86134991">
      </trkpt>
      <trkpt lat="51.74952852" lon="-124.86141031">
      </trkpt>
      <trkpt lat="51.74955062" lon="-124.86145161">
      </trkpt>
      <trkpt lat="51.74955232" lon="-124.86148081">
      </trkpt>
      <trkpt lat="51.74958012" lon="-124.8615378">
      </trkpt>
      <trkpt lat="51.74960002" lon="-124.86159901">
      </trkpt>
      <trkpt lat="51.74963612" lon="-124.86161861">
      </trkpt>
      <trkpt lat="51.74967992" lon="-124.86161111">
      </trkpt>
      <trkpt lat="51.74971522" lon="-124.86162481">
      </trkpt>
      <trkpt lat="51.74976933" lon="-124.86162191">
      </trkpt>
      <trkpt lat="51.74982302" lon="-124.86165311">
      </trkpt>
      <trkpt lat="51.74985642" lon="-124.86166701">
      </trkpt>
      <trkpt lat="51.74988762" lon="-124.86166201">
      </trkpt>
      <trkpt lat="51.74992732" lon="-124.86167361">
      </trkpt>
      <trkpt lat="51.74996302" lon="-124.86169051">
      </trkpt>
      <trkpt lat="51.74997963" lon="-124.86169871">
      </trkpt>
      <trkpt lat="51.74999402" lon="-124.86169802">
      </trkpt>
      <trkpt lat="51.75002592" lon="-124.86172242">
      </trkpt>
      <trkpt lat="51.75004772" lon="-124.86177111">
      </trkpt>
      <trkpt lat="51.75005182" lon="-124.86183901">
      </trkpt>
      <trkpt lat="51.75007772" lon="-124.86188141">
      </trkpt>
      <trkpt lat="51.75010822" lon="-124.86191201">
      </trkpt>
      <trkpt lat="51.75017682" lon="-124.86191781">
      </trkpt>
      <trkpt lat="51.75021852" lon="-124.86196382">
      </trkpt>
      <trkpt lat="51.75025223" lon="-124.86202692">
      </trkpt>
      <trkpt lat="51.75027082" lon="-124.86208672">
      </trkpt>
      <trkpt lat="51.75027032" lon="-124.86215361">
      </trkpt>
      <trkpt lat="51.75029403" lon="-124.86219952">
      </trkpt>
      <trkpt lat="51.75033202" lon="-124.86223663">
      </trkpt>
      <trkpt lat="51.75037692" lon="-124.86225132">
      </trkpt>
      <trkpt lat="51.75039613" lon="-124.86228731">
      </trkpt>
      <trkpt lat="51.75042283" lon="-124.86232841">
      </trkpt>
      <trkpt lat="51.75046882" lon="-124.86234872">
      </trkpt>
      <trkpt lat="51.75050552" lon="-124.86238851">
      </trkpt>
      <trkpt lat="51.75052882" lon="-124.86243292">
      </trkpt>
      <trkpt lat="51.75055802" lon="-124.86245202">
      </trkpt>
      <trkpt lat="51.75058783" lon="-124.86250462">
      </trkpt>
      <trkpt lat="51.75059983" lon="-124.86257442">
      </trkpt>
      <trkpt lat="51.75062373" lon="-124.86262782">
      </trkpt>
      <trkpt lat="51.75067283" lon="-124.86266982">
      </trkpt>
      <trkpt lat="51.75071313" lon="-124.86270043">
      </trkpt>
      <trkpt lat="51.75073622" lon="-124.86275983">
      </trkpt>
      <trkpt lat="51.75076793" lon="-124.86280962">
      </trkpt>
      <trkpt lat="51.75078572" lon="-124.86287103">
      </trkpt>
      <trkpt lat="51.75079323" lon="-124.86292262">
      </trkpt>
      <trkpt lat="51.75081473" lon="-124.86295633">
      </trkpt>
      <trkpt lat="51.75083753" lon="-124.86300793">
      </trkpt>
      <trkpt lat="51.75086122" lon="-124.86305933">
      </trkpt>
      <trkpt lat="51.75088783" lon="-124.86309593">
      </trkpt>
      <trkpt lat="51.75091483" lon="-124.86313232">
      </trkpt>
      <trkpt lat="51.75093983" lon="-124.86319253">
      </trkpt>
      <trkpt lat="51.75094913" lon="-124.86325152">
      </trkpt>
      <trkpt lat="51.75095272" lon="-124.86331002">
      </trkpt>
      <trkpt lat="51.75096423" lon="-124.86337213">
      </trkpt>
      <trkpt lat="51.75098443" lon="-124.86343793">
      </trkpt>
      <trkpt lat="51.75102392" lon="-124.86349093">
      </trkpt>
      <trkpt lat="51.75106113" lon="-124.86354532">
      </trkpt>
      <trkpt lat="51.75108443" lon="-124.86358773">
      </trkpt>
      <trkpt lat="51.75110303" lon="-124.86363593">
      </trkpt>
      <trkpt lat="51.75111653" lon="-124.86368833">
      </trkpt>
      <trkpt lat="51.75113593" lon="-124.86372143">
      </trkpt>
      <trkpt lat="51.75116913" lon="-124.86373944">
      </trkpt>
      <trkpt lat="51.75122183" lon="-124.86374833">
      </trkpt>
      <trkpt lat="51.75124933" lon="-124.86381163">
      </trkpt>
      <trkpt lat="51.75127173" lon="-124.86386493">
      </trkpt>
      <trkpt lat="51.75132673" lon="-124.86387193">
      </trkpt>
      <trkpt lat="51.75136623" lon="-124.86387744">
      </trkpt>
      <trkpt lat="51.75140393" lon="-124.86390064">
      </trkpt>
      <trkpt lat="51.75143483" lon="-124.86395144">
      </trkpt>
      <trkpt lat="51.75147083" lon="-124.86398614">
      </trkpt>
      <trkpt lat="51.75149733" lon="-124.86404564">
      </trkpt>
      <trkpt lat="51.75152183" lon="-124.86411923">
      </trkpt>
      <trkpt lat="51.75154103" lon="-124.86417003">
      </trkpt>
      <trkpt lat="51.75158144" lon="-124.86418343">
      </trkpt>
      <trkpt lat="51.75163943" lon="-124.86419224">
      </trkpt>
      <trkpt lat="51.75170603" lon="-124.86421054">
      </trkpt>
      <trkpt lat="51.75177973" lon="-124.86429045">
      </trkpt>
      <trkpt lat="51.75180634" lon="-124.86433734">
      </trkpt>
      <trkpt lat="51.75181393" lon="-124.86440454">
      </trkpt>
      <trkpt lat="51.75182543" lon="-124.86447804">
      </trkpt>
      <trkpt lat="51.75185354" lon="-124.86453784">
      </trkpt>
      <trkpt lat="51.75189084" lon="-124.86458464">
      </trkpt>
      <trkpt lat="51.75192273" lon="-124.86463945">
      </trkpt>
      <trkpt lat="51.75195984" lon="-124.86469324">
      </trkpt>
      <trkpt lat="51.75199693" lon="-124.86474265">
      </trkpt>
      <trkpt lat="51.75202313" lon="-124.86479795">
      </trkpt>
      <trkpt lat="51.75202723" lon="-124.86486455">
      </trkpt>
      <trkpt lat="51.75204333" lon="-124.86489484">
      </trkpt>
      <trkpt lat="51.75204974" lon="-124.86493875">
      </trkpt>
      <trkpt lat="51.75205583" lon="-124.86497875">
      </trkpt>
      <trkpt lat="51.75206933" lon="-124.86502364">
      </trkpt>
      <trkpt lat="51.75207793" lon="-124.86507264">
      </trkpt>
      <trkpt lat="51.75208473" lon="-124.86513904">
      </trkpt>
      <trkpt lat="51.75207423" lon="-124.86520454">
      </trkpt>
      <trkpt lat="51.75206044" lon="-124.86525115">
      </trkpt>
      <trkpt lat="51.75205673" lon="-124.86528014">
      </trkpt>
      <trkpt lat="51.75205804" lon="-124.86528234">
      </trkpt>
      <trkpt lat="51.75206693" lon="-124.86530004">
      </trkpt>
      <trkpt lat="51.75208643" lon="-124.86536765">
      </trkpt>
      <trkpt lat="51.75216023" lon="-124.86544725">
      </trkpt>
      <trkpt lat="51.75222784" lon="-124.86549414">
      </trkpt>
      <trkpt lat="51.75225053" lon="-124.86553705">
      </trkpt>
      <trkpt lat="51.75227163" lon="-124.86557515">
      </trkpt>
      <trkpt lat="51.75229884" lon="-124.86562925">
      </trkpt>
      <trkpt lat="51.75231994" lon="-124.86568935">
      </trkpt>
      <trkpt lat="51.75233624" lon="-124.86576815">
      </trkpt>
      <trkpt lat="51.75237033" lon="-124.86582756">
      </trkpt>
      <trkpt lat="51.75239683" lon="-124.86589215">
      </trkpt>
      <trkpt lat="51.75241904" lon="-124.86596555">
      </trkpt>
      <trkpt lat="51.75242454" lon="-124.86603545">
      </trkpt>
      <trkpt lat="51.75241433" lon="-124.86612215">
      </trkpt>
      <trkpt lat="51.75242314" lon="-124.86621285">
      </trkpt>
      <trkpt lat="51.75243833" lon="-124.86628825">
      </trkpt>
      <trkpt lat="51.75246183" lon="-124.86635775">
      </trkpt>
      <trkpt lat="51.75248844" lon="-124.86643185">
      </trkpt>
      <trkpt lat="51.75251153" lon="-124.86650675">
      </trkpt>
      <trkpt lat="51.75253963" lon="-124.86656325">
      </trkpt>
      <trkpt lat="51.75256113" lon="-124.86660945">
      </trkpt>
      <trkpt lat="51.75258564" lon="-124.86666885">
      </trkpt>
      <trkpt lat="51.75260533" lon="-124.86673296">
      </trkpt>
      <trkpt lat="51.75262473" lon="-124.86680535">
      </trkpt>
      <trkpt lat="51.75264363" lon="-124.86688445">
      </trkpt>
      <trkpt lat="51.75265523" lon="-124.86695675">
      </trkpt>
      <trkpt lat="51.75264423" lon="-124.86702585">
      </trkpt>
      <trkpt lat="51.75261814" lon="-124.86706466">
      </trkpt>
      <trkpt lat="51.75258224" lon="-124.86710245">
      </trkpt>
      <trkpt lat="51.75254573" lon="-124.86716736">
      </trkpt>
      <trkpt lat="51.75252334" lon="-124.86725115">
      </trkpt>
      <trkpt lat="51.75251214" lon="-124.86733635">
      </trkpt>
      <trkpt lat="51.75249864" lon="-124.86740956">
      </trkpt>
      <trkpt lat="51.75248744" lon="-124.86746196">
      </trkpt>
      <trkpt lat="51.75245893" lon="-124.86749856">
      </trkpt>
      <trkpt lat="51.75243444" lon="-124.86756064">
      </trkpt>
      <trkpt lat="51.75242403" lon="-124.86762104">
      </trkpt>
      <trkpt lat="51.75240993" lon="-124.86768955">
      </trkpt>
      <trkpt lat="51.75240984" lon="-124.86777694">
      </trkpt>
      <trkpt lat="51.75241073" lon="-124.86785925">
      </trkpt>
      <trkpt lat="51.75239313" lon="-124.86793285">
      </trkpt>
      <trkpt lat="51.75238694" lon="-124.86799114">
      </trkpt>
      <trkpt lat="51.75237043" lon="-124.86805444">
      </trkpt>
      <trkpt lat="51.75235763" lon="-124.86812194">
      </trkpt>
      <trkpt lat="51.75236553" lon="-124.86818875">
      </trkpt>
      <trkpt lat="51.75236464" lon="-124.86825514">
      </trkpt>
      <trkpt lat="51.75235013" lon="-124.86831435">
      </trkpt>
      <trkpt lat="51.75233454" lon="-124.86837735">
      </trkpt>
      <trkpt lat="51.75234203" lon="-124.86846144">
      </trkpt>
      <trkpt lat="51.75234874" lon="-124.86852835">
      </trkpt>
      <trkpt lat="51.75235013" lon="-124.86856934">
      </trkpt>
      <trkpt lat="51.75234453" lon="-124.86860954">
      </trkpt>
      <trkpt lat="51.75236683" lon="-124.86865984">
      </trkpt>
      <trkpt lat="51.75240514" lon="-124.86871544">
      </trkpt>
      <trkpt lat="51.75241083" lon="-124.86877875">
      </trkpt>
      <trkpt lat="51.75240503" lon="-124.86884714">
      </trkpt>
      <trkpt lat="51.75241143" lon="-124.86889955">
      </trkpt>
      <trkpt lat="51.75240143" lon="-124.86895514">
      </trkpt>
      <trkpt lat="51.75238853" lon="-124.86901114">
      </trkpt>
      <trkpt lat="51.75238123" lon="-124.86908015">
      </trkpt>
      <trkpt lat="51.75238153" lon="-124.86915235">
      </trkpt>
      <trkpt lat="51.75238193" lon="-124.86918644">
      </trkpt>
      <trkpt lat="51.75238603" lon="-124.86920515">
      </trkpt>
      <trkpt lat="51.75238983" lon="-124.86926445">
      </trkpt>
      <trkpt lat="51.75241983" lon="-124.86931895">
      </trkpt>
      <trkpt lat="51.75246203" lon="-124.86936125">
      </trkpt>
      <trkpt lat="51.75245353" lon="-124.86943264">
      </trkpt>
      <trkpt lat="51.75245853" lon="-124.86949225">
      </trkpt>
      <trkpt lat="51.75247214" lon="-124.86955015">
      </trkpt>
      <trkpt lat="51.75249663" lon="-124.86961335">
      </trkpt>
      <trkpt lat="51.75252133" lon="-124.86967844">
      </trkpt>
      <trkpt lat="51.75256253" lon="-124.86974314">
      </trkpt>
      <trkpt lat="51.75257464" lon="-124.86979565">
      </trkpt>
      <trkpt lat="51.75259153" lon="-124.86985945">
      </trkpt>
      <trkpt lat="51.75260133" lon="-124.86992025">
      </trkpt>
      <trkpt lat="51.75261483" lon="-124.86996746">
      </trkpt>
      <trkpt lat="51.75264903" lon="-124.87000545">
      </trkpt>
      <trkpt lat="51.75268923" lon="-124.87004395">
      </trkpt>
      <trkpt lat="51.75270674" lon="-124.87009905">
      </trkpt>
      <trkpt lat="51.75269573" lon="-124.87016415">
      </trkpt>
      <trkpt lat="51.75268323" lon="-124.87022136">
      </trkpt>
      <trkpt lat="51.75270163" lon="-124.87028096">
      </trkpt>
      <trkpt lat="51.75274314" lon="-124.87033845">
      </trkpt>
      <trkpt lat="51.75278303" lon="-124.87038305">
      </trkpt>
      <trkpt lat="51.75281304" lon="-124.87044155">
      </trkpt>
      <trkpt lat="51.75284424" lon="-124.87047876">
      </trkpt>
      <trkpt lat="51.75286833" lon="-124.87050635">
      </trkpt>
      <trkpt lat="51.75289473" lon="-124.87053635">
      </trkpt>
      <trkpt lat="51.75292983" lon="-124.87055276">
      </trkpt>
      <trkpt lat="51.75296123" lon="-124.87057495">
      </trkpt>
      <trkpt lat="51.75297283" lon="-124.87062295">
      </trkpt>
      <trkpt lat="51.75293554" lon="-124.87070546">
      </trkpt>
      <trkpt lat="51.75290113" lon="-124.87076535">
      </trkpt>
      <trkpt lat="51.75288993" lon="-124.87081176">
      </trkpt>
      <trkpt lat="51.75290144" lon="-124.87084365">
      </trkpt>
      <trkpt lat="51.75290914" lon="-124.87089175">
      </trkpt>
      <trkpt lat="51.75291533" lon="-124.87094556">
      </trkpt>
      <trkpt lat="51.75294233" lon="-124.87099455">
      </trkpt>
      <trkpt lat="51.75297864" lon="-124.87102536">
      </trkpt>
      <trkpt lat="51.75301484" lon="-124.87103465">
      </trkpt>
      <trkpt lat="51.75302913" lon="-124.87107656">
      </trkpt>
      <trkpt lat="51.75305353" lon="-124.87110996">
      </trkpt>
      <trkpt lat="51.75307804" lon="-124.87112986">
      </trkpt>
      <trkpt lat="51.75310833" lon="-124.87113276">
      </trkpt>
      <trkpt lat="51.75312744" lon="-124.87112716">
      </trkpt>
      <trkpt lat="51.75312764" lon="-124.87112746">
      </trkpt>
      <trkpt lat="51.75314883" lon="-124.87113266">
      </trkpt>
      <trkpt lat="51.75317163" lon="-124.87114536">
      </trkpt>
    </trkseg>
  </trk>
</gpx>