<?xml version="1.0" encoding="UTF-8"?>
<gpx xmlns="http://www.topografix.com/GPX/1/1" xmlns:xsi="http://www.w3.org/2001/XMLSchema-instance" xsi:schemaLocation="http://www.topografix.com/GPX/1/1 http://www.topografix.com/GPX/1/1/gpx.xsd" version="1.1" creator="gpx.py -- https://github.com/tkrajina/gpxpy">
  <trk>
    <name>Cascade Falls Trails</name>
    <trkseg>
      <trkpt lat="50.50443794" lon="-118.71385352">
      </trkpt>
      <trkpt lat="50.50443868" lon="-118.71384797">
      </trkpt>
      <trkpt lat="50.50444024" lon="-118.71383874">
      </trkpt>
      <trkpt lat="50.50444184" lon="-118.71383135">
      </trkpt>
      <trkpt lat="50.50444432" lon="-118.7138221">
      </trkpt>
      <trkpt lat="50.50444676" lon="-118.71381606">
      </trkpt>
      <trkpt lat="50.50444974" lon="-118.71380282">
      </trkpt>
      <trkpt lat="50.50445223" lon="-118.71379869">
      </trkpt>
      <trkpt lat="50.50445541" lon="-118.71379091">
      </trkpt>
      <trkpt lat="50.50445786" lon="-118.71378686">
      </trkpt>
      <trkpt lat="50.50446009" lon="-118.7137794">
      </trkpt>
      <trkpt lat="50.50446251" lon="-118.71377543">
      </trkpt>
      <trkpt lat="50.50446461" lon="-118.71376641">
      </trkpt>
      <trkpt lat="50.50446689" lon="-118.71376083">
      </trkpt>
      <trkpt lat="50.50446925" lon="-118.71375698">
      </trkpt>
      <trkpt lat="50.50447159" lon="-118.71375314">
      </trkpt>
      <trkpt lat="50.5044756" lon="-118.713749">
      </trkpt>
      <trkpt lat="50.50447946" lon="-118.71374326">
      </trkpt>
      <trkpt lat="50.50448256" lon="-118.71373936">
      </trkpt>
      <trkpt lat="50.50448482" lon="-118.71373565">
      </trkpt>
      <trkpt lat="50.50448859" lon="-118.71373005">
      </trkpt>
      <trkpt lat="50.50449184" lon="-118.71372945">
      </trkpt>
      <trkpt lat="50.50449588" lon="-118.71372871">
      </trkpt>
      <trkpt lat="50.50449886" lon="-118.71372495">
      </trkpt>
      <trkpt lat="50.50450091" lon="-118.71371977">
      </trkpt>
      <trkpt lat="50.50450191" lon="-118.71371166">
      </trkpt>
      <trkpt lat="50.50450234" lon="-118.71370684">
      </trkpt>
      <trkpt lat="50.50450153" lon="-118.71369601">
      </trkpt>
      <trkpt lat="50.50450341" lon="-118.71368949">
      </trkpt>
      <trkpt lat="50.50450539" lon="-118.71368456">
      </trkpt>
      <trkpt lat="50.50450838" lon="-118.71368259">
      </trkpt>
      <trkpt lat="50.50451122" lon="-118.71367911">
      </trkpt>
      <trkpt lat="50.5045148" lon="-118.71367555">
      </trkpt>
      <trkpt lat="50.50451748" lon="-118.71367065">
      </trkpt>
      <trkpt lat="50.50451698" lon="-118.71366471">
      </trkpt>
      <trkpt lat="50.50451724" lon="-118.71365871">
      </trkpt>
      <trkpt lat="50.50452075" lon="-118.71365529">
      </trkpt>
      <trkpt lat="50.50452285" lon="-118.71365354">
      </trkpt>
      <trkpt lat="50.50452544" lon="-118.71364883">
      </trkpt>
      <trkpt lat="50.50452788" lon="-118.7136427">
      </trkpt>
      <trkpt lat="50.50453042" lon="-118.71363807">
      </trkpt>
      <trkpt lat="50.50453282" lon="-118.71363205">
      </trkpt>
      <trkpt lat="50.50453532" lon="-118.71362749">
      </trkpt>
      <trkpt lat="50.50453806" lon="-118.71362578">
      </trkpt>
      <trkpt lat="50.50454163" lon="-118.71362542">
      </trkpt>
      <trkpt lat="50.50454447" lon="-118.71362511">
      </trkpt>
      <trkpt lat="50.504548" lon="-118.71362475">
      </trkpt>
      <trkpt lat="50.50455124" lon="-118.71362162">
      </trkpt>
      <trkpt lat="50.50455291" lon="-118.71361726">
      </trkpt>
      <trkpt lat="50.50455374" lon="-118.71361166">
      </trkpt>
      <trkpt lat="50.50455526" lon="-118.71360601">
      </trkpt>
      <trkpt lat="50.50455608" lon="-118.71360047">
      </trkpt>
      <trkpt lat="50.50455625" lon="-118.71359506">
      </trkpt>
      <trkpt lat="50.50455669" lon="-118.71358977">
      </trkpt>
      <trkpt lat="50.50455926" lon="-118.71358439">
      </trkpt>
      <trkpt lat="50.50456195" lon="-118.71358164">
      </trkpt>
      <trkpt lat="50.50456455" lon="-118.7135776">
      </trkpt>
      <trkpt lat="50.50456721" lon="-118.71357488">
      </trkpt>
      <trkpt lat="50.50456979" lon="-118.71357088">
      </trkpt>
      <trkpt lat="50.50457305" lon="-118.71356688">
      </trkpt>
      <trkpt lat="50.5045756" lon="-118.71356294">
      </trkpt>
      <trkpt lat="50.50457683" lon="-118.71356033">
      </trkpt>
      <trkpt lat="50.50458005" lon="-118.71355639">
      </trkpt>
      <trkpt lat="50.50458187" lon="-118.71355251">
      </trkpt>
      <trkpt lat="50.50458369" lon="-118.71354865">
      </trkpt>
      <trkpt lat="50.50458686" lon="-118.71354478">
      </trkpt>
      <trkpt lat="50.50459016" lon="-118.71354343">
      </trkpt>
      <trkpt lat="50.50459188" lon="-118.71353838">
      </trkpt>
      <trkpt lat="50.504593" lon="-118.71353461">
      </trkpt>
      <trkpt lat="50.50459396" lon="-118.71352837">
      </trkpt>
      <trkpt lat="50.50459433" lon="-118.7135234">
      </trkpt>
      <trkpt lat="50.50459477" lon="-118.71351969">
      </trkpt>
      <trkpt lat="50.50459426" lon="-118.71350554">
      </trkpt>
      <trkpt lat="50.50459381" lon="-118.71350187">
      </trkpt>
      <trkpt lat="50.50459375" lon="-118.71349801">
      </trkpt>
      <trkpt lat="50.50459369" lon="-118.71349494">
      </trkpt>
      <trkpt lat="50.50459404" lon="-118.71349166">
      </trkpt>
      <trkpt lat="50.50459554" lon="-118.71348858">
      </trkpt>
      <trkpt lat="50.50459704" lon="-118.71348553">
      </trkpt>
      <trkpt lat="50.50459737" lon="-118.71348232">
      </trkpt>
      <trkpt lat="50.50459654" lon="-118.71347967">
      </trkpt>
      <trkpt lat="50.50459612" lon="-118.7134776">
      </trkpt>
      <trkpt lat="50.50459567" lon="-118.71347403">
      </trkpt>
      <trkpt lat="50.50459561" lon="-118.71347103">
      </trkpt>
      <trkpt lat="50.50459554" lon="-118.71346656">
      </trkpt>
      <trkpt lat="50.50459552" lon="-118.71346581">
      </trkpt>
      <trkpt lat="50.50459614" lon="-118.71345731">
      </trkpt>
      <trkpt lat="50.50459684" lon="-118.71345402">
      </trkpt>
      <trkpt lat="50.50459868" lon="-118.71345097">
      </trkpt>
      <trkpt lat="50.50459938" lon="-118.71344844">
      </trkpt>
      <trkpt lat="50.50459971" lon="-118.71344537">
      </trkpt>
      <trkpt lat="50.50460003" lon="-118.71344304">
      </trkpt>
      <trkpt lat="50.50460033" lon="-118.71343926">
      </trkpt>
      <trkpt lat="50.504601" lon="-118.71343535">
      </trkpt>
      <trkpt lat="50.5046013" lon="-118.71343234">
      </trkpt>
      <trkpt lat="50.50460124" lon="-118.71342948">
      </trkpt>
      <trkpt lat="50.50460155" lon="-118.71342648">
      </trkpt>
      <trkpt lat="50.50460148" lon="-118.71342294">
      </trkpt>
      <trkpt lat="50.5046014" lon="-118.7134194">
      </trkpt>
      <trkpt lat="50.50460168" lon="-118.71341505">
      </trkpt>
      <trkpt lat="50.50460309" lon="-118.71341237">
      </trkpt>
      <trkpt lat="50.50460414" lon="-118.71341055">
      </trkpt>
      <trkpt lat="50.50460516" lon="-118.71340735">
      </trkpt>
      <trkpt lat="50.50460511" lon="-118.71340528">
      </trkpt>
      <trkpt lat="50.50460468" lon="-118.71340196">
      </trkpt>
      <trkpt lat="50.50460391" lon="-118.71340017">
      </trkpt>
      <trkpt lat="50.50460312" lon="-118.71339699">
      </trkpt>
      <trkpt lat="50.50460303" lon="-118.71339288">
      </trkpt>
      <trkpt lat="50.50460335" lon="-118.71339138">
      </trkpt>
      <trkpt lat="50.50460435" lon="-118.71338759">
      </trkpt>
      <trkpt lat="50.50460498" lon="-118.71338394">
      </trkpt>
      <trkpt lat="50.50460491" lon="-118.71338058">
      </trkpt>
      <trkpt lat="50.50460484" lon="-118.71337788">
      </trkpt>
      <trkpt lat="50.50460476" lon="-118.71337454">
      </trkpt>
      <trkpt lat="50.504604" lon="-118.71337209">
      </trkpt>
      <trkpt lat="50.50460322" lon="-118.71336965">
      </trkpt>
      <trkpt lat="50.50460281" lon="-118.7133671">
      </trkpt>
      <trkpt lat="50.50460277" lon="-118.7133651">
      </trkpt>
      <trkpt lat="50.50460266" lon="-118.71336046">
      </trkpt>
      <trkpt lat="50.50460261" lon="-118.71335781">
      </trkpt>
      <trkpt lat="50.50460218" lon="-118.71335464">
      </trkpt>
      <trkpt lat="50.50460213" lon="-118.71335266">
      </trkpt>
      <trkpt lat="50.50460204" lon="-118.71334808">
      </trkpt>
      <trkpt lat="50.50460196" lon="-118.71334482">
      </trkpt>
      <trkpt lat="50.50460189" lon="-118.71334157">
      </trkpt>
      <trkpt lat="50.50460184" lon="-118.71333897">
      </trkpt>
      <trkpt lat="50.50460177" lon="-118.71333638">
      </trkpt>
      <trkpt lat="50.50460173" lon="-118.71333445">
      </trkpt>
      <trkpt lat="50.50460163" lon="-118.71332995">
      </trkpt>
      <trkpt lat="50.50460194" lon="-118.71332793">
      </trkpt>
      <trkpt lat="50.50460221" lon="-118.71332466">
      </trkpt>
      <trkpt lat="50.50460218" lon="-118.71332339">
      </trkpt>
      <trkpt lat="50.50460244" lon="-118.71331885">
      </trkpt>
      <trkpt lat="50.50460237" lon="-118.71331632">
      </trkpt>
      <trkpt lat="50.50460232" lon="-118.71331379">
      </trkpt>
      <trkpt lat="50.50460259" lon="-118.71331057">
      </trkpt>
      <trkpt lat="50.50460285" lon="-118.71330674">
      </trkpt>
      <trkpt lat="50.50460313" lon="-118.71330418">
      </trkpt>
      <trkpt lat="50.5046034" lon="-118.71330098">
      </trkpt>
      <trkpt lat="50.50460334" lon="-118.71329851">
      </trkpt>
      <trkpt lat="50.50460327" lon="-118.71329542">
      </trkpt>
      <trkpt lat="50.50460252" lon="-118.71329249">
      </trkpt>
      <trkpt lat="50.50460215" lon="-118.71329133">
      </trkpt>
      <trkpt lat="50.50460206" lon="-118.71328765">
      </trkpt>
      <trkpt lat="50.50460201" lon="-118.7132852">
      </trkpt>
      <trkpt lat="50.50460192" lon="-118.71328156">
      </trkpt>
      <trkpt lat="50.50460186" lon="-118.71327852">
      </trkpt>
      <trkpt lat="50.5046018" lon="-118.71327609">
      </trkpt>
      <trkpt lat="50.50460171" lon="-118.71327247">
      </trkpt>
      <trkpt lat="50.50460168" lon="-118.71327067">
      </trkpt>
      <trkpt lat="50.50460161" lon="-118.71326767">
      </trkpt>
      <trkpt lat="50.50460152" lon="-118.71326408">
      </trkpt>
      <trkpt lat="50.50460144" lon="-118.71326051">
      </trkpt>
      <trkpt lat="50.50460172" lon="-118.71325808">
      </trkpt>
      <trkpt lat="50.50460233" lon="-118.71325502">
      </trkpt>
      <trkpt lat="50.50460227" lon="-118.71325266">
      </trkpt>
      <trkpt lat="50.50460218" lon="-118.71324914">
      </trkpt>
      <trkpt lat="50.50460214" lon="-118.71324739">
      </trkpt>
      <trkpt lat="50.50460241" lon="-118.71324442">
      </trkpt>
      <trkpt lat="50.50460298" lon="-118.71324085">
      </trkpt>
      <trkpt lat="50.5046029" lon="-118.71323737">
      </trkpt>
      <trkpt lat="50.50460186" lon="-118.71323519">
      </trkpt>
      <trkpt lat="50.50460149" lon="-118.71323349">
      </trkpt>
      <trkpt lat="50.50460043" lon="-118.71323073">
      </trkpt>
      <trkpt lat="50.50460039" lon="-118.713229">
      </trkpt>
      <trkpt lat="50.50459968" lon="-118.71322678">
      </trkpt>
      <trkpt lat="50.50459928" lon="-118.71322337">
      </trkpt>
      <trkpt lat="50.5045989" lon="-118.71322112">
      </trkpt>
      <trkpt lat="50.5045985" lon="-118.71321831">
      </trkpt>
      <trkpt lat="50.50459812" lon="-118.71321606">
      </trkpt>
      <trkpt lat="50.50459774" lon="-118.71321326">
      </trkpt>
      <trkpt lat="50.50459736" lon="-118.71321159">
      </trkpt>
      <trkpt lat="50.50459696" lon="-118.71320822">
      </trkpt>
      <trkpt lat="50.5045966" lon="-118.71320655">
      </trkpt>
      <trkpt lat="50.50459586" lon="-118.71320267">
      </trkpt>
      <trkpt lat="50.50459548" lon="-118.71320045">
      </trkpt>
      <trkpt lat="50.50459543" lon="-118.71319765">
      </trkpt>
      <trkpt lat="50.5045947" lon="-118.71319434">
      </trkpt>
      <trkpt lat="50.50459433" lon="-118.71319214">
      </trkpt>
      <trkpt lat="50.5045942" lon="-118.71318549">
      </trkpt>
      <trkpt lat="50.50459415" lon="-118.71318274">
      </trkpt>
      <trkpt lat="50.50459344" lon="-118.71318002">
      </trkpt>
      <trkpt lat="50.50459306" lon="-118.71317729">
      </trkpt>
      <trkpt lat="50.50459302" lon="-118.7131751">
      </trkpt>
      <trkpt lat="50.50459296" lon="-118.71317183">
      </trkpt>
      <trkpt lat="50.50459227" lon="-118.71316968">
      </trkpt>
      <trkpt lat="50.50459123" lon="-118.71316644">
      </trkpt>
      <trkpt lat="50.50458989" lon="-118.71316483">
      </trkpt>
      <trkpt lat="50.50458856" lon="-118.71316376">
      </trkpt>
      <trkpt lat="50.5045872" lon="-118.71316106">
      </trkpt>
      <trkpt lat="50.50458683" lon="-118.71315889">
      </trkpt>
      <trkpt lat="50.50458647" lon="-118.71315618">
      </trkpt>
      <trkpt lat="50.50458641" lon="-118.71315242">
      </trkpt>
      <trkpt lat="50.50458637" lon="-118.71314973">
      </trkpt>
      <trkpt lat="50.50458635" lon="-118.71314866">
      </trkpt>
      <trkpt lat="50.50458629" lon="-118.71314493">
      </trkpt>
      <trkpt lat="50.50458661" lon="-118.71314387">
      </trkpt>
      <trkpt lat="50.50458657" lon="-118.71314068">
      </trkpt>
      <trkpt lat="50.50458587" lon="-118.71313802">
      </trkpt>
      <trkpt lat="50.50458485" lon="-118.71313533">
      </trkpt>
      <trkpt lat="50.50458417" lon="-118.71313373">
      </trkpt>
      <trkpt lat="50.50458348" lon="-118.7131316">
      </trkpt>
      <trkpt lat="50.50458312" lon="-118.71312895">
      </trkpt>
      <trkpt lat="50.50458306" lon="-118.71312422">
      </trkpt>
      <trkpt lat="50.50458271" lon="-118.71312264">
      </trkpt>
      <trkpt lat="50.50458202" lon="-118.71312">
      </trkpt>
      <trkpt lat="50.50458168" lon="-118.71311893">
      </trkpt>
      <trkpt lat="50.50458099" lon="-118.71311577">
      </trkpt>
      <trkpt lat="50.50458031" lon="-118.71311365">
      </trkpt>
      <trkpt lat="50.50457931" lon="-118.71311203">
      </trkpt>
      <trkpt lat="50.50457829" lon="-118.71310936">
      </trkpt>
      <trkpt lat="50.50457728" lon="-118.71310721">
      </trkpt>
      <trkpt lat="50.5045766" lon="-118.7131051">
      </trkpt>
      <trkpt lat="50.50457625" lon="-118.71310249">
      </trkpt>
      <trkpt lat="50.50457556" lon="-118.71309986">
      </trkpt>
      <trkpt lat="50.50457488" lon="-118.71309775">
      </trkpt>
      <trkpt lat="50.5045742" lon="-118.71309512">
      </trkpt>
      <trkpt lat="50.50457319" lon="-118.71309297">
      </trkpt>
      <trkpt lat="50.50457082" lon="-118.71308659">
      </trkpt>
      <trkpt lat="50.50457048" lon="-118.71308452">
      </trkpt>
      <trkpt lat="50.5045698" lon="-118.71308241">
      </trkpt>
      <trkpt lat="50.50456945" lon="-118.71308034">
      </trkpt>
      <trkpt lat="50.50456878" lon="-118.71307822">
      </trkpt>
      <trkpt lat="50.50456843" lon="-118.71307666">
      </trkpt>
      <trkpt lat="50.50456776" lon="-118.71307405">
      </trkpt>
      <trkpt lat="50.50456775" lon="-118.71307203">
      </trkpt>
      <trkpt lat="50.5045684" lon="-118.7130701">
      </trkpt>
      <trkpt lat="50.50456939" lon="-118.71306822">
      </trkpt>
      <trkpt lat="50.50456806" lon="-118.71306654">
      </trkpt>
      <trkpt lat="50.50456672" lon="-118.71306537">
      </trkpt>
      <trkpt lat="50.50456472" lon="-118.71306358">
      </trkpt>
      <trkpt lat="50.50456338" lon="-118.71306239">
      </trkpt>
      <trkpt lat="50.50456203" lon="-118.7130607">
      </trkpt>
      <trkpt lat="50.50456035" lon="-118.71305894">
      </trkpt>
      <trkpt lat="50.50455899" lon="-118.71305824">
      </trkpt>
      <trkpt lat="50.5045573" lon="-118.71305799">
      </trkpt>
      <trkpt lat="50.50455558" lon="-118.71305926">
      </trkpt>
      <trkpt lat="50.5045549" lon="-118.71305967">
      </trkpt>
      <trkpt lat="50.50455317" lon="-118.71306147">
      </trkpt>
      <trkpt lat="50.50455178" lon="-118.71306178">
      </trkpt>
      <trkpt lat="50.50455039" lon="-118.71306159">
      </trkpt>
      <trkpt lat="50.50454865" lon="-118.71306135">
      </trkpt>
      <trkpt lat="50.50454689" lon="-118.7130611">
      </trkpt>
      <trkpt lat="50.50454549" lon="-118.71306039">
      </trkpt>
      <trkpt lat="50.50454408" lon="-118.71305916">
      </trkpt>
      <trkpt lat="50.50454267" lon="-118.71305792">
      </trkpt>
      <trkpt lat="50.50454125" lon="-118.7130572">
      </trkpt>
      <trkpt lat="50.50453984" lon="-118.71305494">
      </trkpt>
      <trkpt lat="50.50453915" lon="-118.71305277">
      </trkpt>
      <trkpt lat="50.50453881" lon="-118.71305065">
      </trkpt>
      <trkpt lat="50.50453776" lon="-118.71304894">
      </trkpt>
      <trkpt lat="50.50453707" lon="-118.71304677">
      </trkpt>
      <trkpt lat="50.50453673" lon="-118.71304518">
      </trkpt>
      <trkpt lat="50.50453604" lon="-118.71304249">
      </trkpt>
      <trkpt lat="50.50453571" lon="-118.71304039">
      </trkpt>
      <trkpt lat="50.50453502" lon="-118.71303822">
      </trkpt>
      <trkpt lat="50.50453397" lon="-118.71303599">
      </trkpt>
      <trkpt lat="50.50453328" lon="-118.71303384">
      </trkpt>
      <trkpt lat="50.50453259" lon="-118.71303168">
      </trkpt>
      <trkpt lat="50.5045319" lon="-118.71302952">
      </trkpt>
      <trkpt lat="50.50453158" lon="-118.71302691">
      </trkpt>
      <trkpt lat="50.50453091" lon="-118.71302426">
      </trkpt>
      <trkpt lat="50.50453058" lon="-118.71302217">
      </trkpt>
      <trkpt lat="50.50453025" lon="-118.71302008">
      </trkpt>
      <trkpt lat="50.50453032" lon="-118.71301607">
      </trkpt>
      <trkpt lat="50.50453034" lon="-118.71301507">
      </trkpt>
      <trkpt lat="50.50453111" lon="-118.71301223">
      </trkpt>
      <trkpt lat="50.50453115" lon="-118.71300974">
      </trkpt>
      <trkpt lat="50.50453154" lon="-118.71300783">
      </trkpt>
      <trkpt lat="50.50453159" lon="-118.71300486">
      </trkpt>
      <trkpt lat="50.50453126" lon="-118.71300331">
      </trkpt>
      <trkpt lat="50.5045313" lon="-118.71300036">
      </trkpt>
      <trkpt lat="50.50453171" lon="-118.71299798">
      </trkpt>
      <trkpt lat="50.50453174" lon="-118.71299603">
      </trkpt>
      <trkpt lat="50.50453248" lon="-118.71299376">
      </trkpt>
      <trkpt lat="50.50453358" lon="-118.71299158">
      </trkpt>
      <trkpt lat="50.50453433" lon="-118.71298885">
      </trkpt>
      <trkpt lat="50.5045347" lon="-118.71298748">
      </trkpt>
      <trkpt lat="50.50453508" lon="-118.71298518">
      </trkpt>
      <trkpt lat="50.50453616" lon="-118.71298352">
      </trkpt>
      <trkpt lat="50.50453619" lon="-118.71298113">
      </trkpt>
      <trkpt lat="50.50453655" lon="-118.7129798">
      </trkpt>
      <trkpt lat="50.50453659" lon="-118.71297742">
      </trkpt>
      <trkpt lat="50.50453661" lon="-118.712976">
      </trkpt>
      <trkpt lat="50.50453697" lon="-118.71297468">
      </trkpt>
      <trkpt lat="50.50453736" lon="-118.712971">
      </trkpt>
      <trkpt lat="50.50453739" lon="-118.71296913">
      </trkpt>
      <trkpt lat="50.50453674" lon="-118.71296708">
      </trkpt>
      <trkpt lat="50.50453642" lon="-118.7129651">
      </trkpt>
      <trkpt lat="50.5045361" lon="-118.71296315">
      </trkpt>
      <trkpt lat="50.50453544" lon="-118.71296064">
      </trkpt>
      <trkpt lat="50.50453548" lon="-118.71295877">
      </trkpt>
      <trkpt lat="50.50453448" lon="-118.71295616">
      </trkpt>
      <trkpt lat="50.50453382" lon="-118.71295411">
      </trkpt>
      <trkpt lat="50.50453317" lon="-118.7129516">
      </trkpt>
      <trkpt lat="50.50453321" lon="-118.7129493">
      </trkpt>
      <trkpt lat="50.50453256" lon="-118.7129468">
      </trkpt>
      <trkpt lat="50.50453226" lon="-118.71294394">
      </trkpt>
      <trkpt lat="50.5045316" lon="-118.71294236">
      </trkpt>
      <trkpt lat="50.50453129" lon="-118.71293997">
      </trkpt>
      <trkpt lat="50.50453097" lon="-118.71293849">
      </trkpt>
      <trkpt lat="50.50453033" lon="-118.71293555">
      </trkpt>
      <trkpt lat="50.5045304" lon="-118.71293237">
      </trkpt>
      <trkpt lat="50.50453011" lon="-118.7129291">
      </trkpt>
      <trkpt lat="50.50452981" lon="-118.71292674">
      </trkpt>
      <trkpt lat="50.50452952" lon="-118.71292392">
      </trkpt>
      <trkpt lat="50.50452959" lon="-118.7129199">
      </trkpt>
      <trkpt lat="50.50452929" lon="-118.71291801">
      </trkpt>
      <trkpt lat="50.50452934" lon="-118.71291533">
      </trkpt>
      <trkpt lat="50.50452904" lon="-118.712913">
      </trkpt>
      <trkpt lat="50.50452877" lon="-118.71290978">
      </trkpt>
      <trkpt lat="50.50452878" lon="-118.7129089">
      </trkpt>
      <trkpt lat="50.5045285" lon="-118.71290526">
      </trkpt>
      <trkpt lat="50.50452788" lon="-118.71290238">
      </trkpt>
      <trkpt lat="50.50452758" lon="-118.71290008">
      </trkpt>
      <trkpt lat="50.5045273" lon="-118.71289777">
      </trkpt>
      <trkpt lat="50.50452736" lon="-118.71289473">
      </trkpt>
      <trkpt lat="50.5045264" lon="-118.71289175">
      </trkpt>
      <trkpt lat="50.50452644" lon="-118.71288959">
      </trkpt>
      <trkpt lat="50.50452581" lon="-118.7128876">
      </trkpt>
      <trkpt lat="50.50452517" lon="-118.71288518">
      </trkpt>
      <trkpt lat="50.50452485" lon="-118.7128842">
      </trkpt>
      <trkpt lat="50.50452357" lon="-118.71288066">
      </trkpt>
      <trkpt lat="50.50452327" lon="-118.71287881">
      </trkpt>
      <trkpt lat="50.50452331" lon="-118.71287711">
      </trkpt>
      <trkpt lat="50.50452299" lon="-118.71287612">
      </trkpt>
      <trkpt lat="50.50452269" lon="-118.71287429">
      </trkpt>
      <trkpt lat="50.50452245" lon="-118.71287031">
      </trkpt>
      <trkpt lat="50.50452215" lon="-118.71286806">
      </trkpt>
      <trkpt lat="50.5045209" lon="-118.7128637">
      </trkpt>
      <trkpt lat="50.50452094" lon="-118.71286245">
      </trkpt>
      <trkpt lat="50.50451752" lon="-118.71285988">
      </trkpt>
      <trkpt lat="50.50451628" lon="-118.7128581">
      </trkpt>
      <trkpt lat="50.50451471" lon="-118.71285586">
      </trkpt>
      <trkpt lat="50.50451377" lon="-118.71285451">
      </trkpt>
      <trkpt lat="50.50451315" lon="-118.71285361">
      </trkpt>
      <trkpt lat="50.50451159" lon="-118.71285195">
      </trkpt>
      <trkpt lat="50.50451063" lon="-118.71285001">
      </trkpt>
      <trkpt lat="50.50450999" lon="-118.71284851">
      </trkpt>
      <trkpt lat="50.50450873" lon="-118.7128467">
      </trkpt>
      <trkpt lat="50.50450776" lon="-118.71284418">
      </trkpt>
      <trkpt lat="50.5045071" lon="-118.71284151">
      </trkpt>
      <trkpt lat="50.50450677" lon="-118.71284047">
      </trkpt>
      <trkpt lat="50.50450549" lon="-118.71283807">
      </trkpt>
      <trkpt lat="50.50450547" lon="-118.71283631">
      </trkpt>
      <trkpt lat="50.5045045" lon="-118.71283378">
      </trkpt>
      <trkpt lat="50.50450352" lon="-118.71283066">
      </trkpt>
      <trkpt lat="50.50450286" lon="-118.712828">
      </trkpt>
      <trkpt lat="50.5045022" lon="-118.71282534">
      </trkpt>
      <trkpt lat="50.50450156" lon="-118.71282386">
      </trkpt>
      <trkpt lat="50.50450123" lon="-118.71282224">
      </trkpt>
      <trkpt lat="50.50450024" lon="-118.71281798">
      </trkpt>
      <trkpt lat="50.5044999" lon="-118.71281579">
      </trkpt>
      <trkpt lat="50.50449893" lon="-118.7128127">
      </trkpt>
      <trkpt lat="50.50449857" lon="-118.71280937">
      </trkpt>
      <trkpt lat="50.50449791" lon="-118.71280618">
      </trkpt>
      <trkpt lat="50.5044979" lon="-118.71280503">
      </trkpt>
      <trkpt lat="50.50449692" lon="-118.71280137">
      </trkpt>
      <trkpt lat="50.5044969" lon="-118.71279911">
      </trkpt>
      <trkpt lat="50.50449686" lon="-118.71279628">
      </trkpt>
      <trkpt lat="50.50449653" lon="-118.71279469">
      </trkpt>
      <trkpt lat="50.50449651" lon="-118.71279244">
      </trkpt>
      <trkpt lat="50.50449647" lon="-118.71278964">
      </trkpt>
      <trkpt lat="50.50449644" lon="-118.71278683">
      </trkpt>
      <trkpt lat="50.5044964" lon="-118.71278349">
      </trkpt>
      <trkpt lat="50.50449576" lon="-118.71278146">
      </trkpt>
      <trkpt lat="50.50449542" lon="-118.71277877">
      </trkpt>
      <trkpt lat="50.50449388" lon="-118.71277815">
      </trkpt>
      <trkpt lat="50.50449263" lon="-118.71277741">
      </trkpt>
      <trkpt lat="50.50449138" lon="-118.71277608">
      </trkpt>
      <trkpt lat="50.50449074" lon="-118.7127751">
      </trkpt>
      <trkpt lat="50.50449009" lon="-118.71277241">
      </trkpt>
      <trkpt lat="50.50448913" lon="-118.71277037">
      </trkpt>
      <trkpt lat="50.50448818" lon="-118.71276834">
      </trkpt>
      <trkpt lat="50.50448753" lon="-118.71276585">
      </trkpt>
      <trkpt lat="50.50448659" lon="-118.71276342">
      </trkpt>
      <trkpt lat="50.50448595" lon="-118.71276198">
      </trkpt>
      <trkpt lat="50.50448501" lon="-118.71276007">
      </trkpt>
      <trkpt lat="50.50448438" lon="-118.71275863">
      </trkpt>
      <trkpt lat="50.50448311" lon="-118.71275731">
      </trkpt>
      <trkpt lat="50.50448216" lon="-118.71275591">
      </trkpt>
      <trkpt lat="50.5044812" lon="-118.712754">
      </trkpt>
      <trkpt lat="50.50448024" lon="-118.71275156">
      </trkpt>
      <trkpt lat="50.5044796" lon="-118.71274958">
      </trkpt>
      <trkpt lat="50.50447928" lon="-118.71274807">
      </trkpt>
      <trkpt lat="50.50447833" lon="-118.71274563">
      </trkpt>
      <trkpt lat="50.50447736" lon="-118.71274318">
      </trkpt>
      <trkpt lat="50.50447673" lon="-118.7127412">
      </trkpt>
      <trkpt lat="50.50447608" lon="-118.71273974">
      </trkpt>
      <trkpt lat="50.50447544" lon="-118.71273775">
      </trkpt>
      <trkpt lat="50.5044748" lon="-118.71273577">
      </trkpt>
      <trkpt lat="50.50447416" lon="-118.71273482">
      </trkpt>
      <trkpt lat="50.50447319" lon="-118.71273237">
      </trkpt>
      <trkpt lat="50.50447224" lon="-118.7127299">
      </trkpt>
      <trkpt lat="50.50447159" lon="-118.71272845">
      </trkpt>
      <trkpt lat="50.50447062" lon="-118.71272598">
      </trkpt>
      <trkpt lat="50.50446933" lon="-118.71272408">
      </trkpt>
      <trkpt lat="50.50446835" lon="-118.71272212">
      </trkpt>
      <trkpt lat="50.50446739" lon="-118.71272017">
      </trkpt>
      <trkpt lat="50.50446642" lon="-118.71271874">
      </trkpt>
      <trkpt lat="50.50446511" lon="-118.71271735">
      </trkpt>
      <trkpt lat="50.50446446" lon="-118.71271587">
      </trkpt>
      <trkpt lat="50.50446348" lon="-118.71271391">
      </trkpt>
      <trkpt lat="50.50446283" lon="-118.71271138">
      </trkpt>
      <trkpt lat="50.50446219" lon="-118.71270937">
      </trkpt>
      <trkpt lat="50.50446219" lon="-118.71270676">
      </trkpt>
      <trkpt lat="50.50446155" lon="-118.71270475">
      </trkpt>
      <trkpt lat="50.50446122" lon="-118.71270271">
      </trkpt>
      <trkpt lat="50.50446124" lon="-118.71269907">
      </trkpt>
      <trkpt lat="50.50446191" lon="-118.71269692">
      </trkpt>
      <trkpt lat="50.50446191" lon="-118.71269536">
      </trkpt>
      <trkpt lat="50.50446258" lon="-118.71269323">
      </trkpt>
      <trkpt lat="50.50446259" lon="-118.71269116">
      </trkpt>
      <trkpt lat="50.50446292" lon="-118.71268804">
      </trkpt>
      <trkpt lat="50.50446293" lon="-118.71268597">
      </trkpt>
      <trkpt lat="50.50446327" lon="-118.71268338">
      </trkpt>
      <trkpt lat="50.50446361" lon="-118.7126818">
      </trkpt>
      <trkpt lat="50.50446394" lon="-118.71267972">
      </trkpt>
      <trkpt lat="50.50446394" lon="-118.71267716">
      </trkpt>
      <trkpt lat="50.50446395" lon="-118.71267511">
      </trkpt>
      <trkpt lat="50.50446396" lon="-118.71267256">
      </trkpt>
      <trkpt lat="50.50446397" lon="-118.71266951">
      </trkpt>
      <trkpt lat="50.50446399" lon="-118.71266544">
      </trkpt>
      <trkpt lat="50.504464" lon="-118.71266239">
      </trkpt>
      <trkpt lat="50.50446401" lon="-118.71265934">
      </trkpt>
      <trkpt lat="50.50446402" lon="-118.71265732">
      </trkpt>
      <trkpt lat="50.50446403" lon="-118.71265377">
      </trkpt>
      <trkpt lat="50.50446404" lon="-118.71265125">
      </trkpt>
      <trkpt lat="50.50446405" lon="-118.71264923">
      </trkpt>
      <trkpt lat="50.50446405" lon="-118.71264621">
      </trkpt>
      <trkpt lat="50.50446407" lon="-118.7126432">
      </trkpt>
      <trkpt lat="50.50446409" lon="-118.71263969">
      </trkpt>
      <trkpt lat="50.50446408" lon="-118.71263869">
      </trkpt>
      <trkpt lat="50.5044641" lon="-118.71263669">
      </trkpt>
      <trkpt lat="50.50446411" lon="-118.7126317">
      </trkpt>
      <trkpt lat="50.50446412" lon="-118.71263019">
      </trkpt>
      <trkpt lat="50.50446413" lon="-118.71262621">
      </trkpt>
      <trkpt lat="50.50446414" lon="-118.71262323">
      </trkpt>
      <trkpt lat="50.50446415" lon="-118.71262076">
      </trkpt>
      <trkpt lat="50.50446416" lon="-118.71261828">
      </trkpt>
      <trkpt lat="50.50446416" lon="-118.71261629">
      </trkpt>
      <trkpt lat="50.50446417" lon="-118.71261382">
      </trkpt>
      <trkpt lat="50.50446418" lon="-118.71261135">
      </trkpt>
      <trkpt lat="50.50446451" lon="-118.71260939">
      </trkpt>
      <trkpt lat="50.50446451" lon="-118.71260791">
      </trkpt>
      <trkpt lat="50.50446516" lon="-118.71260547">
      </trkpt>
      <trkpt lat="50.50446612" lon="-118.71260253">
      </trkpt>
      <trkpt lat="50.50446644" lon="-118.7125996">
      </trkpt>
      <trkpt lat="50.50446708" lon="-118.71259619">
      </trkpt>
      <trkpt lat="50.50446773" lon="-118.71259426">
      </trkpt>
      <trkpt lat="50.50446835" lon="-118.71259185">
      </trkpt>
      <trkpt lat="50.50446867" lon="-118.71259041">
      </trkpt>
      <trkpt lat="50.504469" lon="-118.7125875">
      </trkpt>
      <trkpt lat="50.50446932" lon="-118.71258414">
      </trkpt>
      <trkpt lat="50.50446994" lon="-118.71258032">
      </trkpt>
      <trkpt lat="50.50446995" lon="-118.71257839">
      </trkpt>
      <trkpt lat="50.50446996" lon="-118.71257551">
      </trkpt>
      <trkpt lat="50.50447058" lon="-118.71257219">
      </trkpt>
      <trkpt lat="50.50447059" lon="-118.71256979">
      </trkpt>
      <trkpt lat="50.50447121" lon="-118.71256745">
      </trkpt>
      <trkpt lat="50.50447184" lon="-118.71256463">
      </trkpt>
      <trkpt lat="50.50447214" lon="-118.71256227">
      </trkpt>
      <trkpt lat="50.50447277" lon="-118.71255946">
      </trkpt>
      <trkpt lat="50.50447338" lon="-118.71255666">
      </trkpt>
      <trkpt lat="50.50447369" lon="-118.71255433">
      </trkpt>
      <trkpt lat="50.504474" lon="-118.71255247">
      </trkpt>
      <trkpt lat="50.50447431" lon="-118.71255015">
      </trkpt>
      <trkpt lat="50.50447431" lon="-118.71254779">
      </trkpt>
      <trkpt lat="50.50447431" lon="-118.71254545">
      </trkpt>
      <trkpt lat="50.50447431" lon="-118.7125431">
      </trkpt>
      <trkpt lat="50.50447431" lon="-118.71254076">
      </trkpt>
      <trkpt lat="50.50447432" lon="-118.7125389">
      </trkpt>
      <trkpt lat="50.50447719" lon="-118.71252806">
      </trkpt>
      <trkpt lat="50.5044772" lon="-118.71252219">
      </trkpt>
      <trkpt lat="50.5044772" lon="-118.71251729">
      </trkpt>
      <trkpt lat="50.50447604" lon="-118.71251371">
      </trkpt>
      <trkpt lat="50.50447427" lon="-118.71251128">
      </trkpt>
      <trkpt lat="50.50447191" lon="-118.71250801">
      </trkpt>
      <trkpt lat="50.50447073" lon="-118.71250638">
      </trkpt>
      <trkpt lat="50.50446837" lon="-118.7125031">
      </trkpt>
      <trkpt lat="50.50446659" lon="-118.71249868">
      </trkpt>
      <trkpt lat="50.50446481" lon="-118.71249622">
      </trkpt>
      <trkpt lat="50.50446303" lon="-118.71249374">
      </trkpt>
      <trkpt lat="50.50446065" lon="-118.7124924">
      </trkpt>
      <trkpt lat="50.50445886" lon="-118.71248992">
      </trkpt>
      <trkpt lat="50.50445706" lon="-118.71248744">
      </trkpt>
      <trkpt lat="50.50445467" lon="-118.71248412">
      </trkpt>
      <trkpt lat="50.50445287" lon="-118.71248162">
      </trkpt>
      <trkpt lat="50.50445108" lon="-118.71247814">
      </trkpt>
      <trkpt lat="50.50444927" lon="-118.71247564">
      </trkpt>
      <trkpt lat="50.50444686" lon="-118.71247133">
      </trkpt>
      <trkpt lat="50.50444506" lon="-118.71246783">
      </trkpt>
      <trkpt lat="50.50444326" lon="-118.71246335">
      </trkpt>
      <trkpt lat="50.50444206" lon="-118.7124597">
      </trkpt>
      <trkpt lat="50.50444148" lon="-118.71245493">
      </trkpt>
      <trkpt lat="50.50444029" lon="-118.71244932">
      </trkpt>
      <trkpt lat="50.50444033" lon="-118.71244442">
      </trkpt>
      <trkpt lat="50.50444039" lon="-118.7124366">
      </trkpt>
      <trkpt lat="50.50444043" lon="-118.71242976">
      </trkpt>
      <trkpt lat="50.50444047" lon="-118.71242489">
      </trkpt>
      <trkpt lat="50.50444051" lon="-118.71241906">
      </trkpt>
      <trkpt lat="50.50444055" lon="-118.71241324">
      </trkpt>
      <trkpt lat="50.50444059" lon="-118.71240835">
      </trkpt>
      <trkpt lat="50.50444123" lon="-118.71240337">
      </trkpt>
      <trkpt lat="50.50444127" lon="-118.71239948">
      </trkpt>
      <trkpt lat="50.5044413" lon="-118.71239559">
      </trkpt>
      <trkpt lat="50.50444315" lon="-118.71239044">
      </trkpt>
      <trkpt lat="50.50444498" lon="-118.71238629">
      </trkpt>
      <trkpt lat="50.50444681" lon="-118.71238215">
      </trkpt>
      <trkpt lat="50.50444804" lon="-118.71237811">
      </trkpt>
      <trkpt lat="50.50444866" lon="-118.71237418">
      </trkpt>
      <trkpt lat="50.50444869" lon="-118.71236938">
      </trkpt>
      <trkpt lat="50.50444871" lon="-118.71236651">
      </trkpt>
      <trkpt lat="50.50444875" lon="-118.71236078">
      </trkpt>
      <trkpt lat="50.50444818" lon="-118.71235608">
      </trkpt>
      <trkpt lat="50.5044488" lon="-118.71235219">
      </trkpt>
      <trkpt lat="50.50445121" lon="-118.71234806">
      </trkpt>
      <trkpt lat="50.50445242" lon="-118.71234317">
      </trkpt>
      <trkpt lat="50.50445244" lon="-118.71234033">
      </trkpt>
      <trkpt lat="50.50445246" lon="-118.7123356">
      </trkpt>
      <trkpt lat="50.50445132" lon="-118.71233009">
      </trkpt>
      <trkpt lat="50.50445018" lon="-118.71232458">
      </trkpt>
      <trkpt lat="50.5044502" lon="-118.71232175">
      </trkpt>
      <trkpt lat="50.50445023" lon="-118.71231705">
      </trkpt>
      <trkpt lat="50.50445028" lon="-118.71231048">
      </trkpt>
      <trkpt lat="50.5044503" lon="-118.71230673">
      </trkpt>
      <trkpt lat="50.50445034" lon="-118.71230113">
      </trkpt>
      <trkpt lat="50.50445038" lon="-118.71229553">
      </trkpt>
      <trkpt lat="50.50445042" lon="-118.7122881">
      </trkpt>
      <trkpt lat="50.50445046" lon="-118.71228252">
      </trkpt>
      <trkpt lat="50.50445049" lon="-118.71227881">
      </trkpt>
      <trkpt lat="50.50445052" lon="-118.71227419">
      </trkpt>
      <trkpt lat="50.50445054" lon="-118.7122705">
      </trkpt>
      <trkpt lat="50.50445056" lon="-118.71226773">
      </trkpt>
      <trkpt lat="50.50445118" lon="-118.71226123">
      </trkpt>
      <trkpt lat="50.50445123" lon="-118.7122548">
      </trkpt>
      <trkpt lat="50.50445067" lon="-118.71225118">
      </trkpt>
      <trkpt lat="50.5044507" lon="-118.71224751">
      </trkpt>
      <trkpt lat="50.50445187" lon="-118.7122447">
      </trkpt>
      <trkpt lat="50.50445422" lon="-118.71223998">
      </trkpt>
      <trkpt lat="50.50445598" lon="-118.71223531">
      </trkpt>
      <trkpt lat="50.50445773" lon="-118.71223066">
      </trkpt>
      <trkpt lat="50.50445717" lon="-118.71222708">
      </trkpt>
      <trkpt lat="50.50445489" lon="-118.71222541">
      </trkpt>
      <trkpt lat="50.50445317" lon="-118.71222189">
      </trkpt>
      <trkpt lat="50.50445205" lon="-118.71221834">
      </trkpt>
      <trkpt lat="50.5044509" lon="-118.71221569">
      </trkpt>
      <trkpt lat="50.5044492" lon="-118.71221126">
      </trkpt>
      <trkpt lat="50.50444922" lon="-118.71220855">
      </trkpt>
      <trkpt lat="50.50444753" lon="-118.71220231">
      </trkpt>
      <trkpt lat="50.50444756" lon="-118.71219782">
      </trkpt>
      <trkpt lat="50.50444643" lon="-118.71219426">
      </trkpt>
      <trkpt lat="50.50444588" lon="-118.71219069">
      </trkpt>
      <trkpt lat="50.50444592" lon="-118.7121862">
      </trkpt>
      <trkpt lat="50.50444478" lon="-118.71218266">
      </trkpt>
      <trkpt lat="50.5044448" lon="-118.71218087">
      </trkpt>
      <trkpt lat="50.50444429" lon="-118.71217193">
      </trkpt>
      <trkpt lat="50.50444259" lon="-118.71216841">
      </trkpt>
      <trkpt lat="50.50444029" lon="-118.71216579">
      </trkpt>
      <trkpt lat="50.50443684" lon="-118.71216228">
      </trkpt>
      <trkpt lat="50.50443453" lon="-118.71215965">
      </trkpt>
      <trkpt lat="50.50443222" lon="-118.712157">
      </trkpt>
      <trkpt lat="50.5044305" lon="-118.71215345">
      </trkpt>
      <trkpt lat="50.50442936" lon="-118.71215079">
      </trkpt>
      <trkpt lat="50.5044294" lon="-118.71214722">
      </trkpt>
      <trkpt lat="50.50442826" lon="-118.71214456">
      </trkpt>
      <trkpt lat="50.50442829" lon="-118.71214098">
      </trkpt>
      <trkpt lat="50.50442838" lon="-118.71213298">
      </trkpt>
      <trkpt lat="50.50442845" lon="-118.71212765">
      </trkpt>
      <trkpt lat="50.50442789" lon="-118.71212499">
      </trkpt>
      <trkpt lat="50.50442796" lon="-118.71212057">
      </trkpt>
      <trkpt lat="50.50442628" lon="-118.71211615">
      </trkpt>
      <trkpt lat="50.50442452" lon="-118.71211435">
      </trkpt>
      <trkpt lat="50.5044228" lon="-118.7121108">
      </trkpt>
      <trkpt lat="50.50442109" lon="-118.71210725">
      </trkpt>
      <trkpt lat="50.50441937" lon="-118.71210369">
      </trkpt>
      <trkpt lat="50.50441766" lon="-118.71210012">
      </trkpt>
      <trkpt lat="50.50441658" lon="-118.71209572">
      </trkpt>
      <trkpt lat="50.5044143" lon="-118.71209039">
      </trkpt>
      <trkpt lat="50.50441149" lon="-118.71208329">
      </trkpt>
      <trkpt lat="50.50441096" lon="-118.71208066">
      </trkpt>
      <trkpt lat="50.50440801" lon="-118.71207702">
      </trkpt>
      <trkpt lat="50.50440688" lon="-118.71207435">
      </trkpt>
      <trkpt lat="50.50440388" lon="-118.71207156">
      </trkpt>
      <trkpt lat="50.50440211" lon="-118.71206884">
      </trkpt>
      <trkpt lat="50.50439974" lon="-118.71206609">
      </trkpt>
      <trkpt lat="50.50439798" lon="-118.71206337">
      </trkpt>
      <trkpt lat="50.50439626" lon="-118.7120589">
      </trkpt>
      <trkpt lat="50.50439394" lon="-118.71205439">
      </trkpt>
      <trkpt lat="50.50439218" lon="-118.71205167">
      </trkpt>
      <trkpt lat="50.50438868" lon="-118.71204533">
      </trkpt>
      <trkpt lat="50.50438692" lon="-118.71204259">
      </trkpt>
      <trkpt lat="50.50438459" lon="-118.71203808">
      </trkpt>
      <trkpt lat="50.50438164" lon="-118.71203351">
      </trkpt>
      <trkpt lat="50.50437869" lon="-118.71202893">
      </trkpt>
      <trkpt lat="50.5043763" lon="-118.71202615">
      </trkpt>
      <trkpt lat="50.50437392" lon="-118.71202335">
      </trkpt>
      <trkpt lat="50.50437151" lon="-118.71202144">
      </trkpt>
      <trkpt lat="50.50436784" lon="-118.71202032">
      </trkpt>
      <trkpt lat="50.5043648" lon="-118.71201836">
      </trkpt>
      <trkpt lat="50.50436299" lon="-118.71201647">
      </trkpt>
      <trkpt lat="50.50435933" lon="-118.71201356">
      </trkpt>
      <trkpt lat="50.50435693" lon="-118.71200986">
      </trkpt>
      <trkpt lat="50.50435388" lon="-118.71200698">
      </trkpt>
      <trkpt lat="50.50435144" lon="-118.71200414">
      </trkpt>
      <trkpt lat="50.50434901" lon="-118.7120013">
      </trkpt>
      <trkpt lat="50.50434595" lon="-118.71199841">
      </trkpt>
      <trkpt lat="50.50434413" lon="-118.7119956">
      </trkpt>
      <trkpt lat="50.50434107" lon="-118.71199181">
      </trkpt>
      <trkpt lat="50.5043393" lon="-118.71198722">
      </trkpt>
      <trkpt lat="50.50433756" lon="-118.71198175">
      </trkpt>
      <trkpt lat="50.50433642" lon="-118.71197721">
      </trkpt>
      <trkpt lat="50.50433462" lon="-118.7119735">
      </trkpt>
      <trkpt lat="50.50433409" lon="-118.71196992">
      </trkpt>
      <trkpt lat="50.50433414" lon="-118.71196815">
      </trkpt>
      <trkpt lat="50.50433309" lon="-118.71196098">
      </trkpt>
      <trkpt lat="50.50433256" lon="-118.71195739">
      </trkpt>
      <trkpt lat="50.5043327" lon="-118.71195299">
      </trkpt>
      <trkpt lat="50.50433286" lon="-118.71194773">
      </trkpt>
      <trkpt lat="50.50433307" lon="-118.71194073">
      </trkpt>
      <trkpt lat="50.50433376" lon="-118.71193905">
      </trkpt>
      <trkpt lat="50.50433542" lon="-118.71193245">
      </trkpt>
      <trkpt lat="50.50433703" lon="-118.71192947">
      </trkpt>
      <trkpt lat="50.50433937" lon="-118.71192582">
      </trkpt>
      <trkpt lat="50.50434029" lon="-118.71192273">
      </trkpt>
      <trkpt lat="50.5043406" lon="-118.71191871">
      </trkpt>
      <trkpt lat="50.50434084" lon="-118.71191551">
      </trkpt>
      <trkpt lat="50.50433976" lon="-118.71191201">
      </trkpt>
      <trkpt lat="50.50433867" lon="-118.71190852">
      </trkpt>
      <trkpt lat="50.50433699" lon="-118.71190408">
      </trkpt>
      <trkpt lat="50.50433664" lon="-118.71189997">
      </trkpt>
      <trkpt lat="50.50433489" lon="-118.71189633">
      </trkpt>
      <trkpt lat="50.50433454" lon="-118.71189222">
      </trkpt>
      <trkpt lat="50.50433279" lon="-118.71188859">
      </trkpt>
      <trkpt lat="50.50433111" lon="-118.71188416">
      </trkpt>
      <trkpt lat="50.50433003" lon="-118.7118807">
      </trkpt>
      <trkpt lat="50.50432982" lon="-118.71187592">
      </trkpt>
      <trkpt lat="50.5043284" lon="-118.71187105">
      </trkpt>
      <trkpt lat="50.50432635" lon="-118.71186609">
      </trkpt>
      <trkpt lat="50.50432596" lon="-118.71186372">
      </trkpt>
      <trkpt lat="50.50432572" lon="-118.71185984">
      </trkpt>
      <trkpt lat="50.50432617" lon="-118.71185533">
      </trkpt>
      <trkpt lat="50.50432655" lon="-118.7118516">
      </trkpt>
      <trkpt lat="50.50432692" lon="-118.71184788">
      </trkpt>
      <trkpt lat="50.50432867" lon="-118.71184292">
      </trkpt>
      <trkpt lat="50.50432943" lon="-118.71184156">
      </trkpt>
      <trkpt lat="50.50433108" lon="-118.71183738">
      </trkpt>
      <trkpt lat="50.50433341" lon="-118.71183262">
      </trkpt>
      <trkpt lat="50.50433617" lon="-118.71182945">
      </trkpt>
      <trkpt lat="50.50433832" lon="-118.71182619">
      </trkpt>
      <trkpt lat="50.50434039" lon="-118.71182366">
      </trkpt>
      <trkpt lat="50.50434132" lon="-118.71182022">
      </trkpt>
      <trkpt lat="50.50434401" lon="-118.71181713">
      </trkpt>
      <trkpt lat="50.50434539" lon="-118.71181525">
      </trkpt>
      <trkpt lat="50.50434685" lon="-118.71181273">
      </trkpt>
      <trkpt lat="50.504349" lon="-118.71180977">
      </trkpt>
      <trkpt lat="50.50434984" lon="-118.71180713">
      </trkpt>
      <trkpt lat="50.50434995" lon="-118.71180572">
      </trkpt>
      <trkpt lat="50.50435084" lon="-118.71180239">
      </trkpt>
      <trkpt lat="50.50435132" lon="-118.71179605">
      </trkpt>
      <trkpt lat="50.50435277" lon="-118.71179369">
      </trkpt>
      <trkpt lat="50.50435415" lon="-118.71179202">
      </trkpt>
      <trkpt lat="50.50435567" lon="-118.7117883">
      </trkpt>
      <trkpt lat="50.5043577" lon="-118.71178619">
      </trkpt>
      <trkpt lat="50.5043591" lon="-118.71178388">
      </trkpt>
      <trkpt lat="50.50435995" lon="-118.71178068">
      </trkpt>
      <trkpt lat="50.50436065" lon="-118.71177953">
      </trkpt>
      <trkpt lat="50.50436223" lon="-118.71177453">
      </trkpt>
      <trkpt lat="50.50436266" lon="-118.71176848">
      </trkpt>
      <trkpt lat="50.50436276" lon="-118.71176713">
      </trkpt>
      <trkpt lat="50.50436299" lon="-118.71176379">
      </trkpt>
      <trkpt lat="50.50436455" lon="-118.71175892">
      </trkpt>
      <trkpt lat="50.50436609" lon="-118.7117541">
      </trkpt>
      <trkpt lat="50.50436686" lon="-118.71175169">
      </trkpt>
      <trkpt lat="50.50436709" lon="-118.71174842">
      </trkpt>
      <trkpt lat="50.50436914" lon="-118.71174457">
      </trkpt>
      <trkpt lat="50.50436988" lon="-118.71174221">
      </trkpt>
      <trkpt lat="50.50437068" lon="-118.71173922">
      </trkpt>
      <trkpt lat="50.504372" lon="-118.71173712">
      </trkpt>
      <trkpt lat="50.50437335" lon="-118.71173439">
      </trkpt>
      <trkpt lat="50.50437421" lon="-118.71173018">
      </trkpt>
      <trkpt lat="50.50437434" lon="-118.71172828">
      </trkpt>
      <trkpt lat="50.50437507" lon="-118.71172599">
      </trkpt>
      <trkpt lat="50.50437644" lon="-118.7117227">
      </trkpt>
      <trkpt lat="50.50437716" lon="-118.71172043">
      </trkpt>
      <trkpt lat="50.50437851" lon="-118.71171718">
      </trkpt>
      <trkpt lat="50.5043803" lon="-118.71171605">
      </trkpt>
      <trkpt lat="50.50438156" lon="-118.71171406">
      </trkpt>
      <trkpt lat="50.5043834" lon="-118.71171172">
      </trkpt>
      <trkpt lat="50.50438352" lon="-118.71170987">
      </trkpt>
      <trkpt lat="50.50438366" lon="-118.71170742">
      </trkpt>
      <trkpt lat="50.50438491" lon="-118.71170548">
      </trkpt>
      <trkpt lat="50.50438571" lon="-118.71170148">
      </trkpt>
      <trkpt lat="50.50438531" lon="-118.71169881">
      </trkpt>
      <trkpt lat="50.50438437" lon="-118.71169588">
      </trkpt>
      <trkpt lat="50.50438339" lon="-118.71169357">
      </trkpt>
      <trkpt lat="50.50438246" lon="-118.71169065">
      </trkpt>
      <trkpt lat="50.5043821" lon="-118.7116874">
      </trkpt>
      <trkpt lat="50.50438225" lon="-118.711685">
      </trkpt>
      <trkpt lat="50.50438422" lon="-118.71168032">
      </trkpt>
      <trkpt lat="50.50438523" lon="-118.71168176">
      </trkpt>
      <trkpt lat="50.50438833" lon="-118.71168524">
      </trkpt>
      <trkpt lat="50.50438954" lon="-118.71168342">
      </trkpt>
      <trkpt lat="50.50438862" lon="-118.71168037">
      </trkpt>
      <trkpt lat="50.50438891" lon="-118.71167552">
      </trkpt>
      <trkpt lat="50.50438969" lon="-118.71167142">
      </trkpt>
      <trkpt lat="50.50439043" lon="-118.71166814">
      </trkpt>
      <trkpt lat="50.50439058" lon="-118.71166577">
      </trkpt>
      <trkpt lat="50.50439013" lon="-118.71165486">
      </trkpt>
      <trkpt lat="50.50439041" lon="-118.71165017">
      </trkpt>
      <trkpt lat="50.50439064" lon="-118.71164627">
      </trkpt>
      <trkpt lat="50.50439082" lon="-118.71164318">
      </trkpt>
      <trkpt lat="50.50439105" lon="-118.71163932">
      </trkpt>
      <trkpt lat="50.50439132" lon="-118.71163472">
      </trkpt>
      <trkpt lat="50.50439199" lon="-118.71163237">
      </trkpt>
      <trkpt lat="50.50439223" lon="-118.71162856">
      </trkpt>
      <trkpt lat="50.50439244" lon="-118.71162551">
      </trkpt>
      <trkpt lat="50.50439115" lon="-118.71162255">
      </trkpt>
      <trkpt lat="50.50438939" lon="-118.71161887">
      </trkpt>
      <trkpt lat="50.50438811" lon="-118.71161593">
      </trkpt>
      <trkpt lat="50.50438732" lon="-118.71161297">
      </trkpt>
      <trkpt lat="50.50438643" lon="-118.71161151">
      </trkpt>
      <trkpt lat="50.50438681" lon="-118.71160629">
      </trkpt>
      <trkpt lat="50.50438708" lon="-118.71160257">
      </trkpt>
      <trkpt lat="50.50438726" lon="-118.71160036">
      </trkpt>
      <trkpt lat="50.50438758" lon="-118.71159595">
      </trkpt>
      <trkpt lat="50.50438785" lon="-118.71159229">
      </trkpt>
      <trkpt lat="50.50438812" lon="-118.71158866">
      </trkpt>
      <trkpt lat="50.50438844" lon="-118.71158433">
      </trkpt>
      <trkpt lat="50.50438871" lon="-118.71158074">
      </trkpt>
      <trkpt lat="50.50438897" lon="-118.71157717">
      </trkpt>
      <trkpt lat="50.50438923" lon="-118.71157361">
      </trkpt>
      <trkpt lat="50.50438945" lon="-118.71157078">
      </trkpt>
      <trkpt lat="50.5043897" lon="-118.71156726">
      </trkpt>
      <trkpt lat="50.50438997" lon="-118.71156378">
      </trkpt>
      <trkpt lat="50.50438915" lon="-118.71156168">
      </trkpt>
      <trkpt lat="50.50438893" lon="-118.71155822">
      </trkpt>
      <trkpt lat="50.50438865" lon="-118.71155544">
      </trkpt>
      <trkpt lat="50.50438796" lon="-118.71155199">
      </trkpt>
      <trkpt lat="50.50438725" lon="-118.71154856">
      </trkpt>
      <trkpt lat="50.50438656" lon="-118.71154515">
      </trkpt>
      <trkpt lat="50.50438538" lon="-118.71154172">
      </trkpt>
      <trkpt lat="50.5043841" lon="-118.71153966">
      </trkpt>
      <trkpt lat="50.50438228" lon="-118.71153828">
      </trkpt>
      <trkpt lat="50.50438047" lon="-118.71153689">
      </trkpt>
      <trkpt lat="50.50437853" lon="-118.71153685">
      </trkpt>
      <trkpt lat="50.50437696" lon="-118.71153818">
      </trkpt>
      <trkpt lat="50.5043752" lon="-118.71154156">
      </trkpt>
      <trkpt lat="50.50437349" lon="-118.71154427">
      </trkpt>
      <trkpt lat="50.50437189" lon="-118.71154564">
      </trkpt>
      <trkpt lat="50.50436892" lon="-118.7115456">
      </trkpt>
      <trkpt lat="50.50436643" lon="-118.71154557">
      </trkpt>
      <trkpt lat="50.50436613" lon="-118.71154348">
      </trkpt>
      <trkpt lat="50.50436652" lon="-118.71153935">
      </trkpt>
      <trkpt lat="50.50436721" lon="-118.71153729">
      </trkpt>
      <trkpt lat="50.50436747" lon="-118.71153457">
      </trkpt>
      <trkpt lat="50.50436828" lon="-118.71153118">
      </trkpt>
      <trkpt lat="50.50436951" lon="-118.7115285">
      </trkpt>
      <trkpt lat="50.50437031" lon="-118.71152515">
      </trkpt>
      <trkpt lat="50.50437153" lon="-118.71152251">
      </trkpt>
      <trkpt lat="50.50437231" lon="-118.71151921">
      </trkpt>
      <trkpt lat="50.50437352" lon="-118.71151659">
      </trkpt>
      <trkpt lat="50.50437472" lon="-118.711514">
      </trkpt>
      <trkpt lat="50.50437537" lon="-118.71151205">
      </trkpt>
      <trkpt lat="50.50437656" lon="-118.71150949">
      </trkpt>
      <trkpt lat="50.50437774" lon="-118.71150693">
      </trkpt>
      <trkpt lat="50.50437908" lon="-118.71150246">
      </trkpt>
      <trkpt lat="50.50438036" lon="-118.71149868">
      </trkpt>
      <trkpt lat="50.50438162" lon="-118.71149492">
      </trkpt>
      <trkpt lat="50.50438224" lon="-118.71149304">
      </trkpt>
      <trkpt lat="50.50438391" lon="-118.71148998">
      </trkpt>
      <trkpt lat="50.50438509" lon="-118.71148692">
      </trkpt>
      <trkpt lat="50.50438622" lon="-118.71148449">
      </trkpt>
      <trkpt lat="50.5043877" lon="-118.71148334">
      </trkpt>
      <trkpt lat="50.50438922" lon="-118.71148159">
      </trkpt>
      <trkpt lat="50.50439128" lon="-118.71147865">
      </trkpt>
      <trkpt lat="50.50439323" lon="-118.71147695">
      </trkpt>
      <trkpt lat="50.50439478" lon="-118.71147462">
      </trkpt>
      <trkpt lat="50.50439531" lon="-118.71147345">
      </trkpt>
      <trkpt lat="50.50439604" lon="-118.71146986">
      </trkpt>
      <trkpt lat="50.50439764" lon="-118.71146638">
      </trkpt>
      <trkpt lat="50.50439777" lon="-118.71146461">
      </trkpt>
      <trkpt lat="50.50439883" lon="-118.71146231">
      </trkpt>
      <trkpt lat="50.50440036" lon="-118.71145948">
      </trkpt>
      <trkpt lat="50.50440093" lon="-118.71145776">
      </trkpt>
      <trkpt lat="50.50440289" lon="-118.711455">
      </trkpt>
      <trkpt lat="50.50440522" lon="-118.71145288">
      </trkpt>
      <trkpt lat="50.50440703" lon="-118.71145189">
      </trkpt>
      <trkpt lat="50.50440883" lon="-118.7114509">
      </trkpt>
      <trkpt lat="50.50440991" lon="-118.71144755">
      </trkpt>
      <trkpt lat="50.50441052" lon="-118.71144474">
      </trkpt>
      <trkpt lat="50.50441074" lon="-118.71144135">
      </trkpt>
      <trkpt lat="50.50441088" lon="-118.71143908">
      </trkpt>
      <trkpt lat="50.5044111" lon="-118.71143572">
      </trkpt>
      <trkpt lat="50.50441128" lon="-118.71143292">
      </trkpt>
      <trkpt lat="50.50441146" lon="-118.71143014">
      </trkpt>
      <trkpt lat="50.5044116" lon="-118.71142794">
      </trkpt>
      <trkpt lat="50.5044109" lon="-118.71142563">
      </trkpt>
      <trkpt lat="50.50440937" lon="-118.71142322">
      </trkpt>
      <trkpt lat="50.50440741" lon="-118.71142076">
      </trkpt>
      <trkpt lat="50.50440634" lon="-118.71141786">
      </trkpt>
      <trkpt lat="50.50440561" lon="-118.71141612">
      </trkpt>
      <trkpt lat="50.50440496" lon="-118.71141329">
      </trkpt>
      <trkpt lat="50.50440436" lon="-118.71140993">
      </trkpt>
      <trkpt lat="50.50440367" lon="-118.71140766">
      </trkpt>
      <trkpt lat="50.5044031" lon="-118.71140378">
      </trkpt>
      <trkpt lat="50.50440205" lon="-118.71140093">
      </trkpt>
      <trkpt lat="50.50440091" lon="-118.71139914">
      </trkpt>
      <trkpt lat="50.50439935" lon="-118.71139731">
      </trkpt>
      <trkpt lat="50.50439788" lon="-118.7113944">
      </trkpt>
      <trkpt lat="50.50439674" lon="-118.71139263">
      </trkpt>
      <trkpt lat="50.5043957" lon="-118.71138981">
      </trkpt>
      <trkpt lat="50.50439507" lon="-118.71138705">
      </trkpt>
      <trkpt lat="50.50439524" lon="-118.71138495">
      </trkpt>
      <trkpt lat="50.50439512" lon="-118.71138124">
      </trkpt>
      <trkpt lat="50.50439404" lon="-118.71137896">
      </trkpt>
      <trkpt lat="50.50440088" lon="-118.71136569">
      </trkpt>
      <trkpt lat="50.50440287" lon="-118.71136431">
      </trkpt>
      <trkpt lat="50.50440624" lon="-118.71136402">
      </trkpt>
      <trkpt lat="50.50440818" lon="-118.71136147">
      </trkpt>
      <trkpt lat="50.50441081" lon="-118.71136006">
      </trkpt>
      <trkpt lat="50.50441406" lon="-118.71135742">
      </trkpt>
      <trkpt lat="50.50441667" lon="-118.71135604">
      </trkpt>
      <trkpt lat="50.50441714" lon="-118.71135131">
      </trkpt>
      <trkpt lat="50.50441692" lon="-118.7113455">
      </trkpt>
      <trkpt lat="50.5044165" lon="-118.71133512">
      </trkpt>
      <trkpt lat="50.50441615" lon="-118.71132596">
      </trkpt>
      <trkpt lat="50.50441596" lon="-118.71132143">
      </trkpt>
      <trkpt lat="50.50441509" lon="-118.7113158">
      </trkpt>
      <trkpt lat="50.50441426" lon="-118.71131132">
      </trkpt>
      <trkpt lat="50.50441274" lon="-118.71130578">
      </trkpt>
      <trkpt lat="50.50441123" lon="-118.71130026">
      </trkpt>
      <trkpt lat="50.50440968" lon="-118.71129363">
      </trkpt>
      <trkpt lat="50.50440943" lon="-118.71128698">
      </trkpt>
      <trkpt lat="50.50440801" lon="-118.71128372">
      </trkpt>
      <trkpt lat="50.50440652" lon="-118.71127828">
      </trkpt>
      <trkpt lat="50.50440567" lon="-118.71127282">
      </trkpt>
      <trkpt lat="50.50440491" lon="-118.71126957">
      </trkpt>
      <trkpt lat="50.50440282" lon="-118.71126527">
      </trkpt>
      <trkpt lat="50.50440008" lon="-118.711261">
      </trkpt>
      <trkpt lat="50.50439725" lon="-118.71125348">
      </trkpt>
      <trkpt lat="50.50439581" lon="-118.71124921">
      </trkpt>
      <trkpt lat="50.50439445" lon="-118.71124707">
      </trkpt>
      <trkpt lat="50.50439179" lon="-118.71124498">
      </trkpt>
      <trkpt lat="50.50438917" lon="-118.71124395">
      </trkpt>
      <trkpt lat="50.50438588" lon="-118.71124292">
      </trkpt>
      <trkpt lat="50.50438323" lon="-118.71124189">
      </trkpt>
      <trkpt lat="50.50438187" lon="-118.71123976">
      </trkpt>
      <trkpt lat="50.50437915" lon="-118.71123549">
      </trkpt>
      <trkpt lat="50.50437707" lon="-118.71123122">
      </trkpt>
      <trkpt lat="50.50437501" lon="-118.71122696">
      </trkpt>
      <trkpt lat="50.50437294" lon="-118.7112227">
      </trkpt>
      <trkpt lat="50.50436891" lon="-118.71121953">
      </trkpt>
      <trkpt lat="50.50436556" lon="-118.7112174">
      </trkpt>
      <trkpt lat="50.50436358" lon="-118.7112174">
      </trkpt>
      <trkpt lat="50.5043609" lon="-118.71121634">
      </trkpt>
      <trkpt lat="50.50435688" lon="-118.7112142">
      </trkpt>
      <trkpt lat="50.50435417" lon="-118.71121208">
      </trkpt>
      <trkpt lat="50.50435083" lon="-118.71121207">
      </trkpt>
      <trkpt lat="50.50434681" lon="-118.71121206">
      </trkpt>
      <trkpt lat="50.5043441" lon="-118.71121099">
      </trkpt>
      <trkpt lat="50.50434071" lon="-118.71120883">
      </trkpt>
      <trkpt lat="50.50433866" lon="-118.71120562">
      </trkpt>
      <trkpt lat="50.50433661" lon="-118.71120348">
      </trkpt>
      <trkpt lat="50.50433319" lon="-118.7111992">
      </trkpt>
      <trkpt lat="50.50433115" lon="-118.71119705">
      </trkpt>
      <trkpt lat="50.50432842" lon="-118.71119385">
      </trkpt>
      <trkpt lat="50.50432705" lon="-118.71118961">
      </trkpt>
      <trkpt lat="50.50432569" lon="-118.71118434">
      </trkpt>
      <trkpt lat="50.50432433" lon="-118.71118014">
      </trkpt>
      <trkpt lat="50.50432299" lon="-118.7111749">
      </trkpt>
      <trkpt lat="50.50432096" lon="-118.71117072">
      </trkpt>
      <trkpt lat="50.50431894" lon="-118.71116863">
      </trkpt>
      <trkpt lat="50.50431557" lon="-118.71116654">
      </trkpt>
      <trkpt lat="50.50431289" lon="-118.71116343">
      </trkpt>
      <trkpt lat="50.50431225" lon="-118.71116036">
      </trkpt>
      <trkpt lat="50.5043116" lon="-118.71115627">
      </trkpt>
      <trkpt lat="50.50431097" lon="-118.71115118">
      </trkpt>
      <trkpt lat="50.50430966" lon="-118.71114713">
      </trkpt>
      <trkpt lat="50.50430519" lon="-118.71112813">
      </trkpt>
      <trkpt lat="50.50430456" lon="-118.71112517">
      </trkpt>
      <trkpt lat="50.50430263" lon="-118.71112121">
      </trkpt>
      <trkpt lat="50.50430204" lon="-118.71111632">
      </trkpt>
      <trkpt lat="50.50430148" lon="-118.71110857">
      </trkpt>
      <trkpt lat="50.5043009" lon="-118.71110374">
      </trkpt>
      <trkpt lat="50.50429901" lon="-118.71109893">
      </trkpt>
      <trkpt lat="50.5042971" lon="-118.71109602">
      </trkpt>
      <trkpt lat="50.50429519" lon="-118.71109314">
      </trkpt>
      <trkpt lat="50.50429397" lon="-118.71108933">
      </trkpt>
      <trkpt lat="50.50429339" lon="-118.71108555">
      </trkpt>
      <trkpt lat="50.50429283" lon="-118.71108086">
      </trkpt>
      <trkpt lat="50.5042929" lon="-118.71107713">
      </trkpt>
      <trkpt lat="50.50429106" lon="-118.71107244">
      </trkpt>
      <trkpt lat="50.50429112" lon="-118.71106968">
      </trkpt>
      <trkpt lat="50.50428931" lon="-118.71106412">
      </trkpt>
      <trkpt lat="50.50428876" lon="-118.71105954">
      </trkpt>
      <trkpt lat="50.50428887" lon="-118.711055">
      </trkpt>
      <trkpt lat="50.50428895" lon="-118.7110514">
      </trkpt>
      <trkpt lat="50.50428905" lon="-118.71104691">
      </trkpt>
      <trkpt lat="50.50428917" lon="-118.71104156">
      </trkpt>
      <trkpt lat="50.50428923" lon="-118.71103889">
      </trkpt>
      <trkpt lat="50.50428935" lon="-118.7110336">
      </trkpt>
      <trkpt lat="50.50428947" lon="-118.71102834">
      </trkpt>
      <trkpt lat="50.50428958" lon="-118.71102311">
      </trkpt>
      <trkpt lat="50.50428845" lon="-118.71101787">
      </trkpt>
      <trkpt lat="50.50428797" lon="-118.71101182">
      </trkpt>
      <trkpt lat="50.50428807" lon="-118.71100756">
      </trkpt>
      <trkpt lat="50.50428817" lon="-118.71100331">
      </trkpt>
      <trkpt lat="50.504287" lon="-118.71100072">
      </trkpt>
      <trkpt lat="50.50428521" lon="-118.71099812">
      </trkpt>
      <trkpt lat="50.5042822" lon="-118.71099547">
      </trkpt>
      <trkpt lat="50.50427983" lon="-118.71099201">
      </trkpt>
      <trkpt lat="50.50427806" lon="-118.71098944">
      </trkpt>
      <trkpt lat="50.50427507" lon="-118.7109868">
      </trkpt>
      <trkpt lat="50.50427337" lon="-118.71098258">
      </trkpt>
      <trkpt lat="50.50427354" lon="-118.71097764">
      </trkpt>
      <trkpt lat="50.50427362" lon="-118.71097517">
      </trkpt>
      <trkpt lat="50.50427257" lon="-118.71097022">
      </trkpt>
      <trkpt lat="50.5042721" lon="-118.71096613">
      </trkpt>
      <trkpt lat="50.50427222" lon="-118.71096291">
      </trkpt>
      <trkpt lat="50.50427235" lon="-118.71095889">
      </trkpt>
      <trkpt lat="50.50427255" lon="-118.71095329">
      </trkpt>
      <trkpt lat="50.50427263" lon="-118.71095091">
      </trkpt>
      <trkpt lat="50.50427273" lon="-118.71094775">
      </trkpt>
      <trkpt lat="50.5042735" lon="-118.71094304">
      </trkpt>
      <trkpt lat="50.50427361" lon="-118.71093992">
      </trkpt>
      <trkpt lat="50.50427134" lon="-118.71093667">
      </trkpt>
      <trkpt lat="50.50426842" lon="-118.71093497">
      </trkpt>
      <trkpt lat="50.50426604" lon="-118.71093484">
      </trkpt>
      <trkpt lat="50.50426309" lon="-118.7109339">
      </trkpt>
      <trkpt lat="50.50426074" lon="-118.71093299">
      </trkpt>
      <trkpt lat="50.5042572" lon="-118.71093203">
      </trkpt>
      <trkpt lat="50.50425485" lon="-118.71093113">
      </trkpt>
      <trkpt lat="50.50425253" lon="-118.71092945">
      </trkpt>
      <trkpt lat="50.50424967" lon="-118.71092697">
      </trkpt>
      <trkpt lat="50.50424792" lon="-118.7109261">
      </trkpt>
      <trkpt lat="50.50424511" lon="-118.71092287">
      </trkpt>
      <trkpt lat="50.50424217" lon="-118.71092192">
      </trkpt>
      <trkpt lat="50.5042386" lon="-118.71092172">
      </trkpt>
      <trkpt lat="50.50423685" lon="-118.71092086">
      </trkpt>
      <trkpt lat="50.50423455" lon="-118.7109192">
      </trkpt>
      <trkpt lat="50.50423291" lon="-118.71091681">
      </trkpt>
      <trkpt lat="50.50423067" lon="-118.71091438">
      </trkpt>
      <trkpt lat="50.50422903" lon="-118.71091199">
      </trkpt>
      <trkpt lat="50.50422739" lon="-118.71090962">
      </trkpt>
      <trkpt lat="50.50422453" lon="-118.71090793">
      </trkpt>
      <trkpt lat="50.50422155" lon="-118.71090776">
      </trkpt>
      <trkpt lat="50.50421857" lon="-118.71090759">
      </trkpt>
      <trkpt lat="50.50421559" lon="-118.71090742">
      </trkpt>
      <trkpt lat="50.50421249" lon="-118.71090876">
      </trkpt>
      <trkpt lat="50.50421004" lon="-118.71090938">
      </trkpt>
      <trkpt lat="50.50420584" lon="-118.71090914">
      </trkpt>
      <trkpt lat="50.50420224" lon="-118.71090895">
      </trkpt>
      <trkpt lat="50.50419984" lon="-118.7109088">
      </trkpt>
      <trkpt lat="50.50419664" lon="-118.7109082">
      </trkpt>
      <trkpt lat="50.50419251" lon="-118.71090678">
      </trkpt>
      <trkpt lat="50.50418978" lon="-118.710905">
      </trkpt>
      <trkpt lat="50.50418778" lon="-118.71090262">
      </trkpt>
      <trkpt lat="50.50418586" lon="-118.71089856">
      </trkpt>
      <trkpt lat="50.50418323" lon="-118.71089427">
      </trkpt>
      <trkpt lat="50.5041804" lon="-118.71089326">
      </trkpt>
      <trkpt lat="50.50417694" lon="-118.71089034">
      </trkpt>
      <trkpt lat="50.50417263" lon="-118.71088881">
      </trkpt>
      <trkpt lat="50.50416984" lon="-118.71088611">
      </trkpt>
      <trkpt lat="50.5041686" lon="-118.71088223">
      </trkpt>
      <trkpt lat="50.50416596" lon="-118.710877">
      </trkpt>
      <trkpt lat="50.50416309" lon="-118.71087509">
      </trkpt>
      <trkpt lat="50.50415872" lon="-118.71087263">
      </trkpt>
      <trkpt lat="50.50415355" lon="-118.71087174">
      </trkpt>
      <trkpt lat="50.50415063" lon="-118.71087274">
      </trkpt>
      <trkpt lat="50.50414648" lon="-118.71087398">
      </trkpt>
      <trkpt lat="50.50414533" lon="-118.71087413">
      </trkpt>
      <trkpt lat="50.50414192" lon="-118.7108756">
      </trkpt>
      <trkpt lat="50.5041386" lon="-118.71087625">
      </trkpt>
      <trkpt lat="50.5041353" lon="-118.71087691">
      </trkpt>
      <trkpt lat="50.50413366" lon="-118.71087724">
      </trkpt>
      <trkpt lat="50.50413102" lon="-118.71087604">
      </trkpt>
      <trkpt lat="50.50412943" lon="-118.71087549">
      </trkpt>
      <trkpt lat="50.50412686" lon="-118.71087344">
      </trkpt>
      <trkpt lat="50.50412376" lon="-118.71087149">
      </trkpt>
      <trkpt lat="50.50412229" lon="-118.71086923">
      </trkpt>
      <trkpt lat="50.50412083" lon="-118.71086697">
      </trkpt>
      <trkpt lat="50.50411888" lon="-118.71086398">
      </trkpt>
      <trkpt lat="50.50411749" lon="-118.71086089">
      </trkpt>
      <trkpt lat="50.50411487" lon="-118.71086061">
      </trkpt>
      <trkpt lat="50.50411279" lon="-118.71086019">
      </trkpt>
      <trkpt lat="50.50411173" lon="-118.71086042">
      </trkpt>
      <trkpt lat="50.50410877" lon="-118.71085768">
      </trkpt>
      <trkpt lat="50.50410739" lon="-118.71085464">
      </trkpt>
    </trkseg>
    <trkseg>
      <trkpt lat="50.50454119" lon="-118.71305711">
      </trkpt>
      <trkpt lat="50.50454072" lon="-118.71305702">
      </trkpt>
      <trkpt lat="50.50453937" lon="-118.71305605">
      </trkpt>
      <trkpt lat="50.50453753" lon="-118.71305435">
      </trkpt>
      <trkpt lat="50.5045366" lon="-118.71305288">
      </trkpt>
      <trkpt lat="50.5045359" lon="-118.71305179">
      </trkpt>
      <trkpt lat="50.50453496" lon="-118.71305034">
      </trkpt>
      <trkpt lat="50.50453448" lon="-118.7130492">
      </trkpt>
      <trkpt lat="50.50453354" lon="-118.71304773">
      </trkpt>
      <trkpt lat="50.50453306" lon="-118.71304621">
      </trkpt>
      <trkpt lat="50.50453189" lon="-118.71304518">
      </trkpt>
      <trkpt lat="50.50453119" lon="-118.71304407">
      </trkpt>
      <trkpt lat="50.50453025" lon="-118.71304299">
      </trkpt>
      <trkpt lat="50.50452955" lon="-118.7130423">
      </trkpt>
      <trkpt lat="50.50452838" lon="-118.71304084">
      </trkpt>
      <trkpt lat="50.50452696" lon="-118.71303943">
      </trkpt>
      <trkpt lat="50.50452647" lon="-118.71303788">
      </trkpt>
      <trkpt lat="50.50452576" lon="-118.71303677">
      </trkpt>
      <trkpt lat="50.50452504" lon="-118.71303526">
      </trkpt>
      <trkpt lat="50.50452408" lon="-118.71303417">
      </trkpt>
      <trkpt lat="50.50452312" lon="-118.71303268">
      </trkpt>
      <trkpt lat="50.50452217" lon="-118.71303158">
      </trkpt>
      <trkpt lat="50.50452145" lon="-118.71303045">
      </trkpt>
      <trkpt lat="50.50452097" lon="-118.71302931">
      </trkpt>
      <trkpt lat="50.50452" lon="-118.71302781">
      </trkpt>
      <trkpt lat="50.50451928" lon="-118.71302668">
      </trkpt>
      <trkpt lat="50.50451855" lon="-118.71302476">
      </trkpt>
      <trkpt lat="50.50451781" lon="-118.71302323">
      </trkpt>
      <trkpt lat="50.50451732" lon="-118.71302168">
      </trkpt>
      <trkpt lat="50.50451706" lon="-118.71301972">
      </trkpt>
      <trkpt lat="50.50451633" lon="-118.71301858">
      </trkpt>
      <trkpt lat="50.50451537" lon="-118.71301708">
      </trkpt>
      <trkpt lat="50.50451488" lon="-118.71301632">
      </trkpt>
      <trkpt lat="50.50451367" lon="-118.71301481">
      </trkpt>
      <trkpt lat="50.50451294" lon="-118.71301368">
      </trkpt>
      <trkpt lat="50.50451222" lon="-118.71301333">
      </trkpt>
      <trkpt lat="50.50451149" lon="-118.71301219">
      </trkpt>
      <trkpt lat="50.5045105" lon="-118.71301027">
      </trkpt>
      <trkpt lat="50.50450977" lon="-118.71300912">
      </trkpt>
      <trkpt lat="50.50450903" lon="-118.71300798">
      </trkpt>
      <trkpt lat="50.5045083" lon="-118.71300644">
      </trkpt>
      <trkpt lat="50.50450683" lon="-118.71300492">
      </trkpt>
      <trkpt lat="50.5045056" lon="-118.7130038">
      </trkpt>
      <trkpt lat="50.50450437" lon="-118.71300265">
      </trkpt>
      <trkpt lat="50.50450387" lon="-118.71300071">
      </trkpt>
      <trkpt lat="50.50450312" lon="-118.71299914">
      </trkpt>
      <trkpt lat="50.50450262" lon="-118.71299759">
      </trkpt>
      <trkpt lat="50.50450188" lon="-118.71299524">
      </trkpt>
      <trkpt lat="50.50450163" lon="-118.71299407">
      </trkpt>
      <trkpt lat="50.50450089" lon="-118.71299251">
      </trkpt>
      <trkpt lat="50.50450015" lon="-118.71299096">
      </trkpt>
      <trkpt lat="50.50449965" lon="-118.712989">
      </trkpt>
      <trkpt lat="50.5044989" lon="-118.71298745">
      </trkpt>
      <trkpt lat="50.50449816" lon="-118.71298628">
      </trkpt>
      <trkpt lat="50.50449716" lon="-118.71298433">
      </trkpt>
      <trkpt lat="50.50449616" lon="-118.71298316">
      </trkpt>
      <trkpt lat="50.50449541" lon="-118.71298199">
      </trkpt>
      <trkpt lat="50.50449441" lon="-118.7129808">
      </trkpt>
      <trkpt lat="50.50449365" lon="-118.71298002">
      </trkpt>
      <trkpt lat="50.5044929" lon="-118.71297885">
      </trkpt>
      <trkpt lat="50.50449239" lon="-118.71297805">
      </trkpt>
      <trkpt lat="50.50449113" lon="-118.71297687">
      </trkpt>
      <trkpt lat="50.50449038" lon="-118.71297529">
      </trkpt>
      <trkpt lat="50.50449013" lon="-118.71297373">
      </trkpt>
      <trkpt lat="50.50448938" lon="-118.71297215">
      </trkpt>
      <trkpt lat="50.50448889" lon="-118.71297058">
      </trkpt>
      <trkpt lat="50.50448812" lon="-118.7129694">
      </trkpt>
      <trkpt lat="50.50448685" lon="-118.71296819">
      </trkpt>
      <trkpt lat="50.50448582" lon="-118.712967">
      </trkpt>
      <trkpt lat="50.50448481" lon="-118.7129654">
      </trkpt>
      <trkpt lat="50.50448352" lon="-118.71296418">
      </trkpt>
      <trkpt lat="50.50448222" lon="-118.71296335">
      </trkpt>
      <trkpt lat="50.50448092" lon="-118.71296212">
      </trkpt>
      <trkpt lat="50.50447987" lon="-118.71296169">
      </trkpt>
      <trkpt lat="50.50447883" lon="-118.71296086">
      </trkpt>
      <trkpt lat="50.50447751" lon="-118.71296002">
      </trkpt>
      <trkpt lat="50.5044762" lon="-118.71295877">
      </trkpt>
      <trkpt lat="50.50447513" lon="-118.71295832">
      </trkpt>
      <trkpt lat="50.50447432" lon="-118.7129579">
      </trkpt>
      <trkpt lat="50.50447325" lon="-118.71295745">
      </trkpt>
      <trkpt lat="50.50447136" lon="-118.71295657">
      </trkpt>
      <trkpt lat="50.50446999" lon="-118.71295649">
      </trkpt>
      <trkpt lat="50.50446834" lon="-118.7129564">
      </trkpt>
      <trkpt lat="50.5044675" lon="-118.71295675">
      </trkpt>
      <trkpt lat="50.50446633" lon="-118.71295869">
      </trkpt>
      <trkpt lat="50.504466" lon="-118.71296029">
      </trkpt>
      <trkpt lat="50.50446596" lon="-118.71296148">
      </trkpt>
      <trkpt lat="50.50446593" lon="-118.71296269">
      </trkpt>
      <trkpt lat="50.5044653" lon="-118.71296469">
      </trkpt>
      <trkpt lat="50.50446492" lon="-118.71296793">
      </trkpt>
      <trkpt lat="50.50446485" lon="-118.71297037">
      </trkpt>
      <trkpt lat="50.50446449" lon="-118.71297282">
      </trkpt>
      <trkpt lat="50.50446386" lon="-118.71297487">
      </trkpt>
      <trkpt lat="50.50446383" lon="-118.71297569">
      </trkpt>
      <trkpt lat="50.50446316" lon="-118.71297858">
      </trkpt>
      <trkpt lat="50.50446252" lon="-118.71298108">
      </trkpt>
      <trkpt lat="50.5044616" lon="-118.71298275">
      </trkpt>
      <trkpt lat="50.50446065" lon="-118.71298486">
      </trkpt>
      <trkpt lat="50.50445998" lon="-118.71298739">
      </trkpt>
      <trkpt lat="50.50445995" lon="-118.71298823">
      </trkpt>
      <trkpt lat="50.50445925" lon="-118.71299165">
      </trkpt>
      <trkpt lat="50.50445888" lon="-118.7129938">
      </trkpt>
      <trkpt lat="50.50445877" lon="-118.7129968">
      </trkpt>
      <trkpt lat="50.50445871" lon="-118.71299896">
      </trkpt>
      <trkpt lat="50.50445866" lon="-118.71300026">
      </trkpt>
      <trkpt lat="50.50445857" lon="-118.71300286">
      </trkpt>
      <trkpt lat="50.50445785" lon="-118.71300638">
      </trkpt>
      <trkpt lat="50.50445778" lon="-118.71300814">
      </trkpt>
      <trkpt lat="50.50445771" lon="-118.71301033">
      </trkpt>
      <trkpt lat="50.50445763" lon="-118.71301254">
      </trkpt>
      <trkpt lat="50.50445759" lon="-118.71301387">
      </trkpt>
      <trkpt lat="50.50445783" lon="-118.71301562">
      </trkpt>
      <trkpt lat="50.50445834" lon="-118.71301826">
      </trkpt>
      <trkpt lat="50.50445859" lon="-118.71301956">
      </trkpt>
      <trkpt lat="50.50445912" lon="-118.71302176">
      </trkpt>
      <trkpt lat="50.50445906" lon="-118.71302354">
      </trkpt>
      <trkpt lat="50.50445929" lon="-118.71302576">
      </trkpt>
      <trkpt lat="50.50445924" lon="-118.71302711">
      </trkpt>
      <trkpt lat="50.50445967" lon="-118.71303249">
      </trkpt>
      <trkpt lat="50.50446022" lon="-118.71303424">
      </trkpt>
      <trkpt lat="50.50446166" lon="-118.71303636">
      </trkpt>
      <trkpt lat="50.5044628" lon="-118.71303805">
      </trkpt>
      <trkpt lat="50.50446364" lon="-118.71303977">
      </trkpt>
      <trkpt lat="50.50446393" lon="-118.71304019">
      </trkpt>
      <trkpt lat="50.50446536" lon="-118.7130423">
      </trkpt>
      <trkpt lat="50.5044668" lon="-118.71304394">
      </trkpt>
      <trkpt lat="50.50446794" lon="-118.71304561">
      </trkpt>
      <trkpt lat="50.50446881" lon="-118.71304595">
      </trkpt>
      <trkpt lat="50.50446995" lon="-118.71304717">
      </trkpt>
      <trkpt lat="50.50447168" lon="-118.71304831">
      </trkpt>
      <trkpt lat="50.50447341" lon="-118.71304852">
      </trkpt>
      <trkpt lat="50.50447458" lon="-118.71304838">
      </trkpt>
      <trkpt lat="50.50447544" lon="-118.71304827">
      </trkpt>
      <trkpt lat="50.50447658" lon="-118.71304856">
      </trkpt>
      <trkpt lat="50.50447858" lon="-118.71304874">
      </trkpt>
      <trkpt lat="50.50448082" lon="-118.71304888">
      </trkpt>
      <trkpt lat="50.50448221" lon="-118.71305003">
      </trkpt>
      <trkpt lat="50.50448331" lon="-118.71305165">
      </trkpt>
      <trkpt lat="50.50448412" lon="-118.71305332">
      </trkpt>
      <trkpt lat="50.50448492" lon="-118.71305633">
      </trkpt>
      <trkpt lat="50.50448654" lon="-118.71305965">
      </trkpt>
      <trkpt lat="50.50448736" lon="-118.71306087">
      </trkpt>
      <trkpt lat="50.50448817" lon="-118.71306252">
      </trkpt>
      <trkpt lat="50.50448898" lon="-118.71306418">
      </trkpt>
      <trkpt lat="50.50448978" lon="-118.71306629">
      </trkpt>
      <trkpt lat="50.50449005" lon="-118.71306759">
      </trkpt>
      <trkpt lat="50.50449004" lon="-118.7130685">
      </trkpt>
      <trkpt lat="50.50448778" lon="-118.71307252">
      </trkpt>
      <trkpt lat="50.50448637" lon="-118.71307417">
      </trkpt>
      <trkpt lat="50.50448437" lon="-118.71307593">
      </trkpt>
      <trkpt lat="50.50448237" lon="-118.7130777">
      </trkpt>
      <trkpt lat="50.50448177" lon="-118.71307967">
      </trkpt>
      <trkpt lat="50.50448174" lon="-118.71308154">
      </trkpt>
      <trkpt lat="50.50448039" lon="-118.7130936">
      </trkpt>
      <trkpt lat="50.5044795" lon="-118.71309427">
      </trkpt>
      <trkpt lat="50.50447803" lon="-118.71309509">
      </trkpt>
      <trkpt lat="50.50447566" lon="-118.71309563">
      </trkpt>
      <trkpt lat="50.50447449" lon="-118.71309494">
      </trkpt>
      <trkpt lat="50.5044739" lon="-118.71309458">
      </trkpt>
      <trkpt lat="50.50447393" lon="-118.71309313">
      </trkpt>
      <trkpt lat="50.50447368" lon="-118.71309079">
      </trkpt>
      <trkpt lat="50.50447285" lon="-118.7130881">
      </trkpt>
      <trkpt lat="50.50447198" lon="-118.71308685">
      </trkpt>
      <trkpt lat="50.5044705" lon="-118.71308572">
      </trkpt>
      <trkpt lat="50.50446964" lon="-118.71308447">
      </trkpt>
      <trkpt lat="50.50446786" lon="-118.7130834">
      </trkpt>
      <trkpt lat="50.50446727" lon="-118.71308256">
      </trkpt>
      <trkpt lat="50.50446577" lon="-118.71308189">
      </trkpt>
      <trkpt lat="50.50446487" lon="-118.7130811">
      </trkpt>
      <trkpt lat="50.50446279" lon="-118.7130791">
      </trkpt>
      <trkpt lat="50.5044616" lon="-118.71307741">
      </trkpt>
      <trkpt lat="50.50446042" lon="-118.71307571">
      </trkpt>
      <trkpt lat="50.50445924" lon="-118.713074">
      </trkpt>
      <trkpt lat="50.50445836" lon="-118.71307223">
      </trkpt>
      <trkpt lat="50.50445714" lon="-118.71307149">
      </trkpt>
      <trkpt lat="50.504455" lon="-118.71306994">
      </trkpt>
      <trkpt lat="50.50445349" lon="-118.71306827">
      </trkpt>
      <trkpt lat="50.50445192" lon="-118.71306756">
      </trkpt>
      <trkpt lat="50.50444976" lon="-118.71306598">
      </trkpt>
      <trkpt lat="50.50444848" lon="-118.71306571">
      </trkpt>
      <trkpt lat="50.50444692" lon="-118.7130645">
      </trkpt>
      <trkpt lat="50.50444533" lon="-118.71306378">
      </trkpt>
      <trkpt lat="50.50444407" lon="-118.71306301">
      </trkpt>
      <trkpt lat="50.50444223" lon="-118.71306037">
      </trkpt>
      <trkpt lat="50.50444132" lon="-118.71305856">
      </trkpt>
      <trkpt lat="50.50444076" lon="-118.71305671">
      </trkpt>
      <trkpt lat="50.50443915" lon="-118.71305597">
      </trkpt>
      <trkpt lat="50.50443786" lon="-118.71305518">
      </trkpt>
      <trkpt lat="50.50443618" lon="-118.7130554">
      </trkpt>
      <trkpt lat="50.50443551" lon="-118.71305549">
      </trkpt>
      <trkpt lat="50.50443405" lon="-118.71305766">
      </trkpt>
      <trkpt lat="50.50443291" lon="-118.71306027">
      </trkpt>
      <trkpt lat="50.50443177" lon="-118.71306241">
      </trkpt>
      <trkpt lat="50.504431" lon="-118.71306401">
      </trkpt>
      <trkpt lat="50.50443092" lon="-118.71306551">
      </trkpt>
      <trkpt lat="50.50442969" lon="-118.7130692">
      </trkpt>
      <trkpt lat="50.50442924" lon="-118.71307128">
      </trkpt>
      <trkpt lat="50.50442838" lon="-118.71307444">
      </trkpt>
      <trkpt lat="50.50442624" lon="-118.71307531">
      </trkpt>
      <trkpt lat="50.50442479" lon="-118.71307607">
      </trkpt>
      <trkpt lat="50.50442373" lon="-118.71307626">
      </trkpt>
      <trkpt lat="50.50442115" lon="-118.71307773">
      </trkpt>
      <trkpt lat="50.50441934" lon="-118.71307803">
      </trkpt>
      <trkpt lat="50.50441789" lon="-118.71307828">
      </trkpt>
      <trkpt lat="50.50441564" lon="-118.7130797">
      </trkpt>
      <trkpt lat="50.50441377" lon="-118.71308153">
      </trkpt>
      <trkpt lat="50.50441222" lon="-118.71308333">
      </trkpt>
      <trkpt lat="50.50441103" lon="-118.7130851">
      </trkpt>
      <trkpt lat="50.50440979" lon="-118.7130874">
      </trkpt>
      <trkpt lat="50.50440895" lon="-118.71308912">
      </trkpt>
      <trkpt lat="50.50440806" lon="-118.71309141">
      </trkpt>
      <trkpt lat="50.50440671" lon="-118.71309486">
      </trkpt>
      <trkpt lat="50.50440466" lon="-118.71309788">
      </trkpt>
      <trkpt lat="50.50440416" lon="-118.71309961">
      </trkpt>
      <trkpt lat="50.50440316" lon="-118.71310306">
      </trkpt>
      <trkpt lat="50.50440191" lon="-118.71310492">
      </trkpt>
      <trkpt lat="50.50440065" lon="-118.7131068">
      </trkpt>
      <trkpt lat="50.50439709" lon="-118.71310963">
      </trkpt>
      <trkpt lat="50.50439629" lon="-118.71311033">
      </trkpt>
      <trkpt lat="50.50439309" lon="-118.71311256">
      </trkpt>
      <trkpt lat="50.50439118" lon="-118.71311289">
      </trkpt>
      <trkpt lat="50.50438767" lon="-118.71310953">
      </trkpt>
      <trkpt lat="50.50438668" lon="-118.71310742">
      </trkpt>
      <trkpt lat="50.50438602" lon="-118.71310527">
      </trkpt>
      <trkpt lat="50.50438535" lon="-118.71310313">
      </trkpt>
      <trkpt lat="50.5043847" lon="-118.71310268">
      </trkpt>
      <trkpt lat="50.50438308" lon="-118.71310181">
      </trkpt>
      <trkpt lat="50.50438177" lon="-118.71310032">
      </trkpt>
      <trkpt lat="50.50438048" lon="-118.71309996">
      </trkpt>
      <trkpt lat="50.50437852" lon="-118.71309913">
      </trkpt>
      <trkpt lat="50.50437623" lon="-118.71309947">
      </trkpt>
      <trkpt lat="50.50437425" lon="-118.71309978">
      </trkpt>
      <trkpt lat="50.50437227" lon="-118.71310121">
      </trkpt>
      <trkpt lat="50.50436993" lon="-118.71310214">
      </trkpt>
      <trkpt lat="50.50436792" lon="-118.71310302">
      </trkpt>
      <trkpt lat="50.50436624" lon="-118.71310386">
      </trkpt>
      <trkpt lat="50.50436387" lon="-118.71310365">
      </trkpt>
      <trkpt lat="50.50436251" lon="-118.71310329">
      </trkpt>
      <trkpt lat="50.50436117" lon="-118.71310176">
      </trkpt>
      <trkpt lat="50.50435981" lon="-118.71310024">
      </trkpt>
      <trkpt lat="50.50435779" lon="-118.71309709">
      </trkpt>
      <trkpt lat="50.50435782" lon="-118.71309364">
      </trkpt>
      <trkpt lat="50.50435818" lon="-118.71309131">
      </trkpt>
      <trkpt lat="50.50435923" lon="-118.71308775">
      </trkpt>
      <trkpt lat="50.50436027" lon="-118.71308479">
      </trkpt>
      <trkpt lat="50.5043603" lon="-118.71308198">
      </trkpt>
      <trkpt lat="50.50436033" lon="-118.71307806">
      </trkpt>
      <trkpt lat="50.50436037" lon="-118.71307305">
      </trkpt>
      <trkpt lat="50.50436074" lon="-118.7130697">
      </trkpt>
      <trkpt lat="50.50436109" lon="-118.71306746">
      </trkpt>
      <trkpt lat="50.50436212" lon="-118.71306297">
      </trkpt>
      <trkpt lat="50.50436312" lon="-118.71306015">
      </trkpt>
      <trkpt lat="50.50436413" lon="-118.71305735">
      </trkpt>
      <trkpt lat="50.50436512" lon="-118.71305563">
      </trkpt>
      <trkpt lat="50.50436676" lon="-118.71305334">
      </trkpt>
      <trkpt lat="50.5043671" lon="-118.71305065">
      </trkpt>
      <trkpt lat="50.50436775" lon="-118.713049">
      </trkpt>
      <trkpt lat="50.5043684" lon="-118.71304628">
      </trkpt>
      <trkpt lat="50.50436905" lon="-118.71304307">
      </trkpt>
      <trkpt lat="50.50436874" lon="-118.713041">
      </trkpt>
      <trkpt lat="50.50436778" lon="-118.71303844">
      </trkpt>
      <trkpt lat="50.50436651" lon="-118.71303593">
      </trkpt>
      <trkpt lat="50.50436523" lon="-118.71303445">
      </trkpt>
      <trkpt lat="50.50436362" lon="-118.71303298">
      </trkpt>
      <trkpt lat="50.50436168" lon="-118.71303153">
      </trkpt>
      <trkpt lat="50.50435942" lon="-118.71302959">
      </trkpt>
      <trkpt lat="50.50435782" lon="-118.7130276">
      </trkpt>
      <trkpt lat="50.50435718" lon="-118.71302659">
      </trkpt>
      <trkpt lat="50.50435622" lon="-118.71302404">
      </trkpt>
      <trkpt lat="50.50435559" lon="-118.713022">
      </trkpt>
    </trkseg>
    <trkseg>
      <trkpt lat="50.50439513" lon="-118.71138166">
      </trkpt>
      <trkpt lat="50.50440556" lon="-118.71138259">
      </trkpt>
      <trkpt lat="50.50440829" lon="-118.71138321">
      </trkpt>
      <trkpt lat="50.50440993" lon="-118.71138491">
      </trkpt>
      <trkpt lat="50.50441265" lon="-118.71138551">
      </trkpt>
      <trkpt lat="50.50441482" lon="-118.7113862">
      </trkpt>
      <trkpt lat="50.50441754" lon="-118.71138869">
      </trkpt>
      <trkpt lat="50.50441971" lon="-118.71139029">
      </trkpt>
      <trkpt lat="50.50442241" lon="-118.71139091">
      </trkpt>
      <trkpt lat="50.50442456" lon="-118.71139158">
      </trkpt>
      <trkpt lat="50.50442617" lon="-118.71139231">
      </trkpt>
      <trkpt lat="50.50442937" lon="-118.71139285">
      </trkpt>
      <trkpt lat="50.50443148" lon="-118.71139165">
      </trkpt>
      <trkpt lat="50.50443251" lon="-118.71138965">
      </trkpt>
      <trkpt lat="50.50443404" lon="-118.71138668">
      </trkpt>
      <trkpt lat="50.50443608" lon="-118.71138275">
      </trkpt>
      <trkpt lat="50.50443758" lon="-118.71137889">
      </trkpt>
      <trkpt lat="50.50443749" lon="-118.71137434">
      </trkpt>
      <trkpt lat="50.50443795" lon="-118.71137065">
      </trkpt>
      <trkpt lat="50.50443947" lon="-118.71136958">
      </trkpt>
      <trkpt lat="50.50444105" lon="-118.71137121">
      </trkpt>
      <trkpt lat="50.5044422" lon="-118.71137654">
      </trkpt>
      <trkpt lat="50.50444333" lon="-118.71138096">
      </trkpt>
      <trkpt lat="50.50444497" lon="-118.71138444">
      </trkpt>
      <trkpt lat="50.50444705" lon="-118.71138511">
      </trkpt>
      <trkpt lat="50.50444912" lon="-118.71138577">
      </trkpt>
      <trkpt lat="50.50445168" lon="-118.71138545">
      </trkpt>
      <trkpt lat="50.50445422" lon="-118.71138508">
      </trkpt>
      <trkpt lat="50.5044562" lon="-118.7113847">
      </trkpt>
      <trkpt lat="50.50445727" lon="-118.71138806">
      </trkpt>
      <trkpt lat="50.50445884" lon="-118.71139134">
      </trkpt>
      <trkpt lat="50.50446041" lon="-118.7113946">
      </trkpt>
      <trkpt lat="50.50446194" lon="-118.71139697">
      </trkpt>
      <trkpt lat="50.50446399" lon="-118.71140013">
      </trkpt>
      <trkpt lat="50.5044665" lon="-118.71140229">
      </trkpt>
      <trkpt lat="50.50446806" lon="-118.71140554">
      </trkpt>
      <trkpt lat="50.50446822" lon="-118.71141091">
      </trkpt>
      <trkpt lat="50.50446931" lon="-118.71141517">
      </trkpt>
      <trkpt lat="50.50447041" lon="-118.71141945">
      </trkpt>
      <trkpt lat="50.50447146" lon="-118.71142193">
      </trkpt>
      <trkpt lat="50.50447254" lon="-118.7114253">
      </trkpt>
      <trkpt lat="50.50447361" lon="-118.71142868">
      </trkpt>
      <trkpt lat="50.50447178" lon="-118.71143282">
      </trkpt>
      <trkpt lat="50.50447141" lon="-118.71143661">
      </trkpt>
      <trkpt lat="50.50447246" lon="-118.71143909">
      </trkpt>
      <trkpt lat="50.50447498" lon="-118.71144118">
      </trkpt>
      <trkpt lat="50.50447694" lon="-118.71144157">
      </trkpt>
      <trkpt lat="50.50447886" lon="-118.71144105">
      </trkpt>
      <trkpt lat="50.50448126" lon="-118.71144039">
      </trkpt>
      <trkpt lat="50.50448319" lon="-118.71144077">
      </trkpt>
      <trkpt lat="50.50448603" lon="-118.71143998">
      </trkpt>
      <trkpt lat="50.50448791" lon="-118.71143946">
      </trkpt>
      <trkpt lat="50.50449071" lon="-118.7114387">
      </trkpt>
      <trkpt lat="50.50449257" lon="-118.71143818">
      </trkpt>
      <trkpt lat="50.5044953" lon="-118.71143655">
      </trkpt>
      <trkpt lat="50.50449711" lon="-118.71143517">
      </trkpt>
      <trkpt lat="50.5044989" lon="-118.7114338">
      </trkpt>
      <trkpt lat="50.5045011" lon="-118.71143143">
      </trkpt>
      <trkpt lat="50.50450287" lon="-118.71143008">
      </trkpt>
      <trkpt lat="50.50450463" lon="-118.71142874">
      </trkpt>
      <trkpt lat="50.50450727" lon="-118.71142718">
      </trkpt>
      <trkpt lat="50.50450993" lon="-118.71142649">
      </trkpt>
      <trkpt lat="50.50451217" lon="-118.71142678">
      </trkpt>
      <trkpt lat="50.50451369" lon="-118.71143076">
      </trkpt>
      <trkpt lat="50.50451513" lon="-118.71143301">
      </trkpt>
      <trkpt lat="50.50451696" lon="-118.71143427">
      </trkpt>
      <trkpt lat="50.50451918" lon="-118.71143455">
      </trkpt>
      <trkpt lat="50.5045209" lon="-118.71143407">
      </trkpt>
      <trkpt lat="50.50452305" lon="-118.71143348">
      </trkpt>
      <trkpt lat="50.50452519" lon="-118.71143291">
      </trkpt>
      <trkpt lat="50.50452726" lon="-118.71143148">
      </trkpt>
      <trkpt lat="50.50452928" lon="-118.71142921">
      </trkpt>
      <trkpt lat="50.50453128" lon="-118.71142696">
      </trkpt>
      <trkpt lat="50.50453156" lon="-118.71142432">
      </trkpt>
      <trkpt lat="50.50453225" lon="-118.71142157">
      </trkpt>
      <trkpt lat="50.50453367" lon="-118.71141697">
      </trkpt>
      <trkpt lat="50.50453558" lon="-118.71141395">
      </trkpt>
      <trkpt lat="50.50453748" lon="-118.71141096">
      </trkpt>
      <trkpt lat="50.50453896" lon="-118.7114081">
      </trkpt>
      <trkpt lat="50.50454134" lon="-118.71140669">
      </trkpt>
      <trkpt lat="50.50454294" lon="-118.71140631">
      </trkpt>
      <trkpt lat="50.50454494" lon="-118.71140583">
      </trkpt>
      <trkpt lat="50.50454693" lon="-118.71140535">
      </trkpt>
      <trkpt lat="50.50454841" lon="-118.71140335">
      </trkpt>
      <trkpt lat="50.50455032" lon="-118.71140208">
      </trkpt>
      <trkpt lat="50.50455052" lon="-118.71140529">
      </trkpt>
      <trkpt lat="50.50455089" lon="-118.71141096">
      </trkpt>
      <trkpt lat="50.50455061" lon="-118.71141268">
      </trkpt>
      <trkpt lat="50.504549" lon="-118.71141889">
      </trkpt>
      <trkpt lat="50.50454836" lon="-118.71142156">
      </trkpt>
      <trkpt lat="50.50454817" lon="-118.71142496">
      </trkpt>
      <trkpt lat="50.50454854" lon="-118.71143075">
      </trkpt>
      <trkpt lat="50.5045489" lon="-118.71143656">
      </trkpt>
      <trkpt lat="50.50455061" lon="-118.71143777">
      </trkpt>
      <trkpt lat="50.5045522" lon="-118.7114373">
      </trkpt>
      <trkpt lat="50.50455418" lon="-118.71143674">
      </trkpt>
      <trkpt lat="50.5045556" lon="-118.7114338">
      </trkpt>
      <trkpt lat="50.50455738" lon="-118.71143079">
      </trkpt>
      <trkpt lat="50.50455917" lon="-118.71142779">
      </trkpt>
      <trkpt lat="50.5045606" lon="-118.71142573">
      </trkpt>
      <trkpt lat="50.50456203" lon="-118.71142369">
      </trkpt>
      <trkpt lat="50.50456339" lon="-118.71142086">
      </trkpt>
      <trkpt lat="50.50456567" lon="-118.71142023">
      </trkpt>
      <trkpt lat="50.50456712" lon="-118.71141903">
      </trkpt>
      <trkpt lat="50.50456901" lon="-118.71141851">
      </trkpt>
      <trkpt lat="50.50457051" lon="-118.71141811">
      </trkpt>
      <trkpt lat="50.50457249" lon="-118.7114192">
      </trkpt>
      <trkpt lat="50.50457403" lon="-118.71141958">
      </trkpt>
      <trkpt lat="50.5045752" lon="-118.71142007">
      </trkpt>
      <trkpt lat="50.5045768" lon="-118.71142126">
      </trkpt>
      <trkpt lat="50.50457875" lon="-118.71142233">
      </trkpt>
      <trkpt lat="50.50458064" lon="-118.71142261">
      </trkpt>
      <trkpt lat="50.50458209" lon="-118.7114222">
      </trkpt>
      <trkpt lat="50.50458396" lon="-118.71142248">
      </trkpt>
      <trkpt lat="50.5045854" lon="-118.71142208">
      </trkpt>
      <trkpt lat="50.50458654" lon="-118.71142256">
      </trkpt>
      <trkpt lat="50.50458874" lon="-118.71142273">
      </trkpt>
      <trkpt lat="50.50459051" lon="-118.71142223">
      </trkpt>
      <trkpt lat="50.50459228" lon="-118.71142173">
      </trkpt>
      <trkpt lat="50.50459403" lon="-118.71142123">
      </trkpt>
      <trkpt lat="50.50459473" lon="-118.71142103">
      </trkpt>
      <trkpt lat="50.50459343" lon="-118.71141824">
      </trkpt>
      <trkpt lat="50.50459212" lon="-118.71141545">
      </trkpt>
      <trkpt lat="50.50459087" lon="-118.71141342">
      </trkpt>
      <trkpt lat="50.50458991" lon="-118.71141053">
      </trkpt>
      <trkpt lat="50.5045896" lon="-118.71140669">
      </trkpt>
      <trkpt lat="50.50459081" lon="-118.71140405">
      </trkpt>
      <trkpt lat="50.50459221" lon="-118.71140368">
      </trkpt>
      <trkpt lat="50.50459359" lon="-118.71140332">
      </trkpt>
      <trkpt lat="50.50459539" lon="-118.71140364">
      </trkpt>
      <trkpt lat="50.50459574" lon="-118.71140356">
      </trkpt>
      <trkpt lat="50.50460091" lon="-118.71140375">
      </trkpt>
      <trkpt lat="50.5046021" lon="-118.71140122">
      </trkpt>
      <trkpt lat="50.50460203" lon="-118.71139824">
      </trkpt>
      <trkpt lat="50.50460114" lon="-118.71139544">
      </trkpt>
      <trkpt lat="50.50459945" lon="-118.71139429">
      </trkpt>
      <trkpt lat="50.50459778" lon="-118.71139388">
      </trkpt>
      <trkpt lat="50.50459521" lon="-118.71139141">
      </trkpt>
      <trkpt lat="50.50459391" lon="-118.71138942">
      </trkpt>
      <trkpt lat="50.5045926" lon="-118.71138668">
      </trkpt>
      <trkpt lat="50.50459212" lon="-118.71138378">
      </trkpt>
      <trkpt lat="50.50459122" lon="-118.71138023">
      </trkpt>
      <trkpt lat="50.50459078" lon="-118.71137956">
      </trkpt>
      <trkpt lat="50.50458902" lon="-118.71137542">
      </trkpt>
      <trkpt lat="50.50458729" lon="-118.71137349">
      </trkpt>
      <trkpt lat="50.50458557" lon="-118.71137231">
      </trkpt>
      <trkpt lat="50.50458383" lon="-118.71137037">
      </trkpt>
      <trkpt lat="50.50458168" lon="-118.71136999">
      </trkpt>
      <trkpt lat="50.50457951" lon="-118.71136815">
      </trkpt>
      <trkpt lat="50.50457821" lon="-118.71136763">
      </trkpt>
      <trkpt lat="50.50457691" lon="-118.71136714">
      </trkpt>
      <trkpt lat="50.5045743" lon="-118.71136611">
      </trkpt>
      <trkpt lat="50.50457209" lon="-118.71136426">
      </trkpt>
      <trkpt lat="50.50457032" lon="-118.71136306">
      </trkpt>
      <trkpt lat="50.50456812" lon="-118.71136194">
      </trkpt>
      <trkpt lat="50.50456635" lon="-118.71136151">
      </trkpt>
      <trkpt lat="50.50456411" lon="-118.71136038">
      </trkpt>
      <trkpt lat="50.50456187" lon="-118.71135925">
      </trkpt>
      <trkpt lat="50.50455962" lon="-118.71135888">
      </trkpt>
      <trkpt lat="50.50455735" lon="-118.71135775">
      </trkpt>
      <trkpt lat="50.50455462" lon="-118.71135745">
      </trkpt>
      <trkpt lat="50.50455278" lon="-118.71135622">
      </trkpt>
      <trkpt lat="50.50455141" lon="-118.71135491">
      </trkpt>
      <trkpt lat="50.50454957" lon="-118.71135444">
      </trkpt>
      <trkpt lat="50.50454725" lon="-118.71135329">
      </trkpt>
      <trkpt lat="50.50454399" lon="-118.71135149">
      </trkpt>
      <trkpt lat="50.50454118" lon="-118.71134961">
      </trkpt>
      <trkpt lat="50.50453882" lon="-118.71134843">
      </trkpt>
      <trkpt lat="50.5045374" lon="-118.71134787">
      </trkpt>
      <trkpt lat="50.50453503" lon="-118.71134668">
      </trkpt>
      <trkpt lat="50.50453264" lon="-118.71134468">
      </trkpt>
      <trkpt lat="50.50453025" lon="-118.71134269">
      </trkpt>
      <trkpt lat="50.50452785" lon="-118.7113407">
      </trkpt>
      <trkpt lat="50.50452544" lon="-118.71133868">
      </trkpt>
      <trkpt lat="50.50452401" lon="-118.71133653">
      </trkpt>
      <trkpt lat="50.50452209" lon="-118.71133365">
      </trkpt>
      <trkpt lat="50.50452066" lon="-118.71133069">
      </trkpt>
      <trkpt lat="50.50451922" lon="-118.71132853">
      </trkpt>
      <trkpt lat="50.50451777" lon="-118.71132635">
      </trkpt>
      <trkpt lat="50.50451634" lon="-118.71132339">
      </trkpt>
      <trkpt lat="50.50451541" lon="-118.71132038">
      </trkpt>
      <trkpt lat="50.50451548" lon="-118.71131647">
      </trkpt>
      <trkpt lat="50.50451555" lon="-118.71131259">
      </trkpt>
      <trkpt lat="50.5045156" lon="-118.71131027">
      </trkpt>
      <trkpt lat="50.50451666" lon="-118.71130631">
      </trkpt>
      <trkpt lat="50.50451769" lon="-118.71130315">
      </trkpt>
      <trkpt lat="50.50451875" lon="-118.71129924">
      </trkpt>
      <trkpt lat="50.5045188" lon="-118.7112962">
      </trkpt>
      <trkpt lat="50.50452083" lon="-118.71129076">
      </trkpt>
      <trkpt lat="50.50452137" lon="-118.71128697">
      </trkpt>
      <trkpt lat="50.50452286" lon="-118.71128388">
      </trkpt>
      <trkpt lat="50.50452478" lon="-118.71128302">
      </trkpt>
      <trkpt lat="50.50452714" lon="-118.71128286">
      </trkpt>
      <trkpt lat="50.50452998" lon="-118.71128196">
      </trkpt>
      <trkpt lat="50.50453137" lon="-118.71128188">
      </trkpt>
      <trkpt lat="50.50453372" lon="-118.71127885">
      </trkpt>
      <trkpt lat="50.50453558" lon="-118.71127585">
      </trkpt>
      <trkpt lat="50.50453651" lon="-118.71127221">
      </trkpt>
      <trkpt lat="50.50453745" lon="-118.71126858">
      </trkpt>
      <trkpt lat="50.50453882" lon="-118.71126638">
      </trkpt>
      <trkpt lat="50.50453929" lon="-118.71126494">
      </trkpt>
      <trkpt lat="50.50454111" lon="-118.71126133">
      </trkpt>
      <trkpt lat="50.50454202" lon="-118.71125847">
      </trkpt>
      <trkpt lat="50.50454337" lon="-118.71125562">
      </trkpt>
      <trkpt lat="50.50454383" lon="-118.71125209">
      </trkpt>
      <trkpt lat="50.50454384" lon="-118.71124999">
      </trkpt>
      <trkpt lat="50.50454385" lon="-118.71124651">
      </trkpt>
      <trkpt lat="50.5045443" lon="-118.71124232">
      </trkpt>
      <trkpt lat="50.50454387" lon="-118.71123817">
      </trkpt>
      <trkpt lat="50.50454255" lon="-118.7112354">
      </trkpt>
      <trkpt lat="50.50454033" lon="-118.71123332">
      </trkpt>
      <trkpt lat="50.5045381" lon="-118.71123332">
      </trkpt>
      <trkpt lat="50.5045363" lon="-118.71123331">
      </trkpt>
      <trkpt lat="50.50453405" lon="-118.7112319">
      </trkpt>
      <trkpt lat="50.50453224" lon="-118.7112319">
      </trkpt>
      <trkpt lat="50.50453043" lon="-118.71123119">
      </trkpt>
      <trkpt lat="50.50452816" lon="-118.71122907">
      </trkpt>
      <trkpt lat="50.5045268" lon="-118.71122766">
      </trkpt>
      <trkpt lat="50.50452498" lon="-118.71122555">
      </trkpt>
      <trkpt lat="50.50452363" lon="-118.71122343">
      </trkpt>
      <trkpt lat="50.50452228" lon="-118.71122203">
      </trkpt>
      <trkpt lat="50.50451996" lon="-118.71122198">
      </trkpt>
      <trkpt lat="50.5045181" lon="-118.71122196">
      </trkpt>
      <trkpt lat="50.50451575" lon="-118.71122192">
      </trkpt>
      <trkpt lat="50.50451396" lon="-118.71121979">
      </trkpt>
      <trkpt lat="50.50451313" lon="-118.71121699">
      </trkpt>
      <trkpt lat="50.50451132" lon="-118.71121487">
      </trkpt>
      <trkpt lat="50.50451041" lon="-118.71121416">
      </trkpt>
      <trkpt lat="50.50450843" lon="-118.71121619">
      </trkpt>
      <trkpt lat="50.50450681" lon="-118.71122037">
      </trkpt>
      <trkpt lat="50.50450486" lon="-118.71122104">
      </trkpt>
      <trkpt lat="50.50450345" lon="-118.7112203">
      </trkpt>
      <trkpt lat="50.50450266" lon="-118.71121677">
      </trkpt>
      <trkpt lat="50.50450277" lon="-118.71121467">
      </trkpt>
      <trkpt lat="50.50450294" lon="-118.71121118">
      </trkpt>
      <trkpt lat="50.50450349" lon="-118.71120982">
      </trkpt>
      <trkpt lat="50.50450604" lon="-118.71120646">
      </trkpt>
      <trkpt lat="50.5045066" lon="-118.71120442">
      </trkpt>
      <trkpt lat="50.50450717" lon="-118.7112024">
      </trkpt>
      <trkpt lat="50.50450829" lon="-118.71119839">
      </trkpt>
      <trkpt lat="50.50450983" lon="-118.71119512">
      </trkpt>
      <trkpt lat="50.50451136" lon="-118.71119188">
      </trkpt>
      <trkpt lat="50.50451282" lon="-118.71118997">
      </trkpt>
      <trkpt lat="50.50451422" lon="-118.71118939">
      </trkpt>
      <trkpt lat="50.50451522" lon="-118.71118683">
      </trkpt>
      <trkpt lat="50.5045167" lon="-118.71118369">
      </trkpt>
      <trkpt lat="50.50451774" lon="-118.7111799">
      </trkpt>
      <trkpt lat="50.5045183" lon="-118.71117676">
      </trkpt>
      <trkpt lat="50.50451934" lon="-118.71117241">
      </trkpt>
      <trkpt lat="50.50452032" lon="-118.71116937">
      </trkpt>
      <trkpt lat="50.5045213" lon="-118.71116635">
      </trkpt>
      <trkpt lat="50.50452188" lon="-118.71116209">
      </trkpt>
      <trkpt lat="50.50452284" lon="-118.71115914">
      </trkpt>
      <trkpt lat="50.50452289" lon="-118.71115732">
      </trkpt>
      <trkpt lat="50.50452343" lon="-118.71115377">
      </trkpt>
      <trkpt lat="50.50452438" lon="-118.71115088">
      </trkpt>
      <trkpt lat="50.50452484" lon="-118.71114973">
      </trkpt>
      <trkpt lat="50.50452577" lon="-118.71114688">
      </trkpt>
      <trkpt lat="50.5045267" lon="-118.71114405">
      </trkpt>
      <trkpt lat="50.50452803" lon="-118.71114128">
      </trkpt>
      <trkpt lat="50.50452937" lon="-118.71113798">
      </trkpt>
      <trkpt lat="50.50453109" lon="-118.71113533">
      </trkpt>
      <trkpt lat="50.50453196" lon="-118.71113316">
      </trkpt>
      <trkpt lat="50.5045328" lon="-118.71113214">
      </trkpt>
      <trkpt lat="50.50453408" lon="-118.71112894">
      </trkpt>
      <trkpt lat="50.50453576" lon="-118.71112638">
      </trkpt>
      <trkpt lat="50.50453659" lon="-118.71112482">
      </trkpt>
      <trkpt lat="50.50453742" lon="-118.71112274">
      </trkpt>
      <trkpt lat="50.50453826" lon="-118.71112013">
      </trkpt>
      <trkpt lat="50.50453908" lon="-118.71111862">
      </trkpt>
      <trkpt lat="50.5045407" lon="-118.71111562">
      </trkpt>
      <trkpt lat="50.5045415" lon="-118.71111307">
      </trkpt>
      <trkpt lat="50.50454192" lon="-118.71111154">
      </trkpt>
      <trkpt lat="50.50454271" lon="-118.71110955">
      </trkpt>
      <trkpt lat="50.50454312" lon="-118.71110752">
      </trkpt>
      <trkpt lat="50.50454429" lon="-118.71110457">
      </trkpt>
      <trkpt lat="50.50454546" lon="-118.71110217">
      </trkpt>
      <trkpt lat="50.50454624" lon="-118.71109922">
      </trkpt>
      <trkpt lat="50.50454663" lon="-118.71109726">
      </trkpt>
      <trkpt lat="50.50454739" lon="-118.71109485">
      </trkpt>
      <trkpt lat="50.50454816" lon="-118.71109297">
      </trkpt>
      <trkpt lat="50.50454928" lon="-118.71109018">
      </trkpt>
      <trkpt lat="50.50455002" lon="-118.71108783">
      </trkpt>
      <trkpt lat="50.50455113" lon="-118.71108509">
      </trkpt>
      <trkpt lat="50.50455223" lon="-118.71108237">
      </trkpt>
      <trkpt lat="50.50455259" lon="-118.7110805">
      </trkpt>
      <trkpt lat="50.50455331" lon="-118.71107871">
      </trkpt>
      <trkpt lat="50.50455439" lon="-118.711077">
      </trkpt>
      <trkpt lat="50.50455437" lon="-118.71107464">
      </trkpt>
      <trkpt lat="50.50455437" lon="-118.71107274">
      </trkpt>
      <trkpt lat="50.50455436" lon="-118.71107085">
      </trkpt>
      <trkpt lat="50.5045547" lon="-118.71106952">
      </trkpt>
      <trkpt lat="50.5045561" lon="-118.71106609">
      </trkpt>
      <trkpt lat="50.5045575" lon="-118.71106362">
      </trkpt>
      <trkpt lat="50.50455748" lon="-118.7110618">
      </trkpt>
      <trkpt lat="50.50455641" lon="-118.7110602">
      </trkpt>
      <trkpt lat="50.504555" lon="-118.711059">
      </trkpt>
      <trkpt lat="50.50455393" lon="-118.7110583">
      </trkpt>
      <trkpt lat="50.50455216" lon="-118.71105702">
      </trkpt>
      <trkpt lat="50.50455109" lon="-118.71105634">
      </trkpt>
      <trkpt lat="50.50455038" lon="-118.71105437">
      </trkpt>
      <trkpt lat="50.50455038" lon="-118.71105074">
      </trkpt>
      <trkpt lat="50.50455038" lon="-118.71104849">
      </trkpt>
      <trkpt lat="50.50455108" lon="-118.71104643">
      </trkpt>
      <trkpt lat="50.50455213" lon="-118.71104491">
      </trkpt>
      <trkpt lat="50.50455282" lon="-118.71104331">
      </trkpt>
      <trkpt lat="50.50455385" lon="-118.71104227">
      </trkpt>
      <trkpt lat="50.50455488" lon="-118.71104078">
      </trkpt>
      <trkpt lat="50.5045559" lon="-118.71103928">
      </trkpt>
      <trkpt lat="50.50455622" lon="-118.71103679">
      </trkpt>
      <trkpt lat="50.50455689" lon="-118.71103568">
      </trkpt>
      <trkpt lat="50.50455722" lon="-118.71103405">
      </trkpt>
      <trkpt lat="50.50455788" lon="-118.71103252">
      </trkpt>
      <trkpt lat="50.50455853" lon="-118.71103059">
      </trkpt>
      <trkpt lat="50.50455917" lon="-118.71102825">
      </trkpt>
      <trkpt lat="50.50455949" lon="-118.71102707">
      </trkpt>
      <trkpt lat="50.50455947" lon="-118.71102542">
      </trkpt>
      <trkpt lat="50.50456076" lon="-118.71102288">
      </trkpt>
      <trkpt lat="50.50456139" lon="-118.71102142">
      </trkpt>
      <trkpt lat="50.50456138" lon="-118.71101978">
      </trkpt>
      <trkpt lat="50.50456135" lon="-118.71101815">
      </trkpt>
      <trkpt lat="50.50456165" lon="-118.7110162">
      </trkpt>
      <trkpt lat="50.50456161" lon="-118.71101418">
      </trkpt>
      <trkpt lat="50.50456192" lon="-118.71101267">
      </trkpt>
      <trkpt lat="50.5045622" lon="-118.71101037">
      </trkpt>
      <trkpt lat="50.50456251" lon="-118.71100927">
      </trkpt>
      <trkpt lat="50.50456313" lon="-118.71100828">
      </trkpt>
      <trkpt lat="50.50456404" lon="-118.71100582">
      </trkpt>
      <trkpt lat="50.50456433" lon="-118.71100396">
      </trkpt>
      <trkpt lat="50.50456462" lon="-118.71100249">
      </trkpt>
      <trkpt lat="50.50456522" lon="-118.71100115">
      </trkpt>
      <trkpt lat="50.50456549" lon="-118.71099932">
      </trkpt>
      <trkpt lat="50.50456546" lon="-118.71099778">
      </trkpt>
      <trkpt lat="50.50456544" lon="-118.71099663">
      </trkpt>
      <trkpt lat="50.50456601" lon="-118.71099417">
      </trkpt>
      <trkpt lat="50.504566" lon="-118.71099341">
      </trkpt>
      <trkpt lat="50.50456688" lon="-118.71099145">
      </trkpt>
      <trkpt lat="50.50456746" lon="-118.71098978">
      </trkpt>
      <trkpt lat="50.50456833" lon="-118.71098785">
      </trkpt>
      <trkpt lat="50.50456891" lon="-118.71098658">
      </trkpt>
      <trkpt lat="50.50456949" lon="-118.71098533">
      </trkpt>
      <trkpt lat="50.50457006" lon="-118.71098442">
      </trkpt>
      <trkpt lat="50.50457062" lon="-118.7109828">
      </trkpt>
      <trkpt lat="50.50457117" lon="-118.7109812">
      </trkpt>
      <trkpt lat="50.50457143" lon="-118.71097986">
      </trkpt>
      <trkpt lat="50.50457169" lon="-118.71097852">
      </trkpt>
      <trkpt lat="50.50457254" lon="-118.71097705">
      </trkpt>
      <trkpt lat="50.50457252" lon="-118.71097669">
      </trkpt>
      <trkpt lat="50.50457305" lon="-118.71097477">
      </trkpt>
      <trkpt lat="50.50457358" lon="-118.71097287">
      </trkpt>
      <trkpt lat="50.50457383" lon="-118.71097156">
      </trkpt>
      <trkpt lat="50.50457622" lon="-118.71096531">
      </trkpt>
      <trkpt lat="50.504577" lon="-118.71096356">
      </trkpt>
      <trkpt lat="50.50457814" lon="-118.71096336">
      </trkpt>
      <trkpt lat="50.50457892" lon="-118.71096163">
      </trkpt>
      <trkpt lat="50.50457967" lon="-118.7109594">
      </trkpt>
      <trkpt lat="50.50458041" lon="-118.71095718">
      </trkpt>
      <trkpt lat="50.50458088" lon="-118.71095502">
      </trkpt>
      <trkpt lat="50.50458076" lon="-118.71095246">
      </trkpt>
      <trkpt lat="50.50457992" lon="-118.71095209">
      </trkpt>
      <trkpt lat="50.50457858" lon="-118.71095331">
      </trkpt>
      <trkpt lat="50.50457757" lon="-118.71095607">
      </trkpt>
      <trkpt lat="50.50457651" lon="-118.71095781">
      </trkpt>
      <trkpt lat="50.50457542" lon="-118.71095905">
      </trkpt>
      <trkpt lat="50.50457432" lon="-118.7109603">
      </trkpt>
      <trkpt lat="50.50457294" lon="-118.71096212">
      </trkpt>
      <trkpt lat="50.50457183" lon="-118.71096339">
      </trkpt>
      <trkpt lat="50.50457042" lon="-118.71096527">
      </trkpt>
      <trkpt lat="50.50456928" lon="-118.71096656">
      </trkpt>
      <trkpt lat="50.50456815" lon="-118.7109684">
      </trkpt>
      <trkpt lat="50.50456699" lon="-118.71096972">
      </trkpt>
      <trkpt lat="50.5045658" lon="-118.7109705">
      </trkpt>
      <trkpt lat="50.5045643" lon="-118.71097078">
      </trkpt>
      <trkpt lat="50.50456307" lon="-118.71096934">
      </trkpt>
      <trkpt lat="50.50456183" lon="-118.71096789">
      </trkpt>
      <trkpt lat="50.50456119" lon="-118.71096635">
      </trkpt>
      <trkpt lat="50.50455996" lon="-118.71096491">
      </trkpt>
      <trkpt lat="50.50455842" lon="-118.71096407">
      </trkpt>
      <trkpt lat="50.50455719" lon="-118.71096428">
      </trkpt>
      <trkpt lat="50.50455596" lon="-118.71096337">
      </trkpt>
      <trkpt lat="50.5045547" lon="-118.71096248">
      </trkpt>
      <trkpt lat="50.50455377" lon="-118.71096043">
      </trkpt>
      <trkpt lat="50.50455344" lon="-118.71095828">
      </trkpt>
      <trkpt lat="50.50455312" lon="-118.71095561">
      </trkpt>
      <trkpt lat="50.50455281" lon="-118.71095348">
      </trkpt>
      <trkpt lat="50.50455219" lon="-118.71095195">
      </trkpt>
      <trkpt lat="50.50455095" lon="-118.71094998">
      </trkpt>
      <trkpt lat="50.5045494" lon="-118.71094805">
      </trkpt>
      <trkpt lat="50.50454817" lon="-118.7109466">
      </trkpt>
      <trkpt lat="50.50454724" lon="-118.71094566">
      </trkpt>
      <trkpt lat="50.50454601" lon="-118.71094368">
      </trkpt>
      <trkpt lat="50.50454476" lon="-118.71094223">
      </trkpt>
      <trkpt lat="50.50454322" lon="-118.71094083">
      </trkpt>
      <trkpt lat="50.50454229" lon="-118.71093935">
      </trkpt>
      <trkpt lat="50.50454104" lon="-118.71093897">
      </trkpt>
      <trkpt lat="50.50453974" lon="-118.71094071">
      </trkpt>
      <trkpt lat="50.50453812" lon="-118.7109425">
      </trkpt>
      <trkpt lat="50.5045365" lon="-118.71094323">
      </trkpt>
      <trkpt lat="50.50453554" lon="-118.71094281">
      </trkpt>
      <trkpt lat="50.50453495" lon="-118.71094018">
      </trkpt>
      <trkpt lat="50.50453404" lon="-118.71093762">
      </trkpt>
      <trkpt lat="50.50453312" lon="-118.71093559">
      </trkpt>
      <trkpt lat="50.50453284" lon="-118.71093349">
      </trkpt>
      <trkpt lat="50.50453288" lon="-118.71093191">
      </trkpt>
      <trkpt lat="50.50453297" lon="-118.71092876">
      </trkpt>
      <trkpt lat="50.50453172" lon="-118.71092731">
      </trkpt>
      <trkpt lat="50.50453044" lon="-118.7109269">
      </trkpt>
      <trkpt lat="50.50452883" lon="-118.71092651">
      </trkpt>
      <trkpt lat="50.50452692" lon="-118.71092563">
      </trkpt>
      <trkpt lat="50.50452562" lon="-118.71092522">
      </trkpt>
      <trkpt lat="50.50452432" lon="-118.71092481">
      </trkpt>
      <trkpt lat="50.50452335" lon="-118.71092435">
      </trkpt>
      <trkpt lat="50.50452136" lon="-118.71092452">
      </trkpt>
      <trkpt lat="50.50452004" lon="-118.7109241">
      </trkpt>
      <trkpt lat="50.50451874" lon="-118.71092314">
      </trkpt>
      <trkpt lat="50.50451776" lon="-118.71092269">
      </trkpt>
      <trkpt lat="50.50451646" lon="-118.71092174">
      </trkpt>
      <trkpt lat="50.50451518" lon="-118.71092026">
      </trkpt>
      <trkpt lat="50.50451421" lon="-118.71091927">
      </trkpt>
      <trkpt lat="50.5045131" lon="-118.71092094">
      </trkpt>
      <trkpt lat="50.50451296" lon="-118.71092359">
      </trkpt>
      <trkpt lat="50.50451215" lon="-118.71092579">
      </trkpt>
      <trkpt lat="50.50451038" lon="-118.71092647">
      </trkpt>
      <trkpt lat="50.50450934" lon="-118.71092656">
      </trkpt>
      <trkpt lat="50.50450765" lon="-118.71092561">
      </trkpt>
      <trkpt lat="50.50450634" lon="-118.71092411">
      </trkpt>
      <trkpt lat="50.50450574" lon="-118.71092253">
      </trkpt>
      <trkpt lat="50.50450485" lon="-118.71091992">
      </trkpt>
      <trkpt lat="50.50450398" lon="-118.71091732">
      </trkpt>
      <trkpt lat="50.5045037" lon="-118.71091628">
      </trkpt>
      <trkpt lat="50.50450279" lon="-118.71091422">
      </trkpt>
      <trkpt lat="50.5045015" lon="-118.71091271">
      </trkpt>
      <trkpt lat="50.5045009" lon="-118.71091116">
      </trkpt>
      <trkpt lat="50.50449964" lon="-118.71090913">
      </trkpt>
      <trkpt lat="50.50449834" lon="-118.71090762">
      </trkpt>
      <trkpt lat="50.50449709" lon="-118.7109056">
      </trkpt>
      <trkpt lat="50.50449655" lon="-118.71090355">
      </trkpt>
      <trkpt lat="50.50449533" lon="-118.71090101">
      </trkpt>
      <trkpt lat="50.5044944" lon="-118.71089949">
      </trkpt>
      <trkpt lat="50.50449279" lon="-118.71089748">
      </trkpt>
      <trkpt lat="50.50449181" lon="-118.71089647">
      </trkpt>
      <trkpt lat="50.50449051" lon="-118.71089497">
      </trkpt>
      <trkpt lat="50.50448916" lon="-118.71089398">
      </trkpt>
      <trkpt lat="50.50448787" lon="-118.71089248">
      </trkpt>
      <trkpt lat="50.50448657" lon="-118.71089096">
      </trkpt>
      <trkpt lat="50.50448568" lon="-118.71088895">
      </trkpt>
      <trkpt lat="50.50448475" lon="-118.71088743">
      </trkpt>
      <trkpt lat="50.50448387" lon="-118.71088541">
      </trkpt>
      <trkpt lat="50.50448257" lon="-118.71088391">
      </trkpt>
      <trkpt lat="50.50448127" lon="-118.7108824">
      </trkpt>
      <trkpt lat="50.50447997" lon="-118.71088088">
      </trkpt>
      <trkpt lat="50.50447862" lon="-118.71087988">
      </trkpt>
      <trkpt lat="50.50447689" lon="-118.71087886">
      </trkpt>
      <trkpt lat="50.50447521" lon="-118.71087735">
      </trkpt>
      <trkpt lat="50.50447465" lon="-118.71087584">
      </trkpt>
      <trkpt lat="50.50447372" lon="-118.71087433">
      </trkpt>
      <trkpt lat="50.50447247" lon="-118.71087232">
      </trkpt>
      <trkpt lat="50.5044711" lon="-118.71087131">
      </trkpt>
      <trkpt lat="50.50446998" lon="-118.71087127">
      </trkpt>
      <trkpt lat="50.50446772" lon="-118.71087123">
      </trkpt>
      <trkpt lat="50.50446659" lon="-118.7108712">
      </trkpt>
      <trkpt lat="50.50446444" lon="-118.71087015">
      </trkpt>
      <trkpt lat="50.50446343" lon="-118.71086912">
      </trkpt>
      <trkpt lat="50.50446211" lon="-118.71086759">
      </trkpt>
      <trkpt lat="50.50446033" lon="-118.71086654">
      </trkpt>
      <trkpt lat="50.50445893" lon="-118.7108655">
      </trkpt>
      <trkpt lat="50.50445753" lon="-118.71086445">
      </trkpt>
      <trkpt lat="50.50445566" lon="-118.71086389">
      </trkpt>
      <trkpt lat="50.50445408" lon="-118.71086384">
      </trkpt>
      <trkpt lat="50.50445251" lon="-118.71086379">
      </trkpt>
      <trkpt lat="50.50445093" lon="-118.71086373">
      </trkpt>
      <trkpt lat="50.50444869" lon="-118.71086517">
      </trkpt>
      <trkpt lat="50.50444668" lon="-118.71086512">
      </trkpt>
      <trkpt lat="50.50444572" lon="-118.71086356">
      </trkpt>
      <trkpt lat="50.50444566" lon="-118.71086152">
      </trkpt>
      <trkpt lat="50.50444609" lon="-118.71085902">
      </trkpt>
      <trkpt lat="50.50444643" lon="-118.71085703">
      </trkpt>
      <trkpt lat="50.50444676" lon="-118.71085505">
      </trkpt>
      <trkpt lat="50.50444679" lon="-118.71085258">
      </trkpt>
      <trkpt lat="50.5044472" lon="-118.71085014">
      </trkpt>
      <trkpt lat="50.50444761" lon="-118.71084774">
      </trkpt>
      <trkpt lat="50.50444819" lon="-118.71084438">
      </trkpt>
      <trkpt lat="50.50444898" lon="-118.71084204">
      </trkpt>
      <trkpt lat="50.50444968" lon="-118.7108402">
      </trkpt>
      <trkpt lat="50.50444985" lon="-118.71083926">
      </trkpt>
      <trkpt lat="50.50445188" lon="-118.71083179">
      </trkpt>
      <trkpt lat="50.50445335" lon="-118.71082965">
      </trkpt>
      <trkpt lat="50.50445424" lon="-118.71082884">
      </trkpt>
      <trkpt lat="50.50445567" lon="-118.71082617">
      </trkpt>
      <trkpt lat="50.50445651" lon="-118.71082423">
      </trkpt>
      <trkpt lat="50.50445791" lon="-118.71082161">
      </trkpt>
      <trkpt lat="50.50445813" lon="-118.71081929">
      </trkpt>
      <trkpt lat="50.50445839" lon="-118.71081811">
      </trkpt>
      <trkpt lat="50.50445942" lon="-118.71081398">
      </trkpt>
      <trkpt lat="50.50445992" lon="-118.71081166">
      </trkpt>
      <trkpt lat="50.50446066" lon="-118.71080822">
      </trkpt>
      <trkpt lat="50.50446054" lon="-118.71080499">
      </trkpt>
      <trkpt lat="50.5044599" lon="-118.71080297">
      </trkpt>
      <trkpt lat="50.50445897" lon="-118.71080047">
      </trkpt>
      <trkpt lat="50.50445833" lon="-118.71079846">
      </trkpt>
      <trkpt lat="50.50445825" lon="-118.71079583">
      </trkpt>
      <trkpt lat="50.50445815" lon="-118.71079271">
      </trkpt>
      <trkpt lat="50.50445805" lon="-118.71078961">
      </trkpt>
      <trkpt lat="50.504458" lon="-118.71078807">
      </trkpt>
      <trkpt lat="50.50445791" lon="-118.71078501">
      </trkpt>
      <trkpt lat="50.50445784" lon="-118.710783">
      </trkpt>
      <trkpt lat="50.50445773" lon="-118.71077948">
      </trkpt>
      <trkpt lat="50.50445794" lon="-118.71077745">
      </trkpt>
      <trkpt lat="50.50445925" lon="-118.71077578">
      </trkpt>
      <trkpt lat="50.5044603" lon="-118.71077466">
      </trkpt>
      <trkpt lat="50.50446076" lon="-118.71077264">
      </trkpt>
      <trkpt lat="50.50446067" lon="-118.71077021">
      </trkpt>
      <trkpt lat="50.50446005" lon="-118.71076788">
      </trkpt>
      <trkpt lat="50.50445943" lon="-118.71076554">
      </trkpt>
      <trkpt lat="50.50445857" lon="-118.71076372">
      </trkpt>
      <trkpt lat="50.50445795" lon="-118.71076141">
      </trkpt>
      <trkpt lat="50.50445707" lon="-118.71075914">
      </trkpt>
      <trkpt lat="50.50445648" lon="-118.71075731">
      </trkpt>
      <trkpt lat="50.50445642" lon="-118.71075545">
      </trkpt>
      <trkpt lat="50.50445638" lon="-118.71075405">
      </trkpt>
      <trkpt lat="50.50445657" lon="-118.71075173">
      </trkpt>
      <trkpt lat="50.50445676" lon="-118.71074941">
      </trkpt>
      <trkpt lat="50.50445671" lon="-118.71074806">
      </trkpt>
      <trkpt lat="50.50445637" lon="-118.71074536">
      </trkpt>
      <trkpt lat="50.5044555" lon="-118.71074271">
      </trkpt>
      <trkpt lat="50.50445546" lon="-118.71074137">
      </trkpt>
      <trkpt lat="50.50445515" lon="-118.71073961">
      </trkpt>
      <trkpt lat="50.50445504" lon="-118.71073608">
      </trkpt>
      <trkpt lat="50.50445441" lon="-118.71073261">
      </trkpt>
      <trkpt lat="50.50445409" lon="-118.71073045">
      </trkpt>
      <trkpt lat="50.50445402" lon="-118.71072786">
      </trkpt>
      <trkpt lat="50.50445345" lon="-118.71072575">
      </trkpt>
      <trkpt lat="50.50445316" lon="-118.71072447">
      </trkpt>
      <trkpt lat="50.50445207" lon="-118.71072237">
      </trkpt>
      <trkpt lat="50.50445098" lon="-118.71072027">
      </trkpt>
      <trkpt lat="50.50445042" lon="-118.71071818">
      </trkpt>
      <trkpt lat="50.50445036" lon="-118.71071527">
      </trkpt>
      <trkpt lat="50.50445083" lon="-118.71071403">
      </trkpt>
      <trkpt lat="50.50445183" lon="-118.71071322">
      </trkpt>
      <trkpt lat="50.50445307" lon="-118.71071241">
      </trkpt>
      <trkpt lat="50.50445407" lon="-118.71071242">
      </trkpt>
      <trkpt lat="50.50445504" lon="-118.71071121">
      </trkpt>
      <trkpt lat="50.50445497" lon="-118.71070919">
      </trkpt>
      <trkpt lat="50.50445492" lon="-118.71070758">
      </trkpt>
      <trkpt lat="50.50445486" lon="-118.71070559">
      </trkpt>
      <trkpt lat="50.50445456" lon="-118.710704">
      </trkpt>
      <trkpt lat="50.50445403" lon="-118.71070241">
      </trkpt>
      <trkpt lat="50.50445371" lon="-118.71070005">
      </trkpt>
      <trkpt lat="50.50445365" lon="-118.71069811">
      </trkpt>
      <trkpt lat="50.50445356" lon="-118.71069502">
      </trkpt>
      <trkpt lat="50.50445351" lon="-118.71069348">
      </trkpt>
      <trkpt lat="50.50445344" lon="-118.71069119">
      </trkpt>
      <trkpt lat="50.50445292" lon="-118.71069003">
      </trkpt>
      <trkpt lat="50.50445192" lon="-118.71068846">
      </trkpt>
      <trkpt lat="50.50445115" lon="-118.71068728">
      </trkpt>
      <trkpt lat="50.5044504" lon="-118.71068611">
      </trkpt>
      <trkpt lat="50.50444964" lon="-118.71068493">
      </trkpt>
      <trkpt lat="50.5044496" lon="-118.71068307">
      </trkpt>
      <trkpt lat="50.50444931" lon="-118.7106812">
      </trkpt>
      <trkpt lat="50.50444901" lon="-118.7106786">
      </trkpt>
      <trkpt lat="50.50444897" lon="-118.71067713">
      </trkpt>
      <trkpt lat="50.50444894" lon="-118.71067531">
      </trkpt>
      <trkpt lat="50.50444866" lon="-118.71067385">
      </trkpt>
      <trkpt lat="50.50444862" lon="-118.71067168">
      </trkpt>
      <trkpt lat="50.50444834" lon="-118.71067023">
      </trkpt>
      <trkpt lat="50.5044483" lon="-118.71066845">
      </trkpt>
      <trkpt lat="50.50444828" lon="-118.71066739">
      </trkpt>
      <trkpt lat="50.50444822" lon="-118.71066422">
      </trkpt>
      <trkpt lat="50.50444818" lon="-118.71066284">
      </trkpt>
      <trkpt lat="50.50444813" lon="-118.71066041">
      </trkpt>
      <trkpt lat="50.50444762" lon="-118.71065863">
      </trkpt>
      <trkpt lat="50.50444687" lon="-118.71065614">
      </trkpt>
      <trkpt lat="50.5044466" lon="-118.71065442">
      </trkpt>
      <trkpt lat="50.50444588" lon="-118.71065297">
      </trkpt>
      <trkpt lat="50.50444517" lon="-118.7106522">
      </trkpt>
      <trkpt lat="50.50444468" lon="-118.71065079">
      </trkpt>
      <trkpt lat="50.50444395" lon="-118.71064968">
      </trkpt>
      <trkpt lat="50.50444301" lon="-118.71064955">
      </trkpt>
      <trkpt lat="50.50444183" lon="-118.71064938">
      </trkpt>
      <trkpt lat="50.50444065" lon="-118.71065022">
      </trkpt>
      <trkpt lat="50.50443993" lon="-118.7106491">
      </trkpt>
      <trkpt lat="50.50443969" lon="-118.71064772">
      </trkpt>
      <trkpt lat="50.50443943" lon="-118.71064601">
      </trkpt>
      <trkpt lat="50.50443468" lon="-118.71063646">
      </trkpt>
      <trkpt lat="50.5044342" lon="-118.71063134">
      </trkpt>
      <trkpt lat="50.50443371" lon="-118.71062626">
      </trkpt>
      <trkpt lat="50.50443232" lon="-118.71062198">
      </trkpt>
      <trkpt lat="50.50443102" lon="-118.71061855">
      </trkpt>
      <trkpt lat="50.50443013" lon="-118.71061434">
      </trkpt>
      <trkpt lat="50.50442974" lon="-118.71061019">
      </trkpt>
      <trkpt lat="50.50442943" lon="-118.71060688">
      </trkpt>
      <trkpt lat="50.50442904" lon="-118.71060277">
      </trkpt>
      <trkpt lat="50.50442874" lon="-118.71059951">
      </trkpt>
      <trkpt lat="50.50442948" lon="-118.71059716">
      </trkpt>
      <trkpt lat="50.50443048" lon="-118.71059246">
      </trkpt>
      <trkpt lat="50.50443009" lon="-118.71058845">
      </trkpt>
      <trkpt lat="50.5044297" lon="-118.71058446">
      </trkpt>
      <trkpt lat="50.50442947" lon="-118.71058209">
      </trkpt>
      <trkpt lat="50.50442907" lon="-118.71057815">
      </trkpt>
      <trkpt lat="50.50442876" lon="-118.71057502">
      </trkpt>
      <trkpt lat="50.50442837" lon="-118.71057111">
      </trkpt>
      <trkpt lat="50.50442798" lon="-118.71056723">
      </trkpt>
      <trkpt lat="50.50442592" lon="-118.71056544">
      </trkpt>
      <trkpt lat="50.50442385" lon="-118.71056363">
      </trkpt>
      <trkpt lat="50.50442193" lon="-118.71056339">
      </trkpt>
      <trkpt lat="50.50442023" lon="-118.71056545">
      </trkpt>
      <trkpt lat="50.50441947" lon="-118.71056768">
      </trkpt>
      <trkpt lat="50.50441732" lon="-118.7105705">
      </trkpt>
      <trkpt lat="50.5044162" lon="-118.71056881">
      </trkpt>
      <trkpt lat="50.50441439" lon="-118.7105647">
      </trkpt>
      <trkpt lat="50.50441312" lon="-118.71056146">
      </trkpt>
      <trkpt lat="50.50441243" lon="-118.71055905">
      </trkpt>
      <trkpt lat="50.50441062" lon="-118.71055497">
      </trkpt>
      <trkpt lat="50.50440938" lon="-118.71055176">
      </trkpt>
      <trkpt lat="50.50440728" lon="-118.71054993">
      </trkpt>
      <trkpt lat="50.50440555" lon="-118.71054665">
      </trkpt>
      <trkpt lat="50.50440388" lon="-118.71054413">
      </trkpt>
      <trkpt lat="50.50440229" lon="-118.71054239">
      </trkpt>
      <trkpt lat="50.50440068" lon="-118.71054064">
      </trkpt>
      <trkpt lat="50.50439797" lon="-118.7105372">
      </trkpt>
      <trkpt lat="50.50439636" lon="-118.71053545">
      </trkpt>
      <trkpt lat="50.50439382" lon="-118.7105343">
      </trkpt>
      <trkpt lat="50.50439082" lon="-118.71053384">
      </trkpt>
      <trkpt lat="50.50438937" lon="-118.71053437">
      </trkpt>
      <trkpt lat="50.50438708" lon="-118.71053706">
      </trkpt>
      <trkpt lat="50.50438561" lon="-118.71053759">
      </trkpt>
      <trkpt lat="50.50438358" lon="-118.71053728">
      </trkpt>
      <trkpt lat="50.50438153" lon="-118.71053698">
      </trkpt>
      <trkpt lat="50.50437985" lon="-118.71053442">
      </trkpt>
      <trkpt lat="50.50437759" lon="-118.71053101">
      </trkpt>
      <trkpt lat="50.50437545" lon="-118.71052915">
      </trkpt>
      <trkpt lat="50.5043732" lon="-118.71052574">
      </trkpt>
      <trkpt lat="50.50437108" lon="-118.71052464">
      </trkpt>
      <trkpt lat="50.50436897" lon="-118.71052353">
      </trkpt>
      <trkpt lat="50.50436581" lon="-118.71052226">
      </trkpt>
      <trkpt lat="50.50436372" lon="-118.71052192">
      </trkpt>
      <trkpt lat="50.5043611" lon="-118.71052149">
      </trkpt>
      <trkpt lat="50.50435793" lon="-118.71052097">
      </trkpt>
      <trkpt lat="50.50435474" lon="-118.71052045">
      </trkpt>
      <trkpt lat="50.50435154" lon="-118.71051994">
      </trkpt>
      <trkpt lat="50.50434942" lon="-118.71052037">
      </trkpt>
      <trkpt lat="50.50434673" lon="-118.71051992">
      </trkpt>
      <trkpt lat="50.50434457" lon="-118.71051958">
      </trkpt>
      <trkpt lat="50.50434182" lon="-118.71051835">
      </trkpt>
      <trkpt lat="50.50433958" lon="-118.71051642">
      </trkpt>
      <trkpt lat="50.50433785" lon="-118.71051381">
      </trkpt>
      <trkpt lat="50.50433559" lon="-118.71051108">
      </trkpt>
      <trkpt lat="50.50433497" lon="-118.71050866">
      </trkpt>
      <trkpt lat="50.5043332" lon="-118.71050449">
      </trkpt>
      <trkpt lat="50.50433201" lon="-118.71050213">
      </trkpt>
      <trkpt lat="50.5043302" lon="-118.71049832">
      </trkpt>
      <trkpt lat="50.50432789" lon="-118.71049595">
      </trkpt>
      <trkpt lat="50.50432505" lon="-118.71049429">
      </trkpt>
      <trkpt lat="50.50432227" lon="-118.71049409">
      </trkpt>
      <trkpt lat="50.50432004" lon="-118.71049394">
      </trkpt>
      <trkpt lat="50.50431723" lon="-118.71049374">
      </trkpt>
      <trkpt lat="50.50431498" lon="-118.71049285">
      </trkpt>
      <trkpt lat="50.5043144" lon="-118.71049206">
      </trkpt>
      <trkpt lat="50.5043132" lon="-118.7104876">
      </trkpt>
      <trkpt lat="50.50431258" lon="-118.71048466">
      </trkpt>
      <trkpt lat="50.50431085" lon="-118.71048092">
      </trkpt>
      <trkpt lat="50.50430916" lon="-118.71047937">
      </trkpt>
      <trkpt lat="50.50430635" lon="-118.71047702">
      </trkpt>
      <trkpt lat="50.50430357" lon="-118.7104768">
      </trkpt>
      <trkpt lat="50.50430136" lon="-118.71047805">
      </trkpt>
      <trkpt lat="50.5042997" lon="-118.7104801">
      </trkpt>
      <trkpt lat="50.50429801" lon="-118.7104814">
      </trkpt>
      <trkpt lat="50.50429521" lon="-118.71048338">
      </trkpt>
      <trkpt lat="50.50429294" lon="-118.71048452">
      </trkpt>
      <trkpt lat="50.50429011" lon="-118.71048562">
      </trkpt>
      <trkpt lat="50.50428782" lon="-118.71048679">
      </trkpt>
      <trkpt lat="50.50428608" lon="-118.71048802">
      </trkpt>
      <trkpt lat="50.50428319" lon="-118.71048914">
      </trkpt>
      <trkpt lat="50.50428145" lon="-118.71048966">
      </trkpt>
      <trkpt lat="50.50427911" lon="-118.71049085">
      </trkpt>
      <trkpt lat="50.50427674" lon="-118.71049281">
      </trkpt>
      <trkpt lat="50.50427382" lon="-118.71049253">
      </trkpt>
      <trkpt lat="50.5042703" lon="-118.71049293">
      </trkpt>
      <trkpt lat="50.50426795" lon="-118.71049272">
      </trkpt>
      <trkpt lat="50.5042656" lon="-118.71049249">
      </trkpt>
      <trkpt lat="50.50426265" lon="-118.7104922">
      </trkpt>
      <trkpt lat="50.50425964" lon="-118.71049343">
      </trkpt>
      <trkpt lat="50.50425717" lon="-118.71049549">
      </trkpt>
      <trkpt lat="50.50425535" lon="-118.71049608">
      </trkpt>
      <trkpt lat="50.50425166" lon="-118.71049804">
      </trkpt>
      <trkpt lat="50.50424915" lon="-118.71050012">
      </trkpt>
      <trkpt lat="50.50424665" lon="-118.71050145">
      </trkpt>
      <trkpt lat="50.50424358" lon="-118.71050196">
      </trkpt>
      <trkpt lat="50.50424114" lon="-118.71050173">
      </trkpt>
      <trkpt lat="50.5042387" lon="-118.71050152">
      </trkpt>
      <trkpt lat="50.50423565" lon="-118.71050123">
      </trkpt>
      <trkpt lat="50.50423329" lon="-118.71049945">
      </trkpt>
      <trkpt lat="50.50423032" lon="-118.71049762">
      </trkpt>
      <trkpt lat="50.50422798" lon="-118.71049584">
      </trkpt>
      <trkpt lat="50.50422635" lon="-118.71049257">
      </trkpt>
      <trkpt lat="50.504224" lon="-118.7104908">
      </trkpt>
      <trkpt lat="50.50422093" lon="-118.71049052">
      </trkpt>
      <trkpt lat="50.50421927" lon="-118.71048804">
      </trkpt>
      <trkpt lat="50.50421828" lon="-118.71048487">
      </trkpt>
      <trkpt lat="50.50421662" lon="-118.7104824">
      </trkpt>
      <trkpt lat="50.50421417" lon="-118.71048216">
      </trkpt>
      <trkpt lat="50.50421096" lon="-118.71048337">
      </trkpt>
      <trkpt lat="50.50420835" lon="-118.71048466">
      </trkpt>
      <trkpt lat="50.50420532" lon="-118.71048359">
      </trkpt>
      <trkpt lat="50.50420444" lon="-118.71047967">
      </trkpt>
      <trkpt lat="50.50420411" lon="-118.71047657">
      </trkpt>
      <trkpt lat="50.50420378" lon="-118.71047351">
      </trkpt>
      <trkpt lat="50.50420216" lon="-118.71047108">
      </trkpt>
      <trkpt lat="50.50419991" lon="-118.71046858">
      </trkpt>
      <trkpt lat="50.50419746" lon="-118.71046832">
      </trkpt>
      <trkpt lat="50.50419515" lon="-118.71046658">
      </trkpt>
      <trkpt lat="50.50419361" lon="-118.71046342">
      </trkpt>
      <trkpt lat="50.50419263" lon="-118.71046108">
      </trkpt>
      <trkpt lat="50.50419163" lon="-118.71045875">
      </trkpt>
      <trkpt lat="50.50419013" lon="-118.71045563">
      </trkpt>
      <trkpt lat="50.504188" lon="-118.71045244">
      </trkpt>
      <trkpt lat="50.5041852" lon="-118.71044994">
      </trkpt>
      <trkpt lat="50.50418362" lon="-118.71044757">
      </trkpt>
      <trkpt lat="50.50418126" lon="-118.71044658">
      </trkpt>
      <trkpt lat="50.50417908" lon="-118.71044415">
      </trkpt>
      <trkpt lat="50.50417751" lon="-118.7104418">
      </trkpt>
      <trkpt lat="50.50417524" lon="-118.7104401">
      </trkpt>
      <trkpt lat="50.5041735" lon="-118.71043917">
      </trkpt>
      <trkpt lat="50.50417104" lon="-118.71043889">
      </trkpt>
      <trkpt lat="50.50416827" lon="-118.71043641">
      </trkpt>
      <trkpt lat="50.50415765" lon="-118.710433">
      </trkpt>
      <trkpt lat="50.50415622" lon="-118.71043067">
      </trkpt>
      <trkpt lat="50.50414872" lon="-118.71043057">
      </trkpt>
      <trkpt lat="50.50414548" lon="-118.71043107">
      </trkpt>
      <trkpt lat="50.50414347" lon="-118.71043237">
      </trkpt>
      <trkpt lat="50.50413955" lon="-118.71043212">
      </trkpt>
      <trkpt lat="50.5041376" lon="-118.71043123">
      </trkpt>
      <trkpt lat="50.50413617" lon="-118.71043033">
      </trkpt>
      <trkpt lat="50.50413481" lon="-118.71042989">
      </trkpt>
      <trkpt lat="50.5041336" lon="-118.71042853">
      </trkpt>
      <trkpt lat="50.50413218" lon="-118.71042763">
      </trkpt>
      <trkpt lat="50.50413082" lon="-118.7104272">
      </trkpt>
      <trkpt lat="50.50412963" lon="-118.71042583">
      </trkpt>
      <trkpt lat="50.50412852" lon="-118.7104254">
      </trkpt>
      <trkpt lat="50.50412707" lon="-118.71042405">
      </trkpt>
      <trkpt lat="50.50412563" lon="-118.71042271">
      </trkpt>
      <trkpt lat="50.50412446" lon="-118.71042135">
      </trkpt>
      <trkpt lat="50.50412336" lon="-118.71042092">
      </trkpt>
      <trkpt lat="50.50412197" lon="-118.71042004">
      </trkpt>
      <trkpt lat="50.50412058" lon="-118.71041916">
      </trkpt>
      <trkpt lat="50.50411916" lon="-118.71041783">
      </trkpt>
      <trkpt lat="50.50411862" lon="-118.71041784">
      </trkpt>
      <trkpt lat="50.50411724" lon="-118.71041698">
      </trkpt>
      <trkpt lat="50.50411586" lon="-118.7104161">
      </trkpt>
      <trkpt lat="50.50411475" lon="-118.71041521">
      </trkpt>
      <trkpt lat="50.50411393" lon="-118.71041479">
      </trkpt>
      <trkpt lat="50.50411278" lon="-118.71041346">
      </trkpt>
      <trkpt lat="50.50411165" lon="-118.71041216">
      </trkpt>
      <trkpt lat="50.50411054" lon="-118.71041129">
      </trkpt>
      <trkpt lat="50.50410996" lon="-118.71041042">
      </trkpt>
      <trkpt lat="50.50410884" lon="-118.71040911">
      </trkpt>
      <trkpt lat="50.50410745" lon="-118.71040782">
      </trkpt>
      <trkpt lat="50.50410609" lon="-118.71040696">
      </trkpt>
      <trkpt lat="50.50410501" lon="-118.7104061">
      </trkpt>
      <trkpt lat="50.50410419" lon="-118.71040568">
      </trkpt>
      <trkpt lat="50.50410228" lon="-118.71040398">
      </trkpt>
      <trkpt lat="50.50410038" lon="-118.71040227">
      </trkpt>
      <trkpt lat="50.50409903" lon="-118.710401">
      </trkpt>
      <trkpt lat="50.50409742" lon="-118.71039975">
      </trkpt>
      <trkpt lat="50.50409632" lon="-118.71039807">
      </trkpt>
      <trkpt lat="50.50409524" lon="-118.71039681">
      </trkpt>
      <trkpt lat="50.50409417" lon="-118.71039555">
      </trkpt>
      <trkpt lat="50.50409363" lon="-118.71039472">
      </trkpt>
      <trkpt lat="50.50409203" lon="-118.71039308">
      </trkpt>
      <trkpt lat="50.50409149" lon="-118.71039183">
      </trkpt>
      <trkpt lat="50.50409041" lon="-118.7103898">
      </trkpt>
      <trkpt lat="50.50408961" lon="-118.71038817">
      </trkpt>
      <trkpt lat="50.50408935" lon="-118.71038776">
      </trkpt>
      <trkpt lat="50.50408828" lon="-118.71038575">
      </trkpt>
      <trkpt lat="50.50408725" lon="-118.71038454">
      </trkpt>
      <trkpt lat="50.50408596" lon="-118.71038374">
      </trkpt>
      <trkpt lat="50.50408519" lon="-118.71038334">
      </trkpt>
      <trkpt lat="50.50408391" lon="-118.71038294">
      </trkpt>
      <trkpt lat="50.50408262" lon="-118.71038213">
      </trkpt>
      <trkpt lat="50.50408134" lon="-118.71038173">
      </trkpt>
      <trkpt lat="50.50408031" lon="-118.71038172">
      </trkpt>
      <trkpt lat="50.50407903" lon="-118.71038092">
      </trkpt>
      <trkpt lat="50.50407775" lon="-118.71038012">
      </trkpt>
      <trkpt lat="50.50407648" lon="-118.71037894">
      </trkpt>
      <trkpt lat="50.50407548" lon="-118.71037736">
      </trkpt>
      <trkpt lat="50.50407447" lon="-118.71037619">
      </trkpt>
      <trkpt lat="50.50407398" lon="-118.71037502">
      </trkpt>
      <trkpt lat="50.50407274" lon="-118.71037347">
      </trkpt>
      <trkpt lat="50.50407174" lon="-118.71037231">
      </trkpt>
      <trkpt lat="50.50407049" lon="-118.71037153">
      </trkpt>
      <trkpt lat="50.5040695" lon="-118.71037037">
      </trkpt>
      <trkpt lat="50.50406801" lon="-118.71036923">
      </trkpt>
      <trkpt lat="50.50406753" lon="-118.71036845">
      </trkpt>
      <trkpt lat="50.50406582" lon="-118.71036656">
      </trkpt>
      <trkpt lat="50.50406461" lon="-118.71036506">
      </trkpt>
      <trkpt lat="50.50406369" lon="-118.71036319">
      </trkpt>
      <trkpt lat="50.50406299" lon="-118.71036209">
      </trkpt>
      <trkpt lat="50.50406235" lon="-118.71035991">
      </trkpt>
      <trkpt lat="50.50406216" lon="-118.71035883">
      </trkpt>
      <trkpt lat="50.50406126" lon="-118.71035704">
      </trkpt>
      <trkpt lat="50.50405664" lon="-118.71034824">
      </trkpt>
      <trkpt lat="50.50405279" lon="-118.71034375">
      </trkpt>
      <trkpt lat="50.50405173" lon="-118.71034439">
      </trkpt>
      <trkpt lat="50.50405081" lon="-118.71034435">
      </trkpt>
      <trkpt lat="50.50404965" lon="-118.71034431">
      </trkpt>
      <trkpt lat="50.50404873" lon="-118.71034428">
      </trkpt>
      <trkpt lat="50.50404753" lon="-118.71034391">
      </trkpt>
      <trkpt lat="50.50404625" lon="-118.71034287">
      </trkpt>
      <trkpt lat="50.50404533" lon="-118.71034283">
      </trkpt>
      <trkpt lat="50.5040444" lon="-118.7103428">
      </trkpt>
      <trkpt lat="50.50404301" lon="-118.71034275">
      </trkpt>
      <trkpt lat="50.50404188" lon="-118.71034305">
      </trkpt>
      <trkpt lat="50.50404071" lon="-118.710343">
      </trkpt>
      <trkpt lat="50.50403956" lon="-118.71034296">
      </trkpt>
      <trkpt lat="50.50403835" lon="-118.71034259">
      </trkpt>
      <trkpt lat="50.50403708" lon="-118.71034155">
      </trkpt>
      <trkpt lat="50.50403607" lon="-118.71034085">
      </trkpt>
      <trkpt lat="50.50403531" lon="-118.71034016">
      </trkpt>
      <trkpt lat="50.50403405" lon="-118.71033912">
      </trkpt>
      <trkpt lat="50.50403256" lon="-118.71033808">
      </trkpt>
      <trkpt lat="50.50403137" lon="-118.71033771">
      </trkpt>
      <trkpt lat="50.50403044" lon="-118.71033766">
      </trkpt>
      <trkpt lat="50.50402903" lon="-118.71033762">
      </trkpt>
      <trkpt lat="50.50402787" lon="-118.71033757">
      </trkpt>
      <trkpt lat="50.50402695" lon="-118.71033786">
      </trkpt>
      <trkpt lat="50.50402582" lon="-118.71033848">
      </trkpt>
      <trkpt lat="50.50402467" lon="-118.71033877">
      </trkpt>
      <trkpt lat="50.5040235" lon="-118.71033906">
      </trkpt>
      <trkpt lat="50.50402208" lon="-118.710339">
      </trkpt>
      <trkpt lat="50.50402109" lon="-118.7103383">
      </trkpt>
      <trkpt lat="50.50402009" lon="-118.71033727">
      </trkpt>
      <trkpt lat="50.50401936" lon="-118.71033692">
      </trkpt>
      <trkpt lat="50.50401815" lon="-118.71033654">
      </trkpt>
      <trkpt lat="50.50401673" lon="-118.71033648">
      </trkpt>
      <trkpt lat="50.50401554" lon="-118.71033643">
      </trkpt>
      <trkpt lat="50.50401411" lon="-118.71033638">
      </trkpt>
      <trkpt lat="50.50401363" lon="-118.71033636">
      </trkpt>
      <trkpt lat="50.50401266" lon="-118.71033567">
      </trkpt>
      <trkpt lat="50.5040112" lon="-118.71033496">
      </trkpt>
      <trkpt lat="50.50401046" lon="-118.71033427">
      </trkpt>
      <trkpt lat="50.50400902" lon="-118.71033386">
      </trkpt>
      <trkpt lat="50.50400806" lon="-118.71033315">
      </trkpt>
      <trkpt lat="50.50400757" lon="-118.71033247">
      </trkpt>
      <trkpt lat="50.50400588" lon="-118.71033171">
      </trkpt>
      <trkpt lat="50.50400421" lon="-118.71033128">
      </trkpt>
      <trkpt lat="50.50400277" lon="-118.7103312">
      </trkpt>
      <trkpt lat="50.50400181" lon="-118.71033115">
      </trkpt>
      <trkpt lat="50.50400061" lon="-118.71033109">
      </trkpt>
      <trkpt lat="50.50399844" lon="-118.71033096">
      </trkpt>
      <trkpt lat="50.50399723" lon="-118.71033056">
      </trkpt>
      <trkpt lat="50.50399626" lon="-118.71033018">
      </trkpt>
      <trkpt lat="50.50399506" lon="-118.71032911">
      </trkpt>
      <trkpt lat="50.50399409" lon="-118.71032905">
      </trkpt>
      <trkpt lat="50.50399312" lon="-118.71032933">
      </trkpt>
      <trkpt lat="50.50399186" lon="-118.71033126">
      </trkpt>
      <trkpt lat="50.50399182" lon="-118.71033361">
      </trkpt>
      <trkpt lat="50.50399204" lon="-118.71033499">
      </trkpt>
      <trkpt lat="50.50399301" lon="-118.71033674">
      </trkpt>
      <trkpt lat="50.50399348" lon="-118.7103378">
      </trkpt>
      <trkpt lat="50.50399445" lon="-118.71034027">
      </trkpt>
      <trkpt lat="50.50399518" lon="-118.7103424">
      </trkpt>
      <trkpt lat="50.50399567" lon="-118.71034384">
      </trkpt>
      <trkpt lat="50.50399566" lon="-118.71034562">
      </trkpt>
      <trkpt lat="50.50399565" lon="-118.71034705">
      </trkpt>
      <trkpt lat="50.50399563" lon="-118.71034848">
      </trkpt>
      <trkpt lat="50.50399562" lon="-118.71035101">
      </trkpt>
      <trkpt lat="50.50399586" lon="-118.71035284">
      </trkpt>
      <trkpt lat="50.50399687" lon="-118.71035507">
      </trkpt>
      <trkpt lat="50.50399763" lon="-118.71035621">
      </trkpt>
      <trkpt lat="50.50399892" lon="-118.7103581">
      </trkpt>
      <trkpt lat="50.5039997" lon="-118.71036">
      </trkpt>
      <trkpt lat="50.50400022" lon="-118.71036078">
      </trkpt>
      <trkpt lat="50.50400127" lon="-118.71036271">
      </trkpt>
      <trkpt lat="50.50400153" lon="-118.71036348">
      </trkpt>
      <trkpt lat="50.5040026" lon="-118.71036505">
      </trkpt>
      <trkpt lat="50.50400366" lon="-118.71036664">
      </trkpt>
      <trkpt lat="50.5040047" lon="-118.71036705">
      </trkpt>
      <trkpt lat="50.50400575" lon="-118.71036706">
      </trkpt>
      <trkpt lat="50.50400706" lon="-118.71036708">
      </trkpt>
      <trkpt lat="50.5040081" lon="-118.71036709">
      </trkpt>
      <trkpt lat="50.50400966" lon="-118.71036672">
      </trkpt>
      <trkpt lat="50.50401122" lon="-118.71036676">
      </trkpt>
      <trkpt lat="50.50401248" lon="-118.71036562">
      </trkpt>
      <trkpt lat="50.50401351" lon="-118.71036563">
      </trkpt>
      <trkpt lat="50.50401472" lon="-118.71036373">
      </trkpt>
      <trkpt lat="50.50401569" lon="-118.71036261">
      </trkpt>
      <trkpt lat="50.50401695" lon="-118.71036225">
      </trkpt>
      <trkpt lat="50.50401819" lon="-118.71036153">
      </trkpt>
      <trkpt lat="50.50401945" lon="-118.71036156">
      </trkpt>
      <trkpt lat="50.50402021" lon="-118.71036157">
      </trkpt>
      <trkpt lat="50.50402193" lon="-118.71036086">
      </trkpt>
      <trkpt lat="50.50402392" lon="-118.71036053">
      </trkpt>
      <trkpt lat="50.50402475" lon="-118.71036167">
      </trkpt>
      <trkpt lat="50.50402439" lon="-118.71036391">
      </trkpt>
      <trkpt lat="50.50402347" lon="-118.71036542">
      </trkpt>
      <trkpt lat="50.50402326" lon="-118.71036619">
      </trkpt>
      <trkpt lat="50.50402217" lon="-118.71036967">
      </trkpt>
      <trkpt lat="50.50402175" lon="-118.71037164">
      </trkpt>
      <trkpt lat="50.50402185" lon="-118.71037362">
      </trkpt>
      <trkpt lat="50.50402191" lon="-118.71037482">
      </trkpt>
      <trkpt lat="50.50402436" lon="-118.71037686">
      </trkpt>
      <trkpt lat="50.50402542" lon="-118.71037728">
      </trkpt>
      <trkpt lat="50.504027" lon="-118.71037771">
      </trkpt>
      <trkpt lat="50.50402804" lon="-118.71037771">
      </trkpt>
      <trkpt lat="50.50402939" lon="-118.71037853">
      </trkpt>
      <trkpt lat="50.50403072" lon="-118.71037895">
      </trkpt>
      <trkpt lat="50.50403259" lon="-118.71037978">
      </trkpt>
      <trkpt lat="50.50403339" lon="-118.71038019">
      </trkpt>
      <trkpt lat="50.50403552" lon="-118.71038102">
      </trkpt>
      <trkpt lat="50.50403662" lon="-118.71038185">
      </trkpt>
      <trkpt lat="50.50403934" lon="-118.7103835">
      </trkpt>
      <trkpt lat="50.50404074" lon="-118.71038475">
      </trkpt>
      <trkpt lat="50.50404168" lon="-118.71038642">
      </trkpt>
      <trkpt lat="50.50404213" lon="-118.71038851">
      </trkpt>
      <trkpt lat="50.50404232" lon="-118.71039062">
      </trkpt>
      <trkpt lat="50.50404117" lon="-118.71039232">
      </trkpt>
      <trkpt lat="50.50403966" lon="-118.71039318">
      </trkpt>
      <trkpt lat="50.50403865" lon="-118.71039361">
      </trkpt>
      <trkpt lat="50.50403753" lon="-118.71039622">
      </trkpt>
      <trkpt lat="50.50403717" lon="-118.7103984">
      </trkpt>
      <trkpt lat="50.50403624" lon="-118.71040019">
      </trkpt>
      <trkpt lat="50.50403509" lon="-118.71040287">
      </trkpt>
      <trkpt lat="50.50403417" lon="-118.71040514">
      </trkpt>
      <trkpt lat="50.50403376" lon="-118.71040697">
      </trkpt>
      <trkpt lat="50.50403334" lon="-118.71040881">
      </trkpt>
      <trkpt lat="50.50403322" lon="-118.71041114">
      </trkpt>
      <trkpt lat="50.5040328" lon="-118.71041301">
      </trkpt>
      <trkpt lat="50.5040321" lon="-118.71041491">
      </trkpt>
      <trkpt lat="50.5040317" lon="-118.7104173">
      </trkpt>
      <trkpt lat="50.50403147" lon="-118.71041826">
      </trkpt>
      <trkpt lat="50.50403069" lon="-118.71042105">
      </trkpt>
      <trkpt lat="50.50402992" lon="-118.71042434">
      </trkpt>
      <trkpt lat="50.50402939" lon="-118.71042622">
      </trkpt>
      <trkpt lat="50.50402858" lon="-118.71042858">
      </trkpt>
      <trkpt lat="50.50402805" lon="-118.71043048">
      </trkpt>
      <trkpt lat="50.5040281" lon="-118.71043191">
      </trkpt>
      <trkpt lat="50.50402818" lon="-118.7104348">
      </trkpt>
      <trkpt lat="50.50402826" lon="-118.71043721">
      </trkpt>
      <trkpt lat="50.50402776" lon="-118.7104406">
      </trkpt>
      <trkpt lat="50.50402784" lon="-118.71044305">
      </trkpt>
      <trkpt lat="50.50402816" lon="-118.71044403">
      </trkpt>
      <trkpt lat="50.50402916" lon="-118.7104475">
      </trkpt>
      <trkpt lat="50.50402982" lon="-118.71044949">
      </trkpt>
      <trkpt lat="50.50403079" lon="-118.7104515">
      </trkpt>
      <trkpt lat="50.50403174" lon="-118.71045302">
      </trkpt>
      <trkpt lat="50.50403335" lon="-118.71045606">
      </trkpt>
      <trkpt lat="50.50403492" lon="-118.71045763">
      </trkpt>
      <trkpt lat="50.50403494" lon="-118.71045812">
      </trkpt>
      <trkpt lat="50.50403687" lon="-118.71046071">
      </trkpt>
      <trkpt lat="50.5040381" lon="-118.71046125">
      </trkpt>
      <trkpt lat="50.50403876" lon="-118.71046228">
      </trkpt>
      <trkpt lat="50.50404006" lon="-118.71046436">
      </trkpt>
      <trkpt lat="50.50404111" lon="-118.71046748">
      </trkpt>
      <trkpt lat="50.50404153" lon="-118.71047008">
      </trkpt>
      <trkpt lat="50.50404164" lon="-118.71047269">
      </trkpt>
      <trkpt lat="50.5040418" lon="-118.71047635">
      </trkpt>
      <trkpt lat="50.50404313" lon="-118.7104785">
      </trkpt>
      <trkpt lat="50.50404382" lon="-118.7104801">
      </trkpt>
      <trkpt lat="50.50404546" lon="-118.71048174">
      </trkpt>
      <trkpt lat="50.50404742" lon="-118.7104834">
      </trkpt>
      <trkpt lat="50.50404938" lon="-118.71048507">
      </trkpt>
      <trkpt lat="50.50405101" lon="-118.71048619">
      </trkpt>
      <trkpt lat="50.50405264" lon="-118.71048732">
      </trkpt>
      <trkpt lat="50.50405334" lon="-118.71048843">
      </trkpt>
      <trkpt lat="50.50405475" lon="-118.71049117">
      </trkpt>
      <trkpt lat="50.50405394" lon="-118.71049387">
      </trkpt>
      <trkpt lat="50.50405278" lon="-118.710496">
      </trkpt>
      <trkpt lat="50.50405159" lon="-118.7104976">
      </trkpt>
      <trkpt lat="50.50405109" lon="-118.71050033">
      </trkpt>
      <trkpt lat="50.50405126" lon="-118.71050367">
      </trkpt>
      <trkpt lat="50.50405139" lon="-118.71050645">
      </trkpt>
      <trkpt lat="50.50405153" lon="-118.71050925">
      </trkpt>
      <trkpt lat="50.5040523" lon="-118.71051152">
      </trkpt>
      <trkpt lat="50.50405342" lon="-118.7105144">
      </trkpt>
      <trkpt lat="50.50405454" lon="-118.71051728">
      </trkpt>
      <trkpt lat="50.50405525" lon="-118.71051846">
      </trkpt>
      <trkpt lat="50.50405635" lon="-118.71052079">
      </trkpt>
      <trkpt lat="50.50405525" lon="-118.71052477">
      </trkpt>
      <trkpt lat="50.50405406" lon="-118.71052703">
      </trkpt>
      <trkpt lat="50.50405221" lon="-118.71052926">
      </trkpt>
      <trkpt lat="50.50404996" lon="-118.71053032">
      </trkpt>
      <trkpt lat="50.504049" lon="-118.71053086">
      </trkpt>
      <trkpt lat="50.50404705" lon="-118.71053134">
      </trkpt>
      <trkpt lat="50.5040458" lon="-118.71053244">
      </trkpt>
      <trkpt lat="50.50404455" lon="-118.71053414">
      </trkpt>
      <trkpt lat="50.50404331" lon="-118.71053584">
      </trkpt>
      <trkpt lat="50.50404148" lon="-118.71053928">
      </trkpt>
      <trkpt lat="50.50404087" lon="-118.71054043">
      </trkpt>
      <trkpt lat="50.50403831" lon="-118.71054267">
      </trkpt>
      <trkpt lat="50.50403705" lon="-118.71054438">
      </trkpt>
      <trkpt lat="50.50403586" lon="-118.71054791">
      </trkpt>
      <trkpt lat="50.5040343" lon="-118.71055082">
      </trkpt>
      <trkpt lat="50.50403307" lon="-118.71055377">
      </trkpt>
      <trkpt lat="50.50403247" lon="-118.71055617">
      </trkpt>
      <trkpt lat="50.50403127" lon="-118.71056036">
      </trkpt>
      <trkpt lat="50.50403038" lon="-118.71056399">
      </trkpt>
      <trkpt lat="50.50402912" lon="-118.710567">
      </trkpt>
      <trkpt lat="50.50402817" lon="-118.7105688">
      </trkpt>
      <trkpt lat="50.50402786" lon="-118.71057003">
      </trkpt>
      <trkpt lat="50.50402587" lon="-118.71057115">
      </trkpt>
      <trkpt lat="50.50402424" lon="-118.71057292">
      </trkpt>
      <trkpt lat="50.50402323" lon="-118.71057285">
      </trkpt>
      <trkpt lat="50.50402158" lon="-118.710574">
      </trkpt>
      <trkpt lat="50.50402057" lon="-118.71057392">
      </trkpt>
      <trkpt lat="50.50401858" lon="-118.71057505">
      </trkpt>
      <trkpt lat="50.50401726" lon="-118.71057622">
      </trkpt>
      <trkpt lat="50.50401595" lon="-118.71057802">
      </trkpt>
      <trkpt lat="50.50401463" lon="-118.71057982">
      </trkpt>
      <trkpt lat="50.50401265" lon="-118.71058221">
      </trkpt>
      <trkpt lat="50.50401099" lon="-118.71058465">
      </trkpt>
      <trkpt lat="50.50400999" lon="-118.71058521">
      </trkpt>
      <trkpt lat="50.50400899" lon="-118.71058578">
      </trkpt>
      <trkpt lat="50.50400732" lon="-118.71058757">
      </trkpt>
    </trkseg>
  </trk>
</gpx>