<?xml version="1.0" encoding="UTF-8"?>
<gpx xmlns="http://www.topografix.com/GPX/1/1" xmlns:xsi="http://www.w3.org/2001/XMLSchema-instance" xsi:schemaLocation="http://www.topografix.com/GPX/1/1 http://www.topografix.com/GPX/1/1/gpx.xsd" version="1.1" creator="gpx.py -- https://github.com/tkrajina/gpxpy">
  <trk>
    <name>Whiskey Creek Dirt Bike Trails</name>
    <trkseg>
      <trkpt lat="49.328637" lon="-124.53098098">
      </trkpt>
      <trkpt lat="49.32860824" lon="-124.53093235">
      </trkpt>
      <trkpt lat="49.32856984" lon="-124.53085317">
      </trkpt>
      <trkpt lat="49.32854497" lon="-124.530782">
      </trkpt>
      <trkpt lat="49.32859904" lon="-124.53068602">
      </trkpt>
      <trkpt lat="49.32864698" lon="-124.53068702">
      </trkpt>
      <trkpt lat="49.32869274" lon="-124.53071448">
      </trkpt>
      <trkpt lat="49.32876015" lon="-124.53073892">
      </trkpt>
      <trkpt lat="49.32882702" lon="-124.53075098">
      </trkpt>
      <trkpt lat="49.32891796" lon="-124.53068904">
      </trkpt>
      <trkpt lat="49.32898806" lon="-124.53063071">
      </trkpt>
      <trkpt lat="49.329055" lon="-124.53055199">
      </trkpt>
      <trkpt lat="49.32910999" lon="-124.53044998">
      </trkpt>
      <trkpt lat="49.32914402" lon="-124.53038101">
      </trkpt>
      <trkpt lat="49.32918893" lon="-124.53033336">
      </trkpt>
      <trkpt lat="49.32923512" lon="-124.5303051">
      </trkpt>
      <trkpt lat="49.32929096" lon="-124.53029199">
      </trkpt>
      <trkpt lat="49.32937654" lon="-124.53038186">
      </trkpt>
      <trkpt lat="49.329428" lon="-124.53044696">
      </trkpt>
      <trkpt lat="49.32947301" lon="-124.530454">
      </trkpt>
      <trkpt lat="49.32950696" lon="-124.53038897">
      </trkpt>
      <trkpt lat="49.32954401" lon="-124.53035">
      </trkpt>
      <trkpt lat="49.32960888" lon="-124.5302297">
      </trkpt>
      <trkpt lat="49.32965599" lon="-124.53016097">
      </trkpt>
      <trkpt lat="49.32976001" lon="-124.53007599">
      </trkpt>
      <trkpt lat="49.32982999" lon="-124.53003399">
      </trkpt>
      <trkpt lat="49.32992232" lon="-124.5299876">
      </trkpt>
      <trkpt lat="49.330046" lon="-124.52992503">
      </trkpt>
      <trkpt lat="49.33013448" lon="-124.5299158">
      </trkpt>
      <trkpt lat="49.330161" lon="-124.52991305">
      </trkpt>
      <trkpt lat="49.33022596" lon="-124.52997499">
      </trkpt>
      <trkpt lat="49.33030497" lon="-124.530065">
      </trkpt>
      <trkpt lat="49.33037615" lon="-124.53013934">
      </trkpt>
      <trkpt lat="49.33041799" lon="-124.530179">
      </trkpt>
      <trkpt lat="49.33044699" lon="-124.53023901">
      </trkpt>
      <trkpt lat="49.330492" lon="-124.53035804">
      </trkpt>
      <trkpt lat="49.33059099" lon="-124.53035703">
      </trkpt>
      <trkpt lat="49.33064921" lon="-124.53033517">
      </trkpt>
      <trkpt lat="49.330737" lon="-124.530296">
      </trkpt>
      <trkpt lat="49.33078201" lon="-124.53026298">
      </trkpt>
      <trkpt lat="49.33087656" lon="-124.53024453">
      </trkpt>
      <trkpt lat="49.33094596" lon="-124.53023097">
      </trkpt>
      <trkpt lat="49.33099112" lon="-124.53024293">
      </trkpt>
      <trkpt lat="49.33103297" lon="-124.53025402">
      </trkpt>
      <trkpt lat="49.33112802" lon="-124.53018603">
      </trkpt>
      <trkpt lat="49.33123071" lon="-124.53011807">
      </trkpt>
      <trkpt lat="49.33129538" lon="-124.5300412">
      </trkpt>
      <trkpt lat="49.33135501" lon="-124.52992796">
      </trkpt>
      <trkpt lat="49.33136453" lon="-124.52980264">
      </trkpt>
      <trkpt lat="49.33135585" lon="-124.52965575">
      </trkpt>
      <trkpt lat="49.33133899" lon="-124.52949">
      </trkpt>
      <trkpt lat="49.33138127" lon="-124.52925016">
      </trkpt>
      <trkpt lat="49.33139398" lon="-124.529201">
      </trkpt>
      <trkpt lat="49.33137503" lon="-124.52910503">
      </trkpt>
      <trkpt lat="49.33135802" lon="-124.52899396">
      </trkpt>
      <trkpt lat="49.33132399" lon="-124.52888298">
      </trkpt>
      <trkpt lat="49.33127981" lon="-124.52880146">
      </trkpt>
      <trkpt lat="49.33124057" lon="-124.5287091">
      </trkpt>
      <trkpt lat="49.33121301" lon="-124.52863003">
      </trkpt>
      <trkpt lat="49.33114998" lon="-124.52856699">
      </trkpt>
      <trkpt lat="49.33110002" lon="-124.52850899">
      </trkpt>
      <trkpt lat="49.33103398" lon="-124.52844101">
      </trkpt>
      <trkpt lat="49.33095703" lon="-124.52845299">
      </trkpt>
      <trkpt lat="49.33087104" lon="-124.52847101">
      </trkpt>
      <trkpt lat="49.33082573" lon="-124.52845696">
      </trkpt>
      <trkpt lat="49.33077392" lon="-124.52842685">
      </trkpt>
      <trkpt lat="49.33072401" lon="-124.52835099">
      </trkpt>
      <trkpt lat="49.33067397" lon="-124.528282">
      </trkpt>
      <trkpt lat="49.33068797" lon="-124.52821001">
      </trkpt>
      <trkpt lat="49.33069601" lon="-124.52813197">
      </trkpt>
      <trkpt lat="49.33069602" lon="-124.52804304">
      </trkpt>
      <trkpt lat="49.33069501" lon="-124.52796501">
      </trkpt>
      <trkpt lat="49.330708" lon="-124.52789099">
      </trkpt>
      <trkpt lat="49.33071597" lon="-124.52779199">
      </trkpt>
      <trkpt lat="49.33068303" lon="-124.52770097">
      </trkpt>
      <trkpt lat="49.33065705" lon="-124.52762201">
      </trkpt>
      <trkpt lat="49.33065604" lon="-124.52754398">
      </trkpt>
      <trkpt lat="49.33068001" lon="-124.52748002">
      </trkpt>
      <trkpt lat="49.33076903" lon="-124.52739797">
      </trkpt>
      <trkpt lat="49.33081798" lon="-124.52733401">
      </trkpt>
      <trkpt lat="49.33090397" lon="-124.52728598">
      </trkpt>
      <trkpt lat="49.33095301" lon="-124.52720703">
      </trkpt>
      <trkpt lat="49.33096785" lon="-124.52717503">
      </trkpt>
      <trkpt lat="49.33099198" lon="-124.52712303">
      </trkpt>
      <trkpt lat="49.33098997" lon="-124.52701902">
      </trkpt>
      <trkpt lat="49.33099652" lon="-124.52695452">
      </trkpt>
      <trkpt lat="49.33100103" lon="-124.52690998">
      </trkpt>
      <trkpt lat="49.33106239" lon="-124.52682646">
      </trkpt>
      <trkpt lat="49.33110698" lon="-124.52674804">
      </trkpt>
      <trkpt lat="49.33112802" lon="-124.526684">
      </trkpt>
      <trkpt lat="49.33116096" lon="-124.52656598">
      </trkpt>
      <trkpt lat="49.331169" lon="-124.52649298">
      </trkpt>
      <trkpt lat="49.33115536" lon="-124.52633957">
      </trkpt>
      <trkpt lat="49.33114503" lon="-124.52625702">
      </trkpt>
      <trkpt lat="49.33111201" lon="-124.52618704">
      </trkpt>
      <trkpt lat="49.33110598" lon="-124.52604697">
      </trkpt>
      <trkpt lat="49.33110007" lon="-124.52600714">
      </trkpt>
      <trkpt lat="49.33107597" lon="-124.52586601">
      </trkpt>
      <trkpt lat="49.33101302" lon="-124.52579903">
      </trkpt>
      <trkpt lat="49.33093197" lon="-124.525792">
      </trkpt>
      <trkpt lat="49.3308793" lon="-124.52578615">
      </trkpt>
      <trkpt lat="49.33080673" lon="-124.52576568">
      </trkpt>
      <trkpt lat="49.33072591" lon="-124.52573436">
      </trkpt>
      <trkpt lat="49.33064592" lon="-124.52570847">
      </trkpt>
      <trkpt lat="49.33057949" lon="-124.52567684">
      </trkpt>
      <trkpt lat="49.33053701" lon="-124.52564598">
      </trkpt>
      <trkpt lat="49.33046099" lon="-124.52565897">
      </trkpt>
      <trkpt lat="49.33043731" lon="-124.5256777">
      </trkpt>
      <trkpt lat="49.33039896" lon="-124.52570801">
      </trkpt>
      <trkpt lat="49.330348" lon="-124.52566299">
      </trkpt>
      <trkpt lat="49.33034651" lon="-124.52558519">
      </trkpt>
      <trkpt lat="49.33034498" lon="-124.525505">
      </trkpt>
      <trkpt lat="49.33037195" lon="-124.52541957">
      </trkpt>
    </trkseg>
    <trkseg>
      <trkpt lat="49.32546884" lon="-124.52022957">
      </trkpt>
      <trkpt lat="49.32554659" lon="-124.52026349">
      </trkpt>
      <trkpt lat="49.32562308" lon="-124.5202774">
      </trkpt>
      <trkpt lat="49.32571633" lon="-124.52022801">
      </trkpt>
      <trkpt lat="49.32580626" lon="-124.52020549">
      </trkpt>
      <trkpt lat="49.32589887" lon="-124.52018579">
      </trkpt>
      <trkpt lat="49.32598855" lon="-124.52013604">
      </trkpt>
      <trkpt lat="49.32604511" lon="-124.52003144">
      </trkpt>
      <trkpt lat="49.32599273" lon="-124.51996435">
      </trkpt>
      <trkpt lat="49.32593996" lon="-124.51986779">
      </trkpt>
      <trkpt lat="49.32593239" lon="-124.51975527">
      </trkpt>
      <trkpt lat="49.32596622" lon="-124.5197073">
      </trkpt>
      <trkpt lat="49.326017" lon="-124.51967945">
      </trkpt>
      <trkpt lat="49.32608835" lon="-124.51966657">
      </trkpt>
      <trkpt lat="49.32616167" lon="-124.51974773">
      </trkpt>
      <trkpt lat="49.32622767" lon="-124.51977574">
      </trkpt>
      <trkpt lat="49.32629399" lon="-124.51974698">
      </trkpt>
      <trkpt lat="49.32636923" lon="-124.5197108">
      </trkpt>
      <trkpt lat="49.32642606" lon="-124.51968982">
      </trkpt>
      <trkpt lat="49.32645967" lon="-124.51962115">
      </trkpt>
      <trkpt lat="49.32650496" lon="-124.51953872">
      </trkpt>
      <trkpt lat="49.32655746" lon="-124.51948454">
      </trkpt>
      <trkpt lat="49.3265945" lon="-124.51943468">
      </trkpt>
      <trkpt lat="49.3266298" lon="-124.51934321">
      </trkpt>
      <trkpt lat="49.32666999" lon="-124.51922571">
      </trkpt>
      <trkpt lat="49.32669931" lon="-124.5192035">
      </trkpt>
      <trkpt lat="49.32675681" lon="-124.51918572">
      </trkpt>
      <trkpt lat="49.32682954" lon="-124.51914695">
      </trkpt>
      <trkpt lat="49.32690873" lon="-124.51909354">
      </trkpt>
      <trkpt lat="49.32698805" lon="-124.51899082">
      </trkpt>
      <trkpt lat="49.32705376" lon="-124.51893333">
      </trkpt>
      <trkpt lat="49.32711583" lon="-124.51887571">
      </trkpt>
      <trkpt lat="49.32716287" lon="-124.51885104">
      </trkpt>
      <trkpt lat="49.32721879" lon="-124.5188377">
      </trkpt>
      <trkpt lat="49.32726396" lon="-124.51883479">
      </trkpt>
      <trkpt lat="49.32733155" lon="-124.51876815">
      </trkpt>
      <trkpt lat="49.32736158" lon="-124.51872233">
      </trkpt>
      <trkpt lat="49.32735522" lon="-124.51858484">
      </trkpt>
      <trkpt lat="49.3273515" lon="-124.51849105">
      </trkpt>
      <trkpt lat="49.32737017" lon="-124.51842124">
      </trkpt>
      <trkpt lat="49.32739996" lon="-124.51832992">
      </trkpt>
      <trkpt lat="49.32744329" lon="-124.51825537">
      </trkpt>
      <trkpt lat="49.32750562" lon="-124.51820957">
      </trkpt>
      <trkpt lat="49.3275565" lon="-124.51817876">
      </trkpt>
      <trkpt lat="49.32763239" lon="-124.51809818">
      </trkpt>
      <trkpt lat="49.32769867" lon="-124.51801404">
      </trkpt>
      <trkpt lat="49.32775138" lon="-124.5179603">
      </trkpt>
      <trkpt lat="49.32779397" lon="-124.51790974">
      </trkpt>
      <trkpt lat="49.32784187" lon="-124.51779281">
      </trkpt>
      <trkpt lat="49.32786098" lon="-124.51770571">
      </trkpt>
      <trkpt lat="49.32786249" lon="-124.51759089">
      </trkpt>
      <trkpt lat="49.32785013" lon="-124.51741015">
      </trkpt>
      <trkpt lat="49.3278292" lon="-124.51731199">
      </trkpt>
      <trkpt lat="49.32775928" lon="-124.51722102">
      </trkpt>
      <trkpt lat="49.32767596" lon="-124.5170976">
      </trkpt>
      <trkpt lat="49.32763303" lon="-124.51702606">
      </trkpt>
      <trkpt lat="49.32757472" lon="-124.51696128">
      </trkpt>
      <trkpt lat="49.32751324" lon="-124.51697653">
      </trkpt>
      <trkpt lat="49.32742187" lon="-124.51701025">
      </trkpt>
      <trkpt lat="49.32733551" lon="-124.51709323">
      </trkpt>
      <trkpt lat="49.32725858" lon="-124.51713258">
      </trkpt>
      <trkpt lat="49.32720508" lon="-124.51711389">
      </trkpt>
      <trkpt lat="49.32713461" lon="-124.5170796">
      </trkpt>
      <trkpt lat="49.32707559" lon="-124.51707259">
      </trkpt>
      <trkpt lat="49.32700632" lon="-124.51708835">
      </trkpt>
      <trkpt lat="49.3268969" lon="-124.5171383">
      </trkpt>
      <trkpt lat="49.3267757" lon="-124.51720669">
      </trkpt>
      <trkpt lat="49.32664525" lon="-124.51728056">
      </trkpt>
      <trkpt lat="49.32655459" lon="-124.51730591">
      </trkpt>
      <trkpt lat="49.3264538" lon="-124.51732841">
      </trkpt>
      <trkpt lat="49.32634809" lon="-124.51735663">
      </trkpt>
      <trkpt lat="49.32622735" lon="-124.51738128">
      </trkpt>
      <trkpt lat="49.32613029" lon="-124.51735829">
      </trkpt>
      <trkpt lat="49.32606346" lon="-124.51731627">
      </trkpt>
      <trkpt lat="49.32600194" lon="-124.5172422">
      </trkpt>
      <trkpt lat="49.32594763" lon="-124.51712468">
      </trkpt>
      <trkpt lat="49.32592568" lon="-124.51709089">
      </trkpt>
      <trkpt lat="49.32587236" lon="-124.51703449">
      </trkpt>
      <trkpt lat="49.32578852" lon="-124.51702956">
      </trkpt>
      <trkpt lat="49.32569745" lon="-124.51698953">
      </trkpt>
      <trkpt lat="49.32562163" lon="-124.51695813">
      </trkpt>
      <trkpt lat="49.32551278" lon="-124.51693016">
      </trkpt>
      <trkpt lat="49.32544689" lon="-124.51692382">
      </trkpt>
      <trkpt lat="49.3254052" lon="-124.51695806">
      </trkpt>
      <trkpt lat="49.32537135" lon="-124.51701165">
      </trkpt>
      <trkpt lat="49.32534866" lon="-124.5171555">
      </trkpt>
      <trkpt lat="49.32534443" lon="-124.51723448">
      </trkpt>
      <trkpt lat="49.32535969" lon="-124.51734356">
      </trkpt>
      <trkpt lat="49.32541189" lon="-124.5174102">
      </trkpt>
      <trkpt lat="49.32546891" lon="-124.51742338">
      </trkpt>
      <trkpt lat="49.32553355" lon="-124.51742943">
      </trkpt>
      <trkpt lat="49.32556286" lon="-124.51744561">
      </trkpt>
      <trkpt lat="49.32553853" lon="-124.51749958">
      </trkpt>
      <trkpt lat="49.32549855" lon="-124.51756605">
      </trkpt>
      <trkpt lat="49.32548155" lon="-124.51764739">
      </trkpt>
      <trkpt lat="49.32546155" lon="-124.51772261">
      </trkpt>
      <trkpt lat="49.32543231" lon="-124.51779539">
      </trkpt>
      <trkpt lat="49.32539978" lon="-124.5178597">
      </trkpt>
      <trkpt lat="49.32533289" lon="-124.51792064">
      </trkpt>
      <trkpt lat="49.32529022" lon="-124.51798234">
      </trkpt>
      <trkpt lat="49.32525916" lon="-124.5180623">
      </trkpt>
      <trkpt lat="49.3252447" lon="-124.51818065">
      </trkpt>
      <trkpt lat="49.32525717" lon="-124.51838655">
      </trkpt>
      <trkpt lat="49.32529194" lon="-124.518577">
      </trkpt>
      <trkpt lat="49.32532711" lon="-124.51879691">
      </trkpt>
      <trkpt lat="49.32535458" lon="-124.51892375">
      </trkpt>
      <trkpt lat="49.32540756" lon="-124.51903504">
      </trkpt>
      <trkpt lat="49.3254442" lon="-124.51912718">
      </trkpt>
      <trkpt lat="49.32548144" lon="-124.51926353">
      </trkpt>
      <trkpt lat="49.32548935" lon="-124.51937135">
      </trkpt>
      <trkpt lat="49.32549445" lon="-124.51950871">
      </trkpt>
      <trkpt lat="49.3255185" lon="-124.51962091">
      </trkpt>
      <trkpt lat="49.32552292" lon="-124.5197092">
      </trkpt>
      <trkpt lat="49.32550129" lon="-124.51977375">
      </trkpt>
      <trkpt lat="49.32547726" lon="-124.51989731">
      </trkpt>
      <trkpt lat="49.32547874" lon="-124.52000532">
      </trkpt>
      <trkpt lat="49.32548008" lon="-124.52010352">
      </trkpt>
      <trkpt lat="49.32546884" lon="-124.52022957">
      </trkpt>
      <trkpt lat="49.32545379" lon="-124.52029986">
      </trkpt>
      <trkpt lat="49.32542729" lon="-124.52041021">
      </trkpt>
      <trkpt lat="49.32541285" lon="-124.52051445">
      </trkpt>
      <trkpt lat="49.32541328" lon="-124.52062318">
      </trkpt>
      <trkpt lat="49.32543767" lon="-124.52073061">
      </trkpt>
      <trkpt lat="49.32547222" lon="-124.52082576">
      </trkpt>
      <trkpt lat="49.32549686" lon="-124.52085942">
      </trkpt>
      <trkpt lat="49.32553685" lon="-124.5209613">
      </trkpt>
      <trkpt lat="49.32556772" lon="-124.52110275">
      </trkpt>
      <trkpt lat="49.32555057" lon="-124.52133704">
      </trkpt>
      <trkpt lat="49.32555435" lon="-124.52153544">
      </trkpt>
      <trkpt lat="49.32553721" lon="-124.52169316">
      </trkpt>
      <trkpt lat="49.32549682" lon="-124.52179761">
      </trkpt>
      <trkpt lat="49.32538686" lon="-124.521752">
      </trkpt>
      <trkpt lat="49.32521575" lon="-124.52170342">
      </trkpt>
      <trkpt lat="49.32505207" lon="-124.5217283">
      </trkpt>
      <trkpt lat="49.32491511" lon="-124.52182598">
      </trkpt>
      <trkpt lat="49.32486257" lon="-124.52193125">
      </trkpt>
      <trkpt lat="49.32483851" lon="-124.52202548">
      </trkpt>
      <trkpt lat="49.32481602" lon="-124.52212859">
      </trkpt>
      <trkpt lat="49.32477164" lon="-124.52230332">
      </trkpt>
      <trkpt lat="49.3247536" lon="-124.52247951">
      </trkpt>
      <trkpt lat="49.32472019" lon="-124.52262301">
      </trkpt>
      <trkpt lat="49.3246606" lon="-124.52276312">
      </trkpt>
      <trkpt lat="49.32461506" lon="-124.5228988">
      </trkpt>
      <trkpt lat="49.32458165" lon="-124.52305344">
      </trkpt>
      <trkpt lat="49.32455625" lon="-124.52323882">
      </trkpt>
      <trkpt lat="49.32453435" lon="-124.52334528">
      </trkpt>
      <trkpt lat="49.32451808" lon="-124.52341284">
      </trkpt>
      <trkpt lat="49.32451753" lon="-124.52350201">
      </trkpt>
      <trkpt lat="49.32452654" lon="-124.52360858">
      </trkpt>
      <trkpt lat="49.32452587" lon="-124.52368816">
      </trkpt>
      <trkpt lat="49.32453057" lon="-124.52375574">
      </trkpt>
      <trkpt lat="49.32455835" lon="-124.52383184">
      </trkpt>
      <trkpt lat="49.32460004" lon="-124.52391572">
      </trkpt>
      <trkpt lat="49.3246423" lon="-124.5240061">
      </trkpt>
      <trkpt lat="49.3246816" lon="-124.52410548">
      </trkpt>
      <trkpt lat="49.32469992" lon="-124.52420176">
      </trkpt>
      <trkpt lat="49.32471394" lon="-124.52430324">
      </trkpt>
      <trkpt lat="49.32473881" lon="-124.52438519">
      </trkpt>
      <trkpt lat="49.32477051" lon="-124.52449696">
      </trkpt>
      <trkpt lat="49.32479731" lon="-124.52464315">
      </trkpt>
      <trkpt lat="49.32480478" lon="-124.52470593">
      </trkpt>
      <trkpt lat="49.32478998" lon="-124.52476397">
      </trkpt>
      <trkpt lat="49.32474469" lon="-124.52485814">
      </trkpt>
      <trkpt lat="49.32469923" lon="-124.52494453">
      </trkpt>
      <trkpt lat="49.32466466" lon="-124.52503068">
      </trkpt>
      <trkpt lat="49.32465782" lon="-124.52507673">
      </trkpt>
      <trkpt lat="49.32470205" lon="-124.52516589">
      </trkpt>
      <trkpt lat="49.32473761" lon="-124.52525597">
      </trkpt>
      <trkpt lat="49.32474283" lon="-124.52532978">
      </trkpt>
      <trkpt lat="49.32474318" lon="-124.52539279">
      </trkpt>
      <trkpt lat="49.32472851" lon="-124.52552582">
      </trkpt>
      <trkpt lat="49.32470321" lon="-124.52561979">
      </trkpt>
      <trkpt lat="49.3247002" lon="-124.52563463">
      </trkpt>
      <trkpt lat="49.32464649" lon="-124.5257051">
      </trkpt>
      <trkpt lat="49.32462251" lon="-124.52583356">
      </trkpt>
      <trkpt lat="49.32463738" lon="-124.52598045">
      </trkpt>
      <trkpt lat="49.32464616" lon="-124.52615208">
      </trkpt>
      <trkpt lat="49.32468787" lon="-124.52638162">
      </trkpt>
      <trkpt lat="49.32472812" lon="-124.52650313">
      </trkpt>
      <trkpt lat="49.32476096" lon="-124.52662997">
      </trkpt>
      <trkpt lat="49.32482543" lon="-124.5265639">
      </trkpt>
      <trkpt lat="49.32488985" lon="-124.52657168">
      </trkpt>
      <trkpt lat="49.32492628" lon="-124.5266491">
      </trkpt>
      <trkpt lat="49.32496674" lon="-124.52678534">
      </trkpt>
      <trkpt lat="49.32499131" lon="-124.52693683">
      </trkpt>
      <trkpt lat="49.3250234" lon="-124.52701757">
      </trkpt>
      <trkpt lat="49.32503211" lon="-124.52707295">
      </trkpt>
      <trkpt lat="49.3250481" lon="-124.52717124">
      </trkpt>
      <trkpt lat="49.32507098" lon="-124.52728567">
      </trkpt>
      <trkpt lat="49.32508076" lon="-124.5273301">
      </trkpt>
      <trkpt lat="49.3250903" lon="-124.5274151">
      </trkpt>
      <trkpt lat="49.32509027" lon="-124.52753866">
      </trkpt>
      <trkpt lat="49.3250792" lon="-124.52765909">
      </trkpt>
      <trkpt lat="49.32504919" lon="-124.52772819">
      </trkpt>
      <trkpt lat="49.32505241" lon="-124.52779481">
      </trkpt>
      <trkpt lat="49.325055" lon="-124.52788728">
      </trkpt>
      <trkpt lat="49.32504102" lon="-124.52800561">
      </trkpt>
      <trkpt lat="49.32503262" lon="-124.52809048">
      </trkpt>
      <trkpt lat="49.32503368" lon="-124.52820799">
      </trkpt>
      <trkpt lat="49.32507561" lon="-124.52834382">
      </trkpt>
      <trkpt lat="49.32511267" lon="-124.52843802">
      </trkpt>
      <trkpt lat="49.32516206" lon="-124.52858075">
      </trkpt>
      <trkpt lat="49.32521183" lon="-124.52868111">
      </trkpt>
      <trkpt lat="49.32524524" lon="-124.52877735">
      </trkpt>
      <trkpt lat="49.32523716" lon="-124.52891592">
      </trkpt>
      <trkpt lat="49.32519531" lon="-124.52899387">
      </trkpt>
      <trkpt lat="49.3251174" lon="-124.52906964">
      </trkpt>
      <trkpt lat="49.32503359" lon="-124.52917067">
      </trkpt>
      <trkpt lat="49.32495539" lon="-124.52928523">
      </trkpt>
      <trkpt lat="49.32487118" lon="-124.52935909">
      </trkpt>
      <trkpt lat="49.32479649" lon="-124.52940292">
      </trkpt>
      <trkpt lat="49.32472398" lon="-124.52950966">
      </trkpt>
      <trkpt lat="49.32466467" lon="-124.52962419">
      </trkpt>
      <trkpt lat="49.32461789" lon="-124.52971237">
      </trkpt>
      <trkpt lat="49.32454416" lon="-124.52979588">
      </trkpt>
      <trkpt lat="49.32447756" lon="-124.52985996">
      </trkpt>
      <trkpt lat="49.3244544" lon="-124.52995185">
      </trkpt>
      <trkpt lat="49.32445188" lon="-124.5300589">
      </trkpt>
      <trkpt lat="49.32446061" lon="-124.53016577">
      </trkpt>
      <trkpt lat="49.32445654" lon="-124.53029915">
      </trkpt>
      <trkpt lat="49.32443828" lon="-124.53039595">
      </trkpt>
      <trkpt lat="49.32439799" lon="-124.53050587">
      </trkpt>
      <trkpt lat="49.32436075" lon="-124.53066566">
      </trkpt>
      <trkpt lat="49.32434182" lon="-124.53080692">
      </trkpt>
      <trkpt lat="49.32432757" lon="-124.53094256">
      </trkpt>
      <trkpt lat="49.32430622" lon="-124.53101376">
      </trkpt>
      <trkpt lat="49.32427397" lon="-124.53105967">
      </trkpt>
      <trkpt lat="49.32420712" lon="-124.53114104">
      </trkpt>
      <trkpt lat="49.32411213" lon="-124.5312063">
      </trkpt>
      <trkpt lat="49.32404251" lon="-124.53124308">
      </trkpt>
      <trkpt lat="49.32399443" lon="-124.53129291">
      </trkpt>
      <trkpt lat="49.32393209" lon="-124.53138399">
      </trkpt>
      <trkpt lat="49.32388559" lon="-124.53147116">
      </trkpt>
      <trkpt lat="49.32395739" lon="-124.53154748">
      </trkpt>
      <trkpt lat="49.32402937" lon="-124.53163851">
      </trkpt>
      <trkpt lat="49.32406593" lon="-124.53172578">
      </trkpt>
      <trkpt lat="49.32410222" lon="-124.53179339">
      </trkpt>
      <trkpt lat="49.32414328" lon="-124.53176695">
      </trkpt>
      <trkpt lat="49.32418248" lon="-124.53169301">
      </trkpt>
      <trkpt lat="49.32423358" lon="-124.53159582">
      </trkpt>
      <trkpt lat="49.32426827" lon="-124.53153596">
      </trkpt>
      <trkpt lat="49.32430023" lon="-124.53147366">
      </trkpt>
      <trkpt lat="49.32434105" lon="-124.53136775">
      </trkpt>
      <trkpt lat="49.32437397" lon="-124.53128197">
      </trkpt>
      <trkpt lat="49.32440807" lon="-124.53127392">
      </trkpt>
      <trkpt lat="49.3244553" lon="-124.53129878">
      </trkpt>
      <trkpt lat="49.32453284" lon="-124.53139246">
      </trkpt>
      <trkpt lat="49.3246094" lon="-124.53146583">
      </trkpt>
      <trkpt lat="49.32463914" lon="-124.53143324">
      </trkpt>
      <trkpt lat="49.3246578" lon="-124.53137586">
      </trkpt>
      <trkpt lat="49.32469057" lon="-124.53133863">
      </trkpt>
      <trkpt lat="49.32477311" lon="-124.53133608">
      </trkpt>
      <trkpt lat="49.32484842" lon="-124.53134671">
      </trkpt>
      <trkpt lat="49.32490486" lon="-124.5313927">
      </trkpt>
      <trkpt lat="49.32496633" lon="-124.53146174">
      </trkpt>
      <trkpt lat="49.32502705" lon="-124.53150221">
      </trkpt>
      <trkpt lat="49.32506968" lon="-124.53147652">
      </trkpt>
      <trkpt lat="49.32509867" lon="-124.53140973">
      </trkpt>
      <trkpt lat="49.32514492" lon="-124.53139438">
      </trkpt>
      <trkpt lat="49.32517371" lon="-124.53134135">
      </trkpt>
      <trkpt lat="49.32522221" lon="-124.53122636">
      </trkpt>
      <trkpt lat="49.32525811" lon="-124.531186">
      </trkpt>
      <trkpt lat="49.32523036" lon="-124.53133641">
      </trkpt>
      <trkpt lat="49.3252111" lon="-124.53141814">
      </trkpt>
      <trkpt lat="49.32519879" lon="-124.53155752">
      </trkpt>
      <trkpt lat="49.32520525" lon="-124.53170341">
      </trkpt>
      <trkpt lat="49.32521394" lon="-124.53182713">
      </trkpt>
      <trkpt lat="49.32524427" lon="-124.53192943">
      </trkpt>
      <trkpt lat="49.32528329" lon="-124.53201506">
      </trkpt>
      <trkpt lat="49.32533146" lon="-124.53208604">
      </trkpt>
      <trkpt lat="49.32540495" lon="-124.5321373">
      </trkpt>
      <trkpt lat="49.32546342" lon="-124.53215478">
      </trkpt>
      <trkpt lat="49.32550509" lon="-124.53211083">
      </trkpt>
      <trkpt lat="49.32554951" lon="-124.53199923">
      </trkpt>
      <trkpt lat="49.32558798" lon="-124.53187562">
      </trkpt>
      <trkpt lat="49.32563032" lon="-124.53177492">
      </trkpt>
      <trkpt lat="49.32572069" lon="-124.53163941">
      </trkpt>
      <trkpt lat="49.3257679" lon="-124.5316406">
      </trkpt>
      <trkpt lat="49.32581111" lon="-124.5316996">
      </trkpt>
      <trkpt lat="49.32583121" lon="-124.53177408">
      </trkpt>
      <trkpt lat="49.3257874" lon="-124.53188631">
      </trkpt>
      <trkpt lat="49.3257105" lon="-124.53206158">
      </trkpt>
      <trkpt lat="49.32567928" lon="-124.53218406">
      </trkpt>
      <trkpt lat="49.32571998" lon="-124.5322005">
      </trkpt>
      <trkpt lat="49.32573894" lon="-124.53217048">
      </trkpt>
      <trkpt lat="49.32578291" lon="-124.53214863">
      </trkpt>
      <trkpt lat="49.32581745" lon="-124.53219604">
      </trkpt>
      <trkpt lat="49.32590211" lon="-124.53221155">
      </trkpt>
      <trkpt lat="49.32598622" lon="-124.53227046">
      </trkpt>
      <trkpt lat="49.32604513" lon="-124.53234709">
      </trkpt>
      <trkpt lat="49.32607315" lon="-124.53245053">
      </trkpt>
      <trkpt lat="49.32609278" lon="-124.53256332">
      </trkpt>
      <trkpt lat="49.32613588" lon="-124.5326384">
      </trkpt>
      <trkpt lat="49.32619199" lon="-124.53270063">
      </trkpt>
      <trkpt lat="49.32629221" lon="-124.53271882">
      </trkpt>
      <trkpt lat="49.32635656" lon="-124.53275672">
      </trkpt>
      <trkpt lat="49.3264056" lon="-124.53281521">
      </trkpt>
      <trkpt lat="49.32649257" lon="-124.53284009">
      </trkpt>
      <trkpt lat="49.32652637" lon="-124.53291008">
      </trkpt>
      <trkpt lat="49.32656136" lon="-124.53304097">
      </trkpt>
      <trkpt lat="49.32660594" lon="-124.53320327">
      </trkpt>
      <trkpt lat="49.32665004" lon="-124.53340585">
      </trkpt>
      <trkpt lat="49.32665194" lon="-124.53354128">
      </trkpt>
      <trkpt lat="49.32661325" lon="-124.53360628">
      </trkpt>
      <trkpt lat="49.32655899" lon="-124.533677">
      </trkpt>
      <trkpt lat="49.32661102" lon="-124.53371311">
      </trkpt>
      <trkpt lat="49.32666968" lon="-124.5337702">
      </trkpt>
      <trkpt lat="49.32674194" lon="-124.53388088">
      </trkpt>
      <trkpt lat="49.32679309" lon="-124.53397117">
      </trkpt>
      <trkpt lat="49.32682842" lon="-124.53386614">
      </trkpt>
      <trkpt lat="49.32687797" lon="-124.53372898">
      </trkpt>
      <trkpt lat="49.326953" lon="-124.53358499">
      </trkpt>
      <trkpt lat="49.32698199" lon="-124.533517">
      </trkpt>
      <trkpt lat="49.32700102" lon="-124.53336597">
      </trkpt>
      <trkpt lat="49.32697026" lon="-124.53332431">
      </trkpt>
      <trkpt lat="49.326925" lon="-124.53326304">
      </trkpt>
      <trkpt lat="49.32687373" lon="-124.5331587">
      </trkpt>
      <trkpt lat="49.3268145" lon="-124.53297303">
      </trkpt>
      <trkpt lat="49.32680002" lon="-124.53292399">
      </trkpt>
      <trkpt lat="49.32683746" lon="-124.53283746">
      </trkpt>
      <trkpt lat="49.32689662" lon="-124.53281048">
      </trkpt>
      <trkpt lat="49.326969" lon="-124.53273799">
      </trkpt>
      <trkpt lat="49.32701804" lon="-124.53267496">
      </trkpt>
      <trkpt lat="49.327097" lon="-124.532596">
      </trkpt>
      <trkpt lat="49.32714174" lon="-124.53258565">
      </trkpt>
      <trkpt lat="49.32721803" lon="-124.532568">
      </trkpt>
      <trkpt lat="49.32728198" lon="-124.53254798">
      </trkpt>
      <trkpt lat="49.32730933" lon="-124.53251221">
      </trkpt>
      <trkpt lat="49.32733773" lon="-124.53247505">
      </trkpt>
      <trkpt lat="49.32737996" lon="-124.53241982">
      </trkpt>
      <trkpt lat="49.32740201" lon="-124.53239098">
      </trkpt>
      <trkpt lat="49.32745096" lon="-124.53226199">
      </trkpt>
      <trkpt lat="49.32747119" lon="-124.53223532">
      </trkpt>
      <trkpt lat="49.32751755" lon="-124.53216822">
      </trkpt>
      <trkpt lat="49.32758399" lon="-124.532063">
      </trkpt>
      <trkpt lat="49.32760603" lon="-124.53199804">
      </trkpt>
      <trkpt lat="49.32759798" lon="-124.53189502">
      </trkpt>
      <trkpt lat="49.32755096" lon="-124.53178397">
      </trkpt>
      <trkpt lat="49.32751785" lon="-124.53169312">
      </trkpt>
      <trkpt lat="49.32749203" lon="-124.531617">
      </trkpt>
      <trkpt lat="49.32746999" lon="-124.53149596">
      </trkpt>
      <trkpt lat="49.32744702" lon="-124.53136">
      </trkpt>
      <trkpt lat="49.32744889" lon="-124.53128299">
      </trkpt>
      <trkpt lat="49.32745297" lon="-124.531115">
      </trkpt>
      <trkpt lat="49.327502" lon="-124.53105097">
      </trkpt>
      <trkpt lat="49.32755297" lon="-124.53100102">
      </trkpt>
      <trkpt lat="49.32763428" lon="-124.53095816">
      </trkpt>
      <trkpt lat="49.32771276" lon="-124.53094143">
      </trkpt>
      <trkpt lat="49.32779504" lon="-124.53096002">
      </trkpt>
      <trkpt lat="49.32785845" lon="-124.53100959">
      </trkpt>
      <trkpt lat="49.32794599" lon="-124.53107805">
      </trkpt>
      <trkpt lat="49.32799414" lon="-124.53105451">
      </trkpt>
      <trkpt lat="49.32805324" lon="-124.53100333">
      </trkpt>
      <trkpt lat="49.32810886" lon="-124.53090419">
      </trkpt>
      <trkpt lat="49.32816502" lon="-124.53081401">
      </trkpt>
      <trkpt lat="49.32824297" lon="-124.53070103">
      </trkpt>
      <trkpt lat="49.32832402" lon="-124.53061704">
      </trkpt>
      <trkpt lat="49.32838348" lon="-124.530597">
      </trkpt>
      <trkpt lat="49.32843399" lon="-124.53057999">
      </trkpt>
      <trkpt lat="49.32847924" lon="-124.53064715">
      </trkpt>
      <trkpt lat="49.32851339" lon="-124.53071923">
      </trkpt>
      <trkpt lat="49.32854497" lon="-124.530782">
      </trkpt>
    </trkseg>
    <trkseg>
      <trkpt lat="49.32843883" lon="-124.52504901">
      </trkpt>
      <trkpt lat="49.32838847" lon="-124.52489342">
      </trkpt>
      <trkpt lat="49.32828567" lon="-124.52466582">
      </trkpt>
      <trkpt lat="49.3282473" lon="-124.52444599">
      </trkpt>
      <trkpt lat="49.32815909" lon="-124.52410986">
      </trkpt>
      <trkpt lat="49.32808475" lon="-124.52384696">
      </trkpt>
      <trkpt lat="49.32798476" lon="-124.5235898">
      </trkpt>
      <trkpt lat="49.32789086" lon="-124.52330789">
      </trkpt>
      <trkpt lat="49.32778679" lon="-124.52298699">
      </trkpt>
      <trkpt lat="49.32769035" lon="-124.52275428">
      </trkpt>
      <trkpt lat="49.32757093" lon="-124.52248791">
      </trkpt>
      <trkpt lat="49.32750094" lon="-124.52230841">
      </trkpt>
      <trkpt lat="49.32742539" lon="-124.52219292">
      </trkpt>
      <trkpt lat="49.32728823" lon="-124.5220401">
      </trkpt>
      <trkpt lat="49.32719152" lon="-124.52202354">
      </trkpt>
      <trkpt lat="49.32709837" lon="-124.52203142">
      </trkpt>
      <trkpt lat="49.32698123" lon="-124.521932">
      </trkpt>
      <trkpt lat="49.32686223" lon="-124.52193089">
      </trkpt>
      <trkpt lat="49.32671503" lon="-124.5219847">
      </trkpt>
      <trkpt lat="49.32654928" lon="-124.52209314">
      </trkpt>
      <trkpt lat="49.32644119" lon="-124.522185">
      </trkpt>
      <trkpt lat="49.32635902" lon="-124.52229077">
      </trkpt>
      <trkpt lat="49.32629078" lon="-124.5224747">
      </trkpt>
      <trkpt lat="49.3261902" lon="-124.52264492">
      </trkpt>
      <trkpt lat="49.32609858" lon="-124.52276573">
      </trkpt>
      <trkpt lat="49.32601662" lon="-124.52288623">
      </trkpt>
      <trkpt lat="49.32589165" lon="-124.52291968">
      </trkpt>
      <trkpt lat="49.32578584" lon="-124.5229427">
      </trkpt>
      <trkpt lat="49.32568471" lon="-124.52283787">
      </trkpt>
      <trkpt lat="49.32560849" lon="-124.52267329">
      </trkpt>
      <trkpt lat="49.32556" lon="-124.52241942">
      </trkpt>
      <trkpt lat="49.32554686" lon="-124.5221644">
      </trkpt>
      <trkpt lat="49.32553393" lon="-124.52192413">
      </trkpt>
      <trkpt lat="49.32549682" lon="-124.52179761">
      </trkpt>
    </trkseg>
    <trkseg>
      <trkpt lat="49.32609858" lon="-124.52276573">
      </trkpt>
      <trkpt lat="49.32617092" lon="-124.52288131">
      </trkpt>
      <trkpt lat="49.32619214" lon="-124.52302309">
      </trkpt>
      <trkpt lat="49.32620729" lon="-124.5231896">
      </trkpt>
      <trkpt lat="49.32620897" lon="-124.52331236">
      </trkpt>
      <trkpt lat="49.32622532" lon="-124.52341532">
      </trkpt>
      <trkpt lat="49.3262436" lon="-124.52348789">
      </trkpt>
      <trkpt lat="49.32628841" lon="-124.52357358">
      </trkpt>
      <trkpt lat="49.32634459" lon="-124.52367189">
      </trkpt>
      <trkpt lat="49.32638673" lon="-124.52374191">
      </trkpt>
      <trkpt lat="49.32642274" lon="-124.52387511">
      </trkpt>
      <trkpt lat="49.32646868" lon="-124.52394818">
      </trkpt>
      <trkpt lat="49.32651747" lon="-124.52397389">
      </trkpt>
      <trkpt lat="49.32656453" lon="-124.52392467">
      </trkpt>
      <trkpt lat="49.32662687" lon="-124.5238181">
      </trkpt>
      <trkpt lat="49.32668848" lon="-124.5237193">
      </trkpt>
      <trkpt lat="49.32674679" lon="-124.52362395">
      </trkpt>
      <trkpt lat="49.32681778" lon="-124.52348886">
      </trkpt>
      <trkpt lat="49.32686253" lon="-124.52341164">
      </trkpt>
      <trkpt lat="49.32695261" lon="-124.52336388">
      </trkpt>
      <trkpt lat="49.32706486" lon="-124.52335277">
      </trkpt>
      <trkpt lat="49.32720568" lon="-124.52332096">
      </trkpt>
      <trkpt lat="49.32726587" lon="-124.52329181">
      </trkpt>
      <trkpt lat="49.32728367" lon="-124.52323874">
      </trkpt>
      <trkpt lat="49.32728026" lon="-124.52313568">
      </trkpt>
      <trkpt lat="49.32724676" lon="-124.52305989">
      </trkpt>
      <trkpt lat="49.32718774" lon="-124.52296413">
      </trkpt>
      <trkpt lat="49.32711069" lon="-124.52283032">
      </trkpt>
      <trkpt lat="49.32707876" lon="-124.52271483">
      </trkpt>
      <trkpt lat="49.32708359" lon="-124.52259679">
      </trkpt>
      <trkpt lat="49.32707788" lon="-124.52241522">
      </trkpt>
      <trkpt lat="49.32706677" lon="-124.52230751">
      </trkpt>
      <trkpt lat="49.32707426" lon="-124.52215008">
      </trkpt>
      <trkpt lat="49.32709837" lon="-124.52203142">
      </trkpt>
    </trkseg>
    <trkseg>
      <trkpt lat="49.32676853" lon="-124.52530102">
      </trkpt>
      <trkpt lat="49.32683262" lon="-124.52541451">
      </trkpt>
      <trkpt lat="49.32687628" lon="-124.52555066">
      </trkpt>
      <trkpt lat="49.3269101" lon="-124.52567238">
      </trkpt>
      <trkpt lat="49.3269174" lon="-124.52573601">
      </trkpt>
      <trkpt lat="49.32690555" lon="-124.52581006">
      </trkpt>
      <trkpt lat="49.32685498" lon="-124.52587553">
      </trkpt>
      <trkpt lat="49.32680455" lon="-124.52595081">
      </trkpt>
      <trkpt lat="49.32677334" lon="-124.52602057">
      </trkpt>
      <trkpt lat="49.32675841" lon="-124.52610455">
      </trkpt>
      <trkpt lat="49.32674328" lon="-124.5261738">
      </trkpt>
      <trkpt lat="49.32670262" lon="-124.5262586">
      </trkpt>
      <trkpt lat="49.3266617" lon="-124.52632376">
      </trkpt>
      <trkpt lat="49.32660578" lon="-124.52623222">
      </trkpt>
      <trkpt lat="49.3265222" lon="-124.52623488">
      </trkpt>
      <trkpt lat="49.32645168" lon="-124.52625184">
      </trkpt>
      <trkpt lat="49.32632966" lon="-124.52626555">
      </trkpt>
      <trkpt lat="49.3262716" lon="-124.52625266">
      </trkpt>
      <trkpt lat="49.3262197" lon="-124.52621993">
      </trkpt>
      <trkpt lat="49.32612935" lon="-124.52619825">
      </trkpt>
      <trkpt lat="49.32604222" lon="-124.52617645">
      </trkpt>
      <trkpt lat="49.32597231" lon="-124.52623763">
      </trkpt>
      <trkpt lat="49.32587988" lon="-124.5262995">
      </trkpt>
      <trkpt lat="49.32577782" lon="-124.5263617">
      </trkpt>
      <trkpt lat="49.32567234" lon="-124.52640925">
      </trkpt>
      <trkpt lat="49.325567" lon="-124.52646664">
      </trkpt>
      <trkpt lat="49.32546493" lon="-124.52652882">
      </trkpt>
      <trkpt lat="49.32536944" lon="-124.52660063">
      </trkpt>
      <trkpt lat="49.32530185" lon="-124.52659787">
      </trkpt>
      <trkpt lat="49.32524721" lon="-124.52659961">
      </trkpt>
      <trkpt lat="49.32520616" lon="-124.52665494">
      </trkpt>
      <trkpt lat="49.32518178" lon="-124.52675395">
      </trkpt>
      <trkpt lat="49.3251416" lon="-124.52687312">
      </trkpt>
      <trkpt lat="49.32511005" lon="-124.52691832">
      </trkpt>
      <trkpt lat="49.32505547" lon="-124.52692498">
      </trkpt>
      <trkpt lat="49.3250234" lon="-124.52701757">
      </trkpt>
      <trkpt lat="49.32500946" lon="-124.52685275">
      </trkpt>
      <trkpt lat="49.32500779" lon="-124.52673001">
      </trkpt>
      <trkpt lat="49.32501589" lon="-124.52661678">
      </trkpt>
      <trkpt lat="49.32502722" lon="-124.52650345">
      </trkpt>
      <trkpt lat="49.32506458" lon="-124.52641384">
      </trkpt>
      <trkpt lat="49.32512673" lon="-124.52625469">
      </trkpt>
      <trkpt lat="49.32521065" lon="-124.52604081">
      </trkpt>
      <trkpt lat="49.32529215" lon="-124.52588595">
      </trkpt>
      <trkpt lat="49.3253614" lon="-124.52577568">
      </trkpt>
      <trkpt lat="49.32545248" lon="-124.5256156">
      </trkpt>
      <trkpt lat="49.32552541" lon="-124.52553961">
      </trkpt>
      <trkpt lat="49.32557879" lon="-124.52544458">
      </trkpt>
      <trkpt lat="49.32575365" lon="-124.52529657">
      </trkpt>
      <trkpt lat="49.32601276" lon="-124.52519499">
      </trkpt>
      <trkpt lat="49.32622412" lon="-124.52512931">
      </trkpt>
      <trkpt lat="49.32640086" lon="-124.52511878">
      </trkpt>
      <trkpt lat="49.32655891" lon="-124.52515306">
      </trkpt>
      <trkpt lat="49.32665936" lon="-124.5252088">
      </trkpt>
      <trkpt lat="49.32676853" lon="-124.52530102">
      </trkpt>
      <trkpt lat="49.32672225" lon="-124.52522819">
      </trkpt>
      <trkpt lat="49.32667985" lon="-124.52516095">
      </trkpt>
      <trkpt lat="49.32663566" lon="-124.52507015">
      </trkpt>
      <trkpt lat="49.32659373" lon="-124.52489766">
      </trkpt>
      <trkpt lat="49.32655897" lon="-124.52477843">
      </trkpt>
      <trkpt lat="49.32651456" lon="-124.52466744">
      </trkpt>
      <trkpt lat="49.32643837" lon="-124.52453738">
      </trkpt>
      <trkpt lat="49.32635136" lon="-124.52439358">
      </trkpt>
      <trkpt lat="49.32633878" lon="-124.52431185">
      </trkpt>
      <trkpt lat="49.32632473" lon="-124.52423333">
      </trkpt>
      <trkpt lat="49.32630841" lon="-124.52414769">
      </trkpt>
      <trkpt lat="49.32620754" lon="-124.52413569">
      </trkpt>
      <trkpt lat="49.32614952" lon="-124.52414459">
      </trkpt>
      <trkpt lat="49.3260733" lon="-124.52415195">
      </trkpt>
      <trkpt lat="49.32600842" lon="-124.52416507">
      </trkpt>
      <trkpt lat="49.32592526" lon="-124.52415363">
      </trkpt>
      <trkpt lat="49.32583917" lon="-124.52410802">
      </trkpt>
      <trkpt lat="49.32575286" lon="-124.52402539">
      </trkpt>
      <trkpt lat="49.3256926" lon="-124.52402508">
      </trkpt>
      <trkpt lat="49.32564527" lon="-124.52405565">
      </trkpt>
      <trkpt lat="49.3256334" lon="-124.52414175">
      </trkpt>
      <trkpt lat="49.32562268" lon="-124.52426638">
      </trkpt>
      <trkpt lat="49.32558123" lon="-124.52439747">
      </trkpt>
      <trkpt lat="49.32551048" lon="-124.5244875">
      </trkpt>
      <trkpt lat="49.32543466" lon="-124.52454007">
      </trkpt>
      <trkpt lat="49.32535565" lon="-124.52459789">
      </trkpt>
      <trkpt lat="49.3252902" lon="-124.5246898">
      </trkpt>
      <trkpt lat="49.32525556" lon="-124.52478057">
      </trkpt>
      <trkpt lat="49.32523416" lon="-124.52494626">
      </trkpt>
      <trkpt lat="49.32523368" lon="-124.52506224">
      </trkpt>
      <trkpt lat="49.32523492" lon="-124.52516148">
      </trkpt>
      <trkpt lat="49.32522081" lon="-124.52525176">
      </trkpt>
      <trkpt lat="49.32516991" lon="-124.5252781">
      </trkpt>
      <trkpt lat="49.3250591" lon="-124.52530805">
      </trkpt>
      <trkpt lat="49.32493033" lon="-124.525369">
      </trkpt>
      <trkpt lat="49.3248738" lon="-124.52541764">
      </trkpt>
      <trkpt lat="49.32481695" lon="-124.52547361">
      </trkpt>
      <trkpt lat="49.32470321" lon="-124.52561979">
      </trkpt>
    </trkseg>
    <trkseg>
      <trkpt lat="49.32604511" lon="-124.52003144">
      </trkpt>
      <trkpt lat="49.32611912" lon="-124.52002887">
      </trkpt>
      <trkpt lat="49.32619554" lon="-124.52009428">
      </trkpt>
      <trkpt lat="49.32626187" lon="-124.52019082">
      </trkpt>
      <trkpt lat="49.32631141" lon="-124.52034901">
      </trkpt>
      <trkpt lat="49.32634976" lon="-124.52057327">
      </trkpt>
      <trkpt lat="49.32639424" lon="-124.52070559">
      </trkpt>
      <trkpt lat="49.32643626" lon="-124.52085996">
      </trkpt>
      <trkpt lat="49.32644274" lon="-124.52097169">
      </trkpt>
      <trkpt lat="49.32637266" lon="-124.52100078">
      </trkpt>
      <trkpt lat="49.32631193" lon="-124.5209921">
      </trkpt>
      <trkpt lat="49.32626809" lon="-124.52104845">
      </trkpt>
      <trkpt lat="49.32624427" lon="-124.52117931">
      </trkpt>
      <trkpt lat="49.32625793" lon="-124.52132309">
      </trkpt>
      <trkpt lat="49.326287" lon="-124.5214081">
      </trkpt>
      <trkpt lat="49.32631209" lon="-124.52150602">
      </trkpt>
      <trkpt lat="49.32629341" lon="-124.52163026">
      </trkpt>
      <trkpt lat="49.32625069" lon="-124.52174046">
      </trkpt>
      <trkpt lat="49.32624297" lon="-124.52184757">
      </trkpt>
      <trkpt lat="49.32626429" lon="-124.52193812">
      </trkpt>
      <trkpt lat="49.32633046" lon="-124.52189672">
      </trkpt>
      <trkpt lat="49.32640274" lon="-124.52178255">
      </trkpt>
      <trkpt lat="49.32645643" lon="-124.52166722">
      </trkpt>
      <trkpt lat="49.32653391" lon="-124.52157704">
      </trkpt>
      <trkpt lat="49.32667537" lon="-124.5214987">
      </trkpt>
      <trkpt lat="49.32677296" lon="-124.5214468">
      </trkpt>
      <trkpt lat="49.32682592" lon="-124.52139145">
      </trkpt>
      <trkpt lat="49.32691177" lon="-124.52132021">
      </trkpt>
      <trkpt lat="49.32694945" lon="-124.52124452">
      </trkpt>
      <trkpt lat="49.32702105" lon="-124.52126834">
      </trkpt>
      <trkpt lat="49.32705853" lon="-124.52133418">
      </trkpt>
      <trkpt lat="49.32709602" lon="-124.52146699">
      </trkpt>
      <trkpt lat="49.3271117" lon="-124.52155826">
      </trkpt>
      <trkpt lat="49.32715978" lon="-124.52171612">
      </trkpt>
      <trkpt lat="49.32719774" lon="-124.52183733">
      </trkpt>
      <trkpt lat="49.32723758" lon="-124.52187826">
      </trkpt>
      <trkpt lat="49.327334" lon="-124.52187934">
      </trkpt>
      <trkpt lat="49.32742714" lon="-124.5218895">
      </trkpt>
      <trkpt lat="49.32750571" lon="-124.52192389">
      </trkpt>
      <trkpt lat="49.32757432" lon="-124.52201082">
      </trkpt>
      <trkpt lat="49.32765961" lon="-124.52209529">
      </trkpt>
      <trkpt lat="49.32770384" lon="-124.52216392">
      </trkpt>
      <trkpt lat="49.32776177" lon="-124.5222516">
      </trkpt>
      <trkpt lat="49.32784832" lon="-124.52229194">
      </trkpt>
      <trkpt lat="49.32792663" lon="-124.52230525">
      </trkpt>
      <trkpt lat="49.32798598" lon="-124.52231198">
      </trkpt>
      <trkpt lat="49.32804587" lon="-124.52230089">
      </trkpt>
      <trkpt lat="49.32809909" lon="-124.52225601">
      </trkpt>
      <trkpt lat="49.32816892" lon="-124.5222258">
      </trkpt>
      <trkpt lat="49.32824915" lon="-124.52220923">
      </trkpt>
      <trkpt lat="49.32828454" lon="-124.52214698">
      </trkpt>
      <trkpt lat="49.32830551" lon="-124.52208025">
      </trkpt>
      <trkpt lat="49.32831554" lon="-124.52204143">
      </trkpt>
      <trkpt lat="49.32835721" lon="-124.5220259">
      </trkpt>
      <trkpt lat="49.32843741" lon="-124.52206119">
      </trkpt>
      <trkpt lat="49.32850822" lon="-124.52213243">
      </trkpt>
      <trkpt lat="49.328537" lon="-124.52218251">
      </trkpt>
      <trkpt lat="49.32856599" lon="-124.52223233">
      </trkpt>
      <trkpt lat="49.32855027" lon="-124.52227043">
      </trkpt>
      <trkpt lat="49.32855505" lon="-124.52231354">
      </trkpt>
      <trkpt lat="49.32855294" lon="-124.52241335">
      </trkpt>
      <trkpt lat="49.3285492" lon="-124.52246034">
      </trkpt>
      <trkpt lat="49.3285528" lon="-124.5225147">
      </trkpt>
      <trkpt lat="49.32858579" lon="-124.52260547">
      </trkpt>
      <trkpt lat="49.32859853" lon="-124.52268145">
      </trkpt>
      <trkpt lat="49.32859949" lon="-124.52274956">
      </trkpt>
      <trkpt lat="49.328594" lon="-124.52279303">
      </trkpt>
      <trkpt lat="49.3285294" lon="-124.52284564">
      </trkpt>
      <trkpt lat="49.32847721" lon="-124.52289526">
      </trkpt>
      <trkpt lat="49.32842497" lon="-124.52293335">
      </trkpt>
      <trkpt lat="49.32839222" lon="-124.52294297">
      </trkpt>
      <trkpt lat="49.32833749" lon="-124.52290809">
      </trkpt>
      <trkpt lat="49.32828638" lon="-124.52285041">
      </trkpt>
      <trkpt lat="49.32823573" lon="-124.52285575">
      </trkpt>
      <trkpt lat="49.32820153" lon="-124.52289225">
      </trkpt>
      <trkpt lat="49.32818256" lon="-124.52292198">
      </trkpt>
      <trkpt lat="49.32818049" lon="-124.52305311">
      </trkpt>
      <trkpt lat="49.32817031" lon="-124.52315716">
      </trkpt>
      <trkpt lat="49.32816109" lon="-124.5232325">
      </trkpt>
      <trkpt lat="49.32815744" lon="-124.5232691">
      </trkpt>
      <trkpt lat="49.32817595" lon="-124.52333935">
      </trkpt>
      <trkpt lat="49.32820431" lon="-124.52343863">
      </trkpt>
      <trkpt lat="49.32821185" lon="-124.52356639">
      </trkpt>
      <trkpt lat="49.32821865" lon="-124.5236203">
      </trkpt>
      <trkpt lat="49.3282516" lon="-124.52368143">
      </trkpt>
      <trkpt lat="49.32826883" lon="-124.52372741">
      </trkpt>
      <trkpt lat="49.32827932" lon="-124.52385782">
      </trkpt>
      <trkpt lat="49.32825904" lon="-124.52395493">
      </trkpt>
      <trkpt lat="49.32823903" lon="-124.52400497">
      </trkpt>
      <trkpt lat="49.32825558" lon="-124.52407887">
      </trkpt>
      <trkpt lat="49.3282916" lon="-124.52415628">
      </trkpt>
      <trkpt lat="49.32831803" lon="-124.5241986">
      </trkpt>
      <trkpt lat="49.32834801" lon="-124.5242746">
      </trkpt>
      <trkpt lat="49.3283454" lon="-124.52435647">
      </trkpt>
      <trkpt lat="49.32833349" lon="-124.52440893">
      </trkpt>
      <trkpt lat="49.3283606" lon="-124.52451486">
      </trkpt>
      <trkpt lat="49.32839865" lon="-124.52461024">
      </trkpt>
      <trkpt lat="49.32845211" lon="-124.52468327">
      </trkpt>
      <trkpt lat="49.32850861" lon="-124.52474722">
      </trkpt>
      <trkpt lat="49.3285522" lon="-124.52485944">
      </trkpt>
      <trkpt lat="49.32856962" lon="-124.52495173">
      </trkpt>
      <trkpt lat="49.32856602" lon="-124.52499824">
      </trkpt>
      <trkpt lat="49.32852613" lon="-124.52502836">
      </trkpt>
      <trkpt lat="49.32847453" lon="-124.52503995">
      </trkpt>
      <trkpt lat="49.32843883" lon="-124.52504901">
      </trkpt>
      <trkpt lat="49.32847848" lon="-124.52512635">
      </trkpt>
      <trkpt lat="49.32854472" lon="-124.52526669">
      </trkpt>
      <trkpt lat="49.32855965" lon="-124.52541849">
      </trkpt>
      <trkpt lat="49.32866475" lon="-124.52543282">
      </trkpt>
      <trkpt lat="49.32874949" lon="-124.52545726">
      </trkpt>
      <trkpt lat="49.32887077" lon="-124.5255552">
      </trkpt>
      <trkpt lat="49.3289879" lon="-124.52567361">
      </trkpt>
      <trkpt lat="49.32916284" lon="-124.52579698">
      </trkpt>
      <trkpt lat="49.32937451" lon="-124.5260074">
      </trkpt>
      <trkpt lat="49.32953613" lon="-124.5261312">
      </trkpt>
      <trkpt lat="49.32975179" lon="-124.52630756">
      </trkpt>
      <trkpt lat="49.3299443" lon="-124.5264168">
      </trkpt>
      <trkpt lat="49.3301297" lon="-124.52632947">
      </trkpt>
      <trkpt lat="49.33024368" lon="-124.52621727">
      </trkpt>
      <trkpt lat="49.33032621" lon="-124.52607891">
      </trkpt>
      <trkpt lat="49.33033777" lon="-124.5259496">
      </trkpt>
      <trkpt lat="49.33030474" lon="-124.52580816">
      </trkpt>
      <trkpt lat="49.33027625" lon="-124.52567333">
      </trkpt>
      <trkpt lat="49.33026561" lon="-124.52554473">
      </trkpt>
      <trkpt lat="49.33025996" lon="-124.5254567">
      </trkpt>
      <trkpt lat="49.33037195" lon="-124.52541957">
      </trkpt>
      <trkpt lat="49.33041103" lon="-124.52525103">
      </trkpt>
      <trkpt lat="49.33044498" lon="-124.52518003">
      </trkpt>
      <trkpt lat="49.33050298" lon="-124.52516">
      </trkpt>
      <trkpt lat="49.33059904" lon="-124.52518297">
      </trkpt>
      <trkpt lat="49.33067497" lon="-124.52517902">
      </trkpt>
      <trkpt lat="49.33077455" lon="-124.52512644">
      </trkpt>
      <trkpt lat="49.3308311" lon="-124.52507733">
      </trkpt>
      <trkpt lat="49.33087542" lon="-124.52502463">
      </trkpt>
      <trkpt lat="49.33090612" lon="-124.52497808">
      </trkpt>
      <trkpt lat="49.33090269" lon="-124.5249407">
      </trkpt>
      <trkpt lat="49.3308468" lon="-124.52486224">
      </trkpt>
      <trkpt lat="49.3308189" lon="-124.52483056">
      </trkpt>
      <trkpt lat="49.33081831" lon="-124.524768">
      </trkpt>
      <trkpt lat="49.33081255" lon="-124.52467502">
      </trkpt>
      <trkpt lat="49.33079187" lon="-124.52455469">
      </trkpt>
      <trkpt lat="49.33076098" lon="-124.52443404">
      </trkpt>
      <trkpt lat="49.33076688" lon="-124.52445581">
      </trkpt>
      <trkpt lat="49.33084812" lon="-124.52452914">
      </trkpt>
      <trkpt lat="49.33092137" lon="-124.52464699">
      </trkpt>
      <trkpt lat="49.33099116" lon="-124.52467974">
      </trkpt>
      <trkpt lat="49.33110777" lon="-124.52469745">
      </trkpt>
      <trkpt lat="49.33117703" lon="-124.5246837">
      </trkpt>
      <trkpt lat="49.33114893" lon="-124.52459838">
      </trkpt>
      <trkpt lat="49.33112474" lon="-124.52451637">
      </trkpt>
      <trkpt lat="49.3311076" lon="-124.52438484">
      </trkpt>
      <trkpt lat="49.33109476" lon="-124.52430979">
      </trkpt>
      <trkpt lat="49.33106572" lon="-124.52421699">
      </trkpt>
      <trkpt lat="49.33106903" lon="-124.52412212">
      </trkpt>
      <trkpt lat="49.33108579" lon="-124.52398456">
      </trkpt>
      <trkpt lat="49.33110602" lon="-124.52386431">
      </trkpt>
      <trkpt lat="49.33110557" lon="-124.5237715">
      </trkpt>
      <trkpt lat="49.33105702" lon="-124.52366943">
      </trkpt>
      <trkpt lat="49.33099264" lon="-124.52363041">
      </trkpt>
      <trkpt lat="49.33092489" lon="-124.52362414">
      </trkpt>
      <trkpt lat="49.33086817" lon="-124.52368087">
      </trkpt>
      <trkpt lat="49.33081258" lon="-124.52375538">
      </trkpt>
      <trkpt lat="49.33075843" lon="-124.52381846">
      </trkpt>
      <trkpt lat="49.33067132" lon="-124.52385704">
      </trkpt>
      <trkpt lat="49.33059714" lon="-124.5239274">
      </trkpt>
      <trkpt lat="49.33051496" lon="-124.52396808">
      </trkpt>
      <trkpt lat="49.3303594" lon="-124.52405072">
      </trkpt>
      <trkpt lat="49.33027704" lon="-124.52410557">
      </trkpt>
      <trkpt lat="49.33019706" lon="-124.52413722">
      </trkpt>
      <trkpt lat="49.33013828" lon="-124.52415542">
      </trkpt>
      <trkpt lat="49.33009915" lon="-124.52412224">
      </trkpt>
      <trkpt lat="49.33003756" lon="-124.52403733">
      </trkpt>
      <trkpt lat="49.32994443" lon="-124.52392389">
      </trkpt>
      <trkpt lat="49.32987796" lon="-124.52388443">
      </trkpt>
      <trkpt lat="49.32981487" lon="-124.52391326">
      </trkpt>
      <trkpt lat="49.32975559" lon="-124.52394192">
      </trkpt>
      <trkpt lat="49.32970031" lon="-124.52391677">
      </trkpt>
      <trkpt lat="49.32962563" lon="-124.52382587">
      </trkpt>
      <trkpt lat="49.32955398" lon="-124.52372781">
      </trkpt>
      <trkpt lat="49.32944719" lon="-124.52362181">
      </trkpt>
      <trkpt lat="49.32937503" lon="-124.52355897">
      </trkpt>
      <trkpt lat="49.32933102" lon="-124.52362401">
      </trkpt>
      <trkpt lat="49.32935178" lon="-124.5237078">
      </trkpt>
      <trkpt lat="49.32936967" lon="-124.52387316">
      </trkpt>
      <trkpt lat="49.32935595" lon="-124.52394299">
      </trkpt>
      <trkpt lat="49.32930874" lon="-124.52403951">
      </trkpt>
      <trkpt lat="49.32927781" lon="-124.52412159">
      </trkpt>
      <trkpt lat="49.32925527" lon="-124.52424078">
      </trkpt>
      <trkpt lat="49.32925402" lon="-124.52432828">
      </trkpt>
      <trkpt lat="49.32927079" lon="-124.5244614">
      </trkpt>
      <trkpt lat="49.32930218" lon="-124.52454985">
      </trkpt>
      <trkpt lat="49.32933298" lon="-124.52455964">
      </trkpt>
      <trkpt lat="49.32940588" lon="-124.52449056">
      </trkpt>
      <trkpt lat="49.32944092" lon="-124.52444069">
      </trkpt>
      <trkpt lat="49.32949205" lon="-124.52438187">
      </trkpt>
      <trkpt lat="49.3295473" lon="-124.524346">
      </trkpt>
      <trkpt lat="49.32964893" lon="-124.52431107">
      </trkpt>
      <trkpt lat="49.32972084" lon="-124.52432414">
      </trkpt>
      <trkpt lat="49.32980775" lon="-124.52436765">
      </trkpt>
      <trkpt lat="49.32989967" lon="-124.52443631">
      </trkpt>
      <trkpt lat="49.32995021" lon="-124.52449967">
      </trkpt>
      <trkpt lat="49.32997351" lon="-124.52454445">
      </trkpt>
      <trkpt lat="49.32995702" lon="-124.52464615">
      </trkpt>
      <trkpt lat="49.32992601" lon="-124.5247366">
      </trkpt>
      <trkpt lat="49.32988123" lon="-124.52479913">
      </trkpt>
      <trkpt lat="49.32982563" lon="-124.52491825">
      </trkpt>
      <trkpt lat="49.32978284" lon="-124.5250081">
      </trkpt>
      <trkpt lat="49.32974501" lon="-124.52508472">
      </trkpt>
      <trkpt lat="49.32970156" lon="-124.52521761">
      </trkpt>
      <trkpt lat="49.32969595" lon="-124.52529363">
      </trkpt>
      <trkpt lat="49.32972387" lon="-124.52535554">
      </trkpt>
      <trkpt lat="49.32978491" lon="-124.52538524">
      </trkpt>
      <trkpt lat="49.32980995" lon="-124.52536881">
      </trkpt>
      <trkpt lat="49.3298406" lon="-124.52535489">
      </trkpt>
      <trkpt lat="49.32991589" lon="-124.52533746">
      </trkpt>
      <trkpt lat="49.32996454" lon="-124.52530163">
      </trkpt>
      <trkpt lat="49.33002503" lon="-124.52524786">
      </trkpt>
      <trkpt lat="49.33007698" lon="-124.5251904">
      </trkpt>
      <trkpt lat="49.33012087" lon="-124.52520712">
      </trkpt>
      <trkpt lat="49.33016075" lon="-124.52524661">
      </trkpt>
      <trkpt lat="49.33019241" lon="-124.52532021">
      </trkpt>
      <trkpt lat="49.33019918" lon="-124.52536812">
      </trkpt>
      <trkpt lat="49.33018921" lon="-124.52545485">
      </trkpt>
      <trkpt lat="49.33014374" lon="-124.52553771">
      </trkpt>
      <trkpt lat="49.33008824" lon="-124.52564104">
      </trkpt>
      <trkpt lat="49.330043" lon="-124.52578302">
      </trkpt>
      <trkpt lat="49.32998297" lon="-124.52593086">
      </trkpt>
      <trkpt lat="49.32992397" lon="-124.52607214">
      </trkpt>
      <trkpt lat="49.32990128" lon="-124.52617859">
      </trkpt>
      <trkpt lat="49.32987808" lon="-124.52618264">
      </trkpt>
      <trkpt lat="49.32980356" lon="-124.52613698">
      </trkpt>
      <trkpt lat="49.32974422" lon="-124.52607244">
      </trkpt>
      <trkpt lat="49.32967893" lon="-124.52597168">
      </trkpt>
      <trkpt lat="49.32962497" lon="-124.52582328">
      </trkpt>
      <trkpt lat="49.32954353" lon="-124.52574796">
      </trkpt>
      <trkpt lat="49.32951723" lon="-124.52568281">
      </trkpt>
      <trkpt lat="49.32943633" lon="-124.52562936">
      </trkpt>
      <trkpt lat="49.32936447" lon="-124.52560847">
      </trkpt>
      <trkpt lat="49.3292846" lon="-124.52557639">
      </trkpt>
      <trkpt lat="49.32921031" lon="-124.52549271">
      </trkpt>
      <trkpt lat="49.32914306" lon="-124.52539151">
      </trkpt>
      <trkpt lat="49.3290976" lon="-124.5253306">
      </trkpt>
      <trkpt lat="49.32904724" lon="-124.52528382">
      </trkpt>
      <trkpt lat="49.32896955" lon="-124.52521739">
      </trkpt>
      <trkpt lat="49.3288906" lon="-124.52512461">
      </trkpt>
      <trkpt lat="49.32876442" lon="-124.52498607">
      </trkpt>
      <trkpt lat="49.328716" lon="-124.52495617">
      </trkpt>
      <trkpt lat="49.32862755" lon="-124.52498612">
      </trkpt>
      <trkpt lat="49.32857075" lon="-124.5250558">
      </trkpt>
      <trkpt lat="49.32857205" lon="-124.52515076">
      </trkpt>
      <trkpt lat="49.32858685" lon="-124.52525886">
      </trkpt>
      <trkpt lat="49.32855965" lon="-124.52541849">
      </trkpt>
      <trkpt lat="49.32846067" lon="-124.52547077">
      </trkpt>
      <trkpt lat="49.32834896" lon="-124.52553326">
      </trkpt>
      <trkpt lat="49.32824335" lon="-124.52557101">
      </trkpt>
      <trkpt lat="49.32814691" lon="-124.52557408">
      </trkpt>
      <trkpt lat="49.32804003" lon="-124.52551854">
      </trkpt>
      <trkpt lat="49.32794633" lon="-124.52548713">
      </trkpt>
      <trkpt lat="49.32783959" lon="-124.52544141">
      </trkpt>
      <trkpt lat="49.32777509" lon="-124.52542872">
      </trkpt>
      <trkpt lat="49.32772668" lon="-124.52541552">
      </trkpt>
      <trkpt lat="49.32767163" lon="-124.52538781">
      </trkpt>
      <trkpt lat="49.32759079" lon="-124.525356">
      </trkpt>
      <trkpt lat="49.32750065" lon="-124.52534904">
      </trkpt>
      <trkpt lat="49.32740441" lon="-124.52536684">
      </trkpt>
      <trkpt lat="49.32728882" lon="-124.52538033">
      </trkpt>
      <trkpt lat="49.32716667" lon="-124.52538422">
      </trkpt>
      <trkpt lat="49.32705402" lon="-124.52537799">
      </trkpt>
      <trkpt lat="49.3269476" lon="-124.52535681">
      </trkpt>
      <trkpt lat="49.32683777" lon="-124.52532101">
      </trkpt>
      <trkpt lat="49.32676853" lon="-124.52530102">
      </trkpt>
      <trkpt lat="49.32677214" lon="-124.52522485">
      </trkpt>
      <trkpt lat="49.32680261" lon="-124.52510109">
      </trkpt>
      <trkpt lat="49.32683623" lon="-124.5249723">
      </trkpt>
      <trkpt lat="49.32686329" lon="-124.5248339">
      </trkpt>
      <trkpt lat="49.32688672" lon="-124.52466614">
      </trkpt>
      <trkpt lat="49.32687252" lon="-124.52456835">
      </trkpt>
      <trkpt lat="49.32680568" lon="-124.52438382">
      </trkpt>
      <trkpt lat="49.326742" lon="-124.52419428">
      </trkpt>
      <trkpt lat="49.32670181" lon="-124.52407767">
      </trkpt>
      <trkpt lat="49.32666498" lon="-124.52397078">
      </trkpt>
      <trkpt lat="49.32668279" lon="-124.52386214">
      </trkpt>
      <trkpt lat="49.32671387" lon="-124.52378257">
      </trkpt>
      <trkpt lat="49.32675559" lon="-124.52377632">
      </trkpt>
      <trkpt lat="49.32679503" lon="-124.52383892">
      </trkpt>
      <trkpt lat="49.32685397" lon="-124.52391564">
      </trkpt>
      <trkpt lat="49.32690333" lon="-124.52399757">
      </trkpt>
      <trkpt lat="49.32695878" lon="-124.52405475">
      </trkpt>
      <trkpt lat="49.32702079" lon="-124.52412154">
      </trkpt>
      <trkpt lat="49.32706366" lon="-124.52419877">
      </trkpt>
      <trkpt lat="49.32708743" lon="-124.52429134">
      </trkpt>
      <trkpt lat="49.3270883" lon="-124.52435517">
      </trkpt>
      <trkpt lat="49.32707337" lon="-124.52443915">
      </trkpt>
      <trkpt lat="49.32707732" lon="-124.52449306">
      </trkpt>
      <trkpt lat="49.32708154" lon="-124.52456662">
      </trkpt>
      <trkpt lat="49.32706292" lon="-124.52461633">
      </trkpt>
      <trkpt lat="49.32706426" lon="-124.52471452">
      </trkpt>
      <trkpt lat="49.32705597" lon="-124.52481303">
      </trkpt>
      <trkpt lat="49.32704733" lon="-124.52488699">
      </trkpt>
      <trkpt lat="49.32705134" lon="-124.5249458">
      </trkpt>
      <trkpt lat="49.32707478" lon="-124.52501383">
      </trkpt>
      <trkpt lat="49.32711081" lon="-124.5250618">
      </trkpt>
      <trkpt lat="49.32717263" lon="-124.52511386">
      </trkpt>
      <trkpt lat="49.32724401" lon="-124.52516071">
      </trkpt>
      <trkpt lat="49.32731172" lon="-124.5251733">
      </trkpt>
      <trkpt lat="49.32736336" lon="-124.52518639">
      </trkpt>
      <trkpt lat="49.32743743" lon="-124.52519387">
      </trkpt>
      <trkpt lat="49.327505" lon="-124.52519662">
      </trkpt>
      <trkpt lat="49.3275699" lon="-124.52523877">
      </trkpt>
      <trkpt lat="49.32759635" lon="-124.52529196">
      </trkpt>
      <trkpt lat="49.32759079" lon="-124.525356">
      </trkpt>
      <trkpt lat="49.32759488" lon="-124.52541972">
      </trkpt>
      <trkpt lat="49.32755107" lon="-124.52550954">
      </trkpt>
      <trkpt lat="49.32749991" lon="-124.52553081">
      </trkpt>
      <trkpt lat="49.32744272" lon="-124.52558176">
      </trkpt>
      <trkpt lat="49.3273592" lon="-124.52558932">
      </trkpt>
      <trkpt lat="49.32725949" lon="-124.52558759">
      </trkpt>
      <trkpt lat="49.32716318" lon="-124.52560047">
      </trkpt>
      <trkpt lat="49.32708288" lon="-124.52560793">
      </trkpt>
      <trkpt lat="49.32704196" lon="-124.52567309">
      </trkpt>
      <trkpt lat="49.32702723" lon="-124.52577181">
      </trkpt>
      <trkpt lat="49.32701223" lon="-124.52585088">
      </trkpt>
      <trkpt lat="49.32700037" lon="-124.52592493">
      </trkpt>
      <trkpt lat="49.32698182" lon="-124.52597956">
      </trkpt>
      <trkpt lat="49.32693448" lon="-124.52604492">
      </trkpt>
      <trkpt lat="49.3268807" lon="-124.52611049">
      </trkpt>
      <trkpt lat="49.32685297" lon="-124.52619979">
      </trkpt>
      <trkpt lat="49.32683804" lon="-124.52628377">
      </trkpt>
      <trkpt lat="49.32682598" lon="-124.5263431">
      </trkpt>
      <trkpt lat="49.32678479" lon="-124.52638861">
      </trkpt>
      <trkpt lat="49.3267209" lon="-124.52642012">
      </trkpt>
      <trkpt lat="49.32667543" lon="-124.52638718">
      </trkpt>
      <trkpt lat="49.3266617" lon="-124.52632376">
      </trkpt>
    </trkseg>
    <trkseg>
      <trkpt lat="49.32682598" lon="-124.5263431">
      </trkpt>
      <trkpt lat="49.32686954" lon="-124.52642692">
      </trkpt>
      <trkpt lat="49.32691304" lon="-124.52653971">
      </trkpt>
      <trkpt lat="49.32691824" lon="-124.52661024">
      </trkpt>
      <trkpt lat="49.32691503" lon="-124.52664996">
      </trkpt>
      <trkpt lat="49.32697671" lon="-124.52673452">
      </trkpt>
      <trkpt lat="49.32703621" lon="-124.52681187">
      </trkpt>
      <trkpt lat="49.32709165" lon="-124.52684918">
      </trkpt>
      <trkpt lat="49.32714458" lon="-124.52688021">
      </trkpt>
      <trkpt lat="49.3272057" lon="-124.52694559">
      </trkpt>
      <trkpt lat="49.3272375" lon="-124.52701063">
      </trkpt>
      <trkpt lat="49.3272607" lon="-124.52717305">
      </trkpt>
      <trkpt lat="49.32727663" lon="-124.52727016">
      </trkpt>
      <trkpt lat="49.32728811" lon="-124.52734644">
      </trkpt>
      <trkpt lat="49.32732073" lon="-124.5274422">
      </trkpt>
      <trkpt lat="49.32737376" lon="-124.52749433">
      </trkpt>
      <trkpt lat="49.3274747" lon="-124.52750971">
      </trkpt>
      <trkpt lat="49.32757542" lon="-124.52746898">
      </trkpt>
      <trkpt lat="49.32765174" lon="-124.52741691">
      </trkpt>
      <trkpt lat="49.32774013" lon="-124.52735513">
      </trkpt>
      <trkpt lat="49.32776718" lon="-124.52731846">
      </trkpt>
      <trkpt lat="49.32784194" lon="-124.52726913">
      </trkpt>
      <trkpt lat="49.32792765" lon="-124.52735081">
      </trkpt>
      <trkpt lat="49.3279871" lon="-124.5274137">
      </trkpt>
      <trkpt lat="49.32806089" lon="-124.52750496">
      </trkpt>
      <trkpt lat="49.32811998" lon="-124.52754831">
      </trkpt>
      <trkpt lat="49.32819094" lon="-124.52753385">
      </trkpt>
      <trkpt lat="49.3282413" lon="-124.52745875">
      </trkpt>
      <trkpt lat="49.32827901" lon="-124.52739696">
      </trkpt>
      <trkpt lat="49.32831481" lon="-124.52728526">
      </trkpt>
      <trkpt lat="49.32836509" lon="-124.52716147">
      </trkpt>
      <trkpt lat="49.32841624" lon="-124.52710767">
      </trkpt>
      <trkpt lat="49.32852002" lon="-124.52708819">
      </trkpt>
      <trkpt lat="49.32860975" lon="-124.5271613">
      </trkpt>
      <trkpt lat="49.32867094" lon="-124.52723085">
      </trkpt>
      <trkpt lat="49.32867068" lon="-124.52721051">
      </trkpt>
      <trkpt lat="49.32866331" lon="-124.52709674">
      </trkpt>
      <trkpt lat="49.32865292" lon="-124.52701373">
      </trkpt>
      <trkpt lat="49.32861301" lon="-124.52693551">
      </trkpt>
      <trkpt lat="49.32853328" lon="-124.52683317">
      </trkpt>
      <trkpt lat="49.32851412" lon="-124.52678698">
      </trkpt>
      <trkpt lat="49.32851846" lon="-124.52669056">
      </trkpt>
      <trkpt lat="49.32854785" lon="-124.52664761">
      </trkpt>
      <trkpt lat="49.32857925" lon="-124.5266192">
      </trkpt>
      <trkpt lat="49.32861974" lon="-124.52656402">
      </trkpt>
      <trkpt lat="49.32867438" lon="-124.52649637">
      </trkpt>
      <trkpt lat="49.3287584" lon="-124.52646456">
      </trkpt>
      <trkpt lat="49.3288428" lon="-124.52648422">
      </trkpt>
      <trkpt lat="49.32889701" lon="-124.52653224">
      </trkpt>
      <trkpt lat="49.32893408" lon="-124.52661882">
      </trkpt>
      <trkpt lat="49.32897364" lon="-124.52669643">
      </trkpt>
      <trkpt lat="49.32902508" lon="-124.5266937">
      </trkpt>
      <trkpt lat="49.32907823" lon="-124.52664114">
      </trkpt>
      <trkpt lat="49.32914096" lon="-124.52653672">
      </trkpt>
      <trkpt lat="49.3291734" lon="-124.52644642">
      </trkpt>
      <trkpt lat="49.32915572" lon="-124.52639332">
      </trkpt>
      <trkpt lat="49.32912146" lon="-124.52633411">
      </trkpt>
      <trkpt lat="49.32905144" lon="-124.52623771">
      </trkpt>
      <trkpt lat="49.32900396" lon="-124.526166">
      </trkpt>
      <trkpt lat="49.32895843" lon="-124.52614282">
      </trkpt>
      <trkpt lat="49.32890973" lon="-124.5261578">
      </trkpt>
      <trkpt lat="49.32884104" lon="-124.52619333">
      </trkpt>
      <trkpt lat="49.32876867" lon="-124.52623569">
      </trkpt>
      <trkpt lat="49.32871649" lon="-124.52626176">
      </trkpt>
      <trkpt lat="49.32863307" lon="-124.52627687">
      </trkpt>
      <trkpt lat="49.3285341" lon="-124.52622791">
      </trkpt>
      <trkpt lat="49.32844449" lon="-124.52616827">
      </trkpt>
      <trkpt lat="49.32839289" lon="-124.52610843">
      </trkpt>
      <trkpt lat="49.32833626" lon="-124.52604638">
      </trkpt>
      <trkpt lat="49.32826376" lon="-124.52598895">
      </trkpt>
      <trkpt lat="49.32820146" lon="-124.52594758">
      </trkpt>
      <trkpt lat="49.32816072" lon="-124.52589159">
      </trkpt>
      <trkpt lat="49.32814074" lon="-124.52585115">
      </trkpt>
      <trkpt lat="49.32810606" lon="-124.52580306">
      </trkpt>
      <trkpt lat="49.32802058" lon="-124.52578467">
      </trkpt>
      <trkpt lat="49.32793666" lon="-124.52584724">
      </trkpt>
      <trkpt lat="49.32788354" lon="-124.52589952">
      </trkpt>
      <trkpt lat="49.32785318" lon="-124.52604333">
      </trkpt>
      <trkpt lat="49.32781296" lon="-124.52617888">
      </trkpt>
      <trkpt lat="49.32777007" lon="-124.52630402">
      </trkpt>
      <trkpt lat="49.32773139" lon="-124.52641215">
      </trkpt>
      <trkpt lat="49.32766957" lon="-124.52633903">
      </trkpt>
      <trkpt lat="49.32762748" lon="-124.52618499">
      </trkpt>
      <trkpt lat="49.32765056" lon="-124.52603449">
      </trkpt>
      <trkpt lat="49.32768243" lon="-124.52594114">
      </trkpt>
      <trkpt lat="49.32769015" lon="-124.52581381">
      </trkpt>
      <trkpt lat="49.32768094" lon="-124.52572707">
      </trkpt>
      <trkpt lat="49.32769345" lon="-124.52565512">
      </trkpt>
      <trkpt lat="49.32770068" lon="-124.52557261">
      </trkpt>
      <trkpt lat="49.32769352" lon="-124.5255051">
      </trkpt>
      <trkpt lat="49.32772668" lon="-124.52541552">
      </trkpt>
    </trkseg>
    <trkseg>
      <trkpt lat="49.32354743" lon="-124.52907021">
      </trkpt>
      <trkpt lat="49.32362318" lon="-124.52896467">
      </trkpt>
      <trkpt lat="49.32369866" lon="-124.52883948">
      </trkpt>
      <trkpt lat="49.32376108" lon="-124.52869997">
      </trkpt>
      <trkpt lat="49.32381025" lon="-124.52853141">
      </trkpt>
      <trkpt lat="49.32386914" lon="-124.5282976">
      </trkpt>
      <trkpt lat="49.32389491" lon="-124.52813577">
      </trkpt>
      <trkpt lat="49.32393994" lon="-124.52792068">
      </trkpt>
      <trkpt lat="49.32396666" lon="-124.52778146">
      </trkpt>
      <trkpt lat="49.32403294" lon="-124.52764513">
      </trkpt>
      <trkpt lat="49.32408298" lon="-124.52754038">
      </trkpt>
      <trkpt lat="49.32416756" lon="-124.52737561">
      </trkpt>
      <trkpt lat="49.32424846" lon="-124.52717656">
      </trkpt>
      <trkpt lat="49.32430761" lon="-124.52703225">
      </trkpt>
      <trkpt lat="49.32438998" lon="-124.52694121">
      </trkpt>
      <trkpt lat="49.32450296" lon="-124.52683455">
      </trkpt>
      <trkpt lat="49.3246149" lon="-124.52675579">
      </trkpt>
      <trkpt lat="49.32469549" lon="-124.52666819">
      </trkpt>
      <trkpt lat="49.32476096" lon="-124.52662997">
      </trkpt>
    </trkseg>
    <trkseg>
      <trkpt lat="49.32032866" lon="-124.52674123">
      </trkpt>
      <trkpt lat="49.3203673" lon="-124.52650916">
      </trkpt>
      <trkpt lat="49.32039985" lon="-124.52630185">
      </trkpt>
      <trkpt lat="49.32043233" lon="-124.52608963">
      </trkpt>
      <trkpt lat="49.3204614" lon="-124.52586278">
      </trkpt>
      <trkpt lat="49.32049087" lon="-124.52566538">
      </trkpt>
      <trkpt lat="49.32052703" lon="-124.52548742">
      </trkpt>
      <trkpt lat="49.32060726" lon="-124.52523929">
      </trkpt>
      <trkpt lat="49.32066928" lon="-124.52507034">
      </trkpt>
      <trkpt lat="49.32071843" lon="-124.52490179">
      </trkpt>
      <trkpt lat="49.32077087" lon="-124.52473804">
      </trkpt>
      <trkpt lat="49.32083002" lon="-124.5246425">
      </trkpt>
      <trkpt lat="49.32085231" lon="-124.52481403">
      </trkpt>
      <trkpt lat="49.32087294" lon="-124.52514734">
      </trkpt>
      <trkpt lat="49.32087609" lon="-124.52537809">
      </trkpt>
      <trkpt lat="49.32086014" lon="-124.52562417">
      </trkpt>
      <trkpt lat="49.32083524" lon="-124.52591965">
      </trkpt>
      <trkpt lat="49.32082324" lon="-124.52621963">
      </trkpt>
      <trkpt lat="49.32080475" lon="-124.5265149">
      </trkpt>
      <trkpt lat="49.32074461" lon="-124.52682133">
      </trkpt>
      <trkpt lat="49.32070865" lon="-124.52701402">
      </trkpt>
      <trkpt lat="49.32065306" lon="-124.52718277">
      </trkpt>
    </trkseg>
    <trkseg>
      <trkpt lat="49.32082274" lon="-124.52003806">
      </trkpt>
      <trkpt lat="49.3207195" lon="-124.52003942">
      </trkpt>
      <trkpt lat="49.32060814" lon="-124.52012647">
      </trkpt>
      <trkpt lat="49.32052919" lon="-124.52023213">
      </trkpt>
      <trkpt lat="49.32046296" lon="-124.52032757">
      </trkpt>
      <trkpt lat="49.32038441" lon="-124.52046268">
      </trkpt>
      <trkpt lat="49.32030291" lon="-124.52061754">
      </trkpt>
      <trkpt lat="49.32022456" lon="-124.52076737">
      </trkpt>
      <trkpt lat="49.32016871" lon="-124.5209165">
      </trkpt>
      <trkpt lat="49.32012558" lon="-124.52105539">
      </trkpt>
      <trkpt lat="49.32009813" lon="-124.52116433">
      </trkpt>
      <trkpt lat="49.32006887" lon="-124.52137644">
      </trkpt>
      <trkpt lat="49.32002937" lon="-124.52154469">
      </trkpt>
      <trkpt lat="49.31996053" lon="-124.5216844">
      </trkpt>
      <trkpt lat="49.31985143" lon="-124.52170262">
      </trkpt>
      <trkpt lat="49.31972579" lon="-124.52168698">
      </trkpt>
      <trkpt lat="49.31960022" lon="-124.52167625">
      </trkpt>
      <trkpt lat="49.31953278" lon="-124.52168331">
      </trkpt>
    </trkseg>
    <trkseg>
      <trkpt lat="49.31925044" lon="-124.52136174">
      </trkpt>
      <trkpt lat="49.31928149" lon="-124.5214163">
      </trkpt>
      <trkpt lat="49.31936621" lon="-124.52149709">
      </trkpt>
      <trkpt lat="49.3194638" lon="-124.52157747">
      </trkpt>
      <trkpt lat="49.31953278" lon="-124.52168331">
      </trkpt>
      <trkpt lat="49.31962353" lon="-124.52173445">
      </trkpt>
      <trkpt lat="49.31975667" lon="-124.52182842">
      </trkpt>
      <trkpt lat="49.31989564" lon="-124.52187802">
      </trkpt>
      <trkpt lat="49.32004137" lon="-124.52195195">
      </trkpt>
      <trkpt lat="49.32014217" lon="-124.52203223">
      </trkpt>
      <trkpt lat="49.32023338" lon="-124.52211773">
      </trkpt>
      <trkpt lat="49.32035024" lon="-124.5221975">
      </trkpt>
      <trkpt lat="49.32052946" lon="-124.52236859">
      </trkpt>
      <trkpt lat="49.32064339" lon="-124.5224681">
      </trkpt>
      <trkpt lat="49.32074405" lon="-124.52253856">
      </trkpt>
      <trkpt lat="49.32084436" lon="-124.5225355">
      </trkpt>
      <trkpt lat="49.32085779" lon="-124.52231371">
      </trkpt>
      <trkpt lat="49.32095092" lon="-124.52216073">
      </trkpt>
      <trkpt lat="49.32109486" lon="-124.52199546">
      </trkpt>
      <trkpt lat="49.32121062" lon="-124.52185082">
      </trkpt>
      <trkpt lat="49.32137985" lon="-124.52176193">
      </trkpt>
      <trkpt lat="49.32151491" lon="-124.52176301">
      </trkpt>
      <trkpt lat="49.32162231" lon="-124.5216527">
      </trkpt>
      <trkpt lat="49.32172245" lon="-124.52153956">
      </trkpt>
      <trkpt lat="49.32185808" lon="-124.52145688">
      </trkpt>
      <trkpt lat="49.32197649" lon="-124.52136747">
      </trkpt>
      <trkpt lat="49.32203939" lon="-124.52132166">
      </trkpt>
      <trkpt lat="49.32205302" lon="-124.52117602">
      </trkpt>
      <trkpt lat="49.32205071" lon="-124.5210643">
      </trkpt>
      <trkpt lat="49.32203681" lon="-124.52094553">
      </trkpt>
      <trkpt lat="49.32205088" lon="-124.52085717">
      </trkpt>
      <trkpt lat="49.32207189" lon="-124.52071876">
      </trkpt>
    </trkseg>
    <trkseg>
      <trkpt lat="49.32203939" lon="-124.52132166">
      </trkpt>
      <trkpt lat="49.3221656" lon="-124.52113274">
      </trkpt>
      <trkpt lat="49.32231815" lon="-124.52100016">
      </trkpt>
      <trkpt lat="49.32248739" lon="-124.52091126">
      </trkpt>
      <trkpt lat="49.32265695" lon="-124.52084692">
      </trkpt>
      <trkpt lat="49.32283014" lon="-124.52081192">
      </trkpt>
      <trkpt lat="49.32305884" lon="-124.520839">
      </trkpt>
      <trkpt lat="49.32322126" lon="-124.5209566">
      </trkpt>
      <trkpt lat="49.32338433" lon="-124.52112332">
      </trkpt>
      <trkpt lat="49.32351219" lon="-124.52130096">
      </trkpt>
      <trkpt lat="49.32356497" lon="-124.52139752">
      </trkpt>
      <trkpt lat="49.32348226" lon="-124.52146401">
      </trkpt>
      <trkpt lat="49.32343676" lon="-124.52149968">
      </trkpt>
      <trkpt lat="49.32334566" lon="-124.52156724">
      </trkpt>
      <trkpt lat="49.32331392" lon="-124.52161347">
      </trkpt>
      <trkpt lat="49.32329542" lon="-124.52168623">
      </trkpt>
      <trkpt lat="49.32326431" lon="-124.52173213">
      </trkpt>
      <trkpt lat="49.32318938" lon="-124.52175825">
      </trkpt>
      <trkpt lat="49.32313092" lon="-124.52172033">
      </trkpt>
      <trkpt lat="49.32308959" lon="-124.52166045">
      </trkpt>
      <trkpt lat="49.32306113" lon="-124.52155257">
      </trkpt>
      <trkpt lat="49.32306371" lon="-124.5214241">
      </trkpt>
      <trkpt lat="49.32306661" lon="-124.52133437">
      </trkpt>
      <trkpt lat="49.32305031" lon="-124.52125894">
      </trkpt>
      <trkpt lat="49.32301954" lon="-124.52127942">
      </trkpt>
      <trkpt lat="49.32299967" lon="-124.52133298">
      </trkpt>
      <trkpt lat="49.3229657" lon="-124.52145939">
      </trkpt>
      <trkpt lat="49.32292982" lon="-124.52160799">
      </trkpt>
      <trkpt lat="49.32290646" lon="-124.52170625">
      </trkpt>
      <trkpt lat="49.32290176" lon="-124.5218136">
      </trkpt>
      <trkpt lat="49.32292603" lon="-124.52186302">
      </trkpt>
      <trkpt lat="49.32293944" lon="-124.52194779">
      </trkpt>
      <trkpt lat="49.32296021" lon="-124.52204983">
      </trkpt>
      <trkpt lat="49.32299045" lon="-124.5221454">
      </trkpt>
      <trkpt lat="49.32300519" lon="-124.52221628">
      </trkpt>
      <trkpt lat="49.32295994" lon="-124.52231322">
      </trkpt>
      <trkpt lat="49.32289468" lon="-124.52239961">
      </trkpt>
      <trkpt lat="49.32281825" lon="-124.52246365">
      </trkpt>
      <trkpt lat="49.32276095" lon="-124.5225148">
      </trkpt>
      <trkpt lat="49.32272301" lon="-124.52262346">
      </trkpt>
      <trkpt lat="49.32272435" lon="-124.52270624">
      </trkpt>
      <trkpt lat="49.32276876" lon="-124.52285653">
      </trkpt>
      <trkpt lat="49.32278487" lon="-124.52298941">
      </trkpt>
      <trkpt lat="49.32278256" lon="-124.52310297">
      </trkpt>
      <trkpt lat="49.32275114" lon="-124.52320906">
      </trkpt>
      <trkpt lat="49.32269835" lon="-124.52325017">
      </trkpt>
      <trkpt lat="49.32262912" lon="-124.5232979">
      </trkpt>
      <trkpt lat="49.32256419" lon="-124.52334947">
      </trkpt>
      <trkpt lat="49.32251753" lon="-124.5234041">
      </trkpt>
      <trkpt lat="49.32247642" lon="-124.52347189">
      </trkpt>
      <trkpt lat="49.32242392" lon="-124.52347981">
      </trkpt>
      <trkpt lat="49.32235533" lon="-124.52345395">
      </trkpt>
      <trkpt lat="49.3223206" lon="-124.52339673">
      </trkpt>
      <trkpt lat="49.32228769" lon="-124.52331453">
      </trkpt>
      <trkpt lat="49.32228581" lon="-124.52324077">
      </trkpt>
      <trkpt lat="49.32229011" lon="-124.52320372">
      </trkpt>
      <trkpt lat="49.32233096" lon="-124.52315304">
      </trkpt>
      <trkpt lat="49.3223578" lon="-124.52304481">
      </trkpt>
      <trkpt lat="49.32236408" lon="-124.52294544">
      </trkpt>
      <trkpt lat="49.32235748" lon="-124.52281602">
      </trkpt>
      <trkpt lat="49.32233699" lon="-124.52271097">
      </trkpt>
      <trkpt lat="49.32230113" lon="-124.52265373">
      </trkpt>
      <trkpt lat="49.32225927" lon="-124.52261815">
      </trkpt>
      <trkpt lat="49.32224352" lon="-124.52254048">
      </trkpt>
      <trkpt lat="49.32225918" lon="-124.52246147">
      </trkpt>
      <trkpt lat="49.32230929" lon="-124.52231333">
      </trkpt>
      <trkpt lat="49.32234227" lon="-124.52221839">
      </trkpt>
      <trkpt lat="49.32239112" lon="-124.52210404">
      </trkpt>
      <trkpt lat="49.32243535" lon="-124.52204305">
      </trkpt>
      <trkpt lat="49.32248113" lon="-124.52200035">
      </trkpt>
      <trkpt lat="49.32251288" lon="-124.52185905">
      </trkpt>
      <trkpt lat="49.32250146" lon="-124.52178995">
      </trkpt>
      <trkpt lat="49.32244832" lon="-124.52167672">
      </trkpt>
      <trkpt lat="49.32239793" lon="-124.52156779">
      </trkpt>
      <trkpt lat="49.32235023" lon="-124.5214859">
      </trkpt>
      <trkpt lat="49.32229173" lon="-124.5214237">
      </trkpt>
      <trkpt lat="49.32219913" lon="-124.52142304">
      </trkpt>
      <trkpt lat="49.32208986" lon="-124.52142774">
      </trkpt>
      <trkpt lat="49.32202566" lon="-124.52147669">
      </trkpt>
      <trkpt lat="49.32201166" lon="-124.52155031">
      </trkpt>
      <trkpt lat="49.32206248" lon="-124.52168258">
      </trkpt>
      <trkpt lat="49.32208853" lon="-124.52182289">
      </trkpt>
      <trkpt lat="49.32207997" lon="-124.52193616">
      </trkpt>
      <trkpt lat="49.32205523" lon="-124.52206253">
      </trkpt>
      <trkpt lat="49.32204184" lon="-124.52214861">
      </trkpt>
      <trkpt lat="49.32199296" lon="-124.52222374">
      </trkpt>
      <trkpt lat="49.32193982" lon="-124.52228048">
      </trkpt>
      <trkpt lat="49.32185385" lon="-124.52235513">
      </trkpt>
      <trkpt lat="49.32178972" lon="-124.52239407">
      </trkpt>
      <trkpt lat="49.32166912" lon="-124.52241883">
      </trkpt>
      <trkpt lat="49.32156784" lon="-124.52241204">
      </trkpt>
      <trkpt lat="49.32145565" lon="-124.52240253">
      </trkpt>
      <trkpt lat="49.3213644" lon="-124.52241513">
      </trkpt>
      <trkpt lat="49.3212939" lon="-124.52240248">
      </trkpt>
      <trkpt lat="49.32122018" lon="-124.52236818">
      </trkpt>
      <trkpt lat="49.32115316" lon="-124.52236845">
      </trkpt>
      <trkpt lat="49.32103882" lon="-124.52242804">
      </trkpt>
      <trkpt lat="49.32096626" lon="-124.52247379">
      </trkpt>
      <trkpt lat="49.32090484" lon="-124.52252198">
      </trkpt>
      <trkpt lat="49.32084436" lon="-124.5225355">
      </trkpt>
      <trkpt lat="49.32084016" lon="-124.52259787">
      </trkpt>
      <trkpt lat="49.32081614" lon="-124.5227561">
      </trkpt>
      <trkpt lat="49.32081773" lon="-124.52298806">
      </trkpt>
      <trkpt lat="49.32086569" lon="-124.52320264">
      </trkpt>
      <trkpt lat="49.3208977" lon="-124.52342755">
      </trkpt>
      <trkpt lat="49.32087145" lon="-124.52362484">
      </trkpt>
      <trkpt lat="49.32084727" lon="-124.52373858">
      </trkpt>
      <trkpt lat="49.32081573" lon="-124.52401953">
      </trkpt>
      <trkpt lat="49.32082009" lon="-124.52433864">
      </trkpt>
      <trkpt lat="49.32083002" lon="-124.5246425">
      </trkpt>
    </trkseg>
    <trkseg>
      <trkpt lat="49.32486257" lon="-124.52193125">
      </trkpt>
      <trkpt lat="49.3247116" lon="-124.52199457">
      </trkpt>
      <trkpt lat="49.32452294" lon="-124.52207426">
      </trkpt>
      <trkpt lat="49.32438512" lon="-124.52210813">
      </trkpt>
      <trkpt lat="49.32427295" lon="-124.52213626">
      </trkpt>
      <trkpt lat="49.32415494" lon="-124.52220879">
      </trkpt>
      <trkpt lat="49.32400332" lon="-124.52217433">
      </trkpt>
      <trkpt lat="49.32390862" lon="-124.5220693">
      </trkpt>
      <trkpt lat="49.32378753" lon="-124.52191597">
      </trkpt>
      <trkpt lat="49.32373053" lon="-124.52174588">
      </trkpt>
      <trkpt lat="49.32365364" lon="-124.52153222">
      </trkpt>
      <trkpt lat="49.32356497" lon="-124.52139752">
      </trkpt>
    </trkseg>
    <trkseg>
      <trkpt lat="49.32009098" lon="-124.52605628">
      </trkpt>
      <trkpt lat="49.3200287" lon="-124.52596986">
      </trkpt>
      <trkpt lat="49.31995342" lon="-124.52587403">
      </trkpt>
      <trkpt lat="49.31988109" lon="-124.52575845">
      </trkpt>
      <trkpt lat="49.31985082" lon="-124.52566119">
      </trkpt>
      <trkpt lat="49.31982042" lon="-124.52555411">
      </trkpt>
      <trkpt lat="49.3197448" lon="-124.52543372">
      </trkpt>
      <trkpt lat="49.31966913" lon="-124.52530844">
      </trkpt>
      <trkpt lat="49.31959037" lon="-124.52519308">
      </trkpt>
      <trkpt lat="49.31951871" lon="-124.5251266">
      </trkpt>
      <trkpt lat="49.31944102" lon="-124.52508977">
      </trkpt>
      <trkpt lat="49.31935088" lon="-124.52508283">
      </trkpt>
      <trkpt lat="49.31927742" lon="-124.52511954">
      </trkpt>
      <trkpt lat="49.31921117" lon="-124.52521496">
      </trkpt>
      <trkpt lat="49.31916778" lon="-124.52533421">
      </trkpt>
      <trkpt lat="49.31919518" lon="-124.52545613">
      </trkpt>
      <trkpt lat="49.31921949" lon="-124.52558795">
      </trkpt>
      <trkpt lat="49.31921412" lon="-124.5256667">
      </trkpt>
      <trkpt lat="49.31921894" lon="-124.52578442">
      </trkpt>
      <trkpt lat="49.31926033" lon="-124.52598938">
      </trkpt>
      <trkpt lat="49.31925183" lon="-124.52607314">
      </trkpt>
      <trkpt lat="49.31919203" lon="-124.52616836">
      </trkpt>
      <trkpt lat="49.3191203" lon="-124.52633271">
      </trkpt>
      <trkpt lat="49.31906498" lon="-124.52652111">
      </trkpt>
      <trkpt lat="49.31903015" lon="-124.52679724">
      </trkpt>
      <trkpt lat="49.31901976" lon="-124.52697929">
      </trkpt>
      <trkpt lat="49.31905198" lon="-124.52721891">
      </trkpt>
      <trkpt lat="49.31909369" lon="-124.52744842">
      </trkpt>
      <trkpt lat="49.31909911" lon="-124.52761031">
      </trkpt>
      <trkpt lat="49.31911043" lon="-124.52773273">
      </trkpt>
      <trkpt lat="49.31911263" lon="-124.52789474">
      </trkpt>
      <trkpt lat="49.31914953" lon="-124.52800653">
      </trkpt>
      <trkpt lat="49.3192222" lon="-124.52814664">
      </trkpt>
      <trkpt lat="49.319299" lon="-124.52835539">
      </trkpt>
      <trkpt lat="49.31936765" lon="-124.52843671">
      </trkpt>
      <trkpt lat="49.3194586" lon="-124.52850258">
      </trkpt>
      <trkpt lat="49.31956193" lon="-124.52853368">
      </trkpt>
      <trkpt lat="49.31965549" lon="-124.52855526">
      </trkpt>
      <trkpt lat="49.31969513" lon="-124.52863258">
      </trkpt>
      <trkpt lat="49.31966104" lon="-124.52872697">
      </trkpt>
      <trkpt lat="49.31960894" lon="-124.52867953">
      </trkpt>
      <trkpt lat="49.31956012" lon="-124.52863687">
      </trkpt>
      <trkpt lat="49.31949864" lon="-124.52860935">
      </trkpt>
      <trkpt lat="49.31944071" lon="-124.52860628">
      </trkpt>
      <trkpt lat="49.31939054" lon="-124.52870118">
      </trkpt>
      <trkpt lat="49.31934701" lon="-124.52881062">
      </trkpt>
      <trkpt lat="49.31925874" lon="-124.52894111">
      </trkpt>
      <trkpt lat="49.31921132" lon="-124.52900155">
      </trkpt>
      <trkpt lat="49.31915164" lon="-124.52910658">
      </trkpt>
      <trkpt lat="49.31908969" lon="-124.52928044">
      </trkpt>
      <trkpt lat="49.3190424" lon="-124.5293507">
      </trkpt>
      <trkpt lat="49.31896224" lon="-124.52936798">
      </trkpt>
      <trkpt lat="49.31888274" lon="-124.52943435">
      </trkpt>
      <trkpt lat="49.31881925" lon="-124.52949529">
      </trkpt>
      <trkpt lat="49.31877833" lon="-124.52956044">
      </trkpt>
      <trkpt lat="49.31873406" lon="-124.52961586">
      </trkpt>
      <trkpt lat="49.31868369" lon="-124.52969604">
      </trkpt>
      <trkpt lat="49.3186494" lon="-124.52977572">
      </trkpt>
      <trkpt lat="49.31861826" lon="-124.52985037">
      </trkpt>
      <trkpt lat="49.31859729" lon="-124.52996399">
      </trkpt>
      <trkpt lat="49.31858891" lon="-124.53005757">
      </trkpt>
      <trkpt lat="49.31857699" lon="-124.5301267">
      </trkpt>
      <trkpt lat="49.31857183" lon="-124.53022018">
      </trkpt>
      <trkpt lat="49.31857269" lon="-124.530284">
      </trkpt>
      <trkpt lat="49.31857973" lon="-124.53032797">
      </trkpt>
      <trkpt lat="49.31856217" lon="-124.5304038">
      </trkpt>
      <trkpt lat="49.31851219" lon="-124.53046982">
      </trkpt>
      <trkpt lat="49.31847366" lon="-124.53052639">
      </trkpt>
      <trkpt lat="49.31844503" lon="-124.53061177">
      </trkpt>
      <trkpt lat="49.31844544" lon="-124.53071528">
      </trkpt>
      <trkpt lat="49.31844847" lon="-124.53080848">
      </trkpt>
      <trkpt lat="49.31847278" lon="-124.53086236">
      </trkpt>
      <trkpt lat="49.31852847" lon="-124.53089999">
      </trkpt>
      <trkpt lat="49.31859637" lon="-124.53094479">
      </trkpt>
      <trkpt lat="49.31863203" lon="-124.53097703">
      </trkpt>
      <trkpt lat="49.31862819" lon="-124.53103564">
      </trkpt>
      <trkpt lat="49.31866259" lon="-124.53113398">
      </trkpt>
      <trkpt lat="49.31870184" lon="-124.53120274">
      </trkpt>
      <trkpt lat="49.31871343" lon="-124.53126112">
      </trkpt>
      <trkpt lat="49.31869559" lon="-124.53135326">
      </trkpt>
      <trkpt lat="49.31869379" lon="-124.53148926">
      </trkpt>
      <trkpt lat="49.31871559" lon="-124.53164313">
      </trkpt>
      <trkpt lat="49.31873106" lon="-124.53174243">
      </trkpt>
      <trkpt lat="49.31873644" lon="-124.531826">
      </trkpt>
      <trkpt lat="49.31878038" lon="-124.53180642">
      </trkpt>
      <trkpt lat="49.31882719" lon="-124.53166915">
      </trkpt>
      <trkpt lat="49.31887337" lon="-124.53152755">
      </trkpt>
      <trkpt lat="49.31890903" lon="-124.53142653">
      </trkpt>
      <trkpt lat="49.31895736" lon="-124.53133385">
      </trkpt>
      <trkpt lat="49.31903672" lon="-124.53124539">
      </trkpt>
      <trkpt lat="49.31913619" lon="-124.53116605">
      </trkpt>
      <trkpt lat="49.31921056" lon="-124.53111019">
      </trkpt>
      <trkpt lat="49.31928658" lon="-124.53105709">
      </trkpt>
      <trkpt lat="49.31939289" lon="-124.53104617">
      </trkpt>
      <trkpt lat="49.31947772" lon="-124.53103246">
      </trkpt>
      <trkpt lat="49.31954962" lon="-124.53106428">
      </trkpt>
      <trkpt lat="49.31960519" lon="-124.53108303">
      </trkpt>
      <trkpt lat="49.31966743" lon="-124.53108913">
      </trkpt>
      <trkpt lat="49.31963444" lon="-124.53115169">
      </trkpt>
      <trkpt lat="49.31957729" lon="-124.53130332">
      </trkpt>
      <trkpt lat="49.31957971" lon="-124.53140604">
      </trkpt>
      <trkpt lat="49.31953969" lon="-124.5315312">
      </trkpt>
      <trkpt lat="49.31948084" lon="-124.53176866">
      </trkpt>
      <trkpt lat="49.31947782" lon="-124.53192039">
      </trkpt>
      <trkpt lat="49.31948265" lon="-124.53203292">
      </trkpt>
      <trkpt lat="49.31947839" lon="-124.5322018">
      </trkpt>
      <trkpt lat="49.31945244" lon="-124.53227237">
      </trkpt>
      <trkpt lat="49.31939209" lon="-124.5323307">
      </trkpt>
      <trkpt lat="49.31928397" lon="-124.53238371">
      </trkpt>
      <trkpt lat="49.31917837" lon="-124.53243843">
      </trkpt>
      <trkpt lat="49.31909972" lon="-124.53250116">
      </trkpt>
      <trkpt lat="49.31902745" lon="-124.53259056">
      </trkpt>
      <trkpt lat="49.31893412" lon="-124.53274286">
      </trkpt>
      <trkpt lat="49.31887111" lon="-124.53286447">
      </trkpt>
      <trkpt lat="49.31883566" lon="-124.53293333">
      </trkpt>
      <trkpt lat="49.31880256" lon="-124.53299758">
      </trkpt>
      <trkpt lat="49.31874571" lon="-124.53311985">
      </trkpt>
      <trkpt lat="49.31867441" lon="-124.53331079">
      </trkpt>
      <trkpt lat="49.31863417" lon="-124.53345192">
      </trkpt>
      <trkpt lat="49.31861338" lon="-124.53361802">
      </trkpt>
      <trkpt lat="49.31857306" lon="-124.53380331">
      </trkpt>
      <trkpt lat="49.31853112" lon="-124.53394661">
      </trkpt>
      <trkpt lat="49.31849313" lon="-124.5341212">
      </trkpt>
      <trkpt lat="49.31848278" lon="-124.53429256">
      </trkpt>
      <trkpt lat="49.3184697" lon="-124.53448425">
      </trkpt>
      <trkpt lat="49.31843885" lon="-124.53462012">
      </trkpt>
      <trkpt lat="49.31838427" lon="-124.53474865">
      </trkpt>
      <trkpt lat="49.31834066" lon="-124.53481209">
      </trkpt>
      <trkpt lat="49.3182974" lon="-124.5348021">
      </trkpt>
      <trkpt lat="49.31818014" lon="-124.53471917">
      </trkpt>
      <trkpt lat="49.31805375" lon="-124.53456424">
      </trkpt>
      <trkpt lat="49.31797447" lon="-124.53447544">
      </trkpt>
      <trkpt lat="49.31782456" lon="-124.53434259">
      </trkpt>
      <trkpt lat="49.31772529" lon="-124.53417807">
      </trkpt>
      <trkpt lat="49.31765799" lon="-124.53399912">
      </trkpt>
      <trkpt lat="49.31765446" lon="-124.53383675">
      </trkpt>
      <trkpt lat="49.3176719" lon="-124.53362258">
      </trkpt>
      <trkpt lat="49.31767308" lon="-124.53346542">
      </trkpt>
      <trkpt lat="49.31762073" lon="-124.53329711">
      </trkpt>
      <trkpt lat="49.31758203" lon="-124.53314027">
      </trkpt>
      <trkpt lat="49.31759402" lon="-124.53304157">
      </trkpt>
      <trkpt lat="49.31766173" lon="-124.53288315">
      </trkpt>
      <trkpt lat="49.31768373" lon="-124.53276764">
      </trkpt>
      <trkpt lat="49.3176446" lon="-124.5326026">
      </trkpt>
      <trkpt lat="49.31762788" lon="-124.53241086">
      </trkpt>
      <trkpt lat="49.31760627" lon="-124.53220058">
      </trkpt>
      <trkpt lat="49.31762811" lon="-124.53210932">
      </trkpt>
      <trkpt lat="49.31770598" lon="-124.53202682">
      </trkpt>
      <trkpt lat="49.31787806" lon="-124.53198313">
      </trkpt>
      <trkpt lat="49.31799165" lon="-124.53196013">
      </trkpt>
      <trkpt lat="49.31806437" lon="-124.53196671">
      </trkpt>
      <trkpt lat="49.31814276" lon="-124.53199705">
      </trkpt>
      <trkpt lat="49.31822596" lon="-124.53180359">
      </trkpt>
      <trkpt lat="49.31826824" lon="-124.53171502">
      </trkpt>
      <trkpt lat="49.31836008" lon="-124.5315683">
      </trkpt>
      <trkpt lat="49.31842006" lon="-124.53143521">
      </trkpt>
      <trkpt lat="49.31846534" lon="-124.53131859">
      </trkpt>
      <trkpt lat="49.31846128" lon="-124.53119502">
      </trkpt>
      <trkpt lat="49.31841375" lon="-124.53100509">
      </trkpt>
      <trkpt lat="49.31838243" lon="-124.53086254">
      </trkpt>
      <trkpt lat="49.31836164" lon="-124.53064708">
      </trkpt>
      <trkpt lat="49.31834592" lon="-124.53049483">
      </trkpt>
      <trkpt lat="49.31827911" lon="-124.53039859">
      </trkpt>
      <trkpt lat="49.31813994" lon="-124.53035352">
      </trkpt>
      <trkpt lat="49.31799213" lon="-124.53032065">
      </trkpt>
      <trkpt lat="49.31790375" lon="-124.53022075">
      </trkpt>
      <trkpt lat="49.31780742" lon="-124.53005906">
      </trkpt>
      <trkpt lat="49.3177509" lon="-124.52988707">
      </trkpt>
      <trkpt lat="49.31772726" lon="-124.52977337">
      </trkpt>
      <trkpt lat="49.31773197" lon="-124.52969">
      </trkpt>
      <trkpt lat="49.31780256" lon="-124.52961021">
      </trkpt>
      <trkpt lat="49.31782273" lon="-124.52954568">
      </trkpt>
      <trkpt lat="49.31788572" lon="-124.52947245">
      </trkpt>
      <trkpt lat="49.3179345" lon="-124.52933591">
      </trkpt>
      <trkpt lat="49.31798885" lon="-124.5291853">
      </trkpt>
      <trkpt lat="49.31801593" lon="-124.52906771">
      </trkpt>
      <trkpt lat="49.31804123" lon="-124.52888585">
      </trkpt>
      <trkpt lat="49.31805328" lon="-124.52874773">
      </trkpt>
      <trkpt lat="49.31805502" lon="-124.52867202">
      </trkpt>
      <trkpt lat="49.31798245" lon="-124.52862615">
      </trkpt>
      <trkpt lat="49.31789299" lon="-124.52858904">
      </trkpt>
      <trkpt lat="49.31781149" lon="-124.5286027">
      </trkpt>
      <trkpt lat="49.3177238" lon="-124.52861997">
      </trkpt>
      <trkpt lat="49.31763808" lon="-124.52865794">
      </trkpt>
      <trkpt lat="49.31758819" lon="-124.52872276">
      </trkpt>
      <trkpt lat="49.31749588" lon="-124.52877585">
      </trkpt>
      <trkpt lat="49.31744421" lon="-124.52882915">
      </trkpt>
      <trkpt lat="49.31738674" lon="-124.5289847">
      </trkpt>
      <trkpt lat="49.3173373" lon="-124.529158">
      </trkpt>
      <trkpt lat="49.31727683" lon="-124.52934269">
      </trkpt>
      <trkpt lat="49.31723394" lon="-124.52950693">
      </trkpt>
      <trkpt lat="49.31718324" lon="-124.52970528">
      </trkpt>
      <trkpt lat="49.31713409" lon="-124.5298614">
      </trkpt>
      <trkpt lat="49.31707901" lon="-124.53000846">
      </trkpt>
      <trkpt lat="49.3170306" lon="-124.53010867">
      </trkpt>
      <trkpt lat="49.31697524" lon="-124.53017113">
      </trkpt>
      <trkpt lat="49.31691033" lon="-124.53026384">
      </trkpt>
      <trkpt lat="49.31687229" lon="-124.53035522">
      </trkpt>
      <trkpt lat="49.31682748" lon="-124.53043119">
      </trkpt>
      <trkpt lat="49.31677447" lon="-124.53050019">
      </trkpt>
      <trkpt lat="49.31669738" lon="-124.53054832">
      </trkpt>
      <trkpt lat="49.31656072" lon="-124.53062616">
      </trkpt>
      <trkpt lat="49.31646154" lon="-124.53068368">
      </trkpt>
      <trkpt lat="49.31637791" lon="-124.53074566">
      </trkpt>
      <trkpt lat="49.31629766" lon="-124.53080611">
      </trkpt>
      <trkpt lat="49.31623838" lon="-124.53086458">
      </trkpt>
      <trkpt lat="49.3161563" lon="-124.53091016">
      </trkpt>
      <trkpt lat="49.31609001" lon="-124.53087883">
      </trkpt>
      <trkpt lat="49.31604583" lon="-124.5307532">
      </trkpt>
      <trkpt lat="49.31603288" lon="-124.53066847">
      </trkpt>
      <trkpt lat="49.31604862" lon="-124.53060883">
      </trkpt>
      <trkpt lat="49.31609676" lon="-124.53056698">
      </trkpt>
      <trkpt lat="49.31611727" lon="-124.53045241">
      </trkpt>
      <trkpt lat="49.31610341" lon="-124.53040394">
      </trkpt>
      <trkpt lat="49.31603258" lon="-124.53029285">
      </trkpt>
      <trkpt lat="49.31597142" lon="-124.53023633">
      </trkpt>
      <trkpt lat="49.31589295" lon="-124.53014695">
      </trkpt>
      <trkpt lat="49.31580594" lon="-124.53002801">
      </trkpt>
      <trkpt lat="49.31574464" lon="-124.5299457">
      </trkpt>
      <trkpt lat="49.3157197" lon="-124.5298613">
      </trkpt>
      <trkpt lat="49.31570523" lon="-124.52970978">
      </trkpt>
      <trkpt lat="49.3156759" lon="-124.52958792">
      </trkpt>
      <trkpt lat="49.31563644" lon="-124.52950168">
      </trkpt>
      <trkpt lat="49.3155963" lon="-124.52942792">
      </trkpt>
      <trkpt lat="49.31556553" lon="-124.52934074">
      </trkpt>
      <trkpt lat="49.31552876" lon="-124.52925639">
      </trkpt>
      <trkpt lat="49.31546349" lon="-124.52916006">
      </trkpt>
      <trkpt lat="49.31539144" lon="-124.52910436">
      </trkpt>
      <trkpt lat="49.31529012" lon="-124.52900263">
      </trkpt>
      <trkpt lat="49.31524751" lon="-124.52892332">
      </trkpt>
      <trkpt lat="49.31517915" lon="-124.52880655">
      </trkpt>
      <trkpt lat="49.31512804" lon="-124.52870773">
      </trkpt>
      <trkpt lat="49.31506549" lon="-124.52860919">
      </trkpt>
      <trkpt lat="49.31501053" lon="-124.52848735">
      </trkpt>
      <trkpt lat="49.31496172" lon="-124.52833102">
      </trkpt>
      <trkpt lat="49.31493328" lon="-124.52813517">
      </trkpt>
      <trkpt lat="49.31494858" lon="-124.52799696">
      </trkpt>
      <trkpt lat="49.31503802" lon="-124.52794166">
      </trkpt>
      <trkpt lat="49.31512048" lon="-124.52800461">
      </trkpt>
      <trkpt lat="49.31516431" lon="-124.52806881">
      </trkpt>
      <trkpt lat="49.3151745" lon="-124.52818654">
      </trkpt>
      <trkpt lat="49.31514641" lon="-124.52833171">
      </trkpt>
      <trkpt lat="49.31514847" lon="-124.52848249">
      </trkpt>
      <trkpt lat="49.31519328" lon="-124.52861879">
      </trkpt>
      <trkpt lat="49.31527565" lon="-124.52867521">
      </trkpt>
      <trkpt lat="49.31537018" lon="-124.52867877">
      </trkpt>
      <trkpt lat="49.3154641" lon="-124.52863643">
      </trkpt>
      <trkpt lat="49.31554478" lon="-124.52856828">
      </trkpt>
      <trkpt lat="49.31561275" lon="-124.52851366">
      </trkpt>
      <trkpt lat="49.3156615" lon="-124.5283088">
      </trkpt>
      <trkpt lat="49.31570247" lon="-124.52816322">
      </trkpt>
      <trkpt lat="49.31576025" lon="-124.52799085">
      </trkpt>
      <trkpt lat="49.315826" lon="-124.52777234">
      </trkpt>
      <trkpt lat="49.31588763" lon="-124.52756707">
      </trkpt>
      <trkpt lat="49.31594496" lon="-124.52736193">
      </trkpt>
      <trkpt lat="49.31601187" lon="-124.52722864">
      </trkpt>
      <trkpt lat="49.31608798" lon="-124.52714096">
      </trkpt>
      <trkpt lat="49.31627026" lon="-124.52696465">
      </trkpt>
      <trkpt lat="49.31636417" lon="-124.52692231">
      </trkpt>
      <trkpt lat="49.31638743" lon="-124.52705274">
      </trkpt>
      <trkpt lat="49.3163681" lon="-124.52721076">
      </trkpt>
      <trkpt lat="49.31635656" lon="-124.5273095">
      </trkpt>
      <trkpt lat="49.31634583" lon="-124.52746725">
      </trkpt>
      <trkpt lat="49.31634323" lon="-124.52759195">
      </trkpt>
      <trkpt lat="49.31634448" lon="-124.52768372">
      </trkpt>
      <trkpt lat="49.31632829" lon="-124.52775639">
      </trkpt>
      <trkpt lat="49.31629931" lon="-124.52783601">
      </trkpt>
      <trkpt lat="49.31628822" lon="-124.52796753">
      </trkpt>
      <trkpt lat="49.31628965" lon="-124.52807243">
      </trkpt>
      <trkpt lat="49.31631191" lon="-124.52813074">
      </trkpt>
      <trkpt lat="49.31639017" lon="-124.52820041">
      </trkpt>
      <trkpt lat="49.31647817" lon="-124.52835502">
      </trkpt>
      <trkpt lat="49.31651744" lon="-124.52839968">
      </trkpt>
      <trkpt lat="49.31655402" lon="-124.52856249">
      </trkpt>
      <trkpt lat="49.31661188" lon="-124.5287115">
      </trkpt>
      <trkpt lat="49.3166608" lon="-124.52883456">
      </trkpt>
      <trkpt lat="49.31672725" lon="-124.52898329">
      </trkpt>
      <trkpt lat="49.31677563" lon="-124.52906702">
      </trkpt>
      <trkpt lat="49.31680702" lon="-124.52916441">
      </trkpt>
      <trkpt lat="49.316808" lon="-124.52923651">
      </trkpt>
      <trkpt lat="49.31679191" lon="-124.52931573">
      </trkpt>
      <trkpt lat="49.31680657" lon="-124.52944645">
      </trkpt>
      <trkpt lat="49.3168672" lon="-124.52948387">
      </trkpt>
      <trkpt lat="49.31692337" lon="-124.52950832">
      </trkpt>
      <trkpt lat="49.3169756" lon="-124.52955913">
      </trkpt>
      <trkpt lat="49.31700207" lon="-124.52961077">
      </trkpt>
      <trkpt lat="49.31699403" lon="-124.52965037">
      </trkpt>
      <trkpt lat="49.31696031" lon="-124.52969735">
      </trkpt>
      <trkpt lat="49.31689144" lon="-124.52968641">
      </trkpt>
      <trkpt lat="49.31681845" lon="-124.52968873">
      </trkpt>
      <trkpt lat="49.31672078" lon="-124.52977053">
      </trkpt>
      <trkpt lat="49.31667463" lon="-124.5298507">
      </trkpt>
      <trkpt lat="49.31663285" lon="-124.52993728">
      </trkpt>
      <trkpt lat="49.31660843" lon="-124.53003644">
      </trkpt>
      <trkpt lat="49.31657131" lon="-124.53014911">
      </trkpt>
      <trkpt lat="49.31654662" lon="-124.53022859">
      </trkpt>
      <trkpt lat="49.31651317" lon="-124.53029525">
      </trkpt>
      <trkpt lat="49.31647926" lon="-124.53032912">
      </trkpt>
      <trkpt lat="49.31645325" lon="-124.53031026">
      </trkpt>
      <trkpt lat="49.31643035" lon="-124.53020606">
      </trkpt>
      <trkpt lat="49.31644583" lon="-124.53008095">
      </trkpt>
      <trkpt lat="49.31645272" lon="-124.52995612">
      </trkpt>
      <trkpt lat="49.31644692" lon="-124.52984481">
      </trkpt>
      <trkpt lat="49.31641973" lon="-124.52974072">
      </trkpt>
      <trkpt lat="49.31637063" lon="-124.52960456">
      </trkpt>
      <trkpt lat="49.31632225" lon="-124.52952083">
      </trkpt>
      <trkpt lat="49.31629542" lon="-124.52944298">
      </trkpt>
      <trkpt lat="49.31628487" lon="-124.52929903">
      </trkpt>
      <trkpt lat="49.31627871" lon="-124.52916149">
      </trkpt>
      <trkpt lat="49.31625089" lon="-124.52901153">
      </trkpt>
      <trkpt lat="49.31619357" lon="-124.52890185">
      </trkpt>
      <trkpt lat="49.316145" lon="-124.52880501">
      </trkpt>
      <trkpt lat="49.31611799" lon="-124.52871405">
      </trkpt>
      <trkpt lat="49.31606979" lon="-124.52864345">
      </trkpt>
      <trkpt lat="49.31598768" lon="-124.5286067">
      </trkpt>
      <trkpt lat="49.31589404" lon="-124.5286687">
      </trkpt>
      <trkpt lat="49.31579592" lon="-124.52871772">
      </trkpt>
      <trkpt lat="49.31570129" lon="-124.52870761">
      </trkpt>
      <trkpt lat="49.31558448" lon="-124.52864573">
      </trkpt>
      <trkpt lat="49.3154641" lon="-124.52863643">
      </trkpt>
    </trkseg>
    <trkseg>
      <trkpt lat="49.31966743" lon="-124.53108913">
      </trkpt>
      <trkpt lat="49.31971539" lon="-124.53106795">
      </trkpt>
      <trkpt lat="49.3197892" lon="-124.5310558">
      </trkpt>
      <trkpt lat="49.31988805" lon="-124.53099372">
      </trkpt>
      <trkpt lat="49.31997089" lon="-124.53093707">
      </trkpt>
      <trkpt lat="49.32003766" lon="-124.53088094">
      </trkpt>
      <trkpt lat="49.32010397" lon="-124.53079043">
      </trkpt>
      <trkpt lat="49.32011938" lon="-124.53074083">
      </trkpt>
      <trkpt lat="49.32011563" lon="-124.53070165">
      </trkpt>
      <trkpt lat="49.32010793" lon="-124.53060858">
      </trkpt>
      <trkpt lat="49.32011966" lon="-124.53052472">
      </trkpt>
      <trkpt lat="49.32005276" lon="-124.5303353">
      </trkpt>
      <trkpt lat="49.31996598" lon="-124.53010231">
      </trkpt>
      <trkpt lat="49.31986453" lon="-124.52973717">
      </trkpt>
      <trkpt lat="49.31982235" lon="-124.52947329">
      </trkpt>
      <trkpt lat="49.31980193" lon="-124.5291547">
      </trkpt>
      <trkpt lat="49.31980998" lon="-124.52880083">
      </trkpt>
      <trkpt lat="49.31982626" lon="-124.52857931">
      </trkpt>
      <trkpt lat="49.31984093" lon="-124.5284757">
      </trkpt>
      <trkpt lat="49.31989029" lon="-124.52832188">
      </trkpt>
      <trkpt lat="49.32020781" lon="-124.52802203">
      </trkpt>
      <trkpt lat="49.32036922" lon="-124.52783028">
      </trkpt>
      <trkpt lat="49.32049788" lon="-124.52759535">
      </trkpt>
      <trkpt lat="49.32058206" lon="-124.52740113">
      </trkpt>
      <trkpt lat="49.32065306" lon="-124.52718277">
      </trkpt>
      <trkpt lat="49.32072472" lon="-124.52723053">
      </trkpt>
      <trkpt lat="49.32077858" lon="-124.52723395">
      </trkpt>
      <trkpt lat="49.32089698" lon="-124.52718096">
      </trkpt>
      <trkpt lat="49.32095801" lon="-124.52714702">
      </trkpt>
      <trkpt lat="49.32102104" lon="-124.52706999">
      </trkpt>
      <trkpt lat="49.32109044" lon="-124.52696912">
      </trkpt>
      <trkpt lat="49.32113351" lon="-124.5268476">
      </trkpt>
      <trkpt lat="49.32116596" lon="-124.52673596">
      </trkpt>
      <trkpt lat="49.32120683" lon="-124.52669072">
      </trkpt>
      <trkpt lat="49.32126372" lon="-124.52661028">
      </trkpt>
      <trkpt lat="49.32134198" lon="-124.526484">
      </trkpt>
      <trkpt lat="49.32142002" lon="-124.52641603">
      </trkpt>
      <trkpt lat="49.32147903" lon="-124.52640001">
      </trkpt>
      <trkpt lat="49.32151672" lon="-124.52644027">
      </trkpt>
      <trkpt lat="49.32155203" lon="-124.52647797">
      </trkpt>
      <trkpt lat="49.32160601" lon="-124.52656003">
      </trkpt>
      <trkpt lat="49.32166703" lon="-124.52661501">
      </trkpt>
      <trkpt lat="49.32172604" lon="-124.52668803">
      </trkpt>
      <trkpt lat="49.32177499" lon="-124.52678098">
      </trkpt>
      <trkpt lat="49.32178726" lon="-124.52688837">
      </trkpt>
      <trkpt lat="49.32180329" lon="-124.52702576">
      </trkpt>
      <trkpt lat="49.32183017" lon="-124.52710558">
      </trkpt>
      <trkpt lat="49.32187173" lon="-124.5271686">
      </trkpt>
      <trkpt lat="49.32191774" lon="-124.52724082">
      </trkpt>
      <trkpt lat="49.32192946" lon="-124.5273927">
      </trkpt>
      <trkpt lat="49.32192387" lon="-124.52742606">
      </trkpt>
    </trkseg>
    <trkseg>
      <trkpt lat="49.32088378" lon="-124.52948382">
      </trkpt>
      <trkpt lat="49.32091216" lon="-124.52967937">
      </trkpt>
      <trkpt lat="49.32100378" lon="-124.52979434">
      </trkpt>
      <trkpt lat="49.32118768" lon="-124.52983762">
      </trkpt>
      <trkpt lat="49.32136193" lon="-124.52988121">
      </trkpt>
      <trkpt lat="49.32147075" lon="-124.53007913">
      </trkpt>
      <trkpt lat="49.32149258" lon="-124.53026508">
      </trkpt>
      <trkpt lat="49.32151527" lon="-124.53051485">
      </trkpt>
      <trkpt lat="49.32157091" lon="-124.53082251">
      </trkpt>
      <trkpt lat="49.3216313" lon="-124.53100723">
      </trkpt>
      <trkpt lat="49.32162105" lon="-124.53119911">
      </trkpt>
      <trkpt lat="49.32160618" lon="-124.53128799">
      </trkpt>
      <trkpt lat="49.32164327" lon="-124.53141452">
      </trkpt>
      <trkpt lat="49.32170313" lon="-124.53155996">
      </trkpt>
      <trkpt lat="49.32169844" lon="-124.53168781">
      </trkpt>
      <trkpt lat="49.32180031" lon="-124.53161091">
      </trkpt>
      <trkpt lat="49.32197625" lon="-124.53154149">
      </trkpt>
      <trkpt lat="49.32214629" lon="-124.53151153">
      </trkpt>
      <trkpt lat="49.32223027" lon="-124.53153835">
      </trkpt>
      <trkpt lat="49.32230594" lon="-124.53166366">
      </trkpt>
      <trkpt lat="49.322349" lon="-124.53175561">
      </trkpt>
      <trkpt lat="49.32237105" lon="-124.53186143">
      </trkpt>
      <trkpt lat="49.32240458" lon="-124.53182261">
      </trkpt>
      <trkpt lat="49.32245942" lon="-124.53183561">
      </trkpt>
      <trkpt lat="49.32250598" lon="-124.53184096">
      </trkpt>
      <trkpt lat="49.322568" lon="-124.53182202">
      </trkpt>
      <trkpt lat="49.32263799" lon="-124.53179">
      </trkpt>
      <trkpt lat="49.32266646" lon="-124.53173966">
      </trkpt>
      <trkpt lat="49.3227148" lon="-124.53165147">
      </trkpt>
      <trkpt lat="49.322755" lon="-124.53157601">
      </trkpt>
      <trkpt lat="49.32277998" lon="-124.53146503">
      </trkpt>
      <trkpt lat="49.322783" lon="-124.53134299">
      </trkpt>
      <trkpt lat="49.32276733" lon="-124.5312084">
      </trkpt>
      <trkpt lat="49.32276297" lon="-124.53112799">
      </trkpt>
      <trkpt lat="49.32277998" lon="-124.53102095">
      </trkpt>
      <trkpt lat="49.32283412" lon="-124.53089344">
      </trkpt>
      <trkpt lat="49.32287503" lon="-124.53081099">
      </trkpt>
      <trkpt lat="49.3229402" lon="-124.53076458">
      </trkpt>
      <trkpt lat="49.32300159" lon="-124.53075066">
      </trkpt>
      <trkpt lat="49.32309799" lon="-124.53080899">
      </trkpt>
      <trkpt lat="49.32318406" lon="-124.53082645">
      </trkpt>
      <trkpt lat="49.32322598" lon="-124.53083497">
      </trkpt>
      <trkpt lat="49.32329947" lon="-124.5307374">
      </trkpt>
      <trkpt lat="49.32338599" lon="-124.53062802">
      </trkpt>
      <trkpt lat="49.32343486" lon="-124.53064742">
      </trkpt>
      <trkpt lat="49.32350236" lon="-124.53069161">
      </trkpt>
      <trkpt lat="49.32356371" lon="-124.53073969">
      </trkpt>
    </trkseg>
    <trkseg>
      <trkpt lat="49.32655899" lon="-124.533677">
      </trkpt>
      <trkpt lat="49.32644055" lon="-124.53367607">
      </trkpt>
      <trkpt lat="49.3263494" lon="-124.53366484">
      </trkpt>
      <trkpt lat="49.32624779" lon="-124.53364872">
      </trkpt>
      <trkpt lat="49.32614204" lon="-124.53362151">
      </trkpt>
      <trkpt lat="49.32603054" lon="-124.53357931">
      </trkpt>
      <trkpt lat="49.32592731" lon="-124.53353578">
      </trkpt>
      <trkpt lat="49.32582172" lon="-124.5334845">
      </trkpt>
      <trkpt lat="49.3257292" lon="-124.53343693">
      </trkpt>
      <trkpt lat="49.32565187" lon="-124.53339338">
      </trkpt>
      <trkpt lat="49.32554847" lon="-124.5333382">
      </trkpt>
      <trkpt lat="49.32544496" lon="-124.53328058">
      </trkpt>
      <trkpt lat="49.32536509" lon="-124.53323016">
      </trkpt>
      <trkpt lat="49.32528152" lon="-124.53317213">
      </trkpt>
      <trkpt lat="49.32521684" lon="-124.53313951">
      </trkpt>
      <trkpt lat="49.32522853" lon="-124.53302989">
      </trkpt>
      <trkpt lat="49.32526309" lon="-124.53296986">
      </trkpt>
      <trkpt lat="49.32530723" lon="-124.5329046">
      </trkpt>
      <trkpt lat="49.32539584" lon="-124.53279865">
      </trkpt>
      <trkpt lat="49.32548498" lon="-124.53273197">
      </trkpt>
      <trkpt lat="49.32555812" lon="-124.5326707">
      </trkpt>
      <trkpt lat="49.32560554" lon="-124.53261026">
      </trkpt>
      <trkpt lat="49.32561444" lon="-124.53255595">
      </trkpt>
      <trkpt lat="49.32560997" lon="-124.53246276">
      </trkpt>
      <trkpt lat="49.32563107" lon="-124.53235894">
      </trkpt>
      <trkpt lat="49.32565552" lon="-124.53226485">
      </trkpt>
      <trkpt lat="49.32567928" lon="-124.53218406">
      </trkpt>
      <trkpt lat="49.3256568" lon="-124.53212235">
      </trkpt>
      <trkpt lat="49.32561822" lon="-124.53212358">
      </trkpt>
      <trkpt lat="49.3255838" lon="-124.53219343">
      </trkpt>
      <trkpt lat="49.32554327" lon="-124.53228805">
      </trkpt>
      <trkpt lat="49.32551541" lon="-124.53236751">
      </trkpt>
      <trkpt lat="49.3254783" lon="-124.53247676">
      </trkpt>
      <trkpt lat="49.32544421" lon="-124.53257116">
      </trkpt>
      <trkpt lat="49.32541627" lon="-124.53264573">
      </trkpt>
      <trkpt lat="49.32536832" lon="-124.53266689">
      </trkpt>
      <trkpt lat="49.3252751" lon="-124.53266985">
      </trkpt>
      <trkpt lat="49.32520331" lon="-124.53259352">
      </trkpt>
      <trkpt lat="49.32512831" lon="-124.53251732">
      </trkpt>
      <trkpt lat="49.3250373" lon="-124.53244651">
      </trkpt>
      <trkpt lat="49.32496899" lon="-124.53238974">
      </trkpt>
      <trkpt lat="49.32489794" lon="-124.53236742">
      </trkpt>
      <trkpt lat="49.32484978" lon="-124.53237387">
      </trkpt>
      <trkpt lat="49.32479889" lon="-124.53241477">
      </trkpt>
      <trkpt lat="49.3247504" lon="-124.53239666">
      </trkpt>
      <trkpt lat="49.32469167" lon="-124.53233467">
      </trkpt>
      <trkpt lat="49.3246746" lon="-124.53226153">
      </trkpt>
      <trkpt lat="49.32470193" lon="-124.53214278">
      </trkpt>
      <trkpt lat="49.32470495" lon="-124.53212795">
      </trkpt>
      <trkpt lat="49.32466102" lon="-124.53197215">
      </trkpt>
      <trkpt lat="49.32464395" lon="-124.53189902">
      </trkpt>
      <trkpt lat="49.32460484" lon="-124.53186097">
      </trkpt>
      <trkpt lat="49.32454711" lon="-124.53187261">
      </trkpt>
      <trkpt lat="49.32452495" lon="-124.53189788">
      </trkpt>
      <trkpt lat="49.32454529" lon="-124.53197582">
      </trkpt>
      <trkpt lat="49.32454656" lon="-124.53206911">
      </trkpt>
      <trkpt lat="49.32449908" lon="-124.53212464">
      </trkpt>
      <trkpt lat="49.32445414" lon="-124.53213097">
      </trkpt>
      <trkpt lat="49.32443492" lon="-124.5321365">
      </trkpt>
      <trkpt lat="49.32436493" lon="-124.53219275">
      </trkpt>
      <trkpt lat="49.32429937" lon="-124.53210149">
      </trkpt>
      <trkpt lat="49.3242306" lon="-124.53201035">
      </trkpt>
      <trkpt lat="49.32413833" lon="-124.53184627">
      </trkpt>
      <trkpt lat="49.32410222" lon="-124.53179339">
      </trkpt>
      <trkpt lat="49.32405282" lon="-124.53186142">
      </trkpt>
      <trkpt lat="49.32395102" lon="-124.53194599">
      </trkpt>
      <trkpt lat="49.32389205" lon="-124.53195499">
      </trkpt>
      <trkpt lat="49.32382721" lon="-124.53198487">
      </trkpt>
      <trkpt lat="49.32374831" lon="-124.53205209">
      </trkpt>
      <trkpt lat="49.32368424" lon="-124.53211229">
      </trkpt>
      <trkpt lat="49.32363502" lon="-124.53215604">
      </trkpt>
      <trkpt lat="49.32357357" lon="-124.53216981">
      </trkpt>
      <trkpt lat="49.32351747" lon="-124.53219558">
      </trkpt>
      <trkpt lat="49.32345428" lon="-124.53224261">
      </trkpt>
      <trkpt lat="49.32339786" lon="-124.53229255">
      </trkpt>
      <trkpt lat="49.32334136" lon="-124.53233078">
      </trkpt>
      <trkpt lat="49.32328426" lon="-124.53233061">
      </trkpt>
      <trkpt lat="49.32322863" lon="-124.53229682">
      </trkpt>
      <trkpt lat="49.32319782" lon="-124.53223473">
      </trkpt>
      <trkpt lat="49.32318523" lon="-124.53213198">
      </trkpt>
      <trkpt lat="49.32319721" lon="-124.53203796">
      </trkpt>
      <trkpt lat="49.32324835" lon="-124.53193291">
      </trkpt>
      <trkpt lat="49.32331701" lon="-124.531833">
      </trkpt>
      <trkpt lat="49.32336897" lon="-124.53176703">
      </trkpt>
      <trkpt lat="49.32349504" lon="-124.53162998">
      </trkpt>
      <trkpt lat="49.32354572" lon="-124.53161265">
      </trkpt>
      <trkpt lat="49.32361979" lon="-124.53157372">
      </trkpt>
      <trkpt lat="49.3237066" lon="-124.53155138">
      </trkpt>
      <trkpt lat="49.32378698" lon="-124.53152497">
      </trkpt>
      <trkpt lat="49.32384298" lon="-124.53151298">
      </trkpt>
      <trkpt lat="49.32388559" lon="-124.53147116">
      </trkpt>
      <trkpt lat="49.32383678" lon="-124.53142851">
      </trkpt>
      <trkpt lat="49.32378789" lon="-124.53138094">
      </trkpt>
      <trkpt lat="49.323722" lon="-124.53126514">
      </trkpt>
      <trkpt lat="49.32367204" lon="-124.53113902">
      </trkpt>
      <trkpt lat="49.32362537" lon="-124.53101771">
      </trkpt>
      <trkpt lat="49.32359692" lon="-124.53081723">
      </trkpt>
      <trkpt lat="49.32356371" lon="-124.53073969">
      </trkpt>
      <trkpt lat="49.32354603" lon="-124.53062237">
      </trkpt>
      <trkpt lat="49.32349614" lon="-124.53050116">
      </trkpt>
      <trkpt lat="49.32342918" lon="-124.53030681">
      </trkpt>
      <trkpt lat="49.32341285" lon="-124.53005192">
      </trkpt>
      <trkpt lat="49.32341312" lon="-124.52983579">
      </trkpt>
      <trkpt lat="49.32342968" lon="-124.52963389">
      </trkpt>
      <trkpt lat="49.32347711" lon="-124.52933768">
      </trkpt>
      <trkpt lat="49.32351026" lon="-124.52917454">
      </trkpt>
      <trkpt lat="49.32354743" lon="-124.52907021">
      </trkpt>
      <trkpt lat="49.3235613" lon="-124.5289077">
      </trkpt>
      <trkpt lat="49.32349842" lon="-124.52877707">
      </trkpt>
      <trkpt lat="49.32340199" lon="-124.52854437">
      </trkpt>
      <trkpt lat="49.32332498" lon="-124.52832087">
      </trkpt>
      <trkpt lat="49.32324884" lon="-124.52816121">
      </trkpt>
      <trkpt lat="49.3231662" lon="-124.52799683">
      </trkpt>
      <trkpt lat="49.32309073" lon="-124.52788626">
      </trkpt>
      <trkpt lat="49.32299951" lon="-124.52780075">
      </trkpt>
      <trkpt lat="49.32290522" lon="-124.52772515">
      </trkpt>
      <trkpt lat="49.3227984" lon="-124.52767452">
      </trkpt>
      <trkpt lat="49.32268234" lon="-124.52765366">
      </trkpt>
      <trkpt lat="49.32255034" lon="-124.52764311">
      </trkpt>
      <trkpt lat="49.32240763" lon="-124.52755432">
      </trkpt>
      <trkpt lat="49.32229371" lon="-124.5274548">
      </trkpt>
      <trkpt lat="49.32220973" lon="-124.52742799">
      </trkpt>
      <trkpt lat="49.32210633" lon="-124.52739199">
      </trkpt>
      <trkpt lat="49.32199375" lon="-124.52739066">
      </trkpt>
      <trkpt lat="49.32192387" lon="-124.52742606">
      </trkpt>
      <trkpt lat="49.32191458" lon="-124.52748158">
      </trkpt>
      <trkpt lat="49.32186195" lon="-124.5276306">
      </trkpt>
      <trkpt lat="49.32179383" lon="-124.52782431">
      </trkpt>
      <trkpt lat="49.32172759" lon="-124.52791974">
      </trkpt>
      <trkpt lat="49.32166089" lon="-124.52798079">
      </trkpt>
      <trkpt lat="49.32157229" lon="-124.52808675">
      </trkpt>
      <trkpt lat="49.32148382" lon="-124.52820252">
      </trkpt>
      <trkpt lat="49.3214169" lon="-124.52824884">
      </trkpt>
      <trkpt lat="49.32136561" lon="-124.5282603">
      </trkpt>
      <trkpt lat="49.32131504" lon="-124.52832576">
      </trkpt>
      <trkpt lat="49.32125148" lon="-124.5283818">
      </trkpt>
      <trkpt lat="49.32120728" lon="-124.52844215">
      </trkpt>
      <trkpt lat="49.32112135" lon="-124.52850872">
      </trkpt>
      <trkpt lat="49.32106624" lon="-124.52847609">
      </trkpt>
      <trkpt lat="49.32100369" lon="-124.52837003">
      </trkpt>
      <trkpt lat="49.3209384" lon="-124.52829842">
      </trkpt>
      <trkpt lat="49.32087913" lon="-124.52819716">
      </trkpt>
      <trkpt lat="49.32080446" lon="-124.52814551">
      </trkpt>
      <trkpt lat="49.32074379" lon="-124.52817691">
      </trkpt>
      <trkpt lat="49.32065143" lon="-124.52824369">
      </trkpt>
      <trkpt lat="49.32054869" lon="-124.52825677">
      </trkpt>
      <trkpt lat="49.32045875" lon="-124.52826455">
      </trkpt>
      <trkpt lat="49.32036888" lon="-124.52827722">
      </trkpt>
      <trkpt lat="49.32025998" lon="-124.52831015">
      </trkpt>
      <trkpt lat="49.32017405" lon="-124.52837673">
      </trkpt>
      <trkpt lat="49.32009114" lon="-124.52842847">
      </trkpt>
      <trkpt lat="49.31999175" lon="-124.52845127">
      </trkpt>
      <trkpt lat="49.31994293" lon="-124.52840861">
      </trkpt>
      <trkpt lat="49.31989029" lon="-124.52832188">
      </trkpt>
      <trkpt lat="49.31995841" lon="-124.52812818">
      </trkpt>
      <trkpt lat="49.32002619" lon="-124.52790993">
      </trkpt>
      <trkpt lat="49.32010535" lon="-124.52758325">
      </trkpt>
      <trkpt lat="49.32018205" lon="-124.52731069">
      </trkpt>
      <trkpt lat="49.32025599" lon="-124.5270726">
      </trkpt>
      <trkpt lat="49.32030809" lon="-124.52688431">
      </trkpt>
      <trkpt lat="49.32032866" lon="-124.52674123">
      </trkpt>
      <trkpt lat="49.32029236" lon="-124.52667362">
      </trkpt>
      <trkpt lat="49.3202493" lon="-124.52658167">
      </trkpt>
      <trkpt lat="49.32017027" lon="-124.52644667">
      </trkpt>
      <trkpt lat="49.32011047" lon="-124.52630614">
      </trkpt>
      <trkpt lat="49.32006667" lon="-124.52616019">
      </trkpt>
      <trkpt lat="49.32009098" lon="-124.52605628">
      </trkpt>
      <trkpt lat="49.32013136" lon="-124.52595186">
      </trkpt>
      <trkpt lat="49.32015206" lon="-124.52581859">
      </trkpt>
      <trkpt lat="49.3201757" lon="-124.52566559">
      </trkpt>
      <trkpt lat="49.32018253" lon="-124.5254591">
      </trkpt>
      <trkpt lat="49.32017925" lon="-124.52521853">
      </trkpt>
      <trkpt lat="49.32016318" lon="-124.5249833">
      </trkpt>
      <trkpt lat="49.32011904" lon="-124.52481281">
      </trkpt>
      <trkpt lat="49.32007484" lon="-124.52463741">
      </trkpt>
      <trkpt lat="49.32007316" lon="-124.52451467">
      </trkpt>
      <trkpt lat="49.3200966" lon="-124.52434695">
      </trkpt>
      <trkpt lat="49.32013022" lon="-124.52421818">
      </trkpt>
      <trkpt lat="49.32010297" lon="-124.52410608">
      </trkpt>
      <trkpt lat="49.32003404" lon="-124.52400514">
      </trkpt>
      <trkpt lat="49.31993948" lon="-124.52390992">
      </trkpt>
      <trkpt lat="49.31984827" lon="-124.52382442">
      </trkpt>
      <trkpt lat="49.3197665" lon="-124.52372389">
      </trkpt>
      <trkpt lat="49.3196945" lon="-124.52363286">
      </trkpt>
      <trkpt lat="49.3196227" lon="-124.52355658">
      </trkpt>
      <trkpt lat="49.31951508" lon="-124.52344704">
      </trkpt>
      <trkpt lat="49.31942132" lon="-124.52341074">
      </trkpt>
      <trkpt lat="49.31931209" lon="-124.52341913">
      </trkpt>
      <trkpt lat="49.31918337" lon="-124.5234134">
      </trkpt>
      <trkpt lat="49.31909972" lon="-124.52341116">
      </trkpt>
      <trkpt lat="49.31898386" lon="-124.52340504">
      </trkpt>
      <trkpt lat="49.31885809" lon="-124.52337957">
      </trkpt>
      <trkpt lat="49.31873894" lon="-124.52336863">
      </trkpt>
      <trkpt lat="49.3186484" lon="-124.52333223">
      </trkpt>
      <trkpt lat="49.3185551" lon="-124.52333028">
      </trkpt>
      <trkpt lat="49.31844789" lon="-124.52325021">
      </trkpt>
      <trkpt lat="49.31835881" lon="-124.52308606">
      </trkpt>
      <trkpt lat="49.31826686" lon="-124.52294658">
      </trkpt>
      <trkpt lat="49.31821655" lon="-124.52279593">
      </trkpt>
      <trkpt lat="49.31822632" lon="-124.52256971">
      </trkpt>
      <trkpt lat="49.31825458" lon="-124.52228396">
      </trkpt>
      <trkpt lat="49.31826503" lon="-124.52210682">
      </trkpt>
      <trkpt lat="49.31828256" lon="-124.52197858">
      </trkpt>
      <trkpt lat="49.3183218" lon="-124.5217907">
      </trkpt>
      <trkpt lat="49.31841" lon="-124.52165528">
      </trkpt>
      <trkpt lat="49.3185215" lon="-124.52157805">
      </trkpt>
      <trkpt lat="49.31864895" lon="-124.52149049">
      </trkpt>
      <trkpt lat="49.31878309" lon="-124.52142238">
      </trkpt>
      <trkpt lat="49.31889447" lon="-124.52133534">
      </trkpt>
      <trkpt lat="49.31900362" lon="-124.52132202">
      </trkpt>
      <trkpt lat="49.31913549" lon="-124.52132273">
      </trkpt>
      <trkpt lat="49.31925044" lon="-124.52136174">
      </trkpt>
      <trkpt lat="49.31923206" lon="-124.52132947">
      </trkpt>
      <trkpt lat="49.31919368" lon="-124.52110969">
      </trkpt>
      <trkpt lat="49.31918497" lon="-124.52094298">
      </trkpt>
      <trkpt lat="49.31919253" lon="-124.52079049">
      </trkpt>
      <trkpt lat="49.31920016" lon="-124.52064291">
      </trkpt>
      <trkpt lat="49.31921476" lon="-124.5205344">
      </trkpt>
      <trkpt lat="49.319197" lon="-124.52041217">
      </trkpt>
      <trkpt lat="49.31922211" lon="-124.52036718">
      </trkpt>
      <trkpt lat="49.31928506" lon="-124.52026694">
      </trkpt>
      <trkpt lat="49.31933508" lon="-124.52016221">
      </trkpt>
      <trkpt lat="49.31941217" lon="-124.52015484">
      </trkpt>
      <trkpt lat="49.31949588" lon="-124.52016198">
      </trkpt>
      <trkpt lat="49.31958783" lon="-124.52006574">
      </trkpt>
      <trkpt lat="49.31966959" lon="-124.51993052">
      </trkpt>
      <trkpt lat="49.31974848" lon="-124.51981994">
      </trkpt>
      <trkpt lat="49.31987619" lon="-124.51975203">
      </trkpt>
      <trkpt lat="49.32004657" lon="-124.51974659">
      </trkpt>
      <trkpt lat="49.32018801" lon="-124.51974207">
      </trkpt>
      <trkpt lat="49.32032215" lon="-124.51967393">
      </trkpt>
      <trkpt lat="49.32041223" lon="-124.51967596">
      </trkpt>
      <trkpt lat="49.3205449" lon="-124.51973558">
      </trkpt>
      <trkpt lat="49.32065467" lon="-124.51976645">
      </trkpt>
      <trkpt lat="49.32077422" lon="-124.51980684">
      </trkpt>
      <trkpt lat="49.32082954" lon="-124.51985418">
      </trkpt>
      <trkpt lat="49.32085023" lon="-124.51995667">
      </trkpt>
      <trkpt lat="49.32082274" lon="-124.52003806">
      </trkpt>
      <trkpt lat="49.32085736" lon="-124.52003543">
      </trkpt>
      <trkpt lat="49.32095675" lon="-124.52004889">
      </trkpt>
      <trkpt lat="49.3210649" lon="-124.52003247">
      </trkpt>
      <trkpt lat="49.32116617" lon="-124.51997054">
      </trkpt>
      <trkpt lat="49.32125237" lon="-124.5199405">
      </trkpt>
      <trkpt lat="49.32131675" lon="-124.51995432">
      </trkpt>
      <trkpt lat="49.32136772" lon="-124.52004305">
      </trkpt>
      <trkpt lat="49.32143464" lon="-124.52018011">
      </trkpt>
      <trkpt lat="49.32149079" lon="-124.52024353">
      </trkpt>
      <trkpt lat="49.32159294" lon="-124.52022354">
      </trkpt>
      <trkpt lat="49.32166954" lon="-124.52019936">
      </trkpt>
      <trkpt lat="49.32172325" lon="-124.5202375">
      </trkpt>
      <trkpt lat="49.32176641" lon="-124.52030221">
      </trkpt>
      <trkpt lat="49.32181383" lon="-124.52043358">
      </trkpt>
      <trkpt lat="49.32187153" lon="-124.52050869">
      </trkpt>
      <trkpt lat="49.32196934" lon="-124.52059136">
      </trkpt>
      <trkpt lat="49.32203894" lon="-124.5206588">
      </trkpt>
      <trkpt lat="49.32207189" lon="-124.52071876">
      </trkpt>
      <trkpt lat="49.32209903" lon="-124.52064157">
      </trkpt>
      <trkpt lat="49.32208642" lon="-124.52051897">
      </trkpt>
      <trkpt lat="49.32204427" lon="-124.52037173">
      </trkpt>
      <trkpt lat="49.32200022" lon="-124.52027066">
      </trkpt>
      <trkpt lat="49.32193725" lon="-124.52014581">
      </trkpt>
      <trkpt lat="49.32188111" lon="-124.52002602">
      </trkpt>
      <trkpt lat="49.32185672" lon="-124.51990525">
      </trkpt>
      <trkpt lat="49.32187168" lon="-124.51978485">
      </trkpt>
      <trkpt lat="49.32192343" lon="-124.51967702">
      </trkpt>
      <trkpt lat="49.321992" lon="-124.51957899">
      </trkpt>
      <trkpt lat="49.3220347" lon="-124.5194889">
      </trkpt>
      <trkpt lat="49.32209489" lon="-124.51937516">
      </trkpt>
      <trkpt lat="49.32216142" lon="-124.51927251">
      </trkpt>
      <trkpt lat="49.32223986" lon="-124.51919387">
      </trkpt>
      <trkpt lat="49.32231704" lon="-124.51911291">
      </trkpt>
      <trkpt lat="49.32236344" lon="-124.51903067">
      </trkpt>
      <trkpt lat="49.32240112" lon="-124.51892338">
      </trkpt>
      <trkpt lat="49.32241498" lon="-124.51877161">
      </trkpt>
      <trkpt lat="49.32243351" lon="-124.51859547">
      </trkpt>
      <trkpt lat="49.32247726" lon="-124.51848117">
      </trkpt>
      <trkpt lat="49.32253638" lon="-124.51834823">
      </trkpt>
      <trkpt lat="49.32260445" lon="-124.51823437">
      </trkpt>
      <trkpt lat="49.32268817" lon="-124.51812397">
      </trkpt>
      <trkpt lat="49.32275694" lon="-124.51805827">
      </trkpt>
      <trkpt lat="49.32279721" lon="-124.51798334">
      </trkpt>
      <trkpt lat="49.32285665" lon="-124.51791295">
      </trkpt>
      <trkpt lat="49.32296044" lon="-124.51789163">
      </trkpt>
      <trkpt lat="49.32306534" lon="-124.51791528">
      </trkpt>
      <trkpt lat="49.32315721" lon="-124.5179395">
      </trkpt>
      <trkpt lat="49.3232803" lon="-124.5179912">
      </trkpt>
      <trkpt lat="49.32340284" lon="-124.51806484">
      </trkpt>
      <trkpt lat="49.3234842" lon="-124.51813123">
      </trkpt>
      <trkpt lat="49.32353084" lon="-124.51818707">
      </trkpt>
      <trkpt lat="49.32361696" lon="-124.51828217">
      </trkpt>
      <trkpt lat="49.32371953" lon="-124.51839829">
      </trkpt>
      <trkpt lat="49.32378672" lon="-124.51844809">
      </trkpt>
      <trkpt lat="49.32386703" lon="-124.51848147">
      </trkpt>
      <trkpt lat="49.32392888" lon="-124.5185634">
      </trkpt>
      <trkpt lat="49.3239998" lon="-124.5187212">
      </trkpt>
      <trkpt lat="49.32406827" lon="-124.51885117">
      </trkpt>
      <trkpt lat="49.32415427" lon="-124.51899879">
      </trkpt>
      <trkpt lat="49.32423945" lon="-124.51916498">
      </trkpt>
      <trkpt lat="49.32428454" lon="-124.51931237">
      </trkpt>
      <trkpt lat="49.32431614" lon="-124.51944842">
      </trkpt>
      <trkpt lat="49.32430282" lon="-124.5196097">
      </trkpt>
      <trkpt lat="49.32426257" lon="-124.51976493">
      </trkpt>
      <trkpt lat="49.3242278" lon="-124.51984814">
      </trkpt>
      <trkpt lat="49.32416903" lon="-124.51992299">
      </trkpt>
      <trkpt lat="49.32408795" lon="-124.5199781">
      </trkpt>
      <trkpt lat="49.32399515" lon="-124.52006765">
      </trkpt>
      <trkpt lat="49.32392154" lon="-124.52019258">
      </trkpt>
      <trkpt lat="49.32379174" lon="-124.52032032">
      </trkpt>
      <trkpt lat="49.32371822" lon="-124.52043006">
      </trkpt>
      <trkpt lat="49.32367252" lon="-124.52047807">
      </trkpt>
      <trkpt lat="49.32361095" lon="-124.52056114">
      </trkpt>
      <trkpt lat="49.32364042" lon="-124.52069157">
      </trkpt>
      <trkpt lat="49.32370273" lon="-124.52082653">
      </trkpt>
      <trkpt lat="49.32377255" lon="-124.52088923">
      </trkpt>
      <trkpt lat="49.32385838" lon="-124.52083846">
      </trkpt>
      <trkpt lat="49.3239786" lon="-124.52069719">
      </trkpt>
      <trkpt lat="49.3239993" lon="-124.52063123">
      </trkpt>
      <trkpt lat="49.32402208" lon="-124.52050054">
      </trkpt>
      <trkpt lat="49.3240647" lon="-124.52042244">
      </trkpt>
      <trkpt lat="49.32411608" lon="-124.52032778">
      </trkpt>
      <trkpt lat="49.32416334" lon="-124.52021001">
      </trkpt>
      <trkpt lat="49.32421691" lon="-124.52015162">
      </trkpt>
      <trkpt lat="49.32427193" lon="-124.52010351">
      </trkpt>
      <trkpt lat="49.32429763" lon="-124.52000863">
      </trkpt>
      <trkpt lat="49.32432493" lon="-124.51994676">
      </trkpt>
      <trkpt lat="49.32437552" lon="-124.51992803">
      </trkpt>
      <trkpt lat="49.32443672" lon="-124.5199829">
      </trkpt>
      <trkpt lat="49.32451389" lon="-124.52001745">
      </trkpt>
      <trkpt lat="49.32456641" lon="-124.52004042">
      </trkpt>
      <trkpt lat="49.32461603" lon="-124.52011403">
      </trkpt>
      <trkpt lat="49.32466535" lon="-124.52020641">
      </trkpt>
      <trkpt lat="49.32472901" lon="-124.52032309">
      </trkpt>
      <trkpt lat="49.32478199" lon="-124.5204215">
      </trkpt>
      <trkpt lat="49.32485276" lon="-124.5204725">
      </trkpt>
      <trkpt lat="49.32493644" lon="-124.52047229">
      </trkpt>
      <trkpt lat="49.325025" lon="-124.52042156">
      </trkpt>
      <trkpt lat="49.32508472" lon="-124.52041691">
      </trkpt>
      <trkpt lat="49.32517673" lon="-124.52047425">
      </trkpt>
      <trkpt lat="49.32521463" lon="-124.52057276">
      </trkpt>
      <trkpt lat="49.32523563" lon="-124.52066545">
      </trkpt>
      <trkpt lat="49.32525257" lon="-124.52077974">
      </trkpt>
      <trkpt lat="49.32529598" lon="-124.52087395">
      </trkpt>
      <trkpt lat="49.32534864" lon="-124.52092694">
      </trkpt>
      <trkpt lat="49.32537967" lon="-124.52093406">
      </trkpt>
      <trkpt lat="49.32545532" lon="-124.52087061">
      </trkpt>
      <trkpt lat="49.32547222" lon="-124.52082576">
      </trkpt>
    </trkseg>
    <trkseg>
      <trkpt lat="49.32423801" lon="-124.53238402">
      </trkpt>
      <trkpt lat="49.32418573" lon="-124.53245955">
      </trkpt>
      <trkpt lat="49.32411239" lon="-124.53254054">
      </trkpt>
      <trkpt lat="49.32405012" lon="-124.53261076">
      </trkpt>
      <trkpt lat="49.32399737" lon="-124.53266652">
      </trkpt>
      <trkpt lat="49.32394586" lon="-124.53270102">
      </trkpt>
      <trkpt lat="49.32386867" lon="-124.53272965">
      </trkpt>
      <trkpt lat="49.3238139" lon="-124.53277759">
      </trkpt>
      <trkpt lat="49.32376881" lon="-124.53284935">
      </trkpt>
      <trkpt lat="49.323747" lon="-124.53297339">
      </trkpt>
      <trkpt lat="49.323747" lon="-124.5330767">
      </trkpt>
      <trkpt lat="49.32376505" lon="-124.53317255">
      </trkpt>
      <trkpt lat="49.32377936" lon="-124.53324273">
      </trkpt>
      <trkpt lat="49.32385703" lon="-124.53319427">
      </trkpt>
      <trkpt lat="49.32393749" lon="-124.53312">
      </trkpt>
      <trkpt lat="49.32399771" lon="-124.53306354">
      </trkpt>
      <trkpt lat="49.32404549" lon="-124.53301996">
      </trkpt>
      <trkpt lat="49.32408094" lon="-124.53299095">
      </trkpt>
      <trkpt lat="49.32411256" lon="-124.53299264">
      </trkpt>
      <trkpt lat="49.32416045" lon="-124.53300505">
      </trkpt>
      <trkpt lat="49.32420262" lon="-124.53300946">
      </trkpt>
      <trkpt lat="49.32424698" lon="-124.532983">
      </trkpt>
      <trkpt lat="49.32429252" lon="-124.53299892">
      </trkpt>
      <trkpt lat="49.32434954" lon="-124.53301885">
      </trkpt>
      <trkpt lat="49.32439426" lon="-124.53303823">
      </trkpt>
      <trkpt lat="49.32442317" lon="-124.53313367">
      </trkpt>
      <trkpt lat="49.32444549" lon="-124.53317733">
      </trkpt>
      <trkpt lat="49.32449428" lon="-124.53318399">
      </trkpt>
      <trkpt lat="49.32455211" lon="-124.53318404">
      </trkpt>
      <trkpt lat="49.32460895" lon="-124.53312482">
      </trkpt>
      <trkpt lat="49.32466742" lon="-124.53307028">
      </trkpt>
      <trkpt lat="49.32472402" lon="-124.53308715">
      </trkpt>
      <trkpt lat="49.32480726" lon="-124.53312107">
      </trkpt>
      <trkpt lat="49.32486643" lon="-124.53313704">
      </trkpt>
      <trkpt lat="49.32494093" lon="-124.53313496">
      </trkpt>
      <trkpt lat="49.32500764" lon="-124.533113">
      </trkpt>
      <trkpt lat="49.32507523" lon="-124.53310837">
      </trkpt>
      <trkpt lat="49.32514402" lon="-124.53312396">
      </trkpt>
      <trkpt lat="49.3251971" lon="-124.53314332">
      </trkpt>
      <trkpt lat="49.32521684" lon="-124.53313951">
      </trkpt>
      <trkpt lat="49.32515513" lon="-124.53307151">
      </trkpt>
      <trkpt lat="49.32504745" lon="-124.53295704">
      </trkpt>
      <trkpt lat="49.32496561" lon="-124.53285156">
      </trkpt>
      <trkpt lat="49.32487079" lon="-124.53273668">
      </trkpt>
      <trkpt lat="49.32476304" lon="-124.53261729">
      </trkpt>
      <trkpt lat="49.32466842" lon="-124.53251714">
      </trkpt>
      <trkpt lat="49.32456375" lon="-124.53238784">
      </trkpt>
      <trkpt lat="49.32446565" lon="-124.53226815">
      </trkpt>
      <trkpt lat="49.32436493" lon="-124.53219275">
      </trkpt>
      <trkpt lat="49.32429816" lon="-124.53224889">
      </trkpt>
      <trkpt lat="49.32423801" lon="-124.53238402">
      </trkpt>
      <trkpt lat="49.32419139" lon="-124.53233592">
      </trkpt>
      <trkpt lat="49.32414186" lon="-124.53229031">
      </trkpt>
      <trkpt lat="49.32407598" lon="-124.53222025">
      </trkpt>
      <trkpt lat="49.32402997" lon="-124.53213198">
      </trkpt>
      <trkpt lat="49.32397901" lon="-124.53209602">
      </trkpt>
      <trkpt lat="49.32392897" lon="-124.53208999">
      </trkpt>
      <trkpt lat="49.32384298" lon="-124.53214396">
      </trkpt>
      <trkpt lat="49.32376301" lon="-124.53220901">
      </trkpt>
      <trkpt lat="49.32370604" lon="-124.53220964">
      </trkpt>
      <trkpt lat="49.32362596" lon="-124.53221497">
      </trkpt>
      <trkpt lat="49.32355002" lon="-124.53224496">
      </trkpt>
      <trkpt lat="49.32346828" lon="-124.53229765">
      </trkpt>
      <trkpt lat="49.32342304" lon="-124.53238998">
      </trkpt>
      <trkpt lat="49.32338499" lon="-124.53243398">
      </trkpt>
      <trkpt lat="49.323345" lon="-124.53248604">
      </trkpt>
      <trkpt lat="49.32337632" lon="-124.53259611">
      </trkpt>
      <trkpt lat="49.3234542" lon="-124.5327507">
      </trkpt>
      <trkpt lat="49.32348244" lon="-124.53285288">
      </trkpt>
      <trkpt lat="49.32348948" lon="-124.53293912">
      </trkpt>
      <trkpt lat="49.32347411" lon="-124.5330676">
      </trkpt>
      <trkpt lat="49.3234455" lon="-124.53320894">
      </trkpt>
      <trkpt lat="49.32339597" lon="-124.53339496">
      </trkpt>
      <trkpt lat="49.32336696" lon="-124.53348196">
      </trkpt>
      <trkpt lat="49.32332204" lon="-124.533616">
      </trkpt>
      <trkpt lat="49.32331898" lon="-124.53370371">
      </trkpt>
      <trkpt lat="49.323329" lon="-124.53390501">
      </trkpt>
      <trkpt lat="49.32331859" lon="-124.53397712">
      </trkpt>
      <trkpt lat="49.32333261" lon="-124.53406972">
      </trkpt>
      <trkpt lat="49.32335797" lon="-124.53414791">
      </trkpt>
      <trkpt lat="49.32328109" lon="-124.53406897">
      </trkpt>
      <trkpt lat="49.32317804" lon="-124.53396896">
      </trkpt>
      <trkpt lat="49.323042" lon="-124.533847">
      </trkpt>
      <trkpt lat="49.32290403" lon="-124.53370401">
      </trkpt>
      <trkpt lat="49.32278199" lon="-124.53349899">
      </trkpt>
      <trkpt lat="49.32277174" lon="-124.53348392">
      </trkpt>
      <trkpt lat="49.32264033" lon="-124.53329071">
      </trkpt>
      <trkpt lat="49.32249217" lon="-124.53309934">
      </trkpt>
      <trkpt lat="49.32239802" lon="-124.53291703">
      </trkpt>
      <trkpt lat="49.32237529" lon="-124.53262783">
      </trkpt>
      <trkpt lat="49.32235457" lon="-124.53230236">
      </trkpt>
      <trkpt lat="49.32238431" lon="-124.53200972">
      </trkpt>
      <trkpt lat="49.32237105" lon="-124.53186143">
      </trkpt>
    </trkseg>
    <trkseg>
      <trkpt lat="49.32667925" lon="-124.53542526">
      </trkpt>
      <trkpt lat="49.32669781" lon="-124.53537064">
      </trkpt>
      <trkpt lat="49.32677303" lon="-124.53522581">
      </trkpt>
      <trkpt lat="49.32688931" lon="-124.53502566">
      </trkpt>
      <trkpt lat="49.32696615" lon="-124.53476288">
      </trkpt>
      <trkpt lat="49.32697019" lon="-124.53458592">
      </trkpt>
      <trkpt lat="49.32692245" lon="-124.53438604">
      </trkpt>
      <trkpt lat="49.32685516" lon="-124.53416712">
      </trkpt>
      <trkpt lat="49.32679309" lon="-124.53397117">
      </trkpt>
      <trkpt lat="49.32676498" lon="-124.534061">
      </trkpt>
      <trkpt lat="49.32673116" lon="-124.53412374">
      </trkpt>
      <trkpt lat="49.32667497" lon="-124.53422795">
      </trkpt>
      <trkpt lat="49.32663599" lon="-124.53427095">
      </trkpt>
      <trkpt lat="49.32653886" lon="-124.53429756">
      </trkpt>
      <trkpt lat="49.32649702" lon="-124.534294">
      </trkpt>
      <trkpt lat="49.32641596" lon="-124.53432996">
      </trkpt>
      <trkpt lat="49.3263781" lon="-124.5343275">
      </trkpt>
      <trkpt lat="49.32630901" lon="-124.53432301">
      </trkpt>
      <trkpt lat="49.32623702" lon="-124.53434799">
      </trkpt>
      <trkpt lat="49.32618303" lon="-124.53442401">
      </trkpt>
      <trkpt lat="49.32615202" lon="-124.53449098">
      </trkpt>
      <trkpt lat="49.32610341" lon="-124.5346199">
      </trkpt>
      <trkpt lat="49.326034" lon="-124.53473599">
      </trkpt>
      <trkpt lat="49.32595789" lon="-124.53482212">
      </trkpt>
      <trkpt lat="49.325874" lon="-124.53491703">
      </trkpt>
      <trkpt lat="49.32580469" lon="-124.53494224">
      </trkpt>
      <trkpt lat="49.3257272" lon="-124.53496672">
      </trkpt>
      <trkpt lat="49.32565396" lon="-124.53498602">
      </trkpt>
      <trkpt lat="49.32553111" lon="-124.53502951">
      </trkpt>
      <trkpt lat="49.32543201" lon="-124.53506598">
      </trkpt>
      <trkpt lat="49.32534332" lon="-124.53507174">
      </trkpt>
      <trkpt lat="49.32527703" lon="-124.53507605">
      </trkpt>
      <trkpt lat="49.32521172" lon="-124.53502533">
      </trkpt>
      <trkpt lat="49.32515232" lon="-124.53497307">
      </trkpt>
      <trkpt lat="49.32509598" lon="-124.53491804">
      </trkpt>
      <trkpt lat="49.32504887" lon="-124.53481639">
      </trkpt>
      <trkpt lat="49.325013" lon="-124.534739">
      </trkpt>
      <trkpt lat="49.32497202" lon="-124.53461596">
      </trkpt>
      <trkpt lat="49.32494402" lon="-124.53451202">
      </trkpt>
      <trkpt lat="49.324912" lon="-124.53439199">
      </trkpt>
      <trkpt lat="49.32488803" lon="-124.53426903">
      </trkpt>
      <trkpt lat="49.32480304" lon="-124.53418596">
      </trkpt>
      <trkpt lat="49.32473254" lon="-124.53416572">
      </trkpt>
      <trkpt lat="49.32467544" lon="-124.53416168">
      </trkpt>
      <trkpt lat="49.32460598" lon="-124.53417398">
      </trkpt>
      <trkpt lat="49.32451696" lon="-124.53421203">
      </trkpt>
      <trkpt lat="49.32444825" lon="-124.53425494">
      </trkpt>
      <trkpt lat="49.32438855" lon="-124.53427196">
      </trkpt>
      <trkpt lat="49.32433096" lon="-124.53427197">
      </trkpt>
      <trkpt lat="49.32424396" lon="-124.53422302">
      </trkpt>
      <trkpt lat="49.32421619" lon="-124.53422597">
      </trkpt>
      <trkpt lat="49.32418798" lon="-124.53422897">
      </trkpt>
      <trkpt lat="49.32413198" lon="-124.53428797">
      </trkpt>
      <trkpt lat="49.32405403" lon="-124.53433601">
      </trkpt>
      <trkpt lat="49.32398102" lon="-124.53434002">
      </trkpt>
      <trkpt lat="49.32391581" lon="-124.53439024">
      </trkpt>
      <trkpt lat="49.32386795" lon="-124.5344271">
      </trkpt>
      <trkpt lat="49.32381277" lon="-124.53448096">
      </trkpt>
      <trkpt lat="49.32374124" lon="-124.53458634">
      </trkpt>
      <trkpt lat="49.32371575" lon="-124.53461506">
      </trkpt>
      <trkpt lat="49.32368297" lon="-124.534579">
      </trkpt>
      <trkpt lat="49.32359814" lon="-124.5343663">
      </trkpt>
      <trkpt lat="49.32359143" lon="-124.53436114">
      </trkpt>
    </trkseg>
    <trkseg>
      <trkpt lat="49.32374124" lon="-124.53458634">
      </trkpt>
      <trkpt lat="49.32379302" lon="-124.53470002">
      </trkpt>
      <trkpt lat="49.32386622" lon="-124.53496562">
      </trkpt>
      <trkpt lat="49.32386573" lon="-124.53520585">
      </trkpt>
      <trkpt lat="49.32377984" lon="-124.53550027">
      </trkpt>
      <trkpt lat="49.32367905" lon="-124.53580087">
      </trkpt>
      <trkpt lat="49.32358084" lon="-124.53601561">
      </trkpt>
      <trkpt lat="49.32347063" lon="-124.53617351">
      </trkpt>
      <trkpt lat="49.32336123" lon="-124.53611406">
      </trkpt>
      <trkpt lat="49.32317104" lon="-124.535897">
      </trkpt>
      <trkpt lat="49.32302882" lon="-124.5355986">
      </trkpt>
      <trkpt lat="49.32286641" lon="-124.53524887">
      </trkpt>
      <trkpt lat="49.32270546" lon="-124.53497942">
      </trkpt>
      <trkpt lat="49.32260886" lon="-124.53475942">
      </trkpt>
      <trkpt lat="49.322482" lon="-124.53451748">
      </trkpt>
      <trkpt lat="49.32236901" lon="-124.53440499">
      </trkpt>
      <trkpt lat="49.32227787" lon="-124.53422304">
      </trkpt>
      <trkpt lat="49.32233952" lon="-124.53413994">
      </trkpt>
      <trkpt lat="49.32241" lon="-124.534049">
      </trkpt>
      <trkpt lat="49.32247631" lon="-124.53405563">
      </trkpt>
      <trkpt lat="49.32258742" lon="-124.53407436">
      </trkpt>
      <trkpt lat="49.32261603" lon="-124.53408304">
      </trkpt>
      <trkpt lat="49.32266317" lon="-124.53424221">
      </trkpt>
      <trkpt lat="49.32269297" lon="-124.53432302">
      </trkpt>
      <trkpt lat="49.32274" lon="-124.53445897">
      </trkpt>
      <trkpt lat="49.32275902" lon="-124.534594">
      </trkpt>
      <trkpt lat="49.32277202" lon="-124.53476499">
      </trkpt>
      <trkpt lat="49.32281703" lon="-124.53485727">
      </trkpt>
      <trkpt lat="49.32290403" lon="-124.53499901">
      </trkpt>
      <trkpt lat="49.32299003" lon="-124.53504302">
      </trkpt>
      <trkpt lat="49.32305902" lon="-124.53499097">
      </trkpt>
      <trkpt lat="49.32311803" lon="-124.53485199">
      </trkpt>
      <trkpt lat="49.32314866" lon="-124.53473244">
      </trkpt>
      <trkpt lat="49.32318907" lon="-124.53459397">
      </trkpt>
      <trkpt lat="49.323243" lon="-124.53443197">
      </trkpt>
      <trkpt lat="49.32328197" lon="-124.53435997">
      </trkpt>
      <trkpt lat="49.32331725" lon="-124.53423172">
      </trkpt>
      <trkpt lat="49.32335797" lon="-124.53414791">
      </trkpt>
      <trkpt lat="49.32336975" lon="-124.53415999">
      </trkpt>
      <trkpt lat="49.32348807" lon="-124.5342815">
      </trkpt>
      <trkpt lat="49.32359143" lon="-124.53436114">
      </trkpt>
      <trkpt lat="49.32362659" lon="-124.53438535">
      </trkpt>
      <trkpt lat="49.32367342" lon="-124.53441235">
      </trkpt>
      <trkpt lat="49.32374191" lon="-124.53442345">
      </trkpt>
      <trkpt lat="49.32378035" lon="-124.53439328">
      </trkpt>
      <trkpt lat="49.32384172" lon="-124.53431373">
      </trkpt>
      <trkpt lat="49.32389708" lon="-124.53422788">
      </trkpt>
      <trkpt lat="49.32395215" lon="-124.53417207">
      </trkpt>
      <trkpt lat="49.32404142" lon="-124.53410276">
      </trkpt>
      <trkpt lat="49.32410494" lon="-124.53402009">
      </trkpt>
      <trkpt lat="49.32416602" lon="-124.53394962">
      </trkpt>
      <trkpt lat="49.32421751" lon="-124.53388233">
      </trkpt>
      <trkpt lat="49.32428684" lon="-124.53379207">
      </trkpt>
      <trkpt lat="49.32436168" lon="-124.53370934">
      </trkpt>
      <trkpt lat="49.3244339" lon="-124.53363857">
      </trkpt>
      <trkpt lat="49.324504" lon="-124.53357709">
      </trkpt>
      <trkpt lat="49.32457282" lon="-124.53351825">
      </trkpt>
      <trkpt lat="49.32463111" lon="-124.53347018">
      </trkpt>
      <trkpt lat="49.32468423" lon="-124.53348204">
      </trkpt>
      <trkpt lat="49.32475797" lon="-124.53351831">
      </trkpt>
      <trkpt lat="49.32484169" lon="-124.5335802">
      </trkpt>
      <trkpt lat="49.32488925" lon="-124.53364051">
      </trkpt>
      <trkpt lat="49.32494323" lon="-124.53372464">
      </trkpt>
      <trkpt lat="49.32497195" lon="-124.53379196">
      </trkpt>
      <trkpt lat="49.32500756" lon="-124.53389482">
      </trkpt>
      <trkpt lat="49.32502893" lon="-124.53400311">
      </trkpt>
      <trkpt lat="49.32504343" lon="-124.5341262">
      </trkpt>
      <trkpt lat="49.32504989" lon="-124.53423987">
      </trkpt>
      <trkpt lat="49.32507679" lon="-124.53432278">
      </trkpt>
      <trkpt lat="49.32511948" lon="-124.53445444">
      </trkpt>
      <trkpt lat="49.32516484" lon="-124.53457412">
      </trkpt>
      <trkpt lat="49.32521761" lon="-124.53464299">
      </trkpt>
      <trkpt lat="49.32528255" lon="-124.53466406">
      </trkpt>
      <trkpt lat="49.32532858" lon="-124.53460054">
      </trkpt>
      <trkpt lat="49.32534964" lon="-124.53453278">
      </trkpt>
      <trkpt lat="49.32536664" lon="-124.53440391">
      </trkpt>
      <trkpt lat="49.32536999" lon="-124.53433684">
      </trkpt>
      <trkpt lat="49.32536287" lon="-124.53418742">
      </trkpt>
      <trkpt lat="49.3253458" lon="-124.53409082">
      </trkpt>
      <trkpt lat="49.32531956" lon="-124.53398109">
      </trkpt>
      <trkpt lat="49.32530306" lon="-124.53391206">
      </trkpt>
      <trkpt lat="49.32530022" lon="-124.53385261">
      </trkpt>
      <trkpt lat="49.32526664" lon="-124.53375593">
      </trkpt>
      <trkpt lat="49.32522299" lon="-124.53368569">
      </trkpt>
      <trkpt lat="49.3251966" lon="-124.53363541">
      </trkpt>
      <trkpt lat="49.32518929" lon="-124.53356889">
      </trkpt>
      <trkpt lat="49.3251807" lon="-124.53346089">
      </trkpt>
      <trkpt lat="49.32519485" lon="-124.53334121">
      </trkpt>
      <trkpt lat="49.32520505" lon="-124.53321263">
      </trkpt>
      <trkpt lat="49.32521684" lon="-124.53313951">
      </trkpt>
    </trkseg>
    <trkseg>
      <trkpt lat="49.32227787" lon="-124.53422304">
      </trkpt>
      <trkpt lat="49.32222099" lon="-124.53411204">
      </trkpt>
      <trkpt lat="49.322107" lon="-124.53385203">
      </trkpt>
      <trkpt lat="49.32196868" lon="-124.53361514">
      </trkpt>
      <trkpt lat="49.32184906" lon="-124.53341077">
      </trkpt>
      <trkpt lat="49.32171502" lon="-124.53319196">
      </trkpt>
      <trkpt lat="49.32158954" lon="-124.53305294">
      </trkpt>
      <trkpt lat="49.32155908" lon="-124.53299463">
      </trkpt>
      <trkpt lat="49.32160299" lon="-124.53291099">
      </trkpt>
      <trkpt lat="49.32165203" lon="-124.53289004">
      </trkpt>
      <trkpt lat="49.32175203" lon="-124.53289096">
      </trkpt>
      <trkpt lat="49.32179703" lon="-124.53284402">
      </trkpt>
      <trkpt lat="49.32185302" lon="-124.53277999">
      </trkpt>
      <trkpt lat="49.32197499" lon="-124.53280497">
      </trkpt>
      <trkpt lat="49.32200063" lon="-124.53285344">
      </trkpt>
      <trkpt lat="49.32202835" lon="-124.53295271">
      </trkpt>
      <trkpt lat="49.32202541" lon="-124.53304163">
      </trkpt>
      <trkpt lat="49.32202507" lon="-124.53317306">
      </trkpt>
      <trkpt lat="49.32206098" lon="-124.53333697">
      </trkpt>
      <trkpt lat="49.32206098" lon="-124.53342397">
      </trkpt>
      <trkpt lat="49.32209702" lon="-124.53355297">
      </trkpt>
      <trkpt lat="49.322166" lon="-124.53362597">
      </trkpt>
      <trkpt lat="49.32220289" lon="-124.53363717">
      </trkpt>
      <trkpt lat="49.32223197" lon="-124.53364601">
      </trkpt>
      <trkpt lat="49.32233927" lon="-124.53354826">
      </trkpt>
      <trkpt lat="49.322439" lon="-124.533515">
      </trkpt>
      <trkpt lat="49.32252715" lon="-124.53347056">
      </trkpt>
      <trkpt lat="49.32257898" lon="-124.53343603">
      </trkpt>
      <trkpt lat="49.32265903" lon="-124.53345196">
      </trkpt>
      <trkpt lat="49.32277174" lon="-124.53348392">
      </trkpt>
    </trkseg>
    <trkseg>
      <trkpt lat="49.32155908" lon="-124.53299463">
      </trkpt>
      <trkpt lat="49.3214933" lon="-124.53292219">
      </trkpt>
      <trkpt lat="49.32142506" lon="-124.53287033">
      </trkpt>
      <trkpt lat="49.32133767" lon="-124.53282888">
      </trkpt>
      <trkpt lat="49.3213583" lon="-124.53269071">
      </trkpt>
      <trkpt lat="49.32136339" lon="-124.53259232">
      </trkpt>
      <trkpt lat="49.32140312" lon="-124.5324388">
      </trkpt>
      <trkpt lat="49.32146214" lon="-124.53228468">
      </trkpt>
      <trkpt lat="49.32152449" lon="-124.53214026">
      </trkpt>
      <trkpt lat="49.32158076" lon="-124.5320206">
      </trkpt>
      <trkpt lat="49.32163662" lon="-124.5318715">
      </trkpt>
      <trkpt lat="49.32167386" lon="-124.53177209">
      </trkpt>
      <trkpt lat="49.32169844" lon="-124.53168781">
      </trkpt>
      <trkpt lat="49.32156081" lon="-124.53173638">
      </trkpt>
      <trkpt lat="49.32131442" lon="-124.53182768">
      </trkpt>
      <trkpt lat="49.32116105" lon="-124.5319013">
      </trkpt>
      <trkpt lat="49.32111953" lon="-124.53192226">
      </trkpt>
      <trkpt lat="49.32098773" lon="-124.53192643">
      </trkpt>
      <trkpt lat="49.32082995" lon="-124.53191179">
      </trkpt>
      <trkpt lat="49.32070726" lon="-124.53187637">
      </trkpt>
      <trkpt lat="49.32057333" lon="-124.53172345">
      </trkpt>
      <trkpt lat="49.32040318" lon="-124.53127209">
      </trkpt>
      <trkpt lat="49.32025981" lon="-124.53089844">
      </trkpt>
      <trkpt lat="49.32011966" lon="-124.53052472">
      </trkpt>
      <trkpt lat="49.32017718" lon="-124.53049834">
      </trkpt>
      <trkpt lat="49.32022949" lon="-124.53056052">
      </trkpt>
      <trkpt lat="49.320266" lon="-124.53057202">
      </trkpt>
      <trkpt lat="49.32033454" lon="-124.53050573">
      </trkpt>
      <trkpt lat="49.32035803" lon="-124.53048301">
      </trkpt>
      <trkpt lat="49.32044603" lon="-124.53053196">
      </trkpt>
      <trkpt lat="49.32052437" lon="-124.5305242">
      </trkpt>
      <trkpt lat="49.32058053" lon="-124.53050469">
      </trkpt>
      <trkpt lat="49.32062097" lon="-124.53045903">
      </trkpt>
      <trkpt lat="49.32070697" lon="-124.53037497">
      </trkpt>
      <trkpt lat="49.3207615" lon="-124.53039375">
      </trkpt>
      <trkpt lat="49.3208122" lon="-124.53043406">
      </trkpt>
      <trkpt lat="49.32085499" lon="-124.53051302">
      </trkpt>
      <trkpt lat="49.32085779" lon="-124.53057897">
      </trkpt>
      <trkpt lat="49.32086203" lon="-124.53067898">
      </trkpt>
      <trkpt lat="49.32083257" lon="-124.53077612">
      </trkpt>
      <trkpt lat="49.32081199" lon="-124.53084402">
      </trkpt>
      <trkpt lat="49.32075257" lon="-124.5308994">
      </trkpt>
      <trkpt lat="49.32068007" lon="-124.53095849">
      </trkpt>
      <trkpt lat="49.32058609" lon="-124.53102463">
      </trkpt>
      <trkpt lat="49.32052701" lon="-124.53106204">
      </trkpt>
      <trkpt lat="49.32050642" lon="-124.53110111">
      </trkpt>
      <trkpt lat="49.320468" lon="-124.53117401">
      </trkpt>
      <trkpt lat="49.32051897" lon="-124.53126833">
      </trkpt>
      <trkpt lat="49.32059952" lon="-124.53133778">
      </trkpt>
      <trkpt lat="49.32064503" lon="-124.531359">
      </trkpt>
      <trkpt lat="49.32074502" lon="-124.53142698">
      </trkpt>
      <trkpt lat="49.32082298" lon="-124.53149797">
      </trkpt>
      <trkpt lat="49.32088427" lon="-124.53154205">
      </trkpt>
      <trkpt lat="49.32097" lon="-124.53159793">
      </trkpt>
      <trkpt lat="49.32100503" lon="-124.53162001">
      </trkpt>
      <trkpt lat="49.32103856" lon="-124.5315204">
      </trkpt>
      <trkpt lat="49.32106697" lon="-124.53138856">
      </trkpt>
      <trkpt lat="49.32106697" lon="-124.53123604">
      </trkpt>
      <trkpt lat="49.32106068" lon="-124.53116964">
      </trkpt>
      <trkpt lat="49.32105599" lon="-124.53112004">
      </trkpt>
      <trkpt lat="49.32108399" lon="-124.53099296">
      </trkpt>
      <trkpt lat="49.32110603" lon="-124.53084402">
      </trkpt>
      <trkpt lat="49.32110041" lon="-124.53071975">
      </trkpt>
      <trkpt lat="49.32109496" lon="-124.53062797">
      </trkpt>
      <trkpt lat="49.32109002" lon="-124.530566">
      </trkpt>
      <trkpt lat="49.32115699" lon="-124.53047404">
      </trkpt>
      <trkpt lat="49.32119153" lon="-124.5303743">
      </trkpt>
      <trkpt lat="49.32119084" lon="-124.53028222">
      </trkpt>
      <trkpt lat="49.32118205" lon="-124.53022624">
      </trkpt>
      <trkpt lat="49.32115864" lon="-124.53014083">
      </trkpt>
      <trkpt lat="49.32112497" lon="-124.53006602">
      </trkpt>
      <trkpt lat="49.32106495" lon="-124.52999803">
      </trkpt>
      <trkpt lat="49.32098701" lon="-124.529935">
      </trkpt>
      <trkpt lat="49.32090001" lon="-124.529892">
      </trkpt>
      <trkpt lat="49.32081627" lon="-124.52983885">
      </trkpt>
      <trkpt lat="49.32077439" lon="-124.52977414">
      </trkpt>
      <trkpt lat="49.32075399" lon="-124.52968799">
      </trkpt>
      <trkpt lat="49.32078267" lon="-124.52956677">
      </trkpt>
      <trkpt lat="49.3208186" lon="-124.52950444">
      </trkpt>
      <trkpt lat="49.32088378" lon="-124.52948382">
      </trkpt>
      <trkpt lat="49.32094726" lon="-124.52942287">
      </trkpt>
      <trkpt lat="49.32101411" lon="-124.52937163">
      </trkpt>
      <trkpt lat="49.32106796" lon="-124.52931099">
      </trkpt>
      <trkpt lat="49.32109608" lon="-124.52925115">
      </trkpt>
      <trkpt lat="49.32114525" lon="-124.5290826">
      </trkpt>
      <trkpt lat="49.3211792" lon="-124.52897838">
      </trkpt>
      <trkpt lat="49.3212362" lon="-124.52891272">
      </trkpt>
      <trkpt lat="49.32130606" lon="-124.52884667">
      </trkpt>
      <trkpt lat="49.32139854" lon="-124.52878969">
      </trkpt>
      <trkpt lat="49.32149077" lon="-124.5287131">
      </trkpt>
      <trkpt lat="49.32154789" lon="-124.52865726">
      </trkpt>
      <trkpt lat="49.32159457" lon="-124.52854281">
      </trkpt>
      <trkpt lat="49.32162157" lon="-124.52839952">
      </trkpt>
      <trkpt lat="49.32165151" lon="-124.52823649">
      </trkpt>
      <trkpt lat="49.321701" lon="-124.52809249">
      </trkpt>
      <trkpt lat="49.32176008" lon="-124.52794326">
      </trkpt>
      <trkpt lat="49.32179383" lon="-124.52782431">
      </trkpt>
    </trkseg>
    <trkseg>
      <trkpt lat="49.32133767" lon="-124.53282888">
      </trkpt>
      <trkpt lat="49.32128423" lon="-124.53268323">
      </trkpt>
      <trkpt lat="49.32121011" lon="-124.53243509">
      </trkpt>
      <trkpt lat="49.3211522" lon="-124.53219626">
      </trkpt>
      <trkpt lat="49.32111953" lon="-124.53192226">
      </trkpt>
      <trkpt lat="49.32109323" lon="-124.53200304">
      </trkpt>
      <trkpt lat="49.32104734" lon="-124.53210645">
      </trkpt>
      <trkpt lat="49.32102904" lon="-124.53224632">
      </trkpt>
      <trkpt lat="49.32103607" lon="-124.53236189">
      </trkpt>
      <trkpt lat="49.32108298" lon="-124.53242629">
      </trkpt>
      <trkpt lat="49.32108161" lon="-124.53249732">
      </trkpt>
      <trkpt lat="49.32105491" lon="-124.53256034">
      </trkpt>
      <trkpt lat="49.32100211" lon="-124.53264344">
      </trkpt>
      <trkpt lat="49.32095977" lon="-124.53272377">
      </trkpt>
      <trkpt lat="49.32094405" lon="-124.5327926">
      </trkpt>
      <trkpt lat="49.32093425" lon="-124.53290339">
      </trkpt>
      <trkpt lat="49.32091604" lon="-124.53298456">
      </trkpt>
      <trkpt lat="49.32087576" lon="-124.5330913">
      </trkpt>
      <trkpt lat="49.32084063" lon="-124.53312907">
      </trkpt>
      <trkpt lat="49.32074753" lon="-124.53318483">
      </trkpt>
      <trkpt lat="49.32066015" lon="-124.53322133">
      </trkpt>
      <trkpt lat="49.32058775" lon="-124.53324746">
      </trkpt>
      <trkpt lat="49.32051754" lon="-124.53323255">
      </trkpt>
      <trkpt lat="49.32045651" lon="-124.53320326">
      </trkpt>
      <trkpt lat="49.32040323" lon="-124.53321378">
      </trkpt>
      <trkpt lat="49.32034257" lon="-124.53325177">
      </trkpt>
      <trkpt lat="49.320316" lon="-124.53328766">
      </trkpt>
      <trkpt lat="49.32027999" lon="-124.53338914">
      </trkpt>
      <trkpt lat="49.32025191" lon="-124.53343912">
      </trkpt>
      <trkpt lat="49.3202056" lon="-124.5334998">
      </trkpt>
      <trkpt lat="49.32014434" lon="-124.53352475">
      </trkpt>
      <trkpt lat="49.32010297" lon="-124.53355017">
      </trkpt>
      <trkpt lat="49.32007587" lon="-124.53360034">
      </trkpt>
      <trkpt lat="49.320064" lon="-124.53369177">
      </trkpt>
      <trkpt lat="49.32003484" lon="-124.53372858">
      </trkpt>
      <trkpt lat="49.31998347" lon="-124.53372519">
      </trkpt>
      <trkpt lat="49.31993223" lon="-124.53377814">
      </trkpt>
      <trkpt lat="49.31989533" lon="-124.53396174">
      </trkpt>
      <trkpt lat="49.31987582" lon="-124.53400507">
      </trkpt>
      <trkpt lat="49.31981831" lon="-124.53405889">
      </trkpt>
      <trkpt lat="49.31974286" lon="-124.53408587">
      </trkpt>
      <trkpt lat="49.31967535" lon="-124.53407251">
      </trkpt>
      <trkpt lat="49.31959714" lon="-124.53406623">
      </trkpt>
      <trkpt lat="49.31960198" lon="-124.53402">
      </trkpt>
      <trkpt lat="49.31966042" lon="-124.53397484">
      </trkpt>
      <trkpt lat="49.31970617" lon="-124.53394403">
      </trkpt>
      <trkpt lat="49.31975404" lon="-124.53390295">
      </trkpt>
      <trkpt lat="49.31982962" lon="-124.53378015">
      </trkpt>
      <trkpt lat="49.31985656" lon="-124.53371381">
      </trkpt>
      <trkpt lat="49.31988221" lon="-124.53360537">
      </trkpt>
      <trkpt lat="49.31988987" lon="-124.53352832">
      </trkpt>
      <trkpt lat="49.31990561" lon="-124.53345327">
      </trkpt>
      <trkpt lat="49.31995131" lon="-124.53338836">
      </trkpt>
      <trkpt lat="49.32001099" lon="-124.53332939">
      </trkpt>
      <trkpt lat="49.32002844" lon="-124.53322448">
      </trkpt>
      <trkpt lat="49.32008464" lon="-124.53313871">
      </trkpt>
      <trkpt lat="49.32013215" lon="-124.53304198">
      </trkpt>
      <trkpt lat="49.3200423" lon="-124.53304922">
      </trkpt>
      <trkpt lat="49.31997211" lon="-124.53308315">
      </trkpt>
      <trkpt lat="49.31989272" lon="-124.53310736">
      </trkpt>
      <trkpt lat="49.31984785" lon="-124.53307516">
      </trkpt>
      <trkpt lat="49.31981791" lon="-124.53300752">
      </trkpt>
      <trkpt lat="49.31978181" lon="-124.53290414">
      </trkpt>
      <trkpt lat="49.31974824" lon="-124.53288979">
      </trkpt>
      <trkpt lat="49.31969973" lon="-124.53290814">
      </trkpt>
      <trkpt lat="49.31963374" lon="-124.53293386">
      </trkpt>
      <trkpt lat="49.31956498" lon="-124.53293063">
      </trkpt>
      <trkpt lat="49.31951" lon="-124.53290681">
      </trkpt>
      <trkpt lat="49.31947177" lon="-124.53291945">
      </trkpt>
      <trkpt lat="49.31942089" lon="-124.53297394">
      </trkpt>
      <trkpt lat="49.31939619" lon="-124.53308988">
      </trkpt>
      <trkpt lat="49.3194003" lon="-124.5332408">
      </trkpt>
      <trkpt lat="49.31938766" lon="-124.53334174">
      </trkpt>
      <trkpt lat="49.31934115" lon="-124.53347377">
      </trkpt>
      <trkpt lat="49.31929329" lon="-124.53359722">
      </trkpt>
      <trkpt lat="49.31924645" lon="-124.53369667">
      </trkpt>
      <trkpt lat="49.31922471" lon="-124.533762">
      </trkpt>
      <trkpt lat="49.31923743" lon="-124.5339016">
      </trkpt>
      <trkpt lat="49.319237" lon="-124.53406569">
      </trkpt>
      <trkpt lat="49.3192278" lon="-124.53413757">
      </trkpt>
      <trkpt lat="49.31919436" lon="-124.53421615">
      </trkpt>
      <trkpt lat="49.31915044" lon="-124.53422805">
      </trkpt>
      <trkpt lat="49.3190677" lon="-124.53418649">
      </trkpt>
      <trkpt lat="49.31899892" lon="-124.53416075">
      </trkpt>
      <trkpt lat="49.31893566" lon="-124.53419057">
      </trkpt>
      <trkpt lat="49.31896132" lon="-124.53430944">
      </trkpt>
      <trkpt lat="49.31900536" lon="-124.53443623">
      </trkpt>
      <trkpt lat="49.31905748" lon="-124.534585">
      </trkpt>
      <trkpt lat="49.31909787" lon="-124.53467852">
      </trkpt>
      <trkpt lat="49.31913012" lon="-124.53478375">
      </trkpt>
      <trkpt lat="49.31922304" lon="-124.53477496">
      </trkpt>
      <trkpt lat="49.31927235" lon="-124.53478337">
      </trkpt>
      <trkpt lat="49.31934324" lon="-124.53477807">
      </trkpt>
      <trkpt lat="49.31939995" lon="-124.53475706">
      </trkpt>
      <trkpt lat="49.31946029" lon="-124.53473252">
      </trkpt>
      <trkpt lat="49.31951547" lon="-124.53467211">
      </trkpt>
      <trkpt lat="49.31957785" lon="-124.53460171">
      </trkpt>
      <trkpt lat="49.31959555" lon="-124.5345322">
      </trkpt>
      <trkpt lat="49.31960638" lon="-124.5344264">
      </trkpt>
      <trkpt lat="49.31960874" lon="-124.53435453">
      </trkpt>
      <trkpt lat="49.31959889" lon="-124.53429628">
      </trkpt>
      <trkpt lat="49.31959351" lon="-124.53422471">
      </trkpt>
      <trkpt lat="49.31960155" lon="-124.53411304">
      </trkpt>
      <trkpt lat="49.31959714" lon="-124.53406623">
      </trkpt>
    </trkseg>
    <trkseg>
      <trkpt lat="49.31735033" lon="-124.53474862">
      </trkpt>
      <trkpt lat="49.31737919" lon="-124.53464326">
      </trkpt>
      <trkpt lat="49.31738583" lon="-124.5345056">
      </trkpt>
      <trkpt lat="49.31736792" lon="-124.53439341">
      </trkpt>
      <trkpt lat="49.31733225" lon="-124.53427625">
      </trkpt>
      <trkpt lat="49.31729357" lon="-124.53421043">
      </trkpt>
      <trkpt lat="49.31719966" lon="-124.5341792">
      </trkpt>
      <trkpt lat="49.31710407" lon="-124.53414238">
      </trkpt>
      <trkpt lat="49.31707706" lon="-124.53407125">
      </trkpt>
      <trkpt lat="49.31712186" lon="-124.53404621">
      </trkpt>
      <trkpt lat="49.31714853" lon="-124.53393985">
      </trkpt>
      <trkpt lat="49.3171675" lon="-124.5338535">
      </trkpt>
      <trkpt lat="49.31719538" lon="-124.53371953">
      </trkpt>
      <trkpt lat="49.31721581" lon="-124.53360127">
      </trkpt>
      <trkpt lat="49.31720589" lon="-124.5335124">
      </trkpt>
      <trkpt lat="49.31717937" lon="-124.53346655">
      </trkpt>
      <trkpt lat="49.31713267" lon="-124.53344472">
      </trkpt>
      <trkpt lat="49.31700477" lon="-124.5333831">
      </trkpt>
      <trkpt lat="49.31691359" lon="-124.53335187">
      </trkpt>
      <trkpt lat="49.31684805" lon="-124.53330992">
      </trkpt>
      <trkpt lat="49.31678036" lon="-124.53325002">
      </trkpt>
      <trkpt lat="49.31670805" lon="-124.53328164">
      </trkpt>
      <trkpt lat="49.31661353" lon="-124.53323532">
      </trkpt>
      <trkpt lat="49.3164622" lon="-124.53318083">
      </trkpt>
      <trkpt lat="49.31631318" lon="-124.53320049">
      </trkpt>
      <trkpt lat="49.31621301" lon="-124.533258">
      </trkpt>
      <trkpt lat="49.31615853" lon="-124.5333384">
      </trkpt>
      <trkpt lat="49.31613811" lon="-124.53344137">
      </trkpt>
      <trkpt lat="49.31612796" lon="-124.53357958">
      </trkpt>
      <trkpt lat="49.31613376" lon="-124.53365806">
      </trkpt>
      <trkpt lat="49.31613727" lon="-124.53370556">
      </trkpt>
      <trkpt lat="49.31617176" lon="-124.5337978">
      </trkpt>
      <trkpt lat="49.31623165" lon="-124.53388377">
      </trkpt>
      <trkpt lat="49.31628232" lon="-124.53394134">
      </trkpt>
      <trkpt lat="49.31635637" lon="-124.53401955">
      </trkpt>
      <trkpt lat="49.31646815" lon="-124.53409733">
      </trkpt>
      <trkpt lat="49.3165643" lon="-124.53418289">
      </trkpt>
      <trkpt lat="49.31663035" lon="-124.5342875">
      </trkpt>
      <trkpt lat="49.31667475" lon="-124.53436591">
      </trkpt>
      <trkpt lat="49.31666887" lon="-124.53442698">
      </trkpt>
      <trkpt lat="49.31661702" lon="-124.53445502">
      </trkpt>
      <trkpt lat="49.31661285" lon="-124.5344932">
      </trkpt>
      <trkpt lat="49.31663707" lon="-124.53460359">
      </trkpt>
      <trkpt lat="49.31669635" lon="-124.53467616">
      </trkpt>
      <trkpt lat="49.316773" lon="-124.53470002">
      </trkpt>
      <trkpt lat="49.316844" lon="-124.53468704">
      </trkpt>
      <trkpt lat="49.31690203" lon="-124.53471859">
      </trkpt>
      <trkpt lat="49.31694753" lon="-124.53480695">
      </trkpt>
      <trkpt lat="49.31702371" lon="-124.53487977">
      </trkpt>
      <trkpt lat="49.31711645" lon="-124.534904">
      </trkpt>
      <trkpt lat="49.3172156" lon="-124.53491602">
      </trkpt>
      <trkpt lat="49.31728491" lon="-124.53486631">
      </trkpt>
      <trkpt lat="49.31732376" lon="-124.53481883">
      </trkpt>
      <trkpt lat="49.31735033" lon="-124.53474862">
      </trkpt>
      <trkpt lat="49.31740428" lon="-124.53476648">
      </trkpt>
      <trkpt lat="49.317467" lon="-124.53485237">
      </trkpt>
      <trkpt lat="49.31753539" lon="-124.53494642">
      </trkpt>
      <trkpt lat="49.31760513" lon="-124.53501615">
      </trkpt>
      <trkpt lat="49.31767348" lon="-124.53507865">
      </trkpt>
      <trkpt lat="49.31773443" lon="-124.53511987">
      </trkpt>
      <trkpt lat="49.31779107" lon="-124.53519508">
      </trkpt>
      <trkpt lat="49.31783415" lon="-124.5352585">
      </trkpt>
      <trkpt lat="49.31792592" lon="-124.53532305">
      </trkpt>
      <trkpt lat="49.31796944" lon="-124.53534453">
      </trkpt>
      <trkpt lat="49.31800407" lon="-124.53544661">
      </trkpt>
      <trkpt lat="49.31805002" lon="-124.53551334">
      </trkpt>
      <trkpt lat="49.31813745" lon="-124.53556447">
      </trkpt>
      <trkpt lat="49.31822541" lon="-124.53560093">
      </trkpt>
      <trkpt lat="49.31829551" lon="-124.53564947">
      </trkpt>
      <trkpt lat="49.31838924" lon="-124.53570403">
      </trkpt>
      <trkpt lat="49.31847903" lon="-124.53575739">
      </trkpt>
      <trkpt lat="49.31857582" lon="-124.53582134">
      </trkpt>
      <trkpt lat="49.31865596" lon="-124.53589063">
      </trkpt>
      <trkpt lat="49.31875207" lon="-124.53593741">
      </trkpt>
      <trkpt lat="49.31879507" lon="-124.53591215">
      </trkpt>
      <trkpt lat="49.31884479" lon="-124.53586072">
      </trkpt>
      <trkpt lat="49.31890514" lon="-124.53579348">
      </trkpt>
      <trkpt lat="49.31898744" lon="-124.53571849">
      </trkpt>
      <trkpt lat="49.31904569" lon="-124.53564431">
      </trkpt>
      <trkpt lat="49.31907446" lon="-124.53558094">
      </trkpt>
      <trkpt lat="49.31911135" lon="-124.53544579">
      </trkpt>
      <trkpt lat="49.31916058" lon="-124.53529558">
      </trkpt>
      <trkpt lat="49.31917422" lon="-124.53521471">
      </trkpt>
      <trkpt lat="49.31917733" lon="-124.53511162">
      </trkpt>
      <trkpt lat="49.3191473" lon="-124.53497426">
      </trkpt>
      <trkpt lat="49.31913745" lon="-124.53487463">
      </trkpt>
      <trkpt lat="49.31913012" lon="-124.53478375">
      </trkpt>
    </trkseg>
    <trkseg>
      <trkpt lat="49.31613376" lon="-124.53365806">
      </trkpt>
      <trkpt lat="49.31607526" lon="-124.53371681">
      </trkpt>
      <trkpt lat="49.3159819" lon="-124.53377994">
      </trkpt>
      <trkpt lat="49.31589964" lon="-124.53384666">
      </trkpt>
      <trkpt lat="49.3158361" lon="-124.53394194">
      </trkpt>
      <trkpt lat="49.31577452" lon="-124.53400342">
      </trkpt>
      <trkpt lat="49.31572246" lon="-124.534046">
      </trkpt>
      <trkpt lat="49.31567793" lon="-124.53406874">
      </trkpt>
      <trkpt lat="49.31565676" lon="-124.53407717">
      </trkpt>
      <trkpt lat="49.31570271" lon="-124.53396969">
      </trkpt>
      <trkpt lat="49.31577611" lon="-124.53384108">
      </trkpt>
      <trkpt lat="49.31583905" lon="-124.53376438">
      </trkpt>
      <trkpt lat="49.31593755" lon="-124.53365303">
      </trkpt>
      <trkpt lat="49.31601698" lon="-124.53356294">
      </trkpt>
      <trkpt lat="49.31606832" lon="-124.53351458">
      </trkpt>
      <trkpt lat="49.31608124" lon="-124.53344131">
      </trkpt>
      <trkpt lat="49.31605587" lon="-124.5334015">
      </trkpt>
      <trkpt lat="49.3158818" lon="-124.53336519">
      </trkpt>
      <trkpt lat="49.31578596" lon="-124.53336596">
      </trkpt>
      <trkpt lat="49.31567878" lon="-124.53335901">
      </trkpt>
      <trkpt lat="49.31557529" lon="-124.53335706">
      </trkpt>
      <trkpt lat="49.31549363" lon="-124.53333095">
      </trkpt>
      <trkpt lat="49.31547799" lon="-124.53332736">
      </trkpt>
      <trkpt lat="49.31539723" lon="-124.53343097">
      </trkpt>
      <trkpt lat="49.3153505" lon="-124.53348215">
      </trkpt>
      <trkpt lat="49.31529925" lon="-124.53354968">
      </trkpt>
      <trkpt lat="49.31520576" lon="-124.53354297">
      </trkpt>
      <trkpt lat="49.31512764" lon="-124.53348975">
      </trkpt>
      <trkpt lat="49.31507781" lon="-124.53341704">
      </trkpt>
      <trkpt lat="49.31500887" lon="-124.53331961">
      </trkpt>
      <trkpt lat="49.31491853" lon="-124.53326415">
      </trkpt>
      <trkpt lat="49.31482012" lon="-124.53321536">
      </trkpt>
      <trkpt lat="49.3147217" lon="-124.53316266">
      </trkpt>
      <trkpt lat="49.31463238" lon="-124.53313111">
      </trkpt>
      <trkpt lat="49.31455722" lon="-124.53310371">
      </trkpt>
      <trkpt lat="49.31447664" lon="-124.53309543">
      </trkpt>
      <trkpt lat="49.31436905" lon="-124.53307838">
      </trkpt>
      <trkpt lat="49.31429606" lon="-124.53303061">
      </trkpt>
      <trkpt lat="49.31424752" lon="-124.53292749">
      </trkpt>
      <trkpt lat="49.31420657" lon="-124.53281467">
      </trkpt>
      <trkpt lat="49.31415119" lon="-124.53272936">
      </trkpt>
      <trkpt lat="49.31411086" lon="-124.53264431">
      </trkpt>
      <trkpt lat="49.31407201" lon="-124.53256437">
      </trkpt>
      <trkpt lat="49.31401815" lon="-124.53248023">
      </trkpt>
      <trkpt lat="49.31397652" lon="-124.5323728">
      </trkpt>
      <trkpt lat="49.31393249" lon="-124.53230705">
      </trkpt>
      <trkpt lat="49.3138945" lon="-124.53232665">
      </trkpt>
      <trkpt lat="49.31385899" lon="-124.53245981">
      </trkpt>
      <trkpt lat="49.3138526" lon="-124.53266131">
      </trkpt>
      <trkpt lat="49.31385203" lon="-124.53277152">
      </trkpt>
      <trkpt lat="49.31379273" lon="-124.53284161">
      </trkpt>
      <trkpt lat="49.31375388" lon="-124.53282291">
      </trkpt>
      <trkpt lat="49.31368119" lon="-124.53276625">
      </trkpt>
      <trkpt lat="49.31362131" lon="-124.53269001">
      </trkpt>
      <trkpt lat="49.31357796" lon="-124.53260035">
      </trkpt>
      <trkpt lat="49.31358834" lon="-124.53253409">
      </trkpt>
      <trkpt lat="49.31358116" lon="-124.53241327">
      </trkpt>
      <trkpt lat="49.31361071" lon="-124.53229019">
      </trkpt>
      <trkpt lat="49.31365198" lon="-124.53215432">
      </trkpt>
      <trkpt lat="49.31368559" lon="-124.53205752">
      </trkpt>
      <trkpt lat="49.31371083" lon="-124.53199023">
      </trkpt>
      <trkpt lat="49.31376824" lon="-124.53192292">
      </trkpt>
      <trkpt lat="49.31382574" lon="-124.53174695">
      </trkpt>
      <trkpt lat="49.31387327" lon="-124.5316238">
      </trkpt>
      <trkpt lat="49.31393475" lon="-124.53148704">
      </trkpt>
      <trkpt lat="49.31398134" lon="-124.53137495">
      </trkpt>
      <trkpt lat="49.31402995" lon="-124.53123631">
      </trkpt>
      <trkpt lat="49.31407894" lon="-124.53109924">
      </trkpt>
      <trkpt lat="49.31413865" lon="-124.53087051">
      </trkpt>
      <trkpt lat="49.31418314" lon="-124.5307081">
      </trkpt>
      <trkpt lat="49.31421663" lon="-124.53056738">
      </trkpt>
      <trkpt lat="49.31426722" lon="-124.53040072">
      </trkpt>
      <trkpt lat="49.31430042" lon="-124.53022862">
      </trkpt>
      <trkpt lat="49.31433405" lon="-124.53008517">
      </trkpt>
      <trkpt lat="49.31436576" lon="-124.52988674">
      </trkpt>
      <trkpt lat="49.31439895" lon="-124.52970343">
      </trkpt>
      <trkpt lat="49.31443775" lon="-124.52954082">
      </trkpt>
      <trkpt lat="49.31449277" lon="-124.52938238">
      </trkpt>
      <trkpt lat="49.31453245" lon="-124.5292741">
      </trkpt>
      <trkpt lat="49.31456373" lon="-124.52912156">
      </trkpt>
      <trkpt lat="49.31460458" lon="-124.52901159">
      </trkpt>
      <trkpt lat="49.31466892" lon="-124.52888001">
      </trkpt>
      <trkpt lat="49.31476341" lon="-124.52870292">
      </trkpt>
      <trkpt lat="49.31487792" lon="-124.52853737">
      </trkpt>
      <trkpt lat="49.31497039" lon="-124.5284784">
      </trkpt>
      <trkpt lat="49.31501053" lon="-124.52848735">
      </trkpt>
    </trkseg>
    <trkseg>
      <trkpt lat="49.31668807" lon="-124.53190295">
      </trkpt>
      <trkpt lat="49.31653861" lon="-124.53185673">
      </trkpt>
      <trkpt lat="49.31643264" lon="-124.53185749">
      </trkpt>
      <trkpt lat="49.31639079" lon="-124.53189435">
      </trkpt>
      <trkpt lat="49.3163738" lon="-124.53203008">
      </trkpt>
      <trkpt lat="49.31640009" lon="-124.53222212">
      </trkpt>
      <trkpt lat="49.31640203" lon="-124.53240526">
      </trkpt>
      <trkpt lat="49.31634345" lon="-124.53260253">
      </trkpt>
      <trkpt lat="49.31628388" lon="-124.53278424">
      </trkpt>
      <trkpt lat="49.3162103" lon="-124.53291205">
      </trkpt>
      <trkpt lat="49.31614537" lon="-124.53295945">
      </trkpt>
      <trkpt lat="49.31607132" lon="-124.53299279">
      </trkpt>
      <trkpt lat="49.31597181" lon="-124.53292634">
      </trkpt>
      <trkpt lat="49.31588335" lon="-124.53286272">
      </trkpt>
      <trkpt lat="49.31584842" lon="-124.53272384">
      </trkpt>
      <trkpt lat="49.31582673" lon="-124.53258828">
      </trkpt>
      <trkpt lat="49.31579395" lon="-124.53242375">
      </trkpt>
      <trkpt lat="49.31575436" lon="-124.53223697">
      </trkpt>
      <trkpt lat="49.31569478" lon="-124.5320935">
      </trkpt>
      <trkpt lat="49.31565725" lon="-124.53207637">
      </trkpt>
      <trkpt lat="49.31555436" lon="-124.53211609">
      </trkpt>
      <trkpt lat="49.31548665" lon="-124.53219038">
      </trkpt>
      <trkpt lat="49.31542406" lon="-124.53233479">
      </trkpt>
      <trkpt lat="49.31534585" lon="-124.53241134">
      </trkpt>
      <trkpt lat="49.31529242" lon="-124.53257418">
      </trkpt>
      <trkpt lat="49.31533619" lon="-124.53263003">
      </trkpt>
      <trkpt lat="49.31543229" lon="-124.53270272">
      </trkpt>
      <trkpt lat="49.31553508" lon="-124.53277868">
      </trkpt>
      <trkpt lat="49.31565442" lon="-124.53282357">
      </trkpt>
      <trkpt lat="49.31577608" lon="-124.53285252">
      </trkpt>
      <trkpt lat="49.31581696" lon="-124.53289004">
      </trkpt>
      <trkpt lat="49.31575682" lon="-124.53294897">
      </trkpt>
      <trkpt lat="49.31568891" lon="-124.53296052">
      </trkpt>
      <trkpt lat="49.31560042" lon="-124.53292258">
      </trkpt>
      <trkpt lat="49.315446" lon="-124.53289958">
      </trkpt>
      <trkpt lat="49.31531786" lon="-124.53289223">
      </trkpt>
      <trkpt lat="49.31519489" lon="-124.53291943">
      </trkpt>
      <trkpt lat="49.31502709" lon="-124.53293831">
      </trkpt>
      <trkpt lat="49.31490506" lon="-124.53291392">
      </trkpt>
      <trkpt lat="49.31479472" lon="-124.5327846">
      </trkpt>
      <trkpt lat="49.31474577" lon="-124.53269127">
      </trkpt>
      <trkpt lat="49.31474611" lon="-124.53261211">
      </trkpt>
      <trkpt lat="49.31472907" lon="-124.53253429">
      </trkpt>
      <trkpt lat="49.31462154" lon="-124.53237005">
      </trkpt>
      <trkpt lat="49.31450817" lon="-124.53221643">
      </trkpt>
      <trkpt lat="49.31441363" lon="-124.53211023">
      </trkpt>
      <trkpt lat="49.31432274" lon="-124.53192716">
      </trkpt>
      <trkpt lat="49.31429465" lon="-124.53181886">
      </trkpt>
      <trkpt lat="49.31435054" lon="-124.53172766">
      </trkpt>
      <trkpt lat="49.31441947" lon="-124.53161637">
      </trkpt>
      <trkpt lat="49.31449651" lon="-124.5315009">
      </trkpt>
      <trkpt lat="49.31460459" lon="-124.53134036">
      </trkpt>
      <trkpt lat="49.31471579" lon="-124.53119492">
      </trkpt>
      <trkpt lat="49.31482502" lon="-124.53115547">
      </trkpt>
      <trkpt lat="49.31493558" lon="-124.53114542">
      </trkpt>
      <trkpt lat="49.31506122" lon="-124.53111117">
      </trkpt>
      <trkpt lat="49.31518081" lon="-124.53104502">
      </trkpt>
      <trkpt lat="49.3152687" lon="-124.53098769">
      </trkpt>
      <trkpt lat="49.31538744" lon="-124.53102191">
      </trkpt>
      <trkpt lat="49.31547996" lon="-124.53111565">
      </trkpt>
      <trkpt lat="49.31554359" lon="-124.53125835">
      </trkpt>
      <trkpt lat="49.31560993" lon="-124.53139367">
      </trkpt>
      <trkpt lat="49.3156706" lon="-124.53146465">
      </trkpt>
      <trkpt lat="49.31573357" lon="-124.53152921">
      </trkpt>
      <trkpt lat="49.31579636" lon="-124.53147845">
      </trkpt>
      <trkpt lat="49.31589873" lon="-124.53136375">
      </trkpt>
      <trkpt lat="49.31595196" lon="-124.53131816">
      </trkpt>
      <trkpt lat="49.3160561" lon="-124.53123532">
      </trkpt>
      <trkpt lat="49.31613324" lon="-124.53120768">
      </trkpt>
      <trkpt lat="49.31621929" lon="-124.53122776">
      </trkpt>
      <trkpt lat="49.31627056" lon="-124.53127028">
      </trkpt>
      <trkpt lat="49.31630947" lon="-124.53134017">
      </trkpt>
      <trkpt lat="49.316391" lon="-124.5314722">
      </trkpt>
      <trkpt lat="49.31642773" lon="-124.53155638">
      </trkpt>
      <trkpt lat="49.3164859" lon="-124.53164498">
      </trkpt>
      <trkpt lat="49.31653583" lon="-124.5316939">
      </trkpt>
      <trkpt lat="49.3166067" lon="-124.5317287">
      </trkpt>
      <trkpt lat="49.31667749" lon="-124.53177052">
      </trkpt>
      <trkpt lat="49.3166852" lon="-124.53183075">
      </trkpt>
      <trkpt lat="49.31668807" lon="-124.53190295">
      </trkpt>
      <trkpt lat="49.3167196" lon="-124.53193563">
      </trkpt>
      <trkpt lat="49.31673426" lon="-124.5319815">
      </trkpt>
      <trkpt lat="49.31669837" lon="-124.53204673">
      </trkpt>
      <trkpt lat="49.31670196" lon="-124.53211839">
      </trkpt>
      <trkpt lat="49.31668082" lon="-124.53222274">
      </trkpt>
      <trkpt lat="49.31669685" lon="-124.532366">
      </trkpt>
      <trkpt lat="49.31669899" lon="-124.532467">
      </trkpt>
      <trkpt lat="49.31671751" lon="-124.53255825">
      </trkpt>
      <trkpt lat="49.31675282" lon="-124.53261324">
      </trkpt>
      <trkpt lat="49.31678448" lon="-124.53252656">
      </trkpt>
      <trkpt lat="49.31684536" lon="-124.53242134">
      </trkpt>
      <trkpt lat="49.31684955" lon="-124.53233952">
      </trkpt>
      <trkpt lat="49.31682761" lon="-124.53221144">
      </trkpt>
      <trkpt lat="49.31682175" lon="-124.5321024">
      </trkpt>
      <trkpt lat="49.31682911" lon="-124.53192864">
      </trkpt>
      <trkpt lat="49.3168509" lon="-124.53175758">
      </trkpt>
      <trkpt lat="49.31688796" lon="-124.53160952">
      </trkpt>
      <trkpt lat="49.31689778" lon="-124.53155945">
      </trkpt>
      <trkpt lat="49.31687003" lon="-124.53143457">
      </trkpt>
      <trkpt lat="49.31678627" lon="-124.53134183">
      </trkpt>
      <trkpt lat="49.31670002" lon="-124.53122685">
      </trkpt>
      <trkpt lat="49.31669293" lon="-124.5311032">
      </trkpt>
      <trkpt lat="49.31671264" lon="-124.53094676">
      </trkpt>
      <trkpt lat="49.31675768" lon="-124.53087166">
      </trkpt>
      <trkpt lat="49.31681984" lon="-124.53071616">
      </trkpt>
      <trkpt lat="49.3169253" lon="-124.53059276">
      </trkpt>
      <trkpt lat="49.31702306" lon="-124.53049096">
      </trkpt>
      <trkpt lat="49.31712761" lon="-124.53048707">
      </trkpt>
      <trkpt lat="49.31722302" lon="-124.53056852">
      </trkpt>
      <trkpt lat="49.3172901" lon="-124.53071392">
      </trkpt>
      <trkpt lat="49.31734509" lon="-124.53081387">
      </trkpt>
      <trkpt lat="49.31737709" lon="-124.53083558">
      </trkpt>
      <trkpt lat="49.31742226" lon="-124.53091016">
      </trkpt>
      <trkpt lat="49.31746341" lon="-124.53102303">
      </trkpt>
      <trkpt lat="49.31753262" lon="-124.53106223">
      </trkpt>
      <trkpt lat="49.31764577" lon="-124.53095653">
      </trkpt>
      <trkpt lat="49.31775885" lon="-124.53084966">
      </trkpt>
      <trkpt lat="49.31785377" lon="-124.53076329">
      </trkpt>
      <trkpt lat="49.31794152" lon="-124.5306821">
      </trkpt>
      <trkpt lat="49.31801159" lon="-124.53067571">
      </trkpt>
      <trkpt lat="49.3180785" lon="-124.53075541">
      </trkpt>
      <trkpt lat="49.31810349" lon="-124.53084386">
      </trkpt>
      <trkpt lat="49.318087" lon="-124.5309054">
      </trkpt>
      <trkpt lat="49.31806742" lon="-124.53097826">
      </trkpt>
      <trkpt lat="49.31803769" lon="-124.53106551">
      </trkpt>
      <trkpt lat="49.3179776" lon="-124.53112752">
      </trkpt>
      <trkpt lat="49.31792033" lon="-124.53119522">
      </trkpt>
      <trkpt lat="49.31786568" lon="-124.53127418">
      </trkpt>
      <trkpt lat="49.31780625" lon="-124.53133879">
      </trkpt>
      <trkpt lat="49.31771914" lon="-124.53138768">
      </trkpt>
      <trkpt lat="49.31764283" lon="-124.5314191">
      </trkpt>
      <trkpt lat="49.31755379" lon="-124.53146942">
      </trkpt>
      <trkpt lat="49.31749528" lon="-124.5315253">
      </trkpt>
      <trkpt lat="49.31745099" lon="-124.53163009">
      </trkpt>
      <trkpt lat="49.31743244" lon="-124.53176416">
      </trkpt>
      <trkpt lat="49.31740008" lon="-124.53191798">
      </trkpt>
      <trkpt lat="49.31735023" lon="-124.53208583">
      </trkpt>
      <trkpt lat="49.31730606" lon="-124.53223945">
      </trkpt>
      <trkpt lat="49.31725394" lon="-124.53237944">
      </trkpt>
      <trkpt lat="49.31721469" lon="-124.53249433">
      </trkpt>
      <trkpt lat="49.31717539" lon="-124.53261766">
      </trkpt>
      <trkpt lat="49.31713358" lon="-124.5327288">
      </trkpt>
      <trkpt lat="49.31709394" lon="-124.53279733">
      </trkpt>
      <trkpt lat="49.31704188" lon="-124.53285604">
      </trkpt>
      <trkpt lat="49.31703809" lon="-124.53274067">
      </trkpt>
      <trkpt lat="49.31702444" lon="-124.532669">
      </trkpt>
      <trkpt lat="49.31697367" lon="-124.53255855">
      </trkpt>
      <trkpt lat="49.31691883" lon="-124.532561">
      </trkpt>
      <trkpt lat="49.3168425" lon="-124.53262145">
      </trkpt>
      <trkpt lat="49.31676751" lon="-124.53263611">
      </trkpt>
      <trkpt lat="49.31675282" lon="-124.53261324">
      </trkpt>
    </trkseg>
    <trkseg>
      <trkpt lat="49.31678036" lon="-124.53325002">
      </trkpt>
      <trkpt lat="49.316876" lon="-124.53325751">
      </trkpt>
      <trkpt lat="49.31697152" lon="-124.53320849">
      </trkpt>
      <trkpt lat="49.31699961" lon="-124.5331714">
      </trkpt>
      <trkpt lat="49.31702524" lon="-124.53303319">
      </trkpt>
      <trkpt lat="49.31704188" lon="-124.53285604">
      </trkpt>
    </trkseg>
  </trk>
</gpx>