<?xml version="1.0" encoding="UTF-8"?>
<gpx xmlns="http://www.topografix.com/GPX/1/1" xmlns:xsi="http://www.w3.org/2001/XMLSchema-instance" xsi:schemaLocation="http://www.topografix.com/GPX/1/1 http://www.topografix.com/GPX/1/1/gpx.xsd" version="1.1" creator="gpx.py -- https://github.com/tkrajina/gpxpy">
  <trk>
    <name>Prince George East Trails</name>
    <trkseg>
      <trkpt lat="53.6534639" lon="-122.18458312">
      </trkpt>
      <trkpt lat="53.65379156" lon="-122.18507638">
      </trkpt>
      <trkpt lat="53.65412294" lon="-122.18547085">
      </trkpt>
      <trkpt lat="53.65469651" lon="-122.1860154">
      </trkpt>
      <trkpt lat="53.65522693" lon="-122.18648355">
      </trkpt>
      <trkpt lat="53.6558495" lon="-122.18686296">
      </trkpt>
      <trkpt lat="53.65627119" lon="-122.18711146">
      </trkpt>
      <trkpt lat="53.6565629" lon="-122.18732591">
      </trkpt>
      <trkpt lat="53.65683344" lon="-122.18730123">
      </trkpt>
      <trkpt lat="53.65714512" lon="-122.18707763">
      </trkpt>
      <trkpt lat="53.65742683" lon="-122.18676494">
      </trkpt>
      <trkpt lat="53.65765901" lon="-122.18638789">
      </trkpt>
      <trkpt lat="53.6578027" lon="-122.18621406">
      </trkpt>
      <trkpt lat="53.65808202" lon="-122.18603933">
      </trkpt>
      <trkpt lat="53.65839313" lon="-122.18601093">
      </trkpt>
      <trkpt lat="53.65871539" lon="-122.18611928">
      </trkpt>
      <trkpt lat="53.65907219" lon="-122.18624743">
      </trkpt>
      <trkpt lat="53.65930543" lon="-122.18632946">
      </trkpt>
      <trkpt lat="53.65948201" lon="-122.18633631">
      </trkpt>
      <trkpt lat="53.65965567" lon="-122.18625158">
      </trkpt>
      <trkpt lat="53.65983775" lon="-122.18600535">
      </trkpt>
      <trkpt lat="53.66008948" lon="-122.18560352">
      </trkpt>
      <trkpt lat="53.66037559" lon="-122.18500337">
      </trkpt>
      <trkpt lat="53.66060777" lon="-122.18462628">
      </trkpt>
      <trkpt lat="53.66082366" lon="-122.18437696">
      </trkpt>
      <trkpt lat="53.6612898" lon="-122.18410478">
      </trkpt>
      <trkpt lat="53.66164954" lon="-122.18389971">
      </trkpt>
      <trkpt lat="53.66193782" lon="-122.18379301">
      </trkpt>
      <trkpt lat="53.66219794" lon="-122.18365445">
      </trkpt>
      <trkpt lat="53.66248585" lon="-122.1835363">
      </trkpt>
      <trkpt lat="53.66282547" lon="-122.18355122">
      </trkpt>
      <trkpt lat="53.66309893" lon="-122.18361808">
      </trkpt>
      <trkpt lat="53.6633817" lon="-122.18376447">
      </trkpt>
      <trkpt lat="53.66364199" lon="-122.18384404">
      </trkpt>
      <trkpt lat="53.66390576" lon="-122.18381995">
      </trkpt>
      <trkpt lat="53.66434996" lon="-122.18371049">
      </trkpt>
      <trkpt lat="53.66471189" lon="-122.18357409">
      </trkpt>
      <trkpt lat="53.66507565" lon="-122.18349494">
      </trkpt>
      <trkpt lat="53.66545112" lon="-122.1833573">
      </trkpt>
      <trkpt lat="53.66586826" lon="-122.1832503">
      </trkpt>
      <trkpt lat="53.66631099" lon="-122.18309503">
      </trkpt>
      <trkpt lat="53.66647861" lon="-122.18303379">
      </trkpt>
      <trkpt lat="53.66685627" lon="-122.18296483">
      </trkpt>
      <trkpt lat="53.66735036" lon="-122.18293118">
      </trkpt>
      <trkpt lat="53.66793602" lon="-122.18300399">
      </trkpt>
      <trkpt lat="53.66843668" lon="-122.18317641">
      </trkpt>
      <trkpt lat="53.66879587" lon="-122.18316655">
      </trkpt>
      <trkpt lat="53.66932616" lon="-122.1829918">
      </trkpt>
      <trkpt lat="53.67004747" lon="-122.18263881">
      </trkpt>
      <trkpt lat="53.67060226" lon="-122.18238142">
      </trkpt>
      <trkpt lat="53.67074923" lon="-122.18231056">
      </trkpt>
      <trkpt lat="53.67123144" lon="-122.18211721">
      </trkpt>
      <trkpt lat="53.67180121" lon="-122.18190437">
      </trkpt>
      <trkpt lat="53.67211544" lon="-122.18176082">
      </trkpt>
      <trkpt lat="53.67267115" lon="-122.18131957">
      </trkpt>
      <trkpt lat="53.67332501" lon="-122.18076597">
      </trkpt>
      <trkpt lat="53.67363668" lon="-122.18054225">
      </trkpt>
      <trkpt lat="53.67383738" lon="-122.180455">
      </trkpt>
      <trkpt lat="53.67431868" lon="-122.18044543">
      </trkpt>
      <trkpt lat="53.67489685" lon="-122.18049593">
      </trkpt>
      <trkpt lat="53.67519552" lon="-122.18050308">
      </trkpt>
      <trkpt lat="53.67550279" lon="-122.18056685">
      </trkpt>
      <trkpt lat="53.67585028" lon="-122.18061547">
      </trkpt>
      <trkpt lat="53.6761985" lon="-122.18068699">
      </trkpt>
      <trkpt lat="53.67654105" lon="-122.18079349">
      </trkpt>
      <trkpt lat="53.67681212" lon="-122.1809984">
      </trkpt>
      <trkpt lat="53.67718757" lon="-122.18128566">
      </trkpt>
      <trkpt lat="53.67748642" lon="-122.18151102">
      </trkpt>
      <trkpt lat="53.67766774" lon="-122.18166671">
      </trkpt>
      <trkpt lat="53.6778732" lon="-122.18172833">
      </trkpt>
      <trkpt lat="53.67821173" lon="-122.18170887">
      </trkpt>
      <trkpt lat="53.67852248" lon="-122.18166897">
      </trkpt>
      <trkpt lat="53.67883468" lon="-122.18167489">
      </trkpt>
      <trkpt lat="53.67908255" lon="-122.18179006">
      </trkpt>
      <trkpt lat="53.67944977" lon="-122.18203215">
      </trkpt>
      <trkpt lat="53.67971918" lon="-122.18239803">
      </trkpt>
      <trkpt lat="53.67983105" lon="-122.18250267">
      </trkpt>
      <trkpt lat="53.68007398" lon="-122.18267572">
      </trkpt>
      <trkpt lat="53.68034633" lon="-122.18270827">
      </trkpt>
      <trkpt lat="53.68068615" lon="-122.1825164">
      </trkpt>
      <trkpt lat="53.68084793" lon="-122.18227189">
      </trkpt>
      <trkpt lat="53.68108667" lon="-122.18210075">
      </trkpt>
      <trkpt lat="53.68135355" lon="-122.18196148">
      </trkpt>
      <trkpt lat="53.68162189" lon="-122.18186804">
      </trkpt>
      <trkpt lat="53.68199424" lon="-122.18184548">
      </trkpt>
      <trkpt lat="53.68230041" lon="-122.18187492">
      </trkpt>
      <trkpt lat="53.68264862" lon="-122.18194647">
      </trkpt>
      <trkpt lat="53.68293067" lon="-122.18207001">
      </trkpt>
      <trkpt lat="53.6832074" lon="-122.18223998">
      </trkpt>
      <trkpt lat="53.68342364" lon="-122.18242699">
      </trkpt>
      <trkpt lat="53.68360112" lon="-122.18267495">
      </trkpt>
      <trkpt lat="53.68374843" lon="-122.18304056">
      </trkpt>
      <trkpt lat="53.68389154" lon="-122.18348696">
      </trkpt>
      <trkpt lat="53.68393428" lon="-122.183977">
      </trkpt>
      <trkpt lat="53.68401356" lon="-122.18476235">
      </trkpt>
      <trkpt lat="53.68408737" lon="-122.1853759">
      </trkpt>
      <trkpt lat="53.68414655" lon="-122.18595634">
      </trkpt>
      <trkpt lat="53.6842242" lon="-122.18647766">
      </trkpt>
      <trkpt lat="53.68433622" lon="-122.18680054">
      </trkpt>
      <trkpt lat="53.68440257" lon="-122.18696679">
      </trkpt>
      <trkpt lat="53.68467452" lon="-122.18741294">
      </trkpt>
      <trkpt lat="53.68493571" lon="-122.1877337">
      </trkpt>
      <trkpt lat="53.68529323" lon="-122.18788487">
      </trkpt>
      <trkpt lat="53.68615801" lon="-122.18798973">
      </trkpt>
      <trkpt lat="53.68705441" lon="-122.18802277">
      </trkpt>
      <trkpt lat="53.68791351" lon="-122.18816262">
      </trkpt>
      <trkpt lat="53.68827744" lon="-122.18830172">
      </trkpt>
      <trkpt lat="53.68847686" lon="-122.18838692">
      </trkpt>
      <trkpt lat="53.68879141" lon="-122.18867986">
      </trkpt>
      <trkpt lat="53.68900909" lon="-122.18891274">
      </trkpt>
      <trkpt lat="53.6894777" lon="-122.18957077">
      </trkpt>
      <trkpt lat="53.6907355" lon="-122.19115633">
      </trkpt>
      <trkpt lat="53.69180358" lon="-122.19232269">
      </trkpt>
      <trkpt lat="53.69299885" lon="-122.19364986">
      </trkpt>
      <trkpt lat="53.69325216" lon="-122.19393698">
      </trkpt>
      <trkpt lat="53.6939971" lon="-122.19475378">
      </trkpt>
      <trkpt lat="53.69470785" lon="-122.19556222">
      </trkpt>
      <trkpt lat="53.69567422" lon="-122.1969449">
      </trkpt>
      <trkpt lat="53.69670051" lon="-122.19850603">
      </trkpt>
      <trkpt lat="53.69770358" lon="-122.19997741">
      </trkpt>
      <trkpt lat="53.698294" lon="-122.20084293">
      </trkpt>
      <trkpt lat="53.69946734" lon="-122.20255174">
      </trkpt>
      <trkpt lat="53.70055021" lon="-122.20418844">
      </trkpt>
      <trkpt lat="53.70176662" lon="-122.20597396">
      </trkpt>
      <trkpt lat="53.70248999" lon="-122.20718381">
      </trkpt>
      <trkpt lat="53.70288967" lon="-122.20823923">
      </trkpt>
      <trkpt lat="53.70319066" lon="-122.20917722">
      </trkpt>
      <trkpt lat="53.70351688" lon="-122.21005549">
      </trkpt>
      <trkpt lat="53.70416158" lon="-122.2119966">
      </trkpt>
      <trkpt lat="53.70456495" lon="-122.21338506">
      </trkpt>
      <trkpt lat="53.70483435" lon="-122.21525687">
      </trkpt>
      <trkpt lat="53.70507211" lon="-122.21655696">
      </trkpt>
      <trkpt lat="53.70515516" lon="-122.21746883">
      </trkpt>
      <trkpt lat="53.70510463" lon="-122.21823191">
      </trkpt>
      <trkpt lat="53.7050192" lon="-122.21896367">
      </trkpt>
      <trkpt lat="53.7049079" lon="-122.21995062">
      </trkpt>
      <trkpt lat="53.70489432" lon="-122.22059542">
      </trkpt>
      <trkpt lat="53.7050283" lon="-122.22161761">
      </trkpt>
      <trkpt lat="53.70540001" lon="-122.22329635">
      </trkpt>
      <trkpt lat="53.7057753" lon="-122.22508972">
      </trkpt>
      <trkpt lat="53.70615562" lon="-122.22704358">
      </trkpt>
      <trkpt lat="53.70658876" lon="-122.22852147">
      </trkpt>
      <trkpt lat="53.70701366" lon="-122.22995416">
      </trkpt>
      <trkpt lat="53.7073612" lon="-122.23108357">
      </trkpt>
      <trkpt lat="53.70770358" lon="-122.23183419">
      </trkpt>
      <trkpt lat="53.70839179" lon="-122.23301333">
      </trkpt>
      <trkpt lat="53.7091708" lon="-122.23427626">
      </trkpt>
      <trkpt lat="53.71002959" lon="-122.23570446">
      </trkpt>
      <trkpt lat="53.71066436" lon="-122.23691152">
      </trkpt>
      <trkpt lat="53.71146268" lon="-122.23857516">
      </trkpt>
      <trkpt lat="53.71198562" lon="-122.23967745">
      </trkpt>
      <trkpt lat="53.71332602" lon="-122.24240731">
      </trkpt>
      <trkpt lat="53.71481809" lon="-122.24543408">
      </trkpt>
      <trkpt lat="53.71562982" lon="-122.24709681">
      </trkpt>
      <trkpt lat="53.71617255" lon="-122.24796762">
      </trkpt>
      <trkpt lat="53.71699157" lon="-122.24899756">
      </trkpt>
      <trkpt lat="53.71741818" lon="-122.24962595">
      </trkpt>
      <trkpt lat="53.71782783" lon="-122.25079618">
      </trkpt>
      <trkpt lat="53.71837861" lon="-122.25279297">
      </trkpt>
      <trkpt lat="53.71904008" lon="-122.25486033">
      </trkpt>
      <trkpt lat="53.71943682" lon="-122.25583638">
      </trkpt>
      <trkpt lat="53.71982461" lon="-122.25652584">
      </trkpt>
      <trkpt lat="53.7203096" lon="-122.25728708">
      </trkpt>
      <trkpt lat="53.72084443" lon="-122.25812433">
      </trkpt>
      <trkpt lat="53.72116742" lon="-122.25891163">
      </trkpt>
      <trkpt lat="53.72142565" lon="-122.25979671">
      </trkpt>
      <trkpt lat="53.72173017" lon="-122.26086159">
      </trkpt>
      <trkpt lat="53.72190292" lon="-122.26161639">
      </trkpt>
      <trkpt lat="53.72223877" lon="-122.26281646">
      </trkpt>
      <trkpt lat="53.72267075" lon="-122.26427238">
      </trkpt>
      <trkpt lat="53.723144" lon="-122.26574762">
      </trkpt>
      <trkpt lat="53.72356524" lon="-122.26685963">
      </trkpt>
      <trkpt lat="53.72397113" lon="-122.26769711">
      </trkpt>
      <trkpt lat="53.72447952" lon="-122.26834147">
      </trkpt>
      <trkpt lat="53.72510183" lon="-122.26894117">
      </trkpt>
      <trkpt lat="53.72566859" lon="-122.26949987">
      </trkpt>
      <trkpt lat="53.72614814" lon="-122.27008937">
      </trkpt>
      <trkpt lat="53.72657748" lon="-122.27059139">
      </trkpt>
      <trkpt lat="53.72719622" lon="-122.27129496">
      </trkpt>
      <trkpt lat="53.72775051" lon="-122.27188931">
      </trkpt>
      <trkpt lat="53.72849312" lon="-122.27243237">
      </trkpt>
      <trkpt lat="53.72910186" lon="-122.27281493">
      </trkpt>
      <trkpt lat="53.72964653" lon="-122.2733182">
      </trkpt>
      <trkpt lat="53.72976543" lon="-122.2732156">
      </trkpt>
      <trkpt lat="53.72976616" lon="-122.27321433">
      </trkpt>
      <trkpt lat="53.73013342" lon="-122.27417613">
      </trkpt>
      <trkpt lat="53.73041607" lon="-122.2746855">
      </trkpt>
      <trkpt lat="53.73084512" lon="-122.27522292">
      </trkpt>
      <trkpt lat="53.73114813" lon="-122.27560712">
      </trkpt>
      <trkpt lat="53.73147659" lon="-122.27603018">
      </trkpt>
      <trkpt lat="53.73180888" lon="-122.27657626">
      </trkpt>
      <trkpt lat="53.73207114" lon="-122.27721087">
      </trkpt>
      <trkpt lat="53.73231176" lon="-122.27792966">
      </trkpt>
      <trkpt lat="53.73241105" lon="-122.27878444">
      </trkpt>
      <trkpt lat="53.73241231" lon="-122.27960684">
      </trkpt>
      <trkpt lat="53.7323741" lon="-122.28072064">
      </trkpt>
      <trkpt lat="53.73231649" lon="-122.28218494">
      </trkpt>
      <trkpt lat="53.73213073" lon="-122.2822128">
      </trkpt>
      <trkpt lat="53.7320111" lon="-122.28222347">
      </trkpt>
      <trkpt lat="53.73194709" lon="-122.28230827">
      </trkpt>
      <trkpt lat="53.73188692" lon="-122.28251702">
      </trkpt>
      <trkpt lat="53.73186067" lon="-122.28274536">
      </trkpt>
      <trkpt lat="53.73182708" lon="-122.28295175">
      </trkpt>
      <trkpt lat="53.73177845" lon="-122.28310297">
      </trkpt>
      <trkpt lat="53.7316686" lon="-122.28321446">
      </trkpt>
      <trkpt lat="53.73154198" lon="-122.28321444">
      </trkpt>
      <trkpt lat="53.73133175" lon="-122.28309759">
      </trkpt>
      <trkpt lat="53.7311523" lon="-122.28311357">
      </trkpt>
      <trkpt lat="53.73094627" lon="-122.28313193">
      </trkpt>
      <trkpt lat="53.73070001" lon="-122.28314257">
      </trkpt>
      <trkpt lat="53.73048138" lon="-122.28318464">
      </trkpt>
      <trkpt lat="53.73032921" lon="-122.28322081">
      </trkpt>
      <trkpt lat="53.73008995" lon="-122.28324212">
      </trkpt>
      <trkpt lat="53.72984754" lon="-122.28316202">
      </trkpt>
      <trkpt lat="53.7295663" lon="-122.28311929">
      </trkpt>
      <trkpt lat="53.72932354" lon="-122.28302793">
      </trkpt>
      <trkpt lat="53.72910807" lon="-122.28295674">
      </trkpt>
      <trkpt lat="53.72889015" lon="-122.28280667">
      </trkpt>
      <trkpt lat="53.72867397" lon="-122.28271295">
      </trkpt>
      <trkpt lat="53.72839484" lon="-122.28252314">
      </trkpt>
      <trkpt lat="53.72815523" lon="-122.28231851">
      </trkpt>
      <trkpt lat="53.72801812" lon="-122.28219514">
      </trkpt>
      <trkpt lat="53.72790058" lon="-122.28205874">
      </trkpt>
      <trkpt lat="53.72780896" lon="-122.28168275">
      </trkpt>
      <trkpt lat="53.72773795" lon="-122.28132753">
      </trkpt>
      <trkpt lat="53.727668" lon="-122.28100611">
      </trkpt>
      <trkpt lat="53.72756027" lon="-122.28075584">
      </trkpt>
      <trkpt lat="53.72739902" lon="-122.28049906">
      </trkpt>
      <trkpt lat="53.72721642" lon="-122.28041365">
      </trkpt>
      <trkpt lat="53.72704887" lon="-122.28038339">
      </trkpt>
      <trkpt lat="53.72681625" lon="-122.28040413">
      </trkpt>
      <trkpt lat="53.72656439" lon="-122.28044919">
      </trkpt>
      <trkpt lat="53.72629994" lon="-122.28051796">
      </trkpt>
      <trkpt lat="53.72600435" lon="-122.28065729">
      </trkpt>
      <trkpt lat="53.72580321" lon="-122.28083339">
      </trkpt>
      <trkpt lat="53.72564614" lon="-122.28092648">
      </trkpt>
      <trkpt lat="53.72552931" lon="-122.28102728">
      </trkpt>
      <trkpt lat="53.72529669" lon="-122.28104801">
      </trkpt>
      <trkpt lat="53.72505148" lon="-122.28109247">
      </trkpt>
      <trkpt lat="53.7248325" lon="-122.28112328">
      </trkpt>
      <trkpt lat="53.72461422" lon="-122.28117663">
      </trkpt>
      <trkpt lat="53.72442358" lon="-122.28126141">
      </trkpt>
      <trkpt lat="53.72423224" lon="-122.28132366">
      </trkpt>
      <trkpt lat="53.72405278" lon="-122.28133965">
      </trkpt>
      <trkpt lat="53.72391496" lon="-122.28119377">
      </trkpt>
      <trkpt lat="53.72384291" lon="-122.28101943">
      </trkpt>
      <trkpt lat="53.72378677" lon="-122.28079346">
      </trkpt>
      <trkpt lat="53.72362415" lon="-122.28034372">
      </trkpt>
      <trkpt lat="53.7235024" lon="-122.27995003">
      </trkpt>
      <trkpt lat="53.7233714" lon="-122.27963677">
      </trkpt>
      <trkpt lat="53.72330261" lon="-122.27943731">
      </trkpt>
      <trkpt lat="53.7231675" lon="-122.27924377">
      </trkpt>
      <trkpt lat="53.72305826" lon="-122.27912751">
      </trkpt>
      <trkpt lat="53.72298433" lon="-122.27901473">
      </trkpt>
      <trkpt lat="53.72290262" lon="-122.27890266">
      </trkpt>
      <trkpt lat="53.72280734" lon="-122.2788581">
      </trkpt>
      <trkpt lat="53.72271329" lon="-122.27872722">
      </trkpt>
      <trkpt lat="53.72264142" lon="-122.27855458">
      </trkpt>
      <trkpt lat="53.72253855" lon="-122.27839133">
      </trkpt>
      <trkpt lat="53.72245066" lon="-122.27833285">
      </trkpt>
      <trkpt lat="53.72230919" lon="-122.27831231">
      </trkpt>
      <trkpt lat="53.72213444" lon="-122.27822842">
      </trkpt>
      <trkpt lat="53.7220137" lon="-122.27811982">
      </trkpt>
      <trkpt lat="53.72186647" lon="-122.27804013">
      </trkpt>
      <trkpt lat="53.72171494" lon="-122.27794754">
      </trkpt>
      <trkpt lat="53.72157181" lon="-122.27787409">
      </trkpt>
      <trkpt lat="53.7214369" lon="-122.27781318">
      </trkpt>
      <trkpt lat="53.72130117" lon="-122.27772582">
      </trkpt>
      <trkpt lat="53.72120179" lon="-122.277675">
      </trkpt>
      <trkpt lat="53.72110282" lon="-122.27763741">
      </trkpt>
      <trkpt lat="53.72095456" lon="-122.27765063">
      </trkpt>
      <trkpt lat="53.72080014" lon="-122.27759146">
      </trkpt>
      <trkpt lat="53.72063752" lon="-122.27751976">
      </trkpt>
      <trkpt lat="53.72053649" lon="-122.27741604">
      </trkpt>
      <trkpt lat="53.72046359" lon="-122.27721035">
      </trkpt>
      <trkpt lat="53.7203679" lon="-122.27702658">
      </trkpt>
      <trkpt lat="53.72027077" lon="-122.27679652">
      </trkpt>
      <trkpt lat="53.72017549" lon="-122.27662597">
      </trkpt>
      <trkpt lat="53.7200798" lon="-122.2764422">
      </trkpt>
      <trkpt lat="53.72001204" lon="-122.27627585">
      </trkpt>
      <trkpt lat="53.71996214" lon="-122.27605484">
      </trkpt>
      <trkpt lat="53.71986727" lon="-122.27577152">
      </trkpt>
      <trkpt lat="53.71975125" lon="-122.27556305">
      </trkpt>
      <trkpt lat="53.71965781" lon="-122.27545202">
      </trkpt>
      <trkpt lat="53.71953276" lon="-122.27545657">
      </trkpt>
      <trkpt lat="53.71942004" lon="-122.27547988">
      </trkpt>
      <trkpt lat="53.71935145" lon="-122.27553905">
      </trkpt>
      <trkpt lat="53.71921182" lon="-122.27557804">
      </trkpt>
      <trkpt lat="53.7191036" lon="-122.27562085">
      </trkpt>
      <trkpt lat="53.71897239" lon="-122.27567898">
      </trkpt>
      <trkpt lat="53.71888533" lon="-122.27577296">
      </trkpt>
      <trkpt lat="53.71878164" lon="-122.27583526">
      </trkpt>
      <trkpt lat="53.71867055" lon="-122.27591149">
      </trkpt>
      <trkpt lat="53.71855001" lon="-122.27593551">
      </trkpt>
      <trkpt lat="53.71843338" lon="-122.27595918">
      </trkpt>
      <trkpt lat="53.7183537" lon="-122.27591324">
      </trkpt>
      <trkpt lat="53.71821758" lon="-122.27582979">
      </trkpt>
      <trkpt lat="53.71805869" lon="-122.27555159">
      </trkpt>
      <trkpt lat="53.71783438" lon="-122.27531696">
      </trkpt>
      <trkpt lat="53.71769534" lon="-122.27514073">
      </trkpt>
      <trkpt lat="53.71755924" lon="-122.27487937">
      </trkpt>
      <trkpt lat="53.71742663" lon="-122.27455168">
      </trkpt>
      <trkpt lat="53.71722393" lon="-122.27429626">
      </trkpt>
      <trkpt lat="53.71701831" lon="-122.27394681">
      </trkpt>
      <trkpt lat="53.71684978" lon="-122.27371663">
      </trkpt>
      <trkpt lat="53.71668709" lon="-122.27349539">
      </trkpt>
      <trkpt lat="53.71649432" lon="-122.27338056">
      </trkpt>
      <trkpt lat="53.7163623" lon="-122.27325089">
      </trkpt>
      <trkpt lat="53.71618472" lon="-122.27308756">
      </trkpt>
      <trkpt lat="53.71608132" lon="-122.27298362">
      </trkpt>
      <trkpt lat="53.7159496" lon="-122.27304254">
      </trkpt>
      <trkpt lat="53.71578956" lon="-122.2734435">
      </trkpt>
      <trkpt lat="53.7156926" lon="-122.27372566">
      </trkpt>
      <trkpt lat="53.71556265" lon="-122.27402019">
      </trkpt>
      <trkpt lat="53.71545459" lon="-122.27430333">
      </trkpt>
      <trkpt lat="53.7153144" lon="-122.27444788">
      </trkpt>
      <trkpt lat="53.71514325" lon="-122.27449145">
      </trkpt>
      <trkpt lat="53.71489879" lon="-122.27450384">
      </trkpt>
      <trkpt lat="53.71461081" lon="-122.27454842">
      </trkpt>
      <trkpt lat="53.71442827" lon="-122.27458358">
      </trkpt>
      <trkpt lat="53.71419987" lon="-122.27457567">
      </trkpt>
      <trkpt lat="53.71406143" lon="-122.27441828">
      </trkpt>
      <trkpt lat="53.71388852" lon="-122.27440543">
      </trkpt>
      <trkpt lat="53.71374512" lon="-122.27444652">
      </trkpt>
      <trkpt lat="53.71360375" lon="-122.27437426">
      </trkpt>
      <trkpt lat="53.71339814" lon="-122.27438319">
      </trkpt>
      <trkpt lat="53.71321677" lon="-122.27445595">
      </trkpt>
      <trkpt lat="53.71306373" lon="-122.27472424">
      </trkpt>
      <trkpt lat="53.71293173" lon="-122.2751321">
      </trkpt>
      <trkpt lat="53.71288705" lon="-122.27548501">
      </trkpt>
      <trkpt lat="53.71287011" lon="-122.27583545">
      </trkpt>
      <trkpt lat="53.71279389" lon="-122.27624776">
      </trkpt>
      <trkpt lat="53.71268699" lon="-122.27656849">
      </trkpt>
      <trkpt lat="53.71264728" lon="-122.27690209">
      </trkpt>
      <trkpt lat="53.71253366" lon="-122.27718571">
      </trkpt>
      <trkpt lat="53.71236076" lon="-122.27735201">
      </trkpt>
      <trkpt lat="53.71224452" lon="-122.27737181">
      </trkpt>
      <trkpt lat="53.71208563" lon="-122.27727283">
      </trkpt>
      <trkpt lat="53.7119393" lon="-122.27721987">
      </trkpt>
      <trkpt lat="53.71174596" lon="-122.2772654">
      </trkpt>
      <trkpt lat="53.71158182" lon="-122.27735548">
      </trkpt>
      <trkpt lat="53.71142731" lon="-122.27739756">
      </trkpt>
      <trkpt lat="53.71128858" lon="-122.27740993">
      </trkpt>
      <trkpt lat="53.71107975" lon="-122.27749457">
      </trkpt>
      <trkpt lat="53.71086683" lon="-122.27744755">
      </trkpt>
      <trkpt lat="53.71067903" lon="-122.27731343">
      </trkpt>
      <trkpt lat="53.71056922" lon="-122.27718177">
      </trkpt>
      <trkpt lat="53.71038229" lon="-122.27707586">
      </trkpt>
      <trkpt lat="53.71019917" lon="-122.27709219">
      </trkpt>
      <trkpt lat="53.70999589" lon="-122.27717633">
      </trkpt>
      <trkpt lat="53.70984518" lon="-122.27734065">
      </trkpt>
      <trkpt lat="53.70973595" lon="-122.27740697">
      </trkpt>
      <trkpt lat="53.70960861" lon="-122.27742776">
      </trkpt>
      <trkpt lat="53.70948156" lon="-122.27727879">
      </trkpt>
      <trkpt lat="53.70949996" lon="-122.27697539">
      </trkpt>
      <trkpt lat="53.70950696" lon="-122.2766636">
      </trkpt>
      <trkpt lat="53.70953354" lon="-122.27626518">
      </trkpt>
      <trkpt lat="53.70955077" lon="-122.27592418">
      </trkpt>
      <trkpt lat="53.70956186" lon="-122.27556486">
      </trkpt>
      <trkpt lat="53.70957587" lon="-122.27512041">
      </trkpt>
      <trkpt lat="53.70956242" lon="-122.2745087">
      </trkpt>
      <trkpt lat="53.7095478" lon="-122.27403852">
      </trkpt>
      <trkpt lat="53.70946601" lon="-122.27355548">
      </trkpt>
      <trkpt lat="53.70942568" lon="-122.27297444">
      </trkpt>
      <trkpt lat="53.7093547" lon="-122.27266017">
      </trkpt>
      <trkpt lat="53.70930094" lon="-122.27218408">
      </trkpt>
      <trkpt lat="53.70924309" lon="-122.27175547">
      </trkpt>
      <trkpt lat="53.70919138" lon="-122.27134519">
      </trkpt>
      <trkpt lat="53.70914434" lon="-122.27108536">
      </trkpt>
      <trkpt lat="53.70911161" lon="-122.27074882">
      </trkpt>
      <trkpt lat="53.70907596" lon="-122.27049742">
      </trkpt>
      <trkpt lat="53.70914575" lon="-122.27023658">
      </trkpt>
      <trkpt lat="53.70906629" lon="-122.27000795">
      </trkpt>
      <trkpt lat="53.7089071" lon="-122.26972042">
      </trkpt>
      <trkpt lat="53.70871869" lon="-122.26938837">
      </trkpt>
      <trkpt lat="53.70855803" lon="-122.26905384">
      </trkpt>
      <trkpt lat="53.70836814" lon="-122.26849563">
      </trkpt>
      <trkpt lat="53.70821536" lon="-122.26805667">
      </trkpt>
      <trkpt lat="53.7079352" lon="-122.26728024">
      </trkpt>
      <trkpt lat="53.70772342" lon="-122.26691257">
      </trkpt>
      <trkpt lat="53.70741057" lon="-122.26651624">
      </trkpt>
      <trkpt lat="53.70714389" lon="-122.26617237">
      </trkpt>
      <trkpt lat="53.70690524" lon="-122.2658354">
      </trkpt>
      <trkpt lat="53.70671068" lon="-122.26548507">
      </trkpt>
      <trkpt lat="53.70650647" lon="-122.26500361">
      </trkpt>
      <trkpt lat="53.70636011" lon="-122.26459241">
      </trkpt>
      <trkpt lat="53.70627448" lon="-122.26416633">
      </trkpt>
      <trkpt lat="53.7061693" lon="-122.26382687">
      </trkpt>
      <trkpt lat="53.70599491" lon="-122.26358791">
      </trkpt>
      <trkpt lat="53.70587689" lon="-122.26337217">
      </trkpt>
      <trkpt lat="53.70573552" lon="-122.26329997">
      </trkpt>
      <trkpt lat="53.70557225" lon="-122.26323916">
      </trkpt>
      <trkpt lat="53.70534441" lon="-122.26307098">
      </trkpt>
      <trkpt lat="53.70527135" lon="-122.26269095">
      </trkpt>
      <trkpt lat="53.70526984" lon="-122.26228565">
      </trkpt>
      <trkpt lat="53.70525373" lon="-122.26194765">
      </trkpt>
      <trkpt lat="53.70520929" lon="-122.26159334">
      </trkpt>
      <trkpt lat="53.70515433" lon="-122.26125883">
      </trkpt>
      <trkpt lat="53.70507105" lon="-122.260908">
      </trkpt>
      <trkpt lat="53.70495943" lon="-122.26054084">
      </trkpt>
      <trkpt lat="53.70485042" lon="-122.26007917">
      </trkpt>
      <trkpt lat="53.70474666" lon="-122.25960761">
      </trkpt>
      <trkpt lat="53.70469432" lon="-122.25917859">
      </trkpt>
      <trkpt lat="53.70470448" lon="-122.25879111">
      </trkpt>
      <trkpt lat="53.70478387" lon="-122.25848227">
      </trkpt>
      <trkpt lat="53.70488109" lon="-122.25820955">
      </trkpt>
      <trkpt lat="53.70504639" lon="-122.25815703">
      </trkpt>
      <trkpt lat="53.70524473" lon="-122.25827125">
      </trkpt>
      <trkpt lat="53.70550263" lon="-122.25833299">
      </trkpt>
      <trkpt lat="53.70565305" lon="-122.25833836">
      </trkpt>
      <trkpt lat="53.70569363" lon="-122.25821214">
      </trkpt>
      <trkpt lat="53.7056743" lon="-122.25794988">
      </trkpt>
      <trkpt lat="53.70554985" lon="-122.25770645">
      </trkpt>
      <trkpt lat="53.70532227" lon="-122.25736857">
      </trkpt>
      <trkpt lat="53.70512244" lon="-122.25702819">
      </trkpt>
      <trkpt lat="53.70500323" lon="-122.25677488">
      </trkpt>
      <trkpt lat="53.70486708" lon="-122.25651365">
      </trkpt>
      <trkpt lat="53.70470987" lon="-122.25611289">
      </trkpt>
      <trkpt lat="53.7046219" lon="-122.25579077">
      </trkpt>
      <trkpt lat="53.70458884" lon="-122.25544488">
      </trkpt>
      <trkpt lat="53.70451398" lon="-122.25500846">
      </trkpt>
      <trkpt lat="53.70443888" lon="-122.25474177">
      </trkpt>
      <trkpt lat="53.70439324" lon="-122.25434986">
      </trkpt>
      <trkpt lat="53.70443319" lon="-122.25402569">
      </trkpt>
      <trkpt lat="53.70448744" lon="-122.25362482">
      </trkpt>
      <trkpt lat="53.70447512" lon="-122.25340907">
      </trkpt>
      <trkpt lat="53.70444003" lon="-122.25317651">
      </trkpt>
      <trkpt lat="53.70440262" lon="-122.25304786">
      </trkpt>
      <trkpt lat="53.70426701" lon="-122.25262633">
      </trkpt>
      <trkpt lat="53.70413224" lon="-122.25205385">
      </trkpt>
      <trkpt lat="53.70401472" lon="-122.25149869">
      </trkpt>
      <trkpt lat="53.7039039" lon="-122.25098064">
      </trkpt>
      <trkpt lat="53.7037408" lon="-122.25039188">
      </trkpt>
      <trkpt lat="53.7036075" lon="-122.24986643">
      </trkpt>
      <trkpt lat="53.7034602" lon="-122.24942709">
      </trkpt>
      <trkpt lat="53.70338536" lon="-122.24916981">
      </trkpt>
      <trkpt lat="53.70321708" lon="-122.24894923">
      </trkpt>
      <trkpt lat="53.70304325" lon="-122.24872915">
      </trkpt>
      <trkpt lat="53.70281244" lon="-122.24846705">
      </trkpt>
      <trkpt lat="53.70259304" lon="-122.24821334">
      </trkpt>
      <trkpt lat="53.70240109" lon="-122.24794774">
      </trkpt>
      <trkpt lat="53.70226463" lon="-122.24767716">
      </trkpt>
      <trkpt lat="53.70211819" lon="-122.24726606">
      </trkpt>
      <trkpt lat="53.70202658" lon="-122.24647291">
      </trkpt>
      <trkpt lat="53.70202172" lon="-122.2457851">
      </trkpt>
      <trkpt lat="53.70200895" lon="-122.24502257">
      </trkpt>
      <trkpt lat="53.70204289" lon="-122.24415212">
      </trkpt>
      <trkpt lat="53.70213216" lon="-122.24380467">
      </trkpt>
      <trkpt lat="53.70220155" lon="-122.24335531">
      </trkpt>
      <trkpt lat="53.70226863" lon="-122.24300986">
      </trkpt>
      <trkpt lat="53.70235033" lon="-122.24277622">
      </trkpt>
      <trkpt lat="53.70244403" lon="-122.2425698">
      </trkpt>
      <trkpt lat="53.70251789" lon="-122.24244058">
      </trkpt>
      <trkpt lat="53.70250934" lon="-122.24216793">
      </trkpt>
      <trkpt lat="53.70234683" lon="-122.24177715">
      </trkpt>
      <trkpt lat="53.70214283" lon="-122.24130525">
      </trkpt>
      <trkpt lat="53.70193416" lon="-122.24086206">
      </trkpt>
      <trkpt lat="53.7016805" lon="-122.24040406">
      </trkpt>
      <trkpt lat="53.70153085" lon="-122.2400687">
      </trkpt>
      <trkpt lat="53.70136486" lon="-122.23974425">
      </trkpt>
      <trkpt lat="53.70119739" lon="-122.23937279">
      </trkpt>
      <trkpt lat="53.70104503" lon="-122.2387737">
      </trkpt>
      <trkpt lat="53.70096368" lon="-122.23830963">
      </trkpt>
      <trkpt lat="53.70087826" lon="-122.23789307">
      </trkpt>
      <trkpt lat="53.70076982" lon="-122.23762944">
      </trkpt>
      <trkpt lat="53.70063805" lon="-122.23750932">
      </trkpt>
      <trkpt lat="53.70053492" lon="-122.2374149">
      </trkpt>
      <trkpt lat="53.70048102" lon="-122.23782516">
      </trkpt>
      <trkpt lat="53.70040463" lon="-122.23822801">
      </trkpt>
      <trkpt lat="53.70031868" lon="-122.23885799">
      </trkpt>
      <trkpt lat="53.70021584" lon="-122.2396592">
      </trkpt>
      <trkpt lat="53.70010566" lon="-122.24040448">
      </trkpt>
      <trkpt lat="53.69996107" lon="-122.24129428">
      </trkpt>
      <trkpt lat="53.6997651" lon="-122.24232068">
      </trkpt>
      <trkpt lat="53.69958224" lon="-122.24323275">
      </trkpt>
      <trkpt lat="53.69937604" lon="-122.24428835">
      </trkpt>
      <trkpt lat="53.69924655" lon="-122.24495049">
      </trkpt>
      <trkpt lat="53.69912785" lon="-122.24560223">
      </trkpt>
      <trkpt lat="53.69900562" lon="-122.24614117">
      </trkpt>
      <trkpt lat="53.69885922" lon="-122.24697452">
      </trkpt>
      <trkpt lat="53.69871629" lon="-122.24774155">
      </trkpt>
      <trkpt lat="53.69858565" lon="-122.24854519">
      </trkpt>
      <trkpt lat="53.69844389" lon="-122.24934982">
      </trkpt>
      <trkpt lat="53.69828229" lon="-122.25023164">
      </trkpt>
      <trkpt lat="53.69817609" lon="-122.25075026">
      </trkpt>
      <trkpt lat="53.6980646" lon="-122.25109964">
      </trkpt>
      <trkpt lat="53.69796126" lon="-122.25135403">
      </trkpt>
      <trkpt lat="53.69772272" lon="-122.25173367">
      </trkpt>
      <trkpt lat="53.69742284" lon="-122.2521094">
      </trkpt>
      <trkpt lat="53.69713785" lon="-122.25242723">
      </trkpt>
      <trkpt lat="53.69687535" lon="-122.25275245">
      </trkpt>
      <trkpt lat="53.69661432" lon="-122.25312467">
      </trkpt>
      <trkpt lat="53.69634248" lon="-122.25350728">
      </trkpt>
      <trkpt lat="53.69618365" lon="-122.25376663">
      </trkpt>
      <trkpt lat="53.69591328" lon="-122.25419624">
      </trkpt>
      <trkpt lat="53.69564349" lon="-122.25464464">
      </trkpt>
      <trkpt lat="53.69547822" lon="-122.25487628">
      </trkpt>
      <trkpt lat="53.69529921" lon="-122.25502431">
      </trkpt>
      <trkpt lat="53.69510939" lon="-122.25518273">
      </trkpt>
      <trkpt lat="53.69497272" lon="-122.25526098">
      </trkpt>
      <trkpt lat="53.69475659" lon="-122.25528978">
      </trkpt>
      <trkpt lat="53.69465436" lon="-122.25522354">
      </trkpt>
      <trkpt lat="53.69452698" lon="-122.25506529">
      </trkpt>
      <trkpt lat="53.69444603" lon="-122.25478976">
      </trkpt>
      <trkpt lat="53.6944407" lon="-122.25444146">
      </trkpt>
      <trkpt lat="53.69435652" lon="-122.25406254">
      </trkpt>
      <trkpt lat="53.69425567" lon="-122.25368511">
      </trkpt>
      <trkpt lat="53.69410313" lon="-122.25325576">
      </trkpt>
      <trkpt lat="53.69384662" lon="-122.25288288">
      </trkpt>
      <trkpt lat="53.69354487" lon="-122.25266487">
      </trkpt>
      <trkpt lat="53.69321335" lon="-122.25256266">
      </trkpt>
      <trkpt lat="53.69301008" lon="-122.25264688">
      </trkpt>
      <trkpt lat="53.69284187" lon="-122.25278452">
      </trkpt>
      <trkpt lat="53.69261763" lon="-122.25308742">
      </trkpt>
      <trkpt lat="53.69246347" lon="-122.25331805">
      </trkpt>
      <trkpt lat="53.69236306" lon="-122.25366639">
      </trkpt>
      <trkpt lat="53.69228662" lon="-122.25406914">
      </trkpt>
      <trkpt lat="53.692214" lon="-122.25459409">
      </trkpt>
      <trkpt lat="53.69213699" lon="-122.25515712">
      </trkpt>
      <trkpt lat="53.6919432" lon="-122.25590027">
      </trkpt>
      <trkpt lat="53.69183844" lon="-122.25646579">
      </trkpt>
      <trkpt lat="53.69171323" lon="-122.25691059">
      </trkpt>
      <trkpt lat="53.69152784" lon="-122.25738907">
      </trkpt>
      <trkpt lat="53.69131938" lon="-122.25784133">
      </trkpt>
      <trkpt lat="53.69102448" lon="-122.25837675">
      </trkpt>
      <trkpt lat="53.69070153" lon="-122.25890523">
      </trkpt>
      <trkpt lat="53.69042732" lon="-122.25921256">
      </trkpt>
      <trkpt lat="53.69016774" lon="-122.25963169">
      </trkpt>
      <trkpt lat="53.68993267" lon="-122.25994492">
      </trkpt>
      <trkpt lat="53.6897846" lon="-122.26001474">
      </trkpt>
      <trkpt lat="53.68946444" lon="-122.25974181">
      </trkpt>
      <trkpt lat="53.68929647" lon="-122.25953064">
      </trkpt>
      <trkpt lat="53.68902774" lon="-122.25930025">
      </trkpt>
      <trkpt lat="53.68881478" lon="-122.25907427">
      </trkpt>
      <trkpt lat="53.6885431" lon="-122.25874988">
      </trkpt>
      <trkpt lat="53.68824045" lon="-122.25832459">
      </trkpt>
      <trkpt lat="53.68797462" lon="-122.25800912">
      </trkpt>
      <trkpt lat="53.6876778" lon="-122.25759275">
      </trkpt>
      <trkpt lat="53.68733689" lon="-122.25718977">
      </trkpt>
      <trkpt lat="53.68708156" lon="-122.25685452">
      </trkpt>
      <trkpt lat="53.68682128" lon="-122.25653856">
      </trkpt>
      <trkpt lat="53.68658931" lon="-122.25623892">
      </trkpt>
      <trkpt lat="53.68642921" lon="-122.25592341">
      </trkpt>
      <trkpt lat="53.68630735" lon="-122.25558563">
      </trkpt>
      <trkpt lat="53.6861519" lon="-122.25524144">
      </trkpt>
      <trkpt lat="53.68612119" lon="-122.25497088">
      </trkpt>
      <trkpt lat="53.68609308" lon="-122.25460585">
      </trkpt>
      <trkpt lat="53.68595222" lon="-122.25419439">
      </trkpt>
      <trkpt lat="53.6858978" lon="-122.25369976">
      </trkpt>
      <trkpt lat="53.68586267" lon="-122.25328824">
      </trkpt>
      <trkpt lat="53.68579596" lon="-122.25275705">
      </trkpt>
      <trkpt lat="53.68568899" lon="-122.25236139">
      </trkpt>
      <trkpt lat="53.68555077" lon="-122.25203452">
      </trkpt>
      <trkpt lat="53.685478" lon="-122.25184314">
      </trkpt>
      <trkpt lat="53.68525831" lon="-122.25158013">
      </trkpt>
      <trkpt lat="53.68489783" lon="-122.25126379">
      </trkpt>
      <trkpt lat="53.68468692" lon="-122.25110365">
      </trkpt>
      <trkpt lat="53.68441673" lon="-122.25100539">
      </trkpt>
      <trkpt lat="53.68410887" lon="-122.25094821">
      </trkpt>
      <trkpt lat="53.68382233" lon="-122.25086084">
      </trkpt>
      <trkpt lat="53.68351502" lon="-122.25064342">
      </trkpt>
      <trkpt lat="53.68321297" lon="-122.25041609">
      </trkpt>
      <trkpt lat="53.68295737" lon="-122.25025057">
      </trkpt>
      <trkpt lat="53.68267638" lon="-122.25016271">
      </trkpt>
      <trkpt lat="53.68235128" lon="-122.25008823">
      </trkpt>
      <trkpt lat="53.68198003" lon="-122.24996136">
      </trkpt>
      <trkpt lat="53.68164031" lon="-122.24977513">
      </trkpt>
      <trkpt lat="53.68144693" lon="-122.24964172">
      </trkpt>
      <trkpt lat="53.68105374" lon="-122.24934721">
      </trkpt>
      <trkpt lat="53.68083142" lon="-122.2491787">
      </trkpt>
      <trkpt lat="53.68058958" lon="-122.24909677">
      </trkpt>
      <trkpt lat="53.68031787" lon="-122.24877251">
      </trkpt>
      <trkpt lat="53.68020945" lon="-122.24850898">
      </trkpt>
      <trkpt lat="53.68014163" lon="-122.24829834">
      </trkpt>
      <trkpt lat="53.68005835" lon="-122.24812677">
      </trkpt>
      <trkpt lat="53.67999025" lon="-122.24790674">
      </trkpt>
      <trkpt lat="53.67993437" lon="-122.24754425">
      </trkpt>
      <trkpt lat="53.67991061" lon="-122.24714119">
      </trkpt>
      <trkpt lat="53.67988454" lon="-122.24684199">
      </trkpt>
      <trkpt lat="53.67988121" lon="-122.24638056">
      </trkpt>
      <trkpt lat="53.67988347" lon="-122.24609766">
      </trkpt>
      <trkpt lat="53.67988225" lon="-122.24588104">
      </trkpt>
      <trkpt lat="53.67985239" lon="-122.24563873">
      </trkpt>
      <trkpt lat="53.67976763" lon="-122.24542018">
      </trkpt>
      <trkpt lat="53.67971386" lon="-122.24530253">
      </trkpt>
      <trkpt lat="53.67963936" lon="-122.24523383">
      </trkpt>
      <trkpt lat="53.6796811" lon="-122.24514527">
      </trkpt>
      <trkpt lat="53.6797582" lon="-122.2451195">
      </trkpt>
      <trkpt lat="53.67980608" lon="-122.24504923">
      </trkpt>
      <trkpt lat="53.67983673" lon="-122.24496167">
      </trkpt>
      <trkpt lat="53.67983874" lon="-122.24484841">
      </trkpt>
      <trkpt lat="53.67978698" lon="-122.24461749">
      </trkpt>
      <trkpt lat="53.67967708" lon="-122.24430698">
      </trkpt>
      <trkpt lat="53.6795625" lon="-122.24402517">
      </trkpt>
      <trkpt lat="53.679365" lon="-122.24376024">
      </trkpt>
      <trkpt lat="53.67914877" lon="-122.24343104">
      </trkpt>
      <trkpt lat="53.67897403" lon="-122.24318291">
      </trkpt>
      <trkpt lat="53.678811" lon="-122.24295257">
      </trkpt>
      <trkpt lat="53.67859654" lon="-122.24267976">
      </trkpt>
      <trkpt lat="53.67836135" lon="-122.24245593">
      </trkpt>
      <trkpt lat="53.678196" lon="-122.24232946">
      </trkpt>
      <trkpt lat="53.67790881" lon="-122.24204434">
      </trkpt>
      <trkpt lat="53.6776888" lon="-122.24177204">
      </trkpt>
      <trkpt lat="53.67755675" lon="-122.24164258">
      </trkpt>
      <trkpt lat="53.67731595" lon="-122.24124023">
      </trkpt>
      <trkpt lat="53.67700008" lon="-122.24075041">
      </trkpt>
      <trkpt lat="53.67667658" lon="-122.24019534">
      </trkpt>
      <trkpt lat="53.67641566" lon="-122.23986076">
      </trkpt>
      <trkpt lat="53.67615762" lon="-122.23944115">
      </trkpt>
      <trkpt lat="53.67592704" lon="-122.23900963">
      </trkpt>
      <trkpt lat="53.67572863" lon="-122.23871657">
      </trkpt>
      <trkpt lat="53.67553872" lon="-122.23851696">
      </trkpt>
      <trkpt lat="53.67510553" lon="-122.23836752">
      </trkpt>
      <trkpt lat="53.67482659" lon="-122.23834553">
      </trkpt>
      <trkpt lat="53.67454122" lon="-122.23829585">
      </trkpt>
      <trkpt lat="53.67419304" lon="-122.2381953">
      </trkpt>
      <trkpt lat="53.67394799" lon="-122.23818911">
      </trkpt>
      <trkpt lat="53.67372365" lon="-122.23813393">
      </trkpt>
      <trkpt lat="53.67318013" lon="-122.2381923">
      </trkpt>
      <trkpt lat="53.67260886" lon="-122.23825316">
      </trkpt>
      <trkpt lat="53.67225984" lon="-122.23830343">
      </trkpt>
      <trkpt lat="53.67184513" lon="-122.23838788">
      </trkpt>
      <trkpt lat="53.67147422" lon="-122.23844954">
      </trkpt>
      <trkpt lat="53.67114363" lon="-122.23855469">
      </trkpt>
      <trkpt lat="53.67079049" lon="-122.23847343">
      </trkpt>
      <trkpt lat="53.67047318" lon="-122.23811573">
      </trkpt>
      <trkpt lat="53.67027565" lon="-122.23785089">
      </trkpt>
      <trkpt lat="53.66999713" lon="-122.23731071">
      </trkpt>
      <trkpt lat="53.66974251" lon="-122.23664592">
      </trkpt>
      <trkpt lat="53.66949868" lon="-122.23597074">
      </trkpt>
      <trkpt lat="53.6693446" lon="-122.23549474">
      </trkpt>
      <trkpt lat="53.6691911" lon="-122.23503753">
      </trkpt>
      <trkpt lat="53.66898063" lon="-122.23453837">
      </trkpt>
      <trkpt lat="53.66876461" lon="-122.23403969">
      </trkpt>
      <trkpt lat="53.66856812" lon="-122.23345447">
      </trkpt>
      <trkpt lat="53.6683737" lon="-122.23293502">
      </trkpt>
      <trkpt lat="53.66824941" lon="-122.23252231">
      </trkpt>
      <trkpt lat="53.66806763" lon="-122.23222783">
      </trkpt>
      <trkpt lat="53.6678561" lon="-122.23204907">
      </trkpt>
      <trkpt lat="53.66766069" lon="-122.232029">
      </trkpt>
      <trkpt lat="53.66744073" lon="-122.23193581">
      </trkpt>
      <trkpt lat="53.66723482" lon="-122.23193554">
      </trkpt>
      <trkpt lat="53.6670932" lon="-122.23203309">
      </trkpt>
      <trkpt lat="53.6670138" lon="-122.23216272">
      </trkpt>
      <trkpt lat="53.66692502" lon="-122.23217073">
      </trkpt>
      <trkpt lat="53.66680553" lon="-122.23208729">
      </trkpt>
      <trkpt lat="53.66661413" lon="-122.23184078">
      </trkpt>
      <trkpt lat="53.66640615" lon="-122.23177476">
      </trkpt>
      <trkpt lat="53.66615644" lon="-122.23179728">
      </trkpt>
      <trkpt lat="53.66589037" lon="-122.2318307">
      </trkpt>
      <trkpt lat="53.66565205" lon="-122.23186161">
      </trkpt>
      <trkpt lat="53.6653498" lon="-122.23198308">
      </trkpt>
      <trkpt lat="53.66511066" lon="-122.23216478">
      </trkpt>
      <trkpt lat="53.66483675" lon="-122.23230252">
      </trkpt>
      <trkpt lat="53.66453715" lon="-122.23250851">
      </trkpt>
      <trkpt lat="53.66432488" lon="-122.23265952">
      </trkpt>
      <trkpt lat="53.6641038" lon="-122.23270772">
      </trkpt>
      <trkpt lat="53.66395019" lon="-122.23277808">
      </trkpt>
      <trkpt lat="53.66370373" lon="-122.23290392">
      </trkpt>
      <trkpt lat="53.66340384" lon="-122.23310051">
      </trkpt>
      <trkpt lat="53.66309345" lon="-122.23331688">
      </trkpt>
      <trkpt lat="53.66288205" lon="-122.23349606">
      </trkpt>
      <trkpt lat="53.66274983" lon="-122.23371521">
      </trkpt>
      <trkpt lat="53.66264068" lon="-122.23396054">
      </trkpt>
      <trkpt lat="53.66247137" lon="-122.23423954">
      </trkpt>
      <trkpt lat="53.66226353" lon="-122.23453143">
      </trkpt>
      <trkpt lat="53.6619774" lon="-122.23481152">
      </trkpt>
      <trkpt lat="53.66172892" lon="-122.23505055">
      </trkpt>
      <trkpt lat="53.66151782" lon="-122.23523912">
      </trkpt>
      <trkpt lat="53.66127401" lon="-122.23544947">
      </trkpt>
      <trkpt lat="53.66110553" lon="-122.23557767">
      </trkpt>
      <trkpt lat="53.66084826" lon="-122.23571388">
      </trkpt>
      <trkpt lat="53.66055622" lon="-122.23580612">
      </trkpt>
      <trkpt lat="53.66040698" lon="-122.23583839">
      </trkpt>
      <trkpt lat="53.66030214" lon="-122.23586667">
      </trkpt>
      <trkpt lat="53.66000047" lon="-122.23600688">
      </trkpt>
      <trkpt lat="53.6598095" lon="-122.23612769">
      </trkpt>
      <trkpt lat="53.65960477" lon="-122.23616496">
      </trkpt>
      <trkpt lat="53.65929979" lon="-122.23602289">
      </trkpt>
      <trkpt lat="53.65912748" lon="-122.236029">
      </trkpt>
      <trkpt lat="53.65892859" lon="-122.23607517">
      </trkpt>
      <trkpt lat="53.65878023" lon="-122.23613562">
      </trkpt>
      <trkpt lat="53.65864764" lon="-122.23616641">
      </trkpt>
      <trkpt lat="53.65839122" lon="-122.23596728">
      </trkpt>
      <trkpt lat="53.65769343" lon="-122.23582981">
      </trkpt>
      <trkpt lat="53.65700611" lon="-122.23593827">
      </trkpt>
      <trkpt lat="53.6565156" lon="-122.23633088">
      </trkpt>
      <trkpt lat="53.65607077" lon="-122.23677076">
      </trkpt>
      <trkpt lat="53.65507869" lon="-122.23778473">
      </trkpt>
      <trkpt lat="53.65455298" lon="-122.23834765">
      </trkpt>
      <trkpt lat="53.65384622" lon="-122.23880422">
      </trkpt>
      <trkpt lat="53.65365855" lon="-122.2389519">
      </trkpt>
      <trkpt lat="53.65350392" lon="-122.23913168">
      </trkpt>
      <trkpt lat="53.65336727" lon="-122.23933455">
      </trkpt>
      <trkpt lat="53.65334606" lon="-122.23900681">
      </trkpt>
      <trkpt lat="53.65332611" lon="-122.23869862">
      </trkpt>
      <trkpt lat="53.65329904" lon="-122.23828037">
      </trkpt>
      <trkpt lat="53.65328336" lon="-122.23803823">
      </trkpt>
      <trkpt lat="53.65325771" lon="-122.23764199">
      </trkpt>
      <trkpt lat="53.65321293" lon="-122.23715937">
      </trkpt>
      <trkpt lat="53.65316993" lon="-122.23680263">
      </trkpt>
      <trkpt lat="53.65312471" lon="-122.23642762">
      </trkpt>
      <trkpt lat="53.65305319" lon="-122.23583445">
      </trkpt>
      <trkpt lat="53.6529593" lon="-122.23549557">
      </trkpt>
      <trkpt lat="53.65278084" lon="-122.23498377">
      </trkpt>
      <trkpt lat="53.65260497" lon="-122.2344794">
      </trkpt>
      <trkpt lat="53.6524693" lon="-122.23409035">
      </trkpt>
      <trkpt lat="53.65235416" lon="-122.23405874">
      </trkpt>
      <trkpt lat="53.65214092" lon="-122.23400262">
      </trkpt>
      <trkpt lat="53.65190756" lon="-122.23401423">
      </trkpt>
      <trkpt lat="53.65168004" lon="-122.23403473">
      </trkpt>
      <trkpt lat="53.65140287" lon="-122.23406912">
      </trkpt>
      <trkpt lat="53.65122411" lon="-122.23404755">
      </trkpt>
      <trkpt lat="53.65099069" lon="-122.23388024">
      </trkpt>
      <trkpt lat="53.65080631" lon="-122.23368028">
      </trkpt>
      <trkpt lat="53.65060441" lon="-122.23345365">
      </trkpt>
      <trkpt lat="53.6504133" lon="-122.23321662">
      </trkpt>
      <trkpt lat="53.65028412" lon="-122.23300226">
      </trkpt>
      <trkpt lat="53.65017018" lon="-122.23291836">
      </trkpt>
      <trkpt lat="53.65003907" lon="-122.23299609">
      </trkpt>
      <trkpt lat="53.64989308" lon="-122.23313167">
      </trkpt>
      <trkpt lat="53.64970619" lon="-122.23320501">
      </trkpt>
      <trkpt lat="53.64954089" lon="-122.23325758">
      </trkpt>
      <trkpt lat="53.64942643" lon="-122.23333381">
      </trkpt>
      <trkpt lat="53.64914985" lon="-122.23338698">
      </trkpt>
      <trkpt lat="53.64881512" lon="-122.23336064">
      </trkpt>
      <trkpt lat="53.6485765" lon="-122.23338214">
      </trkpt>
      <trkpt lat="53.64835423" lon="-122.23339276">
      </trkpt>
      <trkpt lat="53.64820412" lon="-122.23339687">
      </trkpt>
      <trkpt lat="53.648007" lon="-122.23349937">
      </trkpt>
      <trkpt lat="53.64782712" lon="-122.23361917">
      </trkpt>
      <trkpt lat="53.64770977" lon="-122.23378039">
      </trkpt>
      <trkpt lat="53.6474786" lon="-122.23421552">
      </trkpt>
      <trkpt lat="53.64729702" lon="-122.23445786">
      </trkpt>
      <trkpt lat="53.64715924" lon="-122.23467742">
      </trkpt>
      <trkpt lat="53.64698698" lon="-122.23486241">
      </trkpt>
      <trkpt lat="53.64678787" lon="-122.23507808">
      </trkpt>
      <trkpt lat="53.64654902" lon="-122.23526908">
      </trkpt>
      <trkpt lat="53.64635492" lon="-122.23564436">
      </trkpt>
      <trkpt lat="53.64620403" lon="-122.23597808">
      </trkpt>
      <trkpt lat="53.64607563" lon="-122.23631918">
      </trkpt>
      <trkpt lat="53.64602493" lon="-122.23665329">
      </trkpt>
      <trkpt lat="53.64589859" lon="-122.23706012">
      </trkpt>
      <trkpt lat="53.64578307" lon="-122.23745656">
      </trkpt>
      <trkpt lat="53.64568856" lon="-122.23781344">
      </trkpt>
      <trkpt lat="53.64554003" lon="-122.23822225">
      </trkpt>
      <trkpt lat="53.64541776" lon="-122.23858162">
      </trkpt>
      <trkpt lat="53.64528121" lon="-122.23901761">
      </trkpt>
      <trkpt lat="53.64516887" lon="-122.23933842">
      </trkpt>
      <trkpt lat="53.64505038" lon="-122.23964095">
      </trkpt>
      <trkpt lat="53.64504199" lon="-122.23990534">
      </trkpt>
      <trkpt lat="53.64503449" lon="-122.24019788">
      </trkpt>
      <trkpt lat="53.64498932" lon="-122.24053148">
      </trkpt>
      <trkpt lat="53.6449164" lon="-122.24086758">
      </trkpt>
      <trkpt lat="53.64485925" lon="-122.241174">
      </trkpt>
      <trkpt lat="53.64481638" lon="-122.24140383">
      </trkpt>
      <trkpt lat="53.6447943" lon="-122.2417636">
      </trkpt>
      <trkpt lat="53.64480024" lon="-122.24213025">
      </trkpt>
      <trkpt lat="53.64479681" lon="-122.24237536">
      </trkpt>
      <trkpt lat="53.64475689" lon="-122.24269906">
      </trkpt>
      <trkpt lat="53.64471379" lon="-122.24309838">
      </trkpt>
      <trkpt lat="53.64464936" lon="-122.24352785">
      </trkpt>
      <trkpt lat="53.64458783" lon="-122.24387233">
      </trkpt>
      <trkpt lat="53.64451696" lon="-122.24427414">
      </trkpt>
      <trkpt lat="53.64448932" lon="-122.2446344">
      </trkpt>
      <trkpt lat="53.64451598" lon="-122.24495212">
      </trkpt>
      <trkpt lat="53.64457098" lon="-122.24528613">
      </trkpt>
      <trkpt lat="53.64462161" lon="-122.24565818">
      </trkpt>
      <trkpt lat="53.64456857" lon="-122.24609604">
      </trkpt>
      <trkpt lat="53.64447319" lon="-122.24660362">
      </trkpt>
      <trkpt lat="53.64434654" lon="-122.247001">
      </trkpt>
      <trkpt lat="53.64419768" lon="-122.24740039">
      </trkpt>
      <trkpt lat="53.64405668" lon="-122.2476955">
      </trkpt>
      <trkpt lat="53.64400649" lon="-122.24786947">
      </trkpt>
      <trkpt lat="53.64402877" lon="-122.24822523">
      </trkpt>
      <trkpt lat="53.64405694" lon="-122.24876878">
      </trkpt>
      <trkpt lat="53.64406287" lon="-122.24913544">
      </trkpt>
      <trkpt lat="53.6440466" lon="-122.24950409">
      </trkpt>
      <trkpt lat="53.64396374" lon="-122.2498787">
      </trkpt>
      <trkpt lat="53.64389223" lon="-122.25008283">
      </trkpt>
      <trkpt lat="53.64382622" lon="-122.25010759">
      </trkpt>
      <trkpt lat="53.64368425" lon="-122.25001676">
      </trkpt>
      <trkpt lat="53.6435741" lon="-122.249876">
      </trkpt>
      <trkpt lat="53.64345959" lon="-122.24977329">
      </trkpt>
      <trkpt lat="53.64326532" lon="-122.24961184">
      </trkpt>
      <trkpt lat="53.64311721" lon="-122.24950274">
      </trkpt>
      <trkpt lat="53.64286543" lon="-122.24945942">
      </trkpt>
      <trkpt lat="53.64263237" lon="-122.24948033">
      </trkpt>
      <trkpt lat="53.64246092" lon="-122.24951454">
      </trkpt>
      <trkpt lat="53.64225005" lon="-122.24953345">
      </trkpt>
      <trkpt lat="53.64204792" lon="-122.24947627">
      </trkpt>
      <trkpt lat="53.6418531" lon="-122.24947492">
      </trkpt>
      <trkpt lat="53.64164719" lon="-122.24947457">
      </trkpt>
      <trkpt lat="53.64150375" lon="-122.2493368">
      </trkpt>
      <trkpt lat="53.64136262" lon="-122.24909528">
      </trkpt>
      <trkpt lat="53.64125768" lon="-122.24876577">
      </trkpt>
      <trkpt lat="53.64114981" lon="-122.24834238">
      </trkpt>
      <trkpt lat="53.641032" lon="-122.24795756">
      </trkpt>
      <trkpt lat="53.64089814" lon="-122.24759299">
      </trkpt>
      <trkpt lat="53.64075082" lon="-122.24715434">
      </trkpt>
      <trkpt lat="53.64060817" lon="-122.24668701">
      </trkpt>
      <trkpt lat="53.64047863" lon="-122.24610554">
      </trkpt>
      <trkpt lat="53.64039849" lon="-122.24567968">
      </trkpt>
      <trkpt lat="53.64027042" lon="-122.24514516">
      </trkpt>
      <trkpt lat="53.64023669" lon="-122.24460216">
      </trkpt>
      <trkpt lat="53.64020029" lon="-122.24397468">
      </trkpt>
      <trkpt lat="53.64018865" lon="-122.24307197">
      </trkpt>
      <trkpt lat="53.64018122" lon="-122.24265841">
      </trkpt>
      <trkpt lat="53.64010549" lon="-122.24237337">
      </trkpt>
      <trkpt lat="53.64009959" lon="-122.24218562">
      </trkpt>
      <trkpt lat="53.6400963" lon="-122.24190349">
      </trkpt>
      <trkpt lat="53.6400486" lon="-122.24162536">
      </trkpt>
      <trkpt lat="53.64000209" lon="-122.24138476">
      </trkpt>
      <trkpt lat="53.63998274" lon="-122.2411229">
      </trkpt>
      <trkpt lat="53.63996793" lon="-122.24047466">
      </trkpt>
      <trkpt lat="53.6399582" lon="-122.24016486">
      </trkpt>
      <trkpt lat="53.63992538" lon="-122.2398289">
      </trkpt>
      <trkpt lat="53.63990543" lon="-122.23954827">
      </trkpt>
      <trkpt lat="53.63987173" lon="-122.23918416">
      </trkpt>
      <trkpt lat="53.63980649" lon="-122.23887935">
      </trkpt>
      <trkpt lat="53.63973394" lon="-122.23851873">
      </trkpt>
      <trkpt lat="53.63963565" lon="-122.23804745">
      </trkpt>
      <trkpt lat="53.6395958" lon="-122.23766506">
      </trkpt>
      <trkpt lat="53.63955831" lon="-122.23735777">
      </trkpt>
      <trkpt lat="53.6395442" lon="-122.23708603">
      </trkpt>
      <trkpt lat="53.63953528" lon="-122.23662554">
      </trkpt>
      <trkpt lat="53.63953875" lon="-122.23567441">
      </trkpt>
      <trkpt lat="53.63954848" lon="-122.23509926">
      </trkpt>
      <trkpt lat="53.63953755" lon="-122.23475193">
      </trkpt>
      <trkpt lat="53.63954675" lon="-122.23433688">
      </trkpt>
      <trkpt lat="53.63961492" lon="-122.23385062">
      </trkpt>
      <trkpt lat="53.63974064" lon="-122.23342507">
      </trkpt>
      <trkpt lat="53.63987718" lon="-122.23298913">
      </trkpt>
      <trkpt lat="53.64003154" lon="-122.23258923">
      </trkpt>
      <trkpt lat="53.64021653" lon="-122.23210186">
      </trkpt>
      <trkpt lat="53.64042696" lon="-122.23171572">
      </trkpt>
      <trkpt lat="53.64065908" lon="-122.23148768">
      </trkpt>
      <trkpt lat="53.64088276" lon="-122.23134513">
      </trkpt>
      <trkpt lat="53.64108105" lon="-122.23128019">
      </trkpt>
      <trkpt lat="53.64147238" lon="-122.23116019">
      </trkpt>
      <trkpt lat="53.64174105" lon="-122.2310324">
      </trkpt>
      <trkpt lat="53.64202517" lon="-122.23086556">
      </trkpt>
      <trkpt lat="53.64224796" lon="-122.23069484">
      </trkpt>
      <trkpt lat="53.64239771" lon="-122.23050245">
      </trkpt>
      <trkpt lat="53.64252292" lon="-122.23023697">
      </trkpt>
      <trkpt lat="53.64262436" lon="-122.22974767">
      </trkpt>
      <trkpt lat="53.64275082" lon="-122.22899248">
      </trkpt>
      <trkpt lat="53.64287986" lon="-122.22814292">
      </trkpt>
      <trkpt lat="53.64298204" lon="-122.22732401">
      </trkpt>
      <trkpt lat="53.64310611" lon="-122.22649371">
      </trkpt>
      <trkpt lat="53.64319556" lon="-122.22597723">
      </trkpt>
      <trkpt lat="53.64324564" lon="-122.22562435">
      </trkpt>
      <trkpt lat="53.64322736" lon="-122.22522116">
      </trkpt>
      <trkpt lat="53.64312266" lon="-122.22490108">
      </trkpt>
      <trkpt lat="53.64300359" lon="-122.22447875">
      </trkpt>
      <trkpt lat="53.64284361" lon="-122.22399419">
      </trkpt>
      <trkpt lat="53.64280668" lon="-122.22370567">
      </trkpt>
      <trkpt lat="53.64279809" lon="-122.22343341">
      </trkpt>
      <trkpt lat="53.64282368" lon="-122.22318632">
      </trkpt>
      <trkpt lat="53.64288582" lon="-122.22303948">
      </trkpt>
      <trkpt lat="53.64297424" lon="-122.22284319">
      </trkpt>
      <trkpt lat="53.64309683" lon="-122.22267206">
      </trkpt>
      <trkpt lat="53.64326352" lon="-122.22248752">
      </trkpt>
      <trkpt lat="53.64348422" lon="-122.22225103">
      </trkpt>
      <trkpt lat="53.64364418" lon="-122.22202945">
      </trkpt>
      <trkpt lat="53.64372991" lon="-122.22174866">
      </trkpt>
      <trkpt lat="53.64376749" lon="-122.22152872">
      </trkpt>
      <trkpt lat="53.64375711" lon="-122.22120012">
      </trkpt>
      <trkpt lat="53.64373098" lon="-122.2209012">
      </trkpt>
      <trkpt lat="53.64367642" lon="-122.22040712">
      </trkpt>
      <trkpt lat="53.64366417" lon="-122.21984332">
      </trkpt>
      <trkpt lat="53.6436537" lon="-122.21933585">
      </trkpt>
      <trkpt lat="53.64366979" lon="-122.21878832">
      </trkpt>
      <trkpt lat="53.64370291" lon="-122.21842755">
      </trkpt>
      <trkpt lat="53.64368956" lon="-122.21800508">
      </trkpt>
      <trkpt lat="53.64368145" lon="-122.2175727">
      </trkpt>
      <trkpt lat="53.643657" lon="-122.21715123">
      </trkpt>
      <trkpt lat="53.64354376" lon="-122.2167378">
      </trkpt>
      <trkpt lat="53.64343378" lon="-122.21642763">
      </trkpt>
      <trkpt lat="53.64328178" lon="-122.21619661">
      </trkpt>
      <trkpt lat="53.64306785" lon="-122.21594293">
      </trkpt>
      <trkpt lat="53.64289137" lon="-122.21581768">
      </trkpt>
      <trkpt lat="53.64274909" lon="-122.21571758">
      </trkpt>
      <trkpt lat="53.6425945" lon="-122.21558094">
      </trkpt>
      <trkpt lat="53.64247084" lon="-122.21536618">
      </trkpt>
      <trkpt lat="53.64250722" lon="-122.21510868">
      </trkpt>
      <trkpt lat="53.64258472" lon="-122.21474389">
      </trkpt>
      <trkpt lat="53.6427186" lon="-122.21440224">
      </trkpt>
      <trkpt lat="53.64285456" lon="-122.21412631">
      </trkpt>
      <trkpt lat="53.64301192" lon="-122.21399909">
      </trkpt>
      <trkpt lat="53.64323944" lon="-122.21397848">
      </trkpt>
      <trkpt lat="53.64347132" lon="-122.21391981">
      </trkpt>
      <trkpt lat="53.64367189" lon="-122.21375101">
      </trkpt>
      <trkpt lat="53.64384322" lon="-122.21353777">
      </trkpt>
      <trkpt lat="53.64399612" lon="-122.2132697">
      </trkpt>
      <trkpt lat="53.64412623" lon="-122.21298487">
      </trkpt>
      <trkpt lat="53.64422107" lon="-122.21281622">
      </trkpt>
      <trkpt lat="53.64436635" lon="-122.21248293">
      </trkpt>
      <trkpt lat="53.6445023" lon="-122.212207">
      </trkpt>
      <trkpt lat="53.64467908" lon="-122.21181435">
      </trkpt>
      <trkpt lat="53.64482178" lon="-122.21157545">
      </trkpt>
      <trkpt lat="53.64493792" lon="-122.21137661">
      </trkpt>
      <trkpt lat="53.64513382" lon="-122.21123645">
      </trkpt>
      <trkpt lat="53.64540949" lon="-122.21115498">
      </trkpt>
      <trkpt lat="53.64560807" lon="-122.21109932">
      </trkpt>
      <trkpt lat="53.64594479" lon="-122.2110123">
      </trkpt>
      <trkpt lat="53.64619678" lon="-122.21088589">
      </trkpt>
      <trkpt lat="53.64634304" lon="-122.21075964">
      </trkpt>
      <trkpt lat="53.64648167" lon="-122.21056816">
      </trkpt>
      <trkpt lat="53.64657561" lon="-122.21037134">
      </trkpt>
      <trkpt lat="53.64666043" lon="-122.21006233">
      </trkpt>
      <trkpt lat="53.64669233" lon="-122.20966398">
      </trkpt>
      <trkpt lat="53.64672819" lon="-122.20903928">
      </trkpt>
      <trkpt lat="53.64675097" lon="-122.20852874">
      </trkpt>
      <trkpt lat="53.64678981" lon="-122.20799794">
      </trkpt>
      <trkpt lat="53.64686014" lon="-122.20740776">
      </trkpt>
      <trkpt lat="53.64693702" lon="-122.20702415">
      </trkpt>
      <trkpt lat="53.64709249" lon="-122.20666165">
      </trkpt>
      <trkpt lat="53.64729819" lon="-122.20630401">
      </trkpt>
      <trkpt lat="53.64757335" lon="-122.20585529">
      </trkpt>
      <trkpt lat="53.64781324" lon="-122.20552279">
      </trkpt>
      <trkpt lat="53.64806332" lon="-122.2051611">
      </trkpt>
      <trkpt lat="53.64836276" lon="-122.2047761">
      </trkpt>
      <trkpt lat="53.64863713" lon="-122.20447811">
      </trkpt>
      <trkpt lat="53.64887504" lon="-122.20425876">
      </trkpt>
      <trkpt lat="53.64906449" lon="-122.2040909">
      </trkpt>
      <trkpt lat="53.6491938" lon="-122.20395673">
      </trkpt>
      <trkpt lat="53.64953792" lon="-122.20357707">
      </trkpt>
      <trkpt lat="53.64983735" lon="-122.20319204">
      </trkpt>
      <trkpt lat="53.64999488" lon="-122.20289523">
      </trkpt>
      <trkpt lat="53.65007325" lon="-122.20255852">
      </trkpt>
      <trkpt lat="53.65014583" lon="-122.20186451">
      </trkpt>
      <trkpt lat="53.65019017" lon="-122.20133313">
      </trkpt>
      <trkpt lat="53.65023691" lon="-122.20087689">
      </trkpt>
      <trkpt lat="53.6503068" lon="-122.20009836">
      </trkpt>
      <trkpt lat="53.65037841" lon="-122.19972459">
      </trkpt>
      <trkpt lat="53.65044536" lon="-122.19937949">
      </trkpt>
      <trkpt lat="53.65052985" lon="-122.19906106">
      </trkpt>
      <trkpt lat="53.6506091" lon="-122.1987525">
      </trkpt>
      <trkpt lat="53.65065188" lon="-122.19852261">
      </trkpt>
      <trkpt lat="53.65064878" lon="-122.1982498">
      </trkpt>
      <trkpt lat="53.65064359" lon="-122.19791127">
      </trkpt>
      <trkpt lat="53.65059776" lon="-122.19751994">
      </trkpt>
      <trkpt lat="53.65045313" lon="-122.19699633">
      </trkpt>
      <trkpt lat="53.65030789" lon="-122.19645396">
      </trkpt>
      <trkpt lat="53.65024422" lon="-122.19602657">
      </trkpt>
      <trkpt lat="53.65023121" lon="-122.19579234">
      </trkpt>
      <trkpt lat="53.65024326" lon="-122.19547106">
      </trkpt>
      <trkpt lat="53.65031109" lon="-122.19515414">
      </trkpt>
      <trkpt lat="53.65046938" lon="-122.19470656">
      </trkpt>
      <trkpt lat="53.65065601" lon="-122.19427522">
      </trkpt>
      <trkpt lat="53.65086919" lon="-122.19380379">
      </trkpt>
      <trkpt lat="53.65101113" lon="-122.1933671">
      </trkpt>
      <trkpt lat="53.65117376" lon="-122.19288144">
      </trkpt>
      <trkpt lat="53.65133519" lon="-122.19235822">
      </trkpt>
      <trkpt lat="53.65143333" lon="-122.19194434">
      </trkpt>
      <trkpt lat="53.6515304" lon="-122.19167181">
      </trkpt>
      <trkpt lat="53.65162836" lon="-122.19142746">
      </trkpt>
      <trkpt lat="53.65180943" lon="-122.19099661">
      </trkpt>
      <trkpt lat="53.6520748" lon="-122.19041679">
      </trkpt>
      <trkpt lat="53.65224988" lon="-122.18979813">
      </trkpt>
      <trkpt lat="53.65234369" lon="-122.18907385">
      </trkpt>
      <trkpt lat="53.65246012" lon="-122.18853588">
      </trkpt>
      <trkpt lat="53.65257505" lon="-122.18795092">
      </trkpt>
      <trkpt lat="53.65267304" lon="-122.18735811">
      </trkpt>
      <trkpt lat="53.65277687" lon="-122.18677418">
      </trkpt>
      <trkpt lat="53.65289269" lon="-122.1862174">
      </trkpt>
      <trkpt lat="53.65298196" lon="-122.1857007">
      </trkpt>
      <trkpt lat="53.65312327" lon="-122.18524519">
      </trkpt>
      <trkpt lat="53.65325826" lon="-122.18494092">
      </trkpt>
      <trkpt lat="53.65337811" lon="-122.18468512">
      </trkpt>
      <trkpt lat="53.6534639" lon="-122.18458312">
      </trkpt>
      <trkpt lat="53.65296784" lon="-122.18368665">
      </trkpt>
      <trkpt lat="53.65207663" lon="-122.18209175">
      </trkpt>
      <trkpt lat="53.65155341" lon="-122.18121665">
      </trkpt>
      <trkpt lat="53.65120923" lon="-122.18072075">
      </trkpt>
      <trkpt lat="53.65091126" lon="-122.18027712">
      </trkpt>
      <trkpt lat="53.65055987" lon="-122.1799043">
      </trkpt>
      <trkpt lat="53.65028948" lon="-122.17962768">
      </trkpt>
      <trkpt lat="53.64991455" lon="-122.17938886">
      </trkpt>
      <trkpt lat="53.64962961" lon="-122.17917948">
      </trkpt>
      <trkpt lat="53.64938725" lon="-122.17890972">
      </trkpt>
      <trkpt lat="53.6491722" lon="-122.17844913">
      </trkpt>
      <trkpt lat="53.64900724" lon="-122.17781446">
      </trkpt>
      <trkpt lat="53.64899359" lon="-122.17721304">
      </trkpt>
      <trkpt lat="53.64898549" lon="-122.17661111">
      </trkpt>
      <trkpt lat="53.64898264" lon="-122.17599929">
      </trkpt>
      <trkpt lat="53.64892053" lon="-122.17544939">
      </trkpt>
      <trkpt lat="53.64878345" lon="-122.1749911">
      </trkpt>
      <trkpt lat="53.64857169" lon="-122.17463382">
      </trkpt>
      <trkpt lat="53.64829228" lon="-122.17442399">
      </trkpt>
      <trkpt lat="53.64800358" lon="-122.17427149">
      </trkpt>
      <trkpt lat="53.64773198" lon="-122.17430576">
      </trkpt>
      <trkpt lat="53.64717513" lon="-122.17446973">
      </trkpt>
      <trkpt lat="53.64646231" lon="-122.17462912">
      </trkpt>
      <trkpt lat="53.64592766" lon="-122.17479105">
      </trkpt>
      <trkpt lat="53.64546979" lon="-122.17491769">
      </trkpt>
      <trkpt lat="53.64505227" lon="-122.17508772">
      </trkpt>
      <trkpt lat="53.64473103" lon="-122.17513594">
      </trkpt>
      <trkpt lat="53.64442073" lon="-122.17500427">
      </trkpt>
      <trkpt lat="53.64411478" lon="-122.17483454">
      </trkpt>
      <trkpt lat="53.64382923" lon="-122.17460644">
      </trkpt>
      <trkpt lat="53.64354457" lon="-122.17440653">
      </trkpt>
      <trkpt lat="53.64319483" lon="-122.17425963">
      </trkpt>
      <trkpt lat="53.64286654" lon="-122.17426144">
      </trkpt>
      <trkpt lat="53.64250181" lon="-122.1743419">
      </trkpt>
      <trkpt lat="53.64219751" lon="-122.17439799">
      </trkpt>
      <trkpt lat="53.64189232" lon="-122.17442591">
      </trkpt>
      <trkpt lat="53.64157843" lon="-122.17452996">
      </trkpt>
      <trkpt lat="53.64134132" lon="-122.17459874">
      </trkpt>
      <trkpt lat="53.64108921" lon="-122.17454649">
      </trkpt>
      <trkpt lat="53.64079841" lon="-122.1743283">
      </trkpt>
      <trkpt lat="53.64059609" lon="-122.17409261">
      </trkpt>
      <trkpt lat="53.64041072" lon="-122.1738648">
      </trkpt>
      <trkpt lat="53.64025128" lon="-122.17357813">
      </trkpt>
      <trkpt lat="53.64006171" lon="-122.17321889">
      </trkpt>
      <trkpt lat="53.63978978" lon="-122.1725471">
      </trkpt>
      <trkpt lat="53.63960214" lon="-122.17207472">
      </trkpt>
      <trkpt lat="53.63940805" lon="-122.17157468">
      </trkpt>
      <trkpt lat="53.63912773" lon="-122.17098843">
      </trkpt>
      <trkpt lat="53.638842" lon="-122.17058152">
      </trkpt>
      <trkpt lat="53.63867688" lon="-122.17046484">
      </trkpt>
      <trkpt lat="53.63842791" lon="-122.17033702">
      </trkpt>
      <trkpt lat="53.63818015" lon="-122.17024674">
      </trkpt>
      <trkpt lat="53.63798143" lon="-122.17012373">
      </trkpt>
      <trkpt lat="53.63772902" lon="-122.17006213">
      </trkpt>
      <trkpt lat="53.63731973" lon="-122.16996782">
      </trkpt>
      <trkpt lat="53.63698934" lon="-122.16990395">
      </trkpt>
      <trkpt lat="53.636633" lon="-122.16989894">
      </trkpt>
      <trkpt lat="53.63637684" lon="-122.16989417">
      </trkpt>
      <trkpt lat="53.63606249" lon="-122.16980999">
      </trkpt>
      <trkpt lat="53.63540979" lon="-122.16958738">
      </trkpt>
      <trkpt lat="53.63492102" lon="-122.16944389">
      </trkpt>
      <trkpt lat="53.63452598" lon="-122.16927299">
      </trkpt>
      <trkpt lat="53.63409494" lon="-122.16902065">
      </trkpt>
      <trkpt lat="53.63370424" lon="-122.16881171">
      </trkpt>
      <trkpt lat="53.63338973" lon="-122.16854871">
      </trkpt>
      <trkpt lat="53.63308045" lon="-122.16827584">
      </trkpt>
      <trkpt lat="53.63287933" lon="-122.16807777">
      </trkpt>
      <trkpt lat="53.63258551" lon="-122.16776582">
      </trkpt>
      <trkpt lat="53.63206882" lon="-122.16744608">
      </trkpt>
      <trkpt lat="53.63139345" lon="-122.16703734">
      </trkpt>
      <trkpt lat="53.63085216" lon="-122.16664455">
      </trkpt>
      <trkpt lat="53.63032407" lon="-122.16631647">
      </trkpt>
      <trkpt lat="53.630004" lon="-122.16605403">
      </trkpt>
      <trkpt lat="53.62967568" lon="-122.16570763">
      </trkpt>
      <trkpt lat="53.62935724" lon="-122.16532268">
      </trkpt>
      <trkpt lat="53.6290946" lon="-122.16494204">
      </trkpt>
      <trkpt lat="53.62888955" lon="-122.16462202">
      </trkpt>
      <trkpt lat="53.62816522" lon="-122.16372842">
      </trkpt>
      <trkpt lat="53.62749101" lon="-122.16300907">
      </trkpt>
      <trkpt lat="53.62678904" lon="-122.1622923">
      </trkpt>
      <trkpt lat="53.62611421" lon="-122.16155424">
      </trkpt>
      <trkpt lat="53.62563032" lon="-122.16104337">
      </trkpt>
      <trkpt lat="53.62518004" lon="-122.16053884">
      </trkpt>
      <trkpt lat="53.62486068" lon="-122.16012583">
      </trkpt>
      <trkpt lat="53.62440139" lon="-122.15968803">
      </trkpt>
      <trkpt lat="53.6240096" lon="-122.15927226">
      </trkpt>
      <trkpt lat="53.62368427" lon="-122.15901981">
      </trkpt>
      <trkpt lat="53.62322889" lon="-122.15870401">
      </trkpt>
      <trkpt lat="53.6229076" lon="-122.15840414">
      </trkpt>
      <trkpt lat="53.62259964" lon="-122.15799953">
      </trkpt>
      <trkpt lat="53.62227292" lon="-122.15753077">
      </trkpt>
      <trkpt lat="53.6219933" lon="-122.15714239">
      </trkpt>
      <trkpt lat="53.62178552" lon="-122.156738">
      </trkpt>
      <trkpt lat="53.62159227" lon="-122.15626641">
      </trkpt>
      <trkpt lat="53.62139135" lon="-122.15572963">
      </trkpt>
      <trkpt lat="53.62119871" lon="-122.15527682">
      </trkpt>
      <trkpt lat="53.62106366" lon="-122.15488458">
      </trkpt>
      <trkpt lat="53.62087999" lon="-122.15436507">
      </trkpt>
      <trkpt lat="53.62078125" lon="-122.15406359">
      </trkpt>
      <trkpt lat="53.62063238" lon="-122.15358794">
      </trkpt>
      <trkpt lat="53.62046445" lon="-122.15303876">
      </trkpt>
      <trkpt lat="53.62028904" lon="-122.1526032">
      </trkpt>
      <trkpt lat="53.62005108" lon="-122.15212633">
      </trkpt>
      <trkpt lat="53.61971354" lon="-122.15166805">
      </trkpt>
      <trkpt lat="53.6193406" lon="-122.15114717">
      </trkpt>
      <trkpt lat="53.61900951" lon="-122.15071655">
      </trkpt>
      <trkpt lat="53.61864946" lon="-122.15025094">
      </trkpt>
      <trkpt lat="53.61827337" lon="-122.14980565">
      </trkpt>
      <trkpt lat="53.61794349" lon="-122.14941257">
      </trkpt>
      <trkpt lat="53.6177393" lon="-122.14912085">
      </trkpt>
      <trkpt lat="53.617521" lon="-122.14873633">
      </trkpt>
      <trkpt lat="53.61734426" lon="-122.14843266">
      </trkpt>
      <trkpt lat="53.61708409" lon="-122.14795791">
      </trkpt>
      <trkpt lat="53.61683743" lon="-122.14755719">
      </trkpt>
      <trkpt lat="53.61663606" lon="-122.14718053">
      </trkpt>
      <trkpt lat="53.61629487" lon="-122.14660974">
      </trkpt>
      <trkpt lat="53.61591221" lon="-122.14630625">
      </trkpt>
      <trkpt lat="53.61563861" lon="-122.14610564">
      </trkpt>
      <trkpt lat="53.61526512" lon="-122.14591423">
      </trkpt>
      <trkpt lat="53.61490626" lon="-122.14548623">
      </trkpt>
      <trkpt lat="53.61465677" lon="-122.14517049">
      </trkpt>
      <trkpt lat="53.61439376" lon="-122.14478073">
      </trkpt>
      <trkpt lat="53.61412026" lon="-122.14441075">
      </trkpt>
      <trkpt lat="53.61379771" lon="-122.14407353">
      </trkpt>
      <trkpt lat="53.61344491" lon="-122.14383319">
      </trkpt>
      <trkpt lat="53.61323758" lon="-122.14361709">
      </trkpt>
      <trkpt lat="53.61274645" lon="-122.14322955">
      </trkpt>
      <trkpt lat="53.61236075" lon="-122.14283231">
      </trkpt>
      <trkpt lat="53.6119926" lon="-122.14246169">
      </trkpt>
      <trkpt lat="53.61167934" lon="-122.14206719">
      </trkpt>
      <trkpt lat="53.61138736" lon="-122.14164252">
      </trkpt>
      <trkpt lat="53.61113211" lon="-122.14114859">
      </trkpt>
      <trkpt lat="53.61097512" lon="-122.14076792">
      </trkpt>
      <trkpt lat="53.61085112" lon="-122.1403748">
      </trkpt>
      <trkpt lat="53.61078634" lon="-122.13991977">
      </trkpt>
      <trkpt lat="53.61074133" lon="-122.13938765">
      </trkpt>
      <trkpt lat="53.61063437" lon="-122.13883302">
      </trkpt>
      <trkpt lat="53.6104141" lon="-122.13804424">
      </trkpt>
      <trkpt lat="53.61023752" lon="-122.13740197">
      </trkpt>
      <trkpt lat="53.61001099" lon="-122.13676431">
      </trkpt>
      <trkpt lat="53.60980505" lon="-122.13624706">
      </trkpt>
      <trkpt lat="53.60955381" lon="-122.13570578">
      </trkpt>
      <trkpt lat="53.6093182" lon="-122.13530418">
      </trkpt>
      <trkpt lat="53.60923354" lon="-122.13509562">
      </trkpt>
      <trkpt lat="53.60904042" lon="-122.13480299">
      </trkpt>
      <trkpt lat="53.608712" lon="-122.13445702">
      </trkpt>
      <trkpt lat="53.60851294" lon="-122.13432489">
      </trkpt>
      <trkpt lat="53.60814155" lon="-122.13419926">
      </trkpt>
      <trkpt lat="53.60778611" lon="-122.1342227">
      </trkpt>
      <trkpt lat="53.60738599" lon="-122.13424086">
      </trkpt>
      <trkpt lat="53.60707161" lon="-122.13415701">
      </trkpt>
      <trkpt lat="53.60680071" lon="-122.13404093">
      </trkpt>
      <trkpt lat="53.60657884" lon="-122.1338921">
      </trkpt>
      <trkpt lat="53.60636192" lon="-122.13372399">
      </trkpt>
      <trkpt lat="53.60621006" lon="-122.13350285">
      </trkpt>
      <trkpt lat="53.60605738" lon="-122.13308421">
      </trkpt>
      <trkpt lat="53.60585667" lon="-122.13255714">
      </trkpt>
      <trkpt lat="53.60570772" lon="-122.13208173">
      </trkpt>
      <trkpt lat="53.60555664" lon="-122.13154067">
      </trkpt>
      <trkpt lat="53.60546187" lon="-122.13119196">
      </trkpt>
      <trkpt lat="53.60519017" lon="-122.1301917">
      </trkpt>
      <trkpt lat="53.60506873" lon="-122.12953503">
      </trkpt>
      <trkpt lat="53.60494196" lon="-122.12905758">
      </trkpt>
      <trkpt lat="53.60485047" lon="-122.12829467">
      </trkpt>
      <trkpt lat="53.60475585" lon="-122.12760731">
      </trkpt>
      <trkpt lat="53.6045482" lon="-122.12669522">
      </trkpt>
      <trkpt lat="53.60438174" lon="-122.12602392">
      </trkpt>
      <trkpt lat="53.60419924" lon="-122.12537293">
      </trkpt>
      <trkpt lat="53.60399667" lon="-122.12478964">
      </trkpt>
      <trkpt lat="53.60373055" lon="-122.12430632">
      </trkpt>
      <trkpt lat="53.60334547" lon="-122.12375876">
      </trkpt>
      <trkpt lat="53.60297794" lon="-122.12323782">
      </trkpt>
      <trkpt lat="53.60265603" lon="-122.12275029">
      </trkpt>
      <trkpt lat="53.60233312" lon="-122.12240394">
      </trkpt>
      <trkpt lat="53.60198491" lon="-122.1221352">
      </trkpt>
      <trkpt lat="53.6016471" lon="-122.12201601">
      </trkpt>
      <trkpt lat="53.60133644" lon="-122.12187548">
      </trkpt>
      <trkpt lat="53.60097674" lon="-122.12176772">
      </trkpt>
      <trkpt lat="53.60055114" lon="-122.12151558">
      </trkpt>
      <trkpt lat="53.60004117" lon="-122.12106433">
      </trkpt>
      <trkpt lat="53.59965478" lon="-122.12064865">
      </trkpt>
      <trkpt lat="53.599379" lon="-122.12038264">
      </trkpt>
      <trkpt lat="53.59901816" lon="-122.12006807">
      </trkpt>
      <trkpt lat="53.59855933" lon="-122.11964973">
      </trkpt>
      <trkpt lat="53.59822836" lon="-122.11939825">
      </trkpt>
      <trkpt lat="53.59794885" lon="-122.11918904">
      </trkpt>
      <trkpt lat="53.59770788" lon="-122.11896683">
      </trkpt>
      <trkpt lat="53.59744252" lon="-122.11885036">
      </trkpt>
      <trkpt lat="53.59698758" lon="-122.11872325">
      </trkpt>
      <trkpt lat="53.59662074" lon="-122.11873846">
      </trkpt>
      <trkpt lat="53.59616421" lon="-122.11873379">
      </trkpt>
      <trkpt lat="53.59581" lon="-122.11879485">
      </trkpt>
      <trkpt lat="53.59531174" lon="-122.11904797">
      </trkpt>
      <trkpt lat="53.59494758" lon="-122.11931685">
      </trkpt>
      <trkpt lat="53.59454708" lon="-122.11949506">
      </trkpt>
      <trkpt lat="53.5941839" lon="-122.11962279">
      </trkpt>
      <trkpt lat="53.59380164" lon="-122.11967704">
      </trkpt>
      <trkpt lat="53.59343017" lon="-122.11972088">
      </trkpt>
      <trkpt lat="53.59283088" lon="-122.11977644">
      </trkpt>
      <trkpt lat="53.59221313" lon="-122.11977729">
      </trkpt>
      <trkpt lat="53.59182501" lon="-122.11982269">
      </trkpt>
      <trkpt lat="53.59137092" lon="-122.11989299">
      </trkpt>
      <trkpt lat="53.59095103" lon="-122.11998834">
      </trkpt>
      <trkpt lat="53.5905959" lon="-122.12002126">
      </trkpt>
      <trkpt lat="53.59023833" lon="-122.11997918">
      </trkpt>
      <trkpt lat="53.58984124" lon="-122.12009122">
      </trkpt>
      <trkpt lat="53.5895077" lon="-122.12010332">
      </trkpt>
      <trkpt lat="53.58915203" lon="-122.11994822">
      </trkpt>
      <trkpt lat="53.58885033" lon="-122.11974109">
      </trkpt>
      <trkpt lat="53.58859924" lon="-122.11937884">
      </trkpt>
      <trkpt lat="53.58832042" lon="-122.11901914">
      </trkpt>
      <trkpt lat="53.58809951" lon="-122.11872932">
      </trkpt>
      <trkpt lat="53.58776945" lon="-122.11850603">
      </trkpt>
      <trkpt lat="53.58756573" lon="-122.11840267">
      </trkpt>
      <trkpt lat="53.58726738" lon="-122.11829869">
      </trkpt>
      <trkpt lat="53.58689498" lon="-122.11831442">
      </trkpt>
      <trkpt lat="53.586489" lon="-122.11832387">
      </trkpt>
      <trkpt lat="53.58611168" lon="-122.11835886">
      </trkpt>
      <trkpt lat="53.58585917" lon="-122.11846689">
      </trkpt>
      <trkpt lat="53.58540349" lon="-122.11865959">
      </trkpt>
      <trkpt lat="53.58513677" lon="-122.11884416">
      </trkpt>
      <trkpt lat="53.58492804" lon="-122.11892933">
      </trkpt>
      <trkpt lat="53.58463919" lon="-122.11894671">
      </trkpt>
      <trkpt lat="53.58441821" lon="-122.11882616">
      </trkpt>
      <trkpt lat="53.58417975" lon="-122.11850978">
      </trkpt>
      <trkpt lat="53.5840147" lon="-122.11805496">
      </trkpt>
      <trkpt lat="53.58383422" lon="-122.11763918">
      </trkpt>
      <trkpt lat="53.58362356" lon="-122.117151">
      </trkpt>
      <trkpt lat="53.58341411" lon="-122.1167003">
      </trkpt>
      <trkpt lat="53.58321546" lon="-122.11623921">
      </trkpt>
      <trkpt lat="53.58310558" lon="-122.11576989">
      </trkpt>
      <trkpt lat="53.58307528" lon="-122.11518035">
      </trkpt>
      <trkpt lat="53.58306132" lon="-122.11457991">
      </trkpt>
      <trkpt lat="53.58313242" lon="-122.11402797">
      </trkpt>
      <trkpt lat="53.58320816" lon="-122.11344739">
      </trkpt>
      <trkpt lat="53.58326688" lon="-122.11302824">
      </trkpt>
      <trkpt lat="53.58327315" lon="-122.11270798">
      </trkpt>
      <trkpt lat="53.58350389" lon="-122.11039236">
      </trkpt>
      <trkpt lat="53.58389536" lon="-122.10651976">
      </trkpt>
      <trkpt lat="53.58408771" lon="-122.10439568">
      </trkpt>
      <trkpt lat="53.58412236" lon="-122.10392232">
      </trkpt>
      <trkpt lat="53.58413661" lon="-122.10367654">
      </trkpt>
      <trkpt lat="53.58421976" lon="-122.10281315">
      </trkpt>
      <trkpt lat="53.58437491" lon="-122.10125667">
      </trkpt>
      <trkpt lat="53.58451122" lon="-122.09980536">
      </trkpt>
      <trkpt lat="53.58458041" lon="-122.09919713">
      </trkpt>
      <trkpt lat="53.58472525" lon="-122.09800829">
      </trkpt>
      <trkpt lat="53.58487812" lon="-122.09672466">
      </trkpt>
      <trkpt lat="53.5849631" lon="-122.09574825">
      </trkpt>
      <trkpt lat="53.58506666" lon="-122.09431874">
      </trkpt>
      <trkpt lat="53.58507773" lon="-122.09278504">
      </trkpt>
      <trkpt lat="53.58505605" lon="-122.0916117">
      </trkpt>
      <trkpt lat="53.58495149" lon="-122.090117">
      </trkpt>
      <trkpt lat="53.58486346" lon="-122.08929777">
      </trkpt>
      <trkpt lat="53.58482136" lon="-122.08835201">
      </trkpt>
      <trkpt lat="53.58477244" lon="-122.08770779">
      </trkpt>
      <trkpt lat="53.58467634" lon="-122.08715259">
      </trkpt>
      <trkpt lat="53.5846166" lon="-122.08668802">
      </trkpt>
      <trkpt lat="53.58452602" lon="-122.08630158">
      </trkpt>
      <trkpt lat="53.58442747" lon="-122.08550215">
      </trkpt>
      <trkpt lat="53.58440655" lon="-122.08520322">
      </trkpt>
      <trkpt lat="53.58435388" lon="-122.08478501">
      </trkpt>
      <trkpt lat="53.58426299" lon="-122.0843892">
      </trkpt>
      <trkpt lat="53.58413696" lon="-122.08394025">
      </trkpt>
      <trkpt lat="53.58381766" lon="-122.08336835">
      </trkpt>
      <trkpt lat="53.58358743" lon="-122.08296677">
      </trkpt>
      <trkpt lat="53.58334796" lon="-122.08245323">
      </trkpt>
      <trkpt lat="53.58302065" lon="-122.08180687">
      </trkpt>
      <trkpt lat="53.58275652" lon="-122.08122045">
      </trkpt>
      <trkpt lat="53.58258023" lon="-122.08076683">
      </trkpt>
      <trkpt lat="53.5823312" lon="-122.08013197">
      </trkpt>
      <trkpt lat="53.58213455" lon="-122.07973668">
      </trkpt>
      <trkpt lat="53.58174711" lon="-122.07912421">
      </trkpt>
      <trkpt lat="53.58142039" lon="-122.0786659">
      </trkpt>
      <trkpt lat="53.58105636" lon="-122.07808886">
      </trkpt>
      <trkpt lat="53.58081564" lon="-122.07770712">
      </trkpt>
      <trkpt lat="53.58052034" lon="-122.07735869">
      </trkpt>
      <trkpt lat="53.58023367" lon="-122.0771035">
      </trkpt>
      <trkpt lat="53.57981506" lon="-122.07689828">
      </trkpt>
      <trkpt lat="53.57948769" lon="-122.07675972">
      </trkpt>
      <trkpt lat="53.57922228" lon="-122.07664357">
      </trkpt>
      <trkpt lat="53.57867821" lon="-122.07634669">
      </trkpt>
      <trkpt lat="53.57851391" lon="-122.07625868">
      </trkpt>
      <trkpt lat="53.57820196" lon="-122.07625031">
      </trkpt>
      <trkpt lat="53.57790201" lon="-122.07626902">
      </trkpt>
      <trkpt lat="53.57742606" lon="-122.076182">
      </trkpt>
      <trkpt lat="53.57709376" lon="-122.07606273">
      </trkpt>
      <trkpt lat="53.57676177" lon="-122.07595283">
      </trkpt>
      <trkpt lat="53.57638478" lon="-122.07565912">
      </trkpt>
      <trkpt lat="53.57614157" lon="-122.07537169">
      </trkpt>
      <trkpt lat="53.57579694" lon="-122.07504674">
      </trkpt>
      <trkpt lat="53.57549794" lon="-122.07475515">
      </trkpt>
      <trkpt lat="53.57531175" lon="-122.07450938">
      </trkpt>
      <trkpt lat="53.57504943" lon="-122.07414853">
      </trkpt>
      <trkpt lat="53.57477386" lon="-122.07355392">
      </trkpt>
      <trkpt lat="53.5744989" lon="-122.07297808">
      </trkpt>
      <trkpt lat="53.57430962" lon="-122.07246939">
      </trkpt>
      <trkpt lat="53.57414009" lon="-122.07188365">
      </trkpt>
      <trkpt lat="53.5739277" lon="-122.07117974">
      </trkpt>
      <trkpt lat="53.57369373" lon="-122.07049664">
      </trkpt>
      <trkpt lat="53.57342831" lon="-122.07004212">
      </trkpt>
      <trkpt lat="53.57309137" lon="-122.06944392">
      </trkpt>
      <trkpt lat="53.57282903" lon="-122.06908314">
      </trkpt>
      <trkpt lat="53.57255005" lon="-122.06872392">
      </trkpt>
      <trkpt lat="53.5722165" lon="-122.06839803">
      </trkpt>
      <trkpt lat="53.5719218" lon="-122.06823769">
      </trkpt>
      <trkpt lat="53.57167487" lon="-122.06800707">
      </trkpt>
      <trkpt lat="53.57142517" lon="-122.06769213">
      </trkpt>
      <trkpt lat="53.57118749" lon="-122.06740424">
      </trkpt>
      <trkpt lat="53.57096523" lon="-122.06707732">
      </trkpt>
      <trkpt lat="53.57074295" lon="-122.0667504">
      </trkpt>
      <trkpt lat="53.57054597" lon="-122.06651511">
      </trkpt>
      <trkpt lat="53.57036254" lon="-122.06635375">
      </trkpt>
      <trkpt lat="53.57005304" lon="-122.06625122">
      </trkpt>
      <trkpt lat="53.56968528" lon="-122.06623877">
      </trkpt>
      <trkpt lat="53.56926913" lon="-122.06627786">
      </trkpt>
      <trkpt lat="53.56905396" lon="-122.06633568">
      </trkpt>
      <trkpt lat="53.56889643" lon="-122.06628468">
      </trkpt>
      <trkpt lat="53.56860573" lon="-122.06590781">
      </trkpt>
      <trkpt lat="53.5683517" lon="-122.0654617">
      </trkpt>
      <trkpt lat="53.56814207" lon="-122.06518063">
      </trkpt>
      <trkpt lat="53.56793305" lon="-122.06491828">
      </trkpt>
      <trkpt lat="53.56776195" lon="-122.06462419">
      </trkpt>
      <trkpt lat="53.56760595" lon="-122.06428168">
      </trkpt>
      <trkpt lat="53.5675344" lon="-122.06379965">
      </trkpt>
      <trkpt lat="53.56748845" lon="-122.0634186">
      </trkpt>
      <trkpt lat="53.56735986" lon="-122.06289493">
      </trkpt>
      <trkpt lat="53.56717981" lon="-122.06232912">
      </trkpt>
      <trkpt lat="53.5670216" lon="-122.06158267">
      </trkpt>
      <trkpt lat="53.56695587" lon="-122.06077113">
      </trkpt>
      <trkpt lat="53.56692467" lon="-122.05999394">
      </trkpt>
      <trkpt lat="53.56692554" lon="-122.05934532">
      </trkpt>
      <trkpt lat="53.56688137" lon="-122.05851296">
      </trkpt>
      <trkpt lat="53.56681683" lon="-122.05756972">
      </trkpt>
      <trkpt lat="53.56676742" lon="-122.05674726">
      </trkpt>
      <trkpt lat="53.56668196" lon="-122.05618197">
      </trkpt>
      <trkpt lat="53.56647105" lon="-122.05569427">
      </trkpt>
      <trkpt lat="53.56620712" lon="-122.05528678">
      </trkpt>
      <trkpt lat="53.5658794" lon="-122.05496989">
      </trkpt>
      <trkpt lat="53.56541111" lon="-122.05477904">
      </trkpt>
      <trkpt lat="53.56499063" lon="-122.05468707">
      </trkpt>
      <trkpt lat="53.56455012" lon="-122.05466278">
      </trkpt>
      <trkpt lat="53.5641472" lon="-122.05459734">
      </trkpt>
      <trkpt lat="53.56390275" lon="-122.05461098">
      </trkpt>
      <trkpt lat="53.56361175" lon="-122.05456321">
      </trkpt>
      <trkpt lat="53.56329329" lon="-122.05435825">
      </trkpt>
      <trkpt lat="53.56293998" lon="-122.05410959">
      </trkpt>
      <trkpt lat="53.56256447" lon="-122.05386301">
      </trkpt>
      <trkpt lat="53.56218466" lon="-122.05365446">
      </trkpt>
      <trkpt lat="53.56179066" lon="-122.05335325">
      </trkpt>
      <trkpt lat="53.56149901" lon="-122.05311759">
      </trkpt>
      <trkpt lat="53.56113922" lon="-122.05284137">
      </trkpt>
      <trkpt lat="53.56086575" lon="-122.052651">
      </trkpt>
      <trkpt lat="53.56056824" lon="-122.0524065">
      </trkpt>
      <trkpt lat="53.5603034" lon="-122.05214013">
      </trkpt>
      <trkpt lat="53.55992204" lon="-122.05188475">
      </trkpt>
      <trkpt lat="53.55947037" lon="-122.05152323">
      </trkpt>
      <trkpt lat="53.55898818" lon="-122.05108003">
      </trkpt>
      <trkpt lat="53.55854081" lon="-122.05068054">
      </trkpt>
      <trkpt lat="53.55822324" lon="-122.05033458">
      </trkpt>
      <trkpt lat="53.55796856" lon="-122.0500391">
      </trkpt>
      <trkpt lat="53.55775859" lon="-122.04974879">
      </trkpt>
      <trkpt lat="53.55757603" lon="-122.0494465">
      </trkpt>
      <trkpt lat="53.55741104" lon="-122.04900162">
      </trkpt>
      <trkpt lat="53.5572503" lon="-122.04834959">
      </trkpt>
      <trkpt lat="53.55713059" lon="-122.04775947">
      </trkpt>
      <trkpt lat="53.55693162" lon="-122.04712987">
      </trkpt>
      <trkpt lat="53.55673639" lon="-122.04661266">
      </trkpt>
      <trkpt lat="53.55654149" lon="-122.04627398">
      </trkpt>
      <trkpt lat="53.55630284" lon="-122.04595822">
      </trkpt>
      <trkpt lat="53.55581599" lon="-122.04554373">
      </trkpt>
      <trkpt lat="53.55517131" lon="-122.045069">
      </trkpt>
      <trkpt lat="53.55463635" lon="-122.04454631">
      </trkpt>
      <trkpt lat="53.55427037" lon="-122.04425199">
      </trkpt>
      <trkpt lat="53.553959" lon="-122.04409348">
      </trkpt>
      <trkpt lat="53.55359798" lon="-122.04394904">
      </trkpt>
      <trkpt lat="53.55304708" lon="-122.04378496">
      </trkpt>
      <trkpt lat="53.55268083" lon="-122.04365041">
      </trkpt>
      <trkpt lat="53.55246719" lon="-122.04358603">
      </trkpt>
      <trkpt lat="53.552293" lon="-122.0435367">
      </trkpt>
      <trkpt lat="53.55178528" lon="-122.04350009">
      </trkpt>
      <trkpt lat="53.55158429" lon="-122.0434815">
      </trkpt>
      <trkpt lat="53.55131333" lon="-122.04353527">
      </trkpt>
      <trkpt lat="53.55109911" lon="-122.04362127">
      </trkpt>
      <trkpt lat="53.55084418" lon="-122.04365474">
      </trkpt>
      <trkpt lat="53.55058246" lon="-122.04365128">
      </trkpt>
      <trkpt lat="53.55039284" lon="-122.04347188">
      </trkpt>
      <trkpt lat="53.55021613" lon="-122.04317851">
      </trkpt>
      <trkpt lat="53.55000889" lon="-122.04280347">
      </trkpt>
      <trkpt lat="53.54986885" lon="-122.04244089">
      </trkpt>
      <trkpt lat="53.54969827" lon="-122.04199663">
      </trkpt>
      <trkpt lat="53.54951291" lon="-122.04161014">
      </trkpt>
      <trkpt lat="53.54928408" lon="-122.04125595">
      </trkpt>
      <trkpt lat="53.5490522" lon="-122.04097722">
      </trkpt>
      <trkpt lat="53.54873984" lon="-122.04062153">
      </trkpt>
      <trkpt lat="53.54849131" lon="-122.04034438">
      </trkpt>
      <trkpt lat="53.54777375" lon="-122.03951968">
      </trkpt>
      <trkpt lat="53.54694859" lon="-122.03863941">
      </trkpt>
      <trkpt lat="53.54651286" lon="-122.03808874">
      </trkpt>
      <trkpt lat="53.54599883" lon="-122.0375267">
      </trkpt>
      <trkpt lat="53.54537563" lon="-122.03686227">
      </trkpt>
      <trkpt lat="53.54492049" lon="-122.03639802">
      </trkpt>
      <trkpt lat="53.54478422" lon="-122.03631697">
      </trkpt>
      <trkpt lat="53.54459307" lon="-122.0362599">
      </trkpt>
      <trkpt lat="53.54435045" lon="-122.03616073">
      </trkpt>
      <trkpt lat="53.5441146" lon="-122.03609849">
      </trkpt>
      <trkpt lat="53.54387046" lon="-122.03612159">
      </trkpt>
      <trkpt lat="53.54360936" lon="-122.0361369">
      </trkpt>
      <trkpt lat="53.54327173" lon="-122.03585883">
      </trkpt>
      <trkpt lat="53.54309563" lon="-122.03558428">
      </trkpt>
      <trkpt lat="53.54291304" lon="-122.03528216">
      </trkpt>
      <trkpt lat="53.54267341" lon="-122.03493848">
      </trkpt>
      <trkpt lat="53.54245816" lon="-122.03465825">
      </trkpt>
      <trkpt lat="53.54220437" lon="-122.03439105">
      </trkpt>
      <trkpt lat="53.54194105" lon="-122.03417175">
      </trkpt>
      <trkpt lat="53.54169006" lon="-122.03398884">
      </trkpt>
      <trkpt lat="53.54149207" lon="-122.03372577">
      </trkpt>
      <trkpt lat="53.54118217" lon="-122.03344511">
      </trkpt>
      <trkpt lat="53.54092408" lon="-122.03321593">
      </trkpt>
      <trkpt lat="53.54071904" lon="-122.03307564">
      </trkpt>
      <trkpt lat="53.54061081" lon="-122.03300135">
      </trkpt>
      <trkpt lat="53.54033458" lon="-122.03289599">
      </trkpt>
      <trkpt lat="53.54005035" lon="-122.03288534">
      </trkpt>
      <trkpt lat="53.53982285" lon="-122.03290687">
      </trkpt>
      <trkpt lat="53.53961113" lon="-122.03306781">
      </trkpt>
      <trkpt lat="53.5393772" lon="-122.03323085">
      </trkpt>
      <trkpt lat="53.53916641" lon="-122.03341988">
      </trkpt>
      <trkpt lat="53.53893741" lon="-122.03356366">
      </trkpt>
      <trkpt lat="53.53870287" lon="-122.03370798">
      </trkpt>
      <trkpt lat="53.53852905" lon="-122.03383713">
      </trkpt>
      <trkpt lat="53.53837249" lon="-122.03398345">
      </trkpt>
      <trkpt lat="53.53816568" lon="-122.03412513">
      </trkpt>
      <trkpt lat="53.53795084" lon="-122.03419243">
      </trkpt>
      <trkpt lat="53.53774922" lon="-122.03415515">
      </trkpt>
      <trkpt lat="53.53750104" lon="-122.03405653">
      </trkpt>
      <trkpt lat="53.53725529" lon="-122.03386376">
      </trkpt>
      <trkpt lat="53.53705948" lon="-122.03366626">
      </trkpt>
      <trkpt lat="53.53689203" lon="-122.03348487">
      </trkpt>
      <trkpt lat="53.53670887" lon="-122.03333314">
      </trkpt>
      <trkpt lat="53.53635827" lon="-122.03300001">
      </trkpt>
      <trkpt lat="53.53599811" lon="-122.03271478">
      </trkpt>
      <trkpt lat="53.53567775" lon="-122.03245393">
      </trkpt>
      <trkpt lat="53.53536634" lon="-122.03229558">
      </trkpt>
      <trkpt lat="53.53514191" lon="-122.03224167">
      </trkpt>
      <trkpt lat="53.53483823" lon="-122.03214834">
      </trkpt>
      <trkpt lat="53.53455893" lon="-122.03211843">
      </trkpt>
      <trkpt lat="53.53424079" lon="-122.03209219">
      </trkpt>
      <trkpt lat="53.53390538" lon="-122.03204881">
      </trkpt>
      <trkpt lat="53.53359403" lon="-122.03205951">
      </trkpt>
      <trkpt lat="53.53324446" lon="-122.03209261">
      </trkpt>
      <trkpt lat="53.53301666" lon="-122.03210478">
      </trkpt>
      <trkpt lat="53.53283999" lon="-122.03198063">
      </trkpt>
      <trkpt lat="53.53261767" lon="-122.03182324">
      </trkpt>
      <trkpt lat="53.53229267" lon="-122.03159104">
      </trkpt>
      <trkpt lat="53.53193496" lon="-122.03121169">
      </trkpt>
      <trkpt lat="53.53153316" lon="-122.0308459">
      </trkpt>
      <trkpt lat="53.53126303" lon="-122.03058974">
      </trkpt>
      <trkpt lat="53.53100463" lon="-122.03035126">
      </trkpt>
      <trkpt lat="53.53071536" lon="-122.03002179">
      </trkpt>
      <trkpt lat="53.53044055" lon="-122.02962522">
      </trkpt>
      <trkpt lat="53.53014418" lon="-122.02924948">
      </trkpt>
      <trkpt lat="53.52990546" lon="-122.02893402">
      </trkpt>
      <trkpt lat="53.52952741" lon="-122.02861298">
      </trkpt>
      <trkpt lat="53.5293251" lon="-122.02838798">
      </trkpt>
      <trkpt lat="53.52910734" lon="-122.02803298">
      </trkpt>
      <trkpt lat="53.52890529" lon="-122.02764832">
      </trkpt>
      <trkpt lat="53.5287094" lon="-122.02728186">
      </trkpt>
      <trkpt lat="53.52853845" lon="-122.02682854">
      </trkpt>
      <trkpt lat="53.52851613" lon="-122.02649259">
      </trkpt>
      <trkpt lat="53.52854899" lon="-122.02614202">
      </trkpt>
      <trkpt lat="53.52860347" lon="-122.02593964">
      </trkpt>
      <trkpt lat="53.52871188" lon="-122.0256852">
      </trkpt>
      <trkpt lat="53.52896706" lon="-122.02549198">
      </trkpt>
      <trkpt lat="53.52928757" lon="-122.02525498">
      </trkpt>
      <trkpt lat="53.52959236" lon="-122.02504765">
      </trkpt>
      <trkpt lat="53.529887" lon="-122.02486945">
      </trkpt>
      <trkpt lat="53.5301539" lon="-122.02469388">
      </trkpt>
      <trkpt lat="53.53035327" lon="-122.02449654">
      </trkpt>
      <trkpt lat="53.53051592" lon="-122.02419938">
      </trkpt>
      <trkpt lat="53.53065175" lon="-122.02393292">
      </trkpt>
      <trkpt lat="53.53068547" lon="-122.02344138">
      </trkpt>
      <trkpt lat="53.53065111" lon="-122.02307839">
      </trkpt>
      <trkpt lat="53.53047803" lon="-122.02272856">
      </trkpt>
      <trkpt lat="53.53034479" lon="-122.02257215">
      </trkpt>
      <trkpt lat="53.53011105" lon="-122.02240652">
      </trkpt>
      <trkpt lat="53.52986286" lon="-122.02230799">
      </trkpt>
      <trkpt lat="53.52950824" lon="-122.02202234">
      </trkpt>
      <trkpt lat="53.52929381" lon="-122.02160133">
      </trkpt>
      <trkpt lat="53.52908893" lon="-122.02113245">
      </trkpt>
      <trkpt lat="53.52895804" lon="-122.02071288">
      </trkpt>
      <trkpt lat="53.52887897" lon="-122.02034476">
      </trkpt>
      <trkpt lat="53.52866142" lon="-122.01983014">
      </trkpt>
      <trkpt lat="53.5284273" lon="-122.01948613">
      </trkpt>
      <trkpt lat="53.52814785" lon="-122.01911826">
      </trkpt>
      <trkpt lat="53.52788833" lon="-122.01851373">
      </trkpt>
      <trkpt lat="53.52761615" lon="-122.01786346">
      </trkpt>
      <trkpt lat="53.52738351" lon="-122.01739726">
      </trkpt>
      <trkpt lat="53.52715695" lon="-122.01678023">
      </trkpt>
      <trkpt lat="53.52686038" lon="-122.01606657">
      </trkpt>
      <trkpt lat="53.52650941" lon="-122.0150576">
      </trkpt>
      <trkpt lat="53.52632325" lon="-122.0144837">
      </trkpt>
      <trkpt lat="53.52613803" lon="-122.01393789">
      </trkpt>
      <trkpt lat="53.52595273" lon="-122.01322307">
      </trkpt>
      <trkpt lat="53.52585721" lon="-122.01269691">
      </trkpt>
      <trkpt lat="53.52585548" lon="-122.01231208">
      </trkpt>
      <trkpt lat="53.52589079" lon="-122.0120364">
      </trkpt>
      <trkpt lat="53.52601278" lon="-122.01185577">
      </trkpt>
      <trkpt lat="53.52633748" lon="-122.0114117">
      </trkpt>
      <trkpt lat="53.52660396" lon="-122.01105769">
      </trkpt>
      <trkpt lat="53.52684112" lon="-122.0106595">
      </trkpt>
      <trkpt lat="53.52705367" lon="-122.01035755">
      </trkpt>
      <trkpt lat="53.52730905" lon="-122.01000457">
      </trkpt>
      <trkpt lat="53.52775947" lon="-122.00949216">
      </trkpt>
      <trkpt lat="53.52806751" lon="-122.00904964">
      </trkpt>
      <trkpt lat="53.52823599" lon="-122.00876127">
      </trkpt>
      <trkpt lat="53.52834897" lon="-122.00847817">
      </trkpt>
      <trkpt lat="53.52838826" lon="-122.00815515">
      </trkpt>
      <trkpt lat="53.52838808" lon="-122.0078171">
      </trkpt>
      <trkpt lat="53.52836969" lon="-122.00743382">
      </trkpt>
      <trkpt lat="53.52821531" lon="-122.006979">
      </trkpt>
      <trkpt lat="53.52804187" lon="-122.00661988">
      </trkpt>
      <trkpt lat="53.52781263" lon="-122.0062567">
      </trkpt>
      <trkpt lat="53.52761646" lon="-122.00605001">
      </trkpt>
      <trkpt lat="53.52741013" lon="-122.00587247">
      </trkpt>
      <trkpt lat="53.52715869" lon="-122.00551142">
      </trkpt>
      <trkpt lat="53.52693563" lon="-122.00516644">
      </trkpt>
      <trkpt lat="53.52672428" lon="-122.00483913">
      </trkpt>
      <trkpt lat="53.52651136" lon="-122.00446504">
      </trkpt>
      <trkpt lat="53.52632745" lon="-122.00412572">
      </trkpt>
      <trkpt lat="53.52614415" lon="-122.00380514">
      </trkpt>
      <trkpt lat="53.52592851" lon="-122.00351583">
      </trkpt>
      <trkpt lat="53.52571443" lon="-122.00327331">
      </trkpt>
      <trkpt lat="53.52547135" lon="-122.002996">
      </trkpt>
      <trkpt lat="53.52523383" lon="-122.00271815">
      </trkpt>
      <trkpt lat="53.52503242" lon="-122.00252139">
      </trkpt>
      <trkpt lat="53.52484703" lon="-122.00230432">
      </trkpt>
      <trkpt lat="53.52447811" lon="-122.00192634">
      </trkpt>
      <trkpt lat="53.52391052" lon="-122.00126684">
      </trkpt>
      <trkpt lat="53.52360452" lon="-122.00093922">
      </trkpt>
      <trkpt lat="53.52333087" lon="-122.00058035">
      </trkpt>
      <trkpt lat="53.52301011" lon="-122.00031047">
      </trkpt>
      <trkpt lat="53.5226659" lon="-122.00000528">
      </trkpt>
      <trkpt lat="53.5224022" lon="-121.99977694">
      </trkpt>
      <trkpt lat="53.52213294" lon="-121.99954911">
      </trkpt>
      <trkpt lat="53.52197319" lon="-121.9994329">
      </trkpt>
      <trkpt lat="53.52169692" lon="-121.99883018">
      </trkpt>
      <trkpt lat="53.52145866" lon="-121.99836467">
      </trkpt>
      <trkpt lat="53.52124174" lon="-121.99803797">
      </trkpt>
      <trkpt lat="53.52096473" lon="-121.99774518">
      </trkpt>
      <trkpt lat="53.52069725" lon="-121.99740454">
      </trkpt>
      <trkpt lat="53.52041072" lon="-121.99715961">
      </trkpt>
      <trkpt lat="53.520176" lon="-121.99696607">
      </trkpt>
      <trkpt lat="53.5199102" lon="-121.99684123">
      </trkpt>
      <trkpt lat="53.5195797" lon="-121.99677889">
      </trkpt>
      <trkpt lat="53.51926363" lon="-121.99664946">
      </trkpt>
      <trkpt lat="53.5190752" lon="-121.99650785">
      </trkpt>
      <trkpt lat="53.51884465" lon="-121.99623085">
      </trkpt>
      <trkpt lat="53.51854336" lon="-121.9961366">
      </trkpt>
      <trkpt lat="53.51816047" lon="-121.9961912">
      </trkpt>
      <trkpt lat="53.51793615" lon="-121.99619458">
      </trkpt>
      <trkpt lat="53.51761174" lon="-121.99608136">
      </trkpt>
      <trkpt lat="53.51735586" lon="-121.99578135">
      </trkpt>
      <trkpt lat="53.51708873" lon="-121.99546438">
      </trkpt>
      <trkpt lat="53.51686784" lon="-121.99525115">
      </trkpt>
      <trkpt lat="53.51661316" lon="-121.99498708">
      </trkpt>
      <trkpt lat="53.51643306" lon="-121.99471588">
      </trkpt>
      <trkpt lat="53.51626703" lon="-121.99422704">
      </trkpt>
      <trkpt lat="53.5162033" lon="-121.99360226">
      </trkpt>
      <trkpt lat="53.51621896" lon="-121.99311409">
      </trkpt>
      <trkpt lat="53.51616307" lon="-121.99272288">
      </trkpt>
      <trkpt lat="53.51598939" lon="-121.99232492">
      </trkpt>
      <trkpt lat="53.51583559" lon="-121.99156456">
      </trkpt>
      <trkpt lat="53.51565165" lon="-121.99086116">
      </trkpt>
      <trkpt lat="53.51541805" lon="-121.99027065">
      </trkpt>
      <trkpt lat="53.51517199" lon="-121.98962728">
      </trkpt>
      <trkpt lat="53.51493779" lon="-121.98901883">
      </trkpt>
      <trkpt lat="53.51473313" lon="-121.98833546">
      </trkpt>
      <trkpt lat="53.51450193" lon="-121.98781685">
      </trkpt>
      <trkpt lat="53.51425428" lon="-121.98744402">
      </trkpt>
      <trkpt lat="53.5139013" lon="-121.98711733">
      </trkpt>
      <trkpt lat="53.51363234" lon="-121.98674654">
      </trkpt>
      <trkpt lat="53.51333117" lon="-121.98605442">
      </trkpt>
      <trkpt lat="53.51322478" lon="-121.98543377">
      </trkpt>
      <trkpt lat="53.51308304" lon="-121.98503279">
      </trkpt>
      <trkpt lat="53.51293488" lon="-121.9847586">
      </trkpt>
      <trkpt lat="53.51271759" lon="-121.98465325">
      </trkpt>
      <trkpt lat="53.51255599" lon="-121.98461465">
      </trkpt>
      <trkpt lat="53.51235479" lon="-121.98466996">
      </trkpt>
      <trkpt lat="53.51207963" lon="-121.98475038">
      </trkpt>
      <trkpt lat="53.51182457" lon="-121.98479283">
      </trkpt>
      <trkpt lat="53.51158137" lon="-121.98487019">
      </trkpt>
      <trkpt lat="53.51125173" lon="-121.98491977">
      </trkpt>
      <trkpt lat="53.5108232" lon="-121.98488872">
      </trkpt>
      <trkpt lat="53.51057335" lon="-121.98476846">
      </trkpt>
      <trkpt lat="53.51030037" lon="-121.98459635">
      </trkpt>
      <trkpt lat="53.5100481" lon="-121.98440423">
      </trkpt>
      <trkpt lat="53.50977852" lon="-121.98401554">
      </trkpt>
      <trkpt lat="53.50954695" lon="-121.98380343">
      </trkpt>
      <trkpt lat="53.50925327" lon="-121.98365133">
      </trkpt>
      <trkpt lat="53.50897206" lon="-121.98355211">
      </trkpt>
      <trkpt lat="53.50860382" lon="-121.98340717">
      </trkpt>
      <trkpt lat="53.50826753" lon="-121.98325917">
      </trkpt>
      <trkpt lat="53.50797845" lon="-121.98292642">
      </trkpt>
      <trkpt lat="53.50770766" lon="-121.98250182">
      </trkpt>
      <trkpt lat="53.50756409" lon="-121.98204702">
      </trkpt>
      <trkpt lat="53.50736241" lon="-121.98145363">
      </trkpt>
      <trkpt lat="53.50718905" lon="-121.9807494">
      </trkpt>
      <trkpt lat="53.50710757" lon="-121.98023458">
      </trkpt>
      <trkpt lat="53.50695976" lon="-121.97965406">
      </trkpt>
      <trkpt lat="53.50686096" lon="-121.9789427">
      </trkpt>
      <trkpt lat="53.50677766" lon="-121.978374">
      </trkpt>
      <trkpt lat="53.50661615" lon="-121.9777047">
      </trkpt>
      <trkpt lat="53.50646832" lon="-121.97712419">
      </trkpt>
      <trkpt lat="53.50624834" lon="-121.97662269">
      </trkpt>
      <trkpt lat="53.50609349" lon="-121.97615098">
      </trkpt>
      <trkpt lat="53.50592738" lon="-121.97566233">
      </trkpt>
      <trkpt lat="53.50573173" lon="-121.97524861">
      </trkpt>
      <trkpt lat="53.50549529" lon="-121.97489288">
      </trkpt>
      <trkpt lat="53.50527617" lon="-121.9747337">
      </trkpt>
      <trkpt lat="53.50458192" lon="-121.97474628">
      </trkpt>
      <trkpt lat="53.50414516" lon="-121.97478819">
      </trkpt>
      <trkpt lat="53.503667" lon="-121.97487012">
      </trkpt>
      <trkpt lat="53.50333157" lon="-121.97506449">
      </trkpt>
      <trkpt lat="53.50298609" lon="-121.97527784">
      </trkpt>
      <trkpt lat="53.50270089" lon="-121.97537729">
      </trkpt>
      <trkpt lat="53.50235879" lon="-121.97537407">
      </trkpt>
      <trkpt lat="53.50187275" lon="-121.9752225">
      </trkpt>
      <trkpt lat="53.50126432" lon="-121.97524485">
      </trkpt>
      <trkpt lat="53.50079379" lon="-121.97523594">
      </trkpt>
      <trkpt lat="53.50036559" lon="-121.97489865">
      </trkpt>
      <trkpt lat="53.49996512" lon="-121.97443258">
      </trkpt>
      <trkpt lat="53.49964284" lon="-121.97406711">
      </trkpt>
      <trkpt lat="53.4993973" lon="-121.97344203">
      </trkpt>
      <trkpt lat="53.49906714" lon="-121.9728431">
      </trkpt>
      <trkpt lat="53.49879084" lon="-121.97225703">
      </trkpt>
      <trkpt lat="53.498597" lon="-121.97189727">
      </trkpt>
      <trkpt lat="53.49841442" lon="-121.97155445">
      </trkpt>
      <trkpt lat="53.49816549" lon="-121.97114594">
      </trkpt>
      <trkpt lat="53.49795035" lon="-121.97078824">
      </trkpt>
      <trkpt lat="53.49757419" lon="-121.97040997">
      </trkpt>
      <trkpt lat="53.49725191" lon="-121.97004457">
      </trkpt>
      <trkpt lat="53.49688883" lon="-121.96973713">
      </trkpt>
      <trkpt lat="53.49654706" lon="-121.96942764">
      </trkpt>
      <trkpt lat="53.49634345" lon="-121.96941118">
      </trkpt>
      <trkpt lat="53.49611394" lon="-121.96957736">
      </trkpt>
      <trkpt lat="53.49574259" lon="-121.96997336">
      </trkpt>
      <trkpt lat="53.49541262" lon="-121.97032935">
      </trkpt>
      <trkpt lat="53.49505771" lon="-121.97057964">
      </trkpt>
      <trkpt lat="53.49460329" lon="-121.97073139">
      </trkpt>
      <trkpt lat="53.49417596" lon="-121.97073639">
      </trkpt>
      <trkpt lat="53.49378639" lon="-121.97059366">
      </trkpt>
      <trkpt lat="53.49338981" lon="-121.9705597">
      </trkpt>
      <trkpt lat="53.49299323" lon="-121.97052572">
      </trkpt>
      <trkpt lat="53.49252909" lon="-121.97039016">
      </trkpt>
      <trkpt lat="53.49207743" lon="-121.97030743">
      </trkpt>
      <trkpt lat="53.49165011" lon="-121.97031245">
      </trkpt>
      <trkpt lat="53.49139444" lon="-121.970337">
      </trkpt>
      <trkpt lat="53.49107882" lon="-121.97016916">
      </trkpt>
      <trkpt lat="53.49074313" lon="-121.97003929">
      </trkpt>
      <trkpt lat="53.49032463" lon="-121.96998942">
      </trkpt>
      <trkpt lat="53.49001084" lon="-121.96987545">
      </trkpt>
      <trkpt lat="53.48967879" lon="-121.9698533">
      </trkpt>
      <trkpt lat="53.48930351" lon="-121.96981729">
      </trkpt>
      <trkpt lat="53.48894132" lon="-121.96985208">
      </trkpt>
      <trkpt lat="53.4883755" lon="-121.96987041">
      </trkpt>
      <trkpt lat="53.48796827" lon="-121.96983747">
      </trkpt>
      <trkpt lat="53.4876977" lon="-121.96973737">
      </trkpt>
      <trkpt lat="53.48748559" lon="-121.96946954">
      </trkpt>
      <trkpt lat="53.48728566" lon="-121.96893034">
      </trkpt>
      <trkpt lat="53.48705075" lon="-121.96830446">
      </trkpt>
      <trkpt lat="53.48682129" lon="-121.96784017">
      </trkpt>
      <trkpt lat="53.4865416" lon="-121.96747077">
      </trkpt>
      <trkpt lat="53.48618796" lon="-121.9671265">
      </trkpt>
      <trkpt lat="53.48582245" lon="-121.96674736">
      </trkpt>
      <trkpt lat="53.48558383" lon="-121.9666442">
      </trkpt>
      <trkpt lat="53.4852256" lon="-121.9664805">
      </trkpt>
      <trkpt lat="53.48491639" lon="-121.96618602">
      </trkpt>
      <trkpt lat="53.48464278" lon="-121.96599618">
      </trkpt>
      <trkpt lat="53.48444098" lon="-121.96603359">
      </trkpt>
      <trkpt lat="53.48428087" lon="-121.96635519">
      </trkpt>
      <trkpt lat="53.48406932" lon="-121.96673575">
      </trkpt>
      <trkpt lat="53.48393597" lon="-121.96721687">
      </trkpt>
      <trkpt lat="53.48383398" lon="-121.96767694">
      </trkpt>
      <trkpt lat="53.48368269" lon="-121.96794364">
      </trkpt>
      <trkpt lat="53.48343067" lon="-121.96807593">
      </trkpt>
      <trkpt lat="53.4831336" lon="-121.96814049">
      </trkpt>
      <trkpt lat="53.48279089" lon="-121.96811939">
      </trkpt>
      <trkpt lat="53.48252429" lon="-121.96782082">
      </trkpt>
      <trkpt lat="53.48209425" lon="-121.96742989">
      </trkpt>
      <trkpt lat="53.48172416" lon="-121.96723132">
      </trkpt>
      <trkpt lat="53.48136411" lon="-121.96701377">
      </trkpt>
      <trkpt lat="53.48097789" lon="-121.96665466">
      </trkpt>
      <trkpt lat="53.48063612" lon="-121.96634532">
      </trkpt>
      <trkpt lat="53.48028429" lon="-121.96605497">
      </trkpt>
      <trkpt lat="53.47979155" lon="-121.96570612">
      </trkpt>
      <trkpt lat="53.47937398" lon="-121.96536807">
      </trkpt>
      <trkpt lat="53.47896706" lon="-121.965029">
      </trkpt>
      <trkpt lat="53.47857383" lon="-121.96477866">
      </trkpt>
      <trkpt lat="53.47821438" lon="-121.96457911">
      </trkpt>
      <trkpt lat="53.4778376" lon="-121.96418311">
      </trkpt>
      <trkpt lat="53.47757403" lon="-121.96397435">
      </trkpt>
      <trkpt lat="53.47708128" lon="-121.96362556">
      </trkpt>
      <trkpt lat="53.47660922" lon="-121.96325677">
      </trkpt>
      <trkpt lat="53.47625982" lon="-121.96303826">
      </trkpt>
      <trkpt lat="53.47573267" lon="-121.96262076">
      </trkpt>
      <trkpt lat="53.47544414" lon="-121.96230637">
      </trkpt>
      <trkpt lat="53.47506735" lon="-121.96191043">
      </trkpt>
      <trkpt lat="53.47478521" lon="-121.96146939">
      </trkpt>
      <trkpt lat="53.47437706" lon="-121.96109448">
      </trkpt>
      <trkpt lat="53.47403345" lon="-121.96073139">
      </trkpt>
      <trkpt lat="53.47366516" lon="-121.96058677">
      </trkpt>
      <trkpt lat="53.47325792" lon="-121.96055394">
      </trkpt>
      <trkpt lat="53.47284247" lon="-121.96059393">
      </trkpt>
      <trkpt lat="53.4724057" lon="-121.96063596">
      </trkpt>
      <trkpt lat="53.47208033" lon="-121.96081132">
      </trkpt>
      <trkpt lat="53.47171661" lon="-121.96111641">
      </trkpt>
      <trkpt lat="53.47111548" lon="-121.96135431">
      </trkpt>
      <trkpt lat="53.47073259" lon="-121.96140917">
      </trkpt>
      <trkpt lat="53.47041362" lon="-121.96145787">
      </trkpt>
      <trkpt lat="53.4701059" lon="-121.96152348">
      </trkpt>
      <trkpt lat="53.46970749" lon="-121.96143578">
      </trkpt>
      <trkpt lat="53.46923147" lon="-121.96126551">
      </trkpt>
      <trkpt lat="53.46886379" lon="-121.96113884">
      </trkpt>
      <trkpt lat="53.46867022" lon="-121.96110345">
      </trkpt>
      <trkpt lat="53.46843525" lon="-121.96110806">
      </trkpt>
      <trkpt lat="53.46812936" lon="-121.96122751">
      </trkpt>
      <trkpt lat="53.46769928" lon="-121.96146694">
      </trkpt>
      <trkpt lat="53.46717334" lon="-121.96171559">
      </trkpt>
      <trkpt lat="53.46675574" lon="-121.96200783">
      </trkpt>
      <trkpt lat="53.46629614" lon="-121.96232209">
      </trkpt>
      <trkpt lat="53.46582528" lon="-121.96261943">
      </trkpt>
      <trkpt lat="53.46544846" lon="-121.96285371">
      </trkpt>
      <trkpt lat="53.46520649" lon="-121.962967">
      </trkpt>
      <trkpt lat="53.46508323" lon="-121.96279882">
      </trkpt>
      <trkpt lat="53.4655121" lon="-121.96189339">
      </trkpt>
      <trkpt lat="53.4660965" lon="-121.96084697">
      </trkpt>
      <trkpt lat="53.46647758" lon="-121.96010814">
      </trkpt>
      <trkpt lat="53.46670434" lon="-121.95954621">
      </trkpt>
      <trkpt lat="53.46697249" lon="-121.95894427">
      </trkpt>
      <trkpt lat="53.46723484" lon="-121.95848689">
      </trkpt>
      <trkpt lat="53.46742385" lon="-121.95807261">
      </trkpt>
      <trkpt lat="53.46745824" lon="-121.95751115">
      </trkpt>
      <trkpt lat="53.46742535" lon="-121.95654207">
      </trkpt>
      <trkpt lat="53.46743508" lon="-121.95619905">
      </trkpt>
      <trkpt lat="53.46758513" lon="-121.95589652">
      </trkpt>
      <trkpt lat="53.46783227" lon="-121.95562066">
      </trkpt>
      <trkpt lat="53.46811287" lon="-121.95507148">
      </trkpt>
      <trkpt lat="53.46844247" lon="-121.95439154">
      </trkpt>
      <trkpt lat="53.468822" lon="-121.95392284">
      </trkpt>
      <trkpt lat="53.46922616" lon="-121.95323569">
      </trkpt>
      <trkpt lat="53.46954754" lon="-121.95262853">
      </trkpt>
      <trkpt lat="53.46975174" lon="-121.95203267">
      </trkpt>
      <trkpt lat="53.46987404" lon="-121.95122862">
      </trkpt>
      <trkpt lat="53.47005814" lon="-121.95067071">
      </trkpt>
      <trkpt lat="53.47034938" lon="-121.95012043">
      </trkpt>
      <trkpt lat="53.47069327" lon="-121.94954708">
      </trkpt>
      <trkpt lat="53.47100947" lon="-121.94910242">
      </trkpt>
      <trkpt lat="53.47125354" lon="-121.94873675">
      </trkpt>
      <trkpt lat="53.47156913" lon="-121.94827413">
      </trkpt>
      <trkpt lat="53.4718214" lon="-121.94783564">
      </trkpt>
      <trkpt lat="53.47210686" lon="-121.94742994">
      </trkpt>
      <trkpt lat="53.47239476" lon="-121.94709602">
      </trkpt>
      <trkpt lat="53.47261812" lon="-121.94675034">
      </trkpt>
      <trkpt lat="53.47282385" lon="-121.94651438">
      </trkpt>
      <trkpt lat="53.47313488" lon="-121.94623224">
      </trkpt>
      <trkpt lat="53.47340452" lon="-121.94599012">
      </trkpt>
      <trkpt lat="53.47366412" lon="-121.94576696">
      </trkpt>
      <trkpt lat="53.47393253" lon="-121.94548892">
      </trkpt>
      <trkpt lat="53.47419973" lon="-121.94517499">
      </trkpt>
      <trkpt lat="53.47446143" lon="-121.94469951">
      </trkpt>
      <trkpt lat="53.47459651" lon="-121.94427229">
      </trkpt>
      <trkpt lat="53.47466096" lon="-121.9436538">
      </trkpt>
      <trkpt lat="53.47468856" lon="-121.9428948">
      </trkpt>
      <trkpt lat="53.47477186" lon="-121.94220245">
      </trkpt>
      <trkpt lat="53.4749051" lon="-121.94172137">
      </trkpt>
      <trkpt lat="53.47517683" lon="-121.94122689">
      </trkpt>
      <trkpt lat="53.47540716" lon="-121.94077242">
      </trkpt>
      <trkpt lat="53.47568683" lon="-121.94051126">
      </trkpt>
      <trkpt lat="53.47606813" lon="-121.94009619">
      </trkpt>
      <trkpt lat="53.47642752" lon="-121.93966525">
      </trkpt>
      <trkpt lat="53.47680759" lon="-121.93921427">
      </trkpt>
      <trkpt lat="53.47708359" lon="-121.93884539">
      </trkpt>
      <trkpt lat="53.47730326" lon="-121.93839192">
      </trkpt>
      <trkpt lat="53.4773738" lon="-121.93795288">
      </trkpt>
      <trkpt lat="53.47736609" lon="-121.93741335">
      </trkpt>
      <trkpt lat="53.47727377" lon="-121.93690003">
      </trkpt>
      <trkpt lat="53.47715954" lon="-121.93637082">
      </trkpt>
      <trkpt lat="53.47697648" lon="-121.93570421">
      </trkpt>
      <trkpt lat="53.47692799" lon="-121.93522268">
      </trkpt>
      <trkpt lat="53.4769553" lon="-121.93476981">
      </trkpt>
      <trkpt lat="53.47711104" lon="-121.93432251">
      </trkpt>
      <trkpt lat="53.47735078" lon="-121.93383104">
      </trkpt>
      <trkpt lat="53.47754092" lon="-121.93345244">
      </trkpt>
      <trkpt lat="53.47774097" lon="-121.93242454">
      </trkpt>
      <trkpt lat="53.47801435" lon="-121.93135349">
      </trkpt>
      <trkpt lat="53.47812685" lon="-121.93089236">
      </trkpt>
      <trkpt lat="53.47828442" lon="-121.93049888">
      </trkpt>
      <trkpt lat="53.47863435" lon="-121.93010475">
      </trkpt>
      <trkpt lat="53.47910696" lon="-121.9298608">
      </trkpt>
      <trkpt lat="53.47953697" lon="-121.92962098">
      </trkpt>
      <trkpt lat="53.4799731" lon="-121.92956068">
      </trkpt>
      <trkpt lat="53.48033897" lon="-121.92963324">
      </trkpt>
      <trkpt lat="53.4807292" lon="-121.9297935">
      </trkpt>
      <trkpt lat="53.48115385" lon="-121.93002248">
      </trkpt>
      <trkpt lat="53.48148898" lon="-121.93013407">
      </trkpt>
      <trkpt lat="53.48180648" lon="-121.93035541">
      </trkpt>
      <trkpt lat="53.48211579" lon="-121.93064963">
      </trkpt>
      <trkpt lat="53.48241444" lon="-121.93094486">
      </trkpt>
      <trkpt lat="53.48275815" lon="-121.93130779">
      </trkpt>
      <trkpt lat="53.48306293" lon="-121.93178255">
      </trkpt>
      <trkpt lat="53.48336464" lon="-121.93216757">
      </trkpt>
      <trkpt lat="53.48355983" lon="-121.93256291">
      </trkpt>
      <trkpt lat="53.48372735" lon="-121.93308703">
      </trkpt>
      <trkpt lat="53.48397763" lon="-121.93353108">
      </trkpt>
      <trkpt lat="53.48430186" lon="-121.93394996">
      </trkpt>
      <trkpt lat="53.4846136" lon="-121.93431602">
      </trkpt>
      <trkpt lat="53.48493417" lon="-121.93462719">
      </trkpt>
      <trkpt lat="53.48514268" lon="-121.93478711">
      </trkpt>
      <trkpt lat="53.48551467" lon="-121.93503927">
      </trkpt>
      <trkpt lat="53.48588788" lon="-121.93532733">
      </trkpt>
      <trkpt lat="53.48633565" lon="-121.9356082">
      </trkpt>
      <trkpt lat="53.48681354" lon="-121.93583209">
      </trkpt>
      <trkpt lat="53.48726218" lon="-121.93582466">
      </trkpt>
      <trkpt lat="53.48775342" lon="-121.93581311">
      </trkpt>
      <trkpt lat="53.48817131" lon="-121.93584468">
      </trkpt>
      <trkpt lat="53.48855088" lon="-121.93600606">
      </trkpt>
      <trkpt lat="53.4889247" lon="-121.93631212">
      </trkpt>
      <trkpt lat="53.48935545" lon="-121.93672075">
      </trkpt>
      <trkpt lat="53.48987692" lon="-121.93728273">
      </trkpt>
      <trkpt lat="53.4903564" lon="-121.93786681">
      </trkpt>
      <trkpt lat="53.49079657" lon="-121.93823852">
      </trkpt>
      <trkpt lat="53.49121606" lon="-121.93863027">
      </trkpt>
      <trkpt lat="53.49162243" lon="-121.93895123">
      </trkpt>
      <trkpt lat="53.49197189" lon="-121.93916962">
      </trkpt>
      <trkpt lat="53.49232194" lon="-121.93940596">
      </trkpt>
      <trkpt lat="53.49290268" lon="-121.9395119">
      </trkpt>
      <trkpt lat="53.4933644" lon="-121.9395753">
      </trkpt>
      <trkpt lat="53.49373454" lon="-121.93977368">
      </trkpt>
      <trkpt lat="53.49397808" lon="-121.94002035">
      </trkpt>
      <trkpt lat="53.49425784" lon="-121.94038963">
      </trkpt>
      <trkpt lat="53.49460004" lon="-121.94102311">
      </trkpt>
      <trkpt lat="53.49485973" lon="-121.94143038">
      </trkpt>
      <trkpt lat="53.49513887" lon="-121.94178172">
      </trkpt>
      <trkpt lat="53.49535926" lon="-121.9419766">
      </trkpt>
      <trkpt lat="53.49573061" lon="-121.94221092">
      </trkpt>
      <trkpt lat="53.49608188" lon="-121.94248324">
      </trkpt>
      <trkpt lat="53.49641945" lon="-121.9426668">
      </trkpt>
      <trkpt lat="53.49679264" lon="-121.94295501">
      </trkpt>
      <trkpt lat="53.49718408" lon="-121.94315137">
      </trkpt>
      <trkpt lat="53.49762816" lon="-121.94332462">
      </trkpt>
      <trkpt lat="53.49802902" lon="-121.94348405">
      </trkpt>
      <trkpt lat="53.49835471" lon="-121.94363275">
      </trkpt>
      <trkpt lat="53.49878325" lon="-121.94366337">
      </trkpt>
      <trkpt lat="53.49918866" lon="-121.94364218">
      </trkpt>
      <trkpt lat="53.49947567" lon="-121.9435964">
      </trkpt>
      <trkpt lat="53.4997164" lon="-121.943447">
      </trkpt>
      <trkpt lat="53.50022039" lon="-121.94318202">
      </trkpt>
      <trkpt lat="53.50068604" lon="-121.94304689">
      </trkpt>
      <trkpt lat="53.501005" lon="-121.94299802">
      </trkpt>
      <trkpt lat="53.50130939" lon="-121.94314878">
      </trkpt>
      <trkpt lat="53.50167558" lon="-121.94354582">
      </trkpt>
      <trkpt lat="53.50199734" lon="-121.94389311">
      </trkpt>
      <trkpt lat="53.50236231" lon="-121.94425424">
      </trkpt>
      <trkpt lat="53.50276379" lon="-121.94443165">
      </trkpt>
      <trkpt lat="53.50327056" lon="-121.94456286">
      </trkpt>
      <trkpt lat="53.50387837" lon="-121.94452209">
      </trkpt>
      <trkpt lat="53.5045431" lon="-121.94458397">
      </trkpt>
      <trkpt lat="53.50525227" lon="-121.9446956">
      </trkpt>
      <trkpt lat="53.50569758" lon="-121.94490483">
      </trkpt>
      <trkpt lat="53.50611126" lon="-121.94544151">
      </trkpt>
      <trkpt lat="53.50672036" lon="-121.94606744">
      </trkpt>
      <trkpt lat="53.50692004" lon="-121.94628241">
      </trkpt>
      <trkpt lat="53.50721926" lon="-121.9465959">
      </trkpt>
      <trkpt lat="53.50767005" lon="-121.94696683">
      </trkpt>
      <trkpt lat="53.50828309" lon="-121.94739418">
      </trkpt>
      <trkpt lat="53.50895758" lon="-121.9477435">
      </trkpt>
      <trkpt lat="53.50961443" lon="-121.9482027">
      </trkpt>
      <trkpt lat="53.5101906" lon="-121.94848946">
      </trkpt>
      <trkpt lat="53.51082398" lon="-121.94857245">
      </trkpt>
      <trkpt lat="53.5114881" lon="-121.94861641">
      </trkpt>
      <trkpt lat="53.51204448" lon="-121.94863476">
      </trkpt>
      <trkpt lat="53.51255612" lon="-121.94890975">
      </trkpt>
      <trkpt lat="53.51313353" lon="-121.94923247">
      </trkpt>
      <trkpt lat="53.51365827" lon="-121.94957831">
      </trkpt>
      <trkpt lat="53.514064" lon="-121.94988159">
      </trkpt>
      <trkpt lat="53.51430113" lon="-121.95025523">
      </trkpt>
      <trkpt lat="53.51460765" lon="-121.95078438">
      </trkpt>
      <trkpt lat="53.51492728" lon="-121.95138439">
      </trkpt>
      <trkpt lat="53.51527552" lon="-121.95219795">
      </trkpt>
      <trkpt lat="53.51568736" lon="-121.9533118">
      </trkpt>
      <trkpt lat="53.51592875" lon="-121.95381123">
      </trkpt>
      <trkpt lat="53.51618899" lon="-121.95423676">
      </trkpt>
      <trkpt lat="53.51648392" lon="-121.95442459">
      </trkpt>
      <trkpt lat="53.51682298" lon="-121.9543378">
      </trkpt>
      <trkpt lat="53.51723387" lon="-121.95447842">
      </trkpt>
      <trkpt lat="53.51748314" lon="-121.95458054">
      </trkpt>
      <trkpt lat="53.51777868" lon="-121.95478636">
      </trkpt>
      <trkpt lat="53.51832045" lon="-121.95500449">
      </trkpt>
      <trkpt lat="53.51887165" lon="-121.95518566">
      </trkpt>
      <trkpt lat="53.5196289" lon="-121.95545511">
      </trkpt>
      <trkpt lat="53.52015058" lon="-121.95571123">
      </trkpt>
      <trkpt lat="53.52071547" lon="-121.95598124">
      </trkpt>
      <trkpt lat="53.52111571" lon="-121.9561229">
      </trkpt>
      <trkpt lat="53.5215059" lon="-121.95628357">
      </trkpt>
      <trkpt lat="53.52212345" lon="-121.95653048">
      </trkpt>
      <trkpt lat="53.52266399" lon="-121.9567127">
      </trkpt>
      <trkpt lat="53.52326906" lon="-121.95690673">
      </trkpt>
      <trkpt lat="53.52388295" lon="-121.95704584">
      </trkpt>
      <trkpt lat="53.52446245" lon="-121.95711616">
      </trkpt>
      <trkpt lat="53.52504256" lon="-121.95720444">
      </trkpt>
      <trkpt lat="53.52553166" lon="-121.95744574">
      </trkpt>
      <trkpt lat="53.52595108" lon="-121.957838">
      </trkpt>
      <trkpt lat="53.52632726" lon="-121.9582164">
      </trkpt>
      <trkpt lat="53.5264691" lon="-121.95861741">
      </trkpt>
      <trkpt lat="53.5268952" lon="-121.95920738">
      </trkpt>
      <trkpt lat="53.52744638" lon="-121.96001969">
      </trkpt>
      <trkpt lat="53.52780278" lon="-121.96076064">
      </trkpt>
      <trkpt lat="53.52813451" lon="-121.96172034">
      </trkpt>
      <trkpt lat="53.52840568" lon="-121.96246953">
      </trkpt>
      <trkpt lat="53.52856695" lon="-121.96344569">
      </trkpt>
      <trkpt lat="53.5286972" lon="-121.96413633">
      </trkpt>
      <trkpt lat="53.52883505" lon="-121.96473611">
      </trkpt>
      <trkpt lat="53.52894033" lon="-121.96532098">
      </trkpt>
      <trkpt lat="53.52895856" lon="-121.96586015">
      </trkpt>
      <trkpt lat="53.52889278" lon="-121.96644346">
      </trkpt>
      <trkpt lat="53.52881574" lon="-121.96700983">
      </trkpt>
      <trkpt lat="53.52870856" lon="-121.96763318">
      </trkpt>
      <trkpt lat="53.52863456" lon="-121.96828941">
      </trkpt>
      <trkpt lat="53.52865581" lon="-121.96891843">
      </trkpt>
      <trkpt lat="53.52879573" lon="-121.96989665">
      </trkpt>
      <trkpt lat="53.52886963" lon="-121.97050258">
      </trkpt>
      <trkpt lat="53.52890793" lon="-121.97100377">
      </trkpt>
      <trkpt lat="53.52878065" lon="-121.97166511">
      </trkpt>
      <trkpt lat="53.52859949" lon="-121.97231357">
      </trkpt>
      <trkpt lat="53.5284016" lon="-121.97278335">
      </trkpt>
      <trkpt lat="53.52811209" lon="-121.97338813">
      </trkpt>
      <trkpt lat="53.52797932" lon="-121.9738877">
      </trkpt>
      <trkpt lat="53.52784898" lon="-121.97445917">
      </trkpt>
      <trkpt lat="53.52763914" lon="-121.97552505">
      </trkpt>
      <trkpt lat="53.52759065" lon="-121.976305">
      </trkpt>
      <trkpt lat="53.52760787" lon="-121.97713273">
      </trkpt>
      <trkpt lat="53.52767411" lon="-121.97782954">
      </trkpt>
      <trkpt lat="53.52780124" lon="-121.97843037">
      </trkpt>
      <trkpt lat="53.52793018" lon="-121.97908511">
      </trkpt>
      <trkpt lat="53.52814312" lon="-121.97969574">
      </trkpt>
      <trkpt lat="53.52829493" lon="-121.98007785">
      </trkpt>
      <trkpt lat="53.52845522" lon="-121.98071155">
      </trkpt>
      <trkpt lat="53.5286322" lon="-121.98152398">
      </trkpt>
      <trkpt lat="53.52880192" lon="-121.98212074">
      </trkpt>
      <trkpt lat="53.52901061" lon="-121.9826056">
      </trkpt>
      <trkpt lat="53.52930695" lon="-121.98315417">
      </trkpt>
      <trkpt lat="53.52959021" lon="-121.98363189">
      </trkpt>
      <trkpt lat="53.52996716" lon="-121.98435307">
      </trkpt>
      <trkpt lat="53.5302492" lon="-121.98479485">
      </trkpt>
      <trkpt lat="53.53060823" lon="-121.98530139">
      </trkpt>
      <trkpt lat="53.53092284" lon="-121.9857581">
      </trkpt>
      <trkpt lat="53.53122981" lon="-121.9863057">
      </trkpt>
      <trkpt lat="53.53149599" lon="-121.98691132">
      </trkpt>
      <trkpt lat="53.53174909" lon="-121.98744607">
      </trkpt>
      <trkpt lat="53.53195957" lon="-121.98798489">
      </trkpt>
      <trkpt lat="53.53214051" lon="-121.98859869">
      </trkpt>
      <trkpt lat="53.53231563" lon="-121.9893573">
      </trkpt>
      <trkpt lat="53.53251727" lon="-121.98995108">
      </trkpt>
      <trkpt lat="53.53277096" lon="-121.99050383">
      </trkpt>
      <trkpt lat="53.53296013" lon="-121.99104474">
      </trkpt>
      <trkpt lat="53.5331109" lon="-121.99171554">
      </trkpt>
      <trkpt lat="53.53327876" lon="-121.99225848">
      </trkpt>
      <trkpt lat="53.53355595" lon="-121.99255655">
      </trkpt>
      <trkpt lat="53.53386147" lon="-121.99274373">
      </trkpt>
      <trkpt lat="53.53427291" lon="-121.99290275">
      </trkpt>
      <trkpt lat="53.53465119" lon="-121.99302887">
      </trkpt>
      <trkpt lat="53.53483712" lon="-121.99315535">
      </trkpt>
      <trkpt lat="53.53531067" lon="-121.99325434">
      </trkpt>
      <trkpt lat="53.53574221" lon="-121.99337539">
      </trkpt>
      <trkpt lat="53.53611527" lon="-121.99366432">
      </trkpt>
      <trkpt lat="53.53637296" lon="-121.9940184">
      </trkpt>
      <trkpt lat="53.53671668" lon="-121.99470689">
      </trkpt>
      <trkpt lat="53.53706039" lon="-121.99539538">
      </trkpt>
      <trkpt lat="53.53737215" lon="-121.99608695">
      </trkpt>
      <trkpt lat="53.53779625" lon="-121.99662352">
      </trkpt>
      <trkpt lat="53.53817815" lon="-121.99685754">
      </trkpt>
      <trkpt lat="53.53868666" lon="-121.99704341">
      </trkpt>
      <trkpt lat="53.53926975" lon="-121.99722217">
      </trkpt>
      <trkpt lat="53.53984098" lon="-121.99736599">
      </trkpt>
      <trkpt lat="53.54043412" lon="-121.99752575">
      </trkpt>
      <trkpt lat="53.54112555" lon="-121.99774828">
      </trkpt>
      <trkpt lat="53.54160271" lon="-121.9979552">
      </trkpt>
      <trkpt lat="53.54223383" lon="-121.99829172">
      </trkpt>
      <trkpt lat="53.54264527" lon="-121.99845082">
      </trkpt>
      <trkpt lat="53.54293893" lon="-121.99860314">
      </trkpt>
      <trkpt lat="53.54324383" lon="-121.99877242">
      </trkpt>
      <trkpt lat="53.54373627" lon="-121.99879754">
      </trkpt>
      <trkpt lat="53.5442476" lon="-121.99874871">
      </trkpt>
      <trkpt lat="53.54461341" lon="-121.998822">
      </trkpt>
      <trkpt lat="53.54504857" lon="-121.99905099">
      </trkpt>
      <trkpt lat="53.54555486" lon="-121.99948966">
      </trkpt>
      <trkpt lat="53.54602217" lon="-122.00004028">
      </trkpt>
      <trkpt lat="53.54636324" lon="-122.00033239">
      </trkpt>
      <trkpt lat="53.54686009" lon="-122.00080808">
      </trkpt>
      <trkpt lat="53.54729543" lon="-122.00136177">
      </trkpt>
      <trkpt lat="53.54770645" lon="-122.00182762">
      </trkpt>
      <trkpt lat="53.54815364" lon="-122.00241629">
      </trkpt>
      <trkpt lat="53.54857308" lon="-122.00313388">
      </trkpt>
      <trkpt lat="53.54885927" lon="-122.00370186">
      </trkpt>
      <trkpt lat="53.54922887" lon="-122.00420778">
      </trkpt>
      <trkpt lat="53.54953978" lon="-122.00455694">
      </trkpt>
      <trkpt lat="53.54993292" lon="-122.00480807">
      </trkpt>
      <trkpt lat="53.55024967" lon="-122.00501237">
      </trkpt>
      <trkpt lat="53.55054211" lon="-122.0051288">
      </trkpt>
      <trkpt lat="53.55083515" lon="-122.00526322">
      </trkpt>
      <trkpt lat="53.55111634" lon="-122.00536268">
      </trkpt>
      <trkpt lat="53.5515129" lon="-122.00539703">
      </trkpt>
      <trkpt lat="53.55197218" lon="-122.00538931">
      </trkpt>
      <trkpt lat="53.55241538" lon="-122.00522076">
      </trkpt>
      <trkpt lat="53.55284131" lon="-122.00485542">
      </trkpt>
      <trkpt lat="53.55322343" lon="-122.00445817">
      </trkpt>
      <trkpt lat="53.5537179" lon="-122.00390586">
      </trkpt>
      <trkpt lat="53.55408756" lon="-122.00345566">
      </trkpt>
      <trkpt lat="53.55448694" lon="-122.00325518">
      </trkpt>
      <trkpt lat="53.55487749" lon="-122.00310967">
      </trkpt>
      <trkpt lat="53.55530179" lon="-122.00301505">
      </trkpt>
      <trkpt lat="53.55566398" lon="-122.00298049">
      </trkpt>
      <trkpt lat="53.55613391" lon="-122.00297175">
      </trkpt>
      <trkpt lat="53.55644645" lon="-122.00305016">
      </trkpt>
      <trkpt lat="53.5567809" lon="-122.00314455">
      </trkpt>
      <trkpt lat="53.55723073" lon="-122.00317379">
      </trkpt>
      <trkpt lat="53.55760478" lon="-122.0031742">
      </trkpt>
      <trkpt lat="53.55785219" lon="-122.00322275">
      </trkpt>
      <trkpt lat="53.55851748" lon="-122.00330361">
      </trkpt>
      <trkpt lat="53.55889394" lon="-122.00337595">
      </trkpt>
      <trkpt lat="53.55939883" lon="-122.00345407">
      </trkpt>
      <trkpt lat="53.5598173" lon="-122.00350435">
      </trkpt>
      <trkpt lat="53.56022391" lon="-122.00351969">
      </trkpt>
      <trkpt lat="53.56062348" lon="-122.00364396">
      </trkpt>
      <trkpt lat="53.56098808" lon="-122.00368134">
      </trkpt>
      <trkpt lat="53.56136333" lon="-122.00371772">
      </trkpt>
      <trkpt lat="53.56173016" lon="-122.00350228">
      </trkpt>
      <trkpt lat="53.56205799" lon="-122.00339881">
      </trkpt>
      <trkpt lat="53.56254439" lon="-122.00324412">
      </trkpt>
      <trkpt lat="53.5629486" lon="-122.00318751">
      </trkpt>
      <trkpt lat="53.56344747" lon="-122.00308577">
      </trkpt>
      <trkpt lat="53.56381972" lon="-122.00303219">
      </trkpt>
      <trkpt lat="53.56434531" lon="-122.0030903">
      </trkpt>
      <trkpt lat="53.56471352" lon="-122.00323561">
      </trkpt>
      <trkpt lat="53.56503913" lon="-122.00338501">
      </trkpt>
      <trkpt lat="53.5653808" lon="-122.00369526">
      </trkpt>
      <trkpt lat="53.56584326" lon="-122.00410228">
      </trkpt>
      <trkpt lat="53.566279" lon="-122.00434944">
      </trkpt>
      <trkpt lat="53.5667278" lon="-122.00466756">
      </trkpt>
      <trkpt lat="53.56722685" lon="-122.00489064">
      </trkpt>
      <trkpt lat="53.56763828" lon="-122.0050499">
      </trkpt>
      <trkpt lat="53.56802195" lon="-122.00533814">
      </trkpt>
      <trkpt lat="53.56838072" lon="-122.00552049">
      </trkpt>
      <trkpt lat="53.56897323" lon="-122.00566249">
      </trkpt>
      <trkpt lat="53.56948516" lon="-122.00563169">
      </trkpt>
      <trkpt lat="53.56998705" lon="-122.00561993">
      </trkpt>
      <trkpt lat="53.57040791" lon="-122.0057422">
      </trkpt>
      <trkpt lat="53.57079984" lon="-122.00595749">
      </trkpt>
      <trkpt lat="53.57115498" lon="-122.00603191">
      </trkpt>
      <trkpt lat="53.57163616" lon="-122.00604016">
      </trkpt>
      <trkpt lat="53.5720468" lon="-122.0058566">
      </trkpt>
      <trkpt lat="53.57244619" lon="-122.00565606">
      </trkpt>
      <trkpt lat="53.57315734" lon="-122.00519113">
      </trkpt>
      <trkpt lat="53.5735294" lon="-122.0048127">
      </trkpt>
      <trkpt lat="53.57379494" lon="-122.00444442">
      </trkpt>
      <trkpt lat="53.57393323" lon="-122.00410633">
      </trkpt>
      <trkpt lat="53.57416019" lon="-122.00354318">
      </trkpt>
      <trkpt lat="53.57440863" lon="-122.00330288">
      </trkpt>
      <trkpt lat="53.57477545" lon="-122.00308735">
      </trkpt>
      <trkpt lat="53.57515593" lon="-122.00296078">
      </trkpt>
      <trkpt lat="53.57580093" lon="-122.0027548">
      </trkpt>
      <trkpt lat="53.57637257" lon="-122.00259193">
      </trkpt>
      <trkpt lat="53.57689032" lon="-122.00241613">
      </trkpt>
      <trkpt lat="53.57732708" lon="-122.00237443">
      </trkpt>
      <trkpt lat="53.57767158" lon="-122.00244984">
      </trkpt>
      <trkpt lat="53.57807074" lon="-122.00288106">
      </trkpt>
      <trkpt lat="53.57844617" lon="-122.00324235">
      </trkpt>
      <trkpt lat="53.57895666" lon="-122.00380737">
      </trkpt>
      <trkpt lat="53.5793546" lon="-122.00420263">
      </trkpt>
      <trkpt lat="53.57966431" lon="-122.00451605">
      </trkpt>
      <trkpt lat="53.57997884" lon="-122.00497344">
      </trkpt>
      <trkpt lat="53.58031165" lon="-122.00533884">
      </trkpt>
      <trkpt lat="53.58065092" lon="-122.00557726">
      </trkpt>
      <trkpt lat="53.58084077" lon="-122.00551297">
      </trkpt>
      <trkpt lat="53.58097067" lon="-122.00566907">
      </trkpt>
      <trkpt lat="53.58124095" lon="-122.00579773">
      </trkpt>
      <trkpt lat="53.5816585" lon="-122.00585617">
      </trkpt>
      <trkpt lat="53.5820562" lon="-122.00581823">
      </trkpt>
      <trkpt lat="53.58251831" lon="-122.00571797">
      </trkpt>
      <trkpt lat="53.58301029" lon="-122.00551658">
      </trkpt>
      <trkpt lat="53.58337751" lon="-122.00531303">
      </trkpt>
      <trkpt lat="53.58373599" lon="-122.00509628">
      </trkpt>
      <trkpt lat="53.58399737" lon="-122.00495899">
      </trkpt>
      <trkpt lat="53.58423109" lon="-122.00474011">
      </trkpt>
      <trkpt lat="53.58459958" lon="-122.0043258">
      </trkpt>
      <trkpt lat="53.58496072" lon="-122.00394028">
      </trkpt>
      <trkpt lat="53.58519992" lon="-122.00363659">
      </trkpt>
      <trkpt lat="53.58551321" lon="-122.00331179">
      </trkpt>
      <trkpt lat="53.58575616" lon="-122.00312008">
      </trkpt>
      <trkpt lat="53.5860438" lon="-122.0030224">
      </trkpt>
      <trkpt lat="53.58631361" lon="-122.00313705">
      </trkpt>
      <trkpt lat="53.5865076" lon="-122.00346961">
      </trkpt>
      <trkpt lat="53.58668047" lon="-122.00391651">
      </trkpt>
      <trkpt lat="53.58677424" lon="-122.00448332">
      </trkpt>
      <trkpt lat="53.58689192" lon="-122.00501975">
      </trkpt>
      <trkpt lat="53.58708416" lon="-122.00554908">
      </trkpt>
      <trkpt lat="53.58739381" lon="-122.00610933">
      </trkpt>
      <trkpt lat="53.58762374" lon="-122.00652273">
      </trkpt>
      <trkpt lat="53.58792822" lon="-122.00692902">
      </trkpt>
      <trkpt lat="53.58820238" lon="-122.00742246">
      </trkpt>
      <trkpt lat="53.58848656" lon="-122.00771835">
      </trkpt>
      <trkpt lat="53.58880388" lon="-122.00801108">
      </trkpt>
      <trkpt lat="53.58910916" lon="-122.00819262">
      </trkpt>
      <trkpt lat="53.58939194" lon="-122.00844653">
      </trkpt>
      <trkpt lat="53.58958985" lon="-122.00839957">
      </trkpt>
      <trkpt lat="53.58993048" lon="-122.00839517">
      </trkpt>
      <trkpt lat="53.59036741" lon="-122.00853606">
      </trkpt>
      <trkpt lat="53.59076838" lon="-122.00859614">
      </trkpt>
      <trkpt lat="53.59116294" lon="-122.00871299">
      </trkpt>
      <trkpt lat="53.59148981" lon="-122.00879418">
      </trkpt>
      <trkpt lat="53.59193361" lon="-122.00889229">
      </trkpt>
      <trkpt lat="53.59235756" lon="-122.008894">
      </trkpt>
      <trkpt lat="53.59270929" lon="-122.00897281">
      </trkpt>
      <trkpt lat="53.59298551" lon="-122.00903074">
      </trkpt>
      <trkpt lat="53.59330911" lon="-122.00901393">
      </trkpt>
      <trkpt lat="53.59369712" lon="-122.00893479">
      </trkpt>
      <trkpt lat="53.59394708" lon="-122.00895309">
      </trkpt>
      <trkpt lat="53.5942169" lon="-122.0090678">
      </trkpt>
      <trkpt lat="53.59445777" lon="-122.0093117">
      </trkpt>
      <trkpt lat="53.59483822" lon="-122.00975295">
      </trkpt>
      <trkpt lat="53.59512613" lon="-122.01016092">
      </trkpt>
      <trkpt lat="53.5953795" lon="-122.01053004">
      </trkpt>
      <trkpt lat="53.59565584" lon="-122.01084079">
      </trkpt>
      <trkpt lat="53.59601926" lon="-122.01126967">
      </trkpt>
      <trkpt lat="53.59645128" lon="-122.01176223">
      </trkpt>
      <trkpt lat="53.59692987" lon="-122.01240488">
      </trkpt>
      <trkpt lat="53.59735455" lon="-122.01292626">
      </trkpt>
      <trkpt lat="53.59779578" lon="-122.01344608">
      </trkpt>
      <trkpt lat="53.59814307" lon="-122.01389057">
      </trkpt>
      <trkpt lat="53.59853728" lon="-122.01424632">
      </trkpt>
      <trkpt lat="53.59897572" lon="-122.01468216">
      </trkpt>
      <trkpt lat="53.59932895" lon="-122.01505587">
      </trkpt>
      <trkpt lat="53.59978162" lon="-122.01542012">
      </trkpt>
      <trkpt lat="53.60014816" lon="-122.01569426">
      </trkpt>
      <trkpt lat="53.60049124" lon="-122.01601278">
      </trkpt>
      <trkpt lat="53.60072289" lon="-122.01622952">
      </trkpt>
      <trkpt lat="53.60100436" lon="-122.01669439">
      </trkpt>
      <trkpt lat="53.60122001" lon="-122.01717957">
      </trkpt>
      <trkpt lat="53.60135514" lon="-122.01774266">
      </trkpt>
      <trkpt lat="53.60144568" lon="-122.01846451">
      </trkpt>
      <trkpt lat="53.601555" lon="-122.01900197">
      </trkpt>
      <trkpt lat="53.60179712" lon="-122.0200325">
      </trkpt>
      <trkpt lat="53.60199815" lon="-122.02082816">
      </trkpt>
      <trkpt lat="53.60214621" lon="-122.02153051">
      </trkpt>
      <trkpt lat="53.60226615" lon="-122.02213721">
      </trkpt>
      <trkpt lat="53.60248002" lon="-122.02281927">
      </trkpt>
      <trkpt lat="53.60265105" lon="-122.02346326">
      </trkpt>
      <trkpt lat="53.60284647" lon="-122.0240909">
      </trkpt>
      <trkpt lat="53.60305334" lon="-122.02456293">
      </trkpt>
      <trkpt lat="53.6032805" lon="-122.02514542">
      </trkpt>
      <trkpt lat="53.60350217" lon="-122.02581272">
      </trkpt>
      <trkpt lat="53.60369851" lon="-122.02646838">
      </trkpt>
      <trkpt lat="53.60384747" lon="-122.02719879">
      </trkpt>
      <trkpt lat="53.60394475" lon="-122.02762506">
      </trkpt>
      <trkpt lat="53.60405907" lon="-122.02806375">
      </trkpt>
      <trkpt lat="53.60424712" lon="-122.02872022">
      </trkpt>
      <trkpt lat="53.60466082" lon="-122.02966435">
      </trkpt>
      <trkpt lat="53.60493077" lon="-122.03028497">
      </trkpt>
      <trkpt lat="53.60513305" lon="-122.03086987">
      </trkpt>
      <trkpt lat="53.60527408" lon="-122.03136224">
      </trkpt>
      <trkpt lat="53.60535532" lon="-122.03205698">
      </trkpt>
      <trkpt lat="53.60540853" lon="-122.0329089">
      </trkpt>
      <trkpt lat="53.60544238" lon="-122.03367838">
      </trkpt>
      <trkpt lat="53.60555815" lon="-122.03441198">
      </trkpt>
      <trkpt lat="53.60569559" lon="-122.03529808">
      </trkpt>
      <trkpt lat="53.60584681" lon="-122.03609858">
      </trkpt>
      <trkpt lat="53.60600996" lon="-122.03675747">
      </trkpt>
      <trkpt lat="53.60616017" lon="-122.0372771">
      </trkpt>
      <trkpt lat="53.60640656" lon="-122.03768928">
      </trkpt>
      <trkpt lat="53.60664327" lon="-122.03806025">
      </trkpt>
      <trkpt lat="53.6070429" lon="-122.03833149">
      </trkpt>
      <trkpt lat="53.6075332" lon="-122.0385801">
      </trkpt>
      <trkpt lat="53.60813029" lon="-122.03879049">
      </trkpt>
      <trkpt lat="53.60863114" lon="-122.03885547">
      </trkpt>
      <trkpt lat="53.60910666" lon="-122.03890879">
      </trkpt>
      <trkpt lat="53.60956886" lon="-122.03906174">
      </trkpt>
      <trkpt lat="53.61012267" lon="-122.03922004">
      </trkpt>
      <trkpt lat="53.61034088" lon="-122.0392837">
      </trkpt>
      <trkpt lat="53.61059129" lon="-122.03931619">
      </trkpt>
      <trkpt lat="53.61087533" lon="-122.03935954">
      </trkpt>
      <trkpt lat="53.61118328" lon="-122.03937254">
      </trkpt>
      <trkpt lat="53.61144796" lon="-122.03933343">
      </trkpt>
      <trkpt lat="53.61171123" lon="-122.0392523">
      </trkpt>
      <trkpt lat="53.61210429" lon="-122.03907457">
      </trkpt>
      <trkpt lat="53.61234915" lon="-122.03893898">
      </trkpt>
      <trkpt lat="53.61262297" lon="-122.03867418">
      </trkpt>
      <trkpt lat="53.61284707" lon="-122.0384141">
      </trkpt>
      <trkpt lat="53.61312825" lon="-122.03812049">
      </trkpt>
      <trkpt lat="53.61338456" lon="-122.03782924">
      </trkpt>
      <trkpt lat="53.61365334" lon="-122.03766325">
      </trkpt>
      <trkpt lat="53.61398058" lon="-122.0375058">
      </trkpt>
      <trkpt lat="53.61426872" lon="-122.0374223">
      </trkpt>
      <trkpt lat="53.61463142" lon="-122.03733173">
      </trkpt>
      <trkpt lat="53.61495548" lon="-122.03732914">
      </trkpt>
      <trkpt lat="53.61527126" lon="-122.03732732">
      </trkpt>
      <trkpt lat="53.61559075" lon="-122.03743757">
      </trkpt>
      <trkpt lat="53.61576157" lon="-122.03757597">
      </trkpt>
      <trkpt lat="53.61593882" lon="-122.03765754">
      </trkpt>
      <trkpt lat="53.61614324" lon="-122.03780681">
      </trkpt>
      <trkpt lat="53.61645722" lon="-122.03800189">
      </trkpt>
      <trkpt lat="53.61677029" lon="-122.03816898">
      </trkpt>
      <trkpt lat="53.61713399" lon="-122.03835938">
      </trkpt>
      <trkpt lat="53.61742405" lon="-122.03858484">
      </trkpt>
      <trkpt lat="53.61769847" lon="-122.03883991">
      </trkpt>
      <trkpt lat="53.61791721" lon="-122.03917051">
      </trkpt>
      <trkpt lat="53.61811249" lon="-122.03954551">
      </trkpt>
      <trkpt lat="53.61829628" lon="-122.04007617">
      </trkpt>
      <trkpt lat="53.61852703" lon="-122.04051808">
      </trkpt>
      <trkpt lat="53.61877108" lon="-122.04086036">
      </trkpt>
      <trkpt lat="53.61909798" lon="-122.04119479">
      </trkpt>
      <trkpt lat="53.6193724" lon="-122.04144989">
      </trkpt>
      <trkpt lat="53.61966523" lon="-122.04175945">
      </trkpt>
      <trkpt lat="53.61997186" lon="-122.0419834">
      </trkpt>
      <trkpt lat="53.62034564" lon="-122.04197613">
      </trkpt>
      <trkpt lat="53.6207438" lon="-122.0419525">
      </trkpt>
      <trkpt lat="53.62108119" lon="-122.04185031">
      </trkpt>
      <trkpt lat="53.62130947" lon="-122.04171626">
      </trkpt>
      <trkpt lat="53.62149129" lon="-122.041685">
      </trkpt>
      <trkpt lat="53.62199532" lon="-122.04159513">
      </trkpt>
      <trkpt lat="53.62252558" lon="-122.04154494">
      </trkpt>
      <trkpt lat="53.62287497" lon="-122.04155404">
      </trkpt>
      <trkpt lat="53.62330402" lon="-122.0417102">
      </trkpt>
      <trkpt lat="53.62370914" lon="-122.04189673">
      </trkpt>
      <trkpt lat="53.62410599" lon="-122.04208404">
      </trkpt>
      <trkpt lat="53.62452218" lon="-122.04235386">
      </trkpt>
      <trkpt lat="53.62481362" lon="-122.04262144">
      </trkpt>
      <trkpt lat="53.6252874" lon="-122.04312476">
      </trkpt>
      <trkpt lat="53.62557287" lon="-122.04346319">
      </trkpt>
      <trkpt lat="53.62591449" lon="-122.04374009">
      </trkpt>
      <trkpt lat="53.62623218" lon="-122.04404737">
      </trkpt>
      <trkpt lat="53.62658208" lon="-122.04432349">
      </trkpt>
      <trkpt lat="53.62687352" lon="-122.0445911">
      </trkpt>
      <trkpt lat="53.6270522" lon="-122.04496776">
      </trkpt>
      <trkpt lat="53.62728246" lon="-122.04539577">
      </trkpt>
      <trkpt lat="53.62745656" lon="-122.04588532">
      </trkpt>
      <trkpt lat="53.62767718" lon="-122.0465251">
      </trkpt>
      <trkpt lat="53.62795395" lon="-122.04710335">
      </trkpt>
      <trkpt lat="53.62826704" lon="-122.04752354">
      </trkpt>
      <trkpt lat="53.62865749" lon="-122.04802078">
      </trkpt>
      <trkpt lat="53.62885454" lon="-122.04819896">
      </trkpt>
      <trkpt lat="53.62902956" lon="-122.04832317">
      </trkpt>
      <trkpt lat="53.62949412" lon="-122.04924301">
      </trkpt>
      <trkpt lat="53.63001205" lon="-122.05034142">
      </trkpt>
      <trkpt lat="53.63039203" lon="-122.05116604">
      </trkpt>
      <trkpt lat="53.63075547" lon="-122.05190044">
      </trkpt>
      <trkpt lat="53.63104901" lon="-122.05257262">
      </trkpt>
      <trkpt lat="53.63128244" lon="-122.05327342">
      </trkpt>
      <trkpt lat="53.63142158" lon="-122.05420113">
      </trkpt>
      <trkpt lat="53.63147502" lon="-122.05479272">
      </trkpt>
      <trkpt lat="53.63147661" lon="-122.05545804">
      </trkpt>
      <trkpt lat="53.63135232" lon="-122.05600903">
      </trkpt>
      <trkpt lat="53.63098945" lon="-122.05652515">
      </trkpt>
      <trkpt lat="53.63069533" lon="-122.0570692">
      </trkpt>
      <trkpt lat="53.63048347" lon="-122.05743339">
      </trkpt>
      <trkpt lat="53.63026677" lon="-122.05826842">
      </trkpt>
      <trkpt lat="53.63001139" lon="-122.05937099">
      </trkpt>
      <trkpt lat="53.62980974" lon="-122.060457">
      </trkpt>
      <trkpt lat="53.62961708" lon="-122.06140448">
      </trkpt>
      <trkpt lat="53.62949727" lon="-122.06188617">
      </trkpt>
      <trkpt lat="53.62932262" lon="-122.0627631">
      </trkpt>
      <trkpt lat="53.62920093" lon="-122.06339409">
      </trkpt>
      <trkpt lat="53.62911117" lon="-122.06396472">
      </trkpt>
      <trkpt lat="53.62905183" lon="-122.06442923">
      </trkpt>
      <trkpt lat="53.62905901" lon="-122.06505957">
      </trkpt>
      <trkpt lat="53.62915409" lon="-122.06568164">
      </trkpt>
      <trkpt lat="53.62944682" lon="-122.06674403">
      </trkpt>
      <trkpt lat="53.62969295" lon="-122.06762725">
      </trkpt>
      <trkpt lat="53.62987631" lon="-122.06825251">
      </trkpt>
      <trkpt lat="53.63002586" lon="-122.06888095">
      </trkpt>
      <trkpt lat="53.63054361" lon="-122.07039264">
      </trkpt>
      <trkpt lat="53.63120674" lon="-122.07220051">
      </trkpt>
      <trkpt lat="53.63153661" lon="-122.07315625">
      </trkpt>
      <trkpt lat="53.63185031" lon="-122.0740332">
      </trkpt>
      <trkpt lat="53.63210728" lon="-122.07483518">
      </trkpt>
      <trkpt lat="53.63238491" lon="-122.0756467">
      </trkpt>
      <trkpt lat="53.63262459" lon="-122.07633559">
      </trkpt>
      <trkpt lat="53.63285037" lon="-122.07680777">
      </trkpt>
      <trkpt lat="53.63326963" lon="-122.07738803">
      </trkpt>
      <trkpt lat="53.63363969" lon="-122.07791555">
      </trkpt>
      <trkpt lat="53.63400936" lon="-122.07843164">
      </trkpt>
      <trkpt lat="53.63427196" lon="-122.07878566">
      </trkpt>
      <trkpt lat="53.63445041" lon="-122.07905578">
      </trkpt>
      <trkpt lat="53.6347765" lon="-122.07948417">
      </trkpt>
      <trkpt lat="53.63512438" lon="-122.07995642">
      </trkpt>
      <trkpt lat="53.63541553" lon="-122.08035369">
      </trkpt>
      <trkpt lat="53.63564843" lon="-122.08083673">
      </trkpt>
      <trkpt lat="53.63584712" lon="-122.08151807">
      </trkpt>
      <trkpt lat="53.63599245" lon="-122.0824339">
      </trkpt>
      <trkpt lat="53.63625872" lon="-122.083522">
      </trkpt>
      <trkpt lat="53.63641041" lon="-122.08442577">
      </trkpt>
      <trkpt lat="53.63655798" lon="-122.08520372">
      </trkpt>
      <trkpt lat="53.63674727" lon="-122.08580564">
      </trkpt>
      <trkpt lat="53.63705002" lon="-122.08635104">
      </trkpt>
      <trkpt lat="53.63736631" lon="-122.08689519">
      </trkpt>
      <trkpt lat="53.63770587" lon="-122.08752896">
      </trkpt>
      <trkpt lat="53.63794439" lon="-122.08797713">
      </trkpt>
      <trkpt lat="53.63807017" lon="-122.08850469">
      </trkpt>
      <trkpt lat="53.63822073" lon="-122.08916765">
      </trkpt>
      <trkpt lat="53.63836566" lon="-122.08986556">
      </trkpt>
      <trkpt lat="53.63854027" lon="-122.09043447">
      </trkpt>
      <trkpt lat="53.63879043" lon="-122.09082419">
      </trkpt>
      <trkpt lat="53.63907217" lon="-122.09114211">
      </trkpt>
      <trkpt lat="53.63928066" lon="-122.09129475">
      </trkpt>
      <trkpt lat="53.63995767" lon="-122.09146096">
      </trkpt>
      <trkpt lat="53.64053211" lon="-122.09160234">
      </trkpt>
      <trkpt lat="53.6409961" lon="-122.0916852">
      </trkpt>
      <trkpt lat="53.64146611" lon="-122.09174454">
      </trkpt>
      <trkpt lat="53.64192857" lon="-122.09198822">
      </trkpt>
      <trkpt lat="53.64214831" lon="-122.09227753">
      </trkpt>
      <trkpt lat="53.64234814" lon="-122.09258018">
      </trkpt>
      <trkpt lat="53.64260576" lon="-122.09319879">
      </trkpt>
      <trkpt lat="53.64276045" lon="-122.0937811">
      </trkpt>
      <trkpt lat="53.64294144" lon="-122.09433802">
      </trkpt>
      <trkpt lat="53.64314645" lon="-122.09500746">
      </trkpt>
      <trkpt lat="53.64340709" lon="-122.09551104">
      </trkpt>
      <trkpt lat="53.64370416" lon="-122.09609156">
      </trkpt>
      <trkpt lat="53.6439265" lon="-122.096461">
      </trkpt>
      <trkpt lat="53.64424535" lon="-122.0970854">
      </trkpt>
      <trkpt lat="53.64476741" lon="-122.09790891">
      </trkpt>
      <trkpt lat="53.64502277" lon="-122.09845892">
      </trkpt>
      <trkpt lat="53.64516502" lon="-122.09907688">
      </trkpt>
      <trkpt lat="53.64518288" lon="-122.0998327">
      </trkpt>
      <trkpt lat="53.64512139" lon="-122.1008599">
      </trkpt>
      <trkpt lat="53.64505345" lon="-122.10210575">
      </trkpt>
      <trkpt lat="53.64496328" lon="-122.10350288">
      </trkpt>
      <trkpt lat="53.64491304" lon="-122.10446016">
      </trkpt>
      <trkpt lat="53.64485146" lon="-122.10569393">
      </trkpt>
      <trkpt lat="53.64481963" lon="-122.10659209">
      </trkpt>
      <trkpt lat="53.64476224" lon="-122.10753855">
      </trkpt>
      <trkpt lat="53.64479624" lon="-122.1081666">
      </trkpt>
      <trkpt lat="53.64488782" lon="-122.10847943">
      </trkpt>
      <trkpt lat="53.64501308" lon="-122.1092023">
      </trkpt>
      <trkpt lat="53.64526491" lon="-122.11006258">
      </trkpt>
      <trkpt lat="53.64538829" lon="-122.11072825">
      </trkpt>
      <trkpt lat="53.64547527" lon="-122.11131696">
      </trkpt>
      <trkpt lat="53.64549118" lon="-122.11201558">
      </trkpt>
      <trkpt lat="53.64551044" lon="-122.11281719">
      </trkpt>
      <trkpt lat="53.64551581" lon="-122.1136086">
      </trkpt>
      <trkpt lat="53.64548162" lon="-122.11464472">
      </trkpt>
      <trkpt lat="53.64548867" lon="-122.11590653">
      </trkpt>
      <trkpt lat="53.64546419" lon="-122.11703356">
      </trkpt>
      <trkpt lat="53.64543876" lon="-122.11771306">
      </trkpt>
      <trkpt lat="53.64551765" lon="-122.11868128">
      </trkpt>
      <trkpt lat="53.64572912" lon="-122.11976345">
      </trkpt>
      <trkpt lat="53.64605176" lon="-122.12092711">
      </trkpt>
      <trkpt lat="53.64636993" lon="-122.12195348">
      </trkpt>
      <trkpt lat="53.6465759" lon="-122.12265745">
      </trkpt>
      <trkpt lat="53.64670227" lon="-122.1232081">
      </trkpt>
      <trkpt lat="53.64690795" lon="-122.12369404">
      </trkpt>
      <trkpt lat="53.64709602" lon="-122.12405535">
      </trkpt>
      <trkpt lat="53.64731717" lon="-122.12439064">
      </trkpt>
      <trkpt lat="53.64765514" lon="-122.1247725">
      </trkpt>
      <trkpt lat="53.64801608" lon="-122.12502597">
      </trkpt>
      <trkpt lat="53.64842058" lon="-122.12536724">
      </trkpt>
      <trkpt lat="53.64882506" lon="-122.12570851">
      </trkpt>
      <trkpt lat="53.64920028" lon="-122.12598363">
      </trkpt>
      <trkpt lat="53.64958975" lon="-122.1262804">
      </trkpt>
      <trkpt lat="53.649865" lon="-122.12661071">
      </trkpt>
      <trkpt lat="53.65009475" lon="-122.12700263">
      </trkpt>
      <trkpt lat="53.65024816" lon="-122.12755084">
      </trkpt>
      <trkpt lat="53.65043983" lon="-122.12823326">
      </trkpt>
      <trkpt lat="53.65062657" lon="-122.12897353">
      </trkpt>
      <trkpt lat="53.65091234" lon="-122.13004899">
      </trkpt>
      <trkpt lat="53.65127535" lon="-122.13141574">
      </trkpt>
      <trkpt lat="53.65162725" lon="-122.13243921">
      </trkpt>
      <trkpt lat="53.65195267" lon="-122.13306337">
      </trkpt>
      <trkpt lat="53.65232839" lon="-122.13377472">
      </trkpt>
      <trkpt lat="53.65265676" lon="-122.13449046">
      </trkpt>
      <trkpt lat="53.65306629" lon="-122.13519873">
      </trkpt>
      <trkpt lat="53.65336575" lon="-122.13585977">
      </trkpt>
      <trkpt lat="53.65352773" lon="-122.13646467">
      </trkpt>
      <trkpt lat="53.65358297" lon="-122.13712534">
      </trkpt>
      <trkpt lat="53.65354623" lon="-122.13766825">
      </trkpt>
      <trkpt lat="53.65345083" lon="-122.13828546">
      </trkpt>
      <trkpt lat="53.65327956" lon="-122.13886376">
      </trkpt>
      <trkpt lat="53.65311504" lon="-122.13944141">
      </trkpt>
      <trkpt lat="53.6530114" lon="-122.14001346">
      </trkpt>
      <trkpt lat="53.65300722" lon="-122.14072554">
      </trkpt>
      <trkpt lat="53.6531072" lon="-122.14130172">
      </trkpt>
      <trkpt lat="53.6533492" lon="-122.1418648">
      </trkpt>
      <trkpt lat="53.65373262" lon="-122.14218527">
      </trkpt>
      <trkpt lat="53.65428326" lon="-122.14243289">
      </trkpt>
      <trkpt lat="53.65474783" lon="-122.14274586">
      </trkpt>
      <trkpt lat="53.65514821" lon="-122.14296146">
      </trkpt>
      <trkpt lat="53.65543362" lon="-122.14318766">
      </trkpt>
      <trkpt lat="53.65590064" lon="-122.14378742">
      </trkpt>
      <trkpt lat="53.65643714" lon="-122.14443818">
      </trkpt>
      <trkpt lat="53.65683099" lon="-122.14487252">
      </trkpt>
      <trkpt lat="53.65719103" lon="-122.14530997">
      </trkpt>
      <trkpt lat="53.65761267" lon="-122.14576473">
      </trkpt>
      <trkpt lat="53.65794123" lon="-122.14606735">
      </trkpt>
      <trkpt lat="53.65826992" lon="-122.14616332">
      </trkpt>
      <trkpt lat="53.65866255" lon="-122.14613859">
      </trkpt>
      <trkpt lat="53.65893468" lon="-122.14595276">
      </trkpt>
      <trkpt lat="53.65925981" lon="-122.14572761">
      </trkpt>
      <trkpt lat="53.65945755" lon="-122.14554864">
      </trkpt>
      <trkpt lat="53.65967557" lon="-122.1453678">
      </trkpt>
      <trkpt lat="53.66009735" lon="-122.14498446">
      </trkpt>
      <trkpt lat="53.6604199" lon="-122.14467917">
      </trkpt>
      <trkpt lat="53.66074158" lon="-122.14455764">
      </trkpt>
      <trkpt lat="53.66100535" lon="-122.1445333">
      </trkpt>
      <trkpt lat="53.6613253" lon="-122.14477932">
      </trkpt>
      <trkpt lat="53.66155573" lon="-122.14519435">
      </trkpt>
      <trkpt lat="53.66172406" lon="-122.14578733">
      </trkpt>
      <trkpt lat="53.6620993" lon="-122.14711899">
      </trkpt>
      <trkpt lat="53.66240544" lon="-122.14841112">
      </trkpt>
      <trkpt lat="53.66274537" lon="-122.14970014">
      </trkpt>
      <trkpt lat="53.66297895" lon="-122.15042493">
      </trkpt>
      <trkpt lat="53.66307264" lon="-122.15080665">
      </trkpt>
      <trkpt lat="53.66328026" lon="-122.15156828">
      </trkpt>
      <trkpt lat="53.66343306" lon="-122.15231199">
      </trkpt>
      <trkpt lat="53.66348145" lon="-122.15297348">
      </trkpt>
      <trkpt lat="53.66339729" lon="-122.15352087">
      </trkpt>
      <trkpt lat="53.66328681" lon="-122.15409362">
      </trkpt>
      <trkpt lat="53.66298806" lon="-122.15471816">
      </trkpt>
      <trkpt lat="53.66274798" lon="-122.15526841">
      </trkpt>
      <trkpt lat="53.662547" lon="-122.15576911">
      </trkpt>
      <trkpt lat="53.66232572" lon="-122.15627169">
      </trkpt>
      <trkpt lat="53.66197962" lon="-122.15690054">
      </trkpt>
      <trkpt lat="53.66162476" lon="-122.15767945">
      </trkpt>
      <trkpt lat="53.66144149" lon="-122.15809814">
      </trkpt>
      <trkpt lat="53.66128564" lon="-122.15852579">
      </trkpt>
      <trkpt lat="53.6611561" lon="-122.15892806">
      </trkpt>
      <trkpt lat="53.66102346" lon="-122.1594454">
      </trkpt>
      <trkpt lat="53.66092502" lon="-122.15997109">
      </trkpt>
      <trkpt lat="53.6608156" lon="-122.16057814">
      </trkpt>
      <trkpt lat="53.66082757" lon="-122.16116258">
      </trkpt>
      <trkpt lat="53.66097222" lon="-122.16165444">
      </trkpt>
      <trkpt lat="53.66119698" lon="-122.1625293">
      </trkpt>
      <trkpt lat="53.66133545" lon="-122.16325137">
      </trkpt>
      <trkpt lat="53.66149346" lon="-122.16394869">
      </trkpt>
      <trkpt lat="53.6616676" lon="-122.16514969">
      </trkpt>
      <trkpt lat="53.66179876" lon="-122.16606761">
      </trkpt>
      <trkpt lat="53.66187798" lon="-122.16705919">
      </trkpt>
      <trkpt lat="53.66198027" lon="-122.16834717">
      </trkpt>
      <trkpt lat="53.66206315" lon="-122.16945324">
      </trkpt>
      <trkpt lat="53.66221495" lon="-122.17080558">
      </trkpt>
      <trkpt lat="53.66233454" lon="-122.17157534">
      </trkpt>
      <trkpt lat="53.66247165" lon="-122.17204498">
      </trkpt>
      <trkpt lat="53.66262942" lon="-122.17252423">
      </trkpt>
      <trkpt lat="53.66276744" lon="-122.17281009">
      </trkpt>
      <trkpt lat="53.66289046" lon="-122.17305142">
      </trkpt>
      <trkpt lat="53.66313889" lon="-122.17339606">
      </trkpt>
      <trkpt lat="53.6634407" lon="-122.17371286">
      </trkpt>
      <trkpt lat="53.66376498" lon="-122.1740965">
      </trkpt>
      <trkpt lat="53.66411905" lon="-122.17435112">
      </trkpt>
      <trkpt lat="53.66448099" lon="-122.17463947">
      </trkpt>
      <trkpt lat="53.66486505" lon="-122.17498321">
      </trkpt>
      <trkpt lat="53.66515661" lon="-122.1754043">
      </trkpt>
      <trkpt lat="53.6654489" lon="-122.17584831">
      </trkpt>
      <trkpt lat="53.66579218" lon="-122.17640247">
      </trkpt>
      <trkpt lat="53.66600606" lon="-122.17672737">
      </trkpt>
      <trkpt lat="53.66633947" lon="-122.17697242">
      </trkpt>
      <trkpt lat="53.66664492" lon="-122.17697893">
      </trkpt>
      <trkpt lat="53.66694177" lon="-122.17692879">
      </trkpt>
      <trkpt lat="53.66729913" lon="-122.17686165">
      </trkpt>
      <trkpt lat="53.66781351" lon="-122.17682607">
      </trkpt>
      <trkpt lat="53.66817836" lon="-122.17678119">
      </trkpt>
      <trkpt lat="53.66860865" lon="-122.17666144">
      </trkpt>
      <trkpt lat="53.66896875" lon="-122.17646772">
      </trkpt>
      <trkpt lat="53.66957654" lon="-122.17617094">
      </trkpt>
      <trkpt lat="53.66984725" lon="-122.17593947">
      </trkpt>
      <trkpt lat="53.6701421" lon="-122.17561392">
      </trkpt>
      <trkpt lat="53.67040275" lon="-122.17528001">
      </trkpt>
      <trkpt lat="53.67065408" lon="-122.17486656">
      </trkpt>
      <trkpt lat="53.67085807" lon="-122.17445744">
      </trkpt>
      <trkpt lat="53.67106205" lon="-122.17404832">
      </trkpt>
      <trkpt lat="53.67132289" lon="-122.17350767">
      </trkpt>
      <trkpt lat="53.67159944" lon="-122.17303448">
      </trkpt>
      <trkpt lat="53.6719597" lon="-122.17263398">
      </trkpt>
      <trkpt lat="53.67229256" lon="-122.17222452">
      </trkpt>
      <trkpt lat="53.67267787" lon="-122.17197102">
      </trkpt>
      <trkpt lat="53.67298495" lon="-122.17181655">
      </trkpt>
      <trkpt lat="53.67327687" lon="-122.17182425">
      </trkpt>
      <trkpt lat="53.67356788" lon="-122.17201579">
      </trkpt>
      <trkpt lat="53.67378707" lon="-122.17229429">
      </trkpt>
      <trkpt lat="53.67390296" lon="-122.17252483">
      </trkpt>
      <trkpt lat="53.6743567" lon="-122.17398773">
      </trkpt>
      <trkpt lat="53.67453841" lon="-122.17457976">
      </trkpt>
      <trkpt lat="53.67481224" lon="-122.17508297">
      </trkpt>
      <trkpt lat="53.67504841" lon="-122.17525658">
      </trkpt>
      <trkpt lat="53.67526027" lon="-122.17530608">
      </trkpt>
      <trkpt lat="53.67543721" lon="-122.17532434">
      </trkpt>
      <trkpt lat="53.67569458" lon="-122.17531226">
      </trkpt>
      <trkpt lat="53.67608649" lon="-122.17526489">
      </trkpt>
      <trkpt lat="53.67649686" lon="-122.17515841">
      </trkpt>
      <trkpt lat="53.67691617" lon="-122.17512001">
      </trkpt>
      <trkpt lat="53.67718963" lon="-122.17518685">
      </trkpt>
      <trkpt lat="53.67752122" lon="-122.17537471">
      </trkpt>
      <trkpt lat="53.67790308" lon="-122.1760748">
      </trkpt>
      <trkpt lat="53.67832698" lon="-122.17681701">
      </trkpt>
      <trkpt lat="53.6786041" lon="-122.17742335">
      </trkpt>
      <trkpt lat="53.67871376" lon="-122.17788423">
      </trkpt>
      <trkpt lat="53.67881576" lon="-122.17852957">
      </trkpt>
      <trkpt lat="53.678864" lon="-122.17919131">
      </trkpt>
      <trkpt lat="53.67894314" lon="-122.17975836">
      </trkpt>
      <trkpt lat="53.67900199" lon="-122.17990229">
      </trkpt>
      <trkpt lat="53.67926447" lon="-122.18047554">
      </trkpt>
      <trkpt lat="53.67962839" lon="-122.18103952">
      </trkpt>
      <trkpt lat="53.67997659" lon="-122.18153603">
      </trkpt>
      <trkpt lat="53.68025881" lon="-122.18187779">
      </trkpt>
      <trkpt lat="53.68055584" lon="-122.1820459">
      </trkpt>
      <trkpt lat="53.68074137" lon="-122.18212083">
      </trkpt>
      <trkpt lat="53.68084793" lon="-122.18227189">
      </trkpt>
    </trkseg>
    <trkseg>
      <trkpt lat="54.08380352" lon="-121.82283073">
      </trkpt>
      <trkpt lat="54.0838455" lon="-121.82273727">
      </trkpt>
      <trkpt lat="54.0839422" lon="-121.8225665">
      </trkpt>
      <trkpt lat="54.08411085" lon="-121.82234783">
      </trkpt>
      <trkpt lat="54.08415453" lon="-121.82220891">
      </trkpt>
      <trkpt lat="54.08424302" lon="-121.82206877">
      </trkpt>
      <trkpt lat="54.08433958" lon="-121.82183683">
      </trkpt>
      <trkpt lat="54.08447254" lon="-121.82164955">
      </trkpt>
      <trkpt lat="54.08466728" lon="-121.82133831">
      </trkpt>
      <trkpt lat="54.08482143" lon="-121.82108628">
      </trkpt>
      <trkpt lat="54.08491295" lon="-121.82091644">
      </trkpt>
      <trkpt lat="54.08502379" lon="-121.82074405">
      </trkpt>
      <trkpt lat="54.08524766" lon="-121.82038585">
      </trkpt>
      <trkpt lat="54.08528244" lon="-121.82026264">
      </trkpt>
      <trkpt lat="54.08533526" lon="-121.82015406">
      </trkpt>
      <trkpt lat="54.08538834" lon="-121.82006088">
      </trkpt>
      <trkpt lat="54.08557114" lon="-121.81973484">
      </trkpt>
      <trkpt lat="54.08572061" lon="-121.81939431">
      </trkpt>
      <trkpt lat="54.08579016" lon="-121.81922776">
      </trkpt>
      <trkpt lat="54.08588026" lon="-121.81894238">
      </trkpt>
      <trkpt lat="54.08596652" lon="-121.81857304">
      </trkpt>
      <trkpt lat="54.08609902" lon="-121.81833986">
      </trkpt>
      <trkpt lat="54.08621216" lon="-121.81795452">
      </trkpt>
      <trkpt lat="54.08632558" lon="-121.81761488">
      </trkpt>
      <trkpt lat="54.08636943" lon="-121.81750662">
      </trkpt>
      <trkpt lat="54.08640475" lon="-121.81742916">
      </trkpt>
      <trkpt lat="54.08655384" lon="-121.81705799">
      </trkpt>
      <trkpt lat="54.08666681" lon="-121.81665739">
      </trkpt>
      <trkpt lat="54.08671082" lon="-121.81656436">
      </trkpt>
      <trkpt lat="54.08679736" lon="-121.81622552">
      </trkpt>
      <trkpt lat="54.08691131" lon="-121.81593182">
      </trkpt>
      <trkpt lat="54.08703413" lon="-121.81562255">
      </trkpt>
      <trkpt lat="54.08707707" lon="-121.81542263">
      </trkpt>
      <trkpt lat="54.0871557" lon="-121.81519099">
      </trkpt>
      <trkpt lat="54.08724374" lon="-121.8150051">
      </trkpt>
      <trkpt lat="54.08731456" lon="-121.81489606">
      </trkpt>
      <trkpt lat="54.08741013" lon="-121.81455692">
      </trkpt>
      <trkpt lat="54.08747047" lon="-121.81429523">
      </trkpt>
      <trkpt lat="54.08761132" lon="-121.81400077">
      </trkpt>
      <trkpt lat="54.0876807" lon="-121.81373893">
      </trkpt>
      <trkpt lat="54.08776839" lon="-121.81352238">
      </trkpt>
      <trkpt lat="54.08787284" lon="-121.81316768">
      </trkpt>
      <trkpt lat="54.08799485" lon="-121.81278202">
      </trkpt>
      <trkpt lat="54.08804783" lon="-121.81268885">
      </trkpt>
      <trkpt lat="54.08814412" lon="-121.81242609">
      </trkpt>
      <trkpt lat="54.0881877" lon="-121.81228733">
      </trkpt>
      <trkpt lat="54.08827439" lon="-121.81196373">
      </trkpt>
      <trkpt lat="54.08837981" lon="-121.81171608">
      </trkpt>
      <trkpt lat="54.08851125" lon="-121.81137602">
      </trkpt>
      <trkpt lat="54.08866939" lon="-121.81100454">
      </trkpt>
      <trkpt lat="54.0887134" lon="-121.8109115">
      </trkpt>
      <trkpt lat="54.08881847" lon="-121.81063336">
      </trkpt>
      <trkpt lat="54.08895851" lon="-121.81024708">
      </trkpt>
      <trkpt lat="54.08917035" lon="-121.80985884">
      </trkpt>
      <trkpt lat="54.08927579" lon="-121.80961118">
      </trkpt>
      <trkpt lat="54.08944289" lon="-121.80923941">
      </trkpt>
      <trkpt lat="54.08948691" lon="-121.80914638">
      </trkpt>
      <trkpt lat="54.08965429" lon="-121.80880525">
      </trkpt>
      <trkpt lat="54.08973416" lon="-121.80869591">
      </trkpt>
      <trkpt lat="54.08982201" lon="-121.80849461">
      </trkpt>
      <trkpt lat="54.08999791" lon="-121.80810743">
      </trkpt>
      <trkpt lat="54.09018393" lon="-121.80782683">
      </trkpt>
      <trkpt lat="54.09029849" lon="-121.80759412">
      </trkpt>
      <trkpt lat="54.09034277" lon="-121.80753176">
      </trkpt>
      <trkpt lat="54.09049347" lon="-121.80731338">
      </trkpt>
      <trkpt lat="54.09065107" lon="-121.806896">
      </trkpt>
      <trkpt lat="54.09075695" lon="-121.80669425">
      </trkpt>
      <trkpt lat="54.09093427" lon="-121.80644447">
      </trkpt>
      <trkpt lat="54.0911374" lon="-121.80608702">
      </trkpt>
      <trkpt lat="54.09122471" lon="-121.80582457">
      </trkpt>
      <trkpt lat="54.09132144" lon="-121.80560772">
      </trkpt>
      <trkpt lat="54.09144542" lon="-121.80542061">
      </trkpt>
      <trkpt lat="54.09164039" lon="-121.80513986">
      </trkpt>
      <trkpt lat="54.0917451" lon="-121.80483106">
      </trkpt>
      <trkpt lat="54.09185134" lon="-121.8046598">
      </trkpt>
      <trkpt lat="54.09190413" lon="-121.80455124">
      </trkpt>
      <trkpt lat="54.09207185" lon="-121.80424059">
      </trkpt>
      <trkpt lat="54.09223895" lon="-121.80386882">
      </trkpt>
      <trkpt lat="54.09236256" lon="-121.8036512">
      </trkpt>
      <trkpt lat="54.09252133" lon="-121.80334087">
      </trkpt>
      <trkpt lat="54.09255637" lon="-121.80324801">
      </trkpt>
      <trkpt lat="54.09260908" lon="-121.80312417">
      </trkpt>
      <trkpt lat="54.09275875" lon="-121.80281415">
      </trkpt>
      <trkpt lat="54.09281204" lon="-121.80275133">
      </trkpt>
      <trkpt lat="54.09297079" lon="-121.802441">
      </trkpt>
      <trkpt lat="54.09306661" lon="-121.80213251">
      </trkpt>
      <trkpt lat="54.09319059" lon="-121.80194539">
      </trkpt>
      <trkpt lat="54.09331304" lon="-121.80160548">
      </trkpt>
      <trkpt lat="54.09334801" lon="-121.80151276">
      </trkpt>
      <trkpt lat="54.09350657" lon="-121.80118702">
      </trkpt>
      <trkpt lat="54.09371006" lon="-121.80086009">
      </trkpt>
      <trkpt lat="54.09378043" lon="-121.80070514">
      </trkpt>
      <trkpt lat="54.09394804" lon="-121.80039435">
      </trkpt>
      <trkpt lat="54.09416937" lon="-121.8000517">
      </trkpt>
      <trkpt lat="54.09422253" lon="-121.79997362">
      </trkpt>
      <trkpt lat="54.09428455" lon="-121.79988014">
      </trkpt>
      <trkpt lat="54.09432901" lon="-121.79983302">
      </trkpt>
      <trkpt lat="54.09440915" lon="-121.79975418">
      </trkpt>
      <trkpt lat="54.094516" lon="-121.79965933">
      </trkpt>
      <trkpt lat="54.09457809" lon="-121.7995811">
      </trkpt>
      <trkpt lat="54.09465754" lon="-121.79942586">
      </trkpt>
      <trkpt lat="54.09471096" lon="-121.79937844">
      </trkpt>
      <trkpt lat="54.09476412" lon="-121.79930051">
      </trkpt>
      <trkpt lat="54.09484408" lon="-121.79920642">
      </trkpt>
      <trkpt lat="54.09488853" lon="-121.7991593">
      </trkpt>
      <trkpt lat="54.09494187" lon="-121.79909663">
      </trkpt>
      <trkpt lat="54.09500399" lon="-121.79901825">
      </trkpt>
      <trkpt lat="54.09507525" lon="-121.7989551">
      </trkpt>
      <trkpt lat="54.09513738" lon="-121.79887688">
      </trkpt>
      <trkpt lat="54.09520836" lon="-121.79878309">
      </trkpt>
      <trkpt lat="54.0952885" lon="-121.79870425">
      </trkpt>
      <trkpt lat="54.09534165" lon="-121.79862632">
      </trkpt>
      <trkpt lat="54.09539499" lon="-121.7985635">
      </trkpt>
      <trkpt lat="54.09543908" lon="-121.79848587">
      </trkpt>
      <trkpt lat="54.09549225" lon="-121.7984078">
      </trkpt>
      <trkpt lat="54.09556351" lon="-121.79834467">
      </trkpt>
      <trkpt lat="54.09562551" lon="-121.79825104">
      </trkpt>
      <trkpt lat="54.09567877" lon="-121.79818836">
      </trkpt>
      <trkpt lat="54.09581089" lon="-121.7979093">
      </trkpt>
      <trkpt lat="54.09587265" lon="-121.79780041">
      </trkpt>
      <trkpt lat="54.09591667" lon="-121.79770739">
      </trkpt>
      <trkpt lat="54.09596972" lon="-121.79761421">
      </trkpt>
      <trkpt lat="54.09604099" lon="-121.79755092">
      </trkpt>
      <trkpt lat="54.09611207" lon="-121.7974724">
      </trkpt>
      <trkpt lat="54.09616495" lon="-121.79736381">
      </trkpt>
      <trkpt lat="54.09624491" lon="-121.79726973">
      </trkpt>
      <trkpt lat="54.09630676" lon="-121.79716101">
      </trkpt>
      <trkpt lat="54.09636869" lon="-121.79706736">
      </trkpt>
      <trkpt lat="54.09642167" lon="-121.79697405">
      </trkpt>
      <trkpt lat="54.09646558" lon="-121.79686577">
      </trkpt>
      <trkpt lat="54.09670401" lon="-121.79644595">
      </trkpt>
      <trkpt lat="54.09674802" lon="-121.79635292">
      </trkpt>
      <trkpt lat="54.09681024" lon="-121.79627469">
      </trkpt>
      <trkpt lat="54.09686321" lon="-121.79618137">
      </trkpt>
      <trkpt lat="54.0969072" lon="-121.79608835">
      </trkpt>
      <trkpt lat="54.09694225" lon="-121.79599563">
      </trkpt>
      <trkpt lat="54.09701324" lon="-121.79590184">
      </trkpt>
      <trkpt lat="54.09711919" lon="-121.79571519">
      </trkpt>
      <trkpt lat="54.09718955" lon="-121.79556025">
      </trkpt>
      <trkpt lat="54.09729522" lon="-121.79534309">
      </trkpt>
      <trkpt lat="54.09737473" lon="-121.79520312">
      </trkpt>
      <trkpt lat="54.0974191" lon="-121.79514073">
      </trkpt>
      <trkpt lat="54.09744554" lon="-121.79509407">
      </trkpt>
      <trkpt lat="54.09747207" lon="-121.79504741">
      </trkpt>
      <trkpt lat="54.09752522" lon="-121.79496949">
      </trkpt>
      <trkpt lat="54.09757819" lon="-121.79487617">
      </trkpt>
      <trkpt lat="54.0976309" lon="-121.79475233">
      </trkpt>
      <trkpt lat="54.09766577" lon="-121.79464422">
      </trkpt>
      <trkpt lat="54.09769176" lon="-121.79455165">
      </trkpt>
      <trkpt lat="54.09773549" lon="-121.79442813">
      </trkpt>
      <trkpt lat="54.09777037" lon="-121.79432002">
      </trkpt>
      <trkpt lat="54.09780496" lon="-121.79418139">
      </trkpt>
      <trkpt lat="54.09782181" lon="-121.79407387">
      </trkpt>
      <trkpt lat="54.09786582" lon="-121.79398086">
      </trkpt>
      <trkpt lat="54.09790069" lon="-121.79387274">
      </trkpt>
      <trkpt lat="54.09795366" lon="-121.79377941">
      </trkpt>
      <trkpt lat="54.09799722" lon="-121.79364065">
      </trkpt>
      <trkpt lat="54.09802303" lon="-121.79351743">
      </trkpt>
      <trkpt lat="54.09805781" lon="-121.79340946">
      </trkpt>
      <trkpt lat="54.09809276" lon="-121.79331659">
      </trkpt>
      <trkpt lat="54.098197" lon="-121.79294664">
      </trkpt>
      <trkpt lat="54.09821395" lon="-121.79283913">
      </trkpt>
      <trkpt lat="54.09826566" lon="-121.79262349">
      </trkpt>
      <trkpt lat="54.09829139" lon="-121.79250043">
      </trkpt>
      <trkpt lat="54.09832626" lon="-121.79239232">
      </trkpt>
      <trkpt lat="54.09834301" lon="-121.79226956">
      </trkpt>
      <trkpt lat="54.09837698" lon="-121.79206964">
      </trkpt>
      <trkpt lat="54.09838415" lon="-121.79188602">
      </trkpt>
      <trkpt lat="54.09838291" lon="-121.79176373">
      </trkpt>
      <trkpt lat="54.09837243" lon="-121.79162633">
      </trkpt>
      <trkpt lat="54.09836309" lon="-121.79158074">
      </trkpt>
      <trkpt lat="54.09835305" lon="-121.79147399">
      </trkpt>
      <trkpt lat="54.09835287" lon="-121.79145873">
      </trkpt>
      <trkpt lat="54.09834248" lon="-121.79132134">
      </trkpt>
      <trkpt lat="54.09830456" lon="-121.7911237">
      </trkpt>
      <trkpt lat="54.09827651" lon="-121.79101742">
      </trkpt>
      <trkpt lat="54.0982395" lon="-121.79091144">
      </trkpt>
      <trkpt lat="54.09817495" lon="-121.79074506">
      </trkpt>
      <trkpt lat="54.09813802" lon="-121.79065448">
      </trkpt>
      <trkpt lat="54.09809178" lon="-121.79051815">
      </trkpt>
      <trkpt lat="54.09804563" lon="-121.79039722">
      </trkpt>
      <trkpt lat="54.09801802" lon="-121.79033683">
      </trkpt>
      <trkpt lat="54.09799955" lon="-121.79029139">
      </trkpt>
      <trkpt lat="54.09796253" lon="-121.79018541">
      </trkpt>
      <trkpt lat="54.09791638" lon="-121.79006448">
      </trkpt>
      <trkpt lat="54.09786161" lon="-121.78997435">
      </trkpt>
      <trkpt lat="54.09779779" lon="-121.78988438">
      </trkpt>
      <trkpt lat="54.0977338" lon="-121.78977915">
      </trkpt>
      <trkpt lat="54.09768772" lon="-121.78967348">
      </trkpt>
      <trkpt lat="54.09763189" lon="-121.78947629">
      </trkpt>
      <trkpt lat="54.09758599" lon="-121.78938586">
      </trkpt>
      <trkpt lat="54.09749403" lon="-121.78917451">
      </trkpt>
      <trkpt lat="54.09740225" lon="-121.78899366">
      </trkpt>
      <trkpt lat="54.0973656" lon="-121.78891832">
      </trkpt>
      <trkpt lat="54.09732858" lon="-121.78881234">
      </trkpt>
      <trkpt lat="54.09729173" lon="-121.7887216">
      </trkpt>
      <trkpt lat="54.09719995" lon="-121.78854073">
      </trkpt>
      <trkpt lat="54.09714527" lon="-121.78846586">
      </trkpt>
      <trkpt lat="54.09709956" lon="-121.78839083">
      </trkpt>
      <trkpt lat="54.09702633" lon="-121.78825527">
      </trkpt>
      <trkpt lat="54.09698017" lon="-121.78813434">
      </trkpt>
      <trkpt lat="54.09694342" lon="-121.78805885">
      </trkpt>
      <trkpt lat="54.09689762" lon="-121.78796857">
      </trkpt>
      <trkpt lat="54.09686061" lon="-121.78786259">
      </trkpt>
      <trkpt lat="54.0968053" lon="-121.78774182">
      </trkpt>
      <trkpt lat="54.09676828" lon="-121.78762058">
      </trkpt>
      <trkpt lat="54.09674021" lon="-121.78751429">
      </trkpt>
      <trkpt lat="54.0967032" lon="-121.78740831">
      </trkpt>
      <trkpt lat="54.09665659" lon="-121.78724148">
      </trkpt>
      <trkpt lat="54.0966194" lon="-121.78712025">
      </trkpt>
      <trkpt lat="54.096573" lon="-121.78698392">
      </trkpt>
      <trkpt lat="54.09652582" lon="-121.78675594">
      </trkpt>
      <trkpt lat="54.09649723" lon="-121.78658865">
      </trkpt>
      <trkpt lat="54.09647814" lon="-121.78648205">
      </trkpt>
      <trkpt lat="54.09645922" lon="-121.78639086">
      </trkpt>
      <trkpt lat="54.09642176" lon="-121.78623912">
      </trkpt>
      <trkpt lat="54.09642049" lon="-121.78611682">
      </trkpt>
      <trkpt lat="54.09638214" lon="-121.78587314">
      </trkpt>
      <trkpt lat="54.09636259" lon="-121.78572079">
      </trkpt>
      <trkpt lat="54.09636107" lon="-121.78556799">
      </trkpt>
      <trkpt lat="54.09633274" lon="-121.78543121">
      </trkpt>
      <trkpt lat="54.09631401" lon="-121.78535526">
      </trkpt>
      <trkpt lat="54.09629492" lon="-121.78524883">
      </trkpt>
      <trkpt lat="54.09627575" lon="-121.78512698">
      </trkpt>
      <trkpt lat="54.0962553" lon="-121.78488299">
      </trkpt>
      <trkpt lat="54.09622725" lon="-121.7847767">
      </trkpt>
      <trkpt lat="54.09619829" lon="-121.78457875">
      </trkpt>
      <trkpt lat="54.09618816" lon="-121.78447202">
      </trkpt>
      <trkpt lat="54.09616854" lon="-121.78430442">
      </trkpt>
      <trkpt lat="54.09614918" lon="-121.78416732">
      </trkpt>
      <trkpt lat="54.09613008" lon="-121.78406089">
      </trkpt>
      <trkpt lat="54.0961109" lon="-121.78393903">
      </trkpt>
      <trkpt lat="54.09610068" lon="-121.78381705">
      </trkpt>
      <trkpt lat="54.09608151" lon="-121.7836952">
      </trkpt>
      <trkpt lat="54.0960624" lon="-121.78358876">
      </trkpt>
      <trkpt lat="54.09605219" lon="-121.78346677">
      </trkpt>
      <trkpt lat="54.09604134" lon="-121.78328362">
      </trkpt>
      <trkpt lat="54.09602171" lon="-121.78311587">
      </trkpt>
      <trkpt lat="54.09600236" lon="-121.78297892">
      </trkpt>
      <trkpt lat="54.09599213" lon="-121.78285678">
      </trkpt>
      <trkpt lat="54.09597232" lon="-121.78267395">
      </trkpt>
      <trkpt lat="54.09596219" lon="-121.7825672">
      </trkpt>
      <trkpt lat="54.09596202" lon="-121.78255178">
      </trkpt>
      <trkpt lat="54.09595165" lon="-121.78241455">
      </trkpt>
      <trkpt lat="54.09592285" lon="-121.78223185">
      </trkpt>
      <trkpt lat="54.09590349" lon="-121.7820948">
      </trkpt>
      <trkpt lat="54.0958662" lon="-121.78195829">
      </trkpt>
      <trkpt lat="54.09582864" lon="-121.7818064">
      </trkpt>
      <trkpt lat="54.09580945" lon="-121.7816847">
      </trkpt>
      <trkpt lat="54.09579045" lon="-121.78157826">
      </trkpt>
      <trkpt lat="54.09577119" lon="-121.78145641">
      </trkpt>
      <trkpt lat="54.09575181" lon="-121.78131932">
      </trkpt>
      <trkpt lat="54.09574142" lon="-121.78118207">
      </trkpt>
      <trkpt lat="54.09572242" lon="-121.78107563">
      </trkpt>
      <trkpt lat="54.09570315" lon="-121.78095379">
      </trkpt>
      <trkpt lat="54.09568369" lon="-121.78080145">
      </trkpt>
      <trkpt lat="54.0956648" lon="-121.78071026">
      </trkpt>
      <trkpt lat="54.09563628" lon="-121.78055823">
      </trkpt>
      <trkpt lat="54.09560804" lon="-121.78043668">
      </trkpt>
      <trkpt lat="54.09558" lon="-121.7803304">
      </trkpt>
      <trkpt lat="54.09555167" lon="-121.7801936">
      </trkpt>
      <trkpt lat="54.09554162" lon="-121.78008686">
      </trkpt>
      <trkpt lat="54.09553122" lon="-121.7799496">
      </trkpt>
      <trkpt lat="54.09551168" lon="-121.77979726">
      </trkpt>
      <trkpt lat="54.09549232" lon="-121.77966017">
      </trkpt>
      <trkpt lat="54.09546409" lon="-121.77953864">
      </trkpt>
      <trkpt lat="54.09544526" lon="-121.77944744">
      </trkpt>
      <trkpt lat="54.09540806" lon="-121.7793262">
      </trkpt>
      <trkpt lat="54.09537983" lon="-121.77920468">
      </trkpt>
      <trkpt lat="54.09536979" lon="-121.77909792">
      </trkpt>
      <trkpt lat="54.09535958" lon="-121.77897592">
      </trkpt>
      <trkpt lat="54.09535814" lon="-121.77883838">
      </trkpt>
      <trkpt lat="54.09534774" lon="-121.77870114">
      </trkpt>
      <trkpt lat="54.09530132" lon="-121.77854955">
      </trkpt>
      <trkpt lat="54.09526322" lon="-121.77833651">
      </trkpt>
      <trkpt lat="54.09523516" lon="-121.77823038">
      </trkpt>
      <trkpt lat="54.09521561" lon="-121.77807803">
      </trkpt>
      <trkpt lat="54.09519644" lon="-121.77795619">
      </trkpt>
      <trkpt lat="54.09517627" lon="-121.7777427">
      </trkpt>
      <trkpt lat="54.09513925" lon="-121.77763671">
      </trkpt>
      <trkpt lat="54.09511997" lon="-121.77751502">
      </trkpt>
      <trkpt lat="54.09508125" lon="-121.77724083">
      </trkpt>
      <trkpt lat="54.09507076" lon="-121.77708834">
      </trkpt>
      <trkpt lat="54.09504271" lon="-121.77698204">
      </trkpt>
      <trkpt lat="54.09502344" lon="-121.77686036">
      </trkpt>
      <trkpt lat="54.09502209" lon="-121.77672265">
      </trkpt>
      <trkpt lat="54.09496642" lon="-121.77655614">
      </trkpt>
      <trkpt lat="54.09495603" lon="-121.77641888">
      </trkpt>
      <trkpt lat="54.09494393" lon="-121.77611328">
      </trkpt>
      <trkpt lat="54.09491595" lon="-121.77600714">
      </trkpt>
      <trkpt lat="54.09490556" lon="-121.77586975">
      </trkpt>
      <trkpt lat="54.09487714" lon="-121.77573297">
      </trkpt>
      <trkpt lat="54.09486693" lon="-121.77561097">
      </trkpt>
      <trkpt lat="54.09483816" lon="-121.77542827">
      </trkpt>
      <trkpt lat="54.09482848" lon="-121.77536743">
      </trkpt>
      <trkpt lat="54.09480884" lon="-121.77519983">
      </trkpt>
      <trkpt lat="54.09479863" lon="-121.77507783">
      </trkpt>
      <trkpt lat="54.09477926" lon="-121.77494074">
      </trkpt>
      <trkpt lat="54.09475103" lon="-121.77481921">
      </trkpt>
      <trkpt lat="54.09474075" lon="-121.77469721">
      </trkpt>
      <trkpt lat="54.09472145" lon="-121.77456012">
      </trkpt>
      <trkpt lat="54.09468418" lon="-121.77443889">
      </trkpt>
      <trkpt lat="54.09466426" lon="-121.7742408">
      </trkpt>
      <trkpt lat="54.09464489" lon="-121.77410371">
      </trkpt>
      <trkpt lat="54.0946164" lon="-121.77395166">
      </trkpt>
      <trkpt lat="54.09458734" lon="-121.77375373">
      </trkpt>
      <trkpt lat="54.09455866" lon="-121.77358629">
      </trkpt>
      <trkpt lat="54.09453921" lon="-121.77343395">
      </trkpt>
      <trkpt lat="54.09453805" lon="-121.77332704">
      </trkpt>
      <trkpt lat="54.09451842" lon="-121.7731593">
      </trkpt>
      <trkpt lat="54.09450783" lon="-121.7730068">
      </trkpt>
      <trkpt lat="54.09449779" lon="-121.77290005">
      </trkpt>
      <trkpt lat="54.09445934" lon="-121.77265652">
      </trkpt>
      <trkpt lat="54.09443093" lon="-121.77251972">
      </trkpt>
      <trkpt lat="54.09441174" lon="-121.77239789">
      </trkpt>
      <trkpt lat="54.09438342" lon="-121.77226111">
      </trkpt>
      <trkpt lat="54.09432605" lon="-121.77192638">
      </trkpt>
      <trkpt lat="54.09429719" lon="-121.77174383">
      </trkpt>
      <trkpt lat="54.09426931" lon="-121.7716528">
      </trkpt>
      <trkpt lat="54.09425022" lon="-121.77154636">
      </trkpt>
      <trkpt lat="54.09422216" lon="-121.77144022">
      </trkpt>
      <trkpt lat="54.09420254" lon="-121.77127262">
      </trkpt>
      <trkpt lat="54.09414579" lon="-121.77099905">
      </trkpt>
      <trkpt lat="54.09408878" lon="-121.77069482">
      </trkpt>
      <trkpt lat="54.09406924" lon="-121.77054248">
      </trkpt>
      <trkpt lat="54.09404987" lon="-121.77040553">
      </trkpt>
      <trkpt lat="54.09403078" lon="-121.77029894">
      </trkpt>
      <trkpt lat="54.09400228" lon="-121.77014691">
      </trkpt>
      <trkpt lat="54.09396535" lon="-121.77005633">
      </trkpt>
      <trkpt lat="54.09394635" lon="-121.76994972">
      </trkpt>
      <trkpt lat="54.09392698" lon="-121.76981279">
      </trkpt>
      <trkpt lat="54.09391658" lon="-121.76967539">
      </trkpt>
      <trkpt lat="54.09389704" lon="-121.76952304">
      </trkpt>
      <trkpt lat="54.09384029" lon="-121.76924962">
      </trkpt>
      <trkpt lat="54.09383008" lon="-121.76912748">
      </trkpt>
      <trkpt lat="54.09382865" lon="-121.76898992">
      </trkpt>
      <trkpt lat="54.0938092" lon="-121.76885283">
      </trkpt>
      <trkpt lat="54.09378973" lon="-121.76870065">
      </trkpt>
      <trkpt lat="54.09376106" lon="-121.76853319">
      </trkpt>
      <trkpt lat="54.09374169" lon="-121.76839611">
      </trkpt>
      <trkpt lat="54.09373094" lon="-121.7682282">
      </trkpt>
      <trkpt lat="54.09372709" lon="-121.76784606">
      </trkpt>
      <trkpt lat="54.09373381" lon="-121.7676318">
      </trkpt>
      <trkpt lat="54.09374169" lon="-121.76752459">
      </trkpt>
      <trkpt lat="54.0937495" lon="-121.76740198">
      </trkpt>
      <trkpt lat="54.09374824" lon="-121.76727969">
      </trkpt>
      <trkpt lat="54.09375568" lon="-121.76712658">
      </trkpt>
      <trkpt lat="54.09376357" lon="-121.76701937">
      </trkpt>
      <trkpt lat="54.09377083" lon="-121.76685086">
      </trkpt>
      <trkpt lat="54.09378723" lon="-121.76669747">
      </trkpt>
      <trkpt lat="54.09379511" lon="-121.76659026">
      </trkpt>
      <trkpt lat="54.09382819" lon="-121.76631393">
      </trkpt>
      <trkpt lat="54.09382677" lon="-121.76617639">
      </trkpt>
      <trkpt lat="54.0938523" lon="-121.76603806">
      </trkpt>
      <trkpt lat="54.09387839" lon="-121.7659455">
      </trkpt>
      <trkpt lat="54.09390403" lon="-121.76582244">
      </trkpt>
      <trkpt lat="54.09392097" lon="-121.76571493">
      </trkpt>
      <trkpt lat="54.09394661" lon="-121.76559187">
      </trkpt>
      <trkpt lat="54.09398004" lon="-121.7653462">
      </trkpt>
      <trkpt lat="54.09402362" lon="-121.76520728">
      </trkpt>
      <trkpt lat="54.09404091" lon="-121.76514552">
      </trkpt>
      <trkpt lat="54.09407559" lon="-121.76502215">
      </trkpt>
      <trkpt lat="54.09411943" lon="-121.76491387">
      </trkpt>
      <trkpt lat="54.09414516" lon="-121.7647908">
      </trkpt>
      <trkpt lat="54.09417922" lon="-121.76460628">
      </trkpt>
      <trkpt lat="54.09421346" lon="-121.76443702">
      </trkpt>
      <trkpt lat="54.09426608" lon="-121.7643132">
      </trkpt>
      <trkpt lat="54.09430078" lon="-121.76418982">
      </trkpt>
      <trkpt lat="54.09433564" lon="-121.76408171">
      </trkpt>
      <trkpt lat="54.09436164" lon="-121.76398914">
      </trkpt>
      <trkpt lat="54.09439614" lon="-121.76385052">
      </trkpt>
      <trkpt lat="54.09443056" lon="-121.76369665">
      </trkpt>
      <trkpt lat="54.09445656" lon="-121.7636041">
      </trkpt>
      <trkpt lat="54.09451788" lon="-121.7634493">
      </trkpt>
      <trkpt lat="54.09457938" lon="-121.76332517">
      </trkpt>
      <trkpt lat="54.09463216" lon="-121.76320119">
      </trkpt>
      <trkpt lat="54.09470235" lon="-121.76303102">
      </trkpt>
      <trkpt lat="54.09475478" lon="-121.76289178">
      </trkpt>
      <trkpt lat="54.09479835" lon="-121.76275286">
      </trkpt>
      <trkpt lat="54.09482435" lon="-121.7626603">
      </trkpt>
      <trkpt lat="54.094868" lon="-121.76253677">
      </trkpt>
      <trkpt lat="54.09490305" lon="-121.7624439">
      </trkpt>
      <trkpt lat="54.09494691" lon="-121.76235088">
      </trkpt>
      <trkpt lat="54.09499932" lon="-121.7621964">
      </trkpt>
      <trkpt lat="54.09505141" lon="-121.76202667">
      </trkpt>
      <trkpt lat="54.09509532" lon="-121.76191826">
      </trkpt>
      <trkpt lat="54.09514786" lon="-121.76177902">
      </trkpt>
      <trkpt lat="54.09519141" lon="-121.76164025">
      </trkpt>
      <trkpt lat="54.09521704" lon="-121.76151704">
      </trkpt>
      <trkpt lat="54.09524259" lon="-121.76137872">
      </trkpt>
      <trkpt lat="54.09532066" lon="-121.76110118">
      </trkpt>
      <trkpt lat="54.09536451" lon="-121.76099276">
      </trkpt>
      <trkpt lat="54.09540816" lon="-121.76086909">
      </trkpt>
      <trkpt lat="54.09545162" lon="-121.76073016">
      </trkpt>
      <trkpt lat="54.09547771" lon="-121.76063775">
      </trkpt>
      <trkpt lat="54.09554762" lon="-121.76045216">
      </trkpt>
      <trkpt lat="54.09560033" lon="-121.76032818">
      </trkpt>
      <trkpt lat="54.09570529" lon="-121.76004972">
      </trkpt>
      <trkpt lat="54.0957493" lon="-121.75995671">
      </trkpt>
      <trkpt lat="54.09578408" lon="-121.75984873">
      </trkpt>
      <trkpt lat="54.09582747" lon="-121.75969441">
      </trkpt>
      <trkpt lat="54.09588932" lon="-121.75958553">
      </trkpt>
      <trkpt lat="54.095924" lon="-121.75946217">
      </trkpt>
      <trkpt lat="54.09597582" lon="-121.75926178">
      </trkpt>
      <trkpt lat="54.09601901" lon="-121.75909235">
      </trkpt>
      <trkpt lat="54.09605354" lon="-121.75895374">
      </trkpt>
      <trkpt lat="54.09610651" lon="-121.75886042">
      </trkpt>
      <trkpt lat="54.09619443" lon="-121.75867421">
      </trkpt>
      <trkpt lat="54.09623817" lon="-121.75855055">
      </trkpt>
      <trkpt lat="54.09626382" lon="-121.75842748">
      </trkpt>
      <trkpt lat="54.0962725" lon="-121.75839668">
      </trkpt>
      <trkpt lat="54.09628971" lon="-121.75831966">
      </trkpt>
      <trkpt lat="54.09633292" lon="-121.75815009">
      </trkpt>
      <trkpt lat="54.09634977" lon="-121.75804259">
      </trkpt>
      <trkpt lat="54.09638428" lon="-121.75790396">
      </trkpt>
      <trkpt lat="54.09644388" lon="-121.75758098">
      </trkpt>
      <trkpt lat="54.09646953" lon="-121.75745791">
      </trkpt>
      <trkpt lat="54.09649506" lon="-121.75731961">
      </trkpt>
      <trkpt lat="54.09653809" lon="-121.75713478">
      </trkpt>
      <trkpt lat="54.0965727" lon="-121.756996">
      </trkpt>
      <trkpt lat="54.09659832" lon="-121.75687295">
      </trkpt>
      <trkpt lat="54.09661519" lon="-121.75676544">
      </trkpt>
      <trkpt lat="54.09662244" lon="-121.75659707">
      </trkpt>
      <trkpt lat="54.09662907" lon="-121.75636743">
      </trkpt>
      <trkpt lat="54.0966272" lon="-121.75618397">
      </trkpt>
      <trkpt lat="54.09664305" lon="-121.75598465">
      </trkpt>
      <trkpt lat="54.09664176" lon="-121.75586235">
      </trkpt>
      <trkpt lat="54.09664941" lon="-121.7557245">
      </trkpt>
      <trkpt lat="54.09664816" lon="-121.75560219">
      </trkpt>
      <trkpt lat="54.09665568" lon="-121.75546434">
      </trkpt>
      <trkpt lat="54.0966522" lon="-121.7551281">
      </trkpt>
      <trkpt lat="54.09665969" lon="-121.75499023">
      </trkpt>
      <trkpt lat="54.09665551" lon="-121.75457743">
      </trkpt>
      <trkpt lat="54.096663" lon="-121.75443958">
      </trkpt>
      <trkpt lat="54.09665865" lon="-121.75401152">
      </trkpt>
      <trkpt lat="54.09666601" lon="-121.75385841">
      </trkpt>
      <trkpt lat="54.09666286" lon="-121.75355267">
      </trkpt>
      <trkpt lat="54.09666977" lon="-121.75335366">
      </trkpt>
      <trkpt lat="54.09666617" lon="-121.753002">
      </trkpt>
      <trkpt lat="54.09667335" lon="-121.75283365">
      </trkpt>
      <trkpt lat="54.09667227" lon="-121.75272659">
      </trkpt>
      <trkpt lat="54.09667953" lon="-121.75255808">
      </trkpt>
      <trkpt lat="54.09667766" lon="-121.75237464">
      </trkpt>
      <trkpt lat="54.09668473" lon="-121.75219102">
      </trkpt>
      <trkpt lat="54.09668087" lon="-121.75182413">
      </trkpt>
      <trkpt lat="54.0966885" lon="-121.75168628">
      </trkpt>
      <trkpt lat="54.09668572" lon="-121.75142626">
      </trkpt>
      <trkpt lat="54.09669279" lon="-121.75124266">
      </trkpt>
      <trkpt lat="54.0966911" lon="-121.75107446">
      </trkpt>
      <trkpt lat="54.09670553" lon="-121.75073759">
      </trkpt>
      <trkpt lat="54.0967205" lon="-121.75044664">
      </trkpt>
      <trkpt lat="54.09672004" lon="-121.75040073">
      </trkpt>
      <trkpt lat="54.09671906" lon="-121.75030894">
      </trkpt>
      <trkpt lat="54.09672712" lon="-121.75021698">
      </trkpt>
      <trkpt lat="54.09672525" lon="-121.75003353">
      </trkpt>
      <trkpt lat="54.09671467" lon="-121.74988088">
      </trkpt>
      <trkpt lat="54.09671054" lon="-121.74948347">
      </trkpt>
      <trkpt lat="54.0967178" lon="-121.74931511">
      </trkpt>
      <trkpt lat="54.09671439" lon="-121.74899396">
      </trkpt>
      <trkpt lat="54.09672193" lon="-121.74885612">
      </trkpt>
      <trkpt lat="54.09672981" lon="-121.7487489">
      </trkpt>
      <trkpt lat="54.09672875" lon="-121.74864185">
      </trkpt>
      <trkpt lat="54.096736" lon="-121.74847334">
      </trkpt>
      <trkpt lat="54.09676145" lon="-121.74833504">
      </trkpt>
      <trkpt lat="54.09677805" lon="-121.74819688">
      </trkpt>
      <trkpt lat="54.09678575" lon="-121.74807426">
      </trkpt>
      <trkpt lat="54.09679363" lon="-121.74796706">
      </trkpt>
      <trkpt lat="54.09680215" lon="-121.74792086">
      </trkpt>
      <trkpt lat="54.09682716" lon="-121.74773664">
      </trkpt>
      <trkpt lat="54.09683468" lon="-121.74759878">
      </trkpt>
      <trkpt lat="54.09686005" lon="-121.74744507">
      </trkpt>
      <trkpt lat="54.09687618" lon="-121.74726117">
      </trkpt>
      <trkpt lat="54.09689269" lon="-121.747123">
      </trkpt>
      <trkpt lat="54.09689977" lon="-121.74693924">
      </trkpt>
      <trkpt lat="54.09691642" lon="-121.74681648">
      </trkpt>
      <trkpt lat="54.09694135" lon="-121.74661687">
      </trkpt>
      <trkpt lat="54.09695775" lon="-121.74646346">
      </trkpt>
      <trkpt lat="54.09697362" lon="-121.74626414">
      </trkpt>
      <trkpt lat="54.09699943" lon="-121.74615634">
      </trkpt>
      <trkpt lat="54.09700722" lon="-121.74603373">
      </trkpt>
      <trkpt lat="54.0970239" lon="-121.74591097">
      </trkpt>
      <trkpt lat="54.09703161" lon="-121.74578835">
      </trkpt>
      <trkpt lat="54.09705662" lon="-121.74560415">
      </trkpt>
      <trkpt lat="54.09706432" lon="-121.74548153">
      </trkpt>
      <trkpt lat="54.09707221" lon="-121.74537418">
      </trkpt>
      <trkpt lat="54.09707974" lon="-121.74523633">
      </trkpt>
      <trkpt lat="54.09710546" lon="-121.74511326">
      </trkpt>
      <trkpt lat="54.09711317" lon="-121.74499066">
      </trkpt>
      <trkpt lat="54.09713002" lon="-121.74488314">
      </trkpt>
      <trkpt lat="54.09716408" lon="-121.74469862">
      </trkpt>
      <trkpt lat="54.09718031" lon="-121.74452997">
      </trkpt>
      <trkpt lat="54.09722199" lon="-121.74422284">
      </trkpt>
      <trkpt lat="54.09722952" lon="-121.74408499">
      </trkpt>
      <trkpt lat="54.09723671" lon="-121.74391647">
      </trkpt>
      <trkpt lat="54.0972349" lon="-121.74373303">
      </trkpt>
      <trkpt lat="54.09724261" lon="-121.74361041">
      </trkpt>
      <trkpt lat="54.09724995" lon="-121.74345731">
      </trkpt>
      <trkpt lat="54.09725748" lon="-121.74331946">
      </trkpt>
      <trkpt lat="54.09728303" lon="-121.74318099">
      </trkpt>
      <trkpt lat="54.09730884" lon="-121.74307318">
      </trkpt>
      <trkpt lat="54.09732525" lon="-121.74291977">
      </trkpt>
      <trkpt lat="54.09734201" lon="-121.74281227">
      </trkpt>
      <trkpt lat="54.09734899" lon="-121.74261326">
      </trkpt>
      <trkpt lat="54.09735546" lon="-121.74236834">
      </trkpt>
      <trkpt lat="54.09737231" lon="-121.74226083">
      </trkpt>
      <trkpt lat="54.09738871" lon="-121.74210742">
      </trkpt>
      <trkpt lat="54.09740457" lon="-121.74190811">
      </trkpt>
      <trkpt lat="54.09741209" lon="-121.74177026">
      </trkpt>
      <trkpt lat="54.09742814" lon="-121.74158619">
      </trkpt>
      <trkpt lat="54.09743558" lon="-121.74143309">
      </trkpt>
      <trkpt lat="54.09745189" lon="-121.74127968">
      </trkpt>
      <trkpt lat="54.09745064" lon="-121.74115738">
      </trkpt>
      <trkpt lat="54.09745789" lon="-121.74098902">
      </trkpt>
      <trkpt lat="54.09747422" lon="-121.74083547">
      </trkpt>
      <trkpt lat="54.09748166" lon="-121.74068235">
      </trkpt>
      <trkpt lat="54.09748023" lon="-121.74054481">
      </trkpt>
      <trkpt lat="54.09748803" lon="-121.74043745">
      </trkpt>
      <trkpt lat="54.09748308" lon="-121.73996365">
      </trkpt>
      <trkpt lat="54.09749079" lon="-121.73984104">
      </trkpt>
      <trkpt lat="54.09748452" lon="-121.73924479">
      </trkpt>
      <trkpt lat="54.09749223" lon="-121.73912218">
      </trkpt>
      <trkpt lat="54.09748954" lon="-121.73886233">
      </trkpt>
      <trkpt lat="54.09749689" lon="-121.73870922">
      </trkpt>
      <trkpt lat="54.09749563" lon="-121.73858691">
      </trkpt>
      <trkpt lat="54.09750335" lon="-121.73846431">
      </trkpt>
      <trkpt lat="54.09750056" lon="-121.73820445">
      </trkpt>
      <trkpt lat="54.09750047" lon="-121.73818906">
      </trkpt>
      <trkpt lat="54.09750702" lon="-121.73795956">
      </trkpt>
      <trkpt lat="54.09751427" lon="-121.73779104">
      </trkpt>
      <trkpt lat="54.09751236" lon="-121.73762299">
      </trkpt>
      <trkpt lat="54.09752037" lon="-121.73751564">
      </trkpt>
      <trkpt lat="54.09753544" lon="-121.73723992">
      </trkpt>
      <trkpt lat="54.09753014" lon="-121.73673548">
      </trkpt>
      <trkpt lat="54.09753767" lon="-121.73659761">
      </trkpt>
      <trkpt lat="54.09754538" lon="-121.73647501">
      </trkpt>
      <trkpt lat="54.09756178" lon="-121.7363216">
      </trkpt>
      <trkpt lat="54.09756941" lon="-121.736199">
      </trkpt>
      <trkpt lat="54.09757702" lon="-121.73606114">
      </trkpt>
      <trkpt lat="54.09758383" lon="-121.73586213">
      </trkpt>
      <trkpt lat="54.09758051" lon="-121.73554112">
      </trkpt>
      <trkpt lat="54.09758822" lon="-121.73541852">
      </trkpt>
      <trkpt lat="54.0975858" lon="-121.73518917">
      </trkpt>
      <trkpt lat="54.09759288" lon="-121.73500541">
      </trkpt>
      <trkpt lat="54.09758662" lon="-121.73440916">
      </trkpt>
      <trkpt lat="54.09759396" lon="-121.73425605">
      </trkpt>
      <trkpt lat="54.09758383" lon="-121.73414931">
      </trkpt>
      <trkpt lat="54.09758239" lon="-121.73401175">
      </trkpt>
      <trkpt lat="54.0975721" lon="-121.73388976">
      </trkpt>
      <trkpt lat="54.09756716" lon="-121.7334158">
      </trkpt>
      <trkpt lat="54.09755685" lon="-121.7332938">
      </trkpt>
      <trkpt lat="54.09754528" lon="-121.73304951">
      </trkpt>
      <trkpt lat="54.09754223" lon="-121.73275901">
      </trkpt>
      <trkpt lat="54.09753193" lon="-121.732637">
      </trkpt>
      <trkpt lat="54.09752117" lon="-121.73246911">
      </trkpt>
      <trkpt lat="54.09751096" lon="-121.73234696">
      </trkpt>
      <trkpt lat="54.0975088" lon="-121.73214826">
      </trkpt>
      <trkpt lat="54.09751624" lon="-121.73199516">
      </trkpt>
      <trkpt lat="54.09750819" lon="-121.7312307">
      </trkpt>
      <trkpt lat="54.09753356" lon="-121.73107713">
      </trkpt>
      <trkpt lat="54.0975503" lon="-121.73096946">
      </trkpt>
      <trkpt lat="54.09757558" lon="-121.73080051">
      </trkpt>
      <trkpt lat="54.09759235" lon="-121.730693">
      </trkpt>
      <trkpt lat="54.09761807" lon="-121.73056978">
      </trkpt>
      <trkpt lat="54.09763492" lon="-121.73046227">
      </trkpt>
      <trkpt lat="54.09766021" lon="-121.73030855">
      </trkpt>
      <trkpt lat="54.09768574" lon="-121.73017008">
      </trkpt>
      <trkpt lat="54.09770259" lon="-121.73006258">
      </trkpt>
      <trkpt lat="54.09772822" lon="-121.72993951">
      </trkpt>
      <trkpt lat="54.09775377" lon="-121.72980104">
      </trkpt>
      <trkpt lat="54.09777008" lon="-121.72964764">
      </trkpt>
      <trkpt lat="54.09780459" lon="-121.72950887">
      </trkpt>
      <trkpt lat="54.09781212" lon="-121.72937102">
      </trkpt>
      <trkpt lat="54.09783668" lon="-121.7291409">
      </trkpt>
      <trkpt lat="54.09787047" lon="-121.72894113">
      </trkpt>
      <trkpt lat="54.09790516" lon="-121.72881776">
      </trkpt>
      <trkpt lat="54.09794899" lon="-121.72870933">
      </trkpt>
      <trkpt lat="54.09798376" lon="-121.72860122">
      </trkpt>
      <trkpt lat="54.09801873" lon="-121.72850835">
      </trkpt>
      <trkpt lat="54.09804454" lon="-121.72840053">
      </trkpt>
      <trkpt lat="54.09808773" lon="-121.72823096">
      </trkpt>
      <trkpt lat="54.09812269" lon="-121.72813809">
      </trkpt>
      <trkpt lat="54.09816634" lon="-121.72801441">
      </trkpt>
      <trkpt lat="54.09819198" lon="-121.72789136">
      </trkpt>
      <trkpt lat="54.09825293" lon="-121.72770592">
      </trkpt>
      <trkpt lat="54.09829639" lon="-121.727567">
      </trkpt>
      <trkpt lat="54.09833127" lon="-121.72745887">
      </trkpt>
      <trkpt lat="54.0983742" lon="-121.72727405">
      </trkpt>
      <trkpt lat="54.09838253" lon="-121.7272126">
      </trkpt>
      <trkpt lat="54.09843451" lon="-121.72702746">
      </trkpt>
      <trkpt lat="54.09846012" lon="-121.7269044">
      </trkpt>
      <trkpt lat="54.09850381" lon="-121.72678072">
      </trkpt>
      <trkpt lat="54.09853866" lon="-121.72667261">
      </trkpt>
      <trkpt lat="54.09858232" lon="-121.72654894">
      </trkpt>
      <trkpt lat="54.09862561" lon="-121.72639461">
      </trkpt>
      <trkpt lat="54.09866952" lon="-121.72630159">
      </trkpt>
      <trkpt lat="54.09872186" lon="-121.72614711">
      </trkpt>
      <trkpt lat="54.09875665" lon="-121.72603883">
      </trkpt>
      <trkpt lat="54.09879159" lon="-121.72594613">
      </trkpt>
      <trkpt lat="54.09883543" lon="-121.7258377">
      </trkpt>
      <trkpt lat="54.09887898" lon="-121.72571402">
      </trkpt>
      <trkpt lat="54.09890489" lon="-121.7256062">
      </trkpt>
      <trkpt lat="54.09893967" lon="-121.7254981">
      </trkpt>
      <trkpt lat="54.09896564" lon="-121.72540552">
      </trkpt>
      <trkpt lat="54.09899147" lon="-121.72529771">
      </trkpt>
      <trkpt lat="54.0990353" lon="-121.72518928">
      </trkpt>
      <trkpt lat="54.09908756" lon="-121.72503465">
      </trkpt>
      <trkpt lat="54.0991312" lon="-121.72491097">
      </trkpt>
      <trkpt lat="54.09921912" lon="-121.72472478">
      </trkpt>
      <trkpt lat="54.09925408" lon="-121.72463192">
      </trkpt>
      <trkpt lat="54.09928886" lon="-121.7245238">
      </trkpt>
      <trkpt lat="54.09933268" lon="-121.72441552">
      </trkpt>
      <trkpt lat="54.09936764" lon="-121.72432266">
      </trkpt>
      <trkpt lat="54.09942043" lon="-121.72421393">
      </trkpt>
      <trkpt lat="54.0994552" lon="-121.7241058">
      </trkpt>
      <trkpt lat="54.09948979" lon="-121.72398244">
      </trkpt>
      <trkpt lat="54.09952466" lon="-121.72387432">
      </trkpt>
      <trkpt lat="54.09955047" lon="-121.72376651">
      </trkpt>
      <trkpt lat="54.09958516" lon="-121.72364299">
      </trkpt>
      <trkpt lat="54.09962012" lon="-121.72355026">
      </trkpt>
      <trkpt lat="54.09966421" lon="-121.72347234">
      </trkpt>
      <trkpt lat="54.09970787" lon="-121.72334867">
      </trkpt>
      <trkpt lat="54.09979525" lon="-121.72311656">
      </trkpt>
      <trkpt lat="54.09983862" lon="-121.72296239">
      </trkpt>
      <trkpt lat="54.09987357" lon="-121.72286952">
      </trkpt>
      <trkpt lat="54.09991687" lon="-121.7227152">
      </trkpt>
      <trkpt lat="54.0999865" lon="-121.72249897">
      </trkpt>
      <trkpt lat="54.1000038" lon="-121.72243735">
      </trkpt>
      <trkpt lat="54.10003007" lon="-121.72237529">
      </trkpt>
      <trkpt lat="54.10011755" lon="-121.72214319">
      </trkpt>
      <trkpt lat="54.10022196" lon="-121.72181883">
      </trkpt>
      <trkpt lat="54.10032601" lon="-121.72146382">
      </trkpt>
      <trkpt lat="54.10043975" lon="-121.7211698">
      </trkpt>
      <trkpt lat="54.10045722" lon="-121.72112345">
      </trkpt>
      <trkpt lat="54.10049217" lon="-121.72103058">
      </trkpt>
      <trkpt lat="54.1005965" lon="-121.72069082">
      </trkpt>
      <trkpt lat="54.10063109" lon="-121.72056746">
      </trkpt>
      <trkpt lat="54.10067519" lon="-121.72048969">
      </trkpt>
      <trkpt lat="54.10071884" lon="-121.720366">
      </trkpt>
      <trkpt lat="54.10080479" lon="-121.7199962">
      </trkpt>
      <trkpt lat="54.10083015" lon="-121.7198425">
      </trkpt>
      <trkpt lat="54.10095231" lon="-121.71950228">
      </trkpt>
      <trkpt lat="54.10106586" lon="-121.71919301">
      </trkpt>
      <trkpt lat="54.10114285" lon="-121.71882351">
      </trkpt>
      <trkpt lat="54.10122002" lon="-121.71846943">
      </trkpt>
      <trkpt lat="54.10129838" lon="-121.71823747">
      </trkpt>
      <trkpt lat="54.10134953" lon="-121.71797595">
      </trkpt>
      <trkpt lat="54.10145348" lon="-121.71760568">
      </trkpt>
      <trkpt lat="54.10157555" lon="-121.71725023">
      </trkpt>
      <trkpt lat="54.10166177" lon="-121.71691107">
      </trkpt>
      <trkpt lat="54.10172979" lon="-121.71654187">
      </trkpt>
      <trkpt lat="54.10178123" lon="-121.71631085">
      </trkpt>
      <trkpt lat="54.10181601" lon="-121.71620272">
      </trkpt>
      <trkpt lat="54.10183366" lon="-121.71617162">
      </trkpt>
      <trkpt lat="54.10190374" lon="-121.71600129">
      </trkpt>
      <trkpt lat="54.10199086" lon="-121.71573853">
      </trkpt>
      <trkpt lat="54.10202572" lon="-121.71564566">
      </trkpt>
      <trkpt lat="54.10207878" lon="-121.71555234">
      </trkpt>
      <trkpt lat="54.10211356" lon="-121.71544406">
      </trkpt>
      <trkpt lat="54.10227184" lon="-121.71511802">
      </trkpt>
      <trkpt lat="54.10243951" lon="-121.71482234">
      </trkpt>
      <trkpt lat="54.10262457" lon="-121.71448015">
      </trkpt>
      <trkpt lat="54.10267754" lon="-121.71438666">
      </trkpt>
      <trkpt lat="54.1027564" lon="-121.71420077">
      </trkpt>
      <trkpt lat="54.10281852" lon="-121.71412224">
      </trkpt>
      <trkpt lat="54.10295052" lon="-121.71385826">
      </trkpt>
      <trkpt lat="54.10305654" lon="-121.71368671">
      </trkpt>
      <trkpt lat="54.10316193" lon="-121.713454">
      </trkpt>
      <trkpt lat="54.10334799" lon="-121.7132036">
      </trkpt>
      <trkpt lat="54.10342605" lon="-121.71294116">
      </trkpt>
      <trkpt lat="54.10354076" lon="-121.7127388">
      </trkpt>
      <trkpt lat="54.10368074" lon="-121.71238257">
      </trkpt>
      <trkpt lat="54.10382242" lon="-121.71217945">
      </trkpt>
      <trkpt lat="54.10399817" lon="-121.7118069">
      </trkpt>
      <trkpt lat="54.10406026" lon="-121.71172852">
      </trkpt>
      <trkpt lat="54.10420061" lon="-121.71140294">
      </trkpt>
      <trkpt lat="54.10434112" lon="-121.71109261">
      </trkpt>
      <trkpt lat="54.10440323" lon="-121.71102948">
      </trkpt>
      <trkpt lat="54.10449123" lon="-121.71084329">
      </trkpt>
      <trkpt lat="54.1046858" lon="-121.71054668">
      </trkpt>
      <trkpt lat="54.10478232" lon="-121.71032952">
      </trkpt>
      <trkpt lat="54.10484281" lon="-121.71009818">
      </trkpt>
      <trkpt lat="54.10488474" lon="-121.70982156">
      </trkpt>
      <trkpt lat="54.10490858" lon="-121.7095303">
      </trkpt>
      <trkpt lat="54.10491674" lon="-121.70945344">
      </trkpt>
      <trkpt lat="54.10492444" lon="-121.70933083">
      </trkpt>
      <trkpt lat="54.10492292" lon="-121.70919328">
      </trkpt>
      <trkpt lat="54.10493779" lon="-121.70890217">
      </trkpt>
      <trkpt lat="54.10495303" lon="-121.70864171">
      </trkpt>
      <trkpt lat="54.10496915" lon="-121.70847305">
      </trkpt>
      <trkpt lat="54.10497516" lon="-121.70819748">
      </trkpt>
      <trkpt lat="54.10498905" lon="-121.70781456">
      </trkpt>
      <trkpt lat="54.10500312" lon="-121.70744721">
      </trkpt>
      <trkpt lat="54.1050086" lon="-121.70712575">
      </trkpt>
      <trkpt lat="54.10500241" lon="-121.70654474">
      </trkpt>
      <trkpt lat="54.10498098" lon="-121.70622419">
      </trkpt>
      <trkpt lat="54.10496871" lon="-121.7059186">
      </trkpt>
      <trkpt lat="54.10493762" lon="-121.7055372">
      </trkpt>
      <trkpt lat="54.10492713" lon="-121.70539996">
      </trkpt>
      <trkpt lat="54.10492516" lon="-121.70521635">
      </trkpt>
      <trkpt lat="54.10491386" lon="-121.70500271">
      </trkpt>
      <trkpt lat="54.10492078" lon="-121.70480355">
      </trkpt>
      <trkpt lat="54.10487301" lon="-121.70454506">
      </trkpt>
      <trkpt lat="54.10483295" lon="-121.70416399">
      </trkpt>
      <trkpt lat="54.10482282" lon="-121.70405724">
      </trkpt>
      <trkpt lat="54.10480185" lon="-121.70378244">
      </trkpt>
      <trkpt lat="54.10479906" lon="-121.70352258">
      </trkpt>
      <trkpt lat="54.10478661" lon="-121.70320174">
      </trkpt>
      <trkpt lat="54.1047564" lon="-121.70289674">
      </trkpt>
      <trkpt lat="54.1047444" lon="-121.70262179">
      </trkpt>
      <trkpt lat="54.10473696" lon="-121.70193374">
      </trkpt>
      <trkpt lat="54.10474288" lon="-121.70164308">
      </trkpt>
      <trkpt lat="54.10473643" lon="-121.70104668">
      </trkpt>
      <trkpt lat="54.10474199" lon="-121.70072536">
      </trkpt>
      <trkpt lat="54.10475615" lon="-121.7003731">
      </trkpt>
      <trkpt lat="54.10475579" lon="-121.70034245">
      </trkpt>
      <trkpt lat="54.10475444" lon="-121.70022014">
      </trkpt>
      <trkpt lat="54.10478724" lon="-121.69992858">
      </trkpt>
      <trkpt lat="54.10479459" lon="-121.69977532">
      </trkpt>
      <trkpt lat="54.10485365" lon="-121.69942169">
      </trkpt>
      <trkpt lat="54.10489603" lon="-121.69917571">
      </trkpt>
      <trkpt lat="54.10493815" lon="-121.69891432">
      </trkpt>
      <trkpt lat="54.10505295" lon="-121.69872722">
      </trkpt>
      <trkpt lat="54.10519337" lon="-121.69841689">
      </trkpt>
      <trkpt lat="54.10538031" lon="-121.69824275">
      </trkpt>
      <trkpt lat="54.10544215" lon="-121.6981491">
      </trkpt>
      <trkpt lat="54.10565615" lon="-121.69798945">
      </trkpt>
      <trkpt lat="54.10570955" lon="-121.69794187">
      </trkpt>
      <trkpt lat="54.1058705" lon="-121.69786028">
      </trkpt>
      <trkpt lat="54.10601325" lon="-121.69776405">
      </trkpt>
      <trkpt lat="54.10622564" lon="-121.6974516">
      </trkpt>
      <trkpt lat="54.10635907" lon="-121.69732502">
      </trkpt>
      <trkpt lat="54.10655541" lon="-121.69719647">
      </trkpt>
      <trkpt lat="54.10669798" lon="-121.69708484">
      </trkpt>
      <trkpt lat="54.10691152" lon="-121.69687942">
      </trkpt>
      <trkpt lat="54.10709855" lon="-121.69672054">
      </trkpt>
      <trkpt lat="54.10710759" lon="-121.69672022">
      </trkpt>
      <trkpt lat="54.1073224" lon="-121.69663697">
      </trkpt>
      <trkpt lat="54.10751854" lon="-121.69649316">
      </trkpt>
      <trkpt lat="54.10758997" lon="-121.69644513">
      </trkpt>
      <trkpt lat="54.10774123" lon="-121.69630269">
      </trkpt>
      <trkpt lat="54.10787519" lon="-121.69622202">
      </trkpt>
      <trkpt lat="54.10798165" lon="-121.69609622">
      </trkpt>
      <trkpt lat="54.10817771" lon="-121.69593716">
      </trkpt>
      <trkpt lat="54.1082399" lon="-121.69587402">
      </trkpt>
      <trkpt lat="54.10840864" lon="-121.69568508">
      </trkpt>
      <trkpt lat="54.10846186" lon="-121.69562226">
      </trkpt>
      <trkpt lat="54.10858569" lon="-121.69543485">
      </trkpt>
      <trkpt lat="54.10868203" lon="-121.69520244">
      </trkpt>
      <trkpt lat="54.10873516" lon="-121.6951242">
      </trkpt>
      <trkpt lat="54.10882289" lon="-121.69492261">
      </trkpt>
      <trkpt lat="54.10883167" lon="-121.69490706">
      </trkpt>
      <trkpt lat="54.10890058" lon="-121.69462952">
      </trkpt>
      <trkpt lat="54.10896877" lon="-121.69429083">
      </trkpt>
      <trkpt lat="54.10900345" lon="-121.69416745">
      </trkpt>
      <trkpt lat="54.10905453" lon="-121.69390576">
      </trkpt>
      <trkpt lat="54.1091237" lon="-121.69365888">
      </trkpt>
      <trkpt lat="54.10916483" lon="-121.6933057">
      </trkpt>
      <trkpt lat="54.10916347" lon="-121.69318339">
      </trkpt>
      <trkpt lat="54.10914207" lon="-121.69286285">
      </trkpt>
      <trkpt lat="54.10911223" lon="-121.69260362">
      </trkpt>
      <trkpt lat="54.10909046" lon="-121.69225257">
      </trkpt>
      <trkpt lat="54.10900596" lon="-121.69191859">
      </trkpt>
      <trkpt lat="54.10893041" lon="-121.69158449">
      </trkpt>
      <trkpt lat="54.10887387" lon="-121.69134156">
      </trkpt>
      <trkpt lat="54.10884575" lon="-121.69123542">
      </trkpt>
      <trkpt lat="54.10880613" lon="-121.69090009">
      </trkpt>
      <trkpt lat="54.10869448" lon="-121.69055178">
      </trkpt>
      <trkpt lat="54.10858095" lon="-121.69003528">
      </trkpt>
      <trkpt lat="54.10853337" lon="-121.68979205">
      </trkpt>
      <trkpt lat="54.10846813" lon="-121.68957994">
      </trkpt>
      <trkpt lat="54.10841025" lon="-121.68921455">
      </trkpt>
      <trkpt lat="54.10835388" lon="-121.68898688">
      </trkpt>
      <trkpt lat="54.10830496" lon="-121.68862135">
      </trkpt>
      <trkpt lat="54.10824851" lon="-121.68839367">
      </trkpt>
      <trkpt lat="54.1081994" lon="-121.68801289">
      </trkpt>
      <trkpt lat="54.10813337" lon="-121.68772422">
      </trkpt>
      <trkpt lat="54.10810504" lon="-121.68760283">
      </trkpt>
      <trkpt lat="54.10808488" lon="-121.68740458">
      </trkpt>
      <trkpt lat="54.10799087" lon="-121.68702517">
      </trkpt>
      <trkpt lat="54.10793479" lon="-121.68682801">
      </trkpt>
      <trkpt lat="54.10788818" lon="-121.68667657">
      </trkpt>
      <trkpt lat="54.10779437" lon="-121.68631241">
      </trkpt>
      <trkpt lat="54.10773827" lon="-121.68611539">
      </trkpt>
      <trkpt lat="54.10761793" lon="-121.6857979">
      </trkpt>
      <trkpt lat="54.10757169" lon="-121.68567696">
      </trkpt>
      <trkpt lat="54.10748782" lon="-121.68540431">
      </trkpt>
      <trkpt lat="54.10744194" lon="-121.68531402">
      </trkpt>
      <trkpt lat="54.10740411" lon="-121.68514689">
      </trkpt>
      <trkpt lat="54.10731109" lon="-121.68485929">
      </trkpt>
      <trkpt lat="54.10725536" lon="-121.68469277">
      </trkpt>
      <trkpt lat="54.1071989" lon="-121.68446508">
      </trkpt>
      <trkpt lat="54.10711522" lon="-121.68420768">
      </trkpt>
      <trkpt lat="54.10702201" lon="-121.68390481">
      </trkpt>
      <trkpt lat="54.10699388" lon="-121.68379853">
      </trkpt>
      <trkpt lat="54.10689899" lon="-121.68334273">
      </trkpt>
      <trkpt lat="54.10687836" lon="-121.68309857">
      </trkpt>
      <trkpt lat="54.10685703" lon="-121.68279343">
      </trkpt>
      <trkpt lat="54.10683723" lon="-121.68262569">
      </trkpt>
      <trkpt lat="54.10682711" lon="-121.68251895">
      </trkpt>
      <trkpt lat="54.10678795" lon="-121.68222965">
      </trkpt>
      <trkpt lat="54.10674798" lon="-121.68186383">
      </trkpt>
      <trkpt lat="54.10672854" lon="-121.68172672">
      </trkpt>
      <trkpt lat="54.10671688" lon="-121.68148227">
      </trkpt>
      <trkpt lat="54.10671285" lon="-121.68111537">
      </trkpt>
      <trkpt lat="54.10671249" lon="-121.68108487">
      </trkpt>
      <trkpt lat="54.10671097" lon="-121.68094717">
      </trkpt>
      <trkpt lat="54.10669878" lon="-121.68065698">
      </trkpt>
      <trkpt lat="54.10669664" lon="-121.68045812">
      </trkpt>
      <trkpt lat="54.10669629" lon="-121.68042762">
      </trkpt>
      <trkpt lat="54.10670326" lon="-121.68024386">
      </trkpt>
      <trkpt lat="54.10670273" lon="-121.68019796">
      </trkpt>
      <trkpt lat="54.10671089" lon="-121.68012126">
      </trkpt>
      <trkpt lat="54.10674395" lon="-121.67986019">
      </trkpt>
      <trkpt lat="54.10675184" lon="-121.67975282">
      </trkpt>
      <trkpt lat="54.10678525" lon="-121.67952227">
      </trkpt>
      <trkpt lat="54.10679341" lon="-121.67944555">
      </trkpt>
      <trkpt lat="54.10682702" lon="-121.67923042">
      </trkpt>
      <trkpt lat="54.10689665" lon="-121.67902924">
      </trkpt>
      <trkpt lat="54.1069394" lon="-121.67882901">
      </trkpt>
      <trkpt lat="54.10696538" lon="-121.67873645">
      </trkpt>
      <trkpt lat="54.10698213" lon="-121.67862878">
      </trkpt>
      <trkpt lat="54.10713188" lon="-121.67834881">
      </trkpt>
      <trkpt lat="54.10719343" lon="-121.67822437">
      </trkpt>
      <trkpt lat="54.10735233" lon="-121.67795933">
      </trkpt>
      <trkpt lat="54.10748539" lon="-121.67780211">
      </trkpt>
      <trkpt lat="54.10762671" lon="-121.67756818">
      </trkpt>
      <trkpt lat="54.10774177" lon="-121.67741156">
      </trkpt>
      <trkpt lat="54.10794472" lon="-121.67706861">
      </trkpt>
      <trkpt lat="54.10814859" lon="-121.67680204">
      </trkpt>
      <trkpt lat="54.10832611" lon="-121.67659755">
      </trkpt>
      <trkpt lat="54.10843175" lon="-121.67639533">
      </trkpt>
      <trkpt lat="54.10859995" lon="-121.6761605">
      </trkpt>
      <trkpt lat="54.10866133" lon="-121.67602097">
      </trkpt>
      <trkpt lat="54.10877655" lon="-121.67587959">
      </trkpt>
      <trkpt lat="54.10885613" lon="-121.6757547">
      </trkpt>
      <trkpt lat="54.10905856" lon="-121.67536584">
      </trkpt>
      <trkpt lat="54.10923579" lon="-121.67513069">
      </trkpt>
      <trkpt lat="54.10929762" lon="-121.67503691">
      </trkpt>
      <trkpt lat="54.10944709" lon="-121.67472628">
      </trkpt>
      <trkpt lat="54.109491" lon="-121.67463294">
      </trkpt>
      <trkpt lat="54.10961509" lon="-121.67447603">
      </trkpt>
      <trkpt lat="54.10979162" lon="-121.67417988">
      </trkpt>
      <trkpt lat="54.1099513" lon="-121.6739911">
      </trkpt>
      <trkpt lat="54.11002127" lon="-121.6738206">
      </trkpt>
      <trkpt lat="54.11023328" lon="-121.67347734">
      </trkpt>
      <trkpt lat="54.11041841" lon="-121.67315024">
      </trkpt>
      <trkpt lat="54.11048964" lon="-121.6730868">
      </trkpt>
      <trkpt lat="54.11059554" lon="-121.67291509">
      </trkpt>
      <trkpt lat="54.11077323" lon="-121.67272584">
      </trkpt>
      <trkpt lat="54.11095888" lon="-121.67244448">
      </trkpt>
      <trkpt lat="54.11102976" lon="-121.67235054">
      </trkpt>
      <trkpt lat="54.11122545" lon="-121.6721607">
      </trkpt>
      <trkpt lat="54.111306" lon="-121.67212745">
      </trkpt>
      <trkpt lat="54.1115016" lon="-121.67193759">
      </trkpt>
      <trkpt lat="54.11157301" lon="-121.67188956">
      </trkpt>
      <trkpt lat="54.11179748" lon="-121.67186698">
      </trkpt>
      <trkpt lat="54.11202174" lon="-121.67182917">
      </trkpt>
      <trkpt lat="54.11217433" lon="-121.67180904">
      </trkpt>
      <trkpt lat="54.1123529" lon="-121.67169619">
      </trkpt>
      <trkpt lat="54.11254087" lon="-121.67162909">
      </trkpt>
      <trkpt lat="54.11268487" lon="-121.67163976">
      </trkpt>
      <trkpt lat="54.1128466" lon="-121.67163459">
      </trkpt>
      <trkpt lat="54.11302641" lon="-121.67164418">
      </trkpt>
      <trkpt lat="54.11324226" lon="-121.67165257">
      </trkpt>
      <trkpt lat="54.11333212" lon="-121.67164968">
      </trkpt>
      <trkpt lat="54.11350317" lon="-121.67167484">
      </trkpt>
      <trkpt lat="54.1136561" lon="-121.67168521">
      </trkpt>
      <trkpt lat="54.11369203" lon="-121.67168399">
      </trkpt>
      <trkpt lat="54.11381817" lon="-121.67171067">
      </trkpt>
      <trkpt lat="54.11396225" lon="-121.6717366">
      </trkpt>
      <trkpt lat="54.11412451" lon="-121.67177731">
      </trkpt>
      <trkpt lat="54.11434966" lon="-121.67181605">
      </trkpt>
      <trkpt lat="54.11455699" lon="-121.67187065">
      </trkpt>
      <trkpt lat="54.11472766" lon="-121.67186515">
      </trkpt>
      <trkpt lat="54.11490758" lon="-121.67187461">
      </trkpt>
      <trkpt lat="54.11506946" lon="-121.67188483">
      </trkpt>
      <trkpt lat="54.11515932" lon="-121.67188193">
      </trkpt>
      <trkpt lat="54.11538447" lon="-121.67192066">
      </trkpt>
      <trkpt lat="54.11556455" lon="-121.67194552">
      </trkpt>
      <trkpt lat="54.11573559" lon="-121.67197052">
      </trkpt>
      <trkpt lat="54.11575359" lon="-121.67197007">
      </trkpt>
      <trkpt lat="54.11583459" lon="-121.67198272">
      </trkpt>
      <trkpt lat="54.11605937" lon="-121.6719908">
      </trkpt>
      <trkpt lat="54.11627538" lon="-121.6720146">
      </trkpt>
      <trkpt lat="54.11648225" lon="-121.67202328">
      </trkpt>
      <trkpt lat="54.11670702" lon="-121.67203137">
      </trkpt>
      <trkpt lat="54.11674294" lon="-121.67203015">
      </trkpt>
      <trkpt lat="54.11679689" lon="-121.67202848">
      </trkpt>
      <trkpt lat="54.11685081" lon="-121.6720268">
      </trkpt>
      <trkpt lat="54.11702167" lon="-121.67203655">
      </trkpt>
      <trkpt lat="54.11724662" lon="-121.67206004">
      </trkpt>
      <trkpt lat="54.11747193" lon="-121.67211402">
      </trkpt>
      <trkpt lat="54.11760703" lon="-121.67214026">
      </trkpt>
      <trkpt lat="54.11778746" lon="-121.6721956">
      </trkpt>
      <trkpt lat="54.11793135" lon="-121.67220643">
      </trkpt>
      <trkpt lat="54.11814769" lon="-121.67226072">
      </trkpt>
      <trkpt lat="54.11822868" lon="-121.67227338">
      </trkpt>
      <trkpt lat="54.11839944" lon="-121.67226789">
      </trkpt>
      <trkpt lat="54.11861524" lon="-121.67227628">
      </trkpt>
      <trkpt lat="54.11883025" lon="-121.67220827">
      </trkpt>
      <trkpt lat="54.11891992" lon="-121.67219011">
      </trkpt>
      <trkpt lat="54.11913457" lon="-121.67209145">
      </trkpt>
      <trkpt lat="54.11934984" lon="-121.67205393">
      </trkpt>
      <trkpt lat="54.11955607" lon="-121.67200148">
      </trkpt>
      <trkpt lat="54.11969044" lon="-121.67196657">
      </trkpt>
      <trkpt lat="54.11983323" lon="-121.67187018">
      </trkpt>
      <trkpt lat="54.11990374" lon="-121.67174544">
      </trkpt>
      <trkpt lat="54.12009975" lon="-121.67158624">
      </trkpt>
      <trkpt lat="54.12016201" lon="-121.6715231">
      </trkpt>
      <trkpt lat="54.12031206" lon="-121.67127347">
      </trkpt>
      <trkpt lat="54.12052482" lon="-121.67100645">
      </trkpt>
      <trkpt lat="54.12063079" lon="-121.67083475">
      </trkpt>
      <trkpt lat="54.12078101" lon="-121.67060051">
      </trkpt>
      <trkpt lat="54.12101903" lon="-121.67017977">
      </trkpt>
      <trkpt lat="54.12103667" lon="-121.67014851">
      </trkpt>
      <trkpt lat="54.12108971" lon="-121.67007028">
      </trkpt>
      <trkpt lat="54.12116988" lon="-121.67000653">
      </trkpt>
      <trkpt lat="54.121223" lon="-121.66992831">
      </trkpt>
      <trkpt lat="54.12141713" lon="-121.66960074">
      </trkpt>
      <trkpt lat="54.12155803" lon="-121.66933617">
      </trkpt>
      <trkpt lat="54.12169087" lon="-121.66916354">
      </trkpt>
      <trkpt lat="54.12190283" lon="-121.66882012">
      </trkpt>
      <trkpt lat="54.12206219" lon="-121.66860084">
      </trkpt>
      <trkpt lat="54.12215015" lon="-121.66842973">
      </trkpt>
      <trkpt lat="54.12222934" lon="-121.66827418">
      </trkpt>
      <trkpt lat="54.12229975" lon="-121.6681342">
      </trkpt>
      <trkpt lat="54.12244925" lon="-121.66783866">
      </trkpt>
      <trkpt lat="54.12255451" lon="-121.66760565">
      </trkpt>
      <trkpt lat="54.12271341" lon="-121.66734046">
      </trkpt>
      <trkpt lat="54.12278408" lon="-121.66723112">
      </trkpt>
      <trkpt lat="54.12294246" lon="-121.66692003">
      </trkpt>
      <trkpt lat="54.12305774" lon="-121.66677852">
      </trkpt>
      <trkpt lat="54.12311928" lon="-121.66665422">
      </trkpt>
      <trkpt lat="54.12326117" lon="-121.66648131">
      </trkpt>
      <trkpt lat="54.12337511" lon="-121.66621748">
      </trkpt>
      <trkpt lat="54.12356904" lon="-121.66587468">
      </trkpt>
      <trkpt lat="54.12363094" lon="-121.66578089">
      </trkpt>
      <trkpt lat="54.12376252" lon="-121.66548582">
      </trkpt>
      <trkpt lat="54.12386796" lon="-121.66526819">
      </trkpt>
      <trkpt lat="54.12399129" lon="-121.66504998">
      </trkpt>
      <trkpt lat="54.12408778" lon="-121.66483268">
      </trkpt>
      <trkpt lat="54.12429935" lon="-121.6644586">
      </trkpt>
      <trkpt lat="54.12446639" lon="-121.66411655">
      </trkpt>
      <trkpt lat="54.1245806" lon="-121.66388339">
      </trkpt>
      <trkpt lat="54.12471146" lon="-121.66352716">
      </trkpt>
      <trkpt lat="54.12486051" lon="-121.66318572">
      </trkpt>
      <trkpt lat="54.1249226" lon="-121.66310718">
      </trkpt>
      <trkpt lat="54.12498395" lon="-121.6629675">
      </trkpt>
      <trkpt lat="54.12504584" lon="-121.66287372">
      </trkpt>
      <trkpt lat="54.12508077" lon="-121.66278084">
      </trkpt>
      <trkpt lat="54.12526521" lon="-121.66239228">
      </trkpt>
      <trkpt lat="54.12539723" lon="-121.66214312">
      </trkpt>
      <trkpt lat="54.12551931" lon="-121.66180259">
      </trkpt>
      <trkpt lat="54.12568629" lon="-121.66146054">
      </trkpt>
      <trkpt lat="54.12581767" lon="-121.66115021">
      </trkpt>
      <trkpt lat="54.12592256" lon="-121.66088671">
      </trkpt>
      <trkpt lat="54.12600066" lon="-121.66063935">
      </trkpt>
      <trkpt lat="54.12605155" lon="-121.66036227">
      </trkpt>
      <trkpt lat="54.12607663" lon="-121.66019315">
      </trkpt>
      <trkpt lat="54.12618052" lon="-121.65983769">
      </trkpt>
      <trkpt lat="54.12626356" lon="-121.65922298">
      </trkpt>
      <trkpt lat="54.12628801" lon="-121.65899256">
      </trkpt>
      <trkpt lat="54.12629319" lon="-121.6586557">
      </trkpt>
      <trkpt lat="54.12628505" lon="-121.65792143">
      </trkpt>
      <trkpt lat="54.12626382" lon="-121.65763138">
      </trkpt>
      <trkpt lat="54.12625353" lon="-121.65750941">
      </trkpt>
      <trkpt lat="54.12622397" lon="-121.65728065">
      </trkpt>
      <trkpt lat="54.12619288" lon="-121.6569145">
      </trkpt>
      <trkpt lat="54.1261437" lon="-121.65653341">
      </trkpt>
      <trkpt lat="54.12612249" lon="-121.65624337">
      </trkpt>
      <trkpt lat="54.12606498" lon="-121.65592389">
      </trkpt>
      <trkpt lat="54.1260261" lon="-121.65566495">
      </trkpt>
      <trkpt lat="54.12598678" lon="-121.65536011">
      </trkpt>
      <trkpt lat="54.12595695" lon="-121.65510102">
      </trkpt>
      <trkpt lat="54.12592848" lon="-121.65496424">
      </trkpt>
      <trkpt lat="54.12588925" lon="-121.65467464">
      </trkpt>
      <trkpt lat="54.1257934" lon="-121.65414214">
      </trkpt>
      <trkpt lat="54.12576393" lon="-121.65391354">
      </trkpt>
      <trkpt lat="54.12569755" lon="-121.65360962">
      </trkpt>
      <trkpt lat="54.12567821" lon="-121.65348792">
      </trkpt>
      <trkpt lat="54.12565653" lon="-121.65315198">
      </trkpt>
      <trkpt lat="54.12554081" lon="-121.65245172">
      </trkpt>
      <trkpt lat="54.12551178" lon="-121.65226903">
      </trkpt>
      <trkpt lat="54.1254902" lon="-121.65194833">
      </trkpt>
      <trkpt lat="54.12543325" lon="-121.65167475">
      </trkpt>
      <trkpt lat="54.12537519" lon="-121.65130938">
      </trkpt>
      <trkpt lat="54.12533615" lon="-121.6510352">
      </trkpt>
      <trkpt lat="54.12530784" lon="-121.65091365">
      </trkpt>
      <trkpt lat="54.12528714" lon="-121.65066951">
      </trkpt>
      <trkpt lat="54.12522014" lon="-121.65030444">
      </trkpt>
      <trkpt lat="54.12515413" lon="-121.65003117">
      </trkpt>
      <trkpt lat="54.12512494" lon="-121.64983307">
      </trkpt>
      <trkpt lat="54.12505812" lon="-121.6494834">
      </trkpt>
      <trkpt lat="54.12500042" lon="-121.64914853">
      </trkpt>
      <trkpt lat="54.12497141" lon="-121.64896584">
      </trkpt>
      <trkpt lat="54.12493288" lon="-121.64873754">
      </trkpt>
      <trkpt lat="54.12490405" lon="-121.64857011">
      </trkpt>
      <trkpt lat="54.12485496" lon="-121.64820457">
      </trkpt>
      <trkpt lat="54.12482611" lon="-121.64803714">
      </trkpt>
      <trkpt lat="54.12479664" lon="-121.64780855">
      </trkpt>
      <trkpt lat="54.12473028" lon="-121.64750463">
      </trkpt>
      <trkpt lat="54.12467295" lon="-121.6472004">
      </trkpt>
      <trkpt lat="54.1246536" lon="-121.64707871">
      </trkpt>
      <trkpt lat="54.12460487" lon="-121.64674352">
      </trkpt>
      <trkpt lat="54.12456547" lon="-121.64643883">
      </trkpt>
      <trkpt lat="54.12450742" lon="-121.64607345">
      </trkpt>
      <trkpt lat="54.12449729" lon="-121.64596671">
      </trkpt>
      <trkpt lat="54.12442124" lon="-121.64560193">
      </trkpt>
      <trkpt lat="54.12439294" lon="-121.64548039">
      </trkpt>
      <trkpt lat="54.12435406" lon="-121.64522146">
      </trkpt>
      <trkpt lat="54.1243539" lon="-121.64520621">
      </trkpt>
      <trkpt lat="54.12430535" lon="-121.64488643">
      </trkpt>
      <trkpt lat="54.12428599" lon="-121.64476458">
      </trkpt>
      <trkpt lat="54.12424677" lon="-121.64447515">
      </trkpt>
      <trkpt lat="54.12424622" lon="-121.64442925">
      </trkpt>
      <trkpt lat="54.1242069" lon="-121.64412457">
      </trkpt>
      <trkpt lat="54.12416803" lon="-121.64386563">
      </trkpt>
      <trkpt lat="54.12416766" lon="-121.64383512">
      </trkpt>
      <trkpt lat="54.12411992" lon="-121.64359174">
      </trkpt>
      <trkpt lat="54.12407137" lon="-121.64327196">
      </trkpt>
      <trkpt lat="54.12404307" lon="-121.64315057">
      </trkpt>
      <trkpt lat="54.12402372" lon="-121.64302873">
      </trkpt>
      <trkpt lat="54.12402238" lon="-121.64290627">
      </trkpt>
      <trkpt lat="54.12401073" lon="-121.64267723">
      </trkpt>
      <trkpt lat="54.12400697" lon="-121.64234068">
      </trkpt>
      <trkpt lat="54.12399487" lon="-121.64206557">
      </trkpt>
      <trkpt lat="54.12395546" lon="-121.64176089">
      </trkpt>
      <trkpt lat="54.12390655" lon="-121.64141045">
      </trkpt>
      <trkpt lat="54.12385837" lon="-121.64112132">
      </trkpt>
      <trkpt lat="54.12384852" lon="-121.64104507">
      </trkpt>
      <trkpt lat="54.12381913" lon="-121.64083188">
      </trkpt>
      <trkpt lat="54.12379942" lon="-121.64067954">
      </trkpt>
      <trkpt lat="54.12375159" lon="-121.64042091">
      </trkpt>
      <trkpt lat="54.12368476" lon="-121.64007109">
      </trkpt>
      <trkpt lat="54.12365485" lon="-121.639812">
      </trkpt>
      <trkpt lat="54.12363254" lon="-121.63943015">
      </trkpt>
      <trkpt lat="54.12361248" lon="-121.63924715">
      </trkpt>
      <trkpt lat="54.12360147" lon="-121.63906385">
      </trkpt>
      <trkpt lat="54.12358955" lon="-121.63880415">
      </trkpt>
      <trkpt lat="54.12358919" lon="-121.6387735">
      </trkpt>
      <trkpt lat="54.1235686" lon="-121.63854476">
      </trkpt>
      <trkpt lat="54.12356841" lon="-121.63852935">
      </trkpt>
      <trkpt lat="54.12352093" lon="-121.63830137">
      </trkpt>
      <trkpt lat="54.12347185" lon="-121.63793584">
      </trkpt>
      <trkpt lat="54.12347095" lon="-121.63785929">
      </trkpt>
      <trkpt lat="54.12346926" lon="-121.63770633">
      </trkpt>
      <trkpt lat="54.12344955" lon="-121.63755399">
      </trkpt>
      <trkpt lat="54.12339266" lon="-121.63729567">
      </trkpt>
      <trkpt lat="54.12337197" lon="-121.63705152">
      </trkpt>
      <trkpt lat="54.12335047" lon="-121.63674623">
      </trkpt>
      <trkpt lat="54.12332924" lon="-121.63645618">
      </trkpt>
      <trkpt lat="54.1233185" lon="-121.63630354">
      </trkpt>
      <trkpt lat="54.12327031" lon="-121.6360144">
      </trkpt>
      <trkpt lat="54.1232316" lon="-121.63577072">
      </trkpt>
      <trkpt lat="54.12321029" lon="-121.63548067">
      </trkpt>
      <trkpt lat="54.12319802" lon="-121.63519031">
      </trkpt>
      <trkpt lat="54.12317607" lon="-121.63483913">
      </trkpt>
      <trkpt lat="54.12316586" lon="-121.63473237">
      </trkpt>
      <trkpt lat="54.12312663" lon="-121.63444294">
      </trkpt>
      <trkpt lat="54.1230985" lon="-121.63433665">
      </trkpt>
      <trkpt lat="54.1230675" lon="-121.63398576">
      </trkpt>
      <trkpt lat="54.12305631" lon="-121.6337872">
      </trkpt>
      <trkpt lat="54.12304646" lon="-121.63371111">
      </trkpt>
      <trkpt lat="54.12300722" lon="-121.63342153">
      </trkpt>
      <trkpt lat="54.12297747" lon="-121.63317768">
      </trkpt>
      <trkpt lat="54.12295777" lon="-121.63302534">
      </trkpt>
      <trkpt lat="54.12294666" lon="-121.63284203">
      </trkpt>
      <trkpt lat="54.12288879" lon="-121.63249207">
      </trkpt>
      <trkpt lat="54.12282099" lon="-121.63206584">
      </trkpt>
      <trkpt lat="54.12273598" lon="-121.63170138">
      </trkpt>
      <trkpt lat="54.12259337" lon="-121.63101744">
      </trkpt>
      <trkpt lat="54.12256399" lon="-121.63080424">
      </trkpt>
      <trkpt lat="54.12252699" lon="-121.63071366">
      </trkpt>
      <trkpt lat="54.12246098" lon="-121.63044039">
      </trkpt>
      <trkpt lat="54.12201647" lon="-121.62851178">
      </trkpt>
      <trkpt lat="54.1211456" lon="-121.62465396">
      </trkpt>
      <trkpt lat="54.12070101" lon="-121.62272535">
      </trkpt>
      <trkpt lat="54.12026546" lon="-121.62079658">
      </trkpt>
      <trkpt lat="54.11986762" lon="-121.61901957">
      </trkpt>
      <trkpt lat="54.11983762" lon="-121.61876047">
      </trkpt>
      <trkpt lat="54.11983574" lon="-121.61859227">
      </trkpt>
      <trkpt lat="54.11976971" lon="-121.61831901">
      </trkpt>
      <trkpt lat="54.11970521" lon="-121.61818342">
      </trkpt>
      <trkpt lat="54.11965836" lon="-121.6180166">
      </trkpt>
      <trkpt lat="54.11959224" lon="-121.61774347">
      </trkpt>
      <trkpt lat="54.11956395" lon="-121.61762194">
      </trkpt>
      <trkpt lat="54.11951565" lon="-121.6173328">
      </trkpt>
      <trkpt lat="54.11948689" lon="-121.61718076">
      </trkpt>
      <trkpt lat="54.11940278" lon="-121.61689286">
      </trkpt>
      <trkpt lat="54.11932807" lon="-121.61665055">
      </trkpt>
      <trkpt lat="54.11929035" lon="-121.61649881">
      </trkpt>
      <trkpt lat="54.11905868" lon="-121.61589447">
      </trkpt>
      <trkpt lat="54.11887217" lon="-121.61531926">
      </trkpt>
      <trkpt lat="54.11875122" lon="-121.61495617">
      </trkpt>
      <trkpt lat="54.11860359" lon="-121.6146245">
      </trkpt>
      <trkpt lat="54.11854688" lon="-121.61438157">
      </trkpt>
      <trkpt lat="54.11845461" lon="-121.61417037">
      </trkpt>
      <trkpt lat="54.11842602" lon="-121.61403357">
      </trkpt>
      <trkpt lat="54.11839574" lon="-121.61374398">
      </trkpt>
      <trkpt lat="54.11831995" lon="-121.61340986">
      </trkpt>
      <trkpt lat="54.11827292" lon="-121.61322778">
      </trkpt>
      <trkpt lat="54.11824318" lon="-121.61298395">
      </trkpt>
      <trkpt lat="54.11819598" lon="-121.61278661">
      </trkpt>
      <trkpt lat="54.11813854" lon="-121.61248254">
      </trkpt>
      <trkpt lat="54.11807188" lon="-121.61216352">
      </trkpt>
      <trkpt lat="54.11804269" lon="-121.61196558">
      </trkpt>
      <trkpt lat="54.11798606" lon="-121.61173791">
      </trkpt>
      <trkpt lat="54.1179377" lon="-121.61143352">
      </trkpt>
      <trkpt lat="54.11789871" lon="-121.61117474">
      </trkpt>
      <trkpt lat="54.11783279" lon="-121.61091688">
      </trkpt>
      <trkpt lat="54.11779319" lon="-121.61059694">
      </trkpt>
      <trkpt lat="54.11776372" lon="-121.61038374">
      </trkpt>
      <trkpt lat="54.11770664" lon="-121.61011012">
      </trkpt>
      <trkpt lat="54.11769732" lon="-121.61007983">
      </trkpt>
      <trkpt lat="54.11764008" lon="-121.60979115">
      </trkpt>
      <trkpt lat="54.11759295" lon="-121.60960908">
      </trkpt>
      <trkpt lat="54.1175539" lon="-121.60933503">
      </trkpt>
      <trkpt lat="54.117534" lon="-121.6091673">
      </trkpt>
      <trkpt lat="54.11743967" lon="-121.60878803">
      </trkpt>
      <trkpt lat="54.11738153" lon="-121.6084228">
      </trkpt>
      <trkpt lat="54.11729677" lon="-121.608089">
      </trkpt>
      <trkpt lat="54.11726747" lon="-121.60789106">
      </trkpt>
      <trkpt lat="54.11721973" lon="-121.60764783">
      </trkpt>
      <trkpt lat="54.11715317" lon="-121.60732881">
      </trkpt>
      <trkpt lat="54.1170772" lon="-121.60697945">
      </trkpt>
      <trkpt lat="54.1170478" lon="-121.60676625">
      </trkpt>
      <trkpt lat="54.1169808" lon="-121.60641658">
      </trkpt>
      <trkpt lat="54.11690464" lon="-121.60605196">
      </trkpt>
      <trkpt lat="54.11681039" lon="-121.60567256">
      </trkpt>
      <trkpt lat="54.11675244" lon="-121.60532258">
      </trkpt>
      <trkpt lat="54.11671525" lon="-121.60521674">
      </trkpt>
      <trkpt lat="54.11666678" lon="-121.60491237">
      </trkpt>
      <trkpt lat="54.11665657" lon="-121.60480561">
      </trkpt>
      <trkpt lat="54.11663745" lon="-121.60471442">
      </trkpt>
      <trkpt lat="54.11657137" lon="-121.60444131">
      </trkpt>
      <trkpt lat="54.11647712" lon="-121.60406206">
      </trkpt>
      <trkpt lat="54.11645777" lon="-121.60394021">
      </trkpt>
      <trkpt lat="54.116374" lon="-121.6036982">
      </trkpt>
      <trkpt lat="54.11627965" lon="-121.60331895">
      </trkpt>
      <trkpt lat="54.11618594" lon="-121.60298544">
      </trkpt>
      <trkpt lat="54.1161467" lon="-121.60269615">
      </trkpt>
      <trkpt lat="54.1161097" lon="-121.60260558">
      </trkpt>
      <trkpt lat="54.1160064" lon="-121.60222662">
      </trkpt>
      <trkpt lat="54.11597801" lon="-121.60210509">
      </trkpt>
      <trkpt lat="54.11585769" lon="-121.60180314">
      </trkpt>
      <trkpt lat="54.11573691" lon="-121.60147068">
      </trkpt>
      <trkpt lat="54.11569975" lon="-121.60136487">
      </trkpt>
      <trkpt lat="54.11561535" lon="-121.60106171">
      </trkpt>
      <trkpt lat="54.11554055" lon="-121.6008194">
      </trkpt>
      <trkpt lat="54.11544681" lon="-121.60048588">
      </trkpt>
      <trkpt lat="54.11539977" lon="-121.60030395">
      </trkpt>
      <trkpt lat="54.11536225" lon="-121.60016744">
      </trkpt>
      <trkpt lat="54.11530606" lon="-121.59997046">
      </trkpt>
      <trkpt lat="54.11528698" lon="-121.59987942">
      </trkpt>
      <trkpt lat="54.11525875" lon="-121.59977327">
      </trkpt>
      <trkpt lat="54.11521208" lon="-121.59962184">
      </trkpt>
      <trkpt lat="54.11517455" lon="-121.59948536">
      </trkpt>
      <trkpt lat="54.11513754" lon="-121.59939479">
      </trkpt>
      <trkpt lat="54.11510019" lon="-121.59927369">
      </trkpt>
      <trkpt lat="54.11507195" lon="-121.59916756">
      </trkpt>
      <trkpt lat="54.11502564" lon="-121.59904679">
      </trkpt>
      <trkpt lat="54.11496024" lon="-121.59883467">
      </trkpt>
      <trkpt lat="54.11481222" lon="-121.59847249">
      </trkpt>
      <trkpt lat="54.11467371" lon="-121.59815591">
      </trkpt>
      <trkpt lat="54.11462767" lon="-121.59806563">
      </trkpt>
      <trkpt lat="54.11455419" lon="-121.59793052">
      </trkpt>
      <trkpt lat="54.11448968" lon="-121.59779495">
      </trkpt>
      <trkpt lat="54.11444354" lon="-121.59768942">
      </trkpt>
      <trkpt lat="54.11439748" lon="-121.59759915">
      </trkpt>
      <trkpt lat="54.11435171" lon="-121.59752427">
      </trkpt>
      <trkpt lat="54.11431488" lon="-121.59744893">
      </trkpt>
      <trkpt lat="54.11429617" lon="-121.5973884">
      </trkpt>
      <trkpt lat="54.11424124" lon="-121.59729842">
      </trkpt>
      <trkpt lat="54.11419482" lon="-121.59717765">
      </trkpt>
      <trkpt lat="54.11411276" lon="-121.59707334">
      </trkpt>
      <trkpt lat="54.11369971" lon="-121.59633771">
      </trkpt>
      <trkpt lat="54.11310313" lon="-121.59528687">
      </trkpt>
      <trkpt lat="54.11202029" lon="-121.59338067">
      </trkpt>
      <trkpt lat="54.11170811" lon="-121.59282513">
      </trkpt>
      <trkpt lat="54.11164397" lon="-121.59272021">
      </trkpt>
      <trkpt lat="54.11134085" lon="-121.59216453">
      </trkpt>
      <trkpt lat="54.11098261" lon="-121.5915036">
      </trkpt>
      <trkpt lat="54.11044087" lon="-121.59052763">
      </trkpt>
      <trkpt lat="54.10891633" lon="-121.58776473">
      </trkpt>
      <trkpt lat="54.10845807" lon="-121.58701536">
      </trkpt>
      <trkpt lat="54.10789767" lon="-121.58597901">
      </trkpt>
      <trkpt lat="54.10748465" lon="-121.58525878">
      </trkpt>
      <trkpt lat="54.10742049" lon="-121.58515385">
      </trkpt>
      <trkpt lat="54.10708051" lon="-121.58452298">
      </trkpt>
      <trkpt lat="54.10666722" lon="-121.58377224">
      </trkpt>
      <trkpt lat="54.10623574" lon="-121.58300686">
      </trkpt>
      <trkpt lat="54.10590471" lon="-121.58237569">
      </trkpt>
      <trkpt lat="54.10550951" lon="-121.58163975">
      </trkpt>
      <trkpt lat="54.10497712" lon="-121.58070955">
      </trkpt>
      <trkpt lat="54.10472959" lon="-121.5802897">
      </trkpt>
      <trkpt lat="54.10443503" lon="-121.57970336">
      </trkpt>
      <trkpt lat="54.10435073" lon="-121.57955278">
      </trkpt>
      <trkpt lat="54.10404017" lon="-121.57899792">
      </trkpt>
      <trkpt lat="54.10355345" lon="-121.57812747">
      </trkpt>
      <trkpt lat="54.10315885" lon="-121.57743744">
      </trkpt>
      <trkpt lat="54.10273612" lon="-121.57665651">
      </trkpt>
      <trkpt lat="54.10231355" lon="-121.57589098">
      </trkpt>
      <trkpt lat="54.10226758" lon="-121.57580086">
      </trkpt>
      <trkpt lat="54.10203788" lon="-121.57538042">
      </trkpt>
      <trkpt lat="54.10188167" lon="-121.57509511">
      </trkpt>
      <trkpt lat="54.10145032" lon="-121.57434529">
      </trkpt>
      <trkpt lat="54.10141331" lon="-121.57425471">
      </trkpt>
      <trkpt lat="54.10090791" lon="-121.57332388">
      </trkpt>
      <trkpt lat="54.10045765" lon="-121.57249811">
      </trkpt>
      <trkpt lat="54.10014529" lon="-121.57192764">
      </trkpt>
      <trkpt lat="54.10011778" lon="-121.57188279">
      </trkpt>
      <trkpt lat="54.10000763" lon="-121.57168775">
      </trkpt>
      <trkpt lat="54.09979638" lon="-121.57131262">
      </trkpt>
      <trkpt lat="54.09975022" lon="-121.57120723">
      </trkpt>
      <trkpt lat="54.09970433" lon="-121.57113237">
      </trkpt>
      <trkpt lat="54.09964957" lon="-121.57105764">
      </trkpt>
      <trkpt lat="54.09956703" lon="-121.57092284">
      </trkpt>
      <trkpt lat="54.09951226" lon="-121.57084827">
      </trkpt>
      <trkpt lat="54.0994662" lon="-121.57075814">
      </trkpt>
      <trkpt lat="54.09942894" lon="-121.57065231">
      </trkpt>
      <trkpt lat="54.09930065" lon="-121.57044264">
      </trkpt>
      <trkpt lat="54.09925467" lon="-121.5703525">
      </trkpt>
      <trkpt lat="54.09919032" lon="-121.57023234">
      </trkpt>
      <trkpt lat="54.09914452" lon="-121.57015747">
      </trkpt>
      <trkpt lat="54.09909002" lon="-121.5701134">
      </trkpt>
      <trkpt lat="54.09902639" lon="-121.57005453">
      </trkpt>
      <trkpt lat="54.09898059" lon="-121.56997951">
      </trkpt>
      <trkpt lat="54.09893443" lon="-121.56987413">
      </trkpt>
      <trkpt lat="54.09888836" lon="-121.569784">
      </trkpt>
      <trkpt lat="54.09886989" lon="-121.56973871">
      </trkpt>
      <trkpt lat="54.09883316" lon="-121.56967878">
      </trkpt>
      <trkpt lat="54.09878699" lon="-121.56957326">
      </trkpt>
      <trkpt lat="54.09873178" lon="-121.56946819">
      </trkpt>
      <trkpt lat="54.09868544" lon="-121.56934741">
      </trkpt>
      <trkpt lat="54.09864842" lon="-121.56925698">
      </trkpt>
      <trkpt lat="54.09860218" lon="-121.56915145">
      </trkpt>
      <trkpt lat="54.09850134" lon="-121.56898676">
      </trkpt>
      <trkpt lat="54.09843681" lon="-121.56885134">
      </trkpt>
      <trkpt lat="54.09829931" lon="-121.56862671">
      </trkpt>
      <trkpt lat="54.09822528" lon="-121.56844571">
      </trkpt>
      <trkpt lat="54.09818844" lon="-121.56837052">
      </trkpt>
      <trkpt lat="54.09814219" lon="-121.568265">
      </trkpt>
      <trkpt lat="54.09808671" lon="-121.56812928">
      </trkpt>
      <trkpt lat="54.09804064" lon="-121.56803916">
      </trkpt>
      <trkpt lat="54.09798551" lon="-121.56793393">
      </trkpt>
      <trkpt lat="54.09792978" lon="-121.56778295">
      </trkpt>
      <trkpt lat="54.09788334" lon="-121.56766219">
      </trkpt>
      <trkpt lat="54.09781917" lon="-121.56755743">
      </trkpt>
      <trkpt lat="54.09778161" lon="-121.56742109">
      </trkpt>
      <trkpt lat="54.09774441" lon="-121.56731526">
      </trkpt>
      <trkpt lat="54.09771619" lon="-121.56720913">
      </trkpt>
      <trkpt lat="54.09768778" lon="-121.56708773">
      </trkpt>
      <trkpt lat="54.09766725" lon="-121.5668744">
      </trkpt>
      <trkpt lat="54.09765685" lon="-121.5667524">
      </trkpt>
      <trkpt lat="54.09763704" lon="-121.56660021">
      </trkpt>
      <trkpt lat="54.09762655" lon="-121.5664782">
      </trkpt>
      <trkpt lat="54.09760603" lon="-121.56626487">
      </trkpt>
      <trkpt lat="54.09759562" lon="-121.56614287">
      </trkpt>
      <trkpt lat="54.097576" lon="-121.56600593">
      </trkpt>
      <trkpt lat="54.09757232" lon="-121.56570018">
      </trkpt>
      <trkpt lat="54.09758739" lon="-121.56545497">
      </trkpt>
      <trkpt lat="54.09758541" lon="-121.56528677">
      </trkpt>
      <trkpt lat="54.09759276" lon="-121.5651489">
      </trkpt>
      <trkpt lat="54.09758128" lon="-121.56418591">
      </trkpt>
      <trkpt lat="54.09757098" lon="-121.56407916">
      </trkpt>
      <trkpt lat="54.09756093" lon="-121.56323829">
      </trkpt>
      <trkpt lat="54.09753862" lon="-121.5621228">
      </trkpt>
      <trkpt lat="54.0975138" lon="-121.56079318">
      </trkpt>
      <trkpt lat="54.09748555" lon="-121.55843896">
      </trkpt>
      <trkpt lat="54.09748215" lon="-121.55739924">
      </trkpt>
      <trkpt lat="54.09747346" lon="-121.55668069">
      </trkpt>
      <trkpt lat="54.09746906" lon="-121.55556457">
      </trkpt>
      <trkpt lat="54.09747786" lon="-121.55479951">
      </trkpt>
      <trkpt lat="54.09745957" lon="-121.55402025">
      </trkpt>
      <trkpt lat="54.09745032" lon="-121.55325595">
      </trkpt>
      <trkpt lat="54.09744737" lon="-121.55301135">
      </trkpt>
      <trkpt lat="54.09743232" lon="-121.55250719">
      </trkpt>
      <trkpt lat="54.09743438" lon="-121.55192603">
      </trkpt>
      <trkpt lat="54.09743249" lon="-121.55177308">
      </trkpt>
      <trkpt lat="54.09743232" lon="-121.55175783">
      </trkpt>
      <trkpt lat="54.09743725" lon="-121.55142128">
      </trkpt>
      <trkpt lat="54.09740425" lon="-121.55091774">
      </trkpt>
      <trkpt lat="54.09738786" lon="-121.55030653">
      </trkpt>
      <trkpt lat="54.09733353" lon="-121.5495285">
      </trkpt>
      <trkpt lat="54.09724822" lon="-121.54841513">
      </trkpt>
      <trkpt lat="54.09722302" lon="-121.54781963">
      </trkpt>
      <trkpt lat="54.09719828" lon="-121.54725465">
      </trkpt>
      <trkpt lat="54.09715365" lon="-121.54653745">
      </trkpt>
      <trkpt lat="54.09709906" lon="-121.54574417">
      </trkpt>
      <trkpt lat="54.09705415" lon="-121.54499634">
      </trkpt>
      <trkpt lat="54.09698988" lon="-121.54414222">
      </trkpt>
      <trkpt lat="54.09695269" lon="-121.54330243">
      </trkpt>
      <trkpt lat="54.09692077" lon="-121.54289069">
      </trkpt>
      <trkpt lat="54.09689946" lon="-121.54261603">
      </trkpt>
      <trkpt lat="54.0968662" lon="-121.54209725">
      </trkpt>
      <trkpt lat="54.09678489" lon="-121.54132028">
      </trkpt>
      <trkpt lat="54.09664668" lon="-121.54030055">
      </trkpt>
      <trkpt lat="54.09663668" lon="-121.54022446">
      </trkpt>
      <trkpt lat="54.09653823" lon="-121.53950911">
      </trkpt>
      <trkpt lat="54.09640862" lon="-121.5384584">
      </trkpt>
      <trkpt lat="54.0962617" lon="-121.53746962">
      </trkpt>
      <trkpt lat="54.09612384" lon="-121.53648039">
      </trkpt>
      <trkpt lat="54.09599701" lon="-121.53565905">
      </trkpt>
      <trkpt lat="54.09589734" lon="-121.5348522">
      </trkpt>
      <trkpt lat="54.09578968" lon="-121.53413714">
      </trkpt>
      <trkpt lat="54.09572031" lon="-121.53360447">
      </trkpt>
      <trkpt lat="54.09569" lon="-121.53333014">
      </trkpt>
      <trkpt lat="54.09556129" lon="-121.53235601">
      </trkpt>
      <trkpt lat="54.09543383" lon="-121.53148892">
      </trkpt>
      <trkpt lat="54.09532492" lon="-121.53066696">
      </trkpt>
      <trkpt lat="54.09520516" lon="-121.52969252">
      </trkpt>
      <trkpt lat="54.09510656" lon="-121.52897731">
      </trkpt>
      <trkpt lat="54.09505726" lon="-121.52862734">
      </trkpt>
      <trkpt lat="54.09499909" lon="-121.52827766">
      </trkpt>
      <trkpt lat="54.09495965" lon="-121.52798854">
      </trkpt>
      <trkpt lat="54.09482932" lon="-121.5268921">
      </trkpt>
      <trkpt lat="54.09467057" lon="-121.52567442">
      </trkpt>
      <trkpt lat="54.09463113" lon="-121.52538513">
      </trkpt>
      <trkpt lat="54.09457232" lon="-121.52498971">
      </trkpt>
      <trkpt lat="54.09455269" lon="-121.52485277">
      </trkpt>
      <trkpt lat="54.09447346" lon="-121.52425926">
      </trkpt>
      <trkpt lat="54.09444334" lon="-121.52400033">
      </trkpt>
      <trkpt lat="54.09433399" lon="-121.52314787">
      </trkpt>
      <trkpt lat="54.09421807" lon="-121.52249443">
      </trkpt>
      <trkpt lat="54.0941383" lon="-121.52185502">
      </trkpt>
      <trkpt lat="54.09406927" lon="-121.52135284">
      </trkpt>
      <trkpt lat="54.09400912" lon="-121.52085037">
      </trkpt>
      <trkpt lat="54.09397864" lon="-121.52056094">
      </trkpt>
      <trkpt lat="54.09391159" lon="-121.52022683">
      </trkpt>
      <trkpt lat="54.09387189" lon="-121.51992244">
      </trkpt>
      <trkpt lat="54.09375885" lon="-121.51949836">
      </trkpt>
      <trkpt lat="54.09358953" lon="-121.51889265">
      </trkpt>
      <trkpt lat="54.09353305" lon="-121.51868068">
      </trkpt>
      <trkpt lat="54.09332742" lon="-121.51804568">
      </trkpt>
      <trkpt lat="54.09320595" lon="-121.51766766">
      </trkpt>
      <trkpt lat="54.09314078" lon="-121.51748649">
      </trkpt>
      <trkpt lat="54.09297279" lon="-121.51698797">
      </trkpt>
      <trkpt lat="54.09288915" lon="-121.51676151">
      </trkpt>
      <trkpt lat="54.0927399" lon="-121.51632339">
      </trkpt>
      <trkpt lat="54.09258152" lon="-121.51587033">
      </trkpt>
      <trkpt lat="54.09245985" lon="-121.51547706">
      </trkpt>
      <trkpt lat="54.0923947" lon="-121.51529589">
      </trkpt>
      <trkpt lat="54.09231096" lon="-121.51506959">
      </trkpt>
      <trkpt lat="54.09230182" lon="-121.51505464">
      </trkpt>
      <trkpt lat="54.09216215" lon="-121.51466196">
      </trkpt>
      <trkpt lat="54.09197579" lon="-121.51413357">
      </trkpt>
      <trkpt lat="54.09182699" lon="-121.51372595">
      </trkpt>
      <trkpt lat="54.09166776" lon="-121.51321174">
      </trkpt>
      <trkpt lat="54.09141668" lon="-121.51253267">
      </trkpt>
      <trkpt lat="54.09130492" lon="-121.51221564">
      </trkpt>
      <trkpt lat="54.09114676" lon="-121.51177783">
      </trkpt>
      <trkpt lat="54.09096899" lon="-121.51121846">
      </trkpt>
      <trkpt lat="54.09088506" lon="-121.51097676">
      </trkpt>
      <trkpt lat="54.09077347" lon="-121.51067497">
      </trkpt>
      <trkpt lat="54.09054057" lon="-121.51001055">
      </trkpt>
      <trkpt lat="54.09046607" lon="-121.50979905">
      </trkpt>
      <trkpt lat="54.09044733" lon="-121.50973865">
      </trkpt>
      <trkpt lat="54.09041023" lon="-121.50964823">
      </trkpt>
      <trkpt lat="54.09038216" lon="-121.50955749">
      </trkpt>
      <trkpt lat="54.09034505" lon="-121.50946705">
      </trkpt>
      <trkpt lat="54.09033536" lon="-121.50940621">
      </trkpt>
      <trkpt lat="54.09031663" lon="-121.50934583">
      </trkpt>
      <trkpt lat="54.09028892" lon="-121.50928559">
      </trkpt>
      <trkpt lat="54.09024186" lon="-121.50911906">
      </trkpt>
      <trkpt lat="54.09021326" lon="-121.50898259">
      </trkpt>
      <trkpt lat="54.0901847" lon="-121.50886119">
      </trkpt>
      <trkpt lat="54.09013849" lon="-121.50875582">
      </trkpt>
      <trkpt lat="54.09008291" lon="-121.50862026">
      </trkpt>
      <trkpt lat="54.09003667" lon="-121.50851488">
      </trkpt>
      <trkpt lat="54.08999937" lon="-121.50840921">
      </trkpt>
      <trkpt lat="54.0899531" lon="-121.50830383">
      </trkpt>
      <trkpt lat="54.08987826" lon="-121.50806181">
      </trkpt>
      <trkpt lat="54.08983199" lon="-121.50795644">
      </trkpt>
      <trkpt lat="54.08979488" lon="-121.50786601">
      </trkpt>
      <trkpt lat="54.08975768" lon="-121.50776034">
      </trkpt>
      <trkpt lat="54.08972898" lon="-121.50762369">
      </trkpt>
      <trkpt lat="54.08969151" lon="-121.50750276">
      </trkpt>
      <trkpt lat="54.0896544" lon="-121.50741233">
      </trkpt>
      <trkpt lat="54.0896084" lon="-121.50732221">
      </trkpt>
      <trkpt lat="54.0895522" lon="-121.50714089">
      </trkpt>
      <trkpt lat="54.08947806" lon="-121.50696004">
      </trkpt>
      <trkpt lat="54.08944076" lon="-121.50685435">
      </trkpt>
      <trkpt lat="54.08939396" lon="-121.50670308">
      </trkpt>
      <trkpt lat="54.08935703" lon="-121.50662791">
      </trkpt>
      <trkpt lat="54.08931977" lon="-121.50652222">
      </trkpt>
      <trkpt lat="54.08930126" lon="-121.50647709">
      </trkpt>
      <trkpt lat="54.08927357" lon="-121.50641685">
      </trkpt>
      <trkpt lat="54.08922713" lon="-121.50629622">
      </trkpt>
      <trkpt lat="54.08918024" lon="-121.5061451">
      </trkpt>
      <trkpt lat="54.08908736" lon="-121.5059037">
      </trkpt>
      <trkpt lat="54.08904132" lon="-121.50581358">
      </trkpt>
      <trkpt lat="54.08900404" lon="-121.5057079">
      </trkpt>
      <trkpt lat="54.08896608" lon="-121.50554106">
      </trkpt>
      <trkpt lat="54.08891021" lon="-121.50539024">
      </trkpt>
      <trkpt lat="54.08883572" lon="-121.50517889">
      </trkpt>
      <trkpt lat="54.08882505" lon="-121.50504165">
      </trkpt>
      <trkpt lat="54.08879671" lon="-121.50493566">
      </trkpt>
      <trkpt lat="54.0887682" lon="-121.50481428">
      </trkpt>
      <trkpt lat="54.08872203" lon="-121.50470906">
      </trkpt>
      <trkpt lat="54.08867596" lon="-121.50461893">
      </trkpt>
      <trkpt lat="54.08863005" lon="-121.50454405">
      </trkpt>
      <trkpt lat="54.08859276" lon="-121.50443838">
      </trkpt>
      <trkpt lat="54.08855529" lon="-121.50431745">
      </trkpt>
      <trkpt lat="54.08851824" lon="-121.50422702">
      </trkpt>
      <trkpt lat="54.08851808" lon="-121.50421176">
      </trkpt>
      <trkpt lat="54.088472" lon="-121.50412165">
      </trkpt>
      <trkpt lat="54.08844367" lon="-121.50401565">
      </trkpt>
      <trkpt lat="54.08839174" lon="-121.50388899">
      </trkpt>
      <trkpt lat="54.08838808" lon="-121.5038801">
      </trkpt>
      <trkpt lat="54.08835025" lon="-121.50372852">
      </trkpt>
      <trkpt lat="54.08830382" lon="-121.50360789">
      </trkpt>
      <trkpt lat="54.08825773" lon="-121.50351777">
      </trkpt>
      <trkpt lat="54.08820116" lon="-121.50330579">
      </trkpt>
      <trkpt lat="54.08815438" lon="-121.50315451">
      </trkpt>
      <trkpt lat="54.08811725" lon="-121.50306406">
      </trkpt>
      <trkpt lat="54.08800644" lon="-121.50282346">
      </trkpt>
      <trkpt lat="54.08796951" lon="-121.50274841">
      </trkpt>
      <trkpt lat="54.08792306" lon="-121.50262779">
      </trkpt>
      <trkpt lat="54.08787645" lon="-121.50249177">
      </trkpt>
      <trkpt lat="54.0878388" lon="-121.50235559">
      </trkpt>
      <trkpt lat="54.08779253" lon="-121.50225021">
      </trkpt>
      <trkpt lat="54.08775542" lon="-121.50215979">
      </trkpt>
      <trkpt lat="54.08771803" lon="-121.50203886">
      </trkpt>
      <trkpt lat="54.08768091" lon="-121.50194844">
      </trkpt>
      <trkpt lat="54.08764308" lon="-121.50179684">
      </trkpt>
      <trkpt lat="54.08760578" lon="-121.50169116">
      </trkpt>
      <trkpt lat="54.08756832" lon="-121.50157024">
      </trkpt>
      <trkpt lat="54.08753109" lon="-121.50146456">
      </trkpt>
      <trkpt lat="54.08749344" lon="-121.50132838">
      </trkpt>
      <trkpt lat="54.08743741" lon="-121.50116217">
      </trkpt>
      <trkpt lat="54.08740012" lon="-121.50105649">
      </trkpt>
      <trkpt lat="54.08737187" lon="-121.5009505">
      </trkpt>
      <trkpt lat="54.08731566" lon="-121.50076902">
      </trkpt>
      <trkpt lat="54.08726922" lon="-121.5006484">
      </trkpt>
      <trkpt lat="54.08723156" lon="-121.50051207">
      </trkpt>
      <trkpt lat="54.08718513" lon="-121.50039145">
      </trkpt>
      <trkpt lat="54.08714783" lon="-121.50028578">
      </trkpt>
      <trkpt lat="54.08705531" lon="-121.50007518">
      </trkpt>
      <trkpt lat="54.08701766" lon="-121.49993885">
      </trkpt>
      <trkpt lat="54.08698017" lon="-121.49981792">
      </trkpt>
      <trkpt lat="54.08693391" lon="-121.49971254">
      </trkpt>
      <trkpt lat="54.08689671" lon="-121.49960687">
      </trkpt>
      <trkpt lat="54.08684103" lon="-121.49947129">
      </trkpt>
      <trkpt lat="54.08680382" lon="-121.49936562">
      </trkpt>
      <trkpt lat="54.08677549" lon="-121.49925963">
      </trkpt>
      <trkpt lat="54.08672888" lon="-121.49912375">
      </trkpt>
      <trkpt lat="54.08670055" lon="-121.49901763">
      </trkpt>
      <trkpt lat="54.08666333" lon="-121.49891194">
      </trkpt>
      <trkpt lat="54.08663519" lon="-121.49882136">
      </trkpt>
      <trkpt lat="54.08661663" lon="-121.49877606">
      </trkpt>
      <trkpt lat="54.08656086" lon="-121.49862525">
      </trkpt>
      <trkpt lat="54.08652275" lon="-121.49845842">
      </trkpt>
      <trkpt lat="54.08648554" lon="-121.49835275">
      </trkpt>
      <trkpt lat="54.08644807" lon="-121.49823182">
      </trkpt>
      <trkpt lat="54.08641078" lon="-121.49812613">
      </trkpt>
      <trkpt lat="54.08637392" lon="-121.49805095">
      </trkpt>
      <trkpt lat="54.08633628" lon="-121.49791477">
      </trkpt>
      <trkpt lat="54.08628983" lon="-121.49779415">
      </trkpt>
      <trkpt lat="54.08626185" lon="-121.49771867">
      </trkpt>
      <trkpt lat="54.08625253" lon="-121.49768847">
      </trkpt>
      <trkpt lat="54.08622421" lon="-121.49758248">
      </trkpt>
      <trkpt lat="54.08620493" lon="-121.4974762">
      </trkpt>
      <trkpt lat="54.08617659" lon="-121.49737006">
      </trkpt>
      <trkpt lat="54.08613015" lon="-121.49724943">
      </trkpt>
      <trkpt lat="54.08609294" lon="-121.49714375">
      </trkpt>
      <trkpt lat="54.08605503" lon="-121.49699233">
      </trkpt>
      <trkpt lat="54.08601781" lon="-121.49688665">
      </trkpt>
      <trkpt lat="54.08597155" lon="-121.49678128">
      </trkpt>
      <trkpt lat="54.08594322" lon="-121.4966753">
      </trkpt>
      <trkpt lat="54.08592394" lon="-121.496569">
      </trkpt>
      <trkpt lat="54.08589561" lon="-121.49646303">
      </trkpt>
      <trkpt lat="54.08584898" lon="-121.49632699">
      </trkpt>
      <trkpt lat="54.08582048" lon="-121.49620576">
      </trkpt>
      <trkpt lat="54.08578301" lon="-121.49608483">
      </trkpt>
      <trkpt lat="54.08575395" lon="-121.4959177">
      </trkpt>
      <trkpt lat="54.08571649" lon="-121.49579677">
      </trkpt>
      <trkpt lat="54.08566914" lon="-121.49559975">
      </trkpt>
      <trkpt lat="54.08563148" lon="-121.49546341">
      </trkpt>
      <trkpt lat="54.08560315" lon="-121.49535743">
      </trkpt>
      <trkpt lat="54.08554774" lon="-121.4952371">
      </trkpt>
      <trkpt lat="54.08552918" lon="-121.49519198">
      </trkpt>
      <trkpt lat="54.08551062" lon="-121.49514683">
      </trkpt>
      <trkpt lat="54.08544598" lon="-121.49501141">
      </trkpt>
      <trkpt lat="54.08540895" lon="-121.49492114">
      </trkpt>
      <trkpt lat="54.08537084" lon="-121.4947543">
      </trkpt>
      <trkpt lat="54.08533364" lon="-121.49464863">
      </trkpt>
      <trkpt lat="54.08529598" lon="-121.49451245">
      </trkpt>
      <trkpt lat="54.08527689" lon="-121.49442141">
      </trkpt>
      <trkpt lat="54.08523896" lon="-121.49426982">
      </trkpt>
      <trkpt lat="54.08520076" lon="-121.49408775">
      </trkpt>
      <trkpt lat="54.08517243" lon="-121.49398177">
      </trkpt>
      <trkpt lat="54.08517226" lon="-121.49396648">
      </trkpt>
      <trkpt lat="54.0851346" lon="-121.49383019">
      </trkpt>
      <trkpt lat="54.08509658" lon="-121.49366351">
      </trkpt>
      <trkpt lat="54.08507721" lon="-121.49355723">
      </trkpt>
      <trkpt lat="54.08504898" lon="-121.49345123">
      </trkpt>
      <trkpt lat="54.08501068" lon="-121.493269">
      </trkpt>
      <trkpt lat="54.08498164" lon="-121.49310202">
      </trkpt>
      <trkpt lat="54.08497186" lon="-121.49304118">
      </trkpt>
      <trkpt lat="54.08495259" lon="-121.49293489">
      </trkpt>
      <trkpt lat="54.08492353" lon="-121.49276775">
      </trkpt>
      <trkpt lat="54.08490426" lon="-121.49266146">
      </trkpt>
      <trkpt lat="54.08487557" lon="-121.49252482">
      </trkpt>
      <trkpt lat="54.08486554" lon="-121.49244874">
      </trkpt>
      <trkpt lat="54.08485585" lon="-121.49238789">
      </trkpt>
      <trkpt lat="54.08482697" lon="-121.49223615">
      </trkpt>
      <trkpt lat="54.08480764" lon="-121.49212986">
      </trkpt>
      <trkpt lat="54.08477884" lon="-121.49197798">
      </trkpt>
      <trkpt lat="54.08475032" lon="-121.49185674">
      </trkpt>
      <trkpt lat="54.08471329" lon="-121.49176631">
      </trkpt>
      <trkpt lat="54.08470369" lon="-121.49172072">
      </trkpt>
      <trkpt lat="54.08467537" lon="-121.49161473">
      </trkpt>
      <trkpt lat="54.08458094" lon="-121.49125133">
      </trkpt>
      <trkpt lat="54.08456141" lon="-121.49112965">
      </trkpt>
      <trkpt lat="54.08452375" lon="-121.49099348">
      </trkpt>
      <trkpt lat="54.08448627" lon="-121.49087254">
      </trkpt>
      <trkpt lat="54.08445784" lon="-121.49075131">
      </trkpt>
      <trkpt lat="54.08443848" lon="-121.49064501">
      </trkpt>
      <trkpt lat="54.08440083" lon="-121.49050869">
      </trkpt>
      <trkpt lat="54.08436352" lon="-121.49040301">
      </trkpt>
      <trkpt lat="54.0843351" lon="-121.49028178">
      </trkpt>
      <trkpt lat="54.08431556" lon="-121.49016024">
      </trkpt>
      <trkpt lat="54.08430489" lon="-121.490023">
      </trkpt>
      <trkpt lat="54.08427602" lon="-121.48987111">
      </trkpt>
      <trkpt lat="54.08425664" lon="-121.48976481">
      </trkpt>
      <trkpt lat="54.08424714" lon="-121.48971937">
      </trkpt>
      <trkpt lat="54.0842372" lon="-121.48964328">
      </trkpt>
      <trkpt lat="54.08420832" lon="-121.48949139">
      </trkpt>
      <trkpt lat="54.08417999" lon="-121.48938541">
      </trkpt>
      <trkpt lat="54.08416968" lon="-121.48927881">
      </trkpt>
      <trkpt lat="54.08415014" lon="-121.48915711">
      </trkpt>
      <trkpt lat="54.08412172" lon="-121.48903588">
      </trkpt>
      <trkpt lat="54.08410162" lon="-121.48886844">
      </trkpt>
      <trkpt lat="54.08404421" lon="-121.48859532">
      </trkpt>
      <trkpt lat="54.08402569" lon="-121.48855019">
      </trkpt>
      <trkpt lat="54.08400694" lon="-121.48848965">
      </trkpt>
      <trkpt lat="54.08397843" lon="-121.48836841">
      </trkpt>
      <trkpt lat="54.08395916" lon="-121.48826212">
      </trkpt>
      <trkpt lat="54.08393961" lon="-121.48814059">
      </trkpt>
      <trkpt lat="54.08390195" lon="-121.48800426">
      </trkpt>
      <trkpt lat="54.08385416" lon="-121.48777674">
      </trkpt>
      <trkpt lat="54.08382584" lon="-121.48767075">
      </trkpt>
      <trkpt lat="54.08377041" lon="-121.48755042">
      </trkpt>
      <trkpt lat="54.08371348" lon="-121.48730796">
      </trkpt>
      <trkpt lat="54.0836291" lon="-121.48703575">
      </trkpt>
      <trkpt lat="54.08360025" lon="-121.48688402">
      </trkpt>
      <trkpt lat="54.08358943" lon="-121.48674678">
      </trkpt>
      <trkpt lat="54.08354304" lon="-121.48662615">
      </trkpt>
      <trkpt lat="54.08352411" lon="-121.48655036">
      </trkpt>
      <trkpt lat="54.08351462" lon="-121.48650492">
      </trkpt>
      <trkpt lat="54.08349525" lon="-121.48639863">
      </trkpt>
      <trkpt lat="54.08347651" lon="-121.4863381">
      </trkpt>
      <trkpt lat="54.08346673" lon="-121.48627725">
      </trkpt>
      <trkpt lat="54.08342837" lon="-121.48607991">
      </trkpt>
      <trkpt lat="54.08339088" lon="-121.48595899">
      </trkpt>
      <trkpt lat="54.08336255" lon="-121.48585301">
      </trkpt>
      <trkpt lat="54.08328858" lon="-121.48568755">
      </trkpt>
      <trkpt lat="54.08325128" lon="-121.48558187">
      </trkpt>
      <trkpt lat="54.08320482" lon="-121.48546125">
      </trkpt>
      <trkpt lat="54.08316753" lon="-121.48535556">
      </trkpt>
      <trkpt lat="54.0831392" lon="-121.48524957">
      </trkpt>
      <trkpt lat="54.08310136" lon="-121.48509815">
      </trkpt>
      <trkpt lat="54.08308225" lon="-121.48500711">
      </trkpt>
      <trkpt lat="54.08304478" lon="-121.48488618">
      </trkpt>
      <trkpt lat="54.08301635" lon="-121.4847802">
      </trkpt>
      <trkpt lat="54.08298793" lon="-121.48465896">
      </trkpt>
      <trkpt lat="54.08295072" lon="-121.48455329">
      </trkpt>
      <trkpt lat="54.08293135" lon="-121.484447">
      </trkpt>
      <trkpt lat="54.08290284" lon="-121.48432577">
      </trkpt>
      <trkpt lat="54.08285568" lon="-121.48414398">
      </trkpt>
      <trkpt lat="54.08279919" lon="-121.48394727">
      </trkpt>
      <trkpt lat="54.08277014" lon="-121.48378013">
      </trkpt>
      <trkpt lat="54.08275105" lon="-121.4836891">
      </trkpt>
      <trkpt lat="54.08273132" lon="-121.4835523">
      </trkpt>
      <trkpt lat="54.08269384" lon="-121.48343138">
      </trkpt>
      <trkpt lat="54.08265671" lon="-121.48334095">
      </trkpt>
      <trkpt lat="54.08261941" lon="-121.48323527">
      </trkpt>
      <trkpt lat="54.08258238" lon="-121.48314499">
      </trkpt>
      <trkpt lat="54.08255387" lon="-121.48302376">
      </trkpt>
      <trkpt lat="54.08250724" lon="-121.48288789">
      </trkpt>
      <trkpt lat="54.08247909" lon="-121.48279714">
      </trkpt>
      <trkpt lat="54.08245023" lon="-121.48264527">
      </trkpt>
      <trkpt lat="54.08243964" lon="-121.48252342">
      </trkpt>
      <trkpt lat="54.08241058" lon="-121.48235629">
      </trkpt>
      <trkpt lat="54.08237338" lon="-121.48225061">
      </trkpt>
      <trkpt lat="54.08232666" lon="-121.48211473">
      </trkpt>
      <trkpt lat="54.08229796" lon="-121.48197825">
      </trkpt>
      <trkpt lat="54.08226028" lon="-121.48184208">
      </trkpt>
      <trkpt lat="54.08223179" lon="-121.48172068">
      </trkpt>
      <trkpt lat="54.08217405" lon="-121.48141707">
      </trkpt>
      <trkpt lat="54.08214572" lon="-121.48131109">
      </trkpt>
      <trkpt lat="54.08197826" lon="-121.48044247">
      </trkpt>
      <trkpt lat="54.08181483" lon="-121.47968556">
      </trkpt>
      <trkpt lat="54.08162814" lon="-121.4789448">
      </trkpt>
      <trkpt lat="54.08138941" lon="-121.4780874">
      </trkpt>
      <trkpt lat="54.08119296" lon="-121.47751082">
      </trkpt>
      <trkpt lat="54.08101134" lon="-121.47690544">
      </trkpt>
      <trkpt lat="54.08087772" lon="-121.47630841">
      </trkpt>
      <trkpt lat="54.0807798" lon="-121.4758162">
      </trkpt>
      <trkpt lat="54.0807375" lon="-121.4755354">
      </trkpt>
      <trkpt lat="54.08071461" lon="-121.47528922">
      </trkpt>
      <trkpt lat="54.08070466" lon="-121.47521313">
      </trkpt>
      <trkpt lat="54.08068359" lon="-121.4749693">
      </trkpt>
      <trkpt lat="54.08068224" lon="-121.47486224">
      </trkpt>
      <trkpt lat="54.08068207" lon="-121.47484698">
      </trkpt>
      <trkpt lat="54.08067175" lon="-121.47474039">
      </trkpt>
      <trkpt lat="54.0806522" lon="-121.47461885">
      </trkpt>
      <trkpt lat="54.08062387" lon="-121.47451288">
      </trkpt>
      <trkpt lat="54.08059553" lon="-121.47440689">
      </trkpt>
      <trkpt lat="54.08058585" lon="-121.47434605">
      </trkpt>
      <trkpt lat="54.0805569" lon="-121.47419431">
      </trkpt>
      <trkpt lat="54.08053743" lon="-121.47407277">
      </trkpt>
      <trkpt lat="54.08050891" lon="-121.47395138">
      </trkpt>
      <trkpt lat="54.08049824" lon="-121.47382954">
      </trkpt>
      <trkpt lat="54.08046947" lon="-121.47367781">
      </trkpt>
      <trkpt lat="54.08045018" lon="-121.47357152">
      </trkpt>
      <trkpt lat="54.08042051" lon="-121.47335848">
      </trkpt>
      <trkpt lat="54.08039117" lon="-121.4731761">
      </trkpt>
      <trkpt lat="54.08038024" lon="-121.47302376">
      </trkpt>
      <trkpt lat="54.08036078" lon="-121.47290206">
      </trkpt>
      <trkpt lat="54.08032267" lon="-121.47273538">
      </trkpt>
      <trkpt lat="54.08029417" lon="-121.47261415">
      </trkpt>
      <trkpt lat="54.08025569" lon="-121.47241682">
      </trkpt>
      <trkpt lat="54.08021804" lon="-121.47228065">
      </trkpt>
      <trkpt lat="54.08018951" lon="-121.47215942">
      </trkpt>
      <trkpt lat="54.08015186" lon="-121.47202309">
      </trkpt>
      <trkpt lat="54.08011455" lon="-121.47191756">
      </trkpt>
      <trkpt lat="54.08008621" lon="-121.47181157">
      </trkpt>
      <trkpt lat="54.08003897" lon="-121.47162979">
      </trkpt>
      <trkpt lat="54.080029" lon="-121.47155369">
      </trkpt>
      <trkpt lat="54.08001941" lon="-121.47150826">
      </trkpt>
      <trkpt lat="54.07998157" lon="-121.47135683">
      </trkpt>
      <trkpt lat="54.0799431" lon="-121.4711595">
      </trkpt>
      <trkpt lat="54.07990527" lon="-121.47100807">
      </trkpt>
      <trkpt lat="54.07985855" lon="-121.47087219">
      </trkpt>
      <trkpt lat="54.07982984" lon="-121.47073556">
      </trkpt>
      <trkpt lat="54.07979202" lon="-121.47058413">
      </trkpt>
      <trkpt lat="54.07974546" lon="-121.47046351">
      </trkpt>
      <trkpt lat="54.07973614" lon="-121.47043332">
      </trkpt>
      <trkpt lat="54.07971677" lon="-121.47032703">
      </trkpt>
      <trkpt lat="54.07969768" lon="-121.47023598">
      </trkpt>
      <trkpt lat="54.07966765" lon="-121.4699926">
      </trkpt>
      <trkpt lat="54.07964746" lon="-121.46982516">
      </trkpt>
      <trkpt lat="54.0796375" lon="-121.46974908">
      </trkpt>
      <trkpt lat="54.0796184" lon="-121.46965803">
      </trkpt>
      <trkpt lat="54.07957133" lon="-121.46949166">
      </trkpt>
      <trkpt lat="54.07954299" lon="-121.46938568">
      </trkpt>
      <trkpt lat="54.07951448" lon="-121.46926444">
      </trkpt>
      <trkpt lat="54.07947629" lon="-121.46908236">
      </trkpt>
      <trkpt lat="54.07945692" lon="-121.46897607">
      </trkpt>
      <trkpt lat="54.07942821" lon="-121.46883959">
      </trkpt>
      <trkpt lat="54.07940849" lon="-121.4687028">
      </trkpt>
      <trkpt lat="54.07939817" lon="-121.46859606">
      </trkpt>
      <trkpt lat="54.07936905" lon="-121.46844432">
      </trkpt>
      <trkpt lat="54.07933953" lon="-121.46823143">
      </trkpt>
      <trkpt lat="54.07932921" lon="-121.46812469">
      </trkpt>
      <trkpt lat="54.07929092" lon="-121.46794276">
      </trkpt>
      <trkpt lat="54.07925281" lon="-121.46777594">
      </trkpt>
      <trkpt lat="54.07923335" lon="-121.4676544">
      </trkpt>
      <trkpt lat="54.079214" lon="-121.4675481">
      </trkpt>
      <trkpt lat="54.07921265" lon="-121.4674412">
      </trkpt>
      <trkpt lat="54.07919256" lon="-121.46727377">
      </trkpt>
      <trkpt lat="54.07917301" lon="-121.46715223">
      </trkpt>
      <trkpt lat="54.07915265" lon="-121.46696953">
      </trkpt>
      <trkpt lat="54.07914315" lon="-121.46692393">
      </trkpt>
      <trkpt lat="54.07912441" lon="-121.46686355">
      </trkpt>
      <trkpt lat="54.07909508" lon="-121.46668117">
      </trkpt>
      <trkpt lat="54.07905742" lon="-121.46654498">
      </trkpt>
      <trkpt lat="54.07903788" lon="-121.46642345">
      </trkpt>
      <trkpt lat="54.07899062" lon="-121.46624168">
      </trkpt>
      <trkpt lat="54.0789613" lon="-121.46605945">
      </trkpt>
      <trkpt lat="54.07893224" lon="-121.46589231">
      </trkpt>
      <trkpt lat="54.07891233" lon="-121.46574012">
      </trkpt>
      <trkpt lat="54.07887503" lon="-121.4656346">
      </trkpt>
      <trkpt lat="54.07883711" lon="-121.46548302">
      </trkpt>
      <trkpt lat="54.07880876" lon="-121.46537718">
      </trkpt>
      <trkpt lat="54.07878949" lon="-121.46527089">
      </trkpt>
      <trkpt lat="54.07878867" lon="-121.46520974">
      </trkpt>
      <trkpt lat="54.07877854" lon="-121.46511839">
      </trkpt>
      <trkpt lat="54.07875962" lon="-121.46504261">
      </trkpt>
      <trkpt lat="54.07873146" lon="-121.46495202">
      </trkpt>
      <trkpt lat="54.07870313" lon="-121.46484604">
      </trkpt>
      <trkpt lat="54.07868385" lon="-121.46473976">
      </trkpt>
      <trkpt lat="54.07865488" lon="-121.46458787">
      </trkpt>
      <trkpt lat="54.07860763" lon="-121.46440624">
      </trkpt>
      <trkpt lat="54.07851545" lon="-121.46422615">
      </trkpt>
      <trkpt lat="54.07847814" lon="-121.46412061">
      </trkpt>
      <trkpt lat="54.07842209" lon="-121.46395455">
      </trkpt>
      <trkpt lat="54.07837601" lon="-121.46386443">
      </trkpt>
      <trkpt lat="54.07832112" lon="-121.46379001">
      </trkpt>
      <trkpt lat="54.0782483" lon="-121.46371636">
      </trkpt>
      <trkpt lat="54.07814823" lon="-121.46362837">
      </trkpt>
      <trkpt lat="54.07808457" lon="-121.4635695">
      </trkpt>
      <trkpt lat="54.07802071" lon="-121.46349554">
      </trkpt>
      <trkpt lat="54.07795705" lon="-121.46343668">
      </trkpt>
      <trkpt lat="54.07792969" lon="-121.46340709">
      </trkpt>
      <trkpt lat="54.07789337" lon="-121.46337781">
      </trkpt>
      <trkpt lat="54.07782935" lon="-121.46328845">
      </trkpt>
      <trkpt lat="54.07777448" lon="-121.46321418">
      </trkpt>
      <trkpt lat="54.07772856" lon="-121.46313947">
      </trkpt>
      <trkpt lat="54.07765547" lon="-121.46305041">
      </trkpt>
      <trkpt lat="54.0775918" lon="-121.46299154">
      </trkpt>
      <trkpt lat="54.0775553" lon="-121.46294702">
      </trkpt>
      <trkpt lat="54.0774641" lon="-121.46284348">
      </trkpt>
      <trkpt lat="54.07739148" lon="-121.46278491">
      </trkpt>
      <trkpt lat="54.07733677" lon="-121.46272589">
      </trkpt>
      <trkpt lat="54.07726413" lon="-121.46266735">
      </trkpt>
      <trkpt lat="54.07720943" lon="-121.46260832">
      </trkpt>
      <trkpt lat="54.07714531" lon="-121.46251897">
      </trkpt>
      <trkpt lat="54.07709967" lon="-121.46245949">
      </trkpt>
      <trkpt lat="54.07702694" lon="-121.46240108">
      </trkpt>
      <trkpt lat="54.07694498" lon="-121.46231233">
      </trkpt>
      <trkpt lat="54.07688104" lon="-121.46223822">
      </trkpt>
      <trkpt lat="54.07680875" lon="-121.46221046">
      </trkpt>
      <trkpt lat="54.07666347" lon="-121.4620935">
      </trkpt>
      <trkpt lat="54.07663631" lon="-121.46207916">
      </trkpt>
      <trkpt lat="54.07650063" lon="-121.4620078">
      </trkpt>
      <trkpt lat="54.07644628" lon="-121.46197929">
      </trkpt>
      <trkpt lat="54.076374" lon="-121.46195138">
      </trkpt>
      <trkpt lat="54.07631956" lon="-121.46190746">
      </trkpt>
      <trkpt lat="54.0762289" lon="-121.46184965">
      </trkpt>
      <trkpt lat="54.07616506" lon="-121.4617757">
      </trkpt>
      <trkpt lat="54.0760926" lon="-121.46173238">
      </trkpt>
      <trkpt lat="54.07603788" lon="-121.46167338">
      </trkpt>
      <trkpt lat="54.07597422" lon="-121.46161451">
      </trkpt>
      <trkpt lat="54.07591055" lon="-121.4615558">
      </trkpt>
      <trkpt lat="54.07586526" lon="-121.46152683">
      </trkpt>
      <trkpt lat="54.075856" lon="-121.46151188">
      </trkpt>
      <trkpt lat="54.07578357" lon="-121.46146873">
      </trkpt>
      <trkpt lat="54.07569298" lon="-121.46141093">
      </trkpt>
      <trkpt lat="54.07561129" lon="-121.46135283">
      </trkpt>
      <trkpt lat="54.07553884" lon="-121.46130967">
      </trkpt>
      <trkpt lat="54.07545685" lon="-121.46122092">
      </trkpt>
      <trkpt lat="54.07537462" lon="-121.46111707">
      </trkpt>
      <trkpt lat="54.07526521" lon="-121.46099888">
      </trkpt>
      <trkpt lat="54.07519257" lon="-121.46094033">
      </trkpt>
      <trkpt lat="54.07511966" lon="-121.46086667">
      </trkpt>
      <trkpt lat="54.07505581" lon="-121.46079257">
      </trkpt>
      <trkpt lat="54.07500092" lon="-121.46071814">
      </trkpt>
      <trkpt lat="54.07493671" lon="-121.46061353">
      </trkpt>
      <trkpt lat="54.07488183" lon="-121.46053911">
      </trkpt>
      <trkpt lat="54.07482712" lon="-121.46048009">
      </trkpt>
      <trkpt lat="54.07472615" lon="-121.46031571">
      </trkpt>
      <trkpt lat="54.07466166" lon="-121.46019569">
      </trkpt>
      <trkpt lat="54.07455153" lon="-121.46001637">
      </trkpt>
      <trkpt lat="54.0744962" lon="-121.45991145">
      </trkpt>
      <trkpt lat="54.07443216" lon="-121.45982208">
      </trkpt>
      <trkpt lat="54.07435907" lon="-121.45973317">
      </trkpt>
      <trkpt lat="54.07429504" lon="-121.45964382">
      </trkpt>
      <trkpt lat="54.07422177" lon="-121.4595395">
      </trkpt>
      <trkpt lat="54.07417568" lon="-121.45944953">
      </trkpt>
      <trkpt lat="54.0741025" lon="-121.45934524">
      </trkpt>
      <trkpt lat="54.07404761" lon="-121.45927081">
      </trkpt>
      <trkpt lat="54.07396519" lon="-121.45915156">
      </trkpt>
      <trkpt lat="54.07391048" lon="-121.45909254">
      </trkpt>
      <trkpt lat="54.07383739" lon="-121.45900348">
      </trkpt>
      <trkpt lat="54.07376456" lon="-121.45892983">
      </trkpt>
      <trkpt lat="54.07363641" lon="-121.4587511">
      </trkpt>
      <trkpt lat="54.07354502" lon="-121.45863217">
      </trkpt>
      <trkpt lat="54.07348136" lon="-121.45857345">
      </trkpt>
      <trkpt lat="54.07342647" lon="-121.45849903">
      </trkpt>
      <trkpt lat="54.07339893" lon="-121.45845419">
      </trkpt>
      <trkpt lat="54.0733714" lon="-121.45840937">
      </trkpt>
      <trkpt lat="54.07331606" lon="-121.45830444">
      </trkpt>
      <trkpt lat="54.07327014" lon="-121.45822973">
      </trkpt>
      <trkpt lat="54.07320629" lon="-121.45815562">
      </trkpt>
      <trkpt lat="54.0731514" lon="-121.45808135">
      </trkpt>
      <trkpt lat="54.07309633" lon="-121.45799168">
      </trkpt>
      <trkpt lat="54.07304145" lon="-121.45791726">
      </trkpt>
      <trkpt lat="54.07299535" lon="-121.45782728">
      </trkpt>
      <trkpt lat="54.07294046" lon="-121.45775287">
      </trkpt>
      <trkpt lat="54.07289437" lon="-121.4576629">
      </trkpt>
      <trkpt lat="54.07283912" lon="-121.45755798">
      </trkpt>
      <trkpt lat="54.07279319" lon="-121.45748327">
      </trkpt>
      <trkpt lat="54.07274692" lon="-121.45737788">
      </trkpt>
      <trkpt lat="54.072701" lon="-121.45730317">
      </trkpt>
      <trkpt lat="54.07264549" lon="-121.457183">
      </trkpt>
      <trkpt lat="54.07260817" lon="-121.45707748">
      </trkpt>
      <trkpt lat="54.07257115" lon="-121.45698704">
      </trkpt>
      <trkpt lat="54.07252442" lon="-121.45685133">
      </trkpt>
      <trkpt lat="54.07244002" lon="-121.45657926">
      </trkpt>
      <trkpt lat="54.07240234" lon="-121.45644309">
      </trkpt>
      <trkpt lat="54.07235545" lon="-121.45629196">
      </trkpt>
      <trkpt lat="54.07229956" lon="-121.45614131">
      </trkpt>
      <trkpt lat="54.07226244" lon="-121.45605087">
      </trkpt>
      <trkpt lat="54.07222513" lon="-121.45594534">
      </trkpt>
      <trkpt lat="54.07217903" lon="-121.45585538">
      </trkpt>
      <trkpt lat="54.07213212" lon="-121.45570425">
      </trkpt>
      <trkpt lat="54.072095" lon="-121.45561398">
      </trkpt>
      <trkpt lat="54.0720575" lon="-121.45549305">
      </trkpt>
      <trkpt lat="54.07200189" lon="-121.45535747">
      </trkpt>
      <trkpt lat="54.07198315" lon="-121.45529709">
      </trkpt>
      <trkpt lat="54.07198255" lon="-121.45529679">
      </trkpt>
      <trkpt lat="54.07196821" lon="-121.45526013">
      </trkpt>
      <trkpt lat="54.07126432" lon="-121.45429646">
      </trkpt>
      <trkpt lat="54.07090335" lon="-121.45389892">
      </trkpt>
      <trkpt lat="54.07063984" lon="-121.45355926">
      </trkpt>
      <trkpt lat="54.07035941" lon="-121.45317001">
      </trkpt>
      <trkpt lat="54.07005593" lon="-121.45283475">
      </trkpt>
      <trkpt lat="54.06981921" lon="-121.45268759">
      </trkpt>
      <trkpt lat="54.06976496" lon="-121.45265907">
      </trkpt>
      <trkpt lat="54.06971043" lon="-121.45261531">
      </trkpt>
      <trkpt lat="54.06963796" lon="-121.45257215">
      </trkpt>
      <trkpt lat="54.0695565" lon="-121.45252929">
      </trkpt>
      <trkpt lat="54.06929596" lon="-121.45253906">
      </trkpt>
      <trkpt lat="54.06921532" lon="-121.4525572">
      </trkpt>
      <trkpt lat="54.0689727" lon="-121.45256635">
      </trkpt>
      <trkpt lat="54.06889197" lon="-121.45258465">
      </trkpt>
      <trkpt lat="54.06863151" lon="-121.45259426">
      </trkpt>
      <trkpt lat="54.06853249" lon="-121.45258266">
      </trkpt>
      <trkpt lat="54.06840628" lon="-121.45255675">
      </trkpt>
      <trkpt lat="54.06826178" lon="-121.45250108">
      </trkpt>
      <trkpt lat="54.06818931" lon="-121.45245793">
      </trkpt>
      <trkpt lat="54.06812545" lon="-121.45238382">
      </trkpt>
      <trkpt lat="54.06803423" lon="-121.45228026">
      </trkpt>
      <trkpt lat="54.06797933" lon="-121.45220585">
      </trkpt>
      <trkpt lat="54.06791564" lon="-121.45214715">
      </trkpt>
      <trkpt lat="54.06786093" lon="-121.45208797">
      </trkpt>
      <trkpt lat="54.06780586" lon="-121.45199845">
      </trkpt>
      <trkpt lat="54.06776891" lon="-121.45192343">
      </trkpt>
      <trkpt lat="54.06772262" lon="-121.45181807">
      </trkpt>
      <trkpt lat="54.06766709" lon="-121.45169789">
      </trkpt>
      <trkpt lat="54.06762063" lon="-121.45157743">
      </trkpt>
      <trkpt lat="54.06754681" lon="-121.45142736">
      </trkpt>
      <trkpt lat="54.06751848" lon="-121.45132138">
      </trkpt>
      <trkpt lat="54.0674442" lon="-121.45114082">
      </trkpt>
      <trkpt lat="54.06739774" lon="-121.45102021">
      </trkpt>
      <trkpt lat="54.0673606" lon="-121.45092992">
      </trkpt>
      <trkpt lat="54.06730437" lon="-121.45074861">
      </trkpt>
      <trkpt lat="54.06725764" lon="-121.45061289">
      </trkpt>
      <trkpt lat="54.06722043" lon="-121.45052261">
      </trkpt>
      <trkpt lat="54.06714587" lon="-121.4503114">
      </trkpt>
      <trkpt lat="54.0671178" lon="-121.45022083">
      </trkpt>
      <trkpt lat="54.06707985" lon="-121.45006939">
      </trkpt>
      <trkpt lat="54.06703321" lon="-121.44993351">
      </trkpt>
      <trkpt lat="54.06700486" lon="-121.44982754">
      </trkpt>
      <trkpt lat="54.06696737" lon="-121.44970675">
      </trkpt>
      <trkpt lat="54.06692064" lon="-121.44957088">
      </trkpt>
      <trkpt lat="54.06688296" lon="-121.44943486">
      </trkpt>
      <trkpt lat="54.06684503" lon="-121.44928343">
      </trkpt>
      <trkpt lat="54.0668165" lon="-121.44916219">
      </trkpt>
      <trkpt lat="54.06677766" lon="-121.44894978">
      </trkpt>
      <trkpt lat="54.06674025" lon="-121.44882885">
      </trkpt>
      <trkpt lat="54.06671191" lon="-121.44872301">
      </trkpt>
      <trkpt lat="54.06668339" lon="-121.44860178">
      </trkpt>
      <trkpt lat="54.06664571" lon="-121.4484656">
      </trkpt>
      <trkpt lat="54.06660777" lon="-121.44831417">
      </trkpt>
      <trkpt lat="54.06656145" lon="-121.44820896">
      </trkpt>
      <trkpt lat="54.06652417" lon="-121.44810342">
      </trkpt>
      <trkpt lat="54.06646846" lon="-121.447968">
      </trkpt>
      <trkpt lat="54.06644039" lon="-121.44787727">
      </trkpt>
      <trkpt lat="54.06639401" lon="-121.44777205">
      </trkpt>
      <trkpt lat="54.06635598" lon="-121.44760537">
      </trkpt>
      <trkpt lat="54.06631841" lon="-121.44748444">
      </trkpt>
      <trkpt lat="54.06626279" lon="-121.44734904">
      </trkpt>
      <trkpt lat="54.06621642" lon="-121.44724381">
      </trkpt>
      <trkpt lat="54.06612348" lon="-121.44700287">
      </trkpt>
      <trkpt lat="54.06607639" lon="-121.44683649">
      </trkpt>
      <trkpt lat="54.06604823" lon="-121.44674576">
      </trkpt>
      <trkpt lat="54.06600167" lon="-121.44662528">
      </trkpt>
      <trkpt lat="54.06595503" lon="-121.44648956">
      </trkpt>
      <trkpt lat="54.06591789" lon="-121.44639914">
      </trkpt>
      <trkpt lat="54.06588058" lon="-121.44629361">
      </trkpt>
      <trkpt lat="54.06584343" lon="-121.44620333">
      </trkpt>
      <trkpt lat="54.06579635" lon="-121.44603695">
      </trkpt>
      <trkpt lat="54.06574028" lon="-121.44587104">
      </trkpt>
      <trkpt lat="54.06570314" lon="-121.44578061">
      </trkpt>
      <trkpt lat="54.06564789" lon="-121.4456757">
      </trkpt>
      <trkpt lat="54.06558276" lon="-121.44551008">
      </trkpt>
      <trkpt lat="54.06553613" lon="-121.44537436">
      </trkpt>
      <trkpt lat="54.06548024" lon="-121.44522355">
      </trkpt>
      <trkpt lat="54.06543395" lon="-121.44511832">
      </trkpt>
      <trkpt lat="54.06539638" lon="-121.44499755">
      </trkpt>
      <trkpt lat="54.06536784" lon="-121.44487632">
      </trkpt>
      <trkpt lat="54.06529242" lon="-121.44460412">
      </trkpt>
      <trkpt lat="54.06521741" lon="-121.44436241">
      </trkpt>
      <trkpt lat="54.06516091" lon="-121.44416584">
      </trkpt>
      <trkpt lat="54.0651234" lon="-121.44404507">
      </trkpt>
      <trkpt lat="54.0650861" lon="-121.44393939">
      </trkpt>
      <trkpt lat="54.06503981" lon="-121.44383416">
      </trkpt>
      <trkpt lat="54.0649937" lon="-121.44374419">
      </trkpt>
      <trkpt lat="54.06495656" lon="-121.44365392">
      </trkpt>
      <trkpt lat="54.06491808" lon="-121.44345673">
      </trkpt>
      <trkpt lat="54.06488892" lon="-121.44328975">
      </trkpt>
      <trkpt lat="54.06483286" lon="-121.44312369">
      </trkpt>
      <trkpt lat="54.06477636" lon="-121.44292712">
      </trkpt>
      <trkpt lat="54.06472944" lon="-121.44277616">
      </trkpt>
      <trkpt lat="54.06467275" lon="-121.44256434">
      </trkpt>
      <trkpt lat="54.06462647" lon="-121.44245912">
      </trkpt>
      <trkpt lat="54.06457981" lon="-121.44232324">
      </trkpt>
      <trkpt lat="54.06453343" lon="-121.44221802">
      </trkpt>
      <trkpt lat="54.06448606" lon="-121.4420364">
      </trkpt>
      <trkpt lat="54.06441118" lon="-121.44179469">
      </trkpt>
      <trkpt lat="54.06436443" lon="-121.44165897">
      </trkpt>
      <trkpt lat="54.06429913" lon="-121.44147811">
      </trkpt>
      <trkpt lat="54.06425284" lon="-121.44137289">
      </trkpt>
      <trkpt lat="54.06411335" lon="-121.44101132">
      </trkpt>
      <trkpt lat="54.06407622" lon="-121.44092105">
      </trkpt>
      <trkpt lat="54.06403891" lon="-121.44081536">
      </trkpt>
      <trkpt lat="54.06400176" lon="-121.44072509">
      </trkpt>
      <trkpt lat="54.06394587" lon="-121.44057443">
      </trkpt>
      <trkpt lat="54.06388084" lon="-121.44040881">
      </trkpt>
      <trkpt lat="54.06383447" lon="-121.4403036">
      </trkpt>
      <trkpt lat="54.06378719" lon="-121.44012197">
      </trkpt>
      <trkpt lat="54.06375884" lon="-121.44001598">
      </trkpt>
      <trkpt lat="54.06371237" lon="-121.43989551">
      </trkpt>
      <trkpt lat="54.06364769" lon="-121.43976041">
      </trkpt>
      <trkpt lat="54.06361935" lon="-121.43965458">
      </trkpt>
      <trkpt lat="54.06356399" lon="-121.43954965">
      </trkpt>
      <trkpt lat="54.06353565" lon="-121.43944382">
      </trkpt>
      <trkpt lat="54.06348902" lon="-121.43930796">
      </trkpt>
      <trkpt lat="54.0634333" lon="-121.43917253">
      </trkpt>
      <trkpt lat="54.06338656" lon="-121.43903681">
      </trkpt>
      <trkpt lat="54.06334925" lon="-121.43893114">
      </trkpt>
      <trkpt lat="54.06331156" lon="-121.4387951">
      </trkpt>
      <trkpt lat="54.06327424" lon="-121.43868959">
      </trkpt>
      <trkpt lat="54.06322769" lon="-121.43856896">
      </trkpt>
      <trkpt lat="54.06317225" lon="-121.43844879">
      </trkpt>
      <trkpt lat="54.06310812" lon="-121.43835958">
      </trkpt>
      <trkpt lat="54.06304442" lon="-121.43830086">
      </trkpt>
      <trkpt lat="54.06296279" lon="-121.43824277">
      </trkpt>
      <trkpt lat="54.06290826" lon="-121.43819901">
      </trkpt>
      <trkpt lat="54.06283621" lon="-121.43818634">
      </trkpt>
      <trkpt lat="54.06275512" lon="-121.43817415">
      </trkpt>
      <trkpt lat="54.06266514" lon="-121.43816226">
      </trkpt>
      <trkpt lat="54.06257489" lon="-121.4381351">
      </trkpt>
      <trkpt lat="54.06251157" lon="-121.4381069">
      </trkpt>
      <trkpt lat="54.06242159" lon="-121.438095">
      </trkpt>
      <trkpt lat="54.06234048" lon="-121.4380828">
      </trkpt>
      <trkpt lat="54.06219597" lon="-121.43802714">
      </trkpt>
      <trkpt lat="54.06201583" lon="-121.43800319">
      </trkpt>
      <trkpt lat="54.0619438" lon="-121.4379907">
      </trkpt>
      <trkpt lat="54.06184458" lon="-121.43796386">
      </trkpt>
      <trkpt lat="54.06176285" lon="-121.43790575">
      </trkpt>
      <trkpt lat="54.06165368" lon="-121.43780298">
      </trkpt>
      <trkpt lat="54.06156343" lon="-121.43777583">
      </trkpt>
      <trkpt lat="54.06149122" lon="-121.43774793">
      </trkpt>
      <trkpt lat="54.06141012" lon="-121.43773573">
      </trkpt>
      <trkpt lat="54.06122002" lon="-121.43763584">
      </trkpt>
      <trkpt lat="54.06112062" lon="-121.43759375">
      </trkpt>
      <trkpt lat="54.0610484" lon="-121.43756584">
      </trkpt>
      <trkpt lat="54.06084951" lon="-121.43748167">
      </trkpt>
      <trkpt lat="54.06075909" lon="-121.43743927">
      </trkpt>
      <trkpt lat="54.06065026" lon="-121.43736699">
      </trkpt>
      <trkpt lat="54.06055939" lon="-121.43729394">
      </trkpt>
      <trkpt lat="54.06044124" lon="-121.43719147">
      </trkpt>
      <trkpt lat="54.06031413" lon="-121.4370893">
      </trkpt>
      <trkpt lat="54.06025042" lon="-121.43703059">
      </trkpt>
      <trkpt lat="54.06021409" lon="-121.43700131">
      </trkpt>
      <trkpt lat="54.0600142" lon="-121.43684073">
      </trkpt>
      <trkpt lat="54.05995931" lon="-121.43676647">
      </trkpt>
      <trkpt lat="54.05989561" lon="-121.43670776">
      </trkpt>
      <trkpt lat="54.05983155" lon="-121.4366184">
      </trkpt>
      <trkpt lat="54.05975772" lon="-121.43646849">
      </trkpt>
      <trkpt lat="54.05970219" lon="-121.43634833">
      </trkpt>
      <trkpt lat="54.05966523" lon="-121.43627329">
      </trkpt>
      <trkpt lat="54.05964692" lon="-121.4362434">
      </trkpt>
      <trkpt lat="54.05960933" lon="-121.43612263">
      </trkpt>
      <trkpt lat="54.05956303" lon="-121.43601741">
      </trkpt>
      <trkpt lat="54.05949835" lon="-121.4358823">
      </trkpt>
      <trkpt lat="54.05946148" lon="-121.43580726">
      </trkpt>
      <trkpt lat="54.05939636" lon="-121.43564165">
      </trkpt>
      <trkpt lat="54.05935948" lon="-121.43556664">
      </trkpt>
      <trkpt lat="54.05935023" lon="-121.43555168">
      </trkpt>
      <trkpt lat="54.05929452" lon="-121.43541627">
      </trkpt>
      <trkpt lat="54.05929399" lon="-121.43537053">
      </trkpt>
      <trkpt lat="54.05928339" lon="-121.43524868">
      </trkpt>
      <trkpt lat="54.05925424" lon="-121.43508169">
      </trkpt>
      <trkpt lat="54.05922587" lon="-121.43497571">
      </trkpt>
      <trkpt lat="54.05918839" lon="-121.43485494">
      </trkpt>
      <trkpt lat="54.05915125" lon="-121.43476465">
      </trkpt>
      <trkpt lat="54.0591325" lon="-121.43470427">
      </trkpt>
      <trkpt lat="54.05911348" lon="-121.43462863">
      </trkpt>
      <trkpt lat="54.05910414" lon="-121.43459843">
      </trkpt>
      <trkpt lat="54.05906583" lon="-121.43441652">
      </trkpt>
      <trkpt lat="54.05902826" lon="-121.43429557">
      </trkpt>
      <trkpt lat="54.05897137" lon="-121.43406852">
      </trkpt>
      <trkpt lat="54.05893387" lon="-121.43394774">
      </trkpt>
      <trkpt lat="54.05890534" lon="-121.43382666">
      </trkpt>
      <trkpt lat="54.05887654" lon="-121.43369017">
      </trkpt>
      <trkpt lat="54.0588568" lon="-121.43355339">
      </trkpt>
      <trkpt lat="54.05885464" lon="-121.43338548">
      </trkpt>
      <trkpt lat="54.05885043" lon="-121.43306478">
      </trkpt>
      <trkpt lat="54.05885026" lon="-121.43304954">
      </trkpt>
      <trkpt lat="54.05884003" lon="-121.4329582">
      </trkpt>
      <trkpt lat="54.05883609" lon="-121.43265275">
      </trkpt>
      <trkpt lat="54.0588525" lon="-121.43252984">
      </trkpt>
      <trkpt lat="54.05884845" lon="-121.43222439">
      </trkpt>
      <trkpt lat="54.05885546" lon="-121.43207143">
      </trkpt>
      <trkpt lat="54.0588629" lon="-121.43194883">
      </trkpt>
      <trkpt lat="54.05887044" lon="-121.43184163">
      </trkpt>
      <trkpt lat="54.05885931" lon="-121.43167404">
      </trkpt>
      <trkpt lat="54.05885653" lon="-121.43146023">
      </trkpt>
      <trkpt lat="54.05884451" lon="-121.43123149">
      </trkpt>
      <trkpt lat="54.0588411" lon="-121.43097195">
      </trkpt>
      <trkpt lat="54.05883958" lon="-121.43084965">
      </trkpt>
      <trkpt lat="54.05883034" lon="-121.43014726">
      </trkpt>
      <trkpt lat="54.05883761" lon="-121.43000939">
      </trkpt>
      <trkpt lat="54.05885312" lon="-121.42982548">
      </trkpt>
      <trkpt lat="54.05886012" lon="-121.42967238">
      </trkpt>
      <trkpt lat="54.05885276" lon="-121.42910739">
      </trkpt>
      <trkpt lat="54.05886676" lon="-121.42880132">
      </trkpt>
      <trkpt lat="54.05887411" lon="-121.42867872">
      </trkpt>
      <trkpt lat="54.05888174" lon="-121.42857151">
      </trkpt>
      <trkpt lat="54.05891583" lon="-121.42843274">
      </trkpt>
      <trkpt lat="54.05894122" lon="-121.42830952">
      </trkpt>
      <trkpt lat="54.05895756" lon="-121.42818662">
      </trkpt>
      <trkpt lat="54.05898312" lon="-121.4280788">
      </trkpt>
      <trkpt lat="54.05899891" lon="-121.42791014">
      </trkpt>
      <trkpt lat="54.05901552" lon="-121.42780248">
      </trkpt>
      <trkpt lat="54.05903165" lon="-121.42766447">
      </trkpt>
      <trkpt lat="54.05903147" lon="-121.42764907">
      </trkpt>
      <trkpt lat="54.0591001" lon="-121.42740203">
      </trkpt>
      <trkpt lat="54.05913483" lon="-121.42730916">
      </trkpt>
      <trkpt lat="54.05916003" lon="-121.42717069">
      </trkpt>
      <trkpt lat="54.059177" lon="-121.42709353">
      </trkpt>
      <trkpt lat="54.05918517" lon="-121.42703223">
      </trkpt>
      <trkpt lat="54.05921984" lon="-121.4269392">
      </trkpt>
      <trkpt lat="54.05927102" lon="-121.42672327">
      </trkpt>
      <trkpt lat="54.05930538" lon="-121.42659975">
      </trkpt>
      <trkpt lat="54.05930492" lon="-121.42656925">
      </trkpt>
      <trkpt lat="54.05935589" lon="-121.42633822">
      </trkpt>
      <trkpt lat="54.05938899" lon="-121.42612306">
      </trkpt>
      <trkpt lat="54.0594325" lon="-121.42601433">
      </trkpt>
      <trkpt lat="54.05950203" lon="-121.42582842">
      </trkpt>
      <trkpt lat="54.05954536" lon="-121.4257046">
      </trkpt>
      <trkpt lat="54.05958905" lon="-121.42561127">
      </trkpt>
      <trkpt lat="54.0596418" lon="-121.4255175">
      </trkpt>
      <trkpt lat="54.05969465" lon="-121.4254391">
      </trkpt>
      <trkpt lat="54.05977432" lon="-121.42534441">
      </trkpt>
      <trkpt lat="54.05981826" lon="-121.42526633">
      </trkpt>
      <trkpt lat="54.05989812" lon="-121.42518704">
      </trkpt>
      <trkpt lat="54.05996002" lon="-121.42510819">
      </trkpt>
      <trkpt lat="54.06001331" lon="-121.42506031">
      </trkpt>
      <trkpt lat="54.06014608" lon="-121.42490263">
      </trkpt>
      <trkpt lat="54.06019022" lon="-121.4248398">
      </trkpt>
      <trkpt lat="54.0602166" lon="-121.42479298">
      </trkpt>
      <trkpt lat="54.06026065" lon="-121.42473016">
      </trkpt>
      <trkpt lat="54.06027841" lon="-121.42471414">
      </trkpt>
      <trkpt lat="54.06033135" lon="-121.42463576">
      </trkpt>
      <trkpt lat="54.06037525" lon="-121.42455768">
      </trkpt>
      <trkpt lat="54.06041801" lon="-121.42438811">
      </trkpt>
      <trkpt lat="54.06046151" lon="-121.42427938">
      </trkpt>
      <trkpt lat="54.06051382" lon="-121.42415525">
      </trkpt>
      <trkpt lat="54.06054853" lon="-121.42406222">
      </trkpt>
      <trkpt lat="54.06058307" lon="-121.42395396">
      </trkpt>
      <trkpt lat="54.06068768" lon="-121.42370555">
      </trkpt>
      <trkpt lat="54.06077514" lon="-121.42351889">
      </trkpt>
      <trkpt lat="54.06080986" lon="-121.42342586">
      </trkpt>
      <trkpt lat="54.0608444" lon="-121.4233176">
      </trkpt>
      <trkpt lat="54.0608784" lon="-121.42316357">
      </trkpt>
      <trkpt lat="54.06090388" lon="-121.42305561">
      </trkpt>
      <trkpt lat="54.06095664" lon="-121.42296198">
      </trkpt>
      <trkpt lat="54.06099073" lon="-121.42282306">
      </trkpt>
      <trkpt lat="54.06103423" lon="-121.42271447">
      </trkpt>
      <trkpt lat="54.0611033" lon="-121.42249793">
      </trkpt>
      <trkpt lat="54.0611287" lon="-121.42237472">
      </trkpt>
      <trkpt lat="54.06116323" lon="-121.42226644">
      </trkpt>
      <trkpt lat="54.06121553" lon="-121.42214231">
      </trkpt>
      <trkpt lat="54.06126748" lon="-121.42198753">
      </trkpt>
      <trkpt lat="54.06131047" lon="-121.4218483">
      </trkpt>
      <trkpt lat="54.06136266" lon="-121.42170892">
      </trkpt>
      <trkpt lat="54.06138823" lon="-121.42160096">
      </trkpt>
      <trkpt lat="54.06141398" lon="-121.42150823">
      </trkpt>
      <trkpt lat="54.06143909" lon="-121.42136976">
      </trkpt>
      <trkpt lat="54.06146466" lon="-121.42126195">
      </trkpt>
      <trkpt lat="54.06148978" lon="-121.42112333">
      </trkpt>
      <trkpt lat="54.06151553" lon="-121.42103077">
      </trkpt>
      <trkpt lat="54.06153966" lon="-121.42081591">
      </trkpt>
      <trkpt lat="54.06154693" lon="-121.42067804">
      </trkpt>
      <trkpt lat="54.06154549" lon="-121.42057115">
      </trkpt>
      <trkpt lat="54.06155285" lon="-121.4204487">
      </trkpt>
      <trkpt lat="54.06155923" lon="-121.42024985">
      </trkpt>
      <trkpt lat="54.06156639" lon="-121.42011199">
      </trkpt>
      <trkpt lat="54.06157384" lon="-121.41998953">
      </trkpt>
      <trkpt lat="54.06158971" lon="-121.41983613">
      </trkpt>
      <trkpt lat="54.06158854" lon="-121.41974447">
      </trkpt>
      <trkpt lat="54.06159635" lon="-121.41965251">
      </trkpt>
      <trkpt lat="54.0615959" lon="-121.41962187">
      </trkpt>
      <trkpt lat="54.0616099" lon="-121.41931582">
      </trkpt>
      <trkpt lat="54.06161726" lon="-121.41919335">
      </trkpt>
      <trkpt lat="54.06162462" lon="-121.41907075">
      </trkpt>
      <trkpt lat="54.06162443" lon="-121.41905551">
      </trkpt>
      <trkpt lat="54.06163925" lon="-121.41881043">
      </trkpt>
      <trkpt lat="54.06163762" lon="-121.41868829">
      </trkpt>
      <trkpt lat="54.06164453" lon="-121.41853519">
      </trkpt>
      <trkpt lat="54.06165216" lon="-121.41842798">
      </trkpt>
      <trkpt lat="54.0616414" lon="-121.41829089">
      </trkpt>
      <trkpt lat="54.06163951" lon="-121.41815334">
      </trkpt>
      <trkpt lat="54.06164695" lon="-121.41803089">
      </trkpt>
      <trkpt lat="54.06166211" lon="-121.41781633">
      </trkpt>
      <trkpt lat="54.0616587" lon="-121.41755678">
      </trkpt>
      <trkpt lat="54.06166607" lon="-121.41743418">
      </trkpt>
      <trkpt lat="54.06165485" lon="-121.41726658">
      </trkpt>
      <trkpt lat="54.06164786" lon="-121.41673199">
      </trkpt>
      <trkpt lat="54.061637" lon="-121.41659498">
      </trkpt>
      <trkpt lat="54.06163538" lon="-121.41647269">
      </trkpt>
      <trkpt lat="54.06164255" lon="-121.41633498">
      </trkpt>
      <trkpt lat="54.06164076" lon="-121.41619743">
      </trkpt>
      <trkpt lat="54.06165548" lon="-121.41595252">
      </trkpt>
      <trkpt lat="54.0616631" lon="-121.41584518">
      </trkpt>
      <trkpt lat="54.06167943" lon="-121.41572241">
      </trkpt>
      <trkpt lat="54.06168687" lon="-121.4155998">
      </trkpt>
      <trkpt lat="54.06170276" lon="-121.41544639">
      </trkpt>
      <trkpt lat="54.06171916" lon="-121.41532363">
      </trkpt>
      <trkpt lat="54.06174303" lon="-121.41509351">
      </trkpt>
      <trkpt lat="54.06176797" lon="-121.41493965">
      </trkpt>
      <trkpt lat="54.06181955" lon="-121.41475437">
      </trkpt>
      <trkpt lat="54.06183686" lon="-121.41470786">
      </trkpt>
      <trkpt lat="54.06186307" lon="-121.41464579">
      </trkpt>
      <trkpt lat="54.06191542" lon="-121.41453676">
      </trkpt>
      <trkpt lat="54.06194982" lon="-121.41441324">
      </trkpt>
      <trkpt lat="54.0620005" lon="-121.4141668">
      </trkpt>
      <trkpt lat="54.06202571" lon="-121.41402834">
      </trkpt>
      <trkpt lat="54.06205979" lon="-121.41388957">
      </trkpt>
      <trkpt lat="54.06208519" lon="-121.41376636">
      </trkpt>
      <trkpt lat="54.06209254" lon="-121.41364374">
      </trkpt>
      <trkpt lat="54.06210905" lon="-121.41353624">
      </trkpt>
      <trkpt lat="54.06213444" lon="-121.41341302">
      </trkpt>
      <trkpt lat="54.06215999" lon="-121.41330506">
      </trkpt>
      <trkpt lat="54.06217669" lon="-121.41321279">
      </trkpt>
      <trkpt lat="54.06217587" lon="-121.41315165">
      </trkpt>
      <trkpt lat="54.06220144" lon="-121.41304368">
      </trkpt>
      <trkpt lat="54.06222737" lon="-121.41296636">
      </trkpt>
      <trkpt lat="54.06223598" lon="-121.4129354">
      </trkpt>
      <trkpt lat="54.06224459" lon="-121.4129046">
      </trkpt>
      <trkpt lat="54.06227007" lon="-121.41279664">
      </trkpt>
      <trkpt lat="54.0622873" lon="-121.41273488">
      </trkpt>
      <trkpt lat="54.06230442" lon="-121.41267311">
      </trkpt>
      <trkpt lat="54.06233898" lon="-121.41256485">
      </trkpt>
      <trkpt lat="54.06236426" lon="-121.41244162">
      </trkpt>
      <trkpt lat="54.06240741" lon="-121.4123024">
      </trkpt>
      <trkpt lat="54.0624765" lon="-121.41208585">
      </trkpt>
      <trkpt lat="54.06251954" lon="-121.41194662">
      </trkpt>
      <trkpt lat="54.06255408" lon="-121.41183836">
      </trkpt>
      <trkpt lat="54.06257049" lon="-121.41173085">
      </trkpt>
      <trkpt lat="54.06257866" lon="-121.41165413">
      </trkpt>
      <trkpt lat="54.062587" lon="-121.41160794">
      </trkpt>
      <trkpt lat="54.06263114" lon="-121.41154511">
      </trkpt>
      <trkpt lat="54.06263993" lon="-121.41152955">
      </trkpt>
      <trkpt lat="54.06266524" lon="-121.41140634">
      </trkpt>
      <trkpt lat="54.06269977" lon="-121.41129806">
      </trkpt>
      <trkpt lat="54.06273413" lon="-121.41117455">
      </trkpt>
      <trkpt lat="54.06276844" lon="-121.41106628">
      </trkpt>
      <trkpt lat="54.0628119" lon="-121.41094229">
      </trkpt>
      <trkpt lat="54.06286402" lon="-121.41080276">
      </trkpt>
      <trkpt lat="54.06288959" lon="-121.41069479">
      </trkpt>
      <trkpt lat="54.06294081" lon="-121.41049426">
      </trkpt>
      <trkpt lat="54.0629662" lon="-121.41037104">
      </trkpt>
      <trkpt lat="54.06299131" lon="-121.41023257">
      </trkpt>
      <trkpt lat="54.06301706" lon="-121.41013986">
      </trkpt>
      <trkpt lat="54.06306873" lon="-121.40996983">
      </trkpt>
      <trkpt lat="54.06310328" lon="-121.40986156">
      </trkpt>
      <trkpt lat="54.06312901" lon="-121.40976884">
      </trkpt>
      <trkpt lat="54.06316293" lon="-121.40961481">
      </trkpt>
      <trkpt lat="54.06317172" lon="-121.40959911">
      </trkpt>
      <trkpt lat="54.06320644" lon="-121.40950609">
      </trkpt>
      <trkpt lat="54.06321495" lon="-121.40947528">
      </trkpt>
      <trkpt lat="54.06327506" lon="-121.40925905">
      </trkpt>
      <trkpt lat="54.0633096" lon="-121.40915078">
      </trkpt>
      <trkpt lat="54.06334386" lon="-121.40902726">
      </trkpt>
      <trkpt lat="54.06337805" lon="-121.40888834">
      </trkpt>
      <trkpt lat="54.0634036" lon="-121.40878036">
      </trkpt>
      <trkpt lat="54.06342935" lon="-121.4086878">
      </trkpt>
      <trkpt lat="54.06347994" lon="-121.40844137">
      </trkpt>
      <trkpt lat="54.0635135" lon="-121.40825669">
      </trkpt>
      <trkpt lat="54.06354758" lon="-121.40811778">
      </trkpt>
      <trkpt lat="54.06356436" lon="-121.40802551">
      </trkpt>
      <trkpt lat="54.06355494" lon="-121.40799532">
      </trkpt>
      <trkpt lat="54.06349941" lon="-121.40787515">
      </trkpt>
      <trkpt lat="54.06345313" lon="-121.40776993">
      </trkpt>
      <trkpt lat="54.06340565" lon="-121.40758847">
      </trkpt>
      <trkpt lat="54.06335903" lon="-121.40745275">
      </trkpt>
      <trkpt lat="54.06331246" lon="-121.40733227">
      </trkpt>
      <trkpt lat="54.06326617" lon="-121.40722704">
      </trkpt>
      <trkpt lat="54.06321998" lon="-121.40713708">
      </trkpt>
      <trkpt lat="54.06313754" lon="-121.40701797">
      </trkpt>
      <trkpt lat="54.0630734" lon="-121.40692876">
      </trkpt>
      <trkpt lat="54.0630097" lon="-121.40687022">
      </trkpt>
      <trkpt lat="54.06294565" lon="-121.40678085">
      </trkpt>
      <trkpt lat="54.06289972" lon="-121.40670628">
      </trkpt>
      <trkpt lat="54.06281764" lon="-121.40661767">
      </trkpt>
      <trkpt lat="54.06277189" lon="-121.40655836">
      </trkpt>
      <trkpt lat="54.06269878" lon="-121.40646944">
      </trkpt>
      <trkpt lat="54.06264406" lon="-121.40641044">
      </trkpt>
      <trkpt lat="54.06258001" lon="-121.40632122">
      </trkpt>
      <trkpt lat="54.06251606" lon="-121.40624726">
      </trkpt>
      <trkpt lat="54.06246116" lon="-121.40617299">
      </trkpt>
      <trkpt lat="54.06241523" lon="-121.40609828">
      </trkpt>
      <trkpt lat="54.06233232" lon="-121.40594868">
      </trkpt>
      <trkpt lat="54.06224988" lon="-121.40582958">
      </trkpt>
      <trkpt lat="54.06215856" lon="-121.40572619">
      </trkpt>
      <trkpt lat="54.06214942" lon="-121.40571124">
      </trkpt>
      <trkpt lat="54.06210349" lon="-121.40563651">
      </trkpt>
      <trkpt lat="54.06204777" lon="-121.4055011">
      </trkpt>
      <trkpt lat="54.06200165" lon="-121.40541128">
      </trkpt>
      <trkpt lat="54.06195511" lon="-121.40529081">
      </trkpt>
      <trkpt lat="54.06189976" lon="-121.4051859">
      </trkpt>
      <trkpt lat="54.06185337" lon="-121.40508082">
      </trkpt>
      <trkpt lat="54.0618348" lon="-121.4050357">
      </trkpt>
      <trkpt lat="54.0617887" lon="-121.40494572">
      </trkpt>
      <trkpt lat="54.0617338" lon="-121.40487145">
      </trkpt>
      <trkpt lat="54.06168767" lon="-121.40478148">
      </trkpt>
      <trkpt lat="54.06165045" lon="-121.4046912">
      </trkpt>
      <trkpt lat="54.06159554" lon="-121.40461694">
      </trkpt>
      <trkpt lat="54.06150333" lon="-121.40443715">
      </trkpt>
      <trkpt lat="54.06145646" lon="-121.40430142">
      </trkpt>
      <trkpt lat="54.06140123" lon="-121.40419651">
      </trkpt>
      <trkpt lat="54.06137369" lon="-121.40415183">
      </trkpt>
      <trkpt lat="54.06130893" lon="-121.40401671">
      </trkpt>
      <trkpt lat="54.06122487" lon="-121.40377547">
      </trkpt>
      <trkpt lat="54.06103127" lon="-121.40341619">
      </trkpt>
      <trkpt lat="54.060949" lon="-121.40331234">
      </trkpt>
      <trkpt lat="54.06081246" lon="-121.40318013">
      </trkpt>
      <trkpt lat="54.06075774" lon="-121.40312112">
      </trkpt>
      <trkpt lat="54.06062048" lon="-121.402943">
      </trkpt>
      <trkpt lat="54.06057321" lon="-121.40276153">
      </trkpt>
      <trkpt lat="54.06050538" lon="-121.40239732">
      </trkpt>
      <trkpt lat="54.06047721" lon="-121.40230678">
      </trkpt>
      <trkpt lat="54.06046456" lon="-121.40203229">
      </trkpt>
      <trkpt lat="54.06044482" lon="-121.40189551">
      </trkpt>
      <trkpt lat="54.06039603" lon="-121.40160699">
      </trkpt>
      <trkpt lat="54.06034784" lon="-121.40136436">
      </trkpt>
      <trkpt lat="54.06024476" lon="-121.40104747">
      </trkpt>
      <trkpt lat="54.06018968" lon="-121.40095796">
      </trkpt>
      <trkpt lat="54.06015245" lon="-121.40086768">
      </trkpt>
      <trkpt lat="54.06008839" lon="-121.40077848">
      </trkpt>
      <trkpt lat="54.05999608" lon="-121.40059869">
      </trkpt>
      <trkpt lat="54.05995895" lon="-121.40050842">
      </trkpt>
      <trkpt lat="54.05984886" lon="-121.40034463">
      </trkpt>
      <trkpt lat="54.05971842" lon="-121.39999817">
      </trkpt>
      <trkpt lat="54.05969088" lon="-121.39995332">
      </trkpt>
      <trkpt lat="54.05964431" lon="-121.399833">
      </trkpt>
      <trkpt lat="54.05957945" lon="-121.39968265">
      </trkpt>
      <trkpt lat="54.05956062" lon="-121.39962226">
      </trkpt>
      <trkpt lat="54.05954204" lon="-121.39957712">
      </trkpt>
      <trkpt lat="54.05952365" lon="-121.39954724">
      </trkpt>
      <trkpt lat="54.05950508" lon="-121.3995021">
      </trkpt>
      <trkpt lat="54.05949566" lon="-121.3994719">
      </trkpt>
      <trkpt lat="54.0594771" lon="-121.39942677">
      </trkpt>
      <trkpt lat="54.05946758" lon="-121.39938131">
      </trkpt>
      <trkpt lat="54.05945753" lon="-121.39930537">
      </trkpt>
      <trkpt lat="54.05945125" lon="-121.39883188">
      </trkpt>
      <trkpt lat="54.0594596" lon="-121.39878582">
      </trkpt>
      <trkpt lat="54.05947557" lon="-121.39863242">
      </trkpt>
      <trkpt lat="54.0595242" lon="-121.39823318">
      </trkpt>
      <trkpt lat="54.05953217" lon="-121.39815647">
      </trkpt>
      <trkpt lat="54.05954868" lon="-121.39804897">
      </trkpt>
      <trkpt lat="54.05957255" lon="-121.39781885">
      </trkpt>
      <trkpt lat="54.05956079" lon="-121.39693301">
      </trkpt>
      <trkpt lat="54.05956034" lon="-121.39690251">
      </trkpt>
      <trkpt lat="54.05954931" lon="-121.39675016">
      </trkpt>
      <trkpt lat="54.05954877" lon="-121.39670441">
      </trkpt>
      <trkpt lat="54.05951585" lon="-121.39626248">
      </trkpt>
      <trkpt lat="54.05947691" lon="-121.3960348">
      </trkpt>
      <trkpt lat="54.05945789" lon="-121.39595917">
      </trkpt>
      <trkpt lat="54.05944829" lon="-121.39591372">
      </trkpt>
      <trkpt lat="54.05941052" lon="-121.3957777">
      </trkpt>
      <trkpt lat="54.05940093" lon="-121.3957321">
      </trkpt>
      <trkpt lat="54.05937257" lon="-121.39562628">
      </trkpt>
      <trkpt lat="54.05936297" lon="-121.39558082">
      </trkpt>
      <trkpt lat="54.05932539" lon="-121.39546005">
      </trkpt>
      <trkpt lat="54.05930681" lon="-121.39541491">
      </trkpt>
      <trkpt lat="54.05929703" lon="-121.39535422">
      </trkpt>
      <trkpt lat="54.05928744" lon="-121.39530878">
      </trkpt>
      <trkpt lat="54.0592372" lon="-121.39491335">
      </trkpt>
      <trkpt lat="54.05922697" lon="-121.39482216">
      </trkpt>
      <trkpt lat="54.05921702" lon="-121.39474606">
      </trkpt>
      <trkpt lat="54.05921333" lon="-121.39447127">
      </trkpt>
      <trkpt lat="54.05920356" lon="-121.39441042">
      </trkpt>
      <trkpt lat="54.05918471" lon="-121.39435019">
      </trkpt>
      <trkpt lat="54.05916488" lon="-121.3942134">
      </trkpt>
      <trkpt lat="54.05916452" lon="-121.39418275">
      </trkpt>
      <trkpt lat="54.05915331" lon="-121.39401515">
      </trkpt>
      <trkpt lat="54.05915205" lon="-121.39392351">
      </trkpt>
      <trkpt lat="54.0591474" lon="-121.3935723">
      </trkpt>
      <trkpt lat="54.05913492" lon="-121.39331307">
      </trkpt>
      <trkpt lat="54.05913411" lon="-121.39325192">
      </trkpt>
      <trkpt lat="54.05912263" lon="-121.39306908">
      </trkpt>
      <trkpt lat="54.05912146" lon="-121.39297743">
      </trkpt>
      <trkpt lat="54.05910998" lon="-121.39279458">
      </trkpt>
      <trkpt lat="54.05910163" lon="-121.39216844">
      </trkpt>
      <trkpt lat="54.05913429" lon="-121.39125042">
      </trkpt>
      <trkpt lat="54.05914003" lon="-121.39100566">
      </trkpt>
      <trkpt lat="54.05913618" lon="-121.39071546">
      </trkpt>
      <trkpt lat="54.05914416" lon="-121.39063876">
      </trkpt>
      <trkpt lat="54.05914389" lon="-121.39062351">
      </trkpt>
      <trkpt lat="54.05917736" lon="-121.39043898">
      </trkpt>
      <trkpt lat="54.05918598" lon="-121.39040804">
      </trkpt>
      <trkpt lat="54.05920337" lon="-121.39036152">
      </trkpt>
      <trkpt lat="54.05922948" lon="-121.39029945">
      </trkpt>
      <trkpt lat="54.0592292" lon="-121.39028405">
      </trkpt>
      <trkpt lat="54.0592642" lon="-121.39020643">
      </trkpt>
      <trkpt lat="54.05928151" lon="-121.39015992">
      </trkpt>
      <trkpt lat="54.05930762" lon="-121.3900977">
      </trkpt>
      <trkpt lat="54.05938666" lon="-121.3899571">
      </trkpt>
      <trkpt lat="54.0594308" lon="-121.38989427">
      </trkpt>
      <trkpt lat="54.05945736" lon="-121.38986271">
      </trkpt>
      <trkpt lat="54.05950167" lon="-121.38981512">
      </trkpt>
      <trkpt lat="54.05958089" lon="-121.38968993">
      </trkpt>
      <trkpt lat="54.05959838" lon="-121.38965867">
      </trkpt>
      <trkpt lat="54.05961616" lon="-121.38964266">
      </trkpt>
      <trkpt lat="54.05964252" lon="-121.38959584">
      </trkpt>
      <trkpt lat="54.0596515" lon="-121.38959554">
      </trkpt>
      <trkpt lat="54.05965132" lon="-121.38958029">
      </trkpt>
      <trkpt lat="54.05966029" lon="-121.38957983">
      </trkpt>
      <trkpt lat="54.05965679" lon="-121.38932028">
      </trkpt>
      <trkpt lat="54.05966432" lon="-121.38921308">
      </trkpt>
      <trkpt lat="54.05967226" lon="-121.38913637">
      </trkpt>
      <trkpt lat="54.05968747" lon="-121.38892181">
      </trkpt>
      <trkpt lat="54.05968542" lon="-121.38876916">
      </trkpt>
      <trkpt lat="54.05969312" lon="-121.38867721">
      </trkpt>
      <trkpt lat="54.05970156" lon="-121.388631">
      </trkpt>
      <trkpt lat="54.05970111" lon="-121.38860034">
      </trkpt>
      <trkpt lat="54.05970945" lon="-121.3885543">
      </trkpt>
      <trkpt lat="54.05971806" lon="-121.38852334">
      </trkpt>
      <trkpt lat="54.0597264" lon="-121.38847714">
      </trkpt>
      <trkpt lat="54.05974354" lon="-121.38841538">
      </trkpt>
      <trkpt lat="54.05976094" lon="-121.38836886">
      </trkpt>
      <trkpt lat="54.05976948" lon="-121.38833806">
      </trkpt>
      <trkpt lat="54.05978706" lon="-121.38830679">
      </trkpt>
      <trkpt lat="54.05979568" lon="-121.38827585">
      </trkpt>
      <trkpt lat="54.05986582" lon="-121.38815095">
      </trkpt>
      <trkpt lat="54.05990145" lon="-121.38811893">
      </trkpt>
      <trkpt lat="54.05992772" lon="-121.38807211">
      </trkpt>
      <trkpt lat="54.06001654" lon="-121.38799235">
      </trkpt>
      <trkpt lat="54.06002533" lon="-121.38797664">
      </trkpt>
      <trkpt lat="54.0600431" lon="-121.38796079">
      </trkpt>
      <trkpt lat="54.06006104" lon="-121.38796003">
      </trkpt>
      <trkpt lat="54.06006983" lon="-121.38794447">
      </trkpt>
      <trkpt lat="54.0600876" lon="-121.38792845">
      </trkpt>
      <trkpt lat="54.060141" lon="-121.38789583">
      </trkpt>
      <trkpt lat="54.06016806" lon="-121.38789476">
      </trkpt>
      <trkpt lat="54.06024827" lon="-121.38784581">
      </trkpt>
      <trkpt lat="54.0602838" lon="-121.38781393">
      </trkpt>
      <trkpt lat="54.06031061" lon="-121.38779762">
      </trkpt>
      <trkpt lat="54.06032838" lon="-121.3877816">
      </trkpt>
      <trkpt lat="54.06034588" lon="-121.38775034">
      </trkpt>
      <trkpt lat="54.06036363" lon="-121.38773433">
      </trkpt>
      <trkpt lat="54.06037244" lon="-121.38771877">
      </trkpt>
      <trkpt lat="54.06039019" lon="-121.38770276">
      </trkpt>
      <trkpt lat="54.06040777" lon="-121.38767151">
      </trkpt>
      <trkpt lat="54.06042554" lon="-121.38765564">
      </trkpt>
      <trkpt lat="54.06043433" lon="-121.38763994">
      </trkpt>
      <trkpt lat="54.06046089" lon="-121.38760838">
      </trkpt>
      <trkpt lat="54.06048717" lon="-121.38756156">
      </trkpt>
      <trkpt lat="54.06050457" lon="-121.38751504">
      </trkpt>
      <trkpt lat="54.06053113" lon="-121.38748347">
      </trkpt>
      <trkpt lat="54.06054845" lon="-121.38743696">
      </trkpt>
      <trkpt lat="54.06057481" lon="-121.38738999">
      </trkpt>
      <trkpt lat="54.06060092" lon="-121.38732794">
      </trkpt>
      <trkpt lat="54.060636" lon="-121.3872654">
      </trkpt>
      <trkpt lat="54.06068831" lon="-121.38714113">
      </trkpt>
      <trkpt lat="54.06071423" lon="-121.38706381">
      </trkpt>
      <trkpt lat="54.06076653" lon="-121.38693952">
      </trkpt>
      <trkpt lat="54.06078367" lon="-121.38687776">
      </trkpt>
      <trkpt lat="54.06080959" lon="-121.3868003">
      </trkpt>
      <trkpt lat="54.06082672" lon="-121.38673854">
      </trkpt>
      <trkpt lat="54.06087903" lon="-121.38661425">
      </trkpt>
      <trkpt lat="54.06090532" lon="-121.38656743">
      </trkpt>
      <trkpt lat="54.06092272" lon="-121.38652092">
      </trkpt>
      <trkpt lat="54.06094048" lon="-121.38650492">
      </trkpt>
      <trkpt lat="54.06097475" lon="-121.3863814">
      </trkpt>
      <trkpt lat="54.06099206" lon="-121.38633488">
      </trkpt>
      <trkpt lat="54.0610005" lon="-121.38628867">
      </trkpt>
      <trkpt lat="54.06104329" lon="-121.3861342">
      </trkpt>
      <trkpt lat="54.06106949" lon="-121.38607213">
      </trkpt>
      <trkpt lat="54.06108662" lon="-121.38601029">
      </trkpt>
      <trkpt lat="54.06113892" lon="-121.38588609">
      </trkpt>
      <trkpt lat="54.06116458" lon="-121.38579337">
      </trkpt>
      <trkpt lat="54.06118199" lon="-121.38574686">
      </trkpt>
      <trkpt lat="54.06119912" lon="-121.3856851">
      </trkpt>
      <trkpt lat="54.06121644" lon="-121.38563858">
      </trkpt>
      <trkpt lat="54.06122506" lon="-121.38560764">
      </trkpt>
      <trkpt lat="54.06125977" lon="-121.3855146">
      </trkpt>
      <trkpt lat="54.0612769" lon="-121.38545284">
      </trkpt>
      <trkpt lat="54.06136365" lon="-121.38522029">
      </trkpt>
      <trkpt lat="54.061372" lon="-121.38517409">
      </trkpt>
      <trkpt lat="54.0613894" lon="-121.38512758">
      </trkpt>
      <trkpt lat="54.06140698" lon="-121.38509631">
      </trkpt>
      <trkpt lat="54.0614243" lon="-121.38504981">
      </trkpt>
      <trkpt lat="54.06144188" lon="-121.38501854">
      </trkpt>
      <trkpt lat="54.06145041" lon="-121.38498774">
      </trkpt>
      <trkpt lat="54.06161726" lon="-121.38469098">
      </trkpt>
      <trkpt lat="54.06164337" lon="-121.38462877">
      </trkpt>
      <trkpt lat="54.06165197" lon="-121.38459796">
      </trkpt>
      <trkpt lat="54.06169567" lon="-121.38450448">
      </trkpt>
      <trkpt lat="54.06175684" lon="-121.3843799">
      </trkpt>
      <trkpt lat="54.06183606" lon="-121.38425455">
      </trkpt>
      <trkpt lat="54.06196766" lon="-121.38402031">
      </trkpt>
      <trkpt lat="54.06200292" lon="-121.38395778">
      </trkpt>
      <trkpt lat="54.06202948" lon="-121.38392621">
      </trkpt>
      <trkpt lat="54.06206472" lon="-121.38387894">
      </trkpt>
      <trkpt lat="54.06208231" lon="-121.38384768">
      </trkpt>
      <trkpt lat="54.06209111" lon="-121.38383212">
      </trkpt>
      <trkpt lat="54.06214394" lon="-121.38375359">
      </trkpt>
      <trkpt lat="54.06217049" lon="-121.38372202">
      </trkpt>
      <trkpt lat="54.06220565" lon="-121.38365966">
      </trkpt>
      <trkpt lat="54.06232892" lon="-121.38347147">
      </trkpt>
      <trkpt lat="54.06239037" lon="-121.38336214">
      </trkpt>
      <trkpt lat="54.06241674" lon="-121.38331517">
      </trkpt>
      <trkpt lat="54.06248618" lon="-121.38312912">
      </trkpt>
      <trkpt lat="54.06261642" lon="-121.38278799">
      </trkpt>
      <trkpt lat="54.06263375" lon="-121.38274149">
      </trkpt>
      <trkpt lat="54.06264254" lon="-121.38272577">
      </trkpt>
      <trkpt lat="54.06265107" lon="-121.38269497">
      </trkpt>
      <trkpt lat="54.06265985" lon="-121.38267926">
      </trkpt>
      <trkpt lat="54.06267698" lon="-121.38261751">
      </trkpt>
      <trkpt lat="54.06269376" lon="-121.38252509">
      </trkpt>
      <trkpt lat="54.06271009" lon="-121.38240233">
      </trkpt>
      <trkpt lat="54.06272704" lon="-121.38232516">
      </trkpt>
      <trkpt lat="54.06276985" lon="-121.38217069">
      </trkpt>
      <trkpt lat="54.06278723" lon="-121.38212418">
      </trkpt>
      <trkpt lat="54.06279585" lon="-121.38209337">
      </trkpt>
      <trkpt lat="54.06283846" lon="-121.38192365">
      </trkpt>
      <trkpt lat="54.06284662" lon="-121.3818622">
      </trkpt>
      <trkpt lat="54.06288851" lon="-121.38163132">
      </trkpt>
      <trkpt lat="54.06294009" lon="-121.38146129">
      </trkpt>
      <trkpt lat="54.06295723" lon="-121.38139937">
      </trkpt>
      <trkpt lat="54.06297463" lon="-121.38135286">
      </trkpt>
      <trkpt lat="54.06299176" lon="-121.38129109">
      </trkpt>
      <trkpt lat="54.063035" lon="-121.38116726">
      </trkpt>
      <trkpt lat="54.06309529" lon="-121.38096613">
      </trkpt>
      <trkpt lat="54.06311242" lon="-121.38090437">
      </trkpt>
      <trkpt lat="54.06317136" lon="-121.38061173">
      </trkpt>
      <trkpt lat="54.06318795" lon="-121.38050423">
      </trkpt>
      <trkpt lat="54.06318768" lon="-121.38048897">
      </trkpt>
      <trkpt lat="54.06319629" lon="-121.38045801">
      </trkpt>
      <trkpt lat="54.06319568" lon="-121.38041227">
      </trkpt>
      <trkpt lat="54.06320429" lon="-121.38038132">
      </trkpt>
      <trkpt lat="54.06320401" lon="-121.38036606">
      </trkpt>
      <trkpt lat="54.06321235" lon="-121.38031986">
      </trkpt>
      <trkpt lat="54.06322051" lon="-121.3802584">
      </trkpt>
      <trkpt lat="54.06321998" lon="-121.38021265">
      </trkpt>
      <trkpt lat="54.06322832" lon="-121.38016645">
      </trkpt>
      <trkpt lat="54.06323648" lon="-121.38010499">
      </trkpt>
      <trkpt lat="54.0632616" lon="-121.37996652">
      </trkpt>
      <trkpt lat="54.06326097" lon="-121.37992062">
      </trkpt>
      <trkpt lat="54.06326949" lon="-121.37988982">
      </trkpt>
      <trkpt lat="54.06333651" lon="-121.37952048">
      </trkpt>
      <trkpt lat="54.06329803" lon="-121.37933854">
      </trkpt>
      <trkpt lat="54.06325084" lon="-121.37917233">
      </trkpt>
      <trkpt lat="54.06320221" lon="-121.37889921">
      </trkpt>
      <trkpt lat="54.06318203" lon="-121.37873191">
      </trkpt>
      <trkpt lat="54.06317181" lon="-121.37864058">
      </trkpt>
      <trkpt lat="54.06315154" lon="-121.37847329">
      </trkpt>
      <trkpt lat="54.06314077" lon="-121.3783362">
      </trkpt>
      <trkpt lat="54.06313969" lon="-121.3782598">
      </trkpt>
      <trkpt lat="54.06312883" lon="-121.37812271">
      </trkpt>
      <trkpt lat="54.06312785" lon="-121.3780463">
      </trkpt>
      <trkpt lat="54.06311637" lon="-121.37786346">
      </trkpt>
      <trkpt lat="54.06310614" lon="-121.37777211">
      </trkpt>
      <trkpt lat="54.06310488" lon="-121.37768046">
      </trkpt>
      <trkpt lat="54.06308452" lon="-121.37749793">
      </trkpt>
      <trkpt lat="54.06307867" lon="-121.37707034">
      </trkpt>
      <trkpt lat="54.06306874" lon="-121.37699424">
      </trkpt>
      <trkpt lat="54.0630672" lon="-121.37688733">
      </trkpt>
      <trkpt lat="54.0630568" lon="-121.37678074">
      </trkpt>
      <trkpt lat="54.06304657" lon="-121.37668955">
      </trkpt>
      <trkpt lat="54.06304639" lon="-121.3766743">
      </trkpt>
      <trkpt lat="54.063036" lon="-121.37656771">
      </trkpt>
      <trkpt lat="54.06301652" lon="-121.37646141">
      </trkpt>
      <trkpt lat="54.06300612" lon="-121.37635498">
      </trkpt>
      <trkpt lat="54.06300486" lon="-121.37626333">
      </trkpt>
      <trkpt lat="54.06298406" lon="-121.37605014">
      </trkpt>
      <trkpt lat="54.06298262" lon="-121.37594324">
      </trkpt>
      <trkpt lat="54.06297221" lon="-121.37583665">
      </trkpt>
      <trkpt lat="54.06296189" lon="-121.37574544">
      </trkpt>
      <trkpt lat="54.06296091" lon="-121.37566905">
      </trkpt>
      <trkpt lat="54.06294619" lon="-121.37524176">
      </trkpt>
      <trkpt lat="54.06293696" lon="-121.37522682">
      </trkpt>
      <trkpt lat="54.0629365" lon="-121.37519631">
      </trkpt>
      <trkpt lat="54.06290654" lon="-121.37496834">
      </trkpt>
      <trkpt lat="54.06280715" lon="-121.37426929">
      </trkpt>
      <trkpt lat="54.06277765" lon="-121.37408706">
      </trkpt>
      <trkpt lat="54.062805" lon="-121.37344414">
      </trkpt>
      <trkpt lat="54.06279539" lon="-121.3733987">
      </trkpt>
      <trkpt lat="54.06274552" lon="-121.37303393">
      </trkpt>
      <trkpt lat="54.06274507" lon="-121.37300344">
      </trkpt>
      <trkpt lat="54.06240544" lon="-121.37248191">
      </trkpt>
      <trkpt lat="54.06212949" lon="-121.37201892">
      </trkpt>
      <trkpt lat="54.06211991" lon="-121.37197348">
      </trkpt>
      <trkpt lat="54.06186557" lon="-121.3711125">
      </trkpt>
      <trkpt lat="54.06175523" lon="-121.37093346">
      </trkpt>
      <trkpt lat="54.06150692" lon="-121.37051531">
      </trkpt>
      <trkpt lat="54.06141514" lon="-121.37038142">
      </trkpt>
      <trkpt lat="54.06080062" lon="-121.36947333">
      </trkpt>
      <trkpt lat="54.06012231" lon="-121.36850681">
      </trkpt>
      <trkpt lat="54.059477" lon="-121.36732497">
      </trkpt>
      <trkpt lat="54.05859197" lon="-121.36569433">
      </trkpt>
      <trkpt lat="54.05775822" lon="-121.36387827">
      </trkpt>
      <trkpt lat="54.05716536" lon="-121.3625877">
      </trkpt>
      <trkpt lat="54.05714706" lon="-121.3625578">
      </trkpt>
      <trkpt lat="54.05671927" lon="-121.36084818">
      </trkpt>
      <trkpt lat="54.05657887" lon="-121.35978422">
      </trkpt>
      <trkpt lat="54.05647254" lon="-121.35923844">
      </trkpt>
      <trkpt lat="54.05644347" lon="-121.3590867">
      </trkpt>
      <trkpt lat="54.056315" lon="-121.3588932">
      </trkpt>
      <trkpt lat="54.05625093" lon="-121.35880414">
      </trkpt>
      <trkpt lat="54.0561011" lon="-121.35836694">
      </trkpt>
      <trkpt lat="54.05589097" lon="-121.35745851">
      </trkpt>
      <trkpt lat="54.0558627" lon="-121.35736793">
      </trkpt>
      <trkpt lat="54.05573171" lon="-121.35699112">
      </trkpt>
      <trkpt lat="54.0554516" lon="-121.35622316">
      </trkpt>
      <trkpt lat="54.05544209" lon="-121.35619295">
      </trkpt>
      <trkpt lat="54.0548369" lon="-121.35400159">
      </trkpt>
      <trkpt lat="54.05402973" lon="-121.35151272">
      </trkpt>
      <trkpt lat="54.05337553" lon="-121.3496901">
      </trkpt>
      <trkpt lat="54.05279958" lon="-121.34768098">
      </trkpt>
      <trkpt lat="54.05234429" lon="-121.34659917">
      </trkpt>
      <trkpt lat="54.05191843" lon="-121.34569944">
      </trkpt>
      <trkpt lat="54.05172407" lon="-121.34529472">
      </trkpt>
      <trkpt lat="54.05111137" lon="-121.34388308">
      </trkpt>
      <trkpt lat="54.05089657" lon="-121.34329597">
      </trkpt>
      <trkpt lat="54.05092527" lon="-121.34277535">
      </trkpt>
      <trkpt lat="54.05070606" lon="-121.34186755">
      </trkpt>
      <trkpt lat="54.05052372" lon="-121.34103462">
      </trkpt>
      <trkpt lat="54.05052847" lon="-121.34007207">
      </trkpt>
      <trkpt lat="54.05046181" lon="-121.33850121">
      </trkpt>
      <trkpt lat="54.05038876" lon="-121.33777092">
      </trkpt>
      <trkpt lat="54.05008217" lon="-121.33640836">
      </trkpt>
      <trkpt lat="54.04986659" lon="-121.33576011">
      </trkpt>
      <trkpt lat="54.04943192" lon="-121.33487609">
      </trkpt>
      <trkpt lat="54.04922875" lon="-121.33448707">
      </trkpt>
      <trkpt lat="54.04912735" lon="-121.33430789">
      </trkpt>
      <trkpt lat="54.0488498" lon="-121.33373847">
      </trkpt>
      <trkpt lat="54.04883123" lon="-121.33369334">
      </trkpt>
      <trkpt lat="54.04881219" lon="-121.33361785">
      </trkpt>
      <trkpt lat="54.04872686" lon="-121.33330035">
      </trkpt>
      <trkpt lat="54.04869841" lon="-121.33319467">
      </trkpt>
      <trkpt lat="54.04866996" lon="-121.33308885">
      </trkpt>
      <trkpt lat="54.04863156" lon="-121.33290708">
      </trkpt>
      <trkpt lat="54.04848618" lon="-121.33214917">
      </trkpt>
      <trkpt lat="54.04837786" lon="-121.33146615">
      </trkpt>
      <trkpt lat="54.04823078" lon="-121.33058593">
      </trkpt>
      <trkpt lat="54.04814418" lon="-121.3301771">
      </trkpt>
      <trkpt lat="54.04779914" lon="-121.32863278">
      </trkpt>
      <trkpt lat="54.04759417" lon="-121.32746482">
      </trkpt>
      <trkpt lat="54.04734649" lon="-121.32646673">
      </trkpt>
      <trkpt lat="54.04697209" lon="-121.32539713">
      </trkpt>
      <trkpt lat="54.04669146" lon="-121.32461422">
      </trkpt>
      <trkpt lat="54.04617876" lon="-121.32200762">
      </trkpt>
      <trkpt lat="54.04581028" lon="-121.32008252">
      </trkpt>
      <trkpt lat="54.04576154" lon="-121.31980955">
      </trkpt>
      <trkpt lat="54.04532584" lon="-121.31822345">
      </trkpt>
      <trkpt lat="54.04512374" lon="-121.31726928">
      </trkpt>
      <trkpt lat="54.04463067" lon="-121.31479946">
      </trkpt>
      <trkpt lat="54.04448691" lon="-121.31416387">
      </trkpt>
      <trkpt lat="54.04434295" lon="-121.31351286">
      </trkpt>
      <trkpt lat="54.04350999" lon="-121.31052243">
      </trkpt>
      <trkpt lat="54.04282197" lon="-121.30825941">
      </trkpt>
      <trkpt lat="54.04248496" lon="-121.30731088">
      </trkpt>
      <trkpt lat="54.04208323" lon="-121.30686895">
      </trkpt>
      <trkpt lat="54.04203764" lon="-121.30682503">
      </trkpt>
      <trkpt lat="54.04185499" lon="-121.30661856">
      </trkpt>
      <trkpt lat="54.04169989" lon="-121.3064569">
      </trkpt>
      <trkpt lat="54.04167162" lon="-121.30572494">
      </trkpt>
      <trkpt lat="54.04171991" lon="-121.30532585">
      </trkpt>
      <trkpt lat="54.04171947" lon="-121.30529535">
      </trkpt>
      <trkpt lat="54.04169721" lon="-121.30499082">
      </trkpt>
      <trkpt lat="54.04168671" lon="-121.30488438">
      </trkpt>
      <trkpt lat="54.04164004" lon="-121.30476406">
      </trkpt>
      <trkpt lat="54.04133281" lon="-121.30401287">
      </trkpt>
      <trkpt lat="54.04098367" lon="-121.3028359">
      </trkpt>
      <trkpt lat="54.04084239" lon="-121.30238345">
      </trkpt>
      <trkpt lat="54.04049423" lon="-121.30128274">
      </trkpt>
      <trkpt lat="54.03987509" lon="-121.30008627">
      </trkpt>
      <trkpt lat="54.03899574" lon="-121.2982894">
      </trkpt>
      <trkpt lat="54.03893991" lon="-121.29815429">
      </trkpt>
      <trkpt lat="54.0387997" lon="-121.29777825">
      </trkpt>
      <trkpt lat="54.03868778" lon="-121.29749262">
      </trkpt>
      <trkpt lat="54.0386131" lon="-121.29729713">
      </trkpt>
      <trkpt lat="54.03854785" lon="-121.29713182">
      </trkpt>
      <trkpt lat="54.03842585" lon="-121.29677025">
      </trkpt>
      <trkpt lat="54.03791557" lon="-121.29564575">
      </trkpt>
      <trkpt lat="54.0369903" lon="-121.29379003">
      </trkpt>
      <trkpt lat="54.03584096" lon="-121.29134798">
      </trkpt>
      <trkpt lat="54.03482955" lon="-121.28912932">
      </trkpt>
      <trkpt lat="54.03425127" lon="-121.28765666">
      </trkpt>
      <trkpt lat="54.03394902" lon="-121.28663068">
      </trkpt>
      <trkpt lat="54.03355798" lon="-121.28568476">
      </trkpt>
      <trkpt lat="54.03308434" lon="-121.28462003">
      </trkpt>
      <trkpt lat="54.03230037" lon="-121.28259092">
      </trkpt>
      <trkpt lat="54.03164241" lon="-121.28121328">
      </trkpt>
      <trkpt lat="54.03063127" lon="-121.27965173">
      </trkpt>
      <trkpt lat="54.02983925" lon="-121.27832564">
      </trkpt>
      <trkpt lat="54.02943426" lon="-121.27767051">
      </trkpt>
      <trkpt lat="54.02925857" lon="-121.27732663">
      </trkpt>
      <trkpt lat="54.02906447" lon="-121.27695287">
      </trkpt>
      <trkpt lat="54.02864097" lon="-121.27562677">
      </trkpt>
      <trkpt lat="54.02794156" lon="-121.27386941">
      </trkpt>
      <trkpt lat="54.02732583" lon="-121.2723071">
      </trkpt>
      <trkpt lat="54.02704489" lon="-121.2715248">
      </trkpt>
      <trkpt lat="54.0268858" lon="-121.27108867">
      </trkpt>
      <trkpt lat="54.02640544" lon="-121.26956645">
      </trkpt>
      <trkpt lat="54.02605617" lon="-121.2684055">
      </trkpt>
      <trkpt lat="54.02598974" lon="-121.26816395">
      </trkpt>
      <trkpt lat="54.02523516" lon="-121.26633264">
      </trkpt>
      <trkpt lat="54.02433097" lon="-121.26409552">
      </trkpt>
      <trkpt lat="54.02358867" lon="-121.26186712">
      </trkpt>
      <trkpt lat="54.02298149" lon="-121.26028939">
      </trkpt>
      <trkpt lat="54.02252956" lon="-121.25887332">
      </trkpt>
      <trkpt lat="54.02219741" lon="-121.25766587">
      </trkpt>
      <trkpt lat="54.02221671" lon="-121.25652017">
      </trkpt>
      <trkpt lat="54.02230668" lon="-121.25590578">
      </trkpt>
      <trkpt lat="54.02237242" lon="-121.25547559">
      </trkpt>
      <trkpt lat="54.02242954" lon="-121.25507619">
      </trkpt>
      <trkpt lat="54.0224149" lon="-121.25406926">
      </trkpt>
      <trkpt lat="54.02223171" lon="-121.25259616">
      </trkpt>
      <trkpt lat="54.02187855" lon="-121.25056537">
      </trkpt>
      <trkpt lat="54.02137336" lon="-121.24797616">
      </trkpt>
      <trkpt lat="54.02075015" lon="-121.24545195">
      </trkpt>
      <trkpt lat="54.0205535" lon="-121.24461922">
      </trkpt>
      <trkpt lat="54.0204254" lon="-121.24394905">
      </trkpt>
      <trkpt lat="54.02028289" lon="-121.24320016">
      </trkpt>
      <trkpt lat="54.02019733" lon="-121.24265373">
      </trkpt>
      <trkpt lat="54.02014507" lon="-121.24228352">
      </trkpt>
      <trkpt lat="54.02013265" lon="-121.24213772">
      </trkpt>
    </trkseg>
    <trkseg>
      <trkpt lat="53.46844247" lon="-121.95439154">
      </trkpt>
      <trkpt lat="53.46839542" lon="-121.95412681">
      </trkpt>
      <trkpt lat="53.46824585" lon="-121.95384632">
      </trkpt>
      <trkpt lat="53.46805241" lon="-121.95364869">
      </trkpt>
      <trkpt lat="53.4678829" lon="-121.95346843">
      </trkpt>
      <trkpt lat="53.46767583" lon="-121.95321315">
      </trkpt>
      <trkpt lat="53.46753589" lon="-121.95287276">
      </trkpt>
      <trkpt lat="53.46731652" lon="-121.95259901">
      </trkpt>
      <trkpt lat="53.46705129" lon="-121.95234933">
      </trkpt>
      <trkpt lat="53.46681198" lon="-121.95217581">
      </trkpt>
      <trkpt lat="53.46650288" lon="-121.95200902">
      </trkpt>
      <trkpt lat="53.46621772" lon="-121.95185958">
      </trkpt>
      <trkpt lat="53.46593121" lon="-121.95167096">
      </trkpt>
      <trkpt lat="53.46565634" lon="-121.95148121">
      </trkpt>
      <trkpt lat="53.46533694" lon="-121.95135474">
      </trkpt>
      <trkpt lat="53.46493611" lon="-121.95123612">
      </trkpt>
      <trkpt lat="53.46446282" lon="-121.95104587">
      </trkpt>
      <trkpt lat="53.46407762" lon="-121.9510437">
      </trkpt>
      <trkpt lat="53.46369176" lon="-121.95102193">
      </trkpt>
      <trkpt lat="53.46333049" lon="-121.95103712">
      </trkpt>
      <trkpt lat="53.46299115" lon="-121.95101088">
      </trkpt>
      <trkpt lat="53.46269901" lon="-121.95099974">
      </trkpt>
      <trkpt lat="53.46242183" lon="-121.95108545">
      </trkpt>
      <trkpt lat="53.46209746" lon="-121.95115604">
      </trkpt>
      <trkpt lat="53.46180665" lon="-121.95118409">
      </trkpt>
      <trkpt lat="53.46150354" lon="-121.95119366">
      </trkpt>
      <trkpt lat="53.46110404" lon="-121.95111424">
      </trkpt>
      <trkpt lat="53.46052939" lon="-121.95103207">
      </trkpt>
      <trkpt lat="53.46017509" lon="-121.95090899">
      </trkpt>
      <trkpt lat="53.45975366" lon="-121.950871">
      </trkpt>
      <trkpt lat="53.45931394" lon="-121.95063822">
      </trkpt>
      <trkpt lat="53.45887888" lon="-121.95054259">
      </trkpt>
      <trkpt lat="53.45839729" lon="-121.95045144">
      </trkpt>
      <trkpt lat="53.45791303" lon="-121.95028194">
      </trkpt>
      <trkpt lat="53.45739454" lon="-121.95013539">
      </trkpt>
      <trkpt lat="53.45698141" lon="-121.94999833">
      </trkpt>
      <trkpt lat="53.45633327" lon="-121.9494712">
      </trkpt>
      <trkpt lat="53.45601817" lon="-121.94912816">
      </trkpt>
      <trkpt lat="53.45566151" lon="-121.94859257">
      </trkpt>
      <trkpt lat="53.45526661" lon="-121.94796242">
      </trkpt>
      <trkpt lat="53.45494017" lon="-121.94728636">
      </trkpt>
      <trkpt lat="53.45459246" lon="-121.94667133">
      </trkpt>
      <trkpt lat="53.45416333" lon="-121.94606416">
      </trkpt>
      <trkpt lat="53.45392431" lon="-121.94555659">
      </trkpt>
      <trkpt lat="53.45367765" lon="-121.94516768">
      </trkpt>
      <trkpt lat="53.45356858" lon="-121.94470651">
      </trkpt>
      <trkpt lat="53.45347582" lon="-121.94438136">
      </trkpt>
      <trkpt lat="53.45316966" lon="-121.94395889">
      </trkpt>
      <trkpt lat="53.45290669" lon="-121.94343399">
      </trkpt>
      <trkpt lat="53.4526321" lon="-121.94291023">
      </trkpt>
      <trkpt lat="53.45233853" lon="-121.94217211">
      </trkpt>
      <trkpt lat="53.45212008" lon="-121.94158397">
      </trkpt>
      <trkpt lat="53.45195016" lon="-121.9410501">
      </trkpt>
      <trkpt lat="53.45179789" lon="-121.94069141">
      </trkpt>
      <trkpt lat="53.45148504" lon="-121.9400731">
      </trkpt>
      <trkpt lat="53.45126726" lon="-121.93950458">
      </trkpt>
      <trkpt lat="53.451096" lon="-121.93893155">
      </trkpt>
      <trkpt lat="53.45102809" lon="-121.93830924">
      </trkpt>
      <trkpt lat="53.45101567" lon="-121.93760293">
      </trkpt>
      <trkpt lat="53.45100658" lon="-121.93699458">
      </trkpt>
      <trkpt lat="53.45101448" lon="-121.9365418">
      </trkpt>
      <trkpt lat="53.45085483" lon="-121.93596767">
      </trkpt>
      <trkpt lat="53.45054089" lon="-121.93497612">
      </trkpt>
      <trkpt lat="53.45029513" lon="-121.93427276">
      </trkpt>
      <trkpt lat="53.45002745" lon="-121.93361085">
      </trkpt>
      <trkpt lat="53.44984386" lon="-121.93301941">
      </trkpt>
      <trkpt lat="53.44969449" lon="-121.932405">
      </trkpt>
      <trkpt lat="53.44960395" lon="-121.93180455">
      </trkpt>
      <trkpt lat="53.44949015" lon="-121.93120636">
      </trkpt>
      <trkpt lat="53.44938128" lon="-121.93041117">
      </trkpt>
      <trkpt lat="53.44930529" lon="-121.92955385">
      </trkpt>
      <trkpt lat="53.4491877" lon="-121.92850402">
      </trkpt>
      <trkpt lat="53.44920275" lon="-121.92757892">
      </trkpt>
      <trkpt lat="53.44916993" lon="-121.92661915">
      </trkpt>
      <trkpt lat="53.44911741" lon="-121.92542547">
      </trkpt>
      <trkpt lat="53.44901209" lon="-121.92439414">
      </trkpt>
      <trkpt lat="53.44860545" lon="-121.92274354">
      </trkpt>
      <trkpt lat="53.44840079" lon="-121.92187908">
      </trkpt>
      <trkpt lat="53.44811939" lon="-121.92115964">
      </trkpt>
      <trkpt lat="53.4477429" lon="-121.92039049">
      </trkpt>
      <trkpt lat="53.4473548" lon="-121.9196225">
      </trkpt>
      <trkpt lat="53.44690516" lon="-121.91876222">
      </trkpt>
      <trkpt lat="53.44657027" lon="-121.91818559">
      </trkpt>
      <trkpt lat="53.44634478" lon="-121.91773588">
      </trkpt>
      <trkpt lat="53.44603517" lon="-121.91721575">
      </trkpt>
      <trkpt lat="53.44579111" lon="-121.91690541">
      </trkpt>
      <trkpt lat="53.44542805" lon="-121.91652805">
      </trkpt>
      <trkpt lat="53.44512717" lon="-121.91626255">
      </trkpt>
      <trkpt lat="53.44479899" lon="-121.91588181">
      </trkpt>
      <trkpt lat="53.44458671" lon="-121.91574021">
      </trkpt>
      <trkpt lat="53.44423252" lon="-121.91566268">
      </trkpt>
      <trkpt lat="53.4437558" lon="-121.91561307">
      </trkpt>
      <trkpt lat="53.44328252" lon="-121.91538717">
      </trkpt>
      <trkpt lat="53.44293562" lon="-121.91524495">
      </trkpt>
      <trkpt lat="53.44264281" lon="-121.91501752">
      </trkpt>
      <trkpt lat="53.44234616" lon="-121.91467848">
      </trkpt>
      <trkpt lat="53.44215257" lon="-121.91429744">
      </trkpt>
      <trkpt lat="53.44191055" lon="-121.91388913">
      </trkpt>
      <trkpt lat="53.44174262" lon="-121.91342562">
      </trkpt>
      <trkpt lat="53.4416377" lon="-121.91286002">
      </trkpt>
      <trkpt lat="53.44159123" lon="-121.91233672">
      </trkpt>
      <trkpt lat="53.44153639" lon="-121.91184621">
      </trkpt>
      <trkpt lat="53.44142199" lon="-121.91128154">
      </trkpt>
      <trkpt lat="53.44128302" lon="-121.91083122">
      </trkpt>
      <trkpt lat="53.44110835" lon="-121.91044837">
      </trkpt>
      <trkpt lat="53.44082281" lon="-121.91015627">
      </trkpt>
      <trkpt lat="53.44056238" lon="-121.90976579">
      </trkpt>
      <trkpt lat="53.44027737" lon="-121.90948964">
      </trkpt>
      <trkpt lat="53.44007703" lon="-121.90918928">
      </trkpt>
      <trkpt lat="53.43989399" lon="-121.90883924">
      </trkpt>
      <trkpt lat="53.43979907" lon="-121.90828869">
      </trkpt>
      <trkpt lat="53.43970195" lon="-121.90767438">
      </trkpt>
      <trkpt lat="53.43959371" lon="-121.90701318">
      </trkpt>
      <trkpt lat="53.43938421" lon="-121.90616992">
      </trkpt>
      <trkpt lat="53.43924521" lon="-121.90571964">
      </trkpt>
      <trkpt lat="53.43911913" lon="-121.90509218">
      </trkpt>
      <trkpt lat="53.4389874" lon="-121.90457723">
      </trkpt>
      <trkpt lat="53.43882837" lon="-121.90409692">
      </trkpt>
      <trkpt lat="53.43870323" lon="-121.90377326">
      </trkpt>
      <trkpt lat="53.43852525" lon="-121.90329482">
      </trkpt>
      <trkpt lat="53.43845691" lon="-121.90296561">
      </trkpt>
      <trkpt lat="53.43839599" lon="-121.90229983">
      </trkpt>
      <trkpt lat="53.43831174" lon="-121.90150836">
      </trkpt>
      <trkpt lat="53.43815104" lon="-121.90098025">
      </trkpt>
      <trkpt lat="53.43795467" lon="-121.90051961">
      </trkpt>
      <trkpt lat="53.43778726" lon="-121.90007215">
      </trkpt>
      <trkpt lat="53.43773675" lon="-121.89970923">
      </trkpt>
      <trkpt lat="53.43775706" lon="-121.89919545">
      </trkpt>
      <trkpt lat="53.4378671" lon="-121.89852897">
      </trkpt>
      <trkpt lat="53.43802846" lon="-121.89769755">
      </trkpt>
      <trkpt lat="53.43815524" lon="-121.89696546">
      </trkpt>
      <trkpt lat="53.43821286" lon="-121.89643204">
      </trkpt>
      <trkpt lat="53.43821642" lon="-121.89598388">
      </trkpt>
      <trkpt lat="53.43813419" lon="-121.89552809">
      </trkpt>
      <trkpt lat="53.43797732" lon="-121.8951116">
      </trkpt>
      <trkpt lat="53.43787341" lon="-121.89457798">
      </trkpt>
      <trkpt lat="53.43775893" lon="-121.89401338">
      </trkpt>
      <trkpt lat="53.43753864" lon="-121.89341118">
      </trkpt>
      <trkpt lat="53.4372437" lon="-121.89284826">
      </trkpt>
      <trkpt lat="53.43696769" lon="-121.89228351">
      </trkpt>
      <trkpt lat="53.43669278" lon="-121.89175063">
      </trkpt>
      <trkpt lat="53.43634487" lon="-121.89130486">
      </trkpt>
      <trkpt lat="53.43591174" lon="-121.89086744">
      </trkpt>
      <trkpt lat="53.43530047" lon="-121.89022356">
      </trkpt>
      <trkpt lat="53.43480105" lon="-121.88979265">
      </trkpt>
      <trkpt lat="53.43448264" lon="-121.88937601">
      </trkpt>
      <trkpt lat="53.43417314" lon="-121.88894253">
      </trkpt>
      <trkpt lat="53.4339166" lon="-121.88839192">
      </trkpt>
      <trkpt lat="53.43368296" lon="-121.88767915">
      </trkpt>
      <trkpt lat="53.43350844" lon="-121.8867527">
      </trkpt>
      <trkpt lat="53.43338952" lon="-121.88606071">
      </trkpt>
      <trkpt lat="53.43324493" lon="-121.88545119">
      </trkpt>
      <trkpt lat="53.43296283" lon="-121.88471121">
      </trkpt>
      <trkpt lat="53.43254209" lon="-121.88380892">
      </trkpt>
      <trkpt lat="53.43233794" lon="-121.88312529">
      </trkpt>
      <trkpt lat="53.43210381" lon="-121.88212477">
      </trkpt>
      <trkpt lat="53.43190084" lon="-121.88120118">
      </trkpt>
      <trkpt lat="53.4317384" lon="-121.88062542">
      </trkpt>
      <trkpt lat="53.43156419" lon="-121.88025871">
      </trkpt>
      <trkpt lat="53.43106979" lon="-121.87969952">
      </trkpt>
      <trkpt lat="53.43061942" lon="-121.8790401">
      </trkpt>
      <trkpt lat="53.4303177" lon="-121.87855798">
      </trkpt>
      <trkpt lat="53.43006056" lon="-121.87799156">
      </trkpt>
      <trkpt lat="53.42986592" lon="-121.87703521">
      </trkpt>
      <trkpt lat="53.42973645" lon="-121.87604051">
      </trkpt>
      <trkpt lat="53.42964934" lon="-121.87489773">
      </trkpt>
      <trkpt lat="53.42965848" lon="-121.87406531">
      </trkpt>
      <trkpt lat="53.4296236" lon="-121.87333317">
      </trkpt>
      <trkpt lat="53.42942277" lon="-121.87247342">
      </trkpt>
      <trkpt lat="53.42920631" lon="-121.87171115">
      </trkpt>
      <trkpt lat="53.42906111" lon="-121.8710858">
      </trkpt>
      <trkpt lat="53.42895889" lon="-121.87005646">
      </trkpt>
      <trkpt lat="53.42889557" lon="-121.86932712">
      </trkpt>
      <trkpt lat="53.42887952" lon="-121.86886498">
      </trkpt>
      <trkpt lat="53.42891642" lon="-121.8682857">
      </trkpt>
      <trkpt lat="53.4289824" lon="-121.86717586">
      </trkpt>
      <trkpt lat="53.42911796" lon="-121.86615512">
      </trkpt>
      <trkpt lat="53.42915102" lon="-121.86519243">
      </trkpt>
      <trkpt lat="53.42916614" lon="-121.86480717">
      </trkpt>
      <trkpt lat="53.42917627" lon="-121.86427848">
      </trkpt>
      <trkpt lat="53.42920539" lon="-121.86347608">
      </trkpt>
      <trkpt lat="53.42918988" lon="-121.86302988">
      </trkpt>
      <trkpt lat="53.42906191" lon="-121.86235489">
      </trkpt>
      <trkpt lat="53.42886322" lon="-121.86155893">
      </trkpt>
      <trkpt lat="53.42863667" lon="-121.86078173">
      </trkpt>
      <trkpt lat="53.42841958" lon="-121.86000359">
      </trkpt>
      <trkpt lat="53.42810499" lon="-121.85942696">
      </trkpt>
      <trkpt lat="53.4277642" lon="-121.85891688">
      </trkpt>
      <trkpt lat="53.42733266" lon="-121.85825585">
      </trkpt>
      <trkpt lat="53.42696068" lon="-121.85766892">
      </trkpt>
      <trkpt lat="53.42649015" lon="-121.85697977">
      </trkpt>
      <trkpt lat="53.42602796" lon="-121.85625785">
      </trkpt>
      <trkpt lat="53.42566379" lon="-121.85562221">
      </trkpt>
      <trkpt lat="53.4248335" lon="-121.85442498">
      </trkpt>
      <trkpt lat="53.42393136" lon="-121.853075">
      </trkpt>
      <trkpt lat="53.42298855" lon="-121.85164914">
      </trkpt>
      <trkpt lat="53.42234035" lon="-121.85049804">
      </trkpt>
      <trkpt lat="53.42195943" lon="-121.8499281">
      </trkpt>
      <trkpt lat="53.42142647" lon="-121.84908541">
      </trkpt>
      <trkpt lat="53.42090243" lon="-121.84822588">
      </trkpt>
      <trkpt lat="53.42058889" lon="-121.84768131">
      </trkpt>
      <trkpt lat="53.42023247" lon="-121.8469971">
      </trkpt>
      <trkpt lat="53.41990223" lon="-121.84624636">
      </trkpt>
      <trkpt lat="53.41951127" lon="-121.84538972">
      </trkpt>
      <trkpt lat="53.41924228" lon="-121.84476084">
      </trkpt>
      <trkpt lat="53.41894377" lon="-121.84410292">
      </trkpt>
      <trkpt lat="53.41865026" lon="-121.84358838">
      </trkpt>
      <trkpt lat="53.41791899" lon="-121.84250967">
      </trkpt>
      <trkpt lat="53.41730466" lon="-121.84151535">
      </trkpt>
      <trkpt lat="53.41682177" lon="-121.84074783">
      </trkpt>
      <trkpt lat="53.4162971" lon="-121.84014433">
      </trkpt>
      <trkpt lat="53.41590277" lon="-121.83973576">
      </trkpt>
      <trkpt lat="53.41539593" lon="-121.83909854">
      </trkpt>
      <trkpt lat="53.41486234" lon="-121.83851195">
      </trkpt>
      <trkpt lat="53.4142892" lon="-121.83788132">
      </trkpt>
      <trkpt lat="53.41369546" lon="-121.83720481">
      </trkpt>
      <trkpt lat="53.41322035" lon="-121.83666044">
      </trkpt>
      <trkpt lat="53.41266948" lon="-121.83612356">
      </trkpt>
      <trkpt lat="53.41216318" lon="-121.83550237">
      </trkpt>
      <trkpt lat="53.41172648" lon="-121.8349702">
      </trkpt>
      <trkpt lat="53.41155158" lon="-121.83458793">
      </trkpt>
      <trkpt lat="53.41148194" lon="-121.83422719">
      </trkpt>
      <trkpt lat="53.41147188" lon="-121.83366873">
      </trkpt>
      <trkpt lat="53.41144959" lon="-121.8333033">
      </trkpt>
      <trkpt lat="53.41133983" lon="-121.83288261">
      </trkpt>
      <trkpt lat="53.41119556" lon="-121.83256124">
      </trkpt>
      <trkpt lat="53.41103513" lon="-121.83232141">
      </trkpt>
      <trkpt lat="53.41077167" lon="-121.83212375">
      </trkpt>
      <trkpt lat="53.41048483" lon="-121.83207228">
      </trkpt>
      <trkpt lat="53.41007211" lon="-121.83195336">
      </trkpt>
      <trkpt lat="53.40977523" lon="-121.8318869">
      </trkpt>
      <trkpt lat="53.4095298" lon="-121.83192137">
      </trkpt>
      <trkpt lat="53.40926803" lon="-121.83172438">
      </trkpt>
      <trkpt lat="53.40907439" lon="-121.83143489">
      </trkpt>
      <trkpt lat="53.40887894" lon="-121.83109413">
      </trkpt>
      <trkpt lat="53.40865421" lon="-121.83079057">
      </trkpt>
      <trkpt lat="53.40843547" lon="-121.83065793">
      </trkpt>
      <trkpt lat="53.4081283" lon="-121.8306198">
      </trkpt>
      <trkpt lat="53.4078522" lon="-121.83059573">
      </trkpt>
      <trkpt lat="53.40758327" lon="-121.83048522">
      </trkpt>
      <trkpt lat="53.40726054" lon="-121.8302943">
      </trkpt>
      <trkpt lat="53.40690853" lon="-121.83014058">
      </trkpt>
      <trkpt lat="53.40647765" lon="-121.83006329">
      </trkpt>
      <trkpt lat="53.40613999" lon="-121.83002817">
      </trkpt>
      <trkpt lat="53.4057629" lon="-121.83003129">
      </trkpt>
      <trkpt lat="53.40536968" lon="-121.83015604">
      </trkpt>
      <trkpt lat="53.40513185" lon="-121.83035112">
      </trkpt>
      <trkpt lat="53.40474043" lon="-121.83052712">
      </trkpt>
      <trkpt lat="53.40426474" lon="-121.83062574">
      </trkpt>
      <trkpt lat="53.40375677" lon="-121.83067612">
      </trkpt>
      <trkpt lat="53.40335756" lon="-121.83062998">
      </trkpt>
      <trkpt lat="53.40291412" lon="-121.83048534">
      </trkpt>
      <trkpt lat="53.40230513" lon="-121.83027139">
      </trkpt>
      <trkpt lat="53.40182285" lon="-121.83018204">
      </trkpt>
      <trkpt lat="53.40138301" lon="-121.83013994">
      </trkpt>
      <trkpt lat="53.40092524" lon="-121.83016819">
      </trkpt>
      <trkpt lat="53.40042862" lon="-121.83025174">
      </trkpt>
      <trkpt lat="53.39990393" lon="-121.83040666">
      </trkpt>
      <trkpt lat="53.39948383" lon="-121.83063693">
      </trkpt>
      <trkpt lat="53.3991958" lon="-121.83085409">
      </trkpt>
      <trkpt lat="53.3987524" lon="-121.83129241">
      </trkpt>
      <trkpt lat="53.39846916" lon="-121.83164624">
      </trkpt>
      <trkpt lat="53.39813572" lon="-121.83202222">
      </trkpt>
      <trkpt lat="53.39792419" lon="-121.83238608">
      </trkpt>
      <trkpt lat="53.39769532" lon="-121.83254592">
      </trkpt>
      <trkpt lat="53.39744193" lon="-121.83258819">
      </trkpt>
      <trkpt lat="53.39715687" lon="-121.83259929">
      </trkpt>
      <trkpt lat="53.39677139" lon="-121.83236319">
      </trkpt>
      <trkpt lat="53.39629865" lon="-121.8319643">
      </trkpt>
      <trkpt lat="53.39596277" lon="-121.83168899">
      </trkpt>
      <trkpt lat="53.39567171" lon="-121.83152925">
      </trkpt>
      <trkpt lat="53.39537051" lon="-121.83137053">
      </trkpt>
      <trkpt lat="53.39489419" lon="-121.8311606">
      </trkpt>
      <trkpt lat="53.39437843" lon="-121.83098887">
      </trkpt>
      <trkpt lat="53.39393559" lon="-121.83086133">
      </trkpt>
      <trkpt lat="53.39348738" lon="-121.83087148">
      </trkpt>
      <trkpt lat="53.39294893" lon="-121.83092487">
      </trkpt>
      <trkpt lat="53.39253479" lon="-121.8310345">
      </trkpt>
      <trkpt lat="53.39217325" lon="-121.83119034">
      </trkpt>
      <trkpt lat="53.39179558" lon="-121.83146778">
      </trkpt>
      <trkpt lat="53.39176799" lon="-121.83149451">
      </trkpt>
      <trkpt lat="53.39165807" lon="-121.8316172">
      </trkpt>
      <trkpt lat="53.39165035" lon="-121.83163663">
      </trkpt>
      <trkpt lat="53.39163875" lon="-121.83166257">
      </trkpt>
      <trkpt lat="53.39163109" lon="-121.83169486">
      </trkpt>
      <trkpt lat="53.39162339" lon="-121.83172073">
      </trkpt>
      <trkpt lat="53.39161569" lon="-121.83174658">
      </trkpt>
      <trkpt lat="53.39161582" lon="-121.83177872">
      </trkpt>
      <trkpt lat="53.39161593" lon="-121.83181093">
      </trkpt>
      <trkpt lat="53.39161598" lon="-121.83184324">
      </trkpt>
      <trkpt lat="53.39161602" lon="-121.83186264">
      </trkpt>
      <trkpt lat="53.39162383" lon="-121.83188846">
      </trkpt>
      <trkpt lat="53.39162389" lon="-121.83191432">
      </trkpt>
      <trkpt lat="53.39163172" lon="-121.8319466">
      </trkpt>
      <trkpt lat="53.39164349" lon="-121.83200475">
      </trkpt>
      <trkpt lat="53.39165537" lon="-121.83206916">
      </trkpt>
      <trkpt lat="53.3916594" lon="-121.83210136">
      </trkpt>
      <trkpt lat="53.39166718" lon="-121.8321403">
      </trkpt>
      <trkpt lat="53.3916672" lon="-121.83214675">
      </trkpt>
      <trkpt lat="53.39167496" lon="-121.83218576">
      </trkpt>
      <trkpt lat="53.39167512" lon="-121.83222445">
      </trkpt>
      <trkpt lat="53.39168285" lon="-121.832257">
      </trkpt>
      <trkpt lat="53.39168299" lon="-121.83228926">
      </trkpt>
      <trkpt lat="53.39169074" lon="-121.83233478">
      </trkpt>
      <trkpt lat="53.39169082" lon="-121.83237364">
      </trkpt>
      <trkpt lat="53.39169844" lon="-121.83240642">
      </trkpt>
      <trkpt lat="53.39170224" lon="-121.83245207">
      </trkpt>
      <trkpt lat="53.39170224" lon="-121.83250407">
      </trkpt>
      <trkpt lat="53.39170603" lon="-121.83253021">
      </trkpt>
      <trkpt lat="53.39170603" lon="-121.83255622">
      </trkpt>
      <trkpt lat="53.39170982" lon="-121.83260835">
      </trkpt>
      <trkpt lat="53.39171741" lon="-121.8326476">
      </trkpt>
      <trkpt lat="53.39171741" lon="-121.8326801">
      </trkpt>
      <trkpt lat="53.3917212" lon="-121.8327192">
      </trkpt>
      <trkpt lat="53.39172524" lon="-121.83277748">
      </trkpt>
      <trkpt lat="53.39172943" lon="-121.83282909">
      </trkpt>
      <trkpt lat="53.39173355" lon="-121.83288079">
      </trkpt>
      <trkpt lat="53.39173749" lon="-121.83291974">
      </trkpt>
      <trkpt lat="53.39174529" lon="-121.83297173">
      </trkpt>
      <trkpt lat="53.39174922" lon="-121.83301068">
      </trkpt>
      <trkpt lat="53.39174928" lon="-121.83303664">
      </trkpt>
      <trkpt lat="53.39175703" lon="-121.8330952">
      </trkpt>
      <trkpt lat="53.39176475" lon="-121.83314076">
      </trkpt>
      <trkpt lat="53.39176861" lon="-121.83317331">
      </trkpt>
      <trkpt lat="53.39176861" lon="-121.83319933">
      </trkpt>
      <trkpt lat="53.3917686" lon="-121.83322534">
      </trkpt>
      <trkpt lat="53.3917686" lon="-121.83323836">
      </trkpt>
      <trkpt lat="53.39176861" lon="-121.83326437">
      </trkpt>
      <trkpt lat="53.3917686" lon="-121.83332291">
      </trkpt>
      <trkpt lat="53.39177246" lon="-121.83342049">
      </trkpt>
      <trkpt lat="53.39177246" lon="-121.83345953">
      </trkpt>
      <trkpt lat="53.39177246" lon="-121.83347252">
      </trkpt>
      <trkpt lat="53.39177632" lon="-121.83352457">
      </trkpt>
      <trkpt lat="53.39177632" lon="-121.8335571">
      </trkpt>
      <trkpt lat="53.39177632" lon="-121.83359613">
      </trkpt>
      <trkpt lat="53.39177632" lon="-121.83362215">
      </trkpt>
      <trkpt lat="53.39177632" lon="-121.83366768">
      </trkpt>
      <trkpt lat="53.39178017" lon="-121.83371324">
      </trkpt>
      <trkpt lat="53.39178018" lon="-121.83376523">
      </trkpt>
      <trkpt lat="53.39178018" lon="-121.83381076">
      </trkpt>
      <trkpt lat="53.39178017" lon="-121.83384328">
      </trkpt>
      <trkpt lat="53.39178018" lon="-121.83389531">
      </trkpt>
      <trkpt lat="53.39178404" lon="-121.83394734">
      </trkpt>
      <trkpt lat="53.39178403" lon="-121.83401238">
      </trkpt>
      <trkpt lat="53.39178404" lon="-121.83406442">
      </trkpt>
      <trkpt lat="53.39177631" lon="-121.83412945">
      </trkpt>
      <trkpt lat="53.39177245" lon="-121.83419448">
      </trkpt>
      <trkpt lat="53.39176859" lon="-121.83424002">
      </trkpt>
      <trkpt lat="53.3917648" lon="-121.83426604">
      </trkpt>
      <trkpt lat="53.39175727" lon="-121.83433111">
      </trkpt>
      <trkpt lat="53.39174578" lon="-121.83436367">
      </trkpt>
      <trkpt lat="53.39174198" lon="-121.8343832">
      </trkpt>
      <trkpt lat="53.39173438" lon="-121.83442879">
      </trkpt>
      <trkpt lat="53.39172676" lon="-121.83446135">
      </trkpt>
      <trkpt lat="53.39171912" lon="-121.83449393">
      </trkpt>
      <trkpt lat="53.39171148" lon="-121.83452653">
      </trkpt>
      <trkpt lat="53.39170384" lon="-121.83455912">
      </trkpt>
      <trkpt lat="53.39170005" lon="-121.83458519">
      </trkpt>
      <trkpt lat="53.3916963" lon="-121.83462431">
      </trkpt>
      <trkpt lat="53.39169244" lon="-121.83463085">
      </trkpt>
      <trkpt lat="53.39167716" lon="-121.83469609">
      </trkpt>
      <trkpt lat="53.39167332" lon="-121.83473524">
      </trkpt>
      <trkpt lat="53.39166946" lon="-121.8347613">
      </trkpt>
      <trkpt lat="53.39166555" lon="-121.83478084">
      </trkpt>
      <trkpt lat="53.39165772" lon="-121.83480687">
      </trkpt>
      <trkpt lat="53.39164969" lon="-121.83484578">
      </trkpt>
      <trkpt lat="53.39164566" lon="-121.83487173">
      </trkpt>
      <trkpt lat="53.39163367" lon="-121.83491709">
      </trkpt>
      <trkpt lat="53.39162975" lon="-121.8349561">
      </trkpt>
      <trkpt lat="53.39162197" lon="-121.83500168">
      </trkpt>
      <trkpt lat="53.39161419" lon="-121.8350342">
      </trkpt>
      <trkpt lat="53.3916064" lon="-121.83506672">
      </trkpt>
      <trkpt lat="53.39159863" lon="-121.83511228">
      </trkpt>
      <trkpt lat="53.39159475" lon="-121.83513832">
      </trkpt>
      <trkpt lat="53.391587" lon="-121.8351904">
      </trkpt>
      <trkpt lat="53.39157534" lon="-121.83525549">
      </trkpt>
      <trkpt lat="53.39156753" lon="-121.83528149">
      </trkpt>
      <trkpt lat="53.39155973" lon="-121.83530747">
      </trkpt>
      <trkpt lat="53.39155198" lon="-121.83535955">
      </trkpt>
      <trkpt lat="53.39154419" lon="-121.83541159">
      </trkpt>
      <trkpt lat="53.3915364" lon="-121.83544409">
      </trkpt>
      <trkpt lat="53.3915325" lon="-121.83547011">
      </trkpt>
      <trkpt lat="53.39152082" lon="-121.83552211">
      </trkpt>
      <trkpt lat="53.39151692" lon="-121.83554161">
      </trkpt>
      <trkpt lat="53.39151302" lon="-121.83558716">
      </trkpt>
      <trkpt lat="53.39150907" lon="-121.83561305">
      </trkpt>
      <trkpt lat="53.39150137" lon="-121.83565873">
      </trkpt>
      <trkpt lat="53.39149366" lon="-121.83569136">
      </trkpt>
      <trkpt lat="53.39148983" lon="-121.835724">
      </trkpt>
      <trkpt lat="53.39148593" lon="-121.83573699">
      </trkpt>
      <trkpt lat="53.39148203" lon="-121.83576299">
      </trkpt>
      <trkpt lat="53.39147423" lon="-121.83580846">
      </trkpt>
      <trkpt lat="53.39145858" lon="-121.83587328">
      </trkpt>
      <trkpt lat="53.39145078" lon="-121.83591874">
      </trkpt>
      <trkpt lat="53.39144295" lon="-121.83595114">
      </trkpt>
      <trkpt lat="53.39143514" lon="-121.83599006">
      </trkpt>
      <trkpt lat="53.39142732" lon="-121.83604195">
      </trkpt>
      <trkpt lat="53.39141945" lon="-121.83609375">
      </trkpt>
      <trkpt lat="53.39141553" lon="-121.83611313">
      </trkpt>
      <trkpt lat="53.39140374" lon="-121.83615829">
      </trkpt>
      <trkpt lat="53.39140374" lon="-121.8361843">
      </trkpt>
      <trkpt lat="53.39139981" lon="-121.83621019">
      </trkpt>
      <trkpt lat="53.39139205" lon="-121.83623618">
      </trkpt>
      <trkpt lat="53.39138821" lon="-121.83626231">
      </trkpt>
      <trkpt lat="53.39138053" lon="-121.83630803">
      </trkpt>
      <trkpt lat="53.39137671" lon="-121.83634073">
      </trkpt>
      <trkpt lat="53.39136898" lon="-121.83637333">
      </trkpt>
      <trkpt lat="53.3913652" lon="-121.83641917">
      </trkpt>
      <trkpt lat="53.39135348" lon="-121.83645142">
      </trkpt>
      <trkpt lat="53.39134567" lon="-121.83650978">
      </trkpt>
      <trkpt lat="53.39134181" lon="-121.83654236">
      </trkpt>
      <trkpt lat="53.39133794" lon="-121.83656843">
      </trkpt>
      <trkpt lat="53.3913263" lon="-121.83660093">
      </trkpt>
      <trkpt lat="53.39130691" lon="-121.836666">
      </trkpt>
      <trkpt lat="53.39129527" lon="-121.83669851">
      </trkpt>
      <trkpt lat="53.39129141" lon="-121.83672457">
      </trkpt>
      <trkpt lat="53.391272" lon="-121.83676353">
      </trkpt>
      <trkpt lat="53.39126035" lon="-121.83679604">
      </trkpt>
      <trkpt lat="53.39124871" lon="-121.83681549">
      </trkpt>
      <trkpt lat="53.39124096" lon="-121.83684151">
      </trkpt>
      <trkpt lat="53.39122541" lon="-121.83687392">
      </trkpt>
      <trkpt lat="53.39121374" lon="-121.83689978">
      </trkpt>
      <trkpt lat="53.39119819" lon="-121.8369321">
      </trkpt>
      <trkpt lat="53.39118652" lon="-121.83695795">
      </trkpt>
      <trkpt lat="53.39117093" lon="-121.83699652">
      </trkpt>
      <trkpt lat="53.39115922" lon="-121.83702208">
      </trkpt>
      <trkpt lat="53.3911475" lon="-121.83706064">
      </trkpt>
      <trkpt lat="53.39113972" lon="-121.83707997">
      </trkpt>
      <trkpt lat="53.39112809" lon="-121.8370994">
      </trkpt>
      <trkpt lat="53.39111643" lon="-121.8371252">
      </trkpt>
      <trkpt lat="53.39110472" lon="-121.83717011">
      </trkpt>
      <trkpt lat="53.39109304" lon="-121.83720228">
      </trkpt>
      <trkpt lat="53.39106968" lon="-121.83727293">
      </trkpt>
      <trkpt lat="53.39106191" lon="-121.83729222">
      </trkpt>
      <trkpt lat="53.39104252" lon="-121.83735048">
      </trkpt>
      <trkpt lat="53.39103101" lon="-121.83739034">
      </trkpt>
      <trkpt lat="53.39102334" lon="-121.83742352">
      </trkpt>
      <trkpt lat="53.39101567" lon="-121.83745671">
      </trkpt>
      <trkpt lat="53.39100413" lon="-121.83749002">
      </trkpt>
      <trkpt lat="53.39099252" lon="-121.83754873">
      </trkpt>
      <trkpt lat="53.39098479" lon="-121.83756848">
      </trkpt>
      <trkpt lat="53.39097319" lon="-121.83760779">
      </trkpt>
      <trkpt lat="53.39096154" lon="-121.83764658">
      </trkpt>
      <trkpt lat="53.39095376" lon="-121.83767889">
      </trkpt>
      <trkpt lat="53.39093045" lon="-121.83776288">
      </trkpt>
      <trkpt lat="53.39092268" lon="-121.83780164">
      </trkpt>
      <trkpt lat="53.39091103" lon="-121.83784684">
      </trkpt>
      <trkpt lat="53.39089939" lon="-121.83788559">
      </trkpt>
      <trkpt lat="53.39088774" lon="-121.83792433">
      </trkpt>
      <trkpt lat="53.39087224" lon="-121.83796327">
      </trkpt>
      <trkpt lat="53.39085286" lon="-121.83799576">
      </trkpt>
      <trkpt lat="53.39085286" lon="-121.83800225">
      </trkpt>
      <trkpt lat="53.39083735" lon="-121.83803449">
      </trkpt>
      <trkpt lat="53.3908257" lon="-121.83806008">
      </trkpt>
      <trkpt lat="53.39080245" lon="-121.83807926">
      </trkpt>
      <trkpt lat="53.3907947" lon="-121.83809228">
      </trkpt>
      <trkpt lat="53.39077146" lon="-121.83811858">
      </trkpt>
      <trkpt lat="53.39075209" lon="-121.83814478">
      </trkpt>
      <trkpt lat="53.3907366" lon="-121.83816445">
      </trkpt>
      <trkpt lat="53.3907211" lon="-121.83819052">
      </trkpt>
      <trkpt lat="53.39070172" lon="-121.83822311">
      </trkpt>
      <trkpt lat="53.39067459" lon="-121.83826204">
      </trkpt>
      <trkpt lat="53.39066297" lon="-121.8382815">
      </trkpt>
      <trkpt lat="53.39065134" lon="-121.83830751">
      </trkpt>
      <trkpt lat="53.39062421" lon="-121.83833982">
      </trkpt>
      <trkpt lat="53.39061647" lon="-121.83835933">
      </trkpt>
      <trkpt lat="53.39060484" lon="-121.83838535">
      </trkpt>
      <trkpt lat="53.39057771" lon="-121.83843693">
      </trkpt>
      <trkpt lat="53.39056997" lon="-121.83845624">
      </trkpt>
      <trkpt lat="53.39054673" lon="-121.83848843">
      </trkpt>
      <trkpt lat="53.39052737" lon="-121.83852708">
      </trkpt>
      <trkpt lat="53.39051963" lon="-121.83853995">
      </trkpt>
      <trkpt lat="53.39048865" lon="-121.83858501">
      </trkpt>
      <trkpt lat="53.39048477" lon="-121.838585">
      </trkpt>
      <trkpt lat="53.39046155" lon="-121.83862362">
      </trkpt>
      <trkpt lat="53.39045767" lon="-121.83863006">
      </trkpt>
      <trkpt lat="53.39043832" lon="-121.83864292">
      </trkpt>
      <trkpt lat="53.39041896" lon="-121.83865579">
      </trkpt>
      <trkpt lat="53.39039187" lon="-121.83868153">
      </trkpt>
      <trkpt lat="53.39037638" lon="-121.83869439">
      </trkpt>
      <trkpt lat="53.39036089" lon="-121.8387072">
      </trkpt>
      <trkpt lat="53.39034547" lon="-121.83872582">
      </trkpt>
      <trkpt lat="53.3903416" lon="-121.83872581">
      </trkpt>
      <trkpt lat="53.39030296" lon="-121.83875707">
      </trkpt>
      <trkpt lat="53.3902836" lon="-121.83877018">
      </trkpt>
      <trkpt lat="53.39023327" lon="-121.83880918">
      </trkpt>
      <trkpt lat="53.39021782" lon="-121.83882191">
      </trkpt>
      <trkpt lat="53.39019849" lon="-121.83884102">
      </trkpt>
      <trkpt lat="53.39016759" lon="-121.83886648">
      </trkpt>
      <trkpt lat="53.39014442" lon="-121.83889194">
      </trkpt>
      <trkpt lat="53.39012124" lon="-121.83891104">
      </trkpt>
      <trkpt lat="53.39009808" lon="-121.83893649">
      </trkpt>
      <trkpt lat="53.3900595" lon="-121.83898102">
      </trkpt>
      <trkpt lat="53.39002864" lon="-121.83901281">
      </trkpt>
      <trkpt lat="53.3900055" lon="-121.83903824">
      </trkpt>
      <trkpt lat="53.38999393" lon="-121.83905103">
      </trkpt>
      <trkpt lat="53.38998617" lon="-121.83905765">
      </trkpt>
      <trkpt lat="53.38997067" lon="-121.83907087">
      </trkpt>
      <trkpt lat="53.38994738" lon="-121.83909734">
      </trkpt>
      <trkpt lat="53.38992806" lon="-121.83911666">
      </trkpt>
      <trkpt lat="53.38991264" lon="-121.83912937">
      </trkpt>
      <trkpt lat="53.38989718" lon="-121.83914868">
      </trkpt>
      <trkpt lat="53.38987407" lon="-121.83916111">
      </trkpt>
      <trkpt lat="53.38985477" lon="-121.83918029">
      </trkpt>
      <trkpt lat="53.38982779" lon="-121.8391992">
      </trkpt>
      <trkpt lat="53.38981237" lon="-121.8392119">
      </trkpt>
      <trkpt lat="53.38980462" lon="-121.83922495">
      </trkpt>
      <trkpt lat="53.38979295" lon="-121.83924483">
      </trkpt>
      <trkpt lat="53.38976202" lon="-121.83927075">
      </trkpt>
      <trkpt lat="53.38972341" lon="-121.83929634">
      </trkpt>
      <trkpt lat="53.389681" lon="-121.83934108">
      </trkpt>
      <trkpt lat="53.38965404" lon="-121.83936006">
      </trkpt>
      <trkpt lat="53.38964247" lon="-121.83937284">
      </trkpt>
      <trkpt lat="53.38963091" lon="-121.8393791">
      </trkpt>
      <trkpt lat="53.38961551" lon="-121.83939179">
      </trkpt>
      <trkpt lat="53.3895924" lon="-121.83941085">
      </trkpt>
      <trkpt lat="53.38956161" lon="-121.8394297">
      </trkpt>
      <trkpt lat="53.3895154" lon="-121.83946777">
      </trkpt>
      <trkpt lat="53.3894575" lon="-121.83951288">
      </trkpt>
      <trkpt lat="53.38940334" lon="-121.83955204">
      </trkpt>
      <trkpt lat="53.3893879" lon="-121.83956493">
      </trkpt>
      <trkpt lat="53.38936477" lon="-121.83957767">
      </trkpt>
      <trkpt lat="53.38934933" lon="-121.83959056">
      </trkpt>
      <trkpt lat="53.38933774" lon="-121.83960354">
      </trkpt>
      <trkpt lat="53.38930298" lon="-121.83963587">
      </trkpt>
      <trkpt lat="53.38928365" lon="-121.83965531">
      </trkpt>
      <trkpt lat="53.38926822" lon="-121.8396682">
      </trkpt>
      <trkpt lat="53.38924091" lon="-121.8397081">
      </trkpt>
      <trkpt lat="53.38922925" lon="-121.83970836">
      </trkpt>
      <trkpt lat="53.38920178" lon="-121.83974879">
      </trkpt>
      <trkpt lat="53.38918614" lon="-121.83976243">
      </trkpt>
      <trkpt lat="53.38916267" lon="-121.83978288">
      </trkpt>
      <trkpt lat="53.38915088" lon="-121.83980306">
      </trkpt>
      <trkpt lat="53.38913129" lon="-121.83982345">
      </trkpt>
      <trkpt lat="53.38909997" lon="-121.83985074">
      </trkpt>
      <trkpt lat="53.38908041" lon="-121.839871">
      </trkpt>
      <trkpt lat="53.38907649" lon="-121.83987764">
      </trkpt>
      <trkpt lat="53.3890533" lon="-121.83990354">
      </trkpt>
      <trkpt lat="53.38903418" lon="-121.83992221">
      </trkpt>
      <trkpt lat="53.38901893" lon="-121.83994086">
      </trkpt>
      <trkpt lat="53.38898849" lon="-121.83998448">
      </trkpt>
      <trkpt lat="53.38896941" lon="-121.84000303">
      </trkpt>
      <trkpt lat="53.38895048" lon="-121.84002113">
      </trkpt>
      <trkpt lat="53.38894679" lon="-121.84002701">
      </trkpt>
      <trkpt lat="53.38890929" lon="-121.84005552">
      </trkpt>
      <trkpt lat="53.38889075" lon="-121.84007883">
      </trkpt>
      <trkpt lat="53.38885714" lon="-121.84010746">
      </trkpt>
      <trkpt lat="53.38884218" lon="-121.84011882">
      </trkpt>
      <trkpt lat="53.38881583" lon="-121.84012966">
      </trkpt>
      <trkpt lat="53.38880443" lon="-121.84012914">
      </trkpt>
      <trkpt lat="53.38874098" lon="-121.84018462">
      </trkpt>
      <trkpt lat="53.38869818" lon="-121.84021709">
      </trkpt>
      <trkpt lat="53.38868642" lon="-121.84023008">
      </trkpt>
      <trkpt lat="53.38866335" lon="-121.84023652">
      </trkpt>
      <trkpt lat="53.38864395" lon="-121.84024948">
      </trkpt>
      <trkpt lat="53.38862855" lon="-121.84026239">
      </trkpt>
      <trkpt lat="53.38861699" lon="-121.84027531">
      </trkpt>
      <trkpt lat="53.38859393" lon="-121.84029465">
      </trkpt>
      <trkpt lat="53.38856695" lon="-121.84031401">
      </trkpt>
      <trkpt lat="53.38854337" lon="-121.84033355">
      </trkpt>
      <trkpt lat="53.38851194" lon="-121.84035959">
      </trkpt>
      <trkpt lat="53.38848499" lon="-121.84039185">
      </trkpt>
      <trkpt lat="53.38844269" lon="-121.84043699">
      </trkpt>
      <trkpt lat="53.38842729" lon="-121.84044988">
      </trkpt>
      <trkpt lat="53.38840036" lon="-121.84047568">
      </trkpt>
      <trkpt lat="53.38838494" lon="-121.84048213">
      </trkpt>
      <trkpt lat="53.38835025" lon="-121.84051439">
      </trkpt>
      <trkpt lat="53.3883464" lon="-121.8405144">
      </trkpt>
      <trkpt lat="53.38832713" lon="-121.84052731">
      </trkpt>
      <trkpt lat="53.38829243" lon="-121.84055312">
      </trkpt>
      <trkpt lat="53.3882616" lon="-121.84057248">
      </trkpt>
      <trkpt lat="53.38824618" lon="-121.84057894">
      </trkpt>
      <trkpt lat="53.38820764" lon="-121.84061119">
      </trkpt>
      <trkpt lat="53.38816911" lon="-121.84064344">
      </trkpt>
      <trkpt lat="53.38814985" lon="-121.84066279">
      </trkpt>
      <trkpt lat="53.38811517" lon="-121.84069504">
      </trkpt>
      <trkpt lat="53.38810746" lon="-121.84070794">
      </trkpt>
      <trkpt lat="53.38804969" lon="-121.84075308">
      </trkpt>
      <trkpt lat="53.38801893" lon="-121.84079174">
      </trkpt>
      <trkpt lat="53.38798432" lon="-121.84081752">
      </trkpt>
      <trkpt lat="53.3879651" lon="-121.84083041">
      </trkpt>
      <trkpt lat="53.38794968" lon="-121.84084332">
      </trkpt>
      <trkpt lat="53.38792649" lon="-121.84086911">
      </trkpt>
      <trkpt lat="53.38791107" lon="-121.84087556">
      </trkpt>
      <trkpt lat="53.38788019" lon="-121.8408949">
      </trkpt>
      <trkpt lat="53.38786471" lon="-121.8409078">
      </trkpt>
      <trkpt lat="53.38784924" lon="-121.84092069">
      </trkpt>
      <trkpt lat="53.38783764" lon="-121.84092714">
      </trkpt>
      <trkpt lat="53.38780284" lon="-121.84095935">
      </trkpt>
      <trkpt lat="53.3877835" lon="-121.84097868">
      </trkpt>
      <trkpt lat="53.38776041" lon="-121.84099799">
      </trkpt>
      <trkpt lat="53.38772972" lon="-121.84102376">
      </trkpt>
      <trkpt lat="53.38768377" lon="-121.8410624">
      </trkpt>
      <trkpt lat="53.38766848" lon="-121.8410753">
      </trkpt>
      <trkpt lat="53.38765318" lon="-121.84108819">
      </trkpt>
      <trkpt lat="53.38763013" lon="-121.8411204">
      </trkpt>
      <trkpt lat="53.38760722" lon="-121.84113329">
      </trkpt>
      <trkpt lat="53.38758031" lon="-121.84115908">
      </trkpt>
      <trkpt lat="53.38757251" lon="-121.8411655">
      </trkpt>
      <trkpt lat="53.38753752" lon="-121.84119116">
      </trkpt>
      <trkpt lat="53.38752225" lon="-121.84120407">
      </trkpt>
      <trkpt lat="53.38750318" lon="-121.84122343">
      </trkpt>
      <trkpt lat="53.38744976" lon="-121.84125577">
      </trkpt>
      <trkpt lat="53.3874383" lon="-121.84126869">
      </trkpt>
      <trkpt lat="53.38741921" lon="-121.84128808">
      </trkpt>
      <trkpt lat="53.38739627" lon="-121.8413075">
      </trkpt>
      <trkpt lat="53.38737716" lon="-121.84132045">
      </trkpt>
      <trkpt lat="53.38735412" lon="-121.84133983">
      </trkpt>
      <trkpt lat="53.3873118" lon="-121.84137208">
      </trkpt>
      <trkpt lat="53.38730025" lon="-121.84139143">
      </trkpt>
      <trkpt lat="53.38728486" lon="-121.84140433">
      </trkpt>
      <trkpt lat="53.38725407" lon="-121.84143657">
      </trkpt>
      <trkpt lat="53.3872425" lon="-121.84144299">
      </trkpt>
      <trkpt lat="53.38722709" lon="-121.84145587">
      </trkpt>
      <trkpt lat="53.38720784" lon="-121.84148165">
      </trkpt>
      <trkpt lat="53.38717305" lon="-121.84150725">
      </trkpt>
      <trkpt lat="53.38715372" lon="-121.84152644">
      </trkpt>
      <trkpt lat="53.38714213" lon="-121.84153926">
      </trkpt>
      <trkpt lat="53.38711512" lon="-121.8415584">
      </trkpt>
      <trkpt lat="53.38705732" lon="-121.84160316">
      </trkpt>
      <trkpt lat="53.38701883" lon="-121.84162867">
      </trkpt>
      <trkpt lat="53.38698805" lon="-121.84165424">
      </trkpt>
      <trkpt lat="53.38696116" lon="-121.8416799">
      </trkpt>
      <trkpt lat="53.38695349" lon="-121.84168632">
      </trkpt>
      <trkpt lat="53.3869151" lon="-121.84172488">
      </trkpt>
      <trkpt lat="53.3868959" lon="-121.84173767">
      </trkpt>
      <trkpt lat="53.38687287" lon="-121.84175689">
      </trkpt>
      <trkpt lat="53.38685751" lon="-121.84176969">
      </trkpt>
      <trkpt lat="53.38683833" lon="-121.84178892">
      </trkpt>
      <trkpt lat="53.38679612" lon="-121.8418209">
      </trkpt>
      <trkpt lat="53.38674626" lon="-121.84186569">
      </trkpt>
      <trkpt lat="53.38671943" lon="-121.84188486">
      </trkpt>
      <trkpt lat="53.3867041" lon="-121.84190409">
      </trkpt>
      <trkpt lat="53.3866811" lon="-121.84192972">
      </trkpt>
      <trkpt lat="53.38666577" lon="-121.84194252">
      </trkpt>
      <trkpt lat="53.38664661" lon="-121.84196822">
      </trkpt>
      <trkpt lat="53.38663128" lon="-121.84198103">
      </trkpt>
      <trkpt lat="53.38661978" lon="-121.84200031">
      </trkpt>
      <trkpt lat="53.38659297" lon="-121.84203232">
      </trkpt>
      <trkpt lat="53.38658531" lon="-121.84203227">
      </trkpt>
      <trkpt lat="53.38657382" lon="-121.84205151">
      </trkpt>
      <trkpt lat="53.38652788" lon="-121.84210911">
      </trkpt>
      <trkpt lat="53.38651257" lon="-121.84212188">
      </trkpt>
      <trkpt lat="53.38647816" lon="-121.84216015">
      </trkpt>
      <trkpt lat="53.38646288" lon="-121.84217924">
      </trkpt>
      <trkpt lat="53.3864476" lon="-121.84219832">
      </trkpt>
      <trkpt lat="53.38641324" lon="-121.84223008">
      </trkpt>
      <trkpt lat="53.38638653" lon="-121.84226186">
      </trkpt>
      <trkpt lat="53.38636366" lon="-121.84228727">
      </trkpt>
      <trkpt lat="53.38634459" lon="-121.8423063">
      </trkpt>
      <trkpt lat="53.38632934" lon="-121.84231897">
      </trkpt>
      <trkpt lat="53.38630266" lon="-121.84234433">
      </trkpt>
      <trkpt lat="53.38628743" lon="-121.84236336">
      </trkpt>
      <trkpt lat="53.38627219" lon="-121.84237603">
      </trkpt>
      <trkpt lat="53.38624554" lon="-121.84240136">
      </trkpt>
      <trkpt lat="53.38623414" lon="-121.8424204">
      </trkpt>
      <trkpt lat="53.3862113" lon="-121.84243937">
      </trkpt>
      <trkpt lat="53.38619609" lon="-121.84245202">
      </trkpt>
      <trkpt lat="53.38617706" lon="-121.84246463">
      </trkpt>
      <trkpt lat="53.3861581" lon="-121.84248988">
      </trkpt>
      <trkpt lat="53.3861316" lon="-121.84251493">
      </trkpt>
      <trkpt lat="53.38612026" lon="-121.84252746">
      </trkpt>
      <trkpt lat="53.38610892" lon="-121.84254">
      </trkpt>
      <trkpt lat="53.38609759" lon="-121.84255253">
      </trkpt>
      <trkpt lat="53.3860787" lon="-121.84257129">
      </trkpt>
      <trkpt lat="53.38605605" lon="-121.8425963">
      </trkpt>
      <trkpt lat="53.38604848" lon="-121.84260259">
      </trkpt>
      <trkpt lat="53.38602574" lon="-121.84262782">
      </trkpt>
      <trkpt lat="53.38599923" lon="-121.84265304">
      </trkpt>
      <trkpt lat="53.3859841" lon="-121.84267192">
      </trkpt>
      <trkpt lat="53.38595763" lon="-121.84269068">
      </trkpt>
      <trkpt lat="53.38595009" lon="-121.84270329">
      </trkpt>
      <trkpt lat="53.38593878" lon="-121.84272218">
      </trkpt>
      <trkpt lat="53.38592748" lon="-121.84274108">
      </trkpt>
      <trkpt lat="53.38590484" lon="-121.84276619">
      </trkpt>
      <trkpt lat="53.38589731" lon="-121.84277877">
      </trkpt>
      <trkpt lat="53.38585215" lon="-121.84284792">
      </trkpt>
      <trkpt lat="53.38583713" lon="-121.8428794">
      </trkpt>
      <trkpt lat="53.38583335" lon="-121.84287935">
      </trkpt>
      <trkpt lat="53.38580325" lon="-121.84291695">
      </trkpt>
      <trkpt lat="53.38579201" lon="-121.84294211">
      </trkpt>
      <trkpt lat="53.38576945" lon="-121.84296711">
      </trkpt>
      <trkpt lat="53.38574691" lon="-121.84299844">
      </trkpt>
      <trkpt lat="53.38573564" lon="-121.84301092">
      </trkpt>
      <trkpt lat="53.38570915" lon="-121.8430553">
      </trkpt>
      <trkpt lat="53.38570145" lon="-121.84308097">
      </trkpt>
      <trkpt lat="53.38568616" lon="-121.84310662">
      </trkpt>
      <trkpt lat="53.38565935" lon="-121.84316436">
      </trkpt>
      <trkpt lat="53.38564431" lon="-121.84319588">
      </trkpt>
      <trkpt lat="53.38564063" lon="-121.84321477">
      </trkpt>
      <trkpt lat="53.38562565" lon="-121.84324618">
      </trkpt>
      <trkpt lat="53.38561455" lon="-121.84329017">
      </trkpt>
      <trkpt lat="53.38560716" lon="-121.8433216">
      </trkpt>
      <trkpt lat="53.38560349" lon="-121.84334046">
      </trkpt>
      <trkpt lat="53.38557744" lon="-121.84341575">
      </trkpt>
      <trkpt lat="53.38556254" lon="-121.84345336">
      </trkpt>
      <trkpt lat="53.38555881" lon="-121.84346594">
      </trkpt>
      <trkpt lat="53.38554763" lon="-121.84350369">
      </trkpt>
      <trkpt lat="53.38554387" lon="-121.8435227">
      </trkpt>
      <trkpt lat="53.38553249" lon="-121.84356721">
      </trkpt>
      <trkpt lat="53.38552872" lon="-121.84357988">
      </trkpt>
      <trkpt lat="53.38550972" lon="-121.84361809">
      </trkpt>
      <trkpt lat="53.38549829" lon="-121.84363727">
      </trkpt>
      <trkpt lat="53.38547921" lon="-121.84367564">
      </trkpt>
      <trkpt lat="53.38544509" lon="-121.84373282">
      </trkpt>
      <trkpt lat="53.3854337" lon="-121.84375828">
      </trkpt>
      <trkpt lat="53.38542986" lon="-121.84378382">
      </trkpt>
      <trkpt lat="53.38541469" lon="-121.84380924">
      </trkpt>
      <trkpt lat="53.3853807" lon="-121.84387251">
      </trkpt>
      <trkpt lat="53.38535446" lon="-121.84391635">
      </trkpt>
      <trkpt lat="53.38531653" lon="-121.84399265">
      </trkpt>
      <trkpt lat="53.38530141" lon="-121.84401163">
      </trkpt>
      <trkpt lat="53.38526748" lon="-121.84406206">
      </trkpt>
      <trkpt lat="53.38524863" lon="-121.84409995">
      </trkpt>
      <trkpt lat="53.38521096" lon="-121.84416302">
      </trkpt>
      <trkpt lat="53.38519589" lon="-121.84419459">
      </trkpt>
      <trkpt lat="53.38517706" lon="-121.84422611">
      </trkpt>
      <trkpt lat="53.38516576" lon="-121.84425138">
      </trkpt>
      <trkpt lat="53.38515446" lon="-121.84428935">
      </trkpt>
      <trkpt lat="53.3851507" lon="-121.84430201">
      </trkpt>
      <trkpt lat="53.38512811" lon="-121.84433982">
      </trkpt>
      <trkpt lat="53.38510929" lon="-121.84437766">
      </trkpt>
      <trkpt lat="53.38508295" lon="-121.8444154">
      </trkpt>
      <trkpt lat="53.38505284" lon="-121.84445943">
      </trkpt>
      <trkpt lat="53.38504156" lon="-121.84447831">
      </trkpt>
      <trkpt lat="53.38503403" lon="-121.84449726">
      </trkpt>
      <trkpt lat="53.38501523" lon="-121.84451604">
      </trkpt>
      <trkpt lat="53.38500775" lon="-121.8445476">
      </trkpt>
      <trkpt lat="53.38500032" lon="-121.84456">
      </trkpt>
      <trkpt lat="53.38499293" lon="-121.84457866">
      </trkpt>
      <trkpt lat="53.38497437" lon="-121.84460964">
      </trkpt>
      <trkpt lat="53.38495581" lon="-121.84464062">
      </trkpt>
      <trkpt lat="53.38493352" lon="-121.84467153">
      </trkpt>
      <trkpt lat="53.38492604" lon="-121.84467765">
      </trkpt>
      <trkpt lat="53.3849038" lon="-121.84472115">
      </trkpt>
      <trkpt lat="53.38487752" lon="-121.84475879">
      </trkpt>
      <trkpt lat="53.3848625" lon="-121.84479025">
      </trkpt>
      <trkpt lat="53.384855" lon="-121.84479647">
      </trkpt>
      <trkpt lat="53.38482498" lon="-121.84484039">
      </trkpt>
      <trkpt lat="53.38481747" lon="-121.84485295">
      </trkpt>
      <trkpt lat="53.38479497" lon="-121.84487793">
      </trkpt>
      <trkpt lat="53.38476121" lon="-121.84492175">
      </trkpt>
      <trkpt lat="53.38473122" lon="-121.84495927">
      </trkpt>
      <trkpt lat="53.38470123" lon="-121.84499046">
      </trkpt>
      <trkpt lat="53.38467125" lon="-121.84502797">
      </trkpt>
      <trkpt lat="53.3846563" lon="-121.84504664">
      </trkpt>
      <trkpt lat="53.38452405" lon="-121.84517959">
      </trkpt>
      <trkpt lat="53.38449747" lon="-121.84521781">
      </trkpt>
      <trkpt lat="53.38447096" lon="-121.84524959">
      </trkpt>
      <trkpt lat="53.38445587" lon="-121.84526222">
      </trkpt>
      <trkpt lat="53.38442554" lon="-121.84530036">
      </trkpt>
      <trkpt lat="53.38441045" lon="-121.84531298">
      </trkpt>
      <trkpt lat="53.38438393" lon="-121.84534476">
      </trkpt>
      <trkpt lat="53.38437638" lon="-121.84535107">
      </trkpt>
      <trkpt lat="53.38436122" lon="-121.84537016">
      </trkpt>
      <trkpt lat="53.3843385" lon="-121.84539555">
      </trkpt>
      <trkpt lat="53.38431618" lon="-121.84541392">
      </trkpt>
      <trkpt lat="53.38430145" lon="-121.84543222">
      </trkpt>
      <trkpt lat="53.38428665" lon="-121.84544433">
      </trkpt>
      <trkpt lat="53.38428299" lon="-121.84545045">
      </trkpt>
      <trkpt lat="53.384257" lon="-121.84546864">
      </trkpt>
      <trkpt lat="53.38423859" lon="-121.84549311">
      </trkpt>
      <trkpt lat="53.38422001" lon="-121.84550521">
      </trkpt>
      <trkpt lat="53.38421635" lon="-121.84551136">
      </trkpt>
      <trkpt lat="53.38419046" lon="-121.84553571">
      </trkpt>
      <trkpt lat="53.38416449" lon="-121.84555388">
      </trkpt>
      <trkpt lat="53.38414603" lon="-121.84557216">
      </trkpt>
      <trkpt lat="53.38413497" lon="-121.84558434">
      </trkpt>
      <trkpt lat="53.38410546" lon="-121.8456148">
      </trkpt>
      <trkpt lat="53.38407953" lon="-121.84563294">
      </trkpt>
      <trkpt lat="53.38404638" lon="-121.84566948">
      </trkpt>
      <trkpt lat="53.38402056" lon="-121.84569378">
      </trkpt>
      <trkpt lat="53.38400215" lon="-121.845712">
      </trkpt>
      <trkpt lat="53.38397269" lon="-121.84574238">
      </trkpt>
      <trkpt lat="53.38395429" lon="-121.84576061">
      </trkpt>
      <trkpt lat="53.3839396" lon="-121.84578521">
      </trkpt>
      <trkpt lat="53.38392482" lon="-121.84579734">
      </trkpt>
      <trkpt lat="53.38391387" lon="-121.84581569">
      </trkpt>
      <trkpt lat="53.38388447" lon="-121.84584602">
      </trkpt>
      <trkpt lat="53.38386981" lon="-121.84586428">
      </trkpt>
      <trkpt lat="53.38385508" lon="-121.84587634">
      </trkpt>
      <trkpt lat="53.38382935" lon="-121.84590054">
      </trkpt>
      <trkpt lat="53.38382199" lon="-121.84590657">
      </trkpt>
      <trkpt lat="53.38379247" lon="-121.8459245">
      </trkpt>
      <trkpt lat="53.38377421" lon="-121.84594252">
      </trkpt>
      <trkpt lat="53.38375923" lon="-121.8459487">
      </trkpt>
      <trkpt lat="53.38374806" lon="-121.84596113">
      </trkpt>
      <trkpt lat="53.38363849" lon="-121.84605955">
      </trkpt>
      <trkpt lat="53.38362326" lon="-121.8460785">
      </trkpt>
      <trkpt lat="53.38361182" lon="-121.84609113">
      </trkpt>
      <trkpt lat="53.38360035" lon="-121.84609746">
      </trkpt>
      <trkpt lat="53.38358897" lon="-121.84611639">
      </trkpt>
      <trkpt lat="53.38357754" lon="-121.84612902">
      </trkpt>
      <trkpt lat="53.38355469" lon="-121.84615426">
      </trkpt>
      <trkpt lat="53.38353947" lon="-121.8461732">
      </trkpt>
      <trkpt lat="53.38352422" lon="-121.84618583">
      </trkpt>
      <trkpt lat="53.38350895" lon="-121.84619846">
      </trkpt>
      <trkpt lat="53.38348228" lon="-121.8462237">
      </trkpt>
      <trkpt lat="53.38345954" lon="-121.84626152">
      </trkpt>
      <trkpt lat="53.38343671" lon="-121.84628675">
      </trkpt>
      <trkpt lat="53.3834253" lon="-121.84629936">
      </trkpt>
      <trkpt lat="53.38339861" lon="-121.84631828">
      </trkpt>
      <trkpt lat="53.38338342" lon="-121.8463372">
      </trkpt>
      <trkpt lat="53.38335674" lon="-121.84635612">
      </trkpt>
      <trkpt lat="53.38334534" lon="-121.84636872">
      </trkpt>
      <trkpt lat="53.38333015" lon="-121.8463876">
      </trkpt>
      <trkpt lat="53.3833036" lon="-121.84641282">
      </trkpt>
      <trkpt lat="53.3832847" lon="-121.8464317">
      </trkpt>
      <trkpt lat="53.38325826" lon="-121.84646317">
      </trkpt>
      <trkpt lat="53.38323557" lon="-121.84648204">
      </trkpt>
      <trkpt lat="53.38321292" lon="-121.84651351">
      </trkpt>
      <trkpt lat="53.3831827" lon="-121.84654496">
      </trkpt>
      <trkpt lat="53.38313357" lon="-121.84658899">
      </trkpt>
      <trkpt lat="53.38309952" lon="-121.84662044">
      </trkpt>
      <trkpt lat="53.38308058" lon="-121.84663929">
      </trkpt>
      <trkpt lat="53.38303893" lon="-121.8466833">
      </trkpt>
      <trkpt lat="53.38301622" lon="-121.84670214">
      </trkpt>
      <trkpt lat="53.3829973" lon="-121.84671471">
      </trkpt>
      <trkpt lat="53.38298216" lon="-121.84673356">
      </trkpt>
      <trkpt lat="53.38295946" lon="-121.84674611">
      </trkpt>
      <trkpt lat="53.38293675" lon="-121.84677751">
      </trkpt>
      <trkpt lat="53.38291407" lon="-121.84679006">
      </trkpt>
      <trkpt lat="53.38287574" lon="-121.84681511">
      </trkpt>
      <trkpt lat="53.38284884" lon="-121.84685271">
      </trkpt>
      <trkpt lat="53.3828258" lon="-121.84687147">
      </trkpt>
      <trkpt lat="53.38279919" lon="-121.84689651">
      </trkpt>
      <trkpt lat="53.3827916" lon="-121.84690276">
      </trkpt>
      <trkpt lat="53.38275364" lon="-121.84693404">
      </trkpt>
      <trkpt lat="53.38273845" lon="-121.84694656">
      </trkpt>
      <trkpt lat="53.3827234" lon="-121.84695909">
      </trkpt>
      <trkpt lat="53.38270087" lon="-121.84697789">
      </trkpt>
      <trkpt lat="53.38268587" lon="-121.8469967">
      </trkpt>
      <trkpt lat="53.38265958" lon="-121.84700921">
      </trkpt>
      <trkpt lat="53.38264834" lon="-121.8470343">
      </trkpt>
      <trkpt lat="53.38263325" lon="-121.84705309">
      </trkpt>
      <trkpt lat="53.38261817" lon="-121.84706559">
      </trkpt>
      <trkpt lat="53.38260309" lon="-121.84708438">
      </trkpt>
      <trkpt lat="53.38258802" lon="-121.84710944">
      </trkpt>
      <trkpt lat="53.38256177" lon="-121.84713449">
      </trkpt>
      <trkpt lat="53.3825319" lon="-121.84717214">
      </trkpt>
      <trkpt lat="53.38249824" lon="-121.84720977">
      </trkpt>
      <trkpt lat="53.38246832" lon="-121.84724111">
      </trkpt>
      <trkpt lat="53.38243467" lon="-121.84727875">
      </trkpt>
      <trkpt lat="53.38239337" lon="-121.84732257">
      </trkpt>
      <trkpt lat="53.38238208" lon="-121.84732882">
      </trkpt>
      <trkpt lat="53.38234451" lon="-121.84737261">
      </trkpt>
      <trkpt lat="53.38231821" lon="-121.84740388">
      </trkpt>
      <trkpt lat="53.38230318" lon="-121.84741639">
      </trkpt>
      <trkpt lat="53.38227313" lon="-121.84744764">
      </trkpt>
      <trkpt lat="53.38225811" lon="-121.8474664">
      </trkpt>
      <trkpt lat="53.38224309" lon="-121.84748516">
      </trkpt>
      <trkpt lat="53.38222432" lon="-121.84751018">
      </trkpt>
      <trkpt lat="53.38220178" lon="-121.8475289">
      </trkpt>
      <trkpt lat="53.38216424" lon="-121.84757267">
      </trkpt>
      <trkpt lat="53.38215674" lon="-121.84758518">
      </trkpt>
      <trkpt lat="53.38213423" lon="-121.84761016">
      </trkpt>
      <trkpt lat="53.38211922" lon="-121.84763519">
      </trkpt>
      <trkpt lat="53.38209672" lon="-121.84766645">
      </trkpt>
      <trkpt lat="53.38207797" lon="-121.84769143">
      </trkpt>
      <trkpt lat="53.38206671" lon="-121.84770393">
      </trkpt>
      <trkpt lat="53.38204796" lon="-121.84772265">
      </trkpt>
      <trkpt lat="53.38202545" lon="-121.84774763">
      </trkpt>
      <trkpt lat="53.38198795" lon="-121.84779133">
      </trkpt>
      <trkpt lat="53.3819617" lon="-121.84781627">
      </trkpt>
      <trkpt lat="53.38193922" lon="-121.84784124">
      </trkpt>
      <trkpt lat="53.38191673" lon="-121.84786619">
      </trkpt>
      <trkpt lat="53.38189049" lon="-121.84789111">
      </trkpt>
      <trkpt lat="53.38187551" lon="-121.84790984">
      </trkpt>
      <trkpt lat="53.38181908" lon="-121.84795933">
      </trkpt>
      <trkpt lat="53.38176268" lon="-121.84801498">
      </trkpt>
      <trkpt lat="53.38174388" lon="-121.84803351">
      </trkpt>
      <trkpt lat="53.38172509" lon="-121.84804578">
      </trkpt>
      <trkpt lat="53.38167636" lon="-121.8481016">
      </trkpt>
      <trkpt lat="53.38163524" lon="-121.84814515">
      </trkpt>
      <trkpt lat="53.38158292" lon="-121.84818864">
      </trkpt>
      <trkpt lat="53.38155678" lon="-121.84821977">
      </trkpt>
      <trkpt lat="53.38154184" lon="-121.8482447">
      </trkpt>
      <trkpt lat="53.38149702" lon="-121.84828821">
      </trkpt>
      <trkpt lat="53.38147088" lon="-121.84830682">
      </trkpt>
      <trkpt lat="53.38143355" lon="-121.8483441">
      </trkpt>
      <trkpt lat="53.38141862" lon="-121.84836277">
      </trkpt>
      <trkpt lat="53.38137383" lon="-121.84840626">
      </trkpt>
      <trkpt lat="53.38135891" lon="-121.84841866">
      </trkpt>
      <trkpt lat="53.38134026" lon="-121.8484373">
      </trkpt>
      <trkpt lat="53.38131041" lon="-121.8484621">
      </trkpt>
      <trkpt lat="53.38129176" lon="-121.84848074">
      </trkpt>
      <trkpt lat="53.38127684" lon="-121.84849314">
      </trkpt>
      <trkpt lat="53.3812582" lon="-121.8485118">
      </trkpt>
      <trkpt lat="53.3812172" lon="-121.84855541">
      </trkpt>
      <trkpt lat="53.3811911" lon="-121.84857392">
      </trkpt>
      <trkpt lat="53.38117245" lon="-121.84859248">
      </trkpt>
      <trkpt lat="53.38115009" lon="-121.84860477">
      </trkpt>
      <trkpt lat="53.38111281" lon="-121.84863563">
      </trkpt>
      <trkpt lat="53.38109791" lon="-121.84864175">
      </trkpt>
      <trkpt lat="53.38107928" lon="-121.8486603">
      </trkpt>
      <trkpt lat="53.38105692" lon="-121.84867257">
      </trkpt>
      <trkpt lat="53.38103085" lon="-121.84870353">
      </trkpt>
      <trkpt lat="53.38101595" lon="-121.84871587">
      </trkpt>
      <trkpt lat="53.38096384" lon="-121.84874656">
      </trkpt>
      <trkpt lat="53.38094523" lon="-121.84875886">
      </trkpt>
      <trkpt lat="53.3809229" lon="-121.84877735">
      </trkpt>
      <trkpt lat="53.38090058" lon="-121.84879583">
      </trkpt>
      <trkpt lat="53.38088942" lon="-121.84879573">
      </trkpt>
      <trkpt lat="53.3808671" lon="-121.84882045">
      </trkpt>
      <trkpt lat="53.38084479" lon="-121.8488327">
      </trkpt>
      <trkpt lat="53.38081878" lon="-121.84885096">
      </trkpt>
      <trkpt lat="53.38079649" lon="-121.84886309">
      </trkpt>
      <trkpt lat="53.38075192" lon="-121.84889967">
      </trkpt>
      <trkpt lat="53.38072965" lon="-121.84891794">
      </trkpt>
      <trkpt lat="53.38071481" lon="-121.84892396">
      </trkpt>
      <trkpt lat="53.38068513" lon="-121.84894832">
      </trkpt>
      <trkpt lat="53.38066289" lon="-121.84896657">
      </trkpt>
      <trkpt lat="53.38064806" lon="-121.84897258">
      </trkpt>
      <trkpt lat="53.38062581" lon="-121.84898468">
      </trkpt>
      <trkpt lat="53.38059983" lon="-121.84900952">
      </trkpt>
      <trkpt lat="53.38058866" lon="-121.84900974">
      </trkpt>
      <trkpt lat="53.38057011" lon="-121.84902208">
      </trkpt>
      <trkpt lat="53.38055157" lon="-121.84903434">
      </trkpt>
      <trkpt lat="53.38052561" lon="-121.84905273">
      </trkpt>
      <trkpt lat="53.38050337" lon="-121.84906497">
      </trkpt>
      <trkpt lat="53.38048485" lon="-121.84907723">
      </trkpt>
      <trkpt lat="53.38047001" lon="-121.84908333">
      </trkpt>
      <trkpt lat="53.3804552" lon="-121.8490956">
      </trkpt>
      <trkpt lat="53.38043666" lon="-121.84910168">
      </trkpt>
      <trkpt lat="53.38041072" lon="-121.8491139">
      </trkpt>
      <trkpt lat="53.38037369" lon="-121.84913838">
      </trkpt>
      <trkpt lat="53.38034407" lon="-121.84915674">
      </trkpt>
      <trkpt lat="53.38032186" lon="-121.84916897">
      </trkpt>
      <trkpt lat="53.38031446" lon="-121.84917509">
      </trkpt>
      <trkpt lat="53.38029596" lon="-121.84918733">
      </trkpt>
      <trkpt lat="53.38026635" lon="-121.84920567">
      </trkpt>
      <trkpt lat="53.38022196" lon="-121.84923011">
      </trkpt>
      <trkpt lat="53.38016279" lon="-121.84926678">
      </trkpt>
      <trkpt lat="53.3801221" lon="-121.84927889">
      </trkpt>
      <trkpt lat="53.3801073" lon="-121.84928498">
      </trkpt>
      <trkpt lat="53.38008515" lon="-121.84930333">
      </trkpt>
      <trkpt lat="53.38005187" lon="-121.84931547">
      </trkpt>
      <trkpt lat="53.38001121" lon="-121.84932757">
      </trkpt>
      <trkpt lat="53.37999275" lon="-121.84933979">
      </trkpt>
      <trkpt lat="53.37997787" lon="-121.84934615">
      </trkpt>
      <trkpt lat="53.37995555" lon="-121.84935883">
      </trkpt>
      <trkpt lat="53.37991085" lon="-121.84937806">
      </trkpt>
      <trkpt lat="53.37986994" lon="-121.84940327">
      </trkpt>
      <trkpt lat="53.37984755" lon="-121.84940985">
      </trkpt>
      <trkpt lat="53.37982153" lon="-121.84942868">
      </trkpt>
      <trkpt lat="53.37978815" lon="-121.84944733">
      </trkpt>
      <trkpt lat="53.37975476" lon="-121.84946599">
      </trkpt>
      <trkpt lat="53.37972864" lon="-121.84948505">
      </trkpt>
      <trkpt lat="53.37966919" lon="-121.84952256">
      </trkpt>
      <trkpt lat="53.37959859" lon="-121.84955393">
      </trkpt>
      <trkpt lat="53.37958376" lon="-121.84956631">
      </trkpt>
      <trkpt lat="53.37955413" lon="-121.84959107">
      </trkpt>
      <trkpt lat="53.37953185" lon="-121.84960354">
      </trkpt>
      <trkpt lat="53.37950596" lon="-121.84962825">
      </trkpt>
      <trkpt lat="53.37949119" lon="-121.84964054">
      </trkpt>
      <trkpt lat="53.37947642" lon="-121.84965282">
      </trkpt>
      <trkpt lat="53.37944327" lon="-121.84967721">
      </trkpt>
      <trkpt lat="53.37942858" lon="-121.84968933">
      </trkpt>
      <trkpt lat="53.37941009" lon="-121.84970164">
      </trkpt>
      <trkpt lat="53.37939154" lon="-121.84972028">
      </trkpt>
      <trkpt lat="53.37936562" lon="-121.84973887">
      </trkpt>
      <trkpt lat="53.37933599" lon="-121.84975742">
      </trkpt>
      <trkpt lat="53.37932117" lon="-121.84976984">
      </trkpt>
      <trkpt lat="53.37929892" lon="-121.84979471">
      </trkpt>
      <trkpt lat="53.37928411" lon="-121.84980086">
      </trkpt>
      <trkpt lat="53.37926932" lon="-121.849807">
      </trkpt>
      <trkpt lat="53.37924706" lon="-121.84983188">
      </trkpt>
      <trkpt lat="53.37923226" lon="-121.84983801">
      </trkpt>
      <trkpt lat="53.37921374" lon="-121.84985041">
      </trkpt>
      <trkpt lat="53.37916184" lon="-121.84990008">
      </trkpt>
      <trkpt lat="53.3791322" lon="-121.84992488">
      </trkpt>
      <trkpt lat="53.37909847" lon="-121.84995041">
      </trkpt>
      <trkpt lat="53.37908342" lon="-121.84996945">
      </trkpt>
      <trkpt lat="53.37907594" lon="-121.84996957">
      </trkpt>
      <trkpt lat="53.3790421" lon="-121.85000769">
      </trkpt>
      <trkpt lat="53.37902349" lon="-121.85002023">
      </trkpt>
      <trkpt lat="53.37899004" lon="-121.85005143">
      </trkpt>
      <trkpt lat="53.3789826" lon="-121.85005767">
      </trkpt>
      <trkpt lat="53.37894543" lon="-121.85009508">
      </trkpt>
      <trkpt lat="53.37893055" lon="-121.85010758">
      </trkpt>
      <trkpt lat="53.37891194" lon="-121.85012012">
      </trkpt>
      <trkpt lat="53.37888592" lon="-121.85014508">
      </trkpt>
      <trkpt lat="53.37885612" lon="-121.85016391">
      </trkpt>
      <trkpt lat="53.37884124" lon="-121.85017641">
      </trkpt>
      <trkpt lat="53.37882263" lon="-121.85018896">
      </trkpt>
      <trkpt lat="53.37880795" lon="-121.85020733">
      </trkpt>
      <trkpt lat="53.37877471" lon="-121.85023815">
      </trkpt>
      <trkpt lat="53.37876718" lon="-121.85023833">
      </trkpt>
      <trkpt lat="53.3787451" lon="-121.85026288">
      </trkpt>
      <trkpt lat="53.37871914" lon="-121.85028153">
      </trkpt>
      <trkpt lat="53.37869316" lon="-121.85030016">
      </trkpt>
      <trkpt lat="53.37867836" lon="-121.85031253">
      </trkpt>
      <trkpt lat="53.3786637" lon="-121.85033088">
      </trkpt>
      <trkpt lat="53.3786489" lon="-121.85034325">
      </trkpt>
      <trkpt lat="53.37861931" lon="-121.85036798">
      </trkpt>
      <trkpt lat="53.37859709" lon="-121.85038656">
      </trkpt>
      <trkpt lat="53.37858602" lon="-121.85039889">
      </trkpt>
      <trkpt lat="53.37855999" lon="-121.85041762">
      </trkpt>
      <trkpt lat="53.37854151" lon="-121.85043617">
      </trkpt>
      <trkpt lat="53.37852667" lon="-121.85044859">
      </trkpt>
      <trkpt lat="53.37850807" lon="-121.85046112">
      </trkpt>
      <trkpt lat="53.37848958" lon="-121.85047965">
      </trkpt>
      <trkpt lat="53.37845978" lon="-121.8504985">
      </trkpt>
      <trkpt lat="53.37844117" lon="-121.85051103">
      </trkpt>
      <trkpt lat="53.37842628" lon="-121.85052355">
      </trkpt>
      <trkpt lat="53.37841125" lon="-121.85053006">
      </trkpt>
      <trkpt lat="53.37840015" lon="-121.85054244">
      </trkpt>
      <trkpt lat="53.3783816" lon="-121.85055485">
      </trkpt>
      <trkpt lat="53.37835574" lon="-121.85056712">
      </trkpt>
      <trkpt lat="53.37833366" lon="-121.85058547">
      </trkpt>
      <trkpt lat="53.37832616" lon="-121.85058561">
      </trkpt>
      <trkpt lat="53.3783113" lon="-121.85059808">
      </trkpt>
      <trkpt lat="53.37829269" lon="-121.85061061">
      </trkpt>
      <trkpt lat="53.37825537" lon="-121.85062957">
      </trkpt>
      <trkpt lat="53.37824794" lon="-121.85063581">
      </trkpt>
      <trkpt lat="53.37822189" lon="-121.85065457">
      </trkpt>
      <trkpt lat="53.37818465" lon="-121.85067964">
      </trkpt>
      <trkpt lat="53.3781549" lon="-121.85070459">
      </trkpt>
      <trkpt lat="53.37813995" lon="-121.85071096">
      </trkpt>
      <trkpt lat="53.37805826" lon="-121.85075457">
      </trkpt>
      <trkpt lat="53.37801395" lon="-121.85078534">
      </trkpt>
      <trkpt lat="53.37799172" lon="-121.85079772">
      </trkpt>
      <trkpt lat="53.37795475" lon="-121.8508224">
      </trkpt>
      <trkpt lat="53.37792428" lon="-121.85084837">
      </trkpt>
      <trkpt lat="53.37789772" lon="-121.85086785">
      </trkpt>
      <trkpt lat="53.37788678" lon="-121.85088001">
      </trkpt>
      <trkpt lat="53.3778756" lon="-121.85088628">
      </trkpt>
      <trkpt lat="53.37784212" lon="-121.85091126">
      </trkpt>
      <trkpt lat="53.37783468" lon="-121.8509175">
      </trkpt>
      <trkpt lat="53.37781232" lon="-121.85093006">
      </trkpt>
      <trkpt lat="53.37779371" lon="-121.85094256">
      </trkpt>
      <trkpt lat="53.37760784" lon="-121.85101551">
      </trkpt>
      <trkpt lat="53.37758913" lon="-121.85101538">
      </trkpt>
      <trkpt lat="53.37755536" lon="-121.8510213">
      </trkpt>
      <trkpt lat="53.37754412" lon="-121.85102122">
      </trkpt>
      <trkpt lat="53.37752167" lon="-121.85102106">
      </trkpt>
      <trkpt lat="53.37751418" lon="-121.85102102">
      </trkpt>
      <trkpt lat="53.37748791" lon="-121.85102699">
      </trkpt>
      <trkpt lat="53.3774692" lon="-121.85102687">
      </trkpt>
      <trkpt lat="53.37743547" lon="-121.8510328">
      </trkpt>
      <trkpt lat="53.37741669" lon="-121.85103881">
      </trkpt>
      <trkpt lat="53.37740547" lon="-121.85103874">
      </trkpt>
      <trkpt lat="53.37738296" lon="-121.85104474">
      </trkpt>
      <trkpt lat="53.37735679" lon="-121.85104455">
      </trkpt>
      <trkpt lat="53.37733438" lon="-121.8510444">
      </trkpt>
      <trkpt lat="53.37731943" lon="-121.8510443">
      </trkpt>
      <trkpt lat="53.37729328" lon="-121.85104412">
      </trkpt>
      <trkpt lat="53.37726706" lon="-121.85105009">
      </trkpt>
      <trkpt lat="53.37725211" lon="-121.85104997">
      </trkpt>
      <trkpt lat="53.37723719" lon="-121.85104988">
      </trkpt>
      <trkpt lat="53.37721483" lon="-121.85104976">
      </trkpt>
      <trkpt lat="53.3771962" lon="-121.85104966">
      </trkpt>
      <trkpt lat="53.37717391" lon="-121.8510434">
      </trkpt>
      <trkpt lat="53.37715164" lon="-121.85103713">
      </trkpt>
      <trkpt lat="53.37713309" lon="-121.85103088">
      </trkpt>
      <trkpt lat="53.37710708" lon="-121.85102461">
      </trkpt>
      <trkpt lat="53.37709225" lon="-121.85101837">
      </trkpt>
      <trkpt lat="53.37705852" lon="-121.8510118">
      </trkpt>
      <trkpt lat="53.37703957" lon="-121.85101142">
      </trkpt>
      <trkpt lat="53.37701685" lon="-121.85101094">
      </trkpt>
      <trkpt lat="53.37699035" lon="-121.8510104">
      </trkpt>
      <trkpt lat="53.37696392" lon="-121.85100372">
      </trkpt>
      <trkpt lat="53.37694517" lon="-121.85100348">
      </trkpt>
      <trkpt lat="53.3769266" lon="-121.85099719">
      </trkpt>
      <trkpt lat="53.37691165" lon="-121.85099704">
      </trkpt>
      <trkpt lat="53.37690043" lon="-121.85099692">
      </trkpt>
      <trkpt lat="53.37687065" lon="-121.85099053">
      </trkpt>
      <trkpt lat="53.37685209" lon="-121.85098426">
      </trkpt>
      <trkpt lat="53.37682605" lon="-121.8509779">
      </trkpt>
      <trkpt lat="53.37680757" lon="-121.85097169">
      </trkpt>
      <trkpt lat="53.37678182" lon="-121.85096561">
      </trkpt>
      <trkpt lat="53.37675977" lon="-121.85095952">
      </trkpt>
      <trkpt lat="53.37673771" lon="-121.85095344">
      </trkpt>
      <trkpt lat="53.37672661" lon="-121.85095343">
      </trkpt>
      <trkpt lat="53.37670067" lon="-121.85094716">
      </trkpt>
      <trkpt lat="53.37668203" lon="-121.85094701">
      </trkpt>
      <trkpt lat="53.37663758" lon="-121.85093451">
      </trkpt>
      <trkpt lat="53.3766079" lon="-121.8509282">
      </trkpt>
      <trkpt lat="53.37658569" lon="-121.85092195">
      </trkpt>
      <trkpt lat="53.37655601" lon="-121.85091565">
      </trkpt>
      <trkpt lat="53.37652275" lon="-121.85090323">
      </trkpt>
      <trkpt lat="53.37650425" lon="-121.85089701">
      </trkpt>
      <trkpt lat="53.37649682" lon="-121.85089696">
      </trkpt>
      <trkpt lat="53.37647851" lon="-121.85088475">
      </trkpt>
      <trkpt lat="53.3764675" lon="-121.85087864">
      </trkpt>
      <trkpt lat="53.3764417" lon="-121.85087252">
      </trkpt>
      <trkpt lat="53.37641959" lon="-121.8508664">
      </trkpt>
      <trkpt lat="53.3763938" lon="-121.85086028">
      </trkpt>
      <trkpt lat="53.37637534" lon="-121.85085412">
      </trkpt>
      <trkpt lat="53.37636425" lon="-121.85084793">
      </trkpt>
      <trkpt lat="53.376342" lon="-121.85084164">
      </trkpt>
      <trkpt lat="53.37632712" lon="-121.85084152">
      </trkpt>
      <trkpt lat="53.37631231" lon="-121.8508353">
      </trkpt>
      <trkpt lat="53.37628271" lon="-121.85082286">
      </trkpt>
      <trkpt lat="53.37626419" lon="-121.85081661">
      </trkpt>
      <trkpt lat="53.3762383" lon="-121.8508042">
      </trkpt>
      <trkpt lat="53.37621246" lon="-121.85079804">
      </trkpt>
      <trkpt lat="53.37619775" lon="-121.85079194">
      </trkpt>
      <trkpt lat="53.3761831" lon="-121.8507797">
      </trkpt>
      <trkpt lat="53.37616473" lon="-121.85076745">
      </trkpt>
      <trkpt lat="53.37614634" lon="-121.85075517">
      </trkpt>
      <trkpt lat="53.3761316" lon="-121.85074903">
      </trkpt>
      <trkpt lat="53.37610945" lon="-121.85074289">
      </trkpt>
      <trkpt lat="53.37609479" lon="-121.85072446">
      </trkpt>
      <trkpt lat="53.37607265" lon="-121.85071831">
      </trkpt>
      <trkpt lat="53.3760579" lon="-121.85071218">
      </trkpt>
      <trkpt lat="53.37604315" lon="-121.85070603">
      </trkpt>
      <trkpt lat="53.37602102" lon="-121.85069371">
      </trkpt>
      <trkpt lat="53.37600249" lon="-121.85068746">
      </trkpt>
      <trkpt lat="53.37598768" lon="-121.85068123">
      </trkpt>
      <trkpt lat="53.37597287" lon="-121.85067501">
      </trkpt>
      <trkpt lat="53.37596543" lon="-121.85067496">
      </trkpt>
      <trkpt lat="53.37593575" lon="-121.85066863">
      </trkpt>
      <trkpt lat="53.37591352" lon="-121.85066235">
      </trkpt>
      <trkpt lat="53.37588762" lon="-121.85064993">
      </trkpt>
      <trkpt lat="53.3758617" lon="-121.85064366">
      </trkpt>
      <trkpt lat="53.37584325" lon="-121.85063754">
      </trkpt>
      <trkpt lat="53.37582115" lon="-121.85062528">
      </trkpt>
      <trkpt lat="53.37581005" lon="-121.85062527">
      </trkpt>
      <trkpt lat="53.3757953" lon="-121.85061914">
      </trkpt>
      <trkpt lat="53.37576574" lon="-121.850613">
      </trkpt>
      <trkpt lat="53.37573989" lon="-121.85060687">
      </trkpt>
      <trkpt lat="53.37572508" lon="-121.85060685">
      </trkpt>
      <trkpt lat="53.37568433" lon="-121.85060678">
      </trkpt>
      <trkpt lat="53.37566577" lon="-121.85060665">
      </trkpt>
      <trkpt lat="53.37563979" lon="-121.85060648">
      </trkpt>
      <trkpt lat="53.37561746" lon="-121.8506062">
      </trkpt>
      <trkpt lat="53.37558771" lon="-121.85059965">
      </trkpt>
      <trkpt lat="53.3755803" lon="-121.85059962">
      </trkpt>
      <trkpt lat="53.37555442" lon="-121.8505996">
      </trkpt>
      <trkpt lat="53.37553223" lon="-121.85059959">
      </trkpt>
      <trkpt lat="53.37551374" lon="-121.85059959">
      </trkpt>
      <trkpt lat="53.37549156" lon="-121.85059957">
      </trkpt>
      <trkpt lat="53.37547676" lon="-121.85059957">
      </trkpt>
      <trkpt lat="53.37546194" lon="-121.85060568">
      </trkpt>
      <trkpt lat="53.37544715" lon="-121.85060567">
      </trkpt>
      <trkpt lat="53.37542496" lon="-121.85060567">
      </trkpt>
      <trkpt lat="53.37541014" lon="-121.85061178">
      </trkpt>
      <trkpt lat="53.37539166" lon="-121.85061178">
      </trkpt>
      <trkpt lat="53.37537313" lon="-121.85061789">
      </trkpt>
      <trkpt lat="53.37535833" lon="-121.850624">
      </trkpt>
      <trkpt lat="53.37534723" lon="-121.85062399">
      </trkpt>
      <trkpt lat="53.37532875" lon="-121.85062399">
      </trkpt>
      <trkpt lat="53.37531023" lon="-121.8506301">
      </trkpt>
      <trkpt lat="53.37529545" lon="-121.8506301">
      </trkpt>
      <trkpt lat="53.37528066" lon="-121.85063009">
      </trkpt>
      <trkpt lat="53.37526585" lon="-121.8506362">
      </trkpt>
      <trkpt lat="53.37524737" lon="-121.85063618">
      </trkpt>
      <trkpt lat="53.37522515" lon="-121.85064841">
      </trkpt>
      <trkpt lat="53.37519926" lon="-121.85065452">
      </trkpt>
      <trkpt lat="53.375166" lon="-121.85066072">
      </trkpt>
      <trkpt lat="53.37514013" lon="-121.85066698">
      </trkpt>
      <trkpt lat="53.37511796" lon="-121.85067324">
      </trkpt>
      <trkpt lat="53.37509949" lon="-121.85067336">
      </trkpt>
      <trkpt lat="53.37508471" lon="-121.85067955">
      </trkpt>
      <trkpt lat="53.37505144" lon="-121.85069199">
      </trkpt>
      <trkpt lat="53.37503666" lon="-121.85069208">
      </trkpt>
      <trkpt lat="53.37501448" lon="-121.85069833">
      </trkpt>
      <trkpt lat="53.37499969" lon="-121.85069843">
      </trkpt>
      <trkpt lat="53.3749886" lon="-121.85070461">
      </trkpt>
      <trkpt lat="53.37495902" lon="-121.85071703">
      </trkpt>
      <trkpt lat="53.37492943" lon="-121.85072333">
      </trkpt>
      <trkpt lat="53.37491094" lon="-121.85073571">
      </trkpt>
      <trkpt lat="53.37488505" lon="-121.85074203">
      </trkpt>
      <trkpt lat="53.37487026" lon="-121.85074825">
      </trkpt>
      <trkpt lat="53.37483697" lon="-121.85076687">
      </trkpt>
      <trkpt lat="53.37482217" lon="-121.85076697">
      </trkpt>
      <trkpt lat="53.37480367" lon="-121.85077323">
      </trkpt>
      <trkpt lat="53.37478148" lon="-121.85078564">
      </trkpt>
      <trkpt lat="53.37475187" lon="-121.85079811">
      </trkpt>
      <trkpt lat="53.37473337" lon="-121.85081049">
      </trkpt>
      <trkpt lat="53.37470007" lon="-121.85082298">
      </trkpt>
      <trkpt lat="53.37468156" lon="-121.85082925">
      </trkpt>
      <trkpt lat="53.37466676" lon="-121.85083547">
      </trkpt>
      <trkpt lat="53.37463714" lon="-121.85084182">
      </trkpt>
      <trkpt lat="53.37458901" lon="-121.85086056">
      </trkpt>
      <trkpt lat="53.3745594" lon="-121.85087295">
      </trkpt>
      <trkpt lat="53.37454092" lon="-121.85087905">
      </trkpt>
      <trkpt lat="53.37452616" lon="-121.85089126">
      </trkpt>
      <trkpt lat="53.37452246" lon="-121.85089126">
      </trkpt>
      <trkpt lat="53.3745077" lon="-121.85090348">
      </trkpt>
      <trkpt lat="53.37449292" lon="-121.85090957">
      </trkpt>
      <trkpt lat="53.37447815" lon="-121.85091567">
      </trkpt>
      <trkpt lat="53.37445232" lon="-121.85093399">
      </trkpt>
      <trkpt lat="53.37443018" lon="-121.85094618">
      </trkpt>
      <trkpt lat="53.374397" lon="-121.85097057">
      </trkpt>
      <trkpt lat="53.37436014" lon="-121.85099496">
      </trkpt>
      <trkpt lat="53.37434911" lon="-121.85100715">
      </trkpt>
      <trkpt lat="53.37432701" lon="-121.85102543">
      </trkpt>
      <trkpt lat="53.37430118" lon="-121.85104388">
      </trkpt>
      <trkpt lat="53.37428646" lon="-121.85106227">
      </trkpt>
      <trkpt lat="53.37419076" lon="-121.85116025">
      </trkpt>
      <trkpt lat="53.37418344" lon="-121.85117244">
      </trkpt>
      <trkpt lat="53.37416148" lon="-121.851209">
      </trkpt>
      <trkpt lat="53.37415783" lon="-121.85121509">
      </trkpt>
      <trkpt lat="53.3741469" lon="-121.85124558">
      </trkpt>
      <trkpt lat="53.37413224" lon="-121.85127005">
      </trkpt>
      <trkpt lat="53.37412127" lon="-121.85129449">
      </trkpt>
      <trkpt lat="53.37411034" lon="-121.85132501">
      </trkpt>
      <trkpt lat="53.3740994" lon="-121.8513432">
      </trkpt>
      <trkpt lat="53.37408839" lon="-121.85136158">
      </trkpt>
      <trkpt lat="53.37406274" lon="-121.85141057">
      </trkpt>
      <trkpt lat="53.37404804" lon="-121.85144131">
      </trkpt>
      <trkpt lat="53.37403698" lon="-121.85145364">
      </trkpt>
      <trkpt lat="53.37402969" lon="-121.85148431">
      </trkpt>
      <trkpt lat="53.37401498" lon="-121.85150892">
      </trkpt>
      <trkpt lat="53.37400397" lon="-121.85153349">
      </trkpt>
      <trkpt lat="53.37399664" lon="-121.85155191">
      </trkpt>
      <trkpt lat="53.37397827" lon="-121.85158878">
      </trkpt>
      <trkpt lat="53.37395992" lon="-121.85162564">
      </trkpt>
      <trkpt lat="53.37394888" lon="-121.85164408">
      </trkpt>
      <trkpt lat="53.37392683" lon="-121.85168098">
      </trkpt>
      <trkpt lat="53.37389" lon="-121.85172413">
      </trkpt>
      <trkpt lat="53.37388635" lon="-121.85173638">
      </trkpt>
      <trkpt lat="53.37386427" lon="-121.85176716">
      </trkpt>
      <trkpt lat="53.37385695" lon="-121.85178556">
      </trkpt>
      <trkpt lat="53.373846" lon="-121.85182231">
      </trkpt>
      <trkpt lat="53.37382761" lon="-121.85184692">
      </trkpt>
      <trkpt lat="53.3738093" lon="-121.85188986">
      </trkpt>
      <trkpt lat="53.37380198" lon="-121.85190824">
      </trkpt>
      <trkpt lat="53.37379463" lon="-121.85192053">
      </trkpt>
      <trkpt lat="53.373758" lon="-121.85200024">
      </trkpt>
      <trkpt lat="53.37374699" lon="-121.85201867">
      </trkpt>
      <trkpt lat="53.37373234" lon="-121.85204932">
      </trkpt>
      <trkpt lat="53.37371401" lon="-121.85208611">
      </trkpt>
      <trkpt lat="53.37368835" lon="-121.85213517">
      </trkpt>
      <trkpt lat="53.37367377" lon="-121.85217799">
      </trkpt>
      <trkpt lat="53.37364825" lon="-121.85225138">
      </trkpt>
      <trkpt lat="53.37362997" lon="-121.85228805">
      </trkpt>
      <trkpt lat="53.37361906" lon="-121.85231238">
      </trkpt>
      <trkpt lat="53.37360451" lon="-121.8523428">
      </trkpt>
      <trkpt lat="53.37358999" lon="-121.85237929">
      </trkpt>
      <trkpt lat="53.37358277" lon="-121.8524036">
      </trkpt>
      <trkpt lat="53.37356819" lon="-121.85242791">
      </trkpt>
      <trkpt lat="53.37355032" lon="-121.85246978">
      </trkpt>
      <trkpt lat="53.3735469" lon="-121.85248762">
      </trkpt>
      <trkpt lat="53.37352914" lon="-121.85252921">
      </trkpt>
      <trkpt lat="53.37352197" lon="-121.85254108">
      </trkpt>
      <trkpt lat="53.37349671" lon="-121.85258917">
      </trkpt>
      <trkpt lat="53.37348954" lon="-121.8526072">
      </trkpt>
      <trkpt lat="53.37346789" lon="-121.85264932">
      </trkpt>
      <trkpt lat="53.37345335" lon="-121.85267971">
      </trkpt>
      <trkpt lat="53.37344237" lon="-121.8526981">
      </trkpt>
      <trkpt lat="53.3734242" lon="-121.85274068">
      </trkpt>
      <trkpt lat="53.37340597" lon="-121.85277729">
      </trkpt>
      <trkpt lat="53.37339498" lon="-121.85279568">
      </trkpt>
      <trkpt lat="53.37337683" lon="-121.85283824">
      </trkpt>
      <trkpt lat="53.37336218" lon="-121.85286274">
      </trkpt>
      <trkpt lat="53.37334402" lon="-121.85290532">
      </trkpt>
      <trkpt lat="53.3733184" lon="-121.85295433">
      </trkpt>
      <trkpt lat="53.37328996" lon="-121.85301976">
      </trkpt>
      <trkpt lat="53.373272" lon="-121.85304344">
      </trkpt>
      <trkpt lat="53.37326143" lon="-121.85306698">
      </trkpt>
      <trkpt lat="53.37324729" lon="-121.85309641">
      </trkpt>
      <trkpt lat="53.37322962" lon="-121.85313171">
      </trkpt>
      <trkpt lat="53.37321906" lon="-121.85315521">
      </trkpt>
      <trkpt lat="53.37319773" lon="-121.85319053">
      </trkpt>
      <trkpt lat="53.3731835" lon="-121.85321405">
      </trkpt>
      <trkpt lat="53.37316942" lon="-121.85324338">
      </trkpt>
      <trkpt lat="53.37316232" lon="-121.85325515">
      </trkpt>
      <trkpt lat="53.37313751" lon="-121.8533023">
      </trkpt>
      <trkpt lat="53.3731197" lon="-121.85333793">
      </trkpt>
      <trkpt lat="53.37310911" lon="-121.85336764">
      </trkpt>
      <trkpt lat="53.37310202" lon="-121.85338548">
      </trkpt>
      <trkpt lat="53.3730771" lon="-121.85343905">
      </trkpt>
      <trkpt lat="53.37307002" lon="-121.85345687">
      </trkpt>
      <trkpt lat="53.37305884" lon="-121.85348188">
      </trkpt>
      <trkpt lat="53.37304313" lon="-121.85352115">
      </trkpt>
      <trkpt lat="53.37302373" lon="-121.85356054">
      </trkpt>
      <trkpt lat="53.37300836" lon="-121.85360517">
      </trkpt>
      <trkpt lat="53.37299694" lon="-121.85363072">
      </trkpt>
      <trkpt lat="53.3729855" lon="-121.85366248">
      </trkpt>
      <trkpt lat="53.37297397" lon="-121.853676">
      </trkpt>
      <trkpt lat="53.37296192" lon="-121.8537092">
      </trkpt>
      <trkpt lat="53.37294221" lon="-121.85375541">
      </trkpt>
      <trkpt lat="53.37292698" lon="-121.85378745">
      </trkpt>
      <trkpt lat="53.37291184" lon="-121.85383155">
      </trkpt>
      <trkpt lat="53.37290431" lon="-121.85385045">
      </trkpt>
      <trkpt lat="53.37288966" lon="-121.85389953">
      </trkpt>
      <trkpt lat="53.37287132" lon="-121.8539364">
      </trkpt>
      <trkpt lat="53.3728677" lon="-121.85394859">
      </trkpt>
      <trkpt lat="53.37284573" lon="-121.85399765">
      </trkpt>
      <trkpt lat="53.37283469" lon="-121.85401615">
      </trkpt>
      <trkpt lat="53.37282371" lon="-121.85404068">
      </trkpt>
      <trkpt lat="53.37281261" lon="-121.8540655">
      </trkpt>
      <trkpt lat="53.372794" lon="-121.85410297">
      </trkpt>
      <trkpt lat="53.37277912" lon="-121.85412804">
      </trkpt>
      <trkpt lat="53.37276796" lon="-121.85415299">
      </trkpt>
      <trkpt lat="53.3727531" lon="-121.85417182">
      </trkpt>
      <trkpt lat="53.37274569" lon="-121.85418429">
      </trkpt>
      <trkpt lat="53.37273457" lon="-121.85420301">
      </trkpt>
      <trkpt lat="53.37271604" lon="-121.8542403">
      </trkpt>
      <trkpt lat="53.3727049" lon="-121.85425291">
      </trkpt>
      <trkpt lat="53.37268638" lon="-121.85429632">
      </trkpt>
      <trkpt lat="53.3726678" lon="-121.85433375">
      </trkpt>
      <trkpt lat="53.3726529" lon="-121.85435269">
      </trkpt>
      <trkpt lat="53.37263429" lon="-121.85438404">
      </trkpt>
      <trkpt lat="53.37262312" lon="-121.85440284">
      </trkpt>
      <trkpt lat="53.37260078" lon="-121.85444047">
      </trkpt>
      <trkpt lat="53.37259333" lon="-121.85445914">
      </trkpt>
      <trkpt lat="53.37257098" lon="-121.85449677">
      </trkpt>
      <trkpt lat="53.37255235" lon="-121.85452814">
      </trkpt>
      <trkpt lat="53.37254119" lon="-121.85455923">
      </trkpt>
      <trkpt lat="53.37251881" lon="-121.85458463">
      </trkpt>
      <trkpt lat="53.37249269" lon="-121.85462245">
      </trkpt>
      <trkpt lat="53.37248523" lon="-121.85463502">
      </trkpt>
      <trkpt lat="53.37247029" lon="-121.85465404">
      </trkpt>
      <trkpt lat="53.37244789" lon="-121.85469177">
      </trkpt>
      <trkpt lat="53.3724292" lon="-121.85471709">
      </trkpt>
      <trkpt lat="53.37242171" lon="-121.85472354">
      </trkpt>
      <trkpt lat="53.37239927" lon="-121.85475516">
      </trkpt>
      <trkpt lat="53.3723843" lon="-121.85476807">
      </trkpt>
      <trkpt lat="53.37236555" lon="-121.85479969">
      </trkpt>
      <trkpt lat="53.37235051" lon="-121.8548189">
      </trkpt>
      <trkpt lat="53.37233546" lon="-121.85483197">
      </trkpt>
      <trkpt lat="53.37233924" lon="-121.85484408">
      </trkpt>
      <trkpt lat="53.37221242" lon="-121.85502803">
      </trkpt>
      <trkpt lat="53.37220509" lon="-121.85504039">
      </trkpt>
      <trkpt lat="53.37217586" lon="-121.85507758">
      </trkpt>
      <trkpt lat="53.37216859" lon="-121.85508383">
      </trkpt>
      <trkpt lat="53.37214296" lon="-121.85512096">
      </trkpt>
      <trkpt lat="53.37211751" lon="-121.85513977">
      </trkpt>
      <trkpt lat="53.372092" lon="-121.85516472">
      </trkpt>
      <trkpt lat="53.37205837" lon="-121.855195">
      </trkpt>
      <trkpt lat="53.37203236" lon="-121.85521938">
      </trkpt>
      <trkpt lat="53.37199894" lon="-121.85523751">
      </trkpt>
      <trkpt lat="53.37198408" lon="-121.85523734">
      </trkpt>
      <trkpt lat="53.37196922" lon="-121.8552495">
      </trkpt>
      <trkpt lat="53.37195066" lon="-121.85526162">
      </trkpt>
      <trkpt lat="53.37194695" lon="-121.85526158">
      </trkpt>
      <trkpt lat="53.37192839" lon="-121.85526753">
      </trkpt>
      <trkpt lat="53.37191354" lon="-121.85527352">
      </trkpt>
      <trkpt lat="53.37188757" lon="-121.85527323">
      </trkpt>
      <trkpt lat="53.37187272" lon="-121.85527921">
      </trkpt>
      <trkpt lat="53.37185417" lon="-121.85528516">
      </trkpt>
      <trkpt lat="53.37183563" lon="-121.85529112">
      </trkpt>
      <trkpt lat="53.37182451" lon="-121.85529715">
      </trkpt>
      <trkpt lat="53.37181338" lon="-121.85530318">
      </trkpt>
      <trkpt lat="53.37178742" lon="-121.8553152">
      </trkpt>
      <trkpt lat="53.3717763" lon="-121.85531507">
      </trkpt>
      <trkpt lat="53.37174294" lon="-121.855327">
      </trkpt>
      <trkpt lat="53.37171701" lon="-121.85533286">
      </trkpt>
      <trkpt lat="53.37167627" lon="-121.85534469">
      </trkpt>
      <trkpt lat="53.37165405" lon="-121.85534444">
      </trkpt>
      <trkpt lat="53.37164294" lon="-121.85535047">
      </trkpt>
      <trkpt lat="53.37161702" lon="-121.85535631">
      </trkpt>
      <trkpt lat="53.37159111" lon="-121.85536217">
      </trkpt>
      <trkpt lat="53.37156513" lon="-121.85536174">
      </trkpt>
      <trkpt lat="53.37153911" lon="-121.85536736">
      </trkpt>
      <trkpt lat="53.37152421" lon="-121.85537319">
      </trkpt>
      <trkpt lat="53.37150937" lon="-121.85537293">
      </trkpt>
      <trkpt lat="53.37149082" lon="-121.85537262">
      </trkpt>
      <trkpt lat="53.37147594" lon="-121.85537843">
      </trkpt>
      <trkpt lat="53.37144994" lon="-121.85538406">
      </trkpt>
      <trkpt lat="53.3714314" lon="-121.85538374">
      </trkpt>
      <trkpt lat="53.37140546" lon="-121.85538329">
      </trkpt>
      <trkpt lat="53.3713906" lon="-121.8553891">
      </trkpt>
      <trkpt lat="53.37137578" lon="-121.85538884">
      </trkpt>
      <trkpt lat="53.37136097" lon="-121.85538858">
      </trkpt>
      <trkpt lat="53.37132765" lon="-121.855388">
      </trkpt>
      <trkpt lat="53.37130175" lon="-121.85538755">
      </trkpt>
      <trkpt lat="53.37128325" lon="-121.85538721">
      </trkpt>
      <trkpt lat="53.37125734" lon="-121.85538673">
      </trkpt>
      <trkpt lat="53.37123882" lon="-121.85538635">
      </trkpt>
      <trkpt lat="53.3712128" lon="-121.85538561">
      </trkpt>
      <trkpt lat="53.37118702" lon="-121.85538532">
      </trkpt>
      <trkpt lat="53.37117974" lon="-121.85537926">
      </trkpt>
      <trkpt lat="53.37115405" lon="-121.85537299">
      </trkpt>
      <trkpt lat="53.37113204" lon="-121.85536677">
      </trkpt>
      <trkpt lat="53.37111372" lon="-121.85536059">
      </trkpt>
      <trkpt lat="53.37109536" lon="-121.85535433">
      </trkpt>
      <trkpt lat="53.37104381" lon="-121.85534142">
      </trkpt>
      <trkpt lat="53.37102157" lon="-121.85533467">
      </trkpt>
      <trkpt lat="53.37099575" lon="-121.85531581">
      </trkpt>
      <trkpt lat="53.37098838" lon="-121.85530957">
      </trkpt>
      <trkpt lat="53.3709624" lon="-121.85530871">
      </trkpt>
      <trkpt lat="53.37094384" lon="-121.85530809">
      </trkpt>
      <trkpt lat="53.37091789" lon="-121.85530724">
      </trkpt>
      <trkpt lat="53.37089941" lon="-121.85530062">
      </trkpt>
      <trkpt lat="53.37088087" lon="-121.85529383">
      </trkpt>
      <trkpt lat="53.37086592" lon="-121.85529301">
      </trkpt>
      <trkpt lat="53.37083622" lon="-121.85527955">
      </trkpt>
      <trkpt lat="53.37082151" lon="-121.85527314">
      </trkpt>
      <trkpt lat="53.3708105" lon="-121.85526686">
      </trkpt>
      <trkpt lat="53.37078841" lon="-121.85526023">
      </trkpt>
      <trkpt lat="53.3707774" lon="-121.85525395">
      </trkpt>
      <trkpt lat="53.37075901" lon="-121.85524743">
      </trkpt>
      <trkpt lat="53.370726" lon="-121.85522861">
      </trkpt>
      <trkpt lat="53.37070399" lon="-121.85522213">
      </trkpt>
      <trkpt lat="53.37067845" lon="-121.85520989">
      </trkpt>
      <trkpt lat="53.37066032" lon="-121.85519796">
      </trkpt>
      <trkpt lat="53.3706275" lon="-121.85517962">
      </trkpt>
      <trkpt lat="53.37061639" lon="-121.85516686">
      </trkpt>
      <trkpt lat="53.37058339" lon="-121.85516017">
      </trkpt>
      <trkpt lat="53.37056857" lon="-121.85514108">
      </trkpt>
      <trkpt lat="53.37054285" lon="-121.85512818">
      </trkpt>
      <trkpt lat="53.37052811" lon="-121.8551154">
      </trkpt>
      <trkpt lat="53.37048035" lon="-121.85508338">
      </trkpt>
      <trkpt lat="53.37046589" lon="-121.85507156">
      </trkpt>
      <trkpt lat="53.37044064" lon="-121.85505416">
      </trkpt>
      <trkpt lat="53.37041899" lon="-121.85503665">
      </trkpt>
      <trkpt lat="53.37040817" lon="-121.85502486">
      </trkpt>
      <trkpt lat="53.3703901" lon="-121.85501327">
      </trkpt>
      <trkpt lat="53.37037554" lon="-121.854995">
      </trkpt>
      <trkpt lat="53.37036083" lon="-121.85498228">
      </trkpt>
      <trkpt lat="53.37034611" lon="-121.8549633">
      </trkpt>
      <trkpt lat="53.37033509" lon="-121.85495684">
      </trkpt>
      <trkpt lat="53.37028748" lon="-121.85490673">
      </trkpt>
      <trkpt lat="53.3702439" lon="-121.85487687">
      </trkpt>
      <trkpt lat="53.37022575" lon="-121.85485887">
      </trkpt>
      <trkpt lat="53.37020394" lon="-121.85484088">
      </trkpt>
      <trkpt lat="53.37018559" lon="-121.85482176">
      </trkpt>
      <trkpt lat="53.37018558" lon="-121.85481561">
      </trkpt>
      <trkpt lat="53.37014525" lon="-121.85477718">
      </trkpt>
      <trkpt lat="53.37011963" lon="-121.85475169">
      </trkpt>
      <trkpt lat="53.37007604" lon="-121.85470334">
      </trkpt>
      <trkpt lat="53.37003968" lon="-121.85467302">
      </trkpt>
      <trkpt lat="53.37001422" lon="-121.85464876">
      </trkpt>
      <trkpt lat="53.36998512" lon="-121.85461849">
      </trkpt>
      <trkpt lat="53.36995967" lon="-121.85458822">
      </trkpt>
      <trkpt lat="53.36993784" lon="-121.85456399">
      </trkpt>
      <trkpt lat="53.36991964" lon="-121.85455187">
      </trkpt>
      <trkpt lat="53.36991237" lon="-121.85454582">
      </trkpt>
      <trkpt lat="53.36989781" lon="-121.85452159">
      </trkpt>
      <trkpt lat="53.36987596" lon="-121.8545034">
      </trkpt>
      <trkpt lat="53.3698614" lon="-121.85449116">
      </trkpt>
      <trkpt lat="53.36985411" lon="-121.85448509">
      </trkpt>
      <trkpt lat="53.36983955" lon="-121.85447295">
      </trkpt>
      <trkpt lat="53.36979221" lon="-121.85441812">
      </trkpt>
      <trkpt lat="53.3697485" lon="-121.85437552">
      </trkpt>
      <trkpt lat="53.369723" lon="-121.85433892">
      </trkpt>
      <trkpt lat="53.36971207" lon="-121.85432674">
      </trkpt>
      <trkpt lat="53.36967928" lon="-121.8542902">
      </trkpt>
      <trkpt lat="53.36966835" lon="-121.85427187">
      </trkpt>
      <trkpt lat="53.36966471" lon="-121.85426577">
      </trkpt>
      <trkpt lat="53.3696392" lon="-121.85424752">
      </trkpt>
      <trkpt lat="53.36962102" lon="-121.85421679">
      </trkpt>
      <trkpt lat="53.36960646" lon="-121.85420449">
      </trkpt>
      <trkpt lat="53.36959191" lon="-121.85418605">
      </trkpt>
      <trkpt lat="53.36957011" lon="-121.85414918">
      </trkpt>
      <trkpt lat="53.36955556" lon="-121.8541369">
      </trkpt>
      <trkpt lat="53.36953006" lon="-121.8541125">
      </trkpt>
      <trkpt lat="53.36951913" lon="-121.85410036">
      </trkpt>
      <trkpt lat="53.36950456" lon="-121.85407595">
      </trkpt>
      <trkpt lat="53.36948635" lon="-121.85405763">
      </trkpt>
      <trkpt lat="53.36947907" lon="-121.85404542">
      </trkpt>
      <trkpt lat="53.36946814" lon="-121.8540332">
      </trkpt>
      <trkpt lat="53.36944994" lon="-121.85401488">
      </trkpt>
      <trkpt lat="53.36943537" lon="-121.85399655">
      </trkpt>
      <trkpt lat="53.36941352" lon="-121.85396603">
      </trkpt>
      <trkpt lat="53.36939168" lon="-121.85394159">
      </trkpt>
      <trkpt lat="53.36937712" lon="-121.85391107">
      </trkpt>
      <trkpt lat="53.36934799" lon="-121.85386832">
      </trkpt>
      <trkpt lat="53.36934068" lon="-121.85386228">
      </trkpt>
      <trkpt lat="53.36931868" lon="-121.85382594">
      </trkpt>
      <trkpt lat="53.369293" lon="-121.85378964">
      </trkpt>
      <trkpt lat="53.36928199" lon="-121.85377145">
      </trkpt>
      <trkpt lat="53.36927832" lon="-121.85376539">
      </trkpt>
      <trkpt lat="53.36924896" lon="-121.85372905">
      </trkpt>
      <trkpt lat="53.36923794" lon="-121.85371084">
      </trkpt>
      <trkpt lat="53.36921591" lon="-121.8536805">
      </trkpt>
      <trkpt lat="53.36918285" lon="-121.85363801">
      </trkpt>
      <trkpt lat="53.36916446" lon="-121.85361983">
      </trkpt>
      <trkpt lat="53.36914239" lon="-121.85358943">
      </trkpt>
      <trkpt lat="53.36912032" lon="-121.85357125">
      </trkpt>
      <trkpt lat="53.36909824" lon="-121.85354082">
      </trkpt>
      <trkpt lat="53.36908365" lon="-121.85352244">
      </trkpt>
      <trkpt lat="53.36907272" lon="-121.85350405">
      </trkpt>
      <trkpt lat="53.36906543" lon="-121.85349179">
      </trkpt>
      <trkpt lat="53.36903624" lon="-121.85344278">
      </trkpt>
      <trkpt lat="53.3690253" lon="-121.85341829">
      </trkpt>
      <trkpt lat="53.36901427" lon="-121.85338774">
      </trkpt>
      <trkpt lat="53.36899955" lon="-121.85336944">
      </trkpt>
      <trkpt lat="53.36898851" lon="-121.85334501">
      </trkpt>
      <trkpt lat="53.36898115" lon="-121.85333279">
      </trkpt>
      <trkpt lat="53.36895906" lon="-121.85329615">
      </trkpt>
      <trkpt lat="53.36894065" lon="-121.8532656">
      </trkpt>
      <trkpt lat="53.36892963" lon="-121.85324113">
      </trkpt>
      <trkpt lat="53.36891867" lon="-121.85322273">
      </trkpt>
      <trkpt lat="53.36890044" lon="-121.85318595">
      </trkpt>
      <trkpt lat="53.36878093" lon="-121.8529409">
      </trkpt>
      <trkpt lat="53.36876658" lon="-121.85291028">
      </trkpt>
      <trkpt lat="53.36875944" lon="-121.8528919">
      </trkpt>
      <trkpt lat="53.36874863" lon="-121.85287352">
      </trkpt>
      <trkpt lat="53.36873433" lon="-121.85283676">
      </trkpt>
      <trkpt lat="53.36872352" lon="-121.85281836">
      </trkpt>
      <trkpt lat="53.36870188" lon="-121.85277543">
      </trkpt>
      <trkpt lat="53.36868371" lon="-121.85274476">
      </trkpt>
      <trkpt lat="53.36865827" lon="-121.85270183">
      </trkpt>
      <trkpt lat="53.36865472" lon="-121.85268342">
      </trkpt>
      <trkpt lat="53.3686329" lon="-121.85264662">
      </trkpt>
      <trkpt lat="53.36862203" lon="-121.85262207">
      </trkpt>
      <trkpt lat="53.36861117" lon="-121.85259752">
      </trkpt>
      <trkpt lat="53.36860025" lon="-121.8525791">
      </trkpt>
      <trkpt lat="53.3685893" lon="-121.85256683">
      </trkpt>
      <trkpt lat="53.36856798" lon="-121.85253607">
      </trkpt>
      <trkpt lat="53.36855014" lon="-121.85251758">
      </trkpt>
      <trkpt lat="53.3685396" lon="-121.8524991">
      </trkpt>
      <trkpt lat="53.36852527" lon="-121.85248677">
      </trkpt>
      <trkpt lat="53.36850752" lon="-121.85246824">
      </trkpt>
      <trkpt lat="53.3684969" lon="-121.85245589">
      </trkpt>
      <trkpt lat="53.36847903" lon="-121.85243737">
      </trkpt>
      <trkpt lat="53.36846808" lon="-121.85243121">
      </trkpt>
      <trkpt lat="53.36845728" lon="-121.85241888">
      </trkpt>
      <trkpt lat="53.36842814" lon="-121.85240038">
      </trkpt>
      <trkpt lat="53.36840994" lon="-121.85238804">
      </trkpt>
      <trkpt lat="53.36837696" lon="-121.85237572">
      </trkpt>
      <trkpt lat="53.36835123" lon="-121.85236958">
      </trkpt>
      <trkpt lat="53.36833681" lon="-121.85236335">
      </trkpt>
      <trkpt lat="53.36832241" lon="-121.85235714">
      </trkpt>
      <trkpt lat="53.36831182" lon="-121.85234473">
      </trkpt>
      <trkpt lat="53.36828647" lon="-121.85233847">
      </trkpt>
      <trkpt lat="53.36827189" lon="-121.85233843">
      </trkpt>
      <trkpt lat="53.36825365" lon="-121.85233839">
      </trkpt>
      <trkpt lat="53.36824271" lon="-121.85233837">
      </trkpt>
      <trkpt lat="53.36823177" lon="-121.85233834">
      </trkpt>
      <trkpt lat="53.36820623" lon="-121.85233828">
      </trkpt>
      <trkpt lat="53.36816989" lon="-121.852332">
      </trkpt>
      <trkpt lat="53.36814072" lon="-121.85233191">
      </trkpt>
      <trkpt lat="53.36812644" lon="-121.85232563">
      </trkpt>
      <trkpt lat="53.36810479" lon="-121.85232548">
      </trkpt>
      <trkpt lat="53.3680941" lon="-121.85231922">
      </trkpt>
      <trkpt lat="53.36807585" lon="-121.85231916">
      </trkpt>
      <trkpt lat="53.36805765" lon="-121.85231293">
      </trkpt>
      <trkpt lat="53.36803209" lon="-121.85230669">
      </trkpt>
      <trkpt lat="53.36801738" lon="-121.85230667">
      </trkpt>
      <trkpt lat="53.36798428" lon="-121.85230666">
      </trkpt>
      <trkpt lat="53.36797324" lon="-121.85230666">
      </trkpt>
      <trkpt lat="53.36794396" lon="-121.85230659">
      </trkpt>
      <trkpt lat="53.36792932" lon="-121.85230656">
      </trkpt>
      <trkpt lat="53.36791102" lon="-121.8523065">
      </trkpt>
      <trkpt lat="53.36787808" lon="-121.85230643">
      </trkpt>
      <trkpt lat="53.36784146" lon="-121.85230633">
      </trkpt>
      <trkpt lat="53.36781582" lon="-121.85230628">
      </trkpt>
      <trkpt lat="53.36778651" lon="-121.8523062">
      </trkpt>
      <trkpt lat="53.36776453" lon="-121.85230614">
      </trkpt>
      <trkpt lat="53.36774257" lon="-121.85230608">
      </trkpt>
      <trkpt lat="53.36773159" lon="-121.85230604">
      </trkpt>
      <trkpt lat="53.36771694" lon="-121.85230599">
      </trkpt>
      <trkpt lat="53.36769131" lon="-121.85230591">
      </trkpt>
      <trkpt lat="53.36766567" lon="-121.85230583">
      </trkpt>
      <trkpt lat="53.36764732" lon="-121.85231196">
      </trkpt>
      <trkpt lat="53.36762166" lon="-121.85231188">
      </trkpt>
      <trkpt lat="53.36759968" lon="-121.85231182">
      </trkpt>
      <trkpt lat="53.36757033" lon="-121.85231172">
      </trkpt>
      <trkpt lat="53.3675483" lon="-121.85231785">
      </trkpt>
      <trkpt lat="53.36751895" lon="-121.85231775">
      </trkpt>
      <trkpt lat="53.36750055" lon="-121.85233008">
      </trkpt>
      <trkpt lat="53.36747853" lon="-121.85233001">
      </trkpt>
      <trkpt lat="53.36745648" lon="-121.85233613">
      </trkpt>
      <trkpt lat="53.36742698" lon="-121.85233611">
      </trkpt>
      <trkpt lat="53.36740486" lon="-121.85233611">
      </trkpt>
      <trkpt lat="53.36737908" lon="-121.85234225">
      </trkpt>
      <trkpt lat="53.36736066" lon="-121.85234842">
      </trkpt>
      <trkpt lat="53.36733489" lon="-121.85234836">
      </trkpt>
      <trkpt lat="53.36732384" lon="-121.85235453">
      </trkpt>
      <trkpt lat="53.36730174" lon="-121.85235449">
      </trkpt>
      <trkpt lat="53.36728333" lon="-121.85235448">
      </trkpt>
      <trkpt lat="53.3672501" lon="-121.85235449">
      </trkpt>
      <trkpt lat="53.36720951" lon="-121.85235449">
      </trkpt>
      <trkpt lat="53.36718366" lon="-121.85236069">
      </trkpt>
      <trkpt lat="53.36713935" lon="-121.85237307">
      </trkpt>
      <trkpt lat="53.36712088" lon="-121.85237308">
      </trkpt>
      <trkpt lat="53.36709135" lon="-121.85237929">
      </trkpt>
      <trkpt lat="53.36708397" lon="-121.8523793">
      </trkpt>
      <trkpt lat="53.36706184" lon="-121.85237927">
      </trkpt>
      <trkpt lat="53.36703972" lon="-121.85238545">
      </trkpt>
      <trkpt lat="53.36701021" lon="-121.85239163">
      </trkpt>
      <trkpt lat="53.36700653" lon="-121.85239164">
      </trkpt>
      <trkpt lat="53.36698441" lon="-121.85239161">
      </trkpt>
      <trkpt lat="53.36695491" lon="-121.8523978">
      </trkpt>
      <trkpt lat="53.36692909" lon="-121.85240398">
      </trkpt>
      <trkpt lat="53.36690698" lon="-121.85240395">
      </trkpt>
      <trkpt lat="53.36687011" lon="-121.85241012">
      </trkpt>
      <trkpt lat="53.36683324" lon="-121.85241629">
      </trkpt>
      <trkpt lat="53.3668185" lon="-121.85242248">
      </trkpt>
      <trkpt lat="53.36678532" lon="-121.85242865">
      </trkpt>
      <trkpt lat="53.36676688" lon="-121.85242863">
      </trkpt>
      <trkpt lat="53.36674476" lon="-121.8524348">
      </trkpt>
      <trkpt lat="53.36671896" lon="-121.85243477">
      </trkpt>
      <trkpt lat="53.36670422" lon="-121.85244096">
      </trkpt>
      <trkpt lat="53.36667842" lon="-121.85244092">
      </trkpt>
      <trkpt lat="53.36663049" lon="-121.85244708">
      </trkpt>
      <trkpt lat="53.36661574" lon="-121.85244705">
      </trkpt>
      <trkpt lat="53.36654937" lon="-121.85245319">
      </trkpt>
      <trkpt lat="53.36648669" lon="-121.85245932">
      </trkpt>
      <trkpt lat="53.3664314" lon="-121.85247167">
      </trkpt>
      <trkpt lat="53.36640929" lon="-121.85247784">
      </trkpt>
      <trkpt lat="53.36636872" lon="-121.85247781">
      </trkpt>
      <trkpt lat="53.3663466" lon="-121.85247779">
      </trkpt>
      <trkpt lat="53.36632817" lon="-121.85248397">
      </trkpt>
      <trkpt lat="53.3662876" lon="-121.85248394">
      </trkpt>
      <trkpt lat="53.36626915" lon="-121.85248393">
      </trkpt>
      <trkpt lat="53.36625442" lon="-121.85249011">
      </trkpt>
      <trkpt lat="53.36622123" lon="-121.85249009">
      </trkpt>
      <trkpt lat="53.36619541" lon="-121.85249007">
      </trkpt>
      <trkpt lat="53.36618069" lon="-121.85249626">
      </trkpt>
      <trkpt lat="53.36616225" lon="-121.85249625">
      </trkpt>
      <trkpt lat="53.36614016" lon="-121.85250242">
      </trkpt>
      <trkpt lat="53.36611439" lon="-121.8525086">
      </trkpt>
      <trkpt lat="53.36609596" lon="-121.85250859">
      </trkpt>
      <trkpt lat="53.36606287" lon="-121.85251478">
      </trkpt>
      <trkpt lat="53.36602616" lon="-121.85252099">
      </trkpt>
      <trkpt lat="53.36600783" lon="-121.85252721">
      </trkpt>
      <trkpt lat="53.36597114" lon="-121.8525334">
      </trkpt>
      <trkpt lat="53.36594911" lon="-121.85253342">
      </trkpt>
      <trkpt lat="53.36593076" lon="-121.85253343">
      </trkpt>
      <trkpt lat="53.36591241" lon="-121.85253343">
      </trkpt>
      <trkpt lat="53.36589404" lon="-121.85253961">
      </trkpt>
      <trkpt lat="53.36587195" lon="-121.8525396">
      </trkpt>
      <trkpt lat="53.36584986" lon="-121.85253959">
      </trkpt>
      <trkpt lat="53.36581303" lon="-121.85253957">
      </trkpt>
      <trkpt lat="53.36578356" lon="-121.85253956">
      </trkpt>
      <trkpt lat="53.36576515" lon="-121.85253955">
      </trkpt>
      <trkpt lat="53.365732" lon="-121.85253953">
      </trkpt>
      <trkpt lat="53.36571359" lon="-121.85253952">
      </trkpt>
      <trkpt lat="53.36570256" lon="-121.85253952">
      </trkpt>
      <trkpt lat="53.36568786" lon="-121.85253952">
      </trkpt>
      <trkpt lat="53.36566582" lon="-121.85253952">
      </trkpt>
      <trkpt lat="53.36562541" lon="-121.85253952">
      </trkpt>
      <trkpt lat="53.36560704" lon="-121.85253952">
      </trkpt>
      <trkpt lat="53.36558501" lon="-121.85253952">
      </trkpt>
      <trkpt lat="53.36554094" lon="-121.85253952">
      </trkpt>
      <trkpt lat="53.36551157" lon="-121.85253952">
      </trkpt>
      <trkpt lat="53.36548587" lon="-121.85253952">
      </trkpt>
      <trkpt lat="53.36546018" lon="-121.85253952">
      </trkpt>
      <trkpt lat="53.36543081" lon="-121.85253951">
      </trkpt>
      <trkpt lat="53.36540879" lon="-121.85253951">
      </trkpt>
      <trkpt lat="53.36537577" lon="-121.85253952">
      </trkpt>
      <trkpt lat="53.36533174" lon="-121.85253952">
      </trkpt>
      <trkpt lat="53.36529872" lon="-121.85253953">
      </trkpt>
      <trkpt lat="53.36524362" lon="-121.85253951">
      </trkpt>
      <trkpt lat="53.36521783" lon="-121.85253949">
      </trkpt>
      <trkpt lat="53.3651994" lon="-121.85253948">
      </trkpt>
      <trkpt lat="53.36514779" lon="-121.85254561">
      </trkpt>
      <trkpt lat="53.36512564" lon="-121.85254558">
      </trkpt>
      <trkpt lat="53.36509978" lon="-121.85254556">
      </trkpt>
      <trkpt lat="53.36507763" lon="-121.85254554">
      </trkpt>
      <trkpt lat="53.36502222" lon="-121.85254548">
      </trkpt>
      <trkpt lat="53.36499272" lon="-121.85255163">
      </trkpt>
      <trkpt lat="53.36495208" lon="-121.85255159">
      </trkpt>
      <trkpt lat="53.3649262" lon="-121.85255156">
      </trkpt>
      <trkpt lat="53.36490772" lon="-121.85255155">
      </trkpt>
      <trkpt lat="53.36489292" lon="-121.85255154">
      </trkpt>
      <trkpt lat="53.36486708" lon="-121.85255768">
      </trkpt>
      <trkpt lat="53.36482263" lon="-121.85255764">
      </trkpt>
      <trkpt lat="53.36478183" lon="-121.85256376">
      </trkpt>
      <trkpt lat="53.36474839" lon="-121.8525637">
      </trkpt>
      <trkpt lat="53.36472239" lon="-121.85256367">
      </trkpt>
      <trkpt lat="53.36469273" lon="-121.85256364">
      </trkpt>
      <trkpt lat="53.36467053" lon="-121.85256362">
      </trkpt>
      <trkpt lat="53.36464097" lon="-121.85256978">
      </trkpt>
      <trkpt lat="53.36459655" lon="-121.85256974">
      </trkpt>
      <trkpt lat="53.36456329" lon="-121.85257588">
      </trkpt>
      <trkpt lat="53.36454478" lon="-121.85257587">
      </trkpt>
      <trkpt lat="53.36450404" lon="-121.85257584">
      </trkpt>
      <trkpt lat="53.36447818" lon="-121.85258199">
      </trkpt>
      <trkpt lat="53.36444491" lon="-121.85258814">
      </trkpt>
      <trkpt lat="53.36443009" lon="-121.85258812">
      </trkpt>
      <trkpt lat="53.36440793" lon="-121.85259429">
      </trkpt>
      <trkpt lat="53.36439313" lon="-121.85259428">
      </trkpt>
      <trkpt lat="53.36437839" lon="-121.85260044">
      </trkpt>
      <trkpt lat="53.36435596" lon="-121.85260042">
      </trkpt>
      <trkpt lat="53.3643222" lon="-121.85261273">
      </trkpt>
      <trkpt lat="53.36428837" lon="-121.85261885">
      </trkpt>
      <trkpt lat="53.36428082" lon="-121.85261883">
      </trkpt>
      <trkpt lat="53.36425828" lon="-121.85262498">
      </trkpt>
      <trkpt lat="53.36423195" lon="-121.85263113">
      </trkpt>
      <trkpt lat="53.36421316" lon="-121.85263728">
      </trkpt>
      <trkpt lat="53.36417926" lon="-121.85264342">
      </trkpt>
      <trkpt lat="53.36414912" lon="-121.85264956">
      </trkpt>
      <trkpt lat="53.36413408" lon="-121.85265574">
      </trkpt>
      <trkpt lat="53.36411155" lon="-121.85266808">
      </trkpt>
      <trkpt lat="53.36409643" lon="-121.85266806">
      </trkpt>
      <trkpt lat="53.36406633" lon="-121.85268041">
      </trkpt>
      <trkpt lat="53.36404749" lon="-121.85268658">
      </trkpt>
      <trkpt lat="53.36402857" lon="-121.85268656">
      </trkpt>
      <trkpt lat="53.36401351" lon="-121.85269274">
      </trkpt>
      <trkpt lat="53.36398739" lon="-121.85269892">
      </trkpt>
      <trkpt lat="53.36397266" lon="-121.85270511">
      </trkpt>
      <trkpt lat="53.36395412" lon="-121.85270509">
      </trkpt>
      <trkpt lat="53.36393207" lon="-121.85271748">
      </trkpt>
      <trkpt lat="53.36383396" lon="-121.85276698">
      </trkpt>
      <trkpt lat="53.36382293" lon="-121.85277316">
      </trkpt>
      <trkpt lat="53.36379728" lon="-121.8527979">
      </trkpt>
      <trkpt lat="53.36377892" lon="-121.85281025">
      </trkpt>
      <trkpt lat="53.36376426" lon="-121.85282262">
      </trkpt>
      <trkpt lat="53.36375324" lon="-121.85282879">
      </trkpt>
      <trkpt lat="53.36373495" lon="-121.85284732">
      </trkpt>
      <trkpt lat="53.36370934" lon="-121.85287202">
      </trkpt>
      <trkpt lat="53.36369469" lon="-121.85288437">
      </trkpt>
      <trkpt lat="53.36368006" lon="-121.85289671">
      </trkpt>
      <trkpt lat="53.36363584" lon="-121.85293377">
      </trkpt>
      <trkpt lat="53.36362481" lon="-121.85294611">
      </trkpt>
      <trkpt lat="53.36361007" lon="-121.85295847">
      </trkpt>
      <trkpt lat="53.36358072" lon="-121.8529955">
      </trkpt>
      <trkpt lat="53.36355147" lon="-121.85303868">
      </trkpt>
      <trkpt lat="53.36354425" lon="-121.85305716">
      </trkpt>
      <trkpt lat="53.36351128" lon="-121.85309414">
      </trkpt>
      <trkpt lat="53.36350028" lon="-121.85310648">
      </trkpt>
      <trkpt lat="53.36346726" lon="-121.85314347">
      </trkpt>
      <trkpt lat="53.36345625" lon="-121.85315579">
      </trkpt>
      <trkpt lat="53.36343787" lon="-121.85317429">
      </trkpt>
      <trkpt lat="53.3634232" lon="-121.85319278">
      </trkpt>
      <trkpt lat="53.36340854" lon="-121.85321127">
      </trkpt>
      <trkpt lat="53.36338274" lon="-121.85322977">
      </trkpt>
      <trkpt lat="53.36337544" lon="-121.85324209">
      </trkpt>
      <trkpt lat="53.36336071" lon="-121.85325442">
      </trkpt>
      <trkpt lat="53.36333126" lon="-121.85327292">
      </trkpt>
      <trkpt lat="53.36332033" lon="-121.85328521">
      </trkpt>
      <trkpt lat="53.36330187" lon="-121.85329756">
      </trkpt>
      <trkpt lat="53.36329449" lon="-121.85330373">
      </trkpt>
      <trkpt lat="53.36327978" lon="-121.85332841">
      </trkpt>
      <trkpt lat="53.3632429" lon="-121.85335928">
      </trkpt>
      <trkpt lat="53.36323553" lon="-121.85336543">
      </trkpt>
      <trkpt lat="53.36321715" lon="-121.8533901">
      </trkpt>
      <trkpt lat="53.36319506" lon="-121.85341477">
      </trkpt>
      <trkpt lat="53.36318031" lon="-121.85342713">
      </trkpt>
      <trkpt lat="53.3631693" lon="-121.85344561">
      </trkpt>
      <trkpt lat="53.36314724" lon="-121.85347644">
      </trkpt>
      <trkpt lat="53.36311786" lon="-121.85351959">
      </trkpt>
      <trkpt lat="53.36311044" lon="-121.85351961">
      </trkpt>
      <trkpt lat="53.36309948" lon="-121.85354424">
      </trkpt>
      <trkpt lat="53.36307733" lon="-121.85357511">
      </trkpt>
      <trkpt lat="53.36306619" lon="-121.8535875">
      </trkpt>
      <trkpt lat="53.36305132" lon="-121.85360608">
      </trkpt>
      <trkpt lat="53.36302904" lon="-121.85363086">
      </trkpt>
      <trkpt lat="53.36300305" lon="-121.85366183">
      </trkpt>
      <trkpt lat="53.36296594" lon="-121.85371136">
      </trkpt>
      <trkpt lat="53.36294367" lon="-121.85374231">
      </trkpt>
      <trkpt lat="53.36290647" lon="-121.85377955">
      </trkpt>
      <trkpt lat="53.36288786" lon="-121.85380436">
      </trkpt>
      <trkpt lat="53.36287295" lon="-121.85382298">
      </trkpt>
      <trkpt lat="53.36283567" lon="-121.85386647">
      </trkpt>
      <trkpt lat="53.36281707" lon="-121.85389128">
      </trkpt>
      <trkpt lat="53.3628023" lon="-121.85391601">
      </trkpt>
      <trkpt lat="53.3627727" lon="-121.85395312">
      </trkpt>
      <trkpt lat="53.36275049" lon="-121.85397789">
      </trkpt>
      <trkpt lat="53.36273197" lon="-121.85399648">
      </trkpt>
      <trkpt lat="53.36271716" lon="-121.85401505">
      </trkpt>
      <trkpt lat="53.36269867" lon="-121.8540398">
      </trkpt>
      <trkpt lat="53.36268013" lon="-121.85405221">
      </trkpt>
      <trkpt lat="53.36266904" lon="-121.85407076">
      </trkpt>
      <trkpt lat="53.3626542" lon="-121.85408317">
      </trkpt>
      <trkpt lat="53.36263196" lon="-121.85410178">
      </trkpt>
      <trkpt lat="53.36260601" lon="-121.85412657">
      </trkpt>
      <trkpt lat="53.36258745" lon="-121.854139">
      </trkpt>
      <trkpt lat="53.36256161" lon="-121.85416373">
      </trkpt>
      <trkpt lat="53.36254322" lon="-121.85417605">
      </trkpt>
      <trkpt lat="53.36252515" lon="-121.85420668">
      </trkpt>
      <trkpt lat="53.36251048" lon="-121.85421897">
      </trkpt>
      <trkpt lat="53.36249581" lon="-121.85423126">
      </trkpt>
      <trkpt lat="53.36246637" lon="-121.85425593">
      </trkpt>
      <trkpt lat="53.36245169" lon="-121.85427441">
      </trkpt>
      <trkpt lat="53.36242948" lon="-121.85429299">
      </trkpt>
      <trkpt lat="53.36240363" lon="-121.85431771">
      </trkpt>
      <trkpt lat="53.36237053" lon="-121.85434854">
      </trkpt>
      <trkpt lat="53.36236317" lon="-121.85435471">
      </trkpt>
      <trkpt lat="53.36233372" lon="-121.85437936">
      </trkpt>
      <trkpt lat="53.36231539" lon="-121.85439781">
      </trkpt>
      <trkpt lat="53.36229335" lon="-121.85442245">
      </trkpt>
      <trkpt lat="53.36227864" lon="-121.85444095">
      </trkpt>
      <trkpt lat="53.36225663" lon="-121.85446557">
      </trkpt>
      <trkpt lat="53.3622458" lon="-121.85447775">
      </trkpt>
      <trkpt lat="53.36222425" lon="-121.8545082">
      </trkpt>
      <trkpt lat="53.36220619" lon="-121.85452644">
      </trkpt>
      <trkpt lat="53.36219537" lon="-121.85453861">
      </trkpt>
      <trkpt lat="53.36218099" lon="-121.85455686">
      </trkpt>
      <trkpt lat="53.36217027" lon="-121.85457511">
      </trkpt>
      <trkpt lat="53.36213427" lon="-121.85461767">
      </trkpt>
      <trkpt lat="53.36211575" lon="-121.85464242">
      </trkpt>
      <trkpt lat="53.36209345" lon="-121.85466725">
      </trkpt>
      <trkpt lat="53.36207482" lon="-121.85468592">
      </trkpt>
      <trkpt lat="53.36206367" lon="-121.85469833">
      </trkpt>
      <trkpt lat="53.3620302" lon="-121.8547356">
      </trkpt>
      <trkpt lat="53.36201481" lon="-121.85474845">
      </trkpt>
      <trkpt lat="53.36200323" lon="-121.85476737">
      </trkpt>
      <trkpt lat="53.36198778" lon="-121.85479261">
      </trkpt>
      <trkpt lat="53.36196087" lon="-121.85482436">
      </trkpt>
      <trkpt lat="53.36194549" lon="-121.85484339">
      </trkpt>
      <trkpt lat="53.36190845" lon="-121.85499802">
      </trkpt>
      <trkpt lat="53.36189327" lon="-121.8550231">
      </trkpt>
      <trkpt lat="53.36188583" lon="-121.85504788">
      </trkpt>
      <trkpt lat="53.36187459" lon="-121.85507893">
      </trkpt>
      <trkpt lat="53.36187101" lon="-121.85510357">
      </trkpt>
      <trkpt lat="53.36186379" lon="-121.8551467">
      </trkpt>
      <trkpt lat="53.36185614" lon="-121.85517166">
      </trkpt>
      <trkpt lat="53.36184453" lon="-121.85520925">
      </trkpt>
      <trkpt lat="53.36183686" lon="-121.85525279">
      </trkpt>
      <trkpt lat="53.36183296" lon="-121.85525916">
      </trkpt>
      <trkpt lat="53.36182914" lon="-121.85528401">
      </trkpt>
      <trkpt lat="53.36182151" lon="-121.85533372">
      </trkpt>
      <trkpt lat="53.36181376" lon="-121.8553588">
      </trkpt>
      <trkpt lat="53.36181392" lon="-121.85538961">
      </trkpt>
      <trkpt lat="53.36180616" lon="-121.85541469">
      </trkpt>
      <trkpt lat="53.3617946" lon="-121.85544609">
      </trkpt>
      <trkpt lat="53.36178727" lon="-121.85547078">
      </trkpt>
      <trkpt lat="53.36177994" lon="-121.85549547">
      </trkpt>
      <trkpt lat="53.36177262" lon="-121.85552016">
      </trkpt>
      <trkpt lat="53.36175709" lon="-121.85555803">
      </trkpt>
      <trkpt lat="53.36174927" lon="-121.85558321">
      </trkpt>
      <trkpt lat="53.36173755" lon="-121.85562099">
      </trkpt>
      <trkpt lat="53.36172968" lon="-121.85564004">
      </trkpt>
      <trkpt lat="53.36171396" lon="-121.85567815">
      </trkpt>
      <trkpt lat="53.36170218" lon="-121.85570981">
      </trkpt>
      <trkpt lat="53.36169431" lon="-121.85572889">
      </trkpt>
      <trkpt lat="53.36168644" lon="-121.85574797">
      </trkpt>
      <trkpt lat="53.3616746" lon="-121.85577352">
      </trkpt>
      <trkpt lat="53.36167069" lon="-121.85578614">
      </trkpt>
      <trkpt lat="53.36165088" lon="-121.8558185">
      </trkpt>
      <trkpt lat="53.36163902" lon="-121.85584409">
      </trkpt>
      <trkpt lat="53.36162708" lon="-121.85585736">
      </trkpt>
      <trkpt lat="53.36161152" lon="-121.85589539">
      </trkpt>
      <trkpt lat="53.36159602" lon="-121.85591471">
      </trkpt>
      <trkpt lat="53.36158051" lon="-121.85593406">
      </trkpt>
      <trkpt lat="53.361565" lon="-121.8559534">
      </trkpt>
      <trkpt lat="53.36152616" lon="-121.85599872">
      </trkpt>
      <trkpt lat="53.36152229" lon="-121.85600511">
      </trkpt>
      <trkpt lat="53.36150341" lon="-121.8560241">
      </trkpt>
      <trkpt lat="53.36148474" lon="-121.85604287">
      </trkpt>
      <trkpt lat="53.36147736" lon="-121.85605526">
      </trkpt>
      <trkpt lat="53.36145106" lon="-121.85607423">
      </trkpt>
      <trkpt lat="53.36143998" lon="-121.8560866">
      </trkpt>
      <trkpt lat="53.36140299" lon="-121.85611753">
      </trkpt>
      <trkpt lat="53.36138455" lon="-121.85613605">
      </trkpt>
      <trkpt lat="53.3613734" lon="-121.85614229">
      </trkpt>
      <trkpt lat="53.36135873" lon="-121.85616074">
      </trkpt>
      <trkpt lat="53.3613477" lon="-121.85617306">
      </trkpt>
      <trkpt lat="53.36120883" lon="-121.85624032">
      </trkpt>
      <trkpt lat="53.36118646" lon="-121.85625278">
      </trkpt>
      <trkpt lat="53.36116023" lon="-121.85627148">
      </trkpt>
      <trkpt lat="53.36112284" lon="-121.85629642">
      </trkpt>
      <trkpt lat="53.36111165" lon="-121.85630265">
      </trkpt>
      <trkpt lat="53.36108928" lon="-121.8563151">
      </trkpt>
      <trkpt lat="53.36107426" lon="-121.85632759">
      </trkpt>
      <trkpt lat="53.36105906" lon="-121.85634633">
      </trkpt>
      <trkpt lat="53.36103652" lon="-121.85636503">
      </trkpt>
      <trkpt lat="53.36101767" lon="-121.85638376">
      </trkpt>
      <trkpt lat="53.36100632" lon="-121.85639625">
      </trkpt>
      <trkpt lat="53.36096904" lon="-121.85643356">
      </trkpt>
      <trkpt lat="53.36094331" lon="-121.85645211">
      </trkpt>
      <trkpt lat="53.36092851" lon="-121.85647073">
      </trkpt>
      <trkpt lat="53.36091386" lon="-121.8564769">
      </trkpt>
      <trkpt lat="53.36089914" lon="-121.85648928">
      </trkpt>
      <trkpt lat="53.36088433" lon="-121.85650791">
      </trkpt>
      <trkpt lat="53.36085844" lon="-121.85653894">
      </trkpt>
      <trkpt lat="53.36084379" lon="-121.8565451">
      </trkpt>
      <trkpt lat="53.36081416" lon="-121.85657615">
      </trkpt>
      <trkpt lat="53.36080311" lon="-121.85658234">
      </trkpt>
      <trkpt lat="53.36078085" lon="-121.85660719">
      </trkpt>
      <trkpt lat="53.36076981" lon="-121.8566196">
      </trkpt>
      <trkpt lat="53.36074791" lon="-121.85663194">
      </trkpt>
      <trkpt lat="53.36073316" lon="-121.85665056">
      </trkpt>
      <trkpt lat="53.36071479" lon="-121.85666916">
      </trkpt>
      <trkpt lat="53.36068916" lon="-121.85668773">
      </trkpt>
      <trkpt lat="53.36067094" lon="-121.85669387">
      </trkpt>
      <trkpt lat="53.36064876" lon="-121.85672494">
      </trkpt>
      <trkpt lat="53.36063771" lon="-121.85673736">
      </trkpt>
      <trkpt lat="53.36062667" lon="-121.85674977">
      </trkpt>
      <trkpt lat="53.36060831" lon="-121.8567746">
      </trkpt>
      <trkpt lat="53.36059714" lon="-121.8568057">
      </trkpt>
      <trkpt lat="53.36058977" lon="-121.85681812">
      </trkpt>
      <trkpt lat="53.36057497" lon="-121.85685543">
      </trkpt>
      <trkpt lat="53.36056395" lon="-121.85689272">
      </trkpt>
      <trkpt lat="53.3605532" lon="-121.85691757">
      </trkpt>
      <trkpt lat="53.36054604" lon="-121.85693619">
      </trkpt>
      <trkpt lat="53.36053528" lon="-121.85696104">
      </trkpt>
      <trkpt lat="53.36053171" lon="-121.85697349">
      </trkpt>
      <trkpt lat="53.36052095" lon="-121.85699835">
      </trkpt>
      <trkpt lat="53.36050659" lon="-121.85703567">
      </trkpt>
      <trkpt lat="53.360503" lon="-121.85704812">
      </trkpt>
      <trkpt lat="53.36048852" lon="-121.85707923">
      </trkpt>
      <trkpt lat="53.3604699" lon="-121.85711037">
      </trkpt>
      <trkpt lat="53.36045486" lon="-121.8571415">
      </trkpt>
      <trkpt lat="53.36044742" lon="-121.85715395">
      </trkpt>
      <trkpt lat="53.36042854" lon="-121.85719752">
      </trkpt>
      <trkpt lat="53.36042083" lon="-121.85722241">
      </trkpt>
      <trkpt lat="53.36040954" lon="-121.85725353">
      </trkpt>
      <trkpt lat="53.36039085" lon="-121.85730331">
      </trkpt>
      <trkpt lat="53.36038694" lon="-121.85732196">
      </trkpt>
      <trkpt lat="53.36037545" lon="-121.85736548">
      </trkpt>
      <trkpt lat="53.36036774" lon="-121.85739656">
      </trkpt>
      <trkpt lat="53.36036383" lon="-121.85741519">
      </trkpt>
      <trkpt lat="53.36036025" lon="-121.85745876">
      </trkpt>
      <trkpt lat="53.36035315" lon="-121.8574837">
      </trkpt>
      <trkpt lat="53.36035295" lon="-121.85749612">
      </trkpt>
      <trkpt lat="53.36034549" lon="-121.85752722">
      </trkpt>
      <trkpt lat="53.36034142" lon="-121.85756447">
      </trkpt>
      <trkpt lat="53.36033409" lon="-121.85758938">
      </trkpt>
      <trkpt lat="53.36033416" lon="-121.85760806">
      </trkpt>
      <trkpt lat="53.3603273" lon="-121.85763933">
      </trkpt>
      <trkpt lat="53.36031699" lon="-121.85767691">
      </trkpt>
      <trkpt lat="53.36030673" lon="-121.85773322">
      </trkpt>
      <trkpt lat="53.3602999" lon="-121.85777703">
      </trkpt>
      <trkpt lat="53.36029303" lon="-121.8578084">
      </trkpt>
      <trkpt lat="53.3602827" lon="-121.85785235">
      </trkpt>
      <trkpt lat="53.36027578" lon="-121.85788999">
      </trkpt>
      <trkpt lat="53.36026883" lon="-121.85790891">
      </trkpt>
      <trkpt lat="53.36026187" lon="-121.85796529">
      </trkpt>
      <trkpt lat="53.36025839" lon="-121.8579966">
      </trkpt>
      <trkpt lat="53.36025142" lon="-121.8580343">
      </trkpt>
      <trkpt lat="53.36024794" lon="-121.85807189">
      </trkpt>
      <trkpt lat="53.36024076" lon="-121.85810951">
      </trkpt>
      <trkpt lat="53.36023713" lon="-121.85814079">
      </trkpt>
      <trkpt lat="53.3602299" lon="-121.85818464">
      </trkpt>
      <trkpt lat="53.36022628" lon="-121.85820969">
      </trkpt>
      <trkpt lat="53.36022265" lon="-121.85823476">
      </trkpt>
      <trkpt lat="53.36021542" lon="-121.85825988">
      </trkpt>
      <trkpt lat="53.36020456" lon="-121.85829758">
      </trkpt>
      <trkpt lat="53.36019334" lon="-121.85836005">
      </trkpt>
      <trkpt lat="53.36018955" lon="-121.85837877">
      </trkpt>
      <trkpt lat="53.36018562" lon="-121.85840987">
      </trkpt>
      <trkpt lat="53.3601744" lon="-121.85845359">
      </trkpt>
      <trkpt lat="53.36016669" lon="-121.85850338">
      </trkpt>
      <trkpt lat="53.36015177" lon="-121.85857211">
      </trkpt>
      <trkpt lat="53.36014811" lon="-121.85858466">
      </trkpt>
      <trkpt lat="53.36014079" lon="-121.85860978">
      </trkpt>
      <trkpt lat="53.36013699" lon="-121.85864095">
      </trkpt>
      <trkpt lat="53.360126" lon="-121.85867863">
      </trkpt>
      <trkpt lat="53.36011867" lon="-121.85870374">
      </trkpt>
      <trkpt lat="53.36010769" lon="-121.85874143">
      </trkpt>
      <trkpt lat="53.36009298" lon="-121.85878539">
      </trkpt>
      <trkpt lat="53.36008189" lon="-121.85881675">
      </trkpt>
      <trkpt lat="53.36007074" lon="-121.85884806">
      </trkpt>
      <trkpt lat="53.36005933" lon="-121.85889159">
      </trkpt>
      <trkpt lat="53.360048" lon="-121.85892895">
      </trkpt>
      <trkpt lat="53.36004406" lon="-121.85895372">
      </trkpt>
      <trkpt lat="53.36003658" lon="-121.85897869">
      </trkpt>
      <trkpt lat="53.36002548" lon="-121.85901005">
      </trkpt>
      <trkpt lat="53.36001432" lon="-121.85904759">
      </trkpt>
      <trkpt lat="53.35999942" lon="-121.85909137">
      </trkpt>
      <trkpt lat="53.35999551" lon="-121.85911614">
      </trkpt>
      <trkpt lat="53.35997684" lon="-121.85917237">
      </trkpt>
      <trkpt lat="53.35997309" lon="-121.85918486">
      </trkpt>
      <trkpt lat="53.35995092" lon="-121.85923513">
      </trkpt>
      <trkpt lat="53.35993975" lon="-121.85926641">
      </trkpt>
      <trkpt lat="53.359936" lon="-121.85927889">
      </trkpt>
      <trkpt lat="53.35992116" lon="-121.85931651">
      </trkpt>
      <trkpt lat="53.35991367" lon="-121.85934146">
      </trkpt>
      <trkpt lat="53.35990258" lon="-121.85936662">
      </trkpt>
      <trkpt lat="53.35988773" lon="-121.85940424">
      </trkpt>
      <trkpt lat="53.35986936" lon="-121.85943596">
      </trkpt>
      <trkpt lat="53.35985106" lon="-121.85946153">
      </trkpt>
      <trkpt lat="53.35984731" lon="-121.85947402">
      </trkpt>
      <trkpt lat="53.35982907" lon="-121.85949349">
      </trkpt>
      <trkpt lat="53.35981435" lon="-121.85951889">
      </trkpt>
      <trkpt lat="53.35980707" lon="-121.85952544">
      </trkpt>
      <trkpt lat="53.35978466" lon="-121.85956299">
      </trkpt>
      <trkpt lat="53.35975457" lon="-121.85960641">
      </trkpt>
      <trkpt lat="53.35973216" lon="-121.85963145">
      </trkpt>
      <trkpt lat="53.35971355" lon="-121.8596503">
      </trkpt>
      <trkpt lat="53.35969126" lon="-121.85966931">
      </trkpt>
      <trkpt lat="53.35967994" lon="-121.85968783">
      </trkpt>
      <trkpt lat="53.35965388" lon="-121.85971304">
      </trkpt>
      <trkpt lat="53.35963877" lon="-121.85973772">
      </trkpt>
      <trkpt lat="53.35958659" lon="-121.8597817">
      </trkpt>
      <trkpt lat="53.35957168" lon="-121.85979428">
      </trkpt>
      <trkpt lat="53.35955281" lon="-121.85981885">
      </trkpt>
      <trkpt lat="53.35954141" lon="-121.85983716">
      </trkpt>
      <trkpt lat="53.35951905" lon="-121.85985601">
      </trkpt>
      <trkpt lat="53.35950048" lon="-121.85986876">
      </trkpt>
      <trkpt lat="53.35949682" lon="-121.85986895">
      </trkpt>
      <trkpt lat="53.35945954" lon="-121.85990037">
      </trkpt>
      <trkpt lat="53.35943703" lon="-121.85992512">
      </trkpt>
      <trkpt lat="53.35942237" lon="-121.85992586">
      </trkpt>
      <trkpt lat="53.35940743" lon="-121.85993838">
      </trkpt>
      <trkpt lat="53.35938516" lon="-121.85995129">
      </trkpt>
      <trkpt lat="53.3593592" lon="-121.85996437">
      </trkpt>
      <trkpt lat="53.35934438" lon="-121.859971">
      </trkpt>
      <trkpt lat="53.35933335" lon="-121.85997156">
      </trkpt>
      <trkpt lat="53.35931094" lon="-121.85999037">
      </trkpt>
      <trkpt lat="53.35929242" lon="-121.85999715">
      </trkpt>
      <trkpt lat="53.35927745" lon="-121.86000964">
      </trkpt>
      <trkpt lat="53.35924762" lon="-121.8600287">
      </trkpt>
      <trkpt lat="53.35923266" lon="-121.8600412">
      </trkpt>
      <trkpt lat="53.35920656" lon="-121.86005396">
      </trkpt>
      <trkpt lat="53.35919531" lon="-121.86006012">
      </trkpt>
      <trkpt lat="53.35917663" lon="-121.86006644">
      </trkpt>
      <trkpt lat="53.35915786" lon="-121.86007866">
      </trkpt>
      <trkpt lat="53.35913911" lon="-121.86009096">
      </trkpt>
      <trkpt lat="53.359113" lon="-121.86010995">
      </trkpt>
      <trkpt lat="53.35909448" lon="-121.86011069">
      </trkpt>
      <trkpt lat="53.35907953" lon="-121.86012326">
      </trkpt>
      <trkpt lat="53.35904592" lon="-121.86014855">
      </trkpt>
      <trkpt lat="53.35903844" lon="-121.86015483">
      </trkpt>
      <trkpt lat="53.35900869" lon="-121.8601745">
      </trkpt>
      <trkpt lat="53.35899014" lon="-121.86018784">
      </trkpt>
      <trkpt lat="53.35897529" lon="-121.86019474">
      </trkpt>
      <trkpt lat="53.3589493" lon="-121.86021468">
      </trkpt>
      <trkpt lat="53.35891211" lon="-121.86025395">
      </trkpt>
      <trkpt lat="53.35888975" lon="-121.86027983">
      </trkpt>
      <trkpt lat="53.35886359" lon="-121.86031176">
      </trkpt>
      <trkpt lat="53.35884118" lon="-121.8603374">
      </trkpt>
      <trkpt lat="53.35883371" lon="-121.86035014">
      </trkpt>
      <trkpt lat="53.35881128" lon="-121.86038219">
      </trkpt>
      <trkpt lat="53.35880008" lon="-121.86039513">
      </trkpt>
      <trkpt lat="53.35877765" lon="-121.86042719">
      </trkpt>
      <trkpt lat="53.35875898" lon="-121.86044055">
      </trkpt>
      <trkpt lat="53.35872907" lon="-121.86047304">
      </trkpt>
      <trkpt lat="53.35871412" lon="-121.8604862">
      </trkpt>
      <trkpt lat="53.35869541" lon="-121.86050576">
      </trkpt>
      <trkpt lat="53.35868419" lon="-121.86051255">
      </trkpt>
      <trkpt lat="53.35865797" lon="-121.86053872">
      </trkpt>
      <trkpt lat="53.35862425" lon="-121.8605715">
      </trkpt>
      <trkpt lat="53.3586055" lon="-121.86058473">
      </trkpt>
      <trkpt lat="53.35858674" lon="-121.86059795">
      </trkpt>
      <trkpt lat="53.35856797" lon="-121.86061117">
      </trkpt>
      <trkpt lat="53.35855296" lon="-121.86062423">
      </trkpt>
      <trkpt lat="53.35852666" lon="-121.86064398">
      </trkpt>
      <trkpt lat="53.35850788" lon="-121.86065102">
      </trkpt>
      <trkpt lat="53.35848533" lon="-121.86065821">
      </trkpt>
      <trkpt lat="53.358459" lon="-121.86067178">
      </trkpt>
      <trkpt lat="53.35843642" lon="-121.8606852">
      </trkpt>
      <trkpt lat="53.35839124" lon="-121.86070584">
      </trkpt>
      <trkpt lat="53.35837617" lon="-121.86071272">
      </trkpt>
      <trkpt lat="53.35834979" lon="-121.86072582">
      </trkpt>
      <trkpt lat="53.35830838" lon="-121.8607376">
      </trkpt>
      <trkpt lat="53.35829332" lon="-121.86074979">
      </trkpt>
      <trkpt lat="53.35827074" lon="-121.86075566">
      </trkpt>
      <trkpt lat="53.35825569" lon="-121.86076163">
      </trkpt>
      <trkpt lat="53.35823687" lon="-121.86076133">
      </trkpt>
      <trkpt lat="53.35822935" lon="-121.86076742">
      </trkpt>
      <trkpt lat="53.35820303" lon="-121.86077321">
      </trkpt>
      <trkpt lat="53.35819551" lon="-121.8607793">
      </trkpt>
      <trkpt lat="53.35816543" lon="-121.86078504">
      </trkpt>
      <trkpt lat="53.3581504" lon="-121.86079101">
      </trkpt>
      <trkpt lat="53.3581241" lon="-121.86080301">
      </trkpt>
      <trkpt lat="53.35810157" lon="-121.86080885">
      </trkpt>
      <trkpt lat="53.35808654" lon="-121.86081482">
      </trkpt>
      <trkpt lat="53.35806401" lon="-121.86082065">
      </trkpt>
      <trkpt lat="53.35804899" lon="-121.86082663">
      </trkpt>
      <trkpt lat="53.35800017" lon="-121.86083852">
      </trkpt>
      <trkpt lat="53.35795873" lon="-121.86084544">
      </trkpt>
      <trkpt lat="53.35792866" lon="-121.86085787">
      </trkpt>
      <trkpt lat="53.35790235" lon="-121.86086408">
      </trkpt>
      <trkpt lat="53.35788734" lon="-121.86087014">
      </trkpt>
      <trkpt lat="53.35786103" lon="-121.86087635">
      </trkpt>
      <trkpt lat="53.35783849" lon="-121.86088243">
      </trkpt>
      <trkpt lat="53.35782352" lon="-121.86088826">
      </trkpt>
      <trkpt lat="53.35780487" lon="-121.8608999">
      </trkpt>
      <trkpt lat="53.35779367" lon="-121.86090572">
      </trkpt>
      <trkpt lat="53.35777127" lon="-121.86091737">
      </trkpt>
      <trkpt lat="53.35774131" lon="-121.86092936">
      </trkpt>
      <trkpt lat="53.3577036" lon="-121.86094895">
      </trkpt>
      <trkpt lat="53.35766593" lon="-121.86097461">
      </trkpt>
      <trkpt lat="53.35765083" lon="-121.86098124">
      </trkpt>
      <trkpt lat="53.35763198" lon="-121.86099407">
      </trkpt>
      <trkpt lat="53.35760935" lon="-121.86100703">
      </trkpt>
      <trkpt lat="53.3575905" lon="-121.86101987">
      </trkpt>
      <trkpt lat="53.35756428" lon="-121.86103825">
      </trkpt>
      <trkpt lat="53.35754166" lon="-121.86104487">
      </trkpt>
      <trkpt lat="53.35751193" lon="-121.86107482">
      </trkpt>
      <trkpt lat="53.35749321" lon="-121.86108706">
      </trkpt>
      <trkpt lat="53.35747071" lon="-121.86109943">
      </trkpt>
      <trkpt lat="53.35745201" lon="-121.86111167">
      </trkpt>
      <trkpt lat="53.35742598" lon="-121.86113569">
      </trkpt>
      <trkpt lat="53.35741094" lon="-121.86114201">
      </trkpt>
      <trkpt lat="53.35738494" lon="-121.86116602">
      </trkpt>
      <trkpt lat="53.3573775" lon="-121.86117206">
      </trkpt>
      <trkpt lat="53.35734408" lon="-121.86120203">
      </trkpt>
      <trkpt lat="53.35732515" lon="-121.86120893">
      </trkpt>
      <trkpt lat="53.35731762" lon="-121.86121528">
      </trkpt>
      <trkpt lat="53.35729142" lon="-121.86124638">
      </trkpt>
      <trkpt lat="53.35727268" lon="-121.86125884">
      </trkpt>
      <trkpt lat="53.35724652" lon="-121.86128355">
      </trkpt>
      <trkpt lat="53.35723526" lon="-121.86128982">
      </trkpt>
      <trkpt lat="53.3572203" lon="-121.86130221">
      </trkpt>
      <trkpt lat="53.35720163" lon="-121.86132073">
      </trkpt>
      <trkpt lat="53.35717548" lon="-121.86134543">
      </trkpt>
      <trkpt lat="53.35715681" lon="-121.86136393">
      </trkpt>
      <trkpt lat="53.35705241" lon="-121.86147486">
      </trkpt>
      <trkpt lat="53.35702636" lon="-121.8615056">
      </trkpt>
      <trkpt lat="53.35700779" lon="-121.86153014">
      </trkpt>
      <trkpt lat="53.35697798" lon="-121.86156724">
      </trkpt>
      <trkpt lat="53.35696301" lon="-121.86159226">
      </trkpt>
      <trkpt lat="53.35694422" lon="-121.86161748">
      </trkpt>
      <trkpt lat="53.3569068" lon="-121.86168">
      </trkpt>
      <trkpt lat="53.35689558" lon="-121.86169877">
      </trkpt>
      <trkpt lat="53.35687344" lon="-121.86172904">
      </trkpt>
      <trkpt lat="53.35686638" lon="-121.86174657">
      </trkpt>
      <trkpt lat="53.35684788" lon="-121.8617647">
      </trkpt>
      <trkpt lat="53.35683319" lon="-121.86178261">
      </trkpt>
      <trkpt lat="53.35681837" lon="-121.86180098">
      </trkpt>
      <trkpt lat="53.35679225" lon="-121.86182576">
      </trkpt>
      <trkpt lat="53.3567773" lon="-121.86183823">
      </trkpt>
      <trkpt lat="53.35676234" lon="-121.86185068">
      </trkpt>
      <trkpt lat="53.35674749" lon="-121.86186912">
      </trkpt>
      <trkpt lat="53.35674371" lon="-121.86186924">
      </trkpt>
      <trkpt lat="53.35671769" lon="-121.8619">
      </trkpt>
      <trkpt lat="53.35670285" lon="-121.86191843">
      </trkpt>
      <trkpt lat="53.35668422" lon="-121.86193699">
      </trkpt>
      <trkpt lat="53.35666549" lon="-121.86194956">
      </trkpt>
      <trkpt lat="53.35664307" lon="-121.86196823">
      </trkpt>
      <trkpt lat="53.35661708" lon="-121.86199898">
      </trkpt>
      <trkpt lat="53.35659845" lon="-121.86201752">
      </trkpt>
      <trkpt lat="53.35657605" lon="-121.86203619">
      </trkpt>
      <trkpt lat="53.35654995" lon="-121.86206098">
      </trkpt>
      <trkpt lat="53.35653875" lon="-121.86207344">
      </trkpt>
      <trkpt lat="53.35650132" lon="-121.86211101">
      </trkpt>
      <trkpt lat="53.35648247" lon="-121.86212392">
      </trkpt>
      <trkpt lat="53.35647141" lon="-121.86214226">
      </trkpt>
      <trkpt lat="53.35644547" lon="-121.86215412">
      </trkpt>
      <trkpt lat="53.35643469" lon="-121.86217177">
      </trkpt>
      <trkpt lat="53.35640895" lon="-121.86218941">
      </trkpt>
      <trkpt lat="53.35638338" lon="-121.86221292">
      </trkpt>
      <trkpt lat="53.35635387" lon="-121.86223069">
      </trkpt>
      <trkpt lat="53.35633549" lon="-121.86224869">
      </trkpt>
      <trkpt lat="53.35630965" lon="-121.86226667">
      </trkpt>
      <trkpt lat="53.35629491" lon="-121.86227865">
      </trkpt>
      <trkpt lat="53.35628018" lon="-121.86229062">
      </trkpt>
      <trkpt lat="53.35625435" lon="-121.86230859">
      </trkpt>
      <trkpt lat="53.35625073" lon="-121.86231459">
      </trkpt>
      <trkpt lat="53.35622854" lon="-121.86232656">
      </trkpt>
      <trkpt lat="53.35621008" lon="-121.86233853">
      </trkpt>
      <trkpt lat="53.3561991" lon="-121.8623505">
      </trkpt>
      <trkpt lat="53.3561733" lon="-121.86236845">
      </trkpt>
      <trkpt lat="53.3561586" lon="-121.86238041">
      </trkpt>
      <trkpt lat="53.35614016" lon="-121.86239237">
      </trkpt>
      <trkpt lat="53.35611799" lon="-121.86240432">
      </trkpt>
      <trkpt lat="53.35610692" lon="-121.86241025">
      </trkpt>
      <trkpt lat="53.35608854" lon="-121.86242212">
      </trkpt>
      <trkpt lat="53.35606289" lon="-121.86244601">
      </trkpt>
      <trkpt lat="53.3560408" lon="-121.86245784">
      </trkpt>
      <trkpt lat="53.35603337" lon="-121.86245775">
      </trkpt>
      <trkpt lat="53.356015" lon="-121.86246962">
      </trkpt>
      <trkpt lat="53.35599662" lon="-121.86248149">
      </trkpt>
      <trkpt lat="53.35597454" lon="-121.86249331">
      </trkpt>
      <trkpt lat="53.35593781" lon="-121.86251704">
      </trkpt>
      <trkpt lat="53.35590845" lon="-121.86253474">
      </trkpt>
      <trkpt lat="53.35588274" lon="-121.86254636">
      </trkpt>
      <trkpt lat="53.35586805" lon="-121.86255215">
      </trkpt>
      <trkpt lat="53.35583856" lon="-121.86255771">
      </trkpt>
      <trkpt lat="53.35582027" lon="-121.86256943">
      </trkpt>
      <trkpt lat="53.35579449" lon="-121.86257504">
      </trkpt>
      <trkpt lat="53.3557761" lon="-121.86258075">
      </trkpt>
      <trkpt lat="53.35575033" lon="-121.86258636">
      </trkpt>
      <trkpt lat="53.35573565" lon="-121.86259213">
      </trkpt>
      <trkpt lat="53.35572086" lon="-121.8625919">
      </trkpt>
      <trkpt lat="53.35569869" lon="-121.86259156">
      </trkpt>
      <trkpt lat="53.35568029" lon="-121.86259732">
      </trkpt>
      <trkpt lat="53.35565028" lon="-121.86259775">
      </trkpt>
      <trkpt lat="53.35563152" lon="-121.86259801">
      </trkpt>
      <trkpt lat="53.35560525" lon="-121.86259839">
      </trkpt>
      <trkpt lat="53.35559008" lon="-121.86259269">
      </trkpt>
      <trkpt lat="53.35556739" lon="-121.86258709">
      </trkpt>
      <trkpt lat="53.35555237" lon="-121.8625873">
      </trkpt>
      <trkpt lat="53.35553718" lon="-121.8625816">
      </trkpt>
      <trkpt lat="53.35552199" lon="-121.8625759">
      </trkpt>
      <trkpt lat="53.35549553" lon="-121.86257035">
      </trkpt>
      <trkpt lat="53.35547282" lon="-121.86256474">
      </trkpt>
      <trkpt lat="53.35545404" lon="-121.86256501">
      </trkpt>
      <trkpt lat="53.35543139" lon="-121.86255927">
      </trkpt>
      <trkpt lat="53.35541235" lon="-121.86255375">
      </trkpt>
      <trkpt lat="53.35538186" lon="-121.86254242">
      </trkpt>
      <trkpt lat="53.35535901" lon="-121.86253702">
      </trkpt>
      <trkpt lat="53.35533999" lon="-121.86253765">
      </trkpt>
      <trkpt lat="53.35533235" lon="-121.86253174">
      </trkpt>
      <trkpt lat="53.35530187" lon="-121.86252659">
      </trkpt>
      <trkpt lat="53.35529045" lon="-121.86252697">
      </trkpt>
      <trkpt lat="53.35526385" lon="-121.86252152">
      </trkpt>
      <trkpt lat="53.35524893" lon="-121.86252151">
      </trkpt>
      <trkpt lat="53.35522276" lon="-121.86251531">
      </trkpt>
      <trkpt lat="53.35520048" lon="-121.86250888">
      </trkpt>
      <trkpt lat="53.3551784" lon="-121.8625021">
      </trkpt>
      <trkpt lat="53.35516367" lon="-121.86250174">
      </trkpt>
      <trkpt lat="53.35514528" lon="-121.86249506">
      </trkpt>
      <trkpt lat="53.3551232" lon="-121.86249454">
      </trkpt>
      <trkpt lat="53.35511217" lon="-121.86248803">
      </trkpt>
      <trkpt lat="53.35502119" lon="-121.86249147">
      </trkpt>
      <trkpt lat="53.35498736" lon="-121.86248514">
      </trkpt>
      <trkpt lat="53.35496861" lon="-121.86248511">
      </trkpt>
      <trkpt lat="53.35494237" lon="-121.86248507">
      </trkpt>
      <trkpt lat="53.35492741" lon="-121.8624788">
      </trkpt>
      <trkpt lat="53.3549087" lon="-121.86247252">
      </trkpt>
      <trkpt lat="53.35488625" lon="-121.86246625">
      </trkpt>
      <trkpt lat="53.35485629" lon="-121.86245997">
      </trkpt>
      <trkpt lat="53.35482632" lon="-121.86245991">
      </trkpt>
      <trkpt lat="53.35478885" lon="-121.86245984">
      </trkpt>
      <trkpt lat="53.35477011" lon="-121.86245981">
      </trkpt>
      <trkpt lat="53.35476259" lon="-121.86246604">
      </trkpt>
      <trkpt lat="53.35474385" lon="-121.86246601">
      </trkpt>
      <trkpt lat="53.35473258" lon="-121.86247224">
      </trkpt>
      <trkpt lat="53.35471385" lon="-121.86247219">
      </trkpt>
      <trkpt lat="53.35468757" lon="-121.86248462">
      </trkpt>
      <trkpt lat="53.35467256" lon="-121.86249084">
      </trkpt>
      <trkpt lat="53.35466132" lon="-121.86249082">
      </trkpt>
      <trkpt lat="53.35463882" lon="-121.86249702">
      </trkpt>
      <trkpt lat="53.35463507" lon="-121.86249701">
      </trkpt>
      <trkpt lat="53.35461632" lon="-121.86250321">
      </trkpt>
      <trkpt lat="53.35459375" lon="-121.86251564">
      </trkpt>
      <trkpt lat="53.35457512" lon="-121.86252809">
      </trkpt>
      <trkpt lat="53.3545533" lon="-121.86254069">
      </trkpt>
      <trkpt lat="53.35453852" lon="-121.86254695">
      </trkpt>
      <trkpt lat="53.35450895" lon="-121.86255947">
      </trkpt>
      <trkpt lat="53.35450161" lon="-121.86255949">
      </trkpt>
      <trkpt lat="53.3544757" lon="-121.86257201">
      </trkpt>
      <trkpt lat="53.35446459" lon="-121.86257826">
      </trkpt>
      <trkpt lat="53.35444236" lon="-121.86259076">
      </trkpt>
      <trkpt lat="53.35442013" lon="-121.86260328">
      </trkpt>
      <trkpt lat="53.35440547" lon="-121.86260333">
      </trkpt>
      <trkpt lat="53.35438349" lon="-121.86261591">
      </trkpt>
      <trkpt lat="53.35437249" lon="-121.86262221">
      </trkpt>
      <trkpt lat="53.3543615" lon="-121.86262851">
      </trkpt>
      <trkpt lat="53.35433949" lon="-121.8626411">
      </trkpt>
      <trkpt lat="53.35432486" lon="-121.86264742">
      </trkpt>
      <trkpt lat="53.35430657" lon="-121.86265378">
      </trkpt>
      <trkpt lat="53.35426981" lon="-121.86267894">
      </trkpt>
      <trkpt lat="53.35425507" lon="-121.86269151">
      </trkpt>
      <trkpt lat="53.35423668" lon="-121.8627041">
      </trkpt>
      <trkpt lat="53.35422566" lon="-121.86271042">
      </trkpt>
      <trkpt lat="53.35421091" lon="-121.86272298">
      </trkpt>
      <trkpt lat="53.35418878" lon="-121.86274184">
      </trkpt>
      <trkpt lat="53.35415926" lon="-121.86276698">
      </trkpt>
      <trkpt lat="53.35413339" lon="-121.86279212">
      </trkpt>
      <trkpt lat="53.35412236" lon="-121.86279844">
      </trkpt>
      <trkpt lat="53.35410759" lon="-121.86281102">
      </trkpt>
      <trkpt lat="53.3540964" lon="-121.86282981">
      </trkpt>
      <trkpt lat="53.35408521" lon="-121.86285485">
      </trkpt>
      <trkpt lat="53.3540668" lon="-121.86287375">
      </trkpt>
      <trkpt lat="53.35403365" lon="-121.86290528">
      </trkpt>
      <trkpt lat="53.3540152" lon="-121.86293044">
      </trkpt>
      <trkpt lat="53.35400044" lon="-121.86294935">
      </trkpt>
      <trkpt lat="53.35397831" lon="-121.86297455">
      </trkpt>
      <trkpt lat="53.35389623" lon="-121.86308332">
      </trkpt>
      <trkpt lat="53.35388066" lon="-121.863122">
      </trkpt>
      <trkpt lat="53.35386905" lon="-121.86314136">
      </trkpt>
      <trkpt lat="53.35386144" lon="-121.86317372">
      </trkpt>
      <trkpt lat="53.3538501" lon="-121.86319322">
      </trkpt>
      <trkpt lat="53.35383886" lon="-121.8632322">
      </trkpt>
      <trkpt lat="53.35381982" lon="-121.86325822">
      </trkpt>
      <trkpt lat="53.35381191" lon="-121.86328394">
      </trkpt>
      <trkpt lat="53.3538042" lon="-121.8632904">
      </trkpt>
      <trkpt lat="53.35378476" lon="-121.86332261">
      </trkpt>
      <trkpt lat="53.35376547" lon="-121.86334198">
      </trkpt>
      <trkpt lat="53.35375382" lon="-121.86336132">
      </trkpt>
      <trkpt lat="53.35373828" lon="-121.86338707">
      </trkpt>
      <trkpt lat="53.35372662" lon="-121.86340639">
      </trkpt>
      <trkpt lat="53.35370714" lon="-121.86343853">
      </trkpt>
      <trkpt lat="53.35369931" lon="-121.86345135">
      </trkpt>
      <trkpt lat="53.3536681" lon="-121.86349622">
      </trkpt>
      <trkpt lat="53.35365238" lon="-121.8635282">
      </trkpt>
      <trkpt lat="53.35362511" lon="-121.86356663">
      </trkpt>
      <trkpt lat="53.35360957" lon="-121.86358586">
      </trkpt>
      <trkpt lat="53.35357451" lon="-121.86363704">
      </trkpt>
      <trkpt lat="53.35357062" lon="-121.86364343">
      </trkpt>
      <trkpt lat="53.35354333" lon="-121.86368173">
      </trkpt>
      <trkpt lat="53.35351614" lon="-121.86371366">
      </trkpt>
      <trkpt lat="53.3535045" lon="-121.86372644">
      </trkpt>
      <trkpt lat="53.35348897" lon="-121.86374558">
      </trkpt>
      <trkpt lat="53.35346181" lon="-121.86377748">
      </trkpt>
      <trkpt lat="53.35345" lon="-121.86380287">
      </trkpt>
      <trkpt lat="53.35344228" lon="-121.86380927">
      </trkpt>
      <trkpt lat="53.35342676" lon="-121.8638284">
      </trkpt>
      <trkpt lat="53.35341515" lon="-121.86384115">
      </trkpt>
      <trkpt lat="53.35338409" lon="-121.8638793">
      </trkpt>
      <trkpt lat="53.35337628" lon="-121.86389197">
      </trkpt>
      <trkpt lat="53.35335677" lon="-121.86392364">
      </trkpt>
      <trkpt lat="53.35332597" lon="-121.86395567">
      </trkpt>
      <trkpt lat="53.35331041" lon="-121.86398104">
      </trkpt>
      <trkpt lat="53.35330279" lon="-121.86398119">
      </trkpt>
      <trkpt lat="53.35328734" lon="-121.86400029">
      </trkpt>
      <trkpt lat="53.35326409" lon="-121.86403206">
      </trkpt>
      <trkpt lat="53.35324864" lon="-121.86405114">
      </trkpt>
      <trkpt lat="53.35323319" lon="-121.86407023">
      </trkpt>
      <trkpt lat="53.35321006" lon="-121.86409571">
      </trkpt>
      <trkpt lat="53.35317175" lon="-121.86413449">
      </trkpt>
      <trkpt lat="53.3531526" lon="-121.8641539">
      </trkpt>
      <trkpt lat="53.35313345" lon="-121.86417332">
      </trkpt>
      <trkpt lat="53.35309519" lon="-121.8642059">
      </trkpt>
      <trkpt lat="53.35306837" lon="-121.86423184">
      </trkpt>
      <trkpt lat="53.35305303" lon="-121.86424477">
      </trkpt>
      <trkpt lat="53.35302223" lon="-121.86426378">
      </trkpt>
      <trkpt lat="53.35300298" lon="-121.86427009">
      </trkpt>
      <trkpt lat="53.35298756" lon="-121.86427625">
      </trkpt>
      <trkpt lat="53.35296444" lon="-121.86428234">
      </trkpt>
      <trkpt lat="53.35295285" lon="-121.86428845">
      </trkpt>
      <trkpt lat="53.35292973" lon="-121.86429445">
      </trkpt>
      <trkpt lat="53.35290661" lon="-121.86430045">
      </trkpt>
      <trkpt lat="53.35289119" lon="-121.8643065">
      </trkpt>
      <trkpt lat="53.35286814" lon="-121.86430631">
      </trkpt>
      <trkpt lat="53.35284122" lon="-121.86431227">
      </trkpt>
      <trkpt lat="53.35282585" lon="-121.86431214">
      </trkpt>
      <trkpt lat="53.3528143" lon="-121.86431822">
      </trkpt>
      <trkpt lat="53.35279507" lon="-121.86432424">
      </trkpt>
      <trkpt lat="53.3527874" lon="-121.86432416">
      </trkpt>
      <trkpt lat="53.35277202" lon="-121.86433022">
      </trkpt>
      <trkpt lat="53.35272596" lon="-121.86433601">
      </trkpt>
      <trkpt lat="53.35270293" lon="-121.86434198">
      </trkpt>
      <trkpt lat="53.35267604" lon="-121.86436025">
      </trkpt>
      <trkpt lat="53.35266838" lon="-121.86436019">
      </trkpt>
      <trkpt lat="53.35264921" lon="-121.86436619">
      </trkpt>
      <trkpt lat="53.3526377" lon="-121.86437225">
      </trkpt>
      <trkpt lat="53.35260708" lon="-121.86437198">
      </trkpt>
      <trkpt lat="53.35259941" lon="-121.86437808">
      </trkpt>
      <trkpt lat="53.35255731" lon="-121.86439003">
      </trkpt>
      <trkpt lat="53.35250759" lon="-121.86440177">
      </trkpt>
      <trkpt lat="53.35245031" lon="-121.86440696">
      </trkpt>
      <trkpt lat="53.35241978" lon="-121.8644126">
      </trkpt>
      <trkpt lat="53.3523969" lon="-121.86441835">
      </trkpt>
      <trkpt lat="53.35237784" lon="-121.86441804">
      </trkpt>
      <trkpt lat="53.35236259" lon="-121.86441778">
      </trkpt>
      <trkpt lat="53.35235497" lon="-121.86441766">
      </trkpt>
      <trkpt lat="53.35230547" lon="-121.86442294">
      </trkpt>
      <trkpt lat="53.35229408" lon="-121.86442889">
      </trkpt>
      <trkpt lat="53.35227125" lon="-121.86442851">
      </trkpt>
      <trkpt lat="53.3522218" lon="-121.86442767">
      </trkpt>
      <trkpt lat="53.35219521" lon="-121.86442713">
      </trkpt>
      <trkpt lat="53.35218383" lon="-121.86442684">
      </trkpt>
      <trkpt lat="53.35216482" lon="-121.86442658">
      </trkpt>
      <trkpt lat="53.35213817" lon="-121.86442017">
      </trkpt>
      <trkpt lat="53.35202393" lon="-121.86439447">
      </trkpt>
      <trkpt lat="53.35200493" lon="-121.8643943">
      </trkpt>
      <trkpt lat="53.35197072" lon="-121.864394">
      </trkpt>
      <trkpt lat="53.35195174" lon="-121.8643938">
      </trkpt>
      <trkpt lat="53.35192901" lon="-121.86439341">
      </trkpt>
      <trkpt lat="53.35191385" lon="-121.86439315">
      </trkpt>
      <trkpt lat="53.35188741" lon="-121.86440523">
      </trkpt>
      <trkpt lat="53.35187237" lon="-121.86442378">
      </trkpt>
      <trkpt lat="53.35186108" lon="-121.86443613">
      </trkpt>
      <trkpt lat="53.35182334" lon="-121.86446707">
      </trkpt>
      <trkpt lat="53.35175904" lon="-121.86458063">
      </trkpt>
      <trkpt lat="53.35171385" lon="-121.86471299">
      </trkpt>
      <trkpt lat="53.35170256" lon="-121.86474449">
      </trkpt>
      <trkpt lat="53.35169883" lon="-121.86476336">
      </trkpt>
      <trkpt lat="53.35169524" lon="-121.86478181">
      </trkpt>
      <trkpt lat="53.35169173" lon="-121.86481276">
      </trkpt>
      <trkpt lat="53.35168436" lon="-121.86485658">
      </trkpt>
      <trkpt lat="53.35166946" lon="-121.86491926">
      </trkpt>
      <trkpt lat="53.35166954" lon="-121.86493171">
      </trkpt>
      <trkpt lat="53.35166218" lon="-121.86497546">
      </trkpt>
      <trkpt lat="53.35165104" lon="-121.86502553">
      </trkpt>
      <trkpt lat="53.35164729" lon="-121.86503807">
      </trkpt>
      <trkpt lat="53.35164372" lon="-121.86507544">
      </trkpt>
      <trkpt lat="53.35164027" lon="-121.86512516">
      </trkpt>
      <trkpt lat="53.35163311" lon="-121.86518088">
      </trkpt>
      <trkpt lat="53.35163343" lon="-121.86522424">
      </trkpt>
      <trkpt lat="53.35163002" lon="-121.86528001">
      </trkpt>
      <trkpt lat="53.35162638" lon="-121.86530483">
      </trkpt>
      <trkpt lat="53.35161895" lon="-121.86532973">
      </trkpt>
      <trkpt lat="53.35161174" lon="-121.86538552">
      </trkpt>
      <trkpt lat="53.35161201" lon="-121.86542256">
      </trkpt>
      <trkpt lat="53.35160853" lon="-121.86546584">
      </trkpt>
      <trkpt lat="53.35159743" lon="-121.86553456">
      </trkpt>
      <trkpt lat="53.35159381" lon="-121.86558459">
      </trkpt>
      <trkpt lat="53.35159014" lon="-121.86562211">
      </trkpt>
      <trkpt lat="53.35158647" lon="-121.86565965">
      </trkpt>
      <trkpt lat="53.35157907" lon="-121.86571596">
      </trkpt>
      <trkpt lat="53.3515791" lon="-121.86572219">
      </trkpt>
      <trkpt lat="53.35157168" lon="-121.86577227">
      </trkpt>
      <trkpt lat="53.35156418" lon="-121.86580362">
      </trkpt>
      <trkpt lat="53.35155287" lon="-121.86584782">
      </trkpt>
      <trkpt lat="53.35154919" lon="-121.86590426">
      </trkpt>
      <trkpt lat="53.35154934" lon="-121.86592266">
      </trkpt>
      <trkpt lat="53.35154957" lon="-121.86597862">
      </trkpt>
      <trkpt lat="53.35154958" lon="-121.8659849">
      </trkpt>
      <trkpt lat="53.35154968" lon="-121.86604131">
      </trkpt>
      <trkpt lat="53.35154971" lon="-121.86606011">
      </trkpt>
      <trkpt lat="53.35154984" lon="-121.86612903">
      </trkpt>
      <trkpt lat="53.35154984" lon="-121.86613529">
      </trkpt>
      <trkpt lat="53.35154991" lon="-121.8661729">
      </trkpt>
      <trkpt lat="53.35154989" lon="-121.86622341">
      </trkpt>
      <trkpt lat="53.35154989" lon="-121.86624235">
      </trkpt>
      <trkpt lat="53.35154988" lon="-121.86628023">
      </trkpt>
      <trkpt lat="53.35155005" lon="-121.86632999">
      </trkpt>
      <trkpt lat="53.35155015" lon="-121.86635482">
      </trkpt>
      <trkpt lat="53.35155416" lon="-121.86641052">
      </trkpt>
      <trkpt lat="53.3515618" lon="-121.8664479">
      </trkpt>
      <trkpt lat="53.35156562" lon="-121.8664666">
      </trkpt>
      <trkpt lat="53.35156943" lon="-121.86649163">
      </trkpt>
      <trkpt lat="53.35157703" lon="-121.86654804">
      </trkpt>
      <trkpt lat="53.35158082" lon="-121.86657941">
      </trkpt>
      <trkpt lat="53.35158071" lon="-121.86664287">
      </trkpt>
      <trkpt lat="53.35158455" lon="-121.86665521">
      </trkpt>
      <trkpt lat="53.35158829" lon="-121.86669937">
      </trkpt>
      <trkpt lat="53.35158822" lon="-121.86673122">
      </trkpt>
      <trkpt lat="53.35159198" lon="-121.8667627">
      </trkpt>
      <trkpt lat="53.35159182" lon="-121.86683913">
      </trkpt>
      <trkpt lat="53.35159184" lon="-121.86686421">
      </trkpt>
      <trkpt lat="53.35159239" lon="-121.86691191">
      </trkpt>
      <trkpt lat="53.35159259" lon="-121.86694243">
      </trkpt>
      <trkpt lat="53.351585" lon="-121.86697424">
      </trkpt>
      <trkpt lat="53.35158119" lon="-121.86702482">
      </trkpt>
      <trkpt lat="53.35157025" lon="-121.86706717">
      </trkpt>
      <trkpt lat="53.35156681" lon="-121.86709702">
      </trkpt>
      <trkpt lat="53.3515525" lon="-121.86716884">
      </trkpt>
      <trkpt lat="53.35154158" lon="-121.86720483">
      </trkpt>
      <trkpt lat="53.35153458" lon="-121.86724633">
      </trkpt>
      <trkpt lat="53.35153112" lon="-121.86727">
      </trkpt>
      <trkpt lat="53.3515204" lon="-121.86731754">
      </trkpt>
      <trkpt lat="53.35150602" lon="-121.86737718">
      </trkpt>
      <trkpt lat="53.35149876" lon="-121.86740111">
      </trkpt>
      <trkpt lat="53.35149158" lon="-121.86743089">
      </trkpt>
      <trkpt lat="53.35148812" lon="-121.86745458">
      </trkpt>
      <trkpt lat="53.35148095" lon="-121.86748433">
      </trkpt>
      <trkpt lat="53.3514774" lon="-121.86750212">
      </trkpt>
      <trkpt lat="53.35147024" lon="-121.86753184">
      </trkpt>
      <trkpt lat="53.35146679" lon="-121.86755548">
      </trkpt>
      <trkpt lat="53.35145971" lon="-121.86759101">
      </trkpt>
      <trkpt lat="53.35145634" lon="-121.86762047">
      </trkpt>
      <trkpt lat="53.35144927" lon="-121.86765595">
      </trkpt>
      <trkpt lat="53.35143499" lon="-121.86771516">
      </trkpt>
      <trkpt lat="53.35142049" lon="-121.86775681">
      </trkpt>
      <trkpt lat="53.35141336" lon="-121.86778636">
      </trkpt>
      <trkpt lat="53.35140633" lon="-121.86782171">
      </trkpt>
      <trkpt lat="53.35139919" lon="-121.86785135">
      </trkpt>
      <trkpt lat="53.35139181" lon="-121.86788211">
      </trkpt>
      <trkpt lat="53.35138057" lon="-121.86793234">
      </trkpt>
      <trkpt lat="53.35137304" lon="-121.86795134">
      </trkpt>
      <trkpt lat="53.35136928" lon="-121.86797646">
      </trkpt>
      <trkpt lat="53.35135799" lon="-121.86802685">
      </trkpt>
      <trkpt lat="53.35135448" lon="-121.86806941">
      </trkpt>
      <trkpt lat="53.35135083" lon="-121.86808153">
      </trkpt>
      <trkpt lat="53.35134357" lon="-121.86811174">
      </trkpt>
      <trkpt lat="53.35133278" lon="-121.86816593">
      </trkpt>
      <trkpt lat="53.35132548" lon="-121.86819014">
      </trkpt>
      <trkpt lat="53.3513183" lon="-121.86822618">
      </trkpt>
      <trkpt lat="53.3512872" lon="-121.86840753">
      </trkpt>
      <trkpt lat="53.35128329" lon="-121.86846409">
      </trkpt>
      <trkpt lat="53.35127941" lon="-121.86850807">
      </trkpt>
      <trkpt lat="53.35127533" lon="-121.86861487">
      </trkpt>
      <trkpt lat="53.35127518" lon="-121.86865881">
      </trkpt>
      <trkpt lat="53.35127515" lon="-121.86866511">
      </trkpt>
      <trkpt lat="53.35127501" lon="-121.86870905">
      </trkpt>
      <trkpt lat="53.35127863" lon="-121.86874044">
      </trkpt>
      <trkpt lat="53.35128224" lon="-121.86877183">
      </trkpt>
      <trkpt lat="53.35128578" lon="-121.86882204">
      </trkpt>
      <trkpt lat="53.35128942" lon="-121.86884714">
      </trkpt>
      <trkpt lat="53.35129677" lon="-121.86887224">
      </trkpt>
      <trkpt lat="53.35130046" lon="-121.86889721">
      </trkpt>
      <trkpt lat="53.35130416" lon="-121.86891597">
      </trkpt>
      <trkpt lat="53.35130774" lon="-121.86895985">
      </trkpt>
      <trkpt lat="53.35130754" lon="-121.86899141">
      </trkpt>
      <trkpt lat="53.35131446" lon="-121.86904846">
      </trkpt>
      <trkpt lat="53.3513143" lon="-121.86907368">
      </trkpt>
      <trkpt lat="53.35131786" lon="-121.86911753">
      </trkpt>
      <trkpt lat="53.35132529" lon="-121.8691549">
      </trkpt>
      <trkpt lat="53.35133268" lon="-121.86917365">
      </trkpt>
      <trkpt lat="53.3513327" lon="-121.86918606">
      </trkpt>
      <trkpt lat="53.35134012" lon="-121.86922343">
      </trkpt>
      <trkpt lat="53.3513549" lon="-121.86926095">
      </trkpt>
      <trkpt lat="53.35135861" lon="-121.86928588">
      </trkpt>
      <trkpt lat="53.35136231" lon="-121.86932325">
      </trkpt>
      <trkpt lat="53.35137336" lon="-121.86936074">
      </trkpt>
      <trkpt lat="53.35138811" lon="-121.86941697">
      </trkpt>
      <trkpt lat="53.35139547" lon="-121.86942953">
      </trkpt>
      <trkpt lat="53.35140652" lon="-121.86946081">
      </trkpt>
      <trkpt lat="53.3514139" lon="-121.86949824">
      </trkpt>
      <trkpt lat="53.35143233" lon="-121.86956071">
      </trkpt>
      <trkpt lat="53.35144705" lon="-121.86961069">
      </trkpt>
      <trkpt lat="53.35145074" lon="-121.86962318">
      </trkpt>
      <trkpt lat="53.35146182" lon="-121.86966684">
      </trkpt>
      <trkpt lat="53.35146945" lon="-121.86969765">
      </trkpt>
      <trkpt lat="53.35148088" lon="-121.86974083">
      </trkpt>
      <trkpt lat="53.35149573" lon="-121.8698031">
      </trkpt>
      <trkpt lat="53.35150269" lon="-121.8698535">
      </trkpt>
      <trkpt lat="53.3515134" lon="-121.86989139">
      </trkpt>
      <trkpt lat="53.35152771" lon="-121.86993559">
      </trkpt>
      <trkpt lat="53.35153128" lon="-121.86995444">
      </trkpt>
      <trkpt lat="53.35153859" lon="-121.86997322">
      </trkpt>
      <trkpt lat="53.35154955" lon="-121.87002317">
      </trkpt>
      <trkpt lat="53.3515532" lon="-121.87003567">
      </trkpt>
      <trkpt lat="53.35156782" lon="-121.87007945">
      </trkpt>
      <trkpt lat="53.35157147" lon="-121.87009196">
      </trkpt>
      <trkpt lat="53.35158608" lon="-121.87014194">
      </trkpt>
      <trkpt lat="53.3515969" lon="-121.87017335">
      </trkpt>
      <trkpt lat="53.35161117" lon="-121.87019258">
      </trkpt>
      <trkpt lat="53.3516218" lon="-121.87021794">
      </trkpt>
      <trkpt lat="53.35162531" lon="-121.87023055">
      </trkpt>
      <trkpt lat="53.35163234" lon="-121.87025576">
      </trkpt>
      <trkpt lat="53.35164633" lon="-121.87031863">
      </trkpt>
      <trkpt lat="53.35165683" lon="-121.87036263">
      </trkpt>
      <trkpt lat="53.35166033" lon="-121.87037522">
      </trkpt>
      <trkpt lat="53.35166015" lon="-121.87040639">
      </trkpt>
      <trkpt lat="53.3516662" lon="-121.8705997">
      </trkpt>
      <trkpt lat="53.35166604" lon="-121.8706308">
      </trkpt>
      <trkpt lat="53.35166579" lon="-121.87066196">
      </trkpt>
      <trkpt lat="53.35165825" lon="-121.87069923">
      </trkpt>
      <trkpt lat="53.35165088" lon="-121.87072399">
      </trkpt>
      <trkpt lat="53.35163253" lon="-121.87076727">
      </trkpt>
      <trkpt lat="53.35162142" lon="-121.87079205">
      </trkpt>
      <trkpt lat="53.35161031" lon="-121.87081683">
      </trkpt>
      <trkpt lat="53.35160295" lon="-121.8708292">
      </trkpt>
      <trkpt lat="53.35159906" lon="-121.8708541">
      </trkpt>
      <trkpt lat="53.35158782" lon="-121.87089137">
      </trkpt>
      <trkpt lat="53.35158018" lon="-121.87092868">
      </trkpt>
      <trkpt lat="53.35157276" lon="-121.87094728">
      </trkpt>
      <trkpt lat="53.35155773" lon="-121.87100315">
      </trkpt>
      <trkpt lat="53.3515427" lon="-121.87105902">
      </trkpt>
      <trkpt lat="53.35153528" lon="-121.8710776">
      </trkpt>
      <trkpt lat="53.3515313" lon="-121.87111491">
      </trkpt>
      <trkpt lat="53.35152008" lon="-121.87115213">
      </trkpt>
      <trkpt lat="53.35151627" lon="-121.87117076">
      </trkpt>
      <trkpt lat="53.35150494" lon="-121.87122038">
      </trkpt>
      <trkpt lat="53.35149366" lon="-121.87126381">
      </trkpt>
      <trkpt lat="53.35147516" lon="-121.87130714">
      </trkpt>
      <trkpt lat="53.35146752" lon="-121.87133198">
      </trkpt>
      <trkpt lat="53.35144501" lon="-121.87136303">
      </trkpt>
      <trkpt lat="53.35143368" lon="-121.87138787">
      </trkpt>
      <trkpt lat="53.35142622" lon="-121.87140026">
      </trkpt>
      <trkpt lat="53.35141504" lon="-121.87141885">
      </trkpt>
      <trkpt lat="53.35139636" lon="-121.87145603">
      </trkpt>
      <trkpt lat="53.35138887" lon="-121.87147462">
      </trkpt>
      <trkpt lat="53.351374" lon="-121.8714932">
      </trkpt>
      <trkpt lat="53.35135161" lon="-121.87153654">
      </trkpt>
      <trkpt lat="53.35134043" lon="-121.87155511">
      </trkpt>
      <trkpt lat="53.35132181" lon="-121.87158606">
      </trkpt>
      <trkpt lat="53.35131436" lon="-121.87159843">
      </trkpt>
      <trkpt lat="53.35129578" lon="-121.87162318">
      </trkpt>
      <trkpt lat="53.35127348" lon="-121.87165411">
      </trkpt>
      <trkpt lat="53.35125863" lon="-121.87167267">
      </trkpt>
      <trkpt lat="53.35124382" lon="-121.87168502">
      </trkpt>
      <trkpt lat="53.35122901" lon="-121.8716974">
      </trkpt>
      <trkpt lat="53.35121788" lon="-121.87170975">
      </trkpt>
      <trkpt lat="53.35119567" lon="-121.87172829">
      </trkpt>
      <trkpt lat="53.35117714" lon="-121.87174684">
      </trkpt>
      <trkpt lat="53.35115124" lon="-121.87176536">
      </trkpt>
      <trkpt lat="53.35112904" lon="-121.87178389">
      </trkpt>
      <trkpt lat="53.35110318" lon="-121.87179623">
      </trkpt>
      <trkpt lat="53.35107358" lon="-121.87182094">
      </trkpt>
      <trkpt lat="53.35106249" lon="-121.87182711">
      </trkpt>
      <trkpt lat="53.35103664" lon="-121.87183944">
      </trkpt>
      <trkpt lat="53.35102556" lon="-121.87184561">
      </trkpt>
      <trkpt lat="53.35100342" lon="-121.87185178">
      </trkpt>
      <trkpt lat="53.35097029" lon="-121.87186411">
      </trkpt>
      <trkpt lat="53.35095549" lon="-121.87187643">
      </trkpt>
      <trkpt lat="53.35093345" lon="-121.87187641">
      </trkpt>
      <trkpt lat="53.3509224" lon="-121.87188259">
      </trkpt>
      <trkpt lat="53.35089305" lon="-121.87188256">
      </trkpt>
      <trkpt lat="53.35087106" lon="-121.87188253">
      </trkpt>
      <trkpt lat="53.35085274" lon="-121.8718825">
      </trkpt>
      <trkpt lat="53.3508234" lon="-121.87188245">
      </trkpt>
      <trkpt lat="53.35079396" lon="-121.87188241">
      </trkpt>
      <trkpt lat="53.35077544" lon="-121.87188239">
      </trkpt>
      <trkpt lat="53.35074583" lon="-121.87188238">
      </trkpt>
      <trkpt lat="53.35073101" lon="-121.87188237">
      </trkpt>
      <trkpt lat="53.3507014" lon="-121.87188235">
      </trkpt>
      <trkpt lat="53.3506829" lon="-121.87188234">
      </trkpt>
      <trkpt lat="53.3506718" lon="-121.87188233">
      </trkpt>
      <trkpt lat="53.3506311" lon="-121.87188229">
      </trkpt>
      <trkpt lat="53.35062" lon="-121.87188229">
      </trkpt>
      <trkpt lat="53.35058671" lon="-121.87188227">
      </trkpt>
      <trkpt lat="53.35056083" lon="-121.87188225">
      </trkpt>
      <trkpt lat="53.35054603" lon="-121.87188225">
      </trkpt>
      <trkpt lat="53.35052385" lon="-121.87188222">
      </trkpt>
      <trkpt lat="53.35050537" lon="-121.87188221">
      </trkpt>
      <trkpt lat="53.35048687" lon="-121.87188838">
      </trkpt>
      <trkpt lat="53.35047578" lon="-121.87188837">
      </trkpt>
      <trkpt lat="53.35044991" lon="-121.87188836">
      </trkpt>
      <trkpt lat="53.35042774" lon="-121.87188835">
      </trkpt>
      <trkpt lat="53.35041297" lon="-121.87188833">
      </trkpt>
      <trkpt lat="53.35038709" lon="-121.87189449">
      </trkpt>
      <trkpt lat="53.35036126" lon="-121.87189447">
      </trkpt>
      <trkpt lat="53.35034651" lon="-121.87189446">
      </trkpt>
      <trkpt lat="53.35032436" lon="-121.87190063">
      </trkpt>
      <trkpt lat="53.35028369" lon="-121.87192531">
      </trkpt>
      <trkpt lat="53.35027263" lon="-121.87193146">
      </trkpt>
      <trkpt lat="53.35024682" lon="-121.87194379">
      </trkpt>
      <trkpt lat="53.3502321" lon="-121.87194377">
      </trkpt>
      <trkpt lat="53.3502026" lon="-121.87196227">
      </trkpt>
      <trkpt lat="53.35018415" lon="-121.87197461">
      </trkpt>
      <trkpt lat="53.35016204" lon="-121.87198693">
      </trkpt>
      <trkpt lat="53.3501436" lon="-121.87199926">
      </trkpt>
      <trkpt lat="53.35012148" lon="-121.87200543">
      </trkpt>
      <trkpt lat="53.35010305" lon="-121.87201775">
      </trkpt>
      <trkpt lat="53.35008463" lon="-121.87202391">
      </trkpt>
      <trkpt lat="53.35006988" lon="-121.87203008">
      </trkpt>
      <trkpt lat="53.35005145" lon="-121.87203623">
      </trkpt>
      <trkpt lat="53.35002933" lon="-121.87204856">
      </trkpt>
      <trkpt lat="53.35001457" lon="-121.87206088">
      </trkpt>
      <trkpt lat="53.34999613" lon="-121.87206703">
      </trkpt>
      <trkpt lat="53.34997767" lon="-121.87208552">
      </trkpt>
      <trkpt lat="53.34995924" lon="-121.87210401">
      </trkpt>
      <trkpt lat="53.3499408" lon="-121.87211633">
      </trkpt>
      <trkpt lat="53.34991501" lon="-121.87214718">
      </trkpt>
      <trkpt lat="53.3498929" lon="-121.87215953">
      </trkpt>
      <trkpt lat="53.34985972" lon="-121.87219653">
      </trkpt>
      <trkpt lat="53.34985603" lon="-121.8722027">
      </trkpt>
      <trkpt lat="53.34983023" lon="-121.87222737">
      </trkpt>
      <trkpt lat="53.3498118" lon="-121.87224587">
      </trkpt>
      <trkpt lat="53.34980075" lon="-121.87226437">
      </trkpt>
      <trkpt lat="53.34977126" lon="-121.87229521">
      </trkpt>
      <trkpt lat="53.34974914" lon="-121.8723322">
      </trkpt>
      <trkpt lat="53.34973071" lon="-121.8723507">
      </trkpt>
      <trkpt lat="53.3496828" lon="-121.87242466">
      </trkpt>
      <trkpt lat="53.34966069" lon="-121.87244933">
      </trkpt>
      <trkpt lat="53.34964596" lon="-121.87246781">
      </trkpt>
      <trkpt lat="53.34962753" lon="-121.87248632">
      </trkpt>
      <trkpt lat="53.34961648" lon="-121.8725048">
      </trkpt>
      <trkpt lat="53.34959805" lon="-121.8725233">
      </trkpt>
      <trkpt lat="53.34959069" lon="-121.87254177">
      </trkpt>
      <trkpt lat="53.34955754" lon="-121.87259107">
      </trkpt>
      <trkpt lat="53.34952808" lon="-121.87262805">
      </trkpt>
      <trkpt lat="53.3495207" lon="-121.87264037">
      </trkpt>
      <trkpt lat="53.34949864" lon="-121.87269577">
      </trkpt>
      <trkpt lat="53.34948392" lon="-121.87272655">
      </trkpt>
      <trkpt lat="53.34946554" lon="-121.87278194">
      </trkpt>
      <trkpt lat="53.34945449" lon="-121.87280044">
      </trkpt>
      <trkpt lat="53.34944713" lon="-121.87282508">
      </trkpt>
      <trkpt lat="53.34942502" lon="-121.87286826">
      </trkpt>
      <trkpt lat="53.34941764" lon="-121.87288674">
      </trkpt>
      <trkpt lat="53.3494066" lon="-121.87291755">
      </trkpt>
      <trkpt lat="53.34939554" lon="-121.87293607">
      </trkpt>
      <trkpt lat="53.34938819" lon="-121.87297301">
      </trkpt>
      <trkpt lat="53.34937345" lon="-121.87300385">
      </trkpt>
      <trkpt lat="53.3493624" lon="-121.87303466">
      </trkpt>
      <trkpt lat="53.34935872" lon="-121.87304698">
      </trkpt>
      <trkpt lat="53.34934399" lon="-121.87308395">
      </trkpt>
      <trkpt lat="53.34933293" lon="-121.87310862">
      </trkpt>
      <trkpt lat="53.34932557" lon="-121.87313326">
      </trkpt>
      <trkpt lat="53.34931082" lon="-121.87315794">
      </trkpt>
      <trkpt lat="53.34929612" lon="-121.87321336">
      </trkpt>
      <trkpt lat="53.34928137" lon="-121.87325652">
      </trkpt>
      <trkpt lat="53.34927772" lon="-121.87331189">
      </trkpt>
      <trkpt lat="53.34926666" lon="-121.87334891">
      </trkpt>
      <trkpt lat="53.34925194" lon="-121.87340432">
      </trkpt>
      <trkpt lat="53.3492446" lon="-121.87343505">
      </trkpt>
      <trkpt lat="53.34924093" lon="-121.87344734">
      </trkpt>
      <trkpt lat="53.34922989" lon="-121.87347198">
      </trkpt>
      <trkpt lat="53.34922255" lon="-121.87350888">
      </trkpt>
      <trkpt lat="53.3492115" lon="-121.87354585">
      </trkpt>
      <trkpt lat="53.34920782" lon="-121.87355817">
      </trkpt>
      <trkpt lat="53.34919677" lon="-121.87358899">
      </trkpt>
      <trkpt lat="53.3491857" lon="-121.87361368">
      </trkpt>
      <trkpt lat="53.34917095" lon="-121.8736507">
      </trkpt>
      <trkpt lat="53.34915987" lon="-121.87366311">
      </trkpt>
      <trkpt lat="53.34914881" lon="-121.87369393">
      </trkpt>
      <trkpt lat="53.34914145" lon="-121.87371859">
      </trkpt>
      <trkpt lat="53.34911564" lon="-121.87378643">
      </trkpt>
      <trkpt lat="53.3490972" lon="-121.87382963">
      </trkpt>
      <trkpt lat="53.34909358" lon="-121.87385413">
      </trkpt>
      <trkpt lat="53.34908626" lon="-121.87387248">
      </trkpt>
      <trkpt lat="53.3490754" lon="-121.87392132">
      </trkpt>
      <trkpt lat="53.34906811" lon="-121.87394574">
      </trkpt>
      <trkpt lat="53.34905723" lon="-121.87398846">
      </trkpt>
      <trkpt lat="53.34903896" lon="-121.87404351">
      </trkpt>
      <trkpt lat="53.34903165" lon="-121.87407416">
      </trkpt>
      <trkpt lat="53.34902429" lon="-121.8740865">
      </trkpt>
      <trkpt lat="53.34901698" lon="-121.87411713">
      </trkpt>
      <trkpt lat="53.34899858" lon="-121.87415407">
      </trkpt>
      <trkpt lat="53.34899121" lon="-121.87418491">
      </trkpt>
      <trkpt lat="53.34898011" lon="-121.87422197">
      </trkpt>
      <trkpt lat="53.34897642" lon="-121.87423432">
      </trkpt>
      <trkpt lat="53.34897272" lon="-121.87426516">
      </trkpt>
      <trkpt lat="53.34896533" lon="-121.874296">
      </trkpt>
      <trkpt lat="53.34895799" lon="-121.87432674">
      </trkpt>
      <trkpt lat="53.34893962" lon="-121.87440052">
      </trkpt>
      <trkpt lat="53.34892861" lon="-121.87444969">
      </trkpt>
      <trkpt lat="53.34891389" lon="-121.87449278">
      </trkpt>
      <trkpt lat="53.34889911" lon="-121.87454832">
      </trkpt>
      <trkpt lat="53.34889175" lon="-121.87459759">
      </trkpt>
      <trkpt lat="53.34888438" lon="-121.8746407">
      </trkpt>
      <trkpt lat="53.34886963" lon="-121.87472694">
      </trkpt>
      <trkpt lat="53.34886225" lon="-121.87475778">
      </trkpt>
      <trkpt lat="53.34886228" lon="-121.87477003">
      </trkpt>
      <trkpt lat="53.34885494" lon="-121.87481306">
      </trkpt>
      <trkpt lat="53.3488513" lon="-121.87484988">
      </trkpt>
      <trkpt lat="53.34884394" lon="-121.87488678">
      </trkpt>
      <trkpt lat="53.34884027" lon="-121.87491753">
      </trkpt>
      <trkpt lat="53.34884027" lon="-121.87492985">
      </trkpt>
      <trkpt lat="53.34883656" lon="-121.87496069">
      </trkpt>
      <trkpt lat="53.34882916" lon="-121.87499774">
      </trkpt>
      <trkpt lat="53.34882555" lon="-121.87504059">
      </trkpt>
      <trkpt lat="53.34882196" lon="-121.87507107">
      </trkpt>
      <trkpt lat="53.34882207" lon="-121.87509537">
      </trkpt>
      <trkpt lat="53.34881464" lon="-121.87514481">
      </trkpt>
      <trkpt lat="53.34881464" lon="-121.87515096">
      </trkpt>
      <trkpt lat="53.34881091" lon="-121.87520032">
      </trkpt>
      <trkpt lat="53.34880718" lon="-121.87522509">
      </trkpt>
      <trkpt lat="53.34879964" lon="-121.87525642">
      </trkpt>
      <trkpt lat="53.34879583" lon="-121.87528761">
      </trkpt>
      <trkpt lat="53.34878077" lon="-121.87534411">
      </trkpt>
      <trkpt lat="53.34876944" lon="-121.87539428">
      </trkpt>
      <trkpt lat="53.34876562" lon="-121.87542551">
      </trkpt>
      <trkpt lat="53.34875457" lon="-121.87549943">
      </trkpt>
      <trkpt lat="53.34875087" lon="-121.87551178">
      </trkpt>
      <trkpt lat="53.34873985" lon="-121.87556712">
      </trkpt>
      <trkpt lat="53.34872881" lon="-121.87561636">
      </trkpt>
      <trkpt lat="53.34872143" lon="-121.87565335">
      </trkpt>
      <trkpt lat="53.34872146" lon="-121.87566561">
      </trkpt>
      <trkpt lat="53.34870662" lon="-121.87571525">
      </trkpt>
      <trkpt lat="53.34870292" lon="-121.8757399">
      </trkpt>
      <trkpt lat="53.34868807" lon="-121.87578342">
      </trkpt>
      <trkpt lat="53.34868438" lon="-121.87580809">
      </trkpt>
      <trkpt lat="53.34866213" lon="-121.87587636">
      </trkpt>
      <trkpt lat="53.34865477" lon="-121.87590097">
      </trkpt>
      <trkpt lat="53.34865118" lon="-121.87593145">
      </trkpt>
      <trkpt lat="53.34864765" lon="-121.87597405">
      </trkpt>
      <trkpt lat="53.34864407" lon="-121.87600454">
      </trkpt>
      <trkpt lat="53.34862936" lon="-121.87605375">
      </trkpt>
      <trkpt lat="53.34860728" lon="-121.87614603">
      </trkpt>
      <trkpt lat="53.34859604" lon="-121.87620212">
      </trkpt>
      <trkpt lat="53.34856614" lon="-121.87627137">
      </trkpt>
      <trkpt lat="53.34854751" lon="-121.87632751">
      </trkpt>
      <trkpt lat="53.34854016" lon="-121.87635827">
      </trkpt>
      <trkpt lat="53.34852531" lon="-121.8763833">
      </trkpt>
      <trkpt lat="53.3485105" lon="-121.87641438">
      </trkpt>
      <trkpt lat="53.34849935" lon="-121.87643316">
      </trkpt>
      <trkpt lat="53.34848825" lon="-121.87645798">
      </trkpt>
      <trkpt lat="53.34847339" lon="-121.87648303">
      </trkpt>
      <trkpt lat="53.34845486" lon="-121.87652038">
      </trkpt>
      <trkpt lat="53.34842881" lon="-121.87655819">
      </trkpt>
      <trkpt lat="53.34839906" lon="-121.87660222">
      </trkpt>
      <trkpt lat="53.3483807" lon="-121.87665132">
      </trkpt>
      <trkpt lat="53.34836211" lon="-121.87666415">
      </trkpt>
      <trkpt lat="53.3483511" lon="-121.87669482">
      </trkpt>
      <trkpt lat="53.34833636" lon="-121.87672564">
      </trkpt>
      <trkpt lat="53.34832158" lon="-121.87675041">
      </trkpt>
      <trkpt lat="53.34831419" lon="-121.87676281">
      </trkpt>
      <trkpt lat="53.34829944" lon="-121.87679363">
      </trkpt>
      <trkpt lat="53.34827754" lon="-121.8768423">
      </trkpt>
      <trkpt lat="53.34825908" lon="-121.87687324">
      </trkpt>
      <trkpt lat="53.34824415" lon="-121.87689228">
      </trkpt>
      <trkpt lat="53.34823307" lon="-121.87692318">
      </trkpt>
      <trkpt lat="53.34821827" lon="-121.87694802">
      </trkpt>
      <trkpt lat="53.34821831" lon="-121.87695406">
      </trkpt>
      <trkpt lat="53.34819983" lon="-121.87698504">
      </trkpt>
      <trkpt lat="53.34817396" lon="-121.87702841">
      </trkpt>
      <trkpt lat="53.34817035" lon="-121.87704668">
      </trkpt>
      <trkpt lat="53.34815552" lon="-121.87706543">
      </trkpt>
      <trkpt lat="53.34814456" lon="-121.87710212">
      </trkpt>
      <trkpt lat="53.34812243" lon="-121.87714533">
      </trkpt>
      <trkpt lat="53.3481039" lon="-121.87717028">
      </trkpt>
      <trkpt lat="53.34809659" lon="-121.87719473">
      </trkpt>
      <trkpt lat="53.34808571" lon="-121.87721886">
      </trkpt>
      <trkpt lat="53.34806749" lon="-121.8772491">
      </trkpt>
      <trkpt lat="53.34804926" lon="-121.87727934">
      </trkpt>
      <trkpt lat="53.34803832" lon="-121.87729748">
      </trkpt>
      <trkpt lat="53.34802002" lon="-121.87732177">
      </trkpt>
      <trkpt lat="53.34799452" lon="-121.87736408">
      </trkpt>
      <trkpt lat="53.3479653" lon="-121.87740648">
      </trkpt>
      <trkpt lat="53.34793609" lon="-121.87744887">
      </trkpt>
      <trkpt lat="53.34792516" lon="-121.87746699">
      </trkpt>
      <trkpt lat="53.34789954" lon="-121.87749738">
      </trkpt>
      <trkpt lat="53.34788476" lon="-121.87752214">
      </trkpt>
      <trkpt lat="53.34786271" lon="-121.8775528">
      </trkpt>
      <trkpt lat="53.34784802" lon="-121.87757735">
      </trkpt>
      <trkpt lat="53.34782584" lon="-121.87760838">
      </trkpt>
      <trkpt lat="53.3477999" lon="-121.87763962">
      </trkpt>
      <trkpt lat="53.34777765" lon="-121.87766472">
      </trkpt>
      <trkpt lat="53.34775915" lon="-121.87768959">
      </trkpt>
      <trkpt lat="53.34774065" lon="-121.87771446">
      </trkpt>
      <trkpt lat="53.3477332" lon="-121.87772084">
      </trkpt>
      <trkpt lat="53.34770724" lon="-121.87775211">
      </trkpt>
      <trkpt lat="53.34769988" lon="-121.87776444">
      </trkpt>
      <trkpt lat="53.34762008" lon="-121.87790953">
      </trkpt>
      <trkpt lat="53.34759808" lon="-121.87794024">
      </trkpt>
      <trkpt lat="53.34757955" lon="-121.87797734">
      </trkpt>
      <trkpt lat="53.34757207" lon="-121.87799595">
      </trkpt>
      <trkpt lat="53.34755743" lon="-121.87801433">
      </trkpt>
      <trkpt lat="53.34754269" lon="-121.87803898">
      </trkpt>
      <trkpt lat="53.34753146" lon="-121.87806382">
      </trkpt>
      <trkpt lat="53.34752404" lon="-121.8780762">
      </trkpt>
      <trkpt lat="53.3475091" lon="-121.8781072">
      </trkpt>
      <trkpt lat="53.34750147" lon="-121.87813212">
      </trkpt>
      <trkpt lat="53.34748295" lon="-121.87816304">
      </trkpt>
      <trkpt lat="53.34747183" lon="-121.87818159">
      </trkpt>
      <trkpt lat="53.34746069" lon="-121.87821248">
      </trkpt>
      <trkpt lat="53.34744242" lon="-121.87824316">
      </trkpt>
      <trkpt lat="53.34743865" lon="-121.87826173">
      </trkpt>
      <trkpt lat="53.34741672" lon="-121.87829855">
      </trkpt>
      <trkpt lat="53.34741294" lon="-121.87831712">
      </trkpt>
      <trkpt lat="53.34739826" lon="-121.87834788">
      </trkpt>
      <trkpt lat="53.34738346" lon="-121.87839107">
      </trkpt>
      <trkpt lat="53.34737244" lon="-121.87841571">
      </trkpt>
      <trkpt lat="53.34736134" lon="-121.87844038">
      </trkpt>
      <trkpt lat="53.34735007" lon="-121.87848372">
      </trkpt>
      <trkpt lat="53.34733144" lon="-121.87853936">
      </trkpt>
      <trkpt lat="53.34732022" lon="-121.87857649">
      </trkpt>
      <trkpt lat="53.34731264" lon="-121.87861365">
      </trkpt>
      <trkpt lat="53.34730143" lon="-121.87865074">
      </trkpt>
      <trkpt lat="53.34729391" lon="-121.87868168">
      </trkpt>
      <trkpt lat="53.34729" lon="-121.87871266">
      </trkpt>
      <trkpt lat="53.34728221" lon="-121.87877462">
      </trkpt>
      <trkpt lat="53.34727852" lon="-121.87878077">
      </trkpt>
      <trkpt lat="53.34727825" lon="-121.87881183">
      </trkpt>
      <trkpt lat="53.34727069" lon="-121.87885509">
      </trkpt>
      <trkpt lat="53.34727058" lon="-121.87889211">
      </trkpt>
      <trkpt lat="53.34726327" lon="-121.87895981">
      </trkpt>
      <trkpt lat="53.3472632" lon="-121.87899067">
      </trkpt>
      <trkpt lat="53.34725953" lon="-121.87902144">
      </trkpt>
      <trkpt lat="53.34725943" lon="-121.87906463">
      </trkpt>
      <trkpt lat="53.34725561" lon="-121.87912631">
      </trkpt>
      <trkpt lat="53.34724786" lon="-121.87921894">
      </trkpt>
      <trkpt lat="53.34724384" lon="-121.87928687">
      </trkpt>
      <trkpt lat="53.34723637" lon="-121.87933618">
      </trkpt>
      <trkpt lat="53.34723605" lon="-121.87938561">
      </trkpt>
      <trkpt lat="53.34723199" lon="-121.87945967">
      </trkpt>
      <trkpt lat="53.34722815" lon="-121.87951518">
      </trkpt>
      <trkpt lat="53.34722437" lon="-121.87958292">
      </trkpt>
      <trkpt lat="53.34722076" lon="-121.87960136">
      </trkpt>
      <trkpt lat="53.34720987" lon="-121.87967512">
      </trkpt>
      <trkpt lat="53.34720986" lon="-121.87968129">
      </trkpt>
      <trkpt lat="53.34720252" lon="-121.87974283">
      </trkpt>
      <trkpt lat="53.34719522" lon="-121.87977973">
      </trkpt>
      <trkpt lat="53.34718793" lon="-121.87981048">
      </trkpt>
      <trkpt lat="53.34717698" lon="-121.87987199">
      </trkpt>
      <trkpt lat="53.34716605" lon="-121.87991505">
      </trkpt>
      <trkpt lat="53.34715513" lon="-121.87995194">
      </trkpt>
      <trkpt lat="53.34715145" lon="-121.87998272">
      </trkpt>
      <trkpt lat="53.34713326" lon="-121.88003805">
      </trkpt>
      <trkpt lat="53.34712596" lon="-121.88007497">
      </trkpt>
      <trkpt lat="53.34710778" lon="-121.88011799">
      </trkpt>
      <trkpt lat="53.34708594" lon="-121.88017949">
      </trkpt>
      <trkpt lat="53.34707865" lon="-121.88020411">
      </trkpt>
      <trkpt lat="53.34706408" lon="-121.88024717">
      </trkpt>
      <trkpt lat="53.34705283" lon="-121.88027802">
      </trkpt>
      <trkpt lat="53.34703745" lon="-121.88031509">
      </trkpt>
      <trkpt lat="53.34702964" lon="-121.8803398">
      </trkpt>
      <trkpt lat="53.34701409" lon="-121.88038303">
      </trkpt>
      <trkpt lat="53.34700246" lon="-121.88041389">
      </trkpt>
      <trkpt lat="53.34699096" lon="-121.88043855">
      </trkpt>
      <trkpt lat="53.34698313" lon="-121.88046322">
      </trkpt>
      <trkpt lat="53.34696804" lon="-121.88048786">
      </trkpt>
      <trkpt lat="53.34694155" lon="-121.88054326">
      </trkpt>
      <trkpt lat="53.34692279" lon="-121.88056787">
      </trkpt>
      <trkpt lat="53.3469152" lon="-121.88058631">
      </trkpt>
      <trkpt lat="53.3468965" lon="-121.88060474">
      </trkpt>
      <trkpt lat="53.34687399" lon="-121.88063549">
      </trkpt>
      <trkpt lat="53.34685528" lon="-121.88066005">
      </trkpt>
      <trkpt lat="53.34683677" lon="-121.88067846">
      </trkpt>
      <trkpt lat="53.34682927" lon="-121.88069688">
      </trkpt>
      <trkpt lat="53.34681077" lon="-121.88071528">
      </trkpt>
      <trkpt lat="53.34679588" lon="-121.88073982">
      </trkpt>
      <trkpt lat="53.34677356" lon="-121.88077663">
      </trkpt>
      <trkpt lat="53.34674364" lon="-121.88081343">
      </trkpt>
      <trkpt lat="53.34671723" lon="-121.88085018">
      </trkpt>
      <trkpt lat="53.34670219" lon="-121.88086856">
      </trkpt>
      <trkpt lat="53.34668338" lon="-121.88089303">
      </trkpt>
      <trkpt lat="53.3466645" lon="-121.88092362">
      </trkpt>
      <trkpt lat="53.34665703" lon="-121.88092973">
      </trkpt>
      <trkpt lat="53.34663103" lon="-121.88096031">
      </trkpt>
      <trkpt lat="53.3466125" lon="-121.88097865">
      </trkpt>
      <trkpt lat="53.34660507" lon="-121.88099088">
      </trkpt>
      <trkpt lat="53.34657917" lon="-121.88101531">
      </trkpt>
      <trkpt lat="53.34655694" lon="-121.88103976">
      </trkpt>
      <trkpt lat="53.34653844" lon="-121.88105807">
      </trkpt>
      <trkpt lat="53.34651994" lon="-121.88107639">
      </trkpt>
      <trkpt lat="53.34650145" lon="-121.88109469">
      </trkpt>
      <trkpt lat="53.34648665" lon="-121.88111302">
      </trkpt>
      <trkpt lat="53.34646448" lon="-121.88113131">
      </trkpt>
      <trkpt lat="53.34644232" lon="-121.88114958">
      </trkpt>
      <trkpt lat="53.34641649" lon="-121.88116785">
      </trkpt>
      <trkpt lat="53.34636859" lon="-121.88120441">
      </trkpt>
      <trkpt lat="53.34634659" lon="-121.88121661">
      </trkpt>
      <trkpt lat="53.34630978" lon="-121.88125319">
      </trkpt>
      <trkpt lat="53.34628398" lon="-121.88127753">
      </trkpt>
      <trkpt lat="53.34626933" lon="-121.88128361">
      </trkpt>
      <trkpt lat="53.34625825" lon="-121.8813019">
      </trkpt>
      <trkpt lat="53.34621418" lon="-121.88133233">
      </trkpt>
      <trkpt lat="53.34617003" lon="-121.88136881">
      </trkpt>
      <trkpt lat="53.34614797" lon="-121.88138704">
      </trkpt>
      <trkpt lat="53.34611855" lon="-121.88141136">
      </trkpt>
      <trkpt lat="53.34610015" lon="-121.88142959">
      </trkpt>
      <trkpt lat="53.3460891" lon="-121.88144175">
      </trkpt>
      <trkpt lat="53.34607076" lon="-121.88145389">
      </trkpt>
      <trkpt lat="53.34605231" lon="-121.88147819">
      </trkpt>
      <trkpt lat="53.34603762" lon="-121.88149032">
      </trkpt>
      <trkpt lat="53.34601918" lon="-121.88151462">
      </trkpt>
      <trkpt lat="53.34600076" lon="-121.88153889">
      </trkpt>
      <trkpt lat="53.345997" lon="-121.88155104">
      </trkpt>
      <trkpt lat="53.34597863" lon="-121.88156924">
      </trkpt>
      <trkpt lat="53.34597494" lon="-121.8815753">
      </trkpt>
      <trkpt lat="53.34595652" lon="-121.88159957">
      </trkpt>
      <trkpt lat="53.34594185" lon="-121.8816117">
      </trkpt>
      <trkpt lat="53.3459308" lon="-121.88162989">
      </trkpt>
      <trkpt lat="53.34590517" lon="-121.88165417">
      </trkpt>
      <trkpt lat="53.34589782" lon="-121.88166632">
      </trkpt>
      <trkpt lat="53.34588316" lon="-121.88168454">
      </trkpt>
      <trkpt lat="53.34586478" lon="-121.88170878">
      </trkpt>
      <trkpt lat="53.34585369" lon="-121.88172692">
      </trkpt>
      <trkpt lat="53.34583521" lon="-121.88175715">
      </trkpt>
      <trkpt lat="53.34582418" lon="-121.88176923">
      </trkpt>
      <trkpt lat="53.34580199" lon="-121.88181153">
      </trkpt>
      <trkpt lat="53.34577982" lon="-121.88185992">
      </trkpt>
      <trkpt lat="53.34572466" lon="-121.88195054">
      </trkpt>
      <trkpt lat="53.34571736" lon="-121.88195656">
      </trkpt>
      <trkpt lat="53.345688" lon="-121.8819988">
      </trkpt>
      <trkpt lat="53.34567327" lon="-121.88202897">
      </trkpt>
      <trkpt lat="53.34566227" lon="-121.88204707">
      </trkpt>
      <trkpt lat="53.34564757" lon="-121.88207725">
      </trkpt>
      <trkpt lat="53.34564033" lon="-121.88208945">
      </trkpt>
      <trkpt lat="53.34561136" lon="-121.88213826">
      </trkpt>
      <trkpt lat="53.34558239" lon="-121.88218099">
      </trkpt>
      <trkpt lat="53.34555335" lon="-121.88222362">
      </trkpt>
      <trkpt lat="53.34553874" lon="-121.88224175">
      </trkpt>
      <trkpt lat="53.34552781" lon="-121.88225384">
      </trkpt>
      <trkpt lat="53.34550227" lon="-121.88228402">
      </trkpt>
      <trkpt lat="53.34546947" lon="-121.88231421">
      </trkpt>
      <trkpt lat="53.34544762" lon="-121.8823323">
      </trkpt>
      <trkpt lat="53.3454221" lon="-121.88236248">
      </trkpt>
      <trkpt lat="53.34538937" lon="-121.88238055">
      </trkpt>
      <trkpt lat="53.34537846" lon="-121.88238657">
      </trkpt>
      <trkpt lat="53.34535662" lon="-121.88240466">
      </trkpt>
      <trkpt lat="53.34532389" lon="-121.88242273">
      </trkpt>
      <trkpt lat="53.34529844" lon="-121.88244081">
      </trkpt>
      <trkpt lat="53.34527664" lon="-121.88245291">
      </trkpt>
      <trkpt lat="53.34525126" lon="-121.88246515">
      </trkpt>
      <trkpt lat="53.34523676" lon="-121.88247735">
      </trkpt>
      <trkpt lat="53.34520775" lon="-121.88248355">
      </trkpt>
      <trkpt lat="53.34518961" lon="-121.88250185">
      </trkpt>
      <trkpt lat="53.34515697" lon="-121.88251414">
      </trkpt>
      <trkpt lat="53.3451352" lon="-121.88252637">
      </trkpt>
      <trkpt lat="53.34511342" lon="-121.88254469">
      </trkpt>
      <trkpt lat="53.34509527" lon="-121.88255689">
      </trkpt>
      <trkpt lat="53.34506986" lon="-121.88257516">
      </trkpt>
      <trkpt lat="53.34504082" lon="-121.88259346">
      </trkpt>
      <trkpt lat="53.34501902" lon="-121.88261171">
      </trkpt>
      <trkpt lat="53.34500811" lon="-121.88262989">
      </trkpt>
      <trkpt lat="53.34494273" lon="-121.88267861">
      </trkpt>
      <trkpt lat="53.34489188" lon="-121.88270914">
      </trkpt>
      <trkpt lat="53.34486282" lon="-121.88273347">
      </trkpt>
      <trkpt lat="53.34484466" lon="-121.88274568">
      </trkpt>
      <trkpt lat="53.34481559" lon="-121.88277003">
      </trkpt>
      <trkpt lat="53.34479743" lon="-121.88277619">
      </trkpt>
      <trkpt lat="53.34477562" lon="-121.88280067">
      </trkpt>
      <trkpt lat="53.34473201" lon="-121.88283744">
      </trkpt>
      <trkpt lat="53.34470292" lon="-121.88286184">
      </trkpt>
      <trkpt lat="53.34467747" lon="-121.88288625">
      </trkpt>
      <trkpt lat="53.34463018" lon="-121.88293533">
      </trkpt>
      <trkpt lat="53.34460835" lon="-121.88295378">
      </trkpt>
      <trkpt lat="53.34456469" lon="-121.88299675">
      </trkpt>
      <trkpt lat="53.34455741" lon="-121.88300886">
      </trkpt>
      <trkpt lat="53.34452104" lon="-121.88303934">
      </trkpt>
      <trkpt lat="53.3444629" lon="-121.88315437">
      </trkpt>
      <trkpt lat="53.34445927" lon="-121.88316043">
      </trkpt>
      <trkpt lat="53.34441201" lon="-121.88326972">
      </trkpt>
      <trkpt lat="53.34438291" lon="-121.88333053">
      </trkpt>
      <trkpt lat="53.3443429" lon="-121.88340361">
      </trkpt>
      <trkpt lat="53.34430648" lon="-121.88345256">
      </trkpt>
      <trkpt lat="53.34425187" lon="-121.88353801">
      </trkpt>
      <trkpt lat="53.34423001" lon="-121.88356858">
      </trkpt>
      <trkpt lat="53.34421181" lon="-121.88359909">
      </trkpt>
      <trkpt lat="53.34419725" lon="-121.88362949">
      </trkpt>
      <trkpt lat="53.34417177" lon="-121.8836722">
      </trkpt>
      <trkpt lat="53.34415721" lon="-121.88369659">
      </trkpt>
      <trkpt lat="53.34412812" lon="-121.88376342">
      </trkpt>
      <trkpt lat="53.34411354" lon="-121.88378183">
      </trkpt>
      <trkpt lat="53.34410263" lon="-121.88380613">
      </trkpt>
      <trkpt lat="53.34408439" lon="-121.88382462">
      </trkpt>
      <trkpt lat="53.3440591" lon="-121.88386646">
      </trkpt>
      <trkpt lat="53.34404823" lon="-121.88387844">
      </trkpt>
      <trkpt lat="53.34403007" lon="-121.8839209">
      </trkpt>
      <trkpt lat="53.34400447" lon="-121.88395796">
      </trkpt>
      <trkpt lat="53.34400082" lon="-121.88396411">
      </trkpt>
      <trkpt lat="53.34398622" lon="-121.88399473">
      </trkpt>
      <trkpt lat="53.34397527" lon="-121.88401918">
      </trkpt>
      <trkpt lat="53.34396068" lon="-121.8840376">
      </trkpt>
      <trkpt lat="53.34394978" lon="-121.88405581">
      </trkpt>
      <trkpt lat="53.34393165" lon="-121.88409207">
      </trkpt>
      <trkpt lat="53.34392076" lon="-121.88411026">
      </trkpt>
      <trkpt lat="53.34390985" lon="-121.88412846">
      </trkpt>
      <trkpt lat="53.34388806" lon="-121.88416486">
      </trkpt>
      <trkpt lat="53.34386267" lon="-121.88421323">
      </trkpt>
      <trkpt lat="53.34385177" lon="-121.88423142">
      </trkpt>
      <trkpt lat="53.34383728" lon="-121.88426159">
      </trkpt>
      <trkpt lat="53.34381918" lon="-121.88429782">
      </trkpt>
      <trkpt lat="53.34380107" lon="-121.88433404">
      </trkpt>
      <trkpt lat="53.34378669" lon="-121.88437598">
      </trkpt>
      <trkpt lat="53.34377585" lon="-121.88440006">
      </trkpt>
      <trkpt lat="53.34376869" lon="-121.88442398">
      </trkpt>
      <trkpt lat="53.34375432" lon="-121.88446589">
      </trkpt>
      <trkpt lat="53.34374343" lon="-121.88448407">
      </trkpt>
      <trkpt lat="53.34372907" lon="-121.88452596">
      </trkpt>
      <trkpt lat="53.34372193" lon="-121.88454984">
      </trkpt>
      <trkpt lat="53.34371115" lon="-121.88457977">
      </trkpt>
      <trkpt lat="53.34369672" lon="-121.88461586">
      </trkpt>
      <trkpt lat="53.34368588" lon="-121.88465209">
      </trkpt>
      <trkpt lat="53.34367866" lon="-121.88467624">
      </trkpt>
      <trkpt lat="53.34366415" lon="-121.88472475">
      </trkpt>
      <trkpt lat="53.34364946" lon="-121.88477997">
      </trkpt>
      <trkpt lat="53.34363845" lon="-121.88481075">
      </trkpt>
      <trkpt lat="53.34361641" lon="-121.88486016">
      </trkpt>
      <trkpt lat="53.34360906" lon="-121.88489691">
      </trkpt>
      <trkpt lat="53.34359803" lon="-121.88492771">
      </trkpt>
      <trkpt lat="53.34357967" lon="-121.88496486">
      </trkpt>
      <trkpt lat="53.34357232" lon="-121.88498947">
      </trkpt>
      <trkpt lat="53.34355762" lon="-121.88502043">
      </trkpt>
      <trkpt lat="53.34354658" lon="-121.88505125">
      </trkpt>
      <trkpt lat="53.34352835" lon="-121.88508182">
      </trkpt>
      <trkpt lat="53.34349934" lon="-121.88514237">
      </trkpt>
      <trkpt lat="53.34349569" lon="-121.88514243">
      </trkpt>
      <trkpt lat="53.34347774" lon="-121.88517203">
      </trkpt>
      <trkpt lat="53.34346327" lon="-121.885184">
      </trkpt>
      <trkpt lat="53.34344898" lon="-121.88521354">
      </trkpt>
      <trkpt lat="53.34343105" lon="-121.88523706">
      </trkpt>
      <trkpt lat="53.34341705" lon="-121.88527175">
      </trkpt>
      <trkpt lat="53.34341349" lon="-121.88527756">
      </trkpt>
      <trkpt lat="53.34339273" lon="-121.88534099">
      </trkpt>
      <trkpt lat="53.34337855" lon="-121.88536414">
      </trkpt>
      <trkpt lat="53.34335385" lon="-121.88541647">
      </trkpt>
      <trkpt lat="53.34334684" lon="-121.88543992">
      </trkpt>
      <trkpt lat="53.34333248" lon="-121.88545767">
      </trkpt>
      <trkpt lat="53.34331461" lon="-121.88548714">
      </trkpt>
      <trkpt lat="53.34330382" lon="-121.88549899">
      </trkpt>
      <trkpt lat="53.3432859" lon="-121.88552262">
      </trkpt>
      <trkpt lat="53.34326068" lon="-121.88554639">
      </trkpt>
      <trkpt lat="53.34323914" lon="-121.88557603">
      </trkpt>
      <trkpt lat="53.34317755" lon="-121.88563663">
      </trkpt>
      <trkpt lat="53.34314134" lon="-121.88567297">
      </trkpt>
      <trkpt lat="53.34313773" lon="-121.88567897">
      </trkpt>
      <trkpt lat="53.34310512" lon="-121.88570932">
      </trkpt>
      <trkpt lat="53.34307256" lon="-121.88574549">
      </trkpt>
      <trkpt lat="53.34305824" lon="-121.8857632">
      </trkpt>
      <trkpt lat="53.34304382" lon="-121.88577511">
      </trkpt>
      <trkpt lat="53.34302237" lon="-121.88580457">
      </trkpt>
      <trkpt lat="53.34299347" lon="-121.88582256">
      </trkpt>
      <trkpt lat="53.34296838" lon="-121.88585208">
      </trkpt>
      <trkpt lat="53.34295033" lon="-121.88586405">
      </trkpt>
      <trkpt lat="53.34293245" lon="-121.88588761">
      </trkpt>
      <trkpt lat="53.34290739" lon="-121.88591714">
      </trkpt>
      <trkpt lat="53.34289287" lon="-121.88592936">
      </trkpt>
      <trkpt lat="53.34286404" lon="-121.88596535">
      </trkpt>
      <trkpt lat="53.34282417" lon="-121.88600183">
      </trkpt>
      <trkpt lat="53.34282058" lon="-121.88600777">
      </trkpt>
      <trkpt lat="53.34280617" lon="-121.88602577">
      </trkpt>
      <trkpt lat="53.34278449" lon="-121.88604987">
      </trkpt>
      <trkpt lat="53.34274459" lon="-121.88608638">
      </trkpt>
      <trkpt lat="53.34273003" lon="-121.8860987">
      </trkpt>
      <trkpt lat="53.34270833" lon="-121.88612287">
      </trkpt>
      <trkpt lat="53.34267574" lon="-121.88615318">
      </trkpt>
      <trkpt lat="53.34265403" lon="-121.88617733">
      </trkpt>
      <trkpt lat="53.34263594" lon="-121.88619548">
      </trkpt>
      <trkpt lat="53.34261779" lon="-121.88620774">
      </trkpt>
      <trkpt lat="53.34261054" lon="-121.88621381">
      </trkpt>
      <trkpt lat="53.34258519" lon="-121.88623805">
      </trkpt>
      <trkpt lat="53.3425526" lon="-121.8862623">
      </trkpt>
      <trkpt lat="53.34253811" lon="-121.8862744">
      </trkpt>
      <trkpt lat="53.3425164" lon="-121.88629255">
      </trkpt>
      <trkpt lat="53.34249469" lon="-121.88630465">
      </trkpt>
      <trkpt lat="53.34248382" lon="-121.88631675">
      </trkpt>
      <trkpt lat="53.3424621" lon="-121.8863349">
      </trkpt>
      <trkpt lat="53.34245125" lon="-121.88634702">
      </trkpt>
      <trkpt lat="53.3424223" lon="-121.88636516">
      </trkpt>
      <trkpt lat="53.34238971" lon="-121.88639543">
      </trkpt>
      <trkpt lat="53.34237885" lon="-121.88640146">
      </trkpt>
      <trkpt lat="53.34236438" lon="-121.88641357">
      </trkpt>
      <trkpt lat="53.34233543" lon="-121.88643172">
      </trkpt>
      <trkpt lat="53.34231371" lon="-121.88645593">
      </trkpt>
      <trkpt lat="53.34229561" lon="-121.88646802">
      </trkpt>
      <trkpt lat="53.34221564" lon="-121.88653064">
      </trkpt>
      <trkpt lat="53.34218697" lon="-121.88656054">
      </trkpt>
      <trkpt lat="53.3421797" lon="-121.88656663">
      </trkpt>
      <trkpt lat="53.34215779" lon="-121.88658501">
      </trkpt>
      <trkpt lat="53.34212491" lon="-121.88661565">
      </trkpt>
      <trkpt lat="53.34211392" lon="-121.8866279">
      </trkpt>
      <trkpt lat="53.34208842" lon="-121.88664627">
      </trkpt>
      <trkpt lat="53.34207008" lon="-121.88667078">
      </trkpt>
      <trkpt lat="53.34204084" lon="-121.88670139">
      </trkpt>
      <trkpt lat="53.34201162" lon="-121.88673802">
      </trkpt>
      <trkpt lat="53.34199347" lon="-121.88675624">
      </trkpt>
      <trkpt lat="53.3419717" lon="-121.88677446">
      </trkpt>
      <trkpt lat="53.34194985" lon="-121.88680488">
      </trkpt>
      <trkpt lat="53.34192804" lon="-121.88684133">
      </trkpt>
      <trkpt lat="53.34190634" lon="-121.88685948">
      </trkpt>
      <trkpt lat="53.34188463" lon="-121.88689578">
      </trkpt>
      <trkpt lat="53.34185931" lon="-121.88692602">
      </trkpt>
      <trkpt lat="53.34184122" lon="-121.88695627">
      </trkpt>
      <trkpt lat="53.34180505" lon="-121.88699862">
      </trkpt>
      <trkpt lat="53.34179419" lon="-121.88702282">
      </trkpt>
      <trkpt lat="53.34176523" lon="-121.88705915">
      </trkpt>
      <trkpt lat="53.34175431" lon="-121.88707738">
      </trkpt>
      <trkpt lat="53.34172529" lon="-121.88711981">
      </trkpt>
      <trkpt lat="53.34170734" lon="-121.88713777">
      </trkpt>
      <trkpt lat="53.34169299" lon="-121.88716185">
      </trkpt>
      <trkpt lat="53.34167862" lon="-121.88718591">
      </trkpt>
      <trkpt lat="53.34167503" lon="-121.88719193">
      </trkpt>
      <trkpt lat="53.34164274" lon="-121.88724003">
      </trkpt>
      <trkpt lat="53.34162478" lon="-121.88727618">
      </trkpt>
      <trkpt lat="53.34161747" lon="-121.88730046">
      </trkpt>
      <trkpt lat="53.34158823" lon="-121.88736738">
      </trkpt>
      <trkpt lat="53.3415663" lon="-121.88741603">
      </trkpt>
      <trkpt lat="53.3415554" lon="-121.88743426">
      </trkpt>
      <trkpt lat="53.34152642" lon="-121.88750085">
      </trkpt>
      <trkpt lat="53.34150471" lon="-121.88754928">
      </trkpt>
      <trkpt lat="53.34147575" lon="-121.887634">
      </trkpt>
      <trkpt lat="53.34145403" lon="-121.88767637">
      </trkpt>
      <trkpt lat="53.34144317" lon="-121.88771874">
      </trkpt>
      <trkpt lat="53.34141024" lon="-121.88780383">
      </trkpt>
      <trkpt lat="53.34139926" lon="-121.88783421">
      </trkpt>
      <trkpt lat="53.34139194" lon="-121.88785245">
      </trkpt>
      <trkpt lat="53.34138459" lon="-121.88787676">
      </trkpt>
      <trkpt lat="53.34135896" lon="-121.88794966">
      </trkpt>
      <trkpt lat="53.3413444" lon="-121.88799812">
      </trkpt>
      <trkpt lat="53.34133005" lon="-121.88804037">
      </trkpt>
      <trkpt lat="53.34132645" lon="-121.8880706">
      </trkpt>
      <trkpt lat="53.34130847" lon="-121.88811889">
      </trkpt>
      <trkpt lat="53.34129769" lon="-121.88814301">
      </trkpt>
      <trkpt lat="53.34127969" lon="-121.88823368">
      </trkpt>
      <trkpt lat="53.3412761" lon="-121.88824576">
      </trkpt>
      <trkpt lat="53.3412653" lon="-121.88828202">
      </trkpt>
      <trkpt lat="53.3412545" lon="-121.88832433">
      </trkpt>
      <trkpt lat="53.34124011" lon="-121.88837267">
      </trkpt>
      <trkpt lat="53.3412293" lon="-121.88842104">
      </trkpt>
      <trkpt lat="53.34121852" lon="-121.88845125">
      </trkpt>
      <trkpt lat="53.34120772" lon="-121.88848753">
      </trkpt>
      <trkpt lat="53.34119691" lon="-121.88853591">
      </trkpt>
      <trkpt lat="53.34118611" lon="-121.88856612">
      </trkpt>
      <trkpt lat="53.3411789" lon="-121.88861453">
      </trkpt>
      <trkpt lat="53.34117529" lon="-121.88863874">
      </trkpt>
      <trkpt lat="53.3411609" lon="-121.88868712">
      </trkpt>
      <trkpt lat="53.34116089" lon="-121.88869923">
      </trkpt>
      <trkpt lat="53.34115368" lon="-121.88872949">
      </trkpt>
      <trkpt lat="53.34114647" lon="-121.88877791">
      </trkpt>
      <trkpt lat="53.34113566" lon="-121.88882631">
      </trkpt>
      <trkpt lat="53.34112158" lon="-121.88889276">
      </trkpt>
      <trkpt lat="53.34111092" lon="-121.88893508">
      </trkpt>
      <trkpt lat="53.34110729" lon="-121.88897142">
      </trkpt>
      <trkpt lat="53.34109642" lon="-121.88899564">
      </trkpt>
      <trkpt lat="53.34108578" lon="-121.88904406">
      </trkpt>
      <trkpt lat="53.34107865" lon="-121.88906826">
      </trkpt>
      <trkpt lat="53.34106441" lon="-121.88911666">
      </trkpt>
      <trkpt lat="53.34105364" lon="-121.88916513">
      </trkpt>
      <trkpt lat="53.34104643" lon="-121.88918937">
      </trkpt>
      <trkpt lat="53.34103561" lon="-121.8892318">
      </trkpt>
      <trkpt lat="53.34102839" lon="-121.8892621">
      </trkpt>
      <trkpt lat="53.34102116" lon="-121.8893106">
      </trkpt>
      <trkpt lat="53.34101397" lon="-121.88934697">
      </trkpt>
      <trkpt lat="53.34100678" lon="-121.88937123">
      </trkpt>
      <trkpt lat="53.34099973" lon="-121.88941368">
      </trkpt>
      <trkpt lat="53.34098905" lon="-121.88945614">
      </trkpt>
      <trkpt lat="53.34098206" lon="-121.88951077">
      </trkpt>
      <trkpt lat="53.34096383" lon="-121.88959568">
      </trkpt>
      <trkpt lat="53.34096006" lon="-121.889626">
      </trkpt>
      <trkpt lat="53.34095627" lon="-121.88966236">
      </trkpt>
      <trkpt lat="53.34094241" lon="-121.88972928">
      </trkpt>
      <trkpt lat="53.3409424" lon="-121.88975357">
      </trkpt>
      <trkpt lat="53.34093524" lon="-121.88979002">
      </trkpt>
      <trkpt lat="53.34093523" lon="-121.88980217">
      </trkpt>
      <trkpt lat="53.34093521" lon="-121.88984466">
      </trkpt>
      <trkpt lat="53.34093581" lon="-121.88992998">
      </trkpt>
      <trkpt lat="53.34093606" lon="-121.88997266">
      </trkpt>
      <trkpt lat="53.34093273" lon="-121.8900701">
      </trkpt>
      <trkpt lat="53.3409327" lon="-121.89011872">
      </trkpt>
      <trkpt lat="53.34093269" lon="-121.89016127">
      </trkpt>
      <trkpt lat="53.34093271" lon="-121.89021602">
      </trkpt>
      <trkpt lat="53.34093284" lon="-121.89024652">
      </trkpt>
      <trkpt lat="53.34093297" lon="-121.89027704">
      </trkpt>
      <trkpt lat="53.34093327" lon="-121.89031989">
      </trkpt>
      <trkpt lat="53.34093386" lon="-121.89038129">
      </trkpt>
      <trkpt lat="53.34093432" lon="-121.89040607">
      </trkpt>
      <trkpt lat="53.34093452" lon="-121.89046719">
      </trkpt>
      <trkpt lat="53.34093451" lon="-121.89049154">
      </trkpt>
      <trkpt lat="53.34093808" lon="-121.89055241">
      </trkpt>
      <trkpt lat="53.34094201" lon="-121.89059539">
      </trkpt>
      <trkpt lat="53.34094591" lon="-121.89065057">
      </trkpt>
      <trkpt lat="53.34095328" lon="-121.89072384">
      </trkpt>
      <trkpt lat="53.34095704" lon="-121.8908094">
      </trkpt>
      <trkpt lat="53.34096054" lon="-121.89085191">
      </trkpt>
      <trkpt lat="53.34096404" lon="-121.89092488">
      </trkpt>
      <trkpt lat="53.34096752" lon="-121.89098564">
      </trkpt>
      <trkpt lat="53.34097101" lon="-121.89105858">
      </trkpt>
      <trkpt lat="53.34097465" lon="-121.89108906">
      </trkpt>
      <trkpt lat="53.34098553" lon="-121.89113172">
      </trkpt>
      <trkpt lat="53.34099288" lon="-121.89116233">
      </trkpt>
      <trkpt lat="53.34100023" lon="-121.89119293">
      </trkpt>
      <trkpt lat="53.3410041" lon="-121.89122991">
      </trkpt>
      <trkpt lat="53.3410115" lon="-121.89126672">
      </trkpt>
      <trkpt lat="53.34102263" lon="-121.89132811">
      </trkpt>
      <trkpt lat="53.34103359" lon="-121.8913831">
      </trkpt>
      <trkpt lat="53.34103718" lon="-121.89139522">
      </trkpt>
      <trkpt lat="53.34104113" lon="-121.89144458">
      </trkpt>
      <trkpt lat="53.34105573" lon="-121.89151792">
      </trkpt>
      <trkpt lat="53.34107375" lon="-121.89158475">
      </trkpt>
      <trkpt lat="53.34108829" lon="-121.89165188">
      </trkpt>
      <trkpt lat="53.34109926" lon="-121.89169469">
      </trkpt>
      <trkpt lat="53.34111029" lon="-121.89173153">
      </trkpt>
      <trkpt lat="53.34112122" lon="-121.89176208">
      </trkpt>
      <trkpt lat="53.34112867" lon="-121.89179294">
      </trkpt>
      <trkpt lat="53.3411396" lon="-121.89182349">
      </trkpt>
      <trkpt lat="53.34115769" lon="-121.89186604">
      </trkpt>
      <trkpt lat="53.34118704" lon="-121.89195197">
      </trkpt>
      <trkpt lat="53.34121296" lon="-121.89202612">
      </trkpt>
      <trkpt lat="53.34122402" lon="-121.89205693">
      </trkpt>
      <trkpt lat="53.34124973" lon="-121.89212458">
      </trkpt>
      <trkpt lat="53.34125735" lon="-121.8921558">
      </trkpt>
      <trkpt lat="53.34127557" lon="-121.8922047">
      </trkpt>
      <trkpt lat="53.34128652" lon="-121.89223531">
      </trkpt>
      <trkpt lat="53.34129763" lon="-121.89227234">
      </trkpt>
      <trkpt lat="53.34131254" lon="-121.89231581">
      </trkpt>
      <trkpt lat="53.34132068" lon="-121.89235424">
      </trkpt>
      <trkpt lat="53.34133579" lon="-121.89239202">
      </trkpt>
      <trkpt lat="53.34135485" lon="-121.8924488">
      </trkpt>
      <trkpt lat="53.34137331" lon="-121.89249211">
      </trkpt>
      <trkpt lat="53.34140255" lon="-121.89255955">
      </trkpt>
      <trkpt lat="53.34142179" lon="-121.89261059">
      </trkpt>
      <trkpt lat="53.34143273" lon="-121.89262894">
      </trkpt>
      <trkpt lat="53.34145112" lon="-121.89266598">
      </trkpt>
      <trkpt lat="53.34147366" lon="-121.89271632">
      </trkpt>
      <trkpt lat="53.34149226" lon="-121.89274763">
      </trkpt>
      <trkpt lat="53.34152196" lon="-121.89280378">
      </trkpt>
      <trkpt lat="53.34154404" lon="-121.89284089">
      </trkpt>
      <trkpt lat="53.34156246" lon="-121.89287799">
      </trkpt>
      <trkpt lat="53.34158053" lon="-121.89290207">
      </trkpt>
      <trkpt lat="53.34162466" lon="-121.89297008">
      </trkpt>
      <trkpt lat="53.34166455" lon="-121.89302459">
      </trkpt>
      <trkpt lat="53.34169771" lon="-121.89307419">
      </trkpt>
      <trkpt lat="53.34171232" lon="-121.89309871">
      </trkpt>
      <trkpt lat="53.34173349" lon="-121.89312785">
      </trkpt>
      <trkpt lat="53.34173724" lon="-121.89314029">
      </trkpt>
      <trkpt lat="53.34175148" lon="-121.89316406">
      </trkpt>
      <trkpt lat="53.34181359" lon="-121.893294">
      </trkpt>
      <trkpt lat="53.34183525" lon="-121.89333024">
      </trkpt>
      <trkpt lat="53.34188426" lon="-121.89342523">
      </trkpt>
      <trkpt lat="53.34189539" lon="-121.89345623">
      </trkpt>
      <trkpt lat="53.34191013" lon="-121.89348713">
      </trkpt>
      <trkpt lat="53.3419277" lon="-121.8935164">
      </trkpt>
      <trkpt lat="53.34194548" lon="-121.89355833">
      </trkpt>
      <trkpt lat="53.34195706" lon="-121.89359024">
      </trkpt>
      <trkpt lat="53.34196869" lon="-121.89361612">
      </trkpt>
      <trkpt lat="53.34197692" lon="-121.89365484">
      </trkpt>
      <trkpt lat="53.34198414" lon="-121.89366692">
      </trkpt>
      <trkpt lat="53.34199181" lon="-121.89370449">
      </trkpt>
      <trkpt lat="53.34200701" lon="-121.89377328">
      </trkpt>
      <trkpt lat="53.34200746" lon="-121.89379881">
      </trkpt>
      <trkpt lat="53.34201118" lon="-121.89381122">
      </trkpt>
      <trkpt lat="53.34201591" lon="-121.89388114">
      </trkpt>
      <trkpt lat="53.34201624" lon="-121.8939003">
      </trkpt>
      <trkpt lat="53.34201706" lon="-121.8939513">
      </trkpt>
      <trkpt lat="53.34201346" lon="-121.89397614">
      </trkpt>
      <trkpt lat="53.34200987" lon="-121.89400713">
      </trkpt>
      <trkpt lat="53.34199914" lon="-121.89403854">
      </trkpt>
      <trkpt lat="53.34199556" lon="-121.89405106">
      </trkpt>
      <trkpt lat="53.34198123" lon="-121.89408885">
      </trkpt>
      <trkpt lat="53.3419669" lon="-121.89412049">
      </trkpt>
      <trkpt lat="53.34194899" lon="-121.89414621">
      </trkpt>
      <trkpt lat="53.34191359" lon="-121.89420492">
      </trkpt>
      <trkpt lat="53.34188527" lon="-121.89425079">
      </trkpt>
      <trkpt lat="53.3418745" lon="-121.8942638">
      </trkpt>
      <trkpt lat="53.3418526" lon="-121.89428899">
      </trkpt>
      <trkpt lat="53.34184529" lon="-121.89429527">
      </trkpt>
      <trkpt lat="53.34181598" lon="-121.89433268">
      </trkpt>
      <trkpt lat="53.34179366" lon="-121.89435681">
      </trkpt>
      <trkpt lat="53.34176777" lon="-121.89436885">
      </trkpt>
      <trkpt lat="53.34175667" lon="-121.89437486">
      </trkpt>
      <trkpt lat="53.34172337" lon="-121.89439293">
      </trkpt>
      <trkpt lat="53.34170486" lon="-121.89439885">
      </trkpt>
      <trkpt lat="53.34169364" lon="-121.89439836">
      </trkpt>
      <trkpt lat="53.34166368" lon="-121.89440308">
      </trkpt>
      <trkpt lat="53.34163747" lon="-121.89440796">
      </trkpt>
      <trkpt lat="53.3416262" lon="-121.89441349">
      </trkpt>
      <trkpt lat="53.34159628" lon="-121.8944182">
      </trkpt>
      <trkpt lat="53.34157388" lon="-121.8944172">
      </trkpt>
      <trkpt lat="53.34153657" lon="-121.89441556">
      </trkpt>
      <trkpt lat="53.34152911" lon="-121.89441523">
      </trkpt>
      <trkpt lat="53.34150306" lon="-121.89440805">
      </trkpt>
      <trkpt lat="53.34147706" lon="-121.89439486">
      </trkpt>
      <trkpt lat="53.34145098" lon="-121.89439371">
      </trkpt>
      <trkpt lat="53.34142121" lon="-121.89438627">
      </trkpt>
      <trkpt lat="53.34140264" lon="-121.8943733">
      </trkpt>
      <trkpt lat="53.34136538" lon="-121.89435913">
      </trkpt>
      <trkpt lat="53.34136164" lon="-121.89435889">
      </trkpt>
      <trkpt lat="53.34133195" lon="-121.89433932">
      </trkpt>
      <trkpt lat="53.34130587" lon="-121.89433178">
      </trkpt>
      <trkpt lat="53.34129483" lon="-121.89431939">
      </trkpt>
      <trkpt lat="53.34125805" lon="-121.89428824">
      </trkpt>
      <trkpt lat="53.3412395" lon="-121.89428132">
      </trkpt>
      <trkpt lat="53.34122098" lon="-121.8942622">
      </trkpt>
      <trkpt lat="53.34119869" lon="-121.89424267">
      </trkpt>
      <trkpt lat="53.34117643" lon="-121.89422938">
      </trkpt>
      <trkpt lat="53.34115062" lon="-121.8942042">
      </trkpt>
      <trkpt lat="53.34113224" lon="-121.89419168">
      </trkpt>
      <trkpt lat="53.3411103" lon="-121.89417345">
      </trkpt>
      <trkpt lat="53.34108097" lon="-121.89415493">
      </trkpt>
      <trkpt lat="53.34105192" lon="-121.89413144">
      </trkpt>
      <trkpt lat="53.34103746" lon="-121.89411376">
      </trkpt>
      <trkpt lat="53.34101171" lon="-121.89410107">
      </trkpt>
      <trkpt lat="53.34099332" lon="-121.89409468">
      </trkpt>
      <trkpt lat="53.34097145" lon="-121.89407679">
      </trkpt>
      <trkpt lat="53.34095676" lon="-121.89407053">
      </trkpt>
      <trkpt lat="53.34092348" lon="-121.89404465">
      </trkpt>
      <trkpt lat="53.34090851" lon="-121.89403712">
      </trkpt>
      <trkpt lat="53.34088606" lon="-121.89402885">
      </trkpt>
      <trkpt lat="53.34084507" lon="-121.89400097">
      </trkpt>
      <trkpt lat="53.34080085" lon="-121.89398107">
      </trkpt>
      <trkpt lat="53.34076066" lon="-121.8939568">
      </trkpt>
      <trkpt lat="53.340713" lon="-121.89393177">
      </trkpt>
      <trkpt lat="53.34069453" lon="-121.89391856">
      </trkpt>
      <trkpt lat="53.34065053" lon="-121.89388718">
      </trkpt>
      <trkpt lat="53.34062867" lon="-121.89386315">
      </trkpt>
      <trkpt lat="53.3406103" lon="-121.89385651">
      </trkpt>
      <trkpt lat="53.34058461" lon="-121.89383146">
      </trkpt>
      <trkpt lat="53.34056623" lon="-121.89382471">
      </trkpt>
      <trkpt lat="53.34054432" lon="-121.8938003">
      </trkpt>
      <trkpt lat="53.34052244" lon="-121.89377617">
      </trkpt>
      <trkpt lat="53.34046372" lon="-121.89373789">
      </trkpt>
      <trkpt lat="53.34043443" lon="-121.89371908">
      </trkpt>
      <trkpt lat="53.34040872" lon="-121.89369978">
      </trkpt>
      <trkpt lat="53.34032925" lon="-121.89358693">
      </trkpt>
      <trkpt lat="53.3403183" lon="-121.89358079">
      </trkpt>
      <trkpt lat="53.3402966" lon="-121.89355641">
      </trkpt>
      <trkpt lat="53.34028217" lon="-121.89353812">
      </trkpt>
      <trkpt lat="53.34025669" lon="-121.89351977">
      </trkpt>
      <trkpt lat="53.34023498" lon="-121.89349537">
      </trkpt>
      <trkpt lat="53.34021665" lon="-121.89348919">
      </trkpt>
      <trkpt lat="53.34019473" lon="-121.89347692">
      </trkpt>
      <trkpt lat="53.34017272" lon="-121.89347071">
      </trkpt>
      <trkpt lat="53.34015068" lon="-121.89345837">
      </trkpt>
      <trkpt lat="53.34013953" lon="-121.89345825">
      </trkpt>
      <trkpt lat="53.34011365" lon="-121.89344581">
      </trkpt>
      <trkpt lat="53.3400952" lon="-121.89343343">
      </trkpt>
      <trkpt lat="53.34008036" lon="-121.89343328">
      </trkpt>
      <trkpt lat="53.34006186" lon="-121.89342699">
      </trkpt>
      <trkpt lat="53.34004709" lon="-121.89342076">
      </trkpt>
      <trkpt lat="53.3400323" lon="-121.89341453">
      </trkpt>
      <trkpt lat="53.34001016" lon="-121.89340212">
      </trkpt>
      <trkpt lat="53.33998433" lon="-121.89338969">
      </trkpt>
      <trkpt lat="53.339951" lon="-121.89338936">
      </trkpt>
      <trkpt lat="53.3399251" lon="-121.89338911">
      </trkpt>
      <trkpt lat="53.3399177" lon="-121.89338904">
      </trkpt>
      <trkpt lat="53.3398992" lon="-121.89338887">
      </trkpt>
      <trkpt lat="53.33985878" lon="-121.89338863">
      </trkpt>
      <trkpt lat="53.3398441" lon="-121.89338854">
      </trkpt>
      <trkpt lat="53.33982573" lon="-121.89338845">
      </trkpt>
      <trkpt lat="53.33981105" lon="-121.89338836">
      </trkpt>
      <trkpt lat="53.33977802" lon="-121.89338819">
      </trkpt>
      <trkpt lat="53.33975967" lon="-121.89338808">
      </trkpt>
      <trkpt lat="53.33972299" lon="-121.89338787">
      </trkpt>
      <trkpt lat="53.33969717" lon="-121.89339984">
      </trkpt>
      <trkpt lat="53.33965297" lon="-121.89341775">
      </trkpt>
      <trkpt lat="53.33962729" lon="-121.8934298">
      </trkpt>
      <trkpt lat="53.33961986" lon="-121.89344189">
      </trkpt>
      <trkpt lat="53.33960152" lon="-121.89345396">
      </trkpt>
      <trkpt lat="53.3395574" lon="-121.89349018">
      </trkpt>
      <trkpt lat="53.3395206" lon="-121.89352638">
      </trkpt>
      <trkpt lat="53.33949129" lon="-121.89354445">
      </trkpt>
      <trkpt lat="53.33946205" lon="-121.89356259">
      </trkpt>
      <trkpt lat="53.33942179" lon="-121.89360498">
      </trkpt>
      <trkpt lat="53.33941455" lon="-121.89360501">
      </trkpt>
      <trkpt lat="53.33939988" lon="-121.89362316">
      </trkpt>
      <trkpt lat="53.33937797" lon="-121.89364134">
      </trkpt>
      <trkpt lat="53.33936699" lon="-121.89365343">
      </trkpt>
      <trkpt lat="53.33933769" lon="-121.89368973">
      </trkpt>
      <trkpt lat="53.33933034" lon="-121.89370181">
      </trkpt>
      <trkpt lat="53.33930834" lon="-121.89373201">
      </trkpt>
      <trkpt lat="53.3392864" lon="-121.8937562">
      </trkpt>
      <trkpt lat="53.33927175" lon="-121.89377431">
      </trkpt>
      <trkpt lat="53.33925345" lon="-121.89379847">
      </trkpt>
      <trkpt lat="53.33923514" lon="-121.89382262">
      </trkpt>
      <trkpt lat="53.33919498" lon="-121.8938649">
      </trkpt>
      <trkpt lat="53.33916583" lon="-121.89388908">
      </trkpt>
      <trkpt lat="53.33915492" lon="-121.89389515">
      </trkpt>
      <trkpt lat="53.33913664" lon="-121.89391928">
      </trkpt>
      <trkpt lat="53.33912935" lon="-121.89392531">
      </trkpt>
      <trkpt lat="53.3391147" lon="-121.89394941">
      </trkpt>
      <trkpt lat="53.33910375" lon="-121.89396149">
      </trkpt>
      <trkpt lat="53.33908548" lon="-121.8939856">
      </trkpt>
      <trkpt lat="53.33906363" lon="-121.89400371">
      </trkpt>
      <trkpt lat="53.33905265" lon="-121.89402177">
      </trkpt>
      <trkpt lat="53.33904175" lon="-121.89402782">
      </trkpt>
      <trkpt lat="53.33902348" lon="-121.89405192">
      </trkpt>
      <trkpt lat="53.33900527" lon="-121.89407001">
      </trkpt>
      <trkpt lat="53.33899434" lon="-121.89408206">
      </trkpt>
      <trkpt lat="53.33897613" lon="-121.89410015">
      </trkpt>
      <trkpt lat="53.3389434" lon="-121.8941243">
      </trkpt>
      <trkpt lat="53.33892886" lon="-121.89413638">
      </trkpt>
      <trkpt lat="53.33891427" lon="-121.89415441">
      </trkpt>
      <trkpt lat="53.33889241" lon="-121.89417237">
      </trkpt>
      <trkpt lat="53.33885596" lon="-121.89420824">
      </trkpt>
      <trkpt lat="53.33881955" lon="-121.89423814">
      </trkpt>
      <trkpt lat="53.33881594" lon="-121.89423816">
      </trkpt>
      <trkpt lat="53.33879772" lon="-121.89425609">
      </trkpt>
      <trkpt lat="53.33878318" lon="-121.89426807">
      </trkpt>
      <trkpt lat="53.33876866" lon="-121.89428015">
      </trkpt>
      <trkpt lat="53.33874322" lon="-121.89430423">
      </trkpt>
      <trkpt lat="53.33872509" lon="-121.89431634">
      </trkpt>
      <trkpt lat="53.33869599" lon="-121.89435232">
      </trkpt>
      <trkpt lat="53.33865604" lon="-121.89439436">
      </trkpt>
      <trkpt lat="53.33859796" lon="-121.89444834">
      </trkpt>
      <trkpt lat="53.33858344" lon="-121.89446026">
      </trkpt>
      <trkpt lat="53.33856529" lon="-121.89447812">
      </trkpt>
      <trkpt lat="53.33855076" lon="-121.89449595">
      </trkpt>
      <trkpt lat="53.33853985" lon="-121.89451986">
      </trkpt>
      <trkpt lat="53.33852169" lon="-121.89455573">
      </trkpt>
      <trkpt lat="53.33850717" lon="-121.89457945">
      </trkpt>
      <trkpt lat="53.33849266" lon="-121.8945971">
      </trkpt>
      <trkpt lat="53.33847815" lon="-121.89461475">
      </trkpt>
      <trkpt lat="53.33844554" lon="-121.89465003">
      </trkpt>
      <trkpt lat="53.33842745" lon="-121.89466177">
      </trkpt>
      <trkpt lat="53.33839489" lon="-121.89468542">
      </trkpt>
      <trkpt lat="53.3383768" lon="-121.89470321">
      </trkpt>
      <trkpt lat="53.33835512" lon="-121.89470911">
      </trkpt>
      <trkpt lat="53.33832621" lon="-121.89472687">
      </trkpt>
      <trkpt lat="53.33831175" lon="-121.89473278">
      </trkpt>
      <trkpt lat="53.33828285" lon="-121.8947446">
      </trkpt>
      <trkpt lat="53.33824308" lon="-121.89476295">
      </trkpt>
      <trkpt lat="53.33819971" lon="-121.8947752">
      </trkpt>
      <trkpt lat="53.33817803" lon="-121.89478716">
      </trkpt>
      <trkpt lat="53.33815636" lon="-121.89479312">
      </trkpt>
      <trkpt lat="53.3381419" lon="-121.89479908">
      </trkpt>
      <trkpt lat="53.33813107" lon="-121.89480505">
      </trkpt>
      <trkpt lat="53.33810217" lon="-121.89481699">
      </trkpt>
      <trkpt lat="53.33808052" lon="-121.89482272">
      </trkpt>
      <trkpt lat="53.33804807" lon="-121.89483431">
      </trkpt>
      <trkpt lat="53.33801924" lon="-121.89484594">
      </trkpt>
      <trkpt lat="53.33799402" lon="-121.89485759">
      </trkpt>
      <trkpt lat="53.3379652" lon="-121.89486921">
      </trkpt>
      <trkpt lat="53.33793639" lon="-121.89487485">
      </trkpt>
      <trkpt lat="53.33790754" lon="-121.89488669">
      </trkpt>
      <trkpt lat="53.33784981" lon="-121.89489858">
      </trkpt>
      <trkpt lat="53.33779931" lon="-121.89491047">
      </trkpt>
      <trkpt lat="53.33775244" lon="-121.89492229">
      </trkpt>
      <trkpt lat="53.33770931" lon="-121.8949337">
      </trkpt>
      <trkpt lat="53.33768412" lon="-121.8949334">
      </trkpt>
      <trkpt lat="53.33762291" lon="-121.894939">
      </trkpt>
      <trkpt lat="53.33759045" lon="-121.89493896">
      </trkpt>
      <trkpt lat="53.33758688" lon="-121.89494485">
      </trkpt>
      <trkpt lat="53.33754735" lon="-121.89494436">
      </trkpt>
      <trkpt lat="53.33753658" lon="-121.89494424">
      </trkpt>
      <trkpt lat="53.33746124" lon="-121.89494308">
      </trkpt>
      <trkpt lat="53.33741445" lon="-121.89493682">
      </trkpt>
      <trkpt lat="53.33740368" lon="-121.89493066">
      </trkpt>
      <trkpt lat="53.33737867" lon="-121.8949301">
      </trkpt>
      <trkpt lat="53.33736076" lon="-121.89492378">
      </trkpt>
      <trkpt lat="53.33733572" lon="-121.89491729">
      </trkpt>
      <trkpt lat="53.33728928" lon="-121.89491033">
      </trkpt>
      <trkpt lat="53.33725713" lon="-121.8949037">
      </trkpt>
      <trkpt lat="53.33724282" lon="-121.89489748">
      </trkpt>
      <trkpt lat="53.33721781" lon="-121.89489101">
      </trkpt>
      <trkpt lat="53.33720356" lon="-121.89489068">
      </trkpt>
      <trkpt lat="53.33717857" lon="-121.89488422">
      </trkpt>
      <trkpt lat="53.33715003" lon="-121.89487767">
      </trkpt>
      <trkpt lat="53.33712506" lon="-121.89487121">
      </trkpt>
      <trkpt lat="53.33708577" lon="-121.89485859">
      </trkpt>
      <trkpt lat="53.33706079" lon="-121.89484619">
      </trkpt>
      <trkpt lat="53.33705006" lon="-121.89484005">
      </trkpt>
      <trkpt lat="53.33701804" lon="-121.89483339">
      </trkpt>
      <trkpt lat="53.33700025" lon="-121.89482703">
      </trkpt>
      <trkpt lat="53.33696468" lon="-121.89481432">
      </trkpt>
      <trkpt lat="53.33693272" lon="-121.89480766">
      </trkpt>
      <trkpt lat="53.33690428" lon="-121.89479512">
      </trkpt>
      <trkpt lat="53.33685456" lon="-121.89477616">
      </trkpt>
      <trkpt lat="53.33678344" lon="-121.89475704">
      </trkpt>
      <trkpt lat="53.3367512" lon="-121.89474489">
      </trkpt>
      <trkpt lat="53.33673696" lon="-121.89474472">
      </trkpt>
      <trkpt lat="53.33666585" lon="-121.89471974">
      </trkpt>
      <trkpt lat="53.3366374" lon="-121.89470735">
      </trkpt>
      <trkpt lat="53.33660897" lon="-121.89469498">
      </trkpt>
      <trkpt lat="53.33658408" lon="-121.89468268">
      </trkpt>
      <trkpt lat="53.33656634" lon="-121.89467642">
      </trkpt>
      <trkpt lat="53.33654852" lon="-121.89466427">
      </trkpt>
      <trkpt lat="53.33651667" lon="-121.89465773">
      </trkpt>
      <trkpt lat="53.33649885" lon="-121.89464558">
      </trkpt>
      <trkpt lat="53.33647389" lon="-121.89462741">
      </trkpt>
      <trkpt lat="53.33645617" lon="-121.89462116">
      </trkpt>
      <trkpt lat="53.33643826" lon="-121.89460313">
      </trkpt>
      <trkpt lat="53.33642397" lon="-121.89459106">
      </trkpt>
      <trkpt lat="53.33641341" lon="-121.89459085">
      </trkpt>
      <trkpt lat="53.33639208" lon="-121.89457864">
      </trkpt>
      <trkpt lat="53.3363209" lon="-121.89454205">
      </trkpt>
      <trkpt lat="53.336303" lon="-121.89453604">
      </trkpt>
      <trkpt lat="53.33628864" lon="-121.89453005">
      </trkpt>
      <trkpt lat="53.33627057" lon="-121.8945182">
      </trkpt>
      <trkpt lat="53.33622378" lon="-121.89449436">
      </trkpt>
      <trkpt lat="53.33620601" lon="-121.89448819">
      </trkpt>
      <trkpt lat="53.33616373" lon="-121.89446949">
      </trkpt>
      <trkpt lat="53.33610044" lon="-121.89444439">
      </trkpt>
      <trkpt lat="53.33608654" lon="-121.894444">
      </trkpt>
      <trkpt lat="53.3360829" lon="-121.89443807">
      </trkpt>
      <trkpt lat="53.33604782" lon="-121.89442543">
      </trkpt>
      <trkpt lat="53.33603375" lon="-121.8944192">
      </trkpt>
      <trkpt lat="53.33599158" lon="-121.89440055">
      </trkpt>
      <trkpt lat="53.33596684" lon="-121.89438831">
      </trkpt>
      <trkpt lat="53.33593833" lon="-121.89437623">
      </trkpt>
      <trkpt lat="53.33592782" lon="-121.89437603">
      </trkpt>
      <trkpt lat="53.33591708" lon="-121.89437005">
      </trkpt>
      <trkpt lat="53.33588882" lon="-121.89436375">
      </trkpt>
      <trkpt lat="53.33587433" lon="-121.89435191">
      </trkpt>
      <trkpt lat="53.33584583" lon="-121.89433982">
      </trkpt>
      <trkpt lat="53.33582483" lon="-121.89433944">
      </trkpt>
      <trkpt lat="53.33578237" lon="-121.89432711">
      </trkpt>
      <trkpt lat="53.33576139" lon="-121.89432674">
      </trkpt>
      <trkpt lat="53.33573326" lon="-121.89432039">
      </trkpt>
      <trkpt lat="53.33571567" lon="-121.89431419">
      </trkpt>
      <trkpt lat="53.33570171" lon="-121.89431396">
      </trkpt>
      <trkpt lat="53.33568426" lon="-121.89431364">
      </trkpt>
      <trkpt lat="53.33565273" lon="-121.8943072">
      </trkpt>
      <trkpt lat="53.33563168" lon="-121.89430093">
      </trkpt>
      <trkpt lat="53.33560017" lon="-121.89429449">
      </trkpt>
      <trkpt lat="53.33557579" lon="-121.89429406">
      </trkpt>
      <trkpt lat="53.3355476" lon="-121.89428781">
      </trkpt>
      <trkpt lat="53.33553681" lon="-121.89428188">
      </trkpt>
      <trkpt lat="53.3355158" lon="-121.89428159">
      </trkpt>
      <trkpt lat="53.33549101" lon="-121.89426949">
      </trkpt>
      <trkpt lat="53.33547361" lon="-121.8942692">
      </trkpt>
      <trkpt lat="53.33545948" lon="-121.89426312">
      </trkpt>
      <trkpt lat="53.33543491" lon="-121.89425686">
      </trkpt>
      <trkpt lat="53.33540364" lon="-121.89425632">
      </trkpt>
      <trkpt lat="53.3353895" lon="-121.89425025">
      </trkpt>
      <trkpt lat="53.33536843" lon="-121.89424406">
      </trkpt>
      <trkpt lat="53.33533695" lon="-121.89423769">
      </trkpt>
      <trkpt lat="53.33531243" lon="-121.89423144">
      </trkpt>
      <trkpt lat="53.33530503" lon="-121.89421965">
      </trkpt>
      <trkpt lat="53.33529087" lon="-121.89421362">
      </trkpt>
      <trkpt lat="53.33522159" lon="-121.89421298">
      </trkpt>
      <trkpt lat="53.33519632" lon="-121.89421275">
      </trkpt>
      <trkpt lat="53.33519271" lon="-121.89421271">
      </trkpt>
      <trkpt lat="53.33515217" lon="-121.89421187">
      </trkpt>
      <trkpt lat="53.33513397" lon="-121.89420564">
      </trkpt>
      <trkpt lat="53.33512337" lon="-121.89419969">
      </trkpt>
      <trkpt lat="53.33509898" lon="-121.89418208">
      </trkpt>
      <trkpt lat="53.33506765" lon="-121.8941586">
      </trkpt>
      <trkpt lat="53.33505732" lon="-121.89414686">
      </trkpt>
      <trkpt lat="53.3350466" lon="-121.89414085">
      </trkpt>
      <trkpt lat="53.33502489" lon="-121.89413467">
      </trkpt>
      <trkpt lat="53.33500739" lon="-121.89411692">
      </trkpt>
      <trkpt lat="53.33500041" lon="-121.89411102">
      </trkpt>
      <trkpt lat="53.33498621" lon="-121.89410507">
      </trkpt>
      <trkpt lat="53.33495376" lon="-121.89410479">
      </trkpt>
      <trkpt lat="53.33493212" lon="-121.8941046">
      </trkpt>
      <trkpt lat="53.33491793" lon="-121.89409864">
      </trkpt>
      <trkpt lat="53.3348999" lon="-121.89409848">
      </trkpt>
      <trkpt lat="53.33487827" lon="-121.8940983">
      </trkpt>
      <trkpt lat="53.33486408" lon="-121.89409234">
      </trkpt>
      <trkpt lat="53.33483525" lon="-121.89409209">
      </trkpt>
      <trkpt lat="53.33480643" lon="-121.89409184">
      </trkpt>
      <trkpt lat="53.33477041" lon="-121.89409153">
      </trkpt>
      <trkpt lat="53.33473801" lon="-121.89409125">
      </trkpt>
      <trkpt lat="53.33472002" lon="-121.89409109">
      </trkpt>
      <trkpt lat="53.33469842" lon="-121.8940909">
      </trkpt>
      <trkpt lat="53.33466964" lon="-121.89409065">
      </trkpt>
      <trkpt lat="53.33464806" lon="-121.89409046">
      </trkpt>
      <trkpt lat="53.3346085" lon="-121.89409011">
      </trkpt>
      <trkpt lat="53.33458358" lon="-121.89409007">
      </trkpt>
      <trkpt lat="53.33456936" lon="-121.89409005">
      </trkpt>
      <trkpt lat="53.33455144" lon="-121.89409589">
      </trkpt>
      <trkpt lat="53.3345301" lon="-121.89409586">
      </trkpt>
      <trkpt lat="53.33450508" lon="-121.89410169">
      </trkpt>
      <trkpt lat="53.33445571" lon="-121.89410193">
      </trkpt>
      <trkpt lat="53.33443093" lon="-121.89410795">
      </trkpt>
      <trkpt lat="53.33440275" lon="-121.89410812">
      </trkpt>
      <trkpt lat="53.33438502" lon="-121.89411409">
      </trkpt>
      <trkpt lat="53.33436376" lon="-121.89412008">
      </trkpt>
      <trkpt lat="53.3343102" lon="-121.89414371">
      </trkpt>
      <trkpt lat="53.33428868" lon="-121.89415545">
      </trkpt>
      <trkpt lat="53.3342201" lon="-121.89419027">
      </trkpt>
      <trkpt lat="53.33420926" lon="-121.89419608">
      </trkpt>
      <trkpt lat="53.33418033" lon="-121.89421347">
      </trkpt>
      <trkpt lat="53.3341624" lon="-121.89421928">
      </trkpt>
      <trkpt lat="53.33414797" lon="-121.89423097">
      </trkpt>
      <trkpt lat="53.33413019" lon="-121.89424284">
      </trkpt>
      <trkpt lat="53.33410512" lon="-121.89426644">
      </trkpt>
      <trkpt lat="53.33407655" lon="-121.89429009">
      </trkpt>
      <trkpt lat="53.33404799" lon="-121.89431373">
      </trkpt>
      <trkpt lat="53.33403023" lon="-121.89432563">
      </trkpt>
      <trkpt lat="53.33401245" lon="-121.89434345">
      </trkpt>
      <trkpt lat="53.33399127" lon="-121.89435547">
      </trkpt>
      <trkpt lat="53.33396259" lon="-121.89437898">
      </trkpt>
      <trkpt lat="53.33394809" lon="-121.8943965">
      </trkpt>
      <trkpt lat="53.33393023" lon="-121.89440232">
      </trkpt>
      <trkpt lat="53.33391228" lon="-121.89441399">
      </trkpt>
      <trkpt lat="53.33388704" lon="-121.89443733">
      </trkpt>
      <trkpt lat="53.33385471" lon="-121.89446065">
      </trkpt>
      <trkpt lat="53.33384032" lon="-121.89447231">
      </trkpt>
      <trkpt lat="53.33381884" lon="-121.89448394">
      </trkpt>
      <trkpt lat="53.33377957" lon="-121.89451335">
      </trkpt>
      <trkpt lat="53.33374398" lon="-121.89453696">
      </trkpt>
      <trkpt lat="53.33372266" lon="-121.89454879">
      </trkpt>
      <trkpt lat="53.33369774" lon="-121.89456649">
      </trkpt>
      <trkpt lat="53.33366937" lon="-121.89457838">
      </trkpt>
      <trkpt lat="53.33365158" lon="-121.89459018">
      </trkpt>
      <trkpt lat="53.33363034" lon="-121.89459619">
      </trkpt>
      <trkpt lat="53.33361608" lon="-121.89460797">
      </trkpt>
      <trkpt lat="53.33358058" lon="-121.89462573">
      </trkpt>
      <trkpt lat="53.33355934" lon="-121.89463174">
      </trkpt>
      <trkpt lat="53.33354508" lon="-121.89464352">
      </trkpt>
      <trkpt lat="53.33349893" lon="-121.8946672">
      </trkpt>
      <trkpt lat="53.33347754" lon="-121.89467892">
      </trkpt>
      <trkpt lat="53.33346332" lon="-121.89468482">
      </trkpt>
      <trkpt lat="53.33343489" lon="-121.89469659">
      </trkpt>
      <trkpt lat="53.33340998" lon="-121.89470833">
      </trkpt>
      <trkpt lat="53.33338155" lon="-121.8947201">
      </trkpt>
      <trkpt lat="53.33336381" lon="-121.89472602">
      </trkpt>
      <trkpt lat="53.33334596" lon="-121.8947377">
      </trkpt>
      <trkpt lat="53.33332822" lon="-121.89474362">
      </trkpt>
      <trkpt lat="53.33330342" lon="-121.89474959">
      </trkpt>
      <trkpt lat="53.33327126" lon="-121.8947669">
      </trkpt>
      <trkpt lat="53.33322505" lon="-121.89477259">
      </trkpt>
      <trkpt lat="53.33319659" lon="-121.89477831">
      </trkpt>
      <trkpt lat="53.33316813" lon="-121.89478403">
      </trkpt>
      <trkpt lat="53.33314677" lon="-121.89478975">
      </trkpt>
      <trkpt lat="53.33310398" lon="-121.89480099">
      </trkpt>
      <trkpt lat="53.33305045" lon="-121.89481189">
      </trkpt>
      <trkpt lat="53.33299377" lon="-121.89482378">
      </trkpt>
      <trkpt lat="53.33297603" lon="-121.89482962">
      </trkpt>
      <trkpt lat="53.33293696" lon="-121.89484123">
      </trkpt>
      <trkpt lat="53.33290147" lon="-121.89484692">
      </trkpt>
      <trkpt lat="53.3328766" lon="-121.89485263">
      </trkpt>
      <trkpt lat="53.33284466" lon="-121.89485832">
      </trkpt>
      <trkpt lat="53.33282688" lon="-121.89486405">
      </trkpt>
      <trkpt lat="53.33280557" lon="-121.89486976">
      </trkpt>
      <trkpt lat="53.33277359" lon="-121.89488119">
      </trkpt>
      <trkpt lat="53.3327239" lon="-121.89489257">
      </trkpt>
      <trkpt lat="53.33269547" lon="-121.89489802">
      </trkpt>
      <trkpt lat="53.33265992" lon="-121.89490919">
      </trkpt>
      <trkpt lat="53.3326457" lon="-121.89491481">
      </trkpt>
      <trkpt lat="53.33259599" lon="-121.89493173">
      </trkpt>
      <trkpt lat="53.33256408" lon="-121.89494906">
      </trkpt>
      <trkpt lat="53.33251807" lon="-121.89495478">
      </trkpt>
      <trkpt lat="53.33247909" lon="-121.8949721">
      </trkpt>
      <trkpt lat="53.33246493" lon="-121.89497786">
      </trkpt>
      <trkpt lat="53.33244015" lon="-121.89498363">
      </trkpt>
      <trkpt lat="53.33242244" lon="-121.89499517">
      </trkpt>
      <trkpt lat="53.33240827" lon="-121.89500095">
      </trkpt>
      <trkpt lat="53.33236578" lon="-121.89501807">
      </trkpt>
      <trkpt lat="53.33234808" lon="-121.8950237">
      </trkpt>
      <trkpt lat="53.3323233" lon="-121.89503498">
      </trkpt>
      <trkpt lat="53.33230562" lon="-121.89503495">
      </trkpt>
      <trkpt lat="53.33223488" lon="-121.8950631">
      </trkpt>
      <trkpt lat="53.33220661" lon="-121.89507435">
      </trkpt>
      <trkpt lat="53.33217835" lon="-121.89508016">
      </trkpt>
      <trkpt lat="53.33215716" lon="-121.89508595">
      </trkpt>
      <trkpt lat="53.33212184" lon="-121.89509746">
      </trkpt>
      <trkpt lat="53.33210065" lon="-121.89510324">
      </trkpt>
      <trkpt lat="53.33206887" lon="-121.89510884">
      </trkpt>
      <trkpt lat="53.33204063" lon="-121.89510881">
      </trkpt>
      <trkpt lat="53.33201591" lon="-121.89510878">
      </trkpt>
      <trkpt lat="53.33200179" lon="-121.89510877">
      </trkpt>
      <trkpt lat="53.33198061" lon="-121.89510873">
      </trkpt>
      <trkpt lat="53.33185337" lon="-121.89508624">
      </trkpt>
      <trkpt lat="53.33175442" lon="-121.89505681">
      </trkpt>
      <trkpt lat="53.3317297" lon="-121.89505086">
      </trkpt>
      <trkpt lat="53.33159183" lon="-121.89498612">
      </trkpt>
      <trkpt lat="53.33156715" lon="-121.89497995">
      </trkpt>
      <trkpt lat="53.33153542" lon="-121.8949737">
      </trkpt>
      <trkpt lat="53.33151779" lon="-121.89496762">
      </trkpt>
      <trkpt lat="53.33146846" lon="-121.89495529">
      </trkpt>
      <trkpt lat="53.33142613" lon="-121.89492552">
      </trkpt>
      <trkpt lat="53.33141202" lon="-121.89491949">
      </trkpt>
      <trkpt lat="53.33139446" lon="-121.89491328">
      </trkpt>
      <trkpt lat="53.3313839" lon="-121.89490134">
      </trkpt>
      <trkpt lat="53.33134873" lon="-121.89488312">
      </trkpt>
      <trkpt lat="53.331317" lon="-121.89487117">
      </trkpt>
      <trkpt lat="53.33128877" lon="-121.89485926">
      </trkpt>
      <trkpt lat="53.33126056" lon="-121.89484734">
      </trkpt>
      <trkpt lat="53.33124297" lon="-121.89484713">
      </trkpt>
      <trkpt lat="53.33121472" lon="-121.8948412">
      </trkpt>
      <trkpt lat="53.3312006" lon="-121.89484119">
      </trkpt>
      <trkpt lat="53.33118295" lon="-121.89484116">
      </trkpt>
      <trkpt lat="53.3311547" lon="-121.89484112">
      </trkpt>
      <trkpt lat="53.33111587" lon="-121.89484106">
      </trkpt>
      <trkpt lat="53.33107698" lon="-121.89483524">
      </trkpt>
      <trkpt lat="53.33106639" lon="-121.89483523">
      </trkpt>
      <trkpt lat="53.33104179" lon="-121.89483496">
      </trkpt>
      <trkpt lat="53.33099613" lon="-121.89483441">
      </trkpt>
      <trkpt lat="53.33096441" lon="-121.89482246">
      </trkpt>
      <trkpt lat="53.33093276" lon="-121.89481629">
      </trkpt>
      <trkpt lat="53.33089747" lon="-121.89481033">
      </trkpt>
      <trkpt lat="53.33083365" lon="-121.89479306">
      </trkpt>
      <trkpt lat="53.3308159" lon="-121.89478731">
      </trkpt>
      <trkpt lat="53.3307698" lon="-121.8947758">
      </trkpt>
      <trkpt lat="53.33075557" lon="-121.89477004">
      </trkpt>
      <trkpt lat="53.33071287" lon="-121.89475278">
      </trkpt>
      <trkpt lat="53.33068429" lon="-121.89473553">
      </trkpt>
      <trkpt lat="53.3306558" lon="-121.89472402">
      </trkpt>
      <trkpt lat="53.33064508" lon="-121.89471827">
      </trkpt>
      <trkpt lat="53.33063801" lon="-121.89471825">
      </trkpt>
      <trkpt lat="53.33062388" lon="-121.89471824">
      </trkpt>
      <trkpt lat="53.33058843" lon="-121.89471244">
      </trkpt>
      <trkpt lat="53.33054932" lon="-121.89470091">
      </trkpt>
      <trkpt lat="53.33053177" lon="-121.89470072">
      </trkpt>
      <trkpt lat="53.33049305" lon="-121.89469453">
      </trkpt>
      <trkpt lat="53.33045784" lon="-121.89468839">
      </trkpt>
      <trkpt lat="53.33043316" lon="-121.89468237">
      </trkpt>
      <trkpt lat="53.33040498" lon="-121.89467631">
      </trkpt>
      <trkpt lat="53.33036973" lon="-121.89467025">
      </trkpt>
      <trkpt lat="53.33032012" lon="-121.89466443">
      </trkpt>
      <trkpt lat="53.33029185" lon="-121.8946644">
      </trkpt>
      <trkpt lat="53.33024224" lon="-121.89465858">
      </trkpt>
      <trkpt lat="53.33020676" lon="-121.89465278">
      </trkpt>
      <trkpt lat="53.33017156" lon="-121.89464667">
      </trkpt>
      <trkpt lat="53.33014354" lon="-121.89464636">
      </trkpt>
      <trkpt lat="53.33013303" lon="-121.89464624">
      </trkpt>
      <trkpt lat="53.33008736" lon="-121.89463999">
      </trkpt>
      <trkpt lat="53.33006285" lon="-121.89463971">
      </trkpt>
      <trkpt lat="53.33004186" lon="-121.89463948">
      </trkpt>
      <trkpt lat="53.33001348" lon="-121.89463956">
      </trkpt>
      <trkpt lat="53.32998141" lon="-121.8946339">
      </trkpt>
      <trkpt lat="53.32995646" lon="-121.89462818">
      </trkpt>
      <trkpt lat="53.32993127" lon="-121.89461675">
      </trkpt>
      <trkpt lat="53.32990631" lon="-121.89461103">
      </trkpt>
      <trkpt lat="53.32987757" lon="-121.8945996">
      </trkpt>
      <trkpt lat="53.32984529" lon="-121.89458816">
      </trkpt>
      <trkpt lat="53.3298236" lon="-121.89457674">
      </trkpt>
      <trkpt lat="53.32980545" lon="-121.8945653">
      </trkpt>
      <trkpt lat="53.32979459" lon="-121.89455959">
      </trkpt>
      <trkpt lat="53.32977313" lon="-121.89455385">
      </trkpt>
      <trkpt lat="53.32976251" lon="-121.89455384">
      </trkpt>
      <trkpt lat="53.3297375" lon="-121.89454809">
      </trkpt>
      <trkpt lat="53.32972334" lon="-121.89454807">
      </trkpt>
      <trkpt lat="53.32969479" lon="-121.89454232">
      </trkpt>
      <trkpt lat="53.3296767" lon="-121.89453672">
      </trkpt>
      <trkpt lat="53.3296588" lon="-121.89453686">
      </trkpt>
      <trkpt lat="53.32964066" lon="-121.89453129">
      </trkpt>
      <trkpt lat="53.32961176" lon="-121.8945258">
      </trkpt>
      <trkpt lat="53.32959743" lon="-121.89452592">
      </trkpt>
      <trkpt lat="53.3295506" lon="-121.89452055">
      </trkpt>
      <trkpt lat="53.32953959" lon="-121.89451493">
      </trkpt>
      <trkpt lat="53.32951808" lon="-121.8945151">
      </trkpt>
      <trkpt lat="53.32949654" lon="-121.89451528">
      </trkpt>
      <trkpt lat="53.32946389" lon="-121.89451583">
      </trkpt>
      <trkpt lat="53.32943486" lon="-121.89451631">
      </trkpt>
      <trkpt lat="53.32940217" lon="-121.89451684">
      </trkpt>
      <trkpt lat="53.3293622" lon="-121.89451751">
      </trkpt>
      <trkpt lat="53.32931189" lon="-121.89451197">
      </trkpt>
      <trkpt lat="53.32927376" lon="-121.89450533">
      </trkpt>
      <trkpt lat="53.32923566" lon="-121.89449869">
      </trkpt>
      <trkpt lat="53.32921816" lon="-121.89449257">
      </trkpt>
      <trkpt lat="53.32918666" lon="-121.8944863">
      </trkpt>
      <trkpt lat="53.32917664" lon="-121.89448586">
      </trkpt>
      <trkpt lat="53.32915234" lon="-121.89447955">
      </trkpt>
      <trkpt lat="53.32914183" lon="-121.89447352">
      </trkpt>
      <trkpt lat="53.32911377" lon="-121.89445548">
      </trkpt>
      <trkpt lat="53.32909621" lon="-121.89444349">
      </trkpt>
      <trkpt lat="53.32906831" lon="-121.8944313">
      </trkpt>
      <trkpt lat="53.32904715" lon="-121.89441342">
      </trkpt>
      <trkpt lat="53.32903305" lon="-121.89440149">
      </trkpt>
      <trkpt lat="53.3290155" lon="-121.8943895">
      </trkpt>
      <trkpt lat="53.32899431" lon="-121.89437758">
      </trkpt>
      <trkpt lat="53.32897271" lon="-121.89435997">
      </trkpt>
      <trkpt lat="53.32894829" lon="-121.89435377">
      </trkpt>
      <trkpt lat="53.32883295" lon="-121.89435843">
      </trkpt>
      <trkpt lat="53.32877213" lon="-121.894352">
      </trkpt>
      <trkpt lat="53.32876153" lon="-121.89434607">
      </trkpt>
      <trkpt lat="53.32873659" lon="-121.89434">
      </trkpt>
      <trkpt lat="53.32871882" lon="-121.894334">
      </trkpt>
      <trkpt lat="53.32871164" lon="-121.89433393">
      </trkpt>
      <trkpt lat="53.32868297" lon="-121.89433363">
      </trkpt>
      <trkpt lat="53.32866505" lon="-121.89433347">
      </trkpt>
      <trkpt lat="53.32863685" lon="-121.89432756">
      </trkpt>
      <trkpt lat="53.32860854" lon="-121.89432752">
      </trkpt>
      <trkpt lat="53.32858746" lon="-121.89432166">
      </trkpt>
      <trkpt lat="53.3285593" lon="-121.8943158">
      </trkpt>
      <trkpt lat="53.32854175" lon="-121.89430994">
      </trkpt>
      <trkpt lat="53.32852419" lon="-121.89430409">
      </trkpt>
      <trkpt lat="53.32850296" lon="-121.89430406">
      </trkpt>
      <trkpt lat="53.32848895" lon="-121.89429821">
      </trkpt>
      <trkpt lat="53.32846044" lon="-121.8942921">
      </trkpt>
      <trkpt lat="53.32844254" lon="-121.89429193">
      </trkpt>
      <trkpt lat="53.32843538" lon="-121.89429186">
      </trkpt>
      <trkpt lat="53.32839958" lon="-121.89429152">
      </trkpt>
      <trkpt lat="53.32838168" lon="-121.89429135">
      </trkpt>
      <trkpt lat="53.32833165" lon="-121.89429089">
      </trkpt>
      <trkpt lat="53.32831412" lon="-121.89429099">
      </trkpt>
      <trkpt lat="53.32828615" lon="-121.89429118">
      </trkpt>
      <trkpt lat="53.32825498" lon="-121.89429166">
      </trkpt>
      <trkpt lat="53.32823727" lon="-121.89429162">
      </trkpt>
      <trkpt lat="53.32819436" lon="-121.8942912">
      </trkpt>
      <trkpt lat="53.32815165" lon="-121.89428501">
      </trkpt>
      <trkpt lat="53.32812344" lon="-121.89427319">
      </trkpt>
      <trkpt lat="53.32808788" lon="-121.89426707">
      </trkpt>
      <trkpt lat="53.32804876" lon="-121.89426092">
      </trkpt>
      <trkpt lat="53.32802036" lon="-121.89425487">
      </trkpt>
      <trkpt lat="53.3280134" lon="-121.89424902">
      </trkpt>
      <trkpt lat="53.32799571" lon="-121.89424307">
      </trkpt>
      <trkpt lat="53.32797463" lon="-121.89423132">
      </trkpt>
      <trkpt lat="53.327964" lon="-121.89422535">
      </trkpt>
      <trkpt lat="53.32794254" lon="-121.8942192">
      </trkpt>
      <trkpt lat="53.32791079" lon="-121.89419552">
      </trkpt>
      <trkpt lat="53.32789655" lon="-121.8941895">
      </trkpt>
      <trkpt lat="53.32788591" lon="-121.89418354">
      </trkpt>
      <trkpt lat="53.32786103" lon="-121.89417154">
      </trkpt>
      <trkpt lat="53.32785023" lon="-121.89417136">
      </trkpt>
      <trkpt lat="53.32781799" lon="-121.89416504">
      </trkpt>
      <trkpt lat="53.32780381" lon="-121.89415906">
      </trkpt>
      <trkpt lat="53.32777875" lon="-121.89415282">
      </trkpt>
      <trkpt lat="53.32776456" lon="-121.89414684">
      </trkpt>
      <trkpt lat="53.3277396" lon="-121.89414068">
      </trkpt>
      <trkpt lat="53.32772204" lon="-121.89412892">
      </trkpt>
      <trkpt lat="53.32770786" lon="-121.89412294">
      </trkpt>
      <trkpt lat="53.32768291" lon="-121.8941168">
      </trkpt>
      <trkpt lat="53.32766874" lon="-121.89411082">
      </trkpt>
      <trkpt lat="53.32765098" lon="-121.89410479">
      </trkpt>
      <trkpt lat="53.32760845" lon="-121.89409278">
      </trkpt>
      <trkpt lat="53.32756235" lon="-121.89408664">
      </trkpt>
      <trkpt lat="53.32754828" lon="-121.89408077">
      </trkpt>
      <trkpt lat="53.32743827" lon="-121.89405645">
      </trkpt>
      <trkpt lat="53.32736798" lon="-121.89404489">
      </trkpt>
      <trkpt lat="53.32732178" lon="-121.89403861">
      </trkpt>
      <trkpt lat="53.32729701" lon="-121.89402079">
      </trkpt>
      <trkpt lat="53.3272687" lon="-121.89400293">
      </trkpt>
      <trkpt lat="53.32725451" lon="-121.89399694">
      </trkpt>
      <trkpt lat="53.32717661" lon="-121.893967">
      </trkpt>
      <trkpt lat="53.32710948" lon="-121.8939373">
      </trkpt>
      <trkpt lat="53.32708121" lon="-121.89392539">
      </trkpt>
      <trkpt lat="53.32706701" lon="-121.89392528">
      </trkpt>
      <trkpt lat="53.32705287" lon="-121.89391934">
      </trkpt>
      <trkpt lat="53.3270317" lon="-121.89390749">
      </trkpt>
      <trkpt lat="53.32701753" lon="-121.8939015">
      </trkpt>
      <trkpt lat="53.32698903" lon="-121.89389522">
      </trkpt>
      <trkpt lat="53.32697122" lon="-121.89388909">
      </trkpt>
      <trkpt lat="53.32694272" lon="-121.89388279">
      </trkpt>
      <trkpt lat="53.32689265" lon="-121.89386999">
      </trkpt>
      <trkpt lat="53.32687837" lon="-121.89386973">
      </trkpt>
      <trkpt lat="53.32686775" lon="-121.89386376">
      </trkpt>
      <trkpt lat="53.3268464" lon="-121.89386344">
      </trkpt>
      <trkpt lat="53.32681088" lon="-121.89385712">
      </trkpt>
      <trkpt lat="53.32676828" lon="-121.89385068">
      </trkpt>
      <trkpt lat="53.32672211" lon="-121.89385003">
      </trkpt>
      <trkpt lat="53.32667952" lon="-121.89384943">
      </trkpt>
      <trkpt lat="53.32664765" lon="-121.89384316">
      </trkpt>
      <trkpt lat="53.32660875" lon="-121.89383098">
      </trkpt>
      <trkpt lat="53.32656622" lon="-121.89382447">
      </trkpt>
      <trkpt lat="53.32654144" lon="-121.89382413">
      </trkpt>
      <trkpt lat="53.32651668" lon="-121.89382378">
      </trkpt>
      <trkpt lat="53.32649545" lon="-121.8938235">
      </trkpt>
      <trkpt lat="53.32646363" lon="-121.89382306">
      </trkpt>
      <trkpt lat="53.3264601" lon="-121.893823">
      </trkpt>
      <trkpt lat="53.32643183" lon="-121.89382262">
      </trkpt>
      <trkpt lat="53.32640719" lon="-121.89382246">
      </trkpt>
      <trkpt lat="53.32636855" lon="-121.8938224">
      </trkpt>
      <trkpt lat="53.32632639" lon="-121.89382235">
      </trkpt>
      <trkpt lat="53.32629478" lon="-121.89382229">
      </trkpt>
      <trkpt lat="53.32625965" lon="-121.89382225">
      </trkpt>
      <trkpt lat="53.32622094" lon="-121.89382197">
      </trkpt>
      <trkpt lat="53.32620335" lon="-121.89382183">
      </trkpt>
      <trkpt lat="53.32618576" lon="-121.89382169">
      </trkpt>
      <trkpt lat="53.32616462" lon="-121.89382727">
      </trkpt>
      <trkpt lat="53.32615052" lon="-121.89383289">
      </trkpt>
      <trkpt lat="53.32612587" lon="-121.89383844">
      </trkpt>
      <trkpt lat="53.32611178" lon="-121.89384405">
      </trkpt>
      <trkpt lat="53.32609067" lon="-121.89384962">
      </trkpt>
      <trkpt lat="53.32605901" lon="-121.89386083">
      </trkpt>
      <trkpt lat="53.32603794" lon="-121.89386066">
      </trkpt>
      <trkpt lat="53.32600983" lon="-121.89386617">
      </trkpt>
      <trkpt lat="53.32598879" lon="-121.89386601">
      </trkpt>
      <trkpt lat="53.32596424" lon="-121.89386585">
      </trkpt>
      <trkpt lat="53.3259432" lon="-121.89386582">
      </trkpt>
      <trkpt lat="53.32591165" lon="-121.89386578">
      </trkpt>
      <trkpt lat="53.32587659" lon="-121.89387149">
      </trkpt>
      <trkpt lat="53.32584504" lon="-121.8938772">
      </trkpt>
      <trkpt lat="53.3258205" lon="-121.89387715">
      </trkpt>
      <trkpt lat="53.32577493" lon="-121.8938886">
      </trkpt>
      <trkpt lat="53.32574339" lon="-121.89389431">
      </trkpt>
      <trkpt lat="53.32571888" lon="-121.89390002">
      </trkpt>
      <trkpt lat="53.32568384" lon="-121.89390573">
      </trkpt>
      <trkpt lat="53.32565232" lon="-121.89391144">
      </trkpt>
      <trkpt lat="53.32561728" lon="-121.89391725">
      </trkpt>
      <trkpt lat="53.32559275" lon="-121.89392308">
      </trkpt>
      <trkpt lat="53.3255682" lon="-121.89392319">
      </trkpt>
      <trkpt lat="53.32554723" lon="-121.89393458">
      </trkpt>
      <trkpt lat="53.32551921" lon="-121.89393454">
      </trkpt>
      <trkpt lat="53.32550522" lon="-121.89394023">
      </trkpt>
      <trkpt lat="53.32546676" lon="-121.89395159">
      </trkpt>
      <trkpt lat="53.32544225" lon="-121.89395155">
      </trkpt>
      <trkpt lat="53.32543528" lon="-121.89395725">
      </trkpt>
      <trkpt lat="53.32538634" lon="-121.89396858">
      </trkpt>
      <trkpt lat="53.32536888" lon="-121.89397426">
      </trkpt>
      <trkpt lat="53.32535487" lon="-121.89397424">
      </trkpt>
      <trkpt lat="53.32530596" lon="-121.89398559">
      </trkpt>
      <trkpt lat="53.3252675" lon="-121.89399129">
      </trkpt>
      <trkpt lat="53.32524305" lon="-121.89399699">
      </trkpt>
      <trkpt lat="53.32523255" lon="-121.89399697">
      </trkpt>
      <trkpt lat="53.32521155" lon="-121.89399694">
      </trkpt>
      <trkpt lat="53.3251801" lon="-121.89400262">
      </trkpt>
      <trkpt lat="53.32514522" lon="-121.89401404">
      </trkpt>
      <trkpt lat="53.32511722" lon="-121.894014">
      </trkpt>
      <trkpt lat="53.32509629" lon="-121.8940197">
      </trkpt>
      <trkpt lat="53.3250613" lon="-121.89401966">
      </trkpt>
      <trkpt lat="53.32504737" lon="-121.89402538">
      </trkpt>
      <trkpt lat="53.32502988" lon="-121.89402535">
      </trkpt>
      <trkpt lat="53.32499846" lon="-121.89403103">
      </trkpt>
      <trkpt lat="53.32498097" lon="-121.894031">
      </trkpt>
      <trkpt lat="53.32496704" lon="-121.89403672">
      </trkpt>
      <trkpt lat="53.32494962" lon="-121.89404243">
      </trkpt>
      <trkpt lat="53.3249287" lon="-121.89404811">
      </trkpt>
      <trkpt lat="53.32488332" lon="-121.89405379">
      </trkpt>
      <trkpt lat="53.32487632" lon="-121.89405377">
      </trkpt>
      <trkpt lat="53.32484493" lon="-121.89405946">
      </trkpt>
      <trkpt lat="53.32482052" lon="-121.89406515">
      </trkpt>
      <trkpt lat="53.32479962" lon="-121.89407084">
      </trkpt>
      <trkpt lat="53.32477865" lon="-121.8940708">
      </trkpt>
      <trkpt lat="53.32472637" lon="-121.89408218">
      </trkpt>
      <trkpt lat="53.3246881" lon="-121.89409357">
      </trkpt>
      <trkpt lat="53.32462528" lon="-121.8940992">
      </trkpt>
      <trkpt lat="53.32459392" lon="-121.89410487">
      </trkpt>
      <trkpt lat="53.32446766" lon="-121.89412867">
      </trkpt>
      <trkpt lat="53.32446058" lon="-121.89412877">
      </trkpt>
      <trkpt lat="53.32438654" lon="-121.89414696">
      </trkpt>
      <trkpt lat="53.3243236" lon="-121.89415858">
      </trkpt>
      <trkpt lat="53.32430273" lon="-121.89416426">
      </trkpt>
      <trkpt lat="53.32428186" lon="-121.89416996">
      </trkpt>
      <trkpt lat="53.32424376" lon="-121.89418704">
      </trkpt>
      <trkpt lat="53.32421941" lon="-121.89419273">
      </trkpt>
      <trkpt lat="53.32418122" lon="-121.89420994">
      </trkpt>
      <trkpt lat="53.32416035" lon="-121.8942215">
      </trkpt>
      <trkpt lat="53.32413935" lon="-121.89422734">
      </trkpt>
      <trkpt lat="53.32410101" lon="-121.89424472">
      </trkpt>
      <trkpt lat="53.32407649" lon="-121.89425061">
      </trkpt>
      <trkpt lat="53.32405562" lon="-121.89426215">
      </trkpt>
      <trkpt lat="53.32403815" lon="-121.89426798">
      </trkpt>
      <trkpt lat="53.3240242" lon="-121.89427379">
      </trkpt>
      <trkpt lat="53.32401038" lon="-121.89428529">
      </trkpt>
      <trkpt lat="53.32398953" lon="-121.89429684">
      </trkpt>
      <trkpt lat="53.32396853" lon="-121.89430268">
      </trkpt>
      <trkpt lat="53.32394431" lon="-121.89431996">
      </trkpt>
      <trkpt lat="53.32393387" lon="-121.89432574">
      </trkpt>
      <trkpt lat="53.32391292" lon="-121.8943374">
      </trkpt>
      <trkpt lat="53.3238815" lon="-121.89435487">
      </trkpt>
      <trkpt lat="53.32387103" lon="-121.89436068">
      </trkpt>
      <trkpt lat="53.32385713" lon="-121.89437229">
      </trkpt>
      <trkpt lat="53.32383635" lon="-121.89438376">
      </trkpt>
      <trkpt lat="53.32381221" lon="-121.89440098">
      </trkpt>
      <trkpt lat="53.32379845" lon="-121.89441243">
      </trkpt>
      <trkpt lat="53.32379167" lon="-121.8944239">
      </trkpt>
      <trkpt lat="53.32376067" lon="-121.89444681">
      </trkpt>
      <trkpt lat="53.32374692" lon="-121.89445828">
      </trkpt>
      <trkpt lat="53.32372978" lon="-121.89447546">
      </trkpt>
      <trkpt lat="53.3237093" lon="-121.89449834">
      </trkpt>
      <trkpt lat="53.32367838" lon="-121.89452701">
      </trkpt>
      <trkpt lat="53.32364382" lon="-121.89456166">
      </trkpt>
      <trkpt lat="53.32361269" lon="-121.89459054">
      </trkpt>
      <trkpt lat="53.32357816" lon="-121.89462518">
      </trkpt>
      <trkpt lat="53.32357475" lon="-121.89463094">
      </trkpt>
      <trkpt lat="53.32355384" lon="-121.89464255">
      </trkpt>
      <trkpt lat="53.32353334" lon="-121.89467128">
      </trkpt>
      <trkpt lat="53.32351996" lon="-121.89469405">
      </trkpt>
      <trkpt lat="53.32349636" lon="-121.89472239">
      </trkpt>
      <trkpt lat="53.32347635" lon="-121.89475061">
      </trkpt>
      <trkpt lat="53.32345325" lon="-121.8947901">
      </trkpt>
      <trkpt lat="53.32343656" lon="-121.89481264">
      </trkpt>
      <trkpt lat="53.32342363" lon="-121.89484656">
      </trkpt>
      <trkpt lat="53.32340624" lon="-121.89486401">
      </trkpt>
      <trkpt lat="53.32339265" lon="-121.89489276">
      </trkpt>
      <trkpt lat="53.32338236" lon="-121.89491006">
      </trkpt>
      <trkpt lat="53.32335824" lon="-121.8949447">
      </trkpt>
      <trkpt lat="53.32333069" lon="-121.89498511">
      </trkpt>
      <trkpt lat="53.32330672" lon="-121.89502543">
      </trkpt>
      <trkpt lat="53.32328946" lon="-121.89504854">
      </trkpt>
      <trkpt lat="53.32326878" lon="-121.89507741">
      </trkpt>
      <trkpt lat="53.32325495" lon="-121.89509476">
      </trkpt>
      <trkpt lat="53.32323072" lon="-121.89512369">
      </trkpt>
      <trkpt lat="53.32320991" lon="-121.89514688">
      </trkpt>
      <trkpt lat="53.32319622" lon="-121.8951699">
      </trkpt>
      <trkpt lat="53.32317884" lon="-121.89518733">
      </trkpt>
      <trkpt lat="53.32315817" lon="-121.89521619">
      </trkpt>
      <trkpt lat="53.32315476" lon="-121.89522193">
      </trkpt>
      <trkpt lat="53.32313751" lon="-121.89524503">
      </trkpt>
      <trkpt lat="53.32310645" lon="-121.89528546">
      </trkpt>
      <trkpt lat="53.32310303" lon="-121.8952912">
      </trkpt>
      <trkpt lat="53.32307568" lon="-121.8953372">
      </trkpt>
      <trkpt lat="53.32305162" lon="-121.89537176">
      </trkpt>
      <trkpt lat="53.32303453" lon="-121.89540049">
      </trkpt>
      <trkpt lat="53.32301063" lon="-121.89544071">
      </trkpt>
      <trkpt lat="53.32299028" lon="-121.89547501">
      </trkpt>
      <trkpt lat="53.32297014" lon="-121.89550328">
      </trkpt>
      <trkpt lat="53.32296677" lon="-121.89551478">
      </trkpt>
      <trkpt lat="53.32295292" lon="-121.89553215">
      </trkpt>
      <trkpt lat="53.32291168" lon="-121.89560713">
      </trkpt>
      <trkpt lat="53.32289791" lon="-121.89563021">
      </trkpt>
      <trkpt lat="53.32288415" lon="-121.89565328">
      </trkpt>
      <trkpt lat="53.32287046" lon="-121.89568209">
      </trkpt>
      <trkpt lat="53.32286365" lon="-121.89569934">
      </trkpt>
      <trkpt lat="53.32285692" lon="-121.89572232">
      </trkpt>
      <trkpt lat="53.32283979" lon="-121.89575687">
      </trkpt>
      <trkpt lat="53.32283651" lon="-121.89577407">
      </trkpt>
      <trkpt lat="53.32282619" lon="-121.89579137">
      </trkpt>
      <trkpt lat="53.32281954" lon="-121.89582006">
      </trkpt>
      <trkpt lat="53.32280624" lon="-121.89587741">
      </trkpt>
      <trkpt lat="53.32270788" lon="-121.89602998">
      </trkpt>
      <trkpt lat="53.32270746" lon="-121.89607899">
      </trkpt>
      <trkpt lat="53.32268447" lon="-121.8961277">
      </trkpt>
      <trkpt lat="53.32266713" lon="-121.89617651">
      </trkpt>
      <trkpt lat="53.3225366" lon="-121.89638651">
      </trkpt>
      <trkpt lat="53.32253067" lon="-121.89645381">
      </trkpt>
      <trkpt lat="53.32247956" lon="-121.89657753">
      </trkpt>
      <trkpt lat="53.3224514" lon="-121.89665259">
      </trkpt>
      <trkpt lat="53.32244014" lon="-121.89668074">
      </trkpt>
      <trkpt lat="53.32242325" lon="-121.89672769">
      </trkpt>
      <trkpt lat="53.32238947" lon="-121.89679322">
      </trkpt>
      <trkpt lat="53.32238945" lon="-121.89682162">
      </trkpt>
      <trkpt lat="53.32236657" lon="-121.89690765">
      </trkpt>
      <trkpt lat="53.32234362" lon="-121.89696597">
      </trkpt>
      <trkpt lat="53.32233231" lon="-121.89698493">
      </trkpt>
      <trkpt lat="53.32230384" lon="-121.89705199">
      </trkpt>
      <trkpt lat="53.32226959" lon="-121.89711974">
      </trkpt>
      <trkpt lat="53.3222355" lon="-121.89716794">
      </trkpt>
      <trkpt lat="53.32220727" lon="-121.89722456">
      </trkpt>
      <trkpt lat="53.32218468" lon="-121.89727178">
      </trkpt>
      <trkpt lat="53.32215644" lon="-121.89732839">
      </trkpt>
      <trkpt lat="53.32211683" lon="-121.89741374">
      </trkpt>
      <trkpt lat="53.32202609" lon="-121.89758571">
      </trkpt>
      <trkpt lat="53.32198031" lon="-121.89769289">
      </trkpt>
      <trkpt lat="53.32195757" lon="-121.89773162">
      </trkpt>
      <trkpt lat="53.32193484" lon="-121.89777035">
      </trkpt>
      <trkpt lat="53.32191772" lon="-121.89780922">
      </trkpt>
      <trkpt lat="53.32190045" lon="-121.8978678">
      </trkpt>
      <trkpt lat="53.32188887" lon="-121.89791665">
      </trkpt>
      <trkpt lat="53.32183201" lon="-121.89803286">
      </trkpt>
      <trkpt lat="53.32180352" lon="-121.89810085">
      </trkpt>
      <trkpt lat="53.32175856" lon="-121.89821337">
      </trkpt>
      <trkpt lat="53.32171357" lon="-121.89832591">
      </trkpt>
      <trkpt lat="53.32169669" lon="-121.89837289">
      </trkpt>
      <trkpt lat="53.32165171" lon="-121.89846668">
      </trkpt>
      <trkpt lat="53.32163474" lon="-121.89851426">
      </trkpt>
      <trkpt lat="53.32160081" lon="-121.89858132">
      </trkpt>
      <trkpt lat="53.32157257" lon="-121.89866677">
      </trkpt>
      <trkpt lat="53.32155" lon="-121.89871436">
      </trkpt>
      <trkpt lat="53.32152176" lon="-121.89878105">
      </trkpt>
      <trkpt lat="53.32149361" lon="-121.89886603">
      </trkpt>
      <trkpt lat="53.32146549" lon="-121.8989319">
      </trkpt>
      <trkpt lat="53.3214316" lon="-121.89902712">
      </trkpt>
      <trkpt lat="53.32138086" lon="-121.89916027">
      </trkpt>
      <trkpt lat="53.32134713" lon="-121.89925402">
      </trkpt>
      <trkpt lat="53.321319" lon="-121.89934876">
      </trkpt>
      <trkpt lat="53.32129647" lon="-121.89940576">
      </trkpt>
      <trkpt lat="53.32126271" lon="-121.89948167">
      </trkpt>
      <trkpt lat="53.32124024" lon="-121.89953799">
      </trkpt>
      <trkpt lat="53.32122338" lon="-121.89960395">
      </trkpt>
      <trkpt lat="53.3211953" lon="-121.89966971">
      </trkpt>
      <trkpt lat="53.32117281" lon="-121.89975449">
      </trkpt>
      <trkpt lat="53.32114472" lon="-121.89983918">
      </trkpt>
      <trkpt lat="53.32112787" lon="-121.89989564">
      </trkpt>
      <trkpt lat="53.321111" lon="-121.89997104">
      </trkpt>
      <trkpt lat="53.32108855" lon="-121.9000463">
      </trkpt>
      <trkpt lat="53.32107172" lon="-121.90009327">
      </trkpt>
      <trkpt lat="53.32105485" lon="-121.90016863">
      </trkpt>
      <trkpt lat="53.32102676" lon="-121.90030091">
      </trkpt>
      <trkpt lat="53.32100993" lon="-121.90036712">
      </trkpt>
      <trkpt lat="53.32098186" lon="-121.90050815">
      </trkpt>
      <trkpt lat="53.32095941" lon="-121.90060187">
      </trkpt>
      <trkpt lat="53.32094258" lon="-121.9006863">
      </trkpt>
      <trkpt lat="53.32093134" lon="-121.90078977">
      </trkpt>
      <trkpt lat="53.32092014" lon="-121.90085551">
      </trkpt>
      <trkpt lat="53.32090332" lon="-121.90095929">
      </trkpt>
      <trkpt lat="53.32089213" lon="-121.90101583">
      </trkpt>
      <trkpt lat="53.32088654" lon="-121.90106302">
      </trkpt>
      <trkpt lat="53.32087534" lon="-121.90112873">
      </trkpt>
      <trkpt lat="53.32086413" lon="-121.90117557">
      </trkpt>
      <trkpt lat="53.32085853" lon="-121.90124132">
      </trkpt>
      <trkpt lat="53.32084733" lon="-121.90133517">
      </trkpt>
      <trkpt lat="53.32083617" lon="-121.90143872">
      </trkpt>
      <trkpt lat="53.32082504" lon="-121.90154223">
      </trkpt>
      <trkpt lat="53.32080266" lon="-121.90163579">
      </trkpt>
      <trkpt lat="53.32079144" lon="-121.90172928">
      </trkpt>
      <trkpt lat="53.32078583" lon="-121.90175728">
      </trkpt>
      <trkpt lat="53.32077462" lon="-121.90180393">
      </trkpt>
      <trkpt lat="53.32076339" lon="-121.90187865">
      </trkpt>
      <trkpt lat="53.32075781" lon="-121.9019255">
      </trkpt>
      <trkpt lat="53.32075782" lon="-121.90195362">
      </trkpt>
      <trkpt lat="53.32075784" lon="-121.90205671">
      </trkpt>
      <trkpt lat="53.32075226" lon="-121.90212225">
      </trkpt>
      <trkpt lat="53.32075228" lon="-121.90218779">
      </trkpt>
      <trkpt lat="53.32075229" lon="-121.90225328">
      </trkpt>
      <trkpt lat="53.32075231" lon="-121.90234685">
      </trkpt>
      <trkpt lat="53.32075232" lon="-121.90242166">
      </trkpt>
      <trkpt lat="53.3207412" lon="-121.90260849">
      </trkpt>
      <trkpt lat="53.32074124" lon="-121.90275787">
      </trkpt>
      <trkpt lat="53.32074126" lon="-121.90286981">
      </trkpt>
      <trkpt lat="53.32074128" lon="-121.90292576">
      </trkpt>
      <trkpt lat="53.32073021" lon="-121.90300962">
      </trkpt>
      <trkpt lat="53.32072469" lon="-121.90310274">
      </trkpt>
      <trkpt lat="53.32071907" lon="-121.90315863">
      </trkpt>
      <trkpt lat="53.32070786" lon="-121.9032425">
      </trkpt>
      <trkpt lat="53.32070789" lon="-121.9032797">
      </trkpt>
      <trkpt lat="53.32070237" lon="-121.90333551">
      </trkpt>
      <trkpt lat="53.32069681" lon="-121.90338202">
      </trkpt>
      <trkpt lat="53.32069133" lon="-121.90346562">
      </trkpt>
      <trkpt lat="53.3206914" lon="-121.90354919">
      </trkpt>
      <trkpt lat="53.32068038" lon="-121.90367908">
      </trkpt>
      <trkpt lat="53.3206804" lon="-121.90372547">
      </trkpt>
      <trkpt lat="53.32067487" lon="-121.90379044">
      </trkpt>
      <trkpt lat="53.3206693" lon="-121.90388329">
      </trkpt>
      <trkpt lat="53.3206637" lon="-121.90394838">
      </trkpt>
      <trkpt lat="53.3206526" lon="-121.9040504">
      </trkpt>
      <trkpt lat="53.32063593" lon="-121.90418033">
      </trkpt>
      <trkpt lat="53.3206359" lon="-121.9042361">
      </trkpt>
      <trkpt lat="53.32063587" lon="-121.90427328">
      </trkpt>
      <trkpt lat="53.32063589" lon="-121.90431959">
      </trkpt>
      <trkpt lat="53.32063592" lon="-121.90438437">
      </trkpt>
      <trkpt lat="53.32063597" lon="-121.90447688">
      </trkpt>
      <trkpt lat="53.32063602" lon="-121.90457858">
      </trkpt>
      <trkpt lat="53.32063599" lon="-121.90464357">
      </trkpt>
      <trkpt lat="53.32063592" lon="-121.904755">
      </trkpt>
      <trkpt lat="53.32064708" lon="-121.90489357">
      </trkpt>
      <trkpt lat="53.32064711" lon="-121.90496741">
      </trkpt>
      <trkpt lat="53.32065262" lon="-121.90505084">
      </trkpt>
      <trkpt lat="53.32065812" lon="-121.90515284">
      </trkpt>
      <trkpt lat="53.32065809" lon="-121.90520851">
      </trkpt>
      <trkpt lat="53.32066367" lon="-121.90532842">
      </trkpt>
      <trkpt lat="53.32066371" lon="-121.90541133">
      </trkpt>
      <trkpt lat="53.32066379" lon="-121.905577">
      </trkpt>
      <trkpt lat="53.32066371" lon="-121.90569748">
      </trkpt>
      <trkpt lat="53.32066923" lon="-121.90576225">
      </trkpt>
      <trkpt lat="53.32066916" lon="-121.90587349">
      </trkpt>
      <trkpt lat="53.32066913" lon="-121.90591983">
      </trkpt>
      <trkpt lat="53.32066909" lon="-121.90597546">
      </trkpt>
      <trkpt lat="53.3206746" lon="-121.90604948">
      </trkpt>
      <trkpt lat="53.32068569" lon="-121.90609554">
      </trkpt>
      <trkpt lat="53.32068562" lon="-121.90618824">
      </trkpt>
      <trkpt lat="53.32069668" lon="-121.90629889">
      </trkpt>
      <trkpt lat="53.32069669" lon="-121.90630807">
      </trkpt>
      <trkpt lat="53.32071885" lon="-121.90641821">
      </trkpt>
      <trkpt lat="53.32072441" lon="-121.90645474">
      </trkpt>
      <trkpt lat="53.32075763" lon="-121.90661067">
      </trkpt>
      <trkpt lat="53.32076869" lon="-121.90666581">
      </trkpt>
      <trkpt lat="53.32077974" lon="-121.906721">
      </trkpt>
      <trkpt lat="53.32079078" lon="-121.90678545">
      </trkpt>
      <trkpt lat="53.32080735" lon="-121.90685897">
      </trkpt>
      <trkpt lat="53.32081287" lon="-121.9068958">
      </trkpt>
      <trkpt lat="53.32082391" lon="-121.90695096">
      </trkpt>
      <trkpt lat="53.32083492" lon="-121.90703395">
      </trkpt>
      <trkpt lat="53.32084045" lon="-121.90704311">
      </trkpt>
      <trkpt lat="53.32085696" lon="-121.90712674">
      </trkpt>
      <trkpt lat="53.32087351" lon="-121.90720038">
      </trkpt>
      <trkpt lat="53.32087351" lon="-121.90720963">
      </trkpt>
      <trkpt lat="53.32088454" lon="-121.90724639">
      </trkpt>
      <trkpt lat="53.32089559" lon="-121.90728314">
      </trkpt>
      <trkpt lat="53.32091214" lon="-121.907329">
      </trkpt>
      <trkpt lat="53.32092869" lon="-121.90739335">
      </trkpt>
      <trkpt lat="53.32095076" lon="-121.90744831">
      </trkpt>
      <trkpt lat="53.32096731" lon="-121.90748489">
      </trkpt>
      <trkpt lat="53.32098938" lon="-121.90753058">
      </trkpt>
      <trkpt lat="53.32100594" lon="-121.9075579">
      </trkpt>
      <trkpt lat="53.32103351" lon="-121.90761267">
      </trkpt>
      <trkpt lat="53.32106109" lon="-121.90764895">
      </trkpt>
      <trkpt lat="53.32108315" lon="-121.90768535">
      </trkpt>
      <trkpt lat="53.32111071" lon="-121.90773084">
      </trkpt>
      <trkpt lat="53.32112172" lon="-121.90774903">
      </trkpt>
      <trkpt lat="53.32113824" lon="-121.90778555">
      </trkpt>
      <trkpt lat="53.32116028" lon="-121.90782191">
      </trkpt>
      <trkpt lat="53.32118779" lon="-121.90789507">
      </trkpt>
      <trkpt lat="53.3212098" lon="-121.90795911">
      </trkpt>
      <trkpt lat="53.3212373" lon="-121.90802299">
      </trkpt>
      <trkpt lat="53.3212538" lon="-121.90807824">
      </trkpt>
      <trkpt lat="53.3212648" lon="-121.90811498">
      </trkpt>
      <trkpt lat="53.32128131" lon="-121.90814241">
      </trkpt>
      <trkpt lat="53.32129782" lon="-121.90818845">
      </trkpt>
      <trkpt lat="53.32130881" lon="-121.90822533">
      </trkpt>
      <trkpt lat="53.32134183" lon="-121.9083081">
      </trkpt>
      <trkpt lat="53.32135832" lon="-121.90837273">
      </trkpt>
      <trkpt lat="53.32137479" lon="-121.90846475">
      </trkpt>
      <trkpt lat="53.32139674" lon="-121.90855638">
      </trkpt>
      <trkpt lat="53.32140771" lon="-121.90859296">
      </trkpt>
      <trkpt lat="53.32142416" lon="-121.90867548">
      </trkpt>
      <trkpt lat="53.32144059" lon="-121.90874869">
      </trkpt>
      <trkpt lat="53.32144056" lon="-121.90876684">
      </trkpt>
      <trkpt lat="53.32144599" lon="-121.90880296">
      </trkpt>
      <trkpt lat="53.32145689" lon="-121.90885702">
      </trkpt>
      <trkpt lat="53.32146776" lon="-121.90892013">
      </trkpt>
      <trkpt lat="53.32148395" lon="-121.90906454">
      </trkpt>
      <trkpt lat="53.32148924" lon="-121.90916393">
      </trkpt>
      <trkpt lat="53.32149461" lon="-121.90922708">
      </trkpt>
      <trkpt lat="53.32149452" lon="-121.90928171">
      </trkpt>
      <trkpt lat="53.32149981" lon="-121.90934379">
      </trkpt>
      <trkpt lat="53.32150519" lon="-121.90937931">
      </trkpt>
      <trkpt lat="53.32151068" lon="-121.90941624">
      </trkpt>
      <trkpt lat="53.32151605" lon="-121.90948887">
      </trkpt>
      <trkpt lat="53.32151598" lon="-121.909525">
      </trkpt>
      <trkpt lat="53.32152133" lon="-121.90959733">
      </trkpt>
      <trkpt lat="53.32152679" lon="-121.90966177">
      </trkpt>
      <trkpt lat="53.32153765" lon="-121.90974367">
      </trkpt>
      <trkpt lat="53.32154861" lon="-121.90980819">
      </trkpt>
      <trkpt lat="53.32155413" lon="-121.90984561">
      </trkpt>
      <trkpt lat="53.32155947" lon="-121.90990853">
      </trkpt>
      <trkpt lat="53.32156485" lon="-121.90996276">
      </trkpt>
      <trkpt lat="53.3215758" lon="-121.91000865">
      </trkpt>
      <trkpt lat="53.32157582" lon="-121.91002743">
      </trkpt>
      <trkpt lat="53.32158687" lon="-121.91012106">
      </trkpt>
      <trkpt lat="53.32159791" lon="-121.91021439">
      </trkpt>
      <trkpt lat="53.32160344" lon="-121.91025199">
      </trkpt>
      <trkpt lat="53.32162559" lon="-121.91042117">
      </trkpt>
      <trkpt lat="53.32164764" lon="-121.91067247">
      </trkpt>
      <trkpt lat="53.32164365" lon="-121.91085211">
      </trkpt>
      <trkpt lat="53.32164374" lon="-121.91090021">
      </trkpt>
      <trkpt lat="53.3216438" lon="-121.9109403">
      </trkpt>
      <trkpt lat="53.32164388" lon="-121.91098847">
      </trkpt>
      <trkpt lat="53.32164385" lon="-121.91102877">
      </trkpt>
      <trkpt lat="53.32164381" lon="-121.9111013">
      </trkpt>
      <trkpt lat="53.3216439" lon="-121.91117359">
      </trkpt>
      <trkpt lat="53.32164424" lon="-121.91125358">
      </trkpt>
      <trkpt lat="53.32164444" lon="-121.91130968">
      </trkpt>
      <trkpt lat="53.32164496" lon="-121.91138958">
      </trkpt>
      <trkpt lat="53.32163114" lon="-121.9114613">
      </trkpt>
      <trkpt lat="53.32162169" lon="-121.91147715">
      </trkpt>
      <trkpt lat="53.32160231" lon="-121.9115095">
      </trkpt>
      <trkpt lat="53.32157316" lon="-121.91153393">
      </trkpt>
      <trkpt lat="53.32155856" lon="-121.9115502">
      </trkpt>
      <trkpt lat="53.32153425" lon="-121.91157461">
      </trkpt>
      <trkpt lat="53.32150993" lon="-121.91160711">
      </trkpt>
      <trkpt lat="53.32148565" lon="-121.91163149">
      </trkpt>
      <trkpt lat="53.32148078" lon="-121.9116396">
      </trkpt>
      <trkpt lat="53.32145649" lon="-121.91167205">
      </trkpt>
      <trkpt lat="53.32143712" lon="-121.91169632">
      </trkpt>
      <trkpt lat="53.3214226" lon="-121.91172057">
      </trkpt>
      <trkpt lat="53.32139359" lon="-121.91176093">
      </trkpt>
      <trkpt lat="53.32137425" lon="-121.91178516">
      </trkpt>
      <trkpt lat="53.32135492" lon="-121.91180939">
      </trkpt>
      <trkpt lat="53.32133078" lon="-121.91183358">
      </trkpt>
      <trkpt lat="53.32129694" lon="-121.9118659">
      </trkpt>
      <trkpt lat="53.32126794" lon="-121.91189016">
      </trkpt>
      <trkpt lat="53.32121962" lon="-121.91193061">
      </trkpt>
      <trkpt lat="53.32120032" lon="-121.9119387">
      </trkpt>
      <trkpt lat="53.3211617" lon="-121.91197102">
      </trkpt>
      <trkpt lat="53.32111345" lon="-121.91201137">
      </trkpt>
      <trkpt lat="53.32108458" lon="-121.91202742">
      </trkpt>
      <trkpt lat="53.32105091" lon="-121.91205148">
      </trkpt>
      <trkpt lat="53.32097873" lon="-121.91210767">
      </trkpt>
      <trkpt lat="53.32093061" lon="-121.91213978">
      </trkpt>
      <trkpt lat="53.32088247" lon="-121.91217995">
      </trkpt>
      <trkpt lat="53.3208584" lon="-121.91218793">
      </trkpt>
      <trkpt lat="53.32083434" lon="-121.9121959">
      </trkpt>
      <trkpt lat="53.32078619" lon="-121.91221188">
      </trkpt>
      <trkpt lat="53.32072357" lon="-121.9122359">
      </trkpt>
      <trkpt lat="53.3206706" lon="-121.91226805">
      </trkpt>
      <trkpt lat="53.32066097" lon="-121.91227609">
      </trkpt>
      <trkpt lat="53.32062726" lon="-121.91230021">
      </trkpt>
      <trkpt lat="53.32060318" lon="-121.91231629">
      </trkpt>
      <trkpt lat="53.32057429" lon="-121.91234041">
      </trkpt>
      <trkpt lat="53.32052612" lon="-121.91237255">
      </trkpt>
      <trkpt lat="53.32050682" lon="-121.91238057">
      </trkpt>
      <trkpt lat="53.32045863" lon="-121.91242076">
      </trkpt>
      <trkpt lat="53.32042489" lon="-121.91244488">
      </trkpt>
      <trkpt lat="53.32039111" lon="-121.91246095">
      </trkpt>
      <trkpt lat="53.32036701" lon="-121.91248509">
      </trkpt>
      <trkpt lat="53.32032361" lon="-121.91251726">
      </trkpt>
      <trkpt lat="53.32026081" lon="-121.91255749">
      </trkpt>
      <trkpt lat="53.32021239" lon="-121.9125897">
      </trkpt>
      <trkpt lat="53.32015909" lon="-121.91263808">
      </trkpt>
      <trkpt lat="53.32010086" lon="-121.91267034">
      </trkpt>
      <trkpt lat="53.32006205" lon="-121.91270262">
      </trkpt>
      <trkpt lat="53.32001356" lon="-121.91273491">
      </trkpt>
      <trkpt lat="53.3199893" lon="-121.91275106">
      </trkpt>
      <trkpt lat="53.31996017" lon="-121.91276722">
      </trkpt>
      <trkpt lat="53.31993098" lon="-121.91277533">
      </trkpt>
      <trkpt lat="53.31987272" lon="-121.91279957">
      </trkpt>
      <trkpt lat="53.31984359" lon="-121.91280766">
      </trkpt>
      <trkpt lat="53.31981932" lon="-121.91281574">
      </trkpt>
      <trkpt lat="53.31981446" lon="-121.91281573">
      </trkpt>
      <trkpt lat="53.31976105" lon="-121.9128319">
      </trkpt>
      <trkpt lat="53.31975137" lon="-121.91283996">
      </trkpt>
      <trkpt lat="53.31970778" lon="-121.9128561">
      </trkpt>
      <trkpt lat="53.31965933" lon="-121.91287222">
      </trkpt>
      <trkpt lat="53.31963519" lon="-121.91288835">
      </trkpt>
      <trkpt lat="53.31961597" lon="-121.91291253">
      </trkpt>
      <trkpt lat="53.31956757" lon="-121.91292865">
      </trkpt>
      <trkpt lat="53.3195193" lon="-121.9129609">
      </trkpt>
      <trkpt lat="53.31949031" lon="-121.91297702">
      </trkpt>
      <trkpt lat="53.31942276" lon="-121.91302536">
      </trkpt>
      <trkpt lat="53.31937452" lon="-121.91304949">
      </trkpt>
      <trkpt lat="53.31935044" lon="-121.91305751">
      </trkpt>
      <trkpt lat="53.3193167" lon="-121.9130655">
      </trkpt>
      <trkpt lat="53.31928795" lon="-121.91308959">
      </trkpt>
      <trkpt lat="53.31924464" lon="-121.91310563">
      </trkpt>
      <trkpt lat="53.31919193" lon="-121.91314576">
      </trkpt>
      <trkpt lat="53.31913909" lon="-121.91316978">
      </trkpt>
      <trkpt lat="53.31907669" lon="-121.91320183">
      </trkpt>
      <trkpt lat="53.31904785" lon="-121.91321787">
      </trkpt>
      <trkpt lat="53.31901902" lon="-121.91324199">
      </trkpt>
      <trkpt lat="53.31898051" lon="-121.91325804">
      </trkpt>
      <trkpt lat="53.31894204" lon="-121.91328213">
      </trkpt>
      <trkpt lat="53.31886986" lon="-121.91332229">
      </trkpt>
      <trkpt lat="53.31880211" lon="-121.91336263">
      </trkpt>
      <trkpt lat="53.31874886" lon="-121.91339489">
      </trkpt>
      <trkpt lat="53.31871489" lon="-121.91340299">
      </trkpt>
      <trkpt lat="53.3186906" lon="-121.91341917">
      </trkpt>
      <trkpt lat="53.31866131" lon="-121.91343542">
      </trkpt>
      <trkpt lat="53.31861732" lon="-121.91345172">
      </trkpt>
      <trkpt lat="53.31859782" lon="-121.91346793">
      </trkpt>
      <trkpt lat="53.3185635" lon="-121.9134681">
      </trkpt>
      <trkpt lat="53.31853909" lon="-121.91348433">
      </trkpt>
      <trkpt lat="53.31848079" lon="-121.91350862">
      </trkpt>
      <trkpt lat="53.31841279" lon="-121.91353291">
      </trkpt>
      <trkpt lat="53.31837401" lon="-121.91355715">
      </trkpt>
      <trkpt lat="53.318335" lon="-121.91356532">
      </trkpt>
      <trkpt lat="53.31831547" lon="-121.91357345">
      </trkpt>
      <trkpt lat="53.31828624" lon="-121.91358968">
      </trkpt>
      <trkpt lat="53.31824704" lon="-121.91359793">
      </trkpt>
      <trkpt lat="53.31822243" lon="-121.91359807">
      </trkpt>
      <trkpt lat="53.31819318" lon="-121.91361431">
      </trkpt>
      <trkpt lat="53.31815394" lon="-121.91362256">
      </trkpt>
      <trkpt lat="53.31807082" lon="-121.91364708">
      </trkpt>
      <trkpt lat="53.31800745" lon="-121.91367144">
      </trkpt>
      <trkpt lat="53.3179632" lon="-121.91368786">
      </trkpt>
      <trkpt lat="53.31791391" lon="-121.91369625">
      </trkpt>
      <trkpt lat="53.31788443" lon="-121.91371258">
      </trkpt>
      <trkpt lat="53.31778535" lon="-121.91375385">
      </trkpt>
      <trkpt lat="53.31772042" lon="-121.91376265">
      </trkpt>
      <trkpt lat="53.31768546" lon="-121.91377112">
      </trkpt>
      <trkpt lat="53.3176557" lon="-121.91377946">
      </trkpt>
      <trkpt lat="53.317631" lon="-121.91378771">
      </trkpt>
      <trkpt lat="53.31759633" lon="-121.91379605">
      </trkpt>
      <trkpt lat="53.31756641" lon="-121.91380445">
      </trkpt>
      <trkpt lat="53.31753631" lon="-121.91380479">
      </trkpt>
      <trkpt lat="53.31748664" lon="-121.91381327">
      </trkpt>
      <trkpt lat="53.31745243" lon="-121.91382141">
      </trkpt>
      <trkpt lat="53.31743279" lon="-121.91382147">
      </trkpt>
      <trkpt lat="53.3174084" lon="-121.91382959">
      </trkpt>
      <trkpt lat="53.31738401" lon="-121.91383771">
      </trkpt>
      <trkpt lat="53.31736436" lon="-121.91383776">
      </trkpt>
      <trkpt lat="53.31732522" lon="-121.91384593">
      </trkpt>
      <trkpt lat="53.31731066" lon="-121.91385403">
      </trkpt>
      <trkpt lat="53.31727133" lon="-121.91385414">
      </trkpt>
      <trkpt lat="53.31723199" lon="-121.91385423">
      </trkpt>
      <trkpt lat="53.31721704" lon="-121.91384622">
      </trkpt>
      <trkpt lat="53.31719738" lon="-121.91383814">
      </trkpt>
      <trkpt lat="53.31717299" lon="-121.91382998">
      </trkpt>
      <trkpt lat="53.31712058" lon="-121.91379697">
      </trkpt>
      <trkpt lat="53.31711112" lon="-121.91378873">
      </trkpt>
      <trkpt lat="53.3170922" lon="-121.91377224">
      </trkpt>
      <trkpt lat="53.31706373" lon="-121.91373944">
      </trkpt>
      <trkpt lat="53.31704448" lon="-121.91371495">
      </trkpt>
      <trkpt lat="53.31701499" lon="-121.91368249">
      </trkpt>
      <trkpt lat="53.31699621" lon="-121.91367413">
      </trkpt>
      <trkpt lat="53.31698161" lon="-121.91365786">
      </trkpt>
      <trkpt lat="53.31695199" lon="-121.91362542">
      </trkpt>
      <trkpt lat="53.31692754" lon="-121.91360105">
      </trkpt>
      <trkpt lat="53.31691311" lon="-121.91358471">
      </trkpt>
      <trkpt lat="53.31689381" lon="-121.91356026">
      </trkpt>
      <trkpt lat="53.31685504" lon="-121.91351951">
      </trkpt>
      <trkpt lat="53.31681792" lon="-121.91347836">
      </trkpt>
      <trkpt lat="53.31680333" lon="-121.91345394">
      </trkpt>
      <trkpt lat="53.31676" lon="-121.91339689">
      </trkpt>
      <trkpt lat="53.31673108" lon="-121.91335617">
      </trkpt>
      <trkpt lat="53.31671104" lon="-121.91328313">
      </trkpt>
      <trkpt lat="53.31670186" lon="-121.91325051">
      </trkpt>
      <trkpt lat="53.31669727" lon="-121.9132342">
      </trkpt>
      <trkpt lat="53.31664967" lon="-121.91307147">
      </trkpt>
      <trkpt lat="53.31663505" lon="-121.91303083">
      </trkpt>
      <trkpt lat="53.3166298" lon="-121.91299025">
      </trkpt>
      <trkpt lat="53.31653196" lon="-121.91257836">
      </trkpt>
      <trkpt lat="53.3165223" lon="-121.91253787">
      </trkpt>
      <trkpt lat="53.31651273" lon="-121.91249772">
      </trkpt>
      <trkpt lat="53.31649819" lon="-121.91245705">
      </trkpt>
      <trkpt lat="53.31649341" lon="-121.91242471">
      </trkpt>
      <trkpt lat="53.31648369" lon="-121.91239208">
      </trkpt>
      <trkpt lat="53.31647408" lon="-121.91233542">
      </trkpt>
      <trkpt lat="53.31645963" lon="-121.91227886">
      </trkpt>
      <trkpt lat="53.31645014" lon="-121.91219839">
      </trkpt>
      <trkpt lat="53.31643547" lon="-121.91214081">
      </trkpt>
      <trkpt lat="53.3164257" lon="-121.91209973">
      </trkpt>
      <trkpt lat="53.31640632" lon="-121.91201833">
      </trkpt>
      <trkpt lat="53.31639687" lon="-121.91196247">
      </trkpt>
      <trkpt lat="53.31638262" lon="-121.9118987">
      </trkpt>
      <trkpt lat="53.31637326" lon="-121.91183501">
      </trkpt>
      <trkpt lat="53.31635901" lon="-121.9117876">
      </trkpt>
      <trkpt lat="53.31635925" lon="-121.91175599">
      </trkpt>
      <trkpt lat="53.31634012" lon="-121.91167582">
      </trkpt>
      <trkpt lat="53.3163258" lon="-121.91161166">
      </trkpt>
      <trkpt lat="53.3163016" lon="-121.91147332">
      </trkpt>
      <trkpt lat="53.3162725" lon="-121.91139202">
      </trkpt>
      <trkpt lat="53.31625308" lon="-121.91131051">
      </trkpt>
      <trkpt lat="53.31621431" lon="-121.91122946">
      </trkpt>
      <trkpt lat="53.31619499" lon="-121.91117296">
      </trkpt>
      <trkpt lat="53.31618049" lon="-121.91112435">
      </trkpt>
      <trkpt lat="53.31616092" lon="-121.91106675">
      </trkpt>
      <trkpt lat="53.31615112" lon="-121.91105001">
      </trkpt>
      <trkpt lat="53.31613643" lon="-121.91099234">
      </trkpt>
      <trkpt lat="53.31612181" lon="-121.91095137">
      </trkpt>
      <trkpt lat="53.31610726" lon="-121.91091073">
      </trkpt>
      <trkpt lat="53.31607806" lon="-121.9108617">
      </trkpt>
      <trkpt lat="53.31606343" lon="-121.91081241">
      </trkpt>
      <trkpt lat="53.316039" lon="-121.91077094">
      </trkpt>
      <trkpt lat="53.31600481" lon="-121.9107129">
      </trkpt>
      <trkpt lat="53.31598529" lon="-121.91066347">
      </trkpt>
      <trkpt lat="53.31596093" lon="-121.91061412">
      </trkpt>
      <trkpt lat="53.31595126" lon="-121.91057359">
      </trkpt>
      <trkpt lat="53.31593672" lon="-121.91054116">
      </trkpt>
      <trkpt lat="53.31592706" lon="-121.91050071">
      </trkpt>
      <trkpt lat="53.3159076" lon="-121.91045973">
      </trkpt>
      <trkpt lat="53.31589307" lon="-121.91041102">
      </trkpt>
      <trkpt lat="53.31587852" lon="-121.91037038">
      </trkpt>
      <trkpt lat="53.31585909" lon="-121.91032965">
      </trkpt>
      <trkpt lat="53.31584943" lon="-121.91028102">
      </trkpt>
      <trkpt lat="53.3158349" lon="-121.91021595">
      </trkpt>
      <trkpt lat="53.3158252" lon="-121.910118">
      </trkpt>
      <trkpt lat="53.31581555" lon="-121.91006948">
      </trkpt>
      <trkpt lat="53.315801" lon="-121.91001244">
      </trkpt>
      <trkpt lat="53.31577682" lon="-121.90991534">
      </trkpt>
      <trkpt lat="53.31575758" lon="-121.90984339">
      </trkpt>
      <trkpt lat="53.31574314" lon="-121.90976275">
      </trkpt>
      <trkpt lat="53.31571886" lon="-121.90970601">
      </trkpt>
      <trkpt lat="53.3157092" lon="-121.90965751">
      </trkpt>
      <trkpt lat="53.31568005" lon="-121.90958452">
      </trkpt>
      <trkpt lat="53.31566543" lon="-121.90956819">
      </trkpt>
      <trkpt lat="53.315646" lon="-121.90951141">
      </trkpt>
      <trkpt lat="53.31562167" lon="-121.90945456">
      </trkpt>
      <trkpt lat="53.3156022" lon="-121.90942202">
      </trkpt>
      <trkpt lat="53.31557785" lon="-121.90937309">
      </trkpt>
      <trkpt lat="53.31554375" lon="-121.90930784">
      </trkpt>
      <trkpt lat="53.31550962" lon="-121.90925075">
      </trkpt>
      <trkpt lat="53.31549013" lon="-121.90921015">
      </trkpt>
      <trkpt lat="53.31547064" lon="-121.90916927">
      </trkpt>
      <trkpt lat="53.31544627" lon="-121.90910393">
      </trkpt>
      <trkpt lat="53.31543164" lon="-121.90907937">
      </trkpt>
      <trkpt lat="53.3154024" lon="-121.90900585">
      </trkpt>
      <trkpt lat="53.31537803" lon="-121.9089405">
      </trkpt>
      <trkpt lat="53.31536339" lon="-121.90890782">
      </trkpt>
      <trkpt lat="53.31535362" lon="-121.90885903">
      </trkpt>
      <trkpt lat="53.31533901" lon="-121.9087856">
      </trkpt>
      <trkpt lat="53.31531949" lon="-121.90870398">
      </trkpt>
      <trkpt lat="53.31529502" lon="-121.90858169">
      </trkpt>
      <trkpt lat="53.31528035" lon="-121.90854085">
      </trkpt>
      <trkpt lat="53.31526566" lon="-121.90849186">
      </trkpt>
      <trkpt lat="53.3152412" lon="-121.90843466">
      </trkpt>
      <trkpt lat="53.31522165" lon="-121.90837735">
      </trkpt>
      <trkpt lat="53.31520206" lon="-121.90831193">
      </trkpt>
      <trkpt lat="53.31517753" lon="-121.90820558">
      </trkpt>
      <trkpt lat="53.31516771" lon="-121.90816466">
      </trkpt>
      <trkpt lat="53.31514811" lon="-121.9081155">
      </trkpt>
      <trkpt lat="53.31511869" lon="-121.90800897">
      </trkpt>
      <trkpt lat="53.31510893" lon="-121.90797616">
      </trkpt>
      <trkpt lat="53.31508938" lon="-121.90791874">
      </trkpt>
      <trkpt lat="53.31505994" lon="-121.90783672">
      </trkpt>
      <trkpt lat="53.31499614" lon="-121.90764794">
      </trkpt>
      <trkpt lat="53.3149814" lon="-121.90760687">
      </trkpt>
      <trkpt lat="53.31496669" lon="-121.907574">
      </trkpt>
      <trkpt lat="53.31494212" lon="-121.90750825">
      </trkpt>
      <trkpt lat="53.31490271" lon="-121.90740953">
      </trkpt>
      <trkpt lat="53.31487308" lon="-121.90733538">
      </trkpt>
      <trkpt lat="53.31484836" lon="-121.90726942">
      </trkpt>
      <trkpt lat="53.31481373" lon="-121.90717867">
      </trkpt>
      <trkpt lat="53.31476927" lon="-121.90708784">
      </trkpt>
      <trkpt lat="53.31474445" lon="-121.90701344">
      </trkpt>
      <trkpt lat="53.31471458" lon="-121.90693884">
      </trkpt>
      <trkpt lat="53.31469473" lon="-121.90688918">
      </trkpt>
      <trkpt lat="53.31467989" lon="-121.90683962">
      </trkpt>
      <trkpt lat="53.31465542" lon="-121.90679853">
      </trkpt>
      <trkpt lat="53.31462578" lon="-121.9067324">
      </trkpt>
      <trkpt lat="53.31460601" lon="-121.90669101">
      </trkpt>
      <trkpt lat="53.31458145" lon="-121.90665806">
      </trkpt>
      <trkpt lat="53.31454216" lon="-121.90658391">
      </trkpt>
      <trkpt lat="53.31452234" lon="-121.90653424">
      </trkpt>
      <trkpt lat="53.31449729" lon="-121.90646762">
      </trkpt>
      <trkpt lat="53.31447245" lon="-121.90639301">
      </trkpt>
      <trkpt lat="53.31443798" lon="-121.90626922">
      </trkpt>
      <trkpt lat="53.31442812" lon="-121.90622791">
      </trkpt>
      <trkpt lat="53.31441329" lon="-121.90616179">
      </trkpt>
      <trkpt lat="53.31439829" lon="-121.9061119">
      </trkpt>
      <trkpt lat="53.31438345" lon="-121.90608701">
      </trkpt>
      <trkpt lat="53.31436856" lon="-121.90605379">
      </trkpt>
      <trkpt lat="53.31435373" lon="-121.90600418">
      </trkpt>
      <trkpt lat="53.3143194" lon="-121.90593007">
      </trkpt>
      <trkpt lat="53.31430458" lon="-121.9058639">
      </trkpt>
      <trkpt lat="53.31427515" lon="-121.90579803">
      </trkpt>
      <trkpt lat="53.31425058" lon="-121.90573207">
      </trkpt>
      <trkpt lat="53.31423091" lon="-121.90568254">
      </trkpt>
      <trkpt lat="53.31421613" lon="-121.90564951">
      </trkpt>
      <trkpt lat="53.31418651" lon="-121.90556681">
      </trkpt>
      <trkpt lat="53.31415201" lon="-121.90548417">
      </trkpt>
      <trkpt lat="53.31411708" lon="-121.90539249">
      </trkpt>
      <trkpt lat="53.31409209" lon="-121.90532574">
      </trkpt>
      <trkpt lat="53.31405213" lon="-121.9052256">
      </trkpt>
      <trkpt lat="53.31403694" lon="-121.90516702">
      </trkpt>
      <trkpt lat="53.31402192" lon="-121.90512522">
      </trkpt>
      <trkpt lat="53.31400673" lon="-121.90506658">
      </trkpt>
      <trkpt lat="53.31398656" lon="-121.90499958">
      </trkpt>
      <trkpt lat="53.31396659" lon="-121.90494122">
      </trkpt>
      <trkpt lat="53.31395668" lon="-121.90490799">
      </trkpt>
      <trkpt lat="53.3139421" lon="-121.90487533">
      </trkpt>
      <trkpt lat="53.3139227" lon="-121.90480147">
      </trkpt>
      <trkpt lat="53.31390768" lon="-121.90475144">
      </trkpt>
      <trkpt lat="53.31389272" lon="-121.90471801">
      </trkpt>
      <trkpt lat="53.31384295" lon="-121.90462615">
      </trkpt>
      <trkpt lat="53.31382817" lon="-121.90460137">
      </trkpt>
      <trkpt lat="53.31379862" lon="-121.90455182">
      </trkpt>
      <trkpt lat="53.31375921" lon="-121.90448576">
      </trkpt>
      <trkpt lat="53.31374439" lon="-121.90445262">
      </trkpt>
      <trkpt lat="53.31371469" lon="-121.90438621">
      </trkpt>
      <trkpt lat="53.3137097" lon="-121.90436953">
      </trkpt>
      <trkpt lat="53.31367489" lon="-121.90428622">
      </trkpt>
      <trkpt lat="53.31365032" lon="-121.90423679">
      </trkpt>
      <trkpt lat="53.31361598" lon="-121.90417926">
      </trkpt>
      <trkpt lat="53.31359636" lon="-121.90413812">
      </trkpt>
      <trkpt lat="53.31356693" lon="-121.90410531">
      </trkpt>
      <trkpt lat="53.31354223" lon="-121.90408047">
      </trkpt>
      <trkpt lat="53.3135127" lon="-121.90406406">
      </trkpt>
      <trkpt lat="53.3134733" lon="-121.90403937">
      </trkpt>
      <trkpt lat="53.31345853" lon="-121.90403116">
      </trkpt>
      <trkpt lat="53.31343881" lon="-121.90401463">
      </trkpt>
      <trkpt lat="53.31341413" lon="-121.90398979">
      </trkpt>
      <trkpt lat="53.31337969" lon="-121.90397342">
      </trkpt>
      <trkpt lat="53.31334526" lon="-121.90395705">
      </trkpt>
      <trkpt lat="53.31332069" lon="-121.90394896">
      </trkpt>
      <trkpt lat="53.31328633" lon="-121.90394098">
      </trkpt>
      <trkpt lat="53.313247" lon="-121.90392468">
      </trkpt>
      <trkpt lat="53.3132274" lon="-121.90392489">
      </trkpt>
      <trkpt lat="53.31319782" lon="-121.90392489">
      </trkpt>
      <trkpt lat="53.31316339" lon="-121.9039333">
      </trkpt>
      <trkpt lat="53.31313382" lon="-121.90394162">
      </trkpt>
      <trkpt lat="53.31308938" lon="-121.90396632">
      </trkpt>
      <trkpt lat="53.31306469" lon="-121.90397455">
      </trkpt>
      <trkpt lat="53.31304001" lon="-121.90398277">
      </trkpt>
      <trkpt lat="53.31301015" lon="-121.90399887">
      </trkpt>
      <trkpt lat="53.31297529" lon="-121.9040149">
      </trkpt>
      <trkpt lat="53.31294043" lon="-121.90403094">
      </trkpt>
      <trkpt lat="53.31291056" lon="-121.90403878">
      </trkpt>
      <trkpt lat="53.31288066" lon="-121.9040549">
      </trkpt>
      <trkpt lat="53.31284578" lon="-121.9040792">
      </trkpt>
      <trkpt lat="53.31282087" lon="-121.90411197">
      </trkpt>
      <trkpt lat="53.31280107" lon="-121.90412843">
      </trkpt>
      <trkpt lat="53.31276134" lon="-121.9041446">
      </trkpt>
      <trkpt lat="53.31272174" lon="-121.90417753">
      </trkpt>
      <trkpt lat="53.31257521" lon="-121.90430271">
      </trkpt>
      <trkpt lat="53.312479" lon="-121.90445416">
      </trkpt>
      <trkpt lat="53.31241961" lon="-121.90452855">
      </trkpt>
      <trkpt lat="53.31237505" lon="-121.90458641">
      </trkpt>
      <trkpt lat="53.31233012" lon="-121.90465299">
      </trkpt>
      <trkpt lat="53.31226557" lon="-121.90471116">
      </trkpt>
      <trkpt lat="53.31224571" lon="-121.90472778">
      </trkpt>
      <trkpt lat="53.31223057" lon="-121.90475293">
      </trkpt>
      <trkpt lat="53.31217061" lon="-121.90481977">
      </trkpt>
      <trkpt lat="53.31208017" lon="-121.90492066">
      </trkpt>
      <trkpt lat="53.31205983" lon="-121.90495437">
      </trkpt>
      <trkpt lat="53.31195452" lon="-121.90507183">
      </trkpt>
      <trkpt lat="53.3118794" lon="-121.90516385">
      </trkpt>
      <trkpt lat="53.31180484" lon="-121.90523872">
      </trkpt>
      <trkpt lat="53.31174012" lon="-121.90529718">
      </trkpt>
      <trkpt lat="53.31173006" lon="-121.90531389">
      </trkpt>
      <trkpt lat="53.31169521" lon="-121.90534729">
      </trkpt>
      <trkpt lat="53.31165031" lon="-121.90540559">
      </trkpt>
      <trkpt lat="53.31161062" lon="-121.90545531">
      </trkpt>
      <trkpt lat="53.31153659" lon="-121.90555419">
      </trkpt>
      <trkpt lat="53.31146763" lon="-121.90566111">
      </trkpt>
      <trkpt lat="53.31141878" lon="-121.9057182">
      </trkpt>
      <trkpt lat="53.31139433" lon="-121.90575908">
      </trkpt>
      <trkpt lat="53.31134545" lon="-121.90581621">
      </trkpt>
      <trkpt lat="53.3113107" lon="-121.90587409">
      </trkpt>
      <trkpt lat="53.31125608" lon="-121.90595686">
      </trkpt>
      <trkpt lat="53.3112164" lon="-121.90601476">
      </trkpt>
      <trkpt lat="53.31117674" lon="-121.90607262">
      </trkpt>
      <trkpt lat="53.31114695" lon="-121.90612222">
      </trkpt>
      <trkpt lat="53.31111222" lon="-121.90618008">
      </trkpt>
      <trkpt lat="53.31106278" lon="-121.90624608">
      </trkpt>
      <trkpt lat="53.3110036" lon="-121.90631199">
      </trkpt>
      <trkpt lat="53.31097402" lon="-121.90635312">
      </trkpt>
      <trkpt lat="53.31093495" lon="-121.90639387">
      </trkpt>
      <trkpt lat="53.31091053" lon="-121.90641833">
      </trkpt>
      <trkpt lat="53.31089586" lon="-121.90643464">
      </trkpt>
      <trkpt lat="53.31087147" lon="-121.90645086">
      </trkpt>
      <trkpt lat="53.31085191" lon="-121.90647537">
      </trkpt>
      <trkpt lat="53.31082251" lon="-121.90651625">
      </trkpt>
      <trkpt lat="53.31079313" lon="-121.90655718">
      </trkpt>
      <trkpt lat="53.31076372" lon="-121.90660632">
      </trkpt>
      <trkpt lat="53.31073924" lon="-121.90663903">
      </trkpt>
      <trkpt lat="53.31070985" lon="-121.90667994">
      </trkpt>
      <trkpt lat="53.31069026" lon="-121.90671272">
      </trkpt>
      <trkpt lat="53.31066089" lon="-121.90674538">
      </trkpt>
      <trkpt lat="53.31063147" lon="-121.90678636">
      </trkpt>
      <trkpt lat="53.31060193" lon="-121.90681924">
      </trkpt>
      <trkpt lat="53.31057236" lon="-121.90688497">
      </trkpt>
      <trkpt lat="53.31052327" lon="-121.90696695">
      </trkpt>
      <trkpt lat="53.31049871" lon="-121.90700797">
      </trkpt>
      <trkpt lat="53.31047901" lon="-121.90704904">
      </trkpt>
      <trkpt lat="53.31044949" lon="-121.90709007">
      </trkpt>
      <trkpt lat="53.31042978" lon="-121.90712293">
      </trkpt>
      <trkpt lat="53.31040023" lon="-121.90717222">
      </trkpt>
      <trkpt lat="53.31038544" lon="-121.90720508">
      </trkpt>
      <trkpt lat="53.31036574" lon="-121.90723791">
      </trkpt>
      <trkpt lat="53.31033617" lon="-121.9073036">
      </trkpt>
      <trkpt lat="53.31030663" lon="-121.90736102">
      </trkpt>
      <trkpt lat="53.31028205" lon="-121.90740201">
      </trkpt>
      <trkpt lat="53.31020353" lon="-121.90753305">
      </trkpt>
      <trkpt lat="53.31017411" lon="-121.907574">
      </trkpt>
      <trkpt lat="53.3101496" lon="-121.90760674">
      </trkpt>
      <trkpt lat="53.31013981" lon="-121.9076149">
      </trkpt>
      <trkpt lat="53.31010548" lon="-121.90766402">
      </trkpt>
      <trkpt lat="53.31007605" lon="-121.90771315">
      </trkpt>
      <trkpt lat="53.31006127" lon="-121.90774592">
      </trkpt>
      <trkpt lat="53.31003175" lon="-121.90781143">
      </trkpt>
      <trkpt lat="53.31001211" lon="-121.90784415">
      </trkpt>
      <trkpt lat="53.3099631" lon="-121.90794232">
      </trkpt>
      <trkpt lat="53.30989944" lon="-121.90807323">
      </trkpt>
      <trkpt lat="53.30983574" lon="-121.90818771">
      </trkpt>
      <trkpt lat="53.30980633" lon="-121.90825311">
      </trkpt>
      <trkpt lat="53.30977694" lon="-121.90831033">
      </trkpt>
      <trkpt lat="53.30976224" lon="-121.90833483">
      </trkpt>
      <trkpt lat="53.30971818" lon="-121.90843277">
      </trkpt>
      <trkpt lat="53.3096888" lon="-121.90848988">
      </trkpt>
      <trkpt lat="53.30965944" lon="-121.90855513">
      </trkpt>
      <trkpt lat="53.30962521" lon="-121.90862033">
      </trkpt>
      <trkpt lat="53.30961054" lon="-121.90864477">
      </trkpt>
      <trkpt lat="53.30956654" lon="-121.9087182">
      </trkpt>
      <trkpt lat="53.30949321" lon="-121.90884869">
      </trkpt>
      <trkpt lat="53.30945412" lon="-121.90891393">
      </trkpt>
      <trkpt lat="53.3094248" lon="-121.90896284">
      </trkpt>
      <trkpt lat="53.3093906" lon="-121.9090199">
      </trkpt>
      <trkpt lat="53.30930758" lon="-121.90915845">
      </trkpt>
      <trkpt lat="53.3092734" lon="-121.90922361">
      </trkpt>
      <trkpt lat="53.30923919" lon="-121.90928891">
      </trkpt>
      <trkpt lat="53.3092245" lon="-121.90932163">
      </trkpt>
      <trkpt lat="53.30920002" lon="-121.90937891">
      </trkpt>
      <trkpt lat="53.30918531" lon="-121.90942797">
      </trkpt>
      <trkpt lat="53.30915118" lon="-121.90951751">
      </trkpt>
      <trkpt lat="53.30912681" lon="-121.90959073">
      </trkpt>
      <trkpt lat="53.30908273" lon="-121.90972154">
      </trkpt>
      <trkpt lat="53.30903379" lon="-121.90986045">
      </trkpt>
      <trkpt lat="53.30900451" lon="-121.90995006">
      </trkpt>
      <trkpt lat="53.30896547" lon="-121.9100641">
      </trkpt>
      <trkpt lat="53.30892629" lon="-121.91017858">
      </trkpt>
      <trkpt lat="53.30892137" lon="-121.91019499">
      </trkpt>
      <trkpt lat="53.30890174" lon="-121.91026047">
      </trkpt>
      <trkpt lat="53.30889187" lon="-121.91030973">
      </trkpt>
      <trkpt lat="53.30887232" lon="-121.91039131">
      </trkpt>
      <trkpt lat="53.30886261" lon="-121.91045635">
      </trkpt>
      <trkpt lat="53.3088529" lon="-121.91052137">
      </trkpt>
      <trkpt lat="53.30883809" lon="-121.91067676">
      </trkpt>
      <trkpt lat="53.3088235" lon="-121.91084771">
      </trkpt>
      <trkpt lat="53.30881413" lon="-121.91096854">
      </trkpt>
      <trkpt lat="53.30879493" lon="-121.91111396">
      </trkpt>
      <trkpt lat="53.30878054" lon="-121.91121074">
      </trkpt>
      <trkpt lat="53.30875626" lon="-121.91130802">
      </trkpt>
      <trkpt lat="53.30873167" lon="-121.91146338">
      </trkpt>
      <trkpt lat="53.30871227" lon="-121.911585">
      </trkpt>
      <trkpt lat="53.30869283" lon="-121.91169866">
      </trkpt>
      <trkpt lat="53.30866856" lon="-121.91184468">
      </trkpt>
      <trkpt lat="53.308654" lon="-121.91191764">
      </trkpt>
      <trkpt lat="53.30863458" lon="-121.91201489">
      </trkpt>
      <trkpt lat="53.30861995" lon="-121.9120637">
      </trkpt>
      <trkpt lat="53.30862007" lon="-121.91210389">
      </trkpt>
      <trkpt lat="53.30860548" lon="-121.91222569">
      </trkpt>
      <trkpt lat="53.30860048" lon="-121.91234813">
      </trkpt>
      <trkpt lat="53.30859056" lon="-121.91246264">
      </trkpt>
      <trkpt lat="53.30858561" lon="-121.91254422">
      </trkpt>
      <trkpt lat="53.30856599" lon="-121.91274795">
      </trkpt>
      <trkpt lat="53.3085516" lon="-121.91285264">
      </trkpt>
      <trkpt lat="53.30852251" lon="-121.91306322">
      </trkpt>
      <trkpt lat="53.30850763" lon="-121.91321062">
      </trkpt>
      <trkpt lat="53.30847796" lon="-121.91335882">
      </trkpt>
      <trkpt lat="53.30845362" lon="-121.91347248">
      </trkpt>
      <trkpt lat="53.30844881" lon="-121.91350475">
      </trkpt>
      <trkpt lat="53.30842429" lon="-121.91358671">
      </trkpt>
      <trkpt lat="53.30840947" lon="-121.91362828">
      </trkpt>
      <trkpt lat="53.30839465" lon="-121.91370225">
      </trkpt>
      <trkpt lat="53.30837036" lon="-121.91384009">
      </trkpt>
      <trkpt lat="53.30836068" lon="-121.9139211">
      </trkpt>
      <trkpt lat="53.30832598" lon="-121.91412693">
      </trkpt>
      <trkpt lat="53.30830649" lon="-121.91439508">
      </trkpt>
      <trkpt lat="53.30828692" lon="-121.91457419">
      </trkpt>
      <trkpt lat="53.30827724" lon="-121.91462265">
      </trkpt>
      <trkpt lat="53.30826749" lon="-121.91465517">
      </trkpt>
      <trkpt lat="53.30824806" lon="-121.91473613">
      </trkpt>
      <trkpt lat="53.30823328" lon="-121.9147775">
      </trkpt>
      <trkpt lat="53.30821841" lon="-121.91485185">
      </trkpt>
      <trkpt lat="53.30819866" lon="-121.91494242">
      </trkpt>
      <trkpt lat="53.3081839" lon="-121.91504057">
      </trkpt>
      <trkpt lat="53.30816909" lon="-121.91511463">
      </trkpt>
      <trkpt lat="53.3081594" lon="-121.9152119">
      </trkpt>
      <trkpt lat="53.30815463" lon="-121.91525203">
      </trkpt>
      <trkpt lat="53.30814476" lon="-121.91532575">
      </trkpt>
      <trkpt lat="53.30814471" lon="-121.91537469">
      </trkpt>
      <trkpt lat="53.30814469" lon="-121.91540731">
      </trkpt>
      <trkpt lat="53.30804315" lon="-121.9157425">
      </trkpt>
      <trkpt lat="53.30803585" lon="-121.91580166">
      </trkpt>
      <trkpt lat="53.30800757" lon="-121.9158843">
      </trkpt>
      <trkpt lat="53.30797935" lon="-121.9159551">
      </trkpt>
      <trkpt lat="53.30795833" lon="-121.91600225">
      </trkpt>
      <trkpt lat="53.30792377" lon="-121.9160846">
      </trkpt>
      <trkpt lat="53.3079031" lon="-121.91614347">
      </trkpt>
      <trkpt lat="53.3078824" lon="-121.91620236">
      </trkpt>
      <trkpt lat="53.30782031" lon="-121.91641474">
      </trkpt>
      <trkpt lat="53.30777196" lon="-121.91658016">
      </trkpt>
      <trkpt lat="53.30770826" lon="-121.9167932">
      </trkpt>
      <trkpt lat="53.30765075" lon="-121.91697071">
      </trkpt>
      <trkpt lat="53.30755932" lon="-121.91719559">
      </trkpt>
      <trkpt lat="53.30742471" lon="-121.91746773">
      </trkpt>
      <trkpt lat="53.30732514" lon="-121.91768058">
      </trkpt>
      <trkpt lat="53.30722613" lon="-121.91789365">
      </trkpt>
      <trkpt lat="53.30714079" lon="-121.91807085">
      </trkpt>
      <trkpt lat="53.30709098" lon="-121.91818897">
      </trkpt>
      <trkpt lat="53.30701288" lon="-121.91833065">
      </trkpt>
      <trkpt lat="53.30697021" lon="-121.91842508">
      </trkpt>
      <trkpt lat="53.30690626" lon="-121.91853116">
      </trkpt>
      <trkpt lat="53.30686379" lon="-121.91861391">
      </trkpt>
      <trkpt lat="53.30681424" lon="-121.91869664">
      </trkpt>
      <trkpt lat="53.3067431" lon="-121.918826">
      </trkpt>
      <trkpt lat="53.30669343" lon="-121.91892028">
      </trkpt>
      <trkpt lat="53.30665085" lon="-121.91899087">
      </trkpt>
      <trkpt lat="53.30658005" lon="-121.91912072">
      </trkpt>
      <trkpt lat="53.30653055" lon="-121.91920345">
      </trkpt>
      <trkpt lat="53.30641707" lon="-121.91945064">
      </trkpt>
      <trkpt lat="53.30633216" lon="-121.91963961">
      </trkpt>
      <trkpt lat="53.30626136" lon="-121.91979281">
      </trkpt>
      <trkpt lat="53.30622609" lon="-121.91987615">
      </trkpt>
      <trkpt lat="53.30618367" lon="-121.91995913">
      </trkpt>
      <trkpt lat="53.30616947" lon="-121.92002985">
      </trkpt>
      <trkpt lat="53.3061341" lon="-121.92011271">
      </trkpt>
      <trkpt lat="53.30609162" lon="-121.92024265">
      </trkpt>
      <trkpt lat="53.30605608" lon="-121.92037147">
      </trkpt>
      <trkpt lat="53.3059995" lon="-121.92052567">
      </trkpt>
      <trkpt lat="53.30598536" lon="-121.92057316">
      </trkpt>
      <trkpt lat="53.30592874" lon="-121.92072656">
      </trkpt>
      <trkpt lat="53.30588628" lon="-121.92086928">
      </trkpt>
      <trkpt lat="53.30585801" lon="-121.92092932">
      </trkpt>
      <trkpt lat="53.30582968" lon="-121.92101263">
      </trkpt>
      <trkpt lat="53.30581551" lon="-121.92106016">
      </trkpt>
      <trkpt lat="53.30580135" lon="-121.92110767">
      </trkpt>
      <trkpt lat="53.30577302" lon="-121.92117904">
      </trkpt>
      <trkpt lat="53.30575879" lon="-121.92129728">
      </trkpt>
      <trkpt lat="53.30573044" lon="-121.92139238">
      </trkpt>
      <trkpt lat="53.30570205" lon="-121.92152338">
      </trkpt>
      <trkpt lat="53.30568781" lon="-121.92164231">
      </trkpt>
      <trkpt lat="53.30564519" lon="-121.92184493">
      </trkpt>
      <trkpt lat="53.30558131" lon="-121.92211695">
      </trkpt>
      <trkpt lat="53.3055671" lon="-121.92217678">
      </trkpt>
      <trkpt lat="53.30553866" lon="-121.92228492">
      </trkpt>
      <trkpt lat="53.30551026" lon="-121.92236853">
      </trkpt>
      <trkpt lat="53.30549602" lon="-121.92242845">
      </trkpt>
      <trkpt lat="53.30547469" lon="-121.92250028">
      </trkpt>
      <trkpt lat="53.30543915" lon="-121.92260776">
      </trkpt>
      <trkpt lat="53.30537522" lon="-121.92273969">
      </trkpt>
      <trkpt lat="53.3053397" lon="-121.92283487">
      </trkpt>
      <trkpt lat="53.3053112" lon="-121.92290731">
      </trkpt>
      <trkpt lat="53.30528273" lon="-121.92296772">
      </trkpt>
      <trkpt lat="53.30523998" lon="-121.92307617">
      </trkpt>
      <trkpt lat="53.3051972" lon="-121.92318469">
      </trkpt>
      <trkpt lat="53.30516868" lon="-121.92324519">
      </trkpt>
      <trkpt lat="53.30511876" lon="-121.92337749">
      </trkpt>
      <trkpt lat="53.30507598" lon="-121.92348552">
      </trkpt>
      <trkpt lat="53.30503321" lon="-121.92355798">
      </trkpt>
      <trkpt lat="53.30499753" lon="-121.92365401">
      </trkpt>
      <trkpt lat="53.30497616" lon="-121.92370178">
      </trkpt>
      <trkpt lat="53.30493358" lon="-121.923796">
      </trkpt>
      <trkpt lat="53.30490523" lon="-121.92387825">
      </trkpt>
      <trkpt lat="53.30484837" lon="-121.92399671">
      </trkpt>
      <trkpt lat="53.30480546" lon="-121.92408185">
      </trkpt>
      <trkpt lat="53.30476953" lon="-121.92416771">
      </trkpt>
      <trkpt lat="53.30475518" lon="-121.92421602">
      </trkpt>
      <trkpt lat="53.30473373" lon="-121.92428788">
      </trkpt>
      <trkpt lat="53.30469797" lon="-121.92439599">
      </trkpt>
      <trkpt lat="53.30465506" lon="-121.92453978">
      </trkpt>
      <trkpt lat="53.3046409" lon="-121.92459856">
      </trkpt>
      <trkpt lat="53.30459821" lon="-121.92470526">
      </trkpt>
      <trkpt lat="53.30456254" lon="-121.92477714">
      </trkpt>
      <trkpt lat="53.30453417" lon="-121.92487137">
      </trkpt>
      <trkpt lat="53.30449841" lon="-121.92499112">
      </trkpt>
      <trkpt lat="53.30447687" lon="-121.92502805">
      </trkpt>
      <trkpt lat="53.30443398" lon="-121.92517156">
      </trkpt>
      <trkpt lat="53.30441975" lon="-121.92524264">
      </trkpt>
      <trkpt lat="53.30439113" lon="-121.92531474">
      </trkpt>
      <trkpt lat="53.30437688" lon="-121.92537415">
      </trkpt>
      <trkpt lat="53.30434808" lon="-121.92547107">
      </trkpt>
      <trkpt lat="53.30433372" lon="-121.92555472">
      </trkpt>
      <trkpt lat="53.30431226" lon="-121.92563842">
      </trkpt>
      <trkpt lat="53.30429795" lon="-121.92569812">
      </trkpt>
      <trkpt lat="53.30427627" lon="-121.92579498">
      </trkpt>
      <trkpt lat="53.3042543" lon="-121.92594089">
      </trkpt>
      <trkpt lat="53.30423931" lon="-121.92605215">
      </trkpt>
      <trkpt lat="53.30423184" lon="-121.9261847">
      </trkpt>
      <trkpt lat="53.30421732" lon="-121.92628121">
      </trkpt>
      <trkpt lat="53.30421031" lon="-121.9263754">
      </trkpt>
      <trkpt lat="53.30419587" lon="-121.92647149">
      </trkpt>
      <trkpt lat="53.30418127" lon="-121.92654485">
      </trkpt>
      <trkpt lat="53.30416664" lon="-121.92663015">
      </trkpt>
      <trkpt lat="53.30415202" lon="-121.92671548">
      </trkpt>
      <trkpt lat="53.30411544" lon="-121.92692299">
      </trkpt>
      <trkpt lat="53.30409318" lon="-121.9270233">
      </trkpt>
      <trkpt lat="53.30408566" lon="-121.92707318">
      </trkpt>
      <trkpt lat="53.304071" lon="-121.92719444">
      </trkpt>
      <trkpt lat="53.30406369" lon="-121.92724304">
      </trkpt>
      <trkpt lat="53.30404181" lon="-121.9273647">
      </trkpt>
      <trkpt lat="53.30402045" lon="-121.9275426">
      </trkpt>
      <trkpt lat="53.30399842" lon="-121.92780781">
      </trkpt>
      <trkpt lat="53.30397597" lon="-121.92818273">
      </trkpt>
      <trkpt lat="53.30397134" lon="-121.92844675">
      </trkpt>
      <trkpt lat="53.30393712" lon="-121.92861515">
      </trkpt>
      <trkpt lat="53.30393732" lon="-121.92865119">
      </trkpt>
      <trkpt lat="53.30393095" lon="-121.9287715">
      </trkpt>
      <trkpt lat="53.30392426" lon="-121.92886762">
      </trkpt>
      <trkpt lat="53.30391015" lon="-121.92897551">
      </trkpt>
      <trkpt lat="53.30391013" lon="-121.92902336">
      </trkpt>
      <trkpt lat="53.30391007" lon="-121.92907125">
      </trkpt>
      <trkpt lat="53.30389599" lon="-121.92915525">
      </trkpt>
      <trkpt lat="53.3038965" lon="-121.92926354">
      </trkpt>
      <trkpt lat="53.30388995" lon="-121.92934798">
      </trkpt>
      <trkpt lat="53.30388318" lon="-121.92948017">
      </trkpt>
      <trkpt lat="53.30388344" lon="-121.92956434">
      </trkpt>
      <trkpt lat="53.30387712" lon="-121.92968514">
      </trkpt>
      <trkpt lat="53.30387796" lon="-121.92975803">
      </trkpt>
      <trkpt lat="53.3038783" lon="-121.9298184">
      </trkpt>
      <trkpt lat="53.30387156" lon="-121.92989086">
      </trkpt>
      <trkpt lat="53.30386458" lon="-121.92995105">
      </trkpt>
      <trkpt lat="53.3038576" lon="-121.93001124">
      </trkpt>
      <trkpt lat="53.30385114" lon="-121.93012014">
      </trkpt>
      <trkpt lat="53.30384415" lon="-121.9302404">
      </trkpt>
      <trkpt lat="53.3038373" lon="-121.93032486">
      </trkpt>
      <trkpt lat="53.30383082" lon="-121.93040989">
      </trkpt>
      <trkpt lat="53.30382434" lon="-121.93049491">
      </trkpt>
      <trkpt lat="53.30381071" lon="-121.93054398">
      </trkpt>
      <trkpt lat="53.3037898" lon="-121.93061693">
      </trkpt>
      <trkpt lat="53.30378279" lon="-121.9307013">
      </trkpt>
      <trkpt lat="53.30375464" lon="-121.93075018">
      </trkpt>
      <trkpt lat="53.30373332" lon="-121.93081059">
      </trkpt>
      <trkpt lat="53.30370491" lon="-121.93087115">
      </trkpt>
      <trkpt lat="53.30366205" lon="-121.93093155">
      </trkpt>
      <trkpt lat="53.30365497" lon="-121.93093168">
      </trkpt>
      <trkpt lat="53.30361215" lon="-121.9309681">
      </trkpt>
      <trkpt lat="53.30358368" lon="-121.93098052">
      </trkpt>
      <trkpt lat="53.30353382" lon="-121.93100521">
      </trkpt>
      <trkpt lat="53.30351253" lon="-121.93100559">
      </trkpt>
      <trkpt lat="53.30348411" lon="-121.93100611">
      </trkpt>
      <trkpt lat="53.30342727" lon="-121.93100713">
      </trkpt>
      <trkpt lat="53.30339172" lon="-121.93100778">
      </trkpt>
      <trkpt lat="53.30324978" lon="-121.93093868">
      </trkpt>
      <trkpt lat="53.30322086" lon="-121.93093834">
      </trkpt>
      <trkpt lat="53.30319189" lon="-121.9309258">
      </trkpt>
      <trkpt lat="53.30314143" lon="-121.93087722">
      </trkpt>
      <trkpt lat="53.30312712" lon="-121.93086527">
      </trkpt>
      <trkpt lat="53.30308431" lon="-121.93080559">
      </trkpt>
      <trkpt lat="53.30303989" lon="-121.93077872">
      </trkpt>
      <trkpt lat="53.30303996" lon="-121.93076681">
      </trkpt>
      <trkpt lat="53.30300322" lon="-121.93074097">
      </trkpt>
      <trkpt lat="53.30298139" lon="-121.93070418">
      </trkpt>
      <trkpt lat="53.3029595" lon="-121.93065526">
      </trkpt>
      <trkpt lat="53.30290867" lon="-121.93050949">
      </trkpt>
      <trkpt lat="53.30287988" lon="-121.93040099">
      </trkpt>
      <trkpt lat="53.30286542" lon="-121.93036468">
      </trkpt>
      <trkpt lat="53.30285121" lon="-121.93031681">
      </trkpt>
      <trkpt lat="53.30283713" lon="-121.9302692">
      </trkpt>
      <trkpt lat="53.30281585" lon="-121.93020951">
      </trkpt>
      <trkpt lat="53.30277284" lon="-121.93011325">
      </trkpt>
      <trkpt lat="53.30274415" lon="-121.93006513">
      </trkpt>
      <trkpt lat="53.30272305" lon="-121.92999372">
      </trkpt>
      <trkpt lat="53.30269425" lon="-121.92994536">
      </trkpt>
      <trkpt lat="53.30268031" lon="-121.92988597">
      </trkpt>
      <trkpt lat="53.30265864" lon="-121.92984958">
      </trkpt>
      <trkpt lat="53.3026372" lon="-121.92975341">
      </trkpt>
      <trkpt lat="53.30260855" lon="-121.92966926">
      </trkpt>
      <trkpt lat="53.30260146" lon="-121.92963334">
      </trkpt>
      <trkpt lat="53.30259467" lon="-121.92957388">
      </trkpt>
      <trkpt lat="53.30258048" lon="-121.92952604">
      </trkpt>
      <trkpt lat="53.30255918" lon="-121.92940598">
      </trkpt>
      <trkpt lat="53.30254511" lon="-121.92929812">
      </trkpt>
      <trkpt lat="53.30251637" lon="-121.92920173">
      </trkpt>
      <trkpt lat="53.30249482" lon="-121.92912945">
      </trkpt>
      <trkpt lat="53.30248774" lon="-121.92908145">
      </trkpt>
      <trkpt lat="53.30245168" lon="-121.92899683">
      </trkpt>
      <trkpt lat="53.30241562" lon="-121.92891225">
      </trkpt>
      <trkpt lat="53.30238673" lon="-121.9288517">
      </trkpt>
      <trkpt lat="53.3023724" lon="-121.92880362">
      </trkpt>
      <trkpt lat="53.30235799" lon="-121.9287674">
      </trkpt>
      <trkpt lat="53.30233636" lon="-121.92871907">
      </trkpt>
      <trkpt lat="53.30229291" lon="-121.92862211">
      </trkpt>
      <trkpt lat="53.3022784" lon="-121.92858573">
      </trkpt>
      <trkpt lat="53.30224965" lon="-121.92854953">
      </trkpt>
      <trkpt lat="53.30221374" lon="-121.92848926">
      </trkpt>
      <trkpt lat="53.30217772" lon="-121.92844087">
      </trkpt>
      <trkpt lat="53.30214178" lon="-121.92838059">
      </trkpt>
      <trkpt lat="53.30210608" lon="-121.92832067">
      </trkpt>
      <trkpt lat="53.30206317" lon="-121.92824866">
      </trkpt>
      <trkpt lat="53.30202019" lon="-121.92817655">
      </trkpt>
      <trkpt lat="53.30199168" lon="-121.92814076">
      </trkpt>
      <trkpt lat="53.30195585" lon="-121.92806859">
      </trkpt>
      <trkpt lat="53.30194876" lon="-121.92805667">
      </trkpt>
      <trkpt lat="53.30192029" lon="-121.92802095">
      </trkpt>
      <trkpt lat="53.30188483" lon="-121.92794946">
      </trkpt>
      <trkpt lat="53.30184203" lon="-121.92782941">
      </trkpt>
      <trkpt lat="53.30180622" lon="-121.92776933">
      </trkpt>
      <trkpt lat="53.30176358" lon="-121.92764953">
      </trkpt>
      <trkpt lat="53.30172798" lon="-121.92756565">
      </trkpt>
      <trkpt lat="53.30170656" lon="-121.9275297">
      </trkpt>
      <trkpt lat="53.30167079" lon="-121.92744552">
      </trkpt>
      <trkpt lat="53.30164188" lon="-121.92737296">
      </trkpt>
      <trkpt lat="53.30159162" lon="-121.92728863">
      </trkpt>
      <trkpt lat="53.3015558" lon="-121.92724053">
      </trkpt>
      <trkpt lat="53.30154154" lon="-121.92720452">
      </trkpt>
      <trkpt lat="53.3015056" lon="-121.92715629">
      </trkpt>
      <trkpt lat="53.30147681" lon="-121.92710801">
      </trkpt>
      <trkpt lat="53.30144084" lon="-121.92703561">
      </trkpt>
      <trkpt lat="53.30141932" lon="-121.92697539">
      </trkpt>
      <trkpt lat="53.30136908" lon="-121.92683081">
      </trkpt>
      <trkpt lat="53.3013475" lon="-121.92678257">
      </trkpt>
      <trkpt lat="53.30129719" lon="-121.92666201">
      </trkpt>
      <trkpt lat="53.30126841" lon="-121.92660172">
      </trkpt>
      <trkpt lat="53.30123965" lon="-121.92651736">
      </trkpt>
      <trkpt lat="53.30121096" lon="-121.92639692">
      </trkpt>
      <trkpt lat="53.30119662" lon="-121.92634875">
      </trkpt>
      <trkpt lat="53.30118232" lon="-121.92627651">
      </trkpt>
      <trkpt lat="53.30116089" lon="-121.92615603">
      </trkpt>
      <trkpt lat="53.30111782" lon="-121.92598744">
      </trkpt>
      <trkpt lat="53.3010891" lon="-121.92587915">
      </trkpt>
      <trkpt lat="53.30105324" lon="-121.92569876">
      </trkpt>
      <trkpt lat="53.30103173" lon="-121.9256145">
      </trkpt>
      <trkpt lat="53.301003" lon="-121.92554251">
      </trkpt>
      <trkpt lat="53.30097434" lon="-121.92541051">
      </trkpt>
      <trkpt lat="53.30096721" lon="-121.9253383">
      </trkpt>
      <trkpt lat="53.30094573" lon="-121.92524233">
      </trkpt>
      <trkpt lat="53.30091714" lon="-121.92507396">
      </trkpt>
      <trkpt lat="53.30091718" lon="-121.92501367">
      </trkpt>
      <trkpt lat="53.30091723" lon="-121.9249293">
      </trkpt>
      <trkpt lat="53.30090294" lon="-121.92485729">
      </trkpt>
      <trkpt lat="53.30084567" lon="-121.92455695">
      </trkpt>
      <trkpt lat="53.30083137" lon="-121.92449686">
      </trkpt>
      <trkpt lat="53.30082426" lon="-121.92438832">
      </trkpt>
      <trkpt lat="53.30080998" lon="-121.92428013">
      </trkpt>
      <trkpt lat="53.30079572" lon="-121.92411167">
      </trkpt>
      <trkpt lat="53.30078862" lon="-121.92401547">
      </trkpt>
      <trkpt lat="53.3007815" lon="-121.92396755">
      </trkpt>
      <trkpt lat="53.30076725" lon="-121.92381142">
      </trkpt>
      <trkpt lat="53.30075294" lon="-121.92372716">
      </trkpt>
      <trkpt lat="53.30073145" lon="-121.92357019">
      </trkpt>
      <trkpt lat="53.30072427" lon="-121.92352165">
      </trkpt>
      <trkpt lat="53.30071" lon="-121.92341354">
      </trkpt>
      <trkpt lat="53.30069571" lon="-121.92334174">
      </trkpt>
      <trkpt lat="53.30067422" lon="-121.92324555">
      </trkpt>
      <trkpt lat="53.30065275" lon="-121.9231494">
      </trkpt>
      <trkpt lat="53.30063844" lon="-121.92304087">
      </trkpt>
      <trkpt lat="53.30062415" lon="-121.9229448">
      </trkpt>
      <trkpt lat="53.30061708" lon="-121.92286088">
      </trkpt>
      <trkpt lat="53.30059567" lon="-121.92275349">
      </trkpt>
      <trkpt lat="53.30058146" lon="-121.92264586">
      </trkpt>
      <trkpt lat="53.3005743" lon="-121.92259766">
      </trkpt>
      <trkpt lat="53.30055283" lon="-121.92252583">
      </trkpt>
      <trkpt lat="53.30053853" lon="-121.922466">
      </trkpt>
      <trkpt lat="53.30052435" lon="-121.92239513">
      </trkpt>
      <trkpt lat="53.30050305" lon="-121.92232468">
      </trkpt>
      <trkpt lat="53.30049593" lon="-121.92227676">
      </trkpt>
      <trkpt lat="53.30048155" lon="-121.92217979">
      </trkpt>
      <trkpt lat="53.3004601" lon="-121.92208374">
      </trkpt>
      <trkpt lat="53.30043851" lon="-121.92191391">
      </trkpt>
      <trkpt lat="53.30041699" lon="-121.92176868">
      </trkpt>
      <trkpt lat="53.30039563" lon="-121.92172185">
      </trkpt>
      <trkpt lat="53.3003743" lon="-121.92157875">
      </trkpt>
      <trkpt lat="53.30036714" lon="-121.92151849">
      </trkpt>
      <trkpt lat="53.30035999" lon="-121.92145824">
      </trkpt>
      <trkpt lat="53.30036" lon="-121.92137371">
      </trkpt>
      <trkpt lat="53.30035997" lon="-121.92130083">
      </trkpt>
      <trkpt lat="53.30036004" lon="-121.92116835">
      </trkpt>
      <trkpt lat="53.30036006" lon="-121.92114432">
      </trkpt>
      <trkpt lat="53.30036732" lon="-121.9209878">
      </trkpt>
      <trkpt lat="53.30037455" lon="-121.92092783">
      </trkpt>
      <trkpt lat="53.30037462" lon="-121.92083171">
      </trkpt>
      <trkpt lat="53.30037464" lon="-121.92080767">
      </trkpt>
      <trkpt lat="53.30037469" lon="-121.92074775">
      </trkpt>
      <trkpt lat="53.30037478" lon="-121.92067596">
      </trkpt>
      <trkpt lat="53.30036767" lon="-121.92056772">
      </trkpt>
      <trkpt lat="53.30036772" lon="-121.92053187">
      </trkpt>
      <trkpt lat="53.3003608" lon="-121.9204255">
      </trkpt>
      <trkpt lat="53.30034682" lon="-121.92026004">
      </trkpt>
      <trkpt lat="53.30033972" lon="-121.92021236">
      </trkpt>
      <trkpt lat="53.30033257" lon="-121.92015196">
      </trkpt>
      <trkpt lat="53.30032534" lon="-121.91995797">
      </trkpt>
      <trkpt lat="53.30031106" lon="-121.91984972">
      </trkpt>
      <trkpt lat="53.300311" lon="-121.9197644">
      </trkpt>
      <trkpt lat="53.30031102" lon="-121.91971605">
      </trkpt>
      <trkpt lat="53.30031115" lon="-121.91965687">
      </trkpt>
      <trkpt lat="53.30031142" lon="-121.91940585">
      </trkpt>
      <trkpt lat="53.30031155" lon="-121.91934673">
      </trkpt>
      <trkpt lat="53.30031178" lon="-121.91922832">
      </trkpt>
      <trkpt lat="53.30031184" lon="-121.91914428">
      </trkpt>
      <trkpt lat="53.30031189" lon="-121.91908425">
      </trkpt>
      <trkpt lat="53.30031185" lon="-121.91896288">
      </trkpt>
      <trkpt lat="53.30031182" lon="-121.91891404">
      </trkpt>
      <trkpt lat="53.30031187" lon="-121.91881768">
      </trkpt>
      <trkpt lat="53.30031191" lon="-121.91875763">
      </trkpt>
      <trkpt lat="53.30030492" lon="-121.91863838">
      </trkpt>
      <trkpt lat="53.30030495" lon="-121.91856632">
      </trkpt>
      <trkpt lat="53.30029788" lon="-121.91851914">
      </trkpt>
      <trkpt lat="53.30029793" lon="-121.91845911">
      </trkpt>
      <trkpt lat="53.30027673" lon="-121.91818453">
      </trkpt>
      <trkpt lat="53.30026252" lon="-121.91807746">
      </trkpt>
      <trkpt lat="53.30025547" lon="-121.91789709">
      </trkpt>
      <trkpt lat="53.30024842" lon="-121.91782601">
      </trkpt>
      <trkpt lat="53.30024143" lon="-121.91773123">
      </trkpt>
      <trkpt lat="53.30024156" lon="-121.91766041">
      </trkpt>
      <trkpt lat="53.3002416" lon="-121.9175884">
      </trkpt>
      <trkpt lat="53.30024167" lon="-121.91749242">
      </trkpt>
      <trkpt lat="53.30024171" lon="-121.91743242">
      </trkpt>
      <trkpt lat="53.30024179" lon="-121.91733642">
      </trkpt>
      <trkpt lat="53.30023485" lon="-121.9172424">
      </trkpt>
      <trkpt lat="53.30022764" lon="-121.9171452">
      </trkpt>
      <trkpt lat="53.30022769" lon="-121.91708521">
      </trkpt>
      <trkpt lat="53.30022772" lon="-121.91702522">
      </trkpt>
      <trkpt lat="53.30024916" lon="-121.91695148">
      </trkpt>
      <trkpt lat="53.30027061" lon="-121.91685371">
      </trkpt>
      <trkpt lat="53.3002849" lon="-121.91681651">
      </trkpt>
      <trkpt lat="53.30031355" lon="-121.91674307">
      </trkpt>
      <trkpt lat="53.30034228" lon="-121.91667069">
      </trkpt>
      <trkpt lat="53.30035662" lon="-121.91663423">
      </trkpt>
      <trkpt lat="53.30038528" lon="-121.91658497">
      </trkpt>
      <trkpt lat="53.3004069" lon="-121.91651374">
      </trkpt>
      <trkpt lat="53.30043561" lon="-121.91645327">
      </trkpt>
      <trkpt lat="53.3004572" lon="-121.9163934">
      </trkpt>
      <trkpt lat="53.3004788" lon="-121.9163098">
      </trkpt>
      <trkpt lat="53.30051474" lon="-121.91622602">
      </trkpt>
      <trkpt lat="53.300522" lon="-121.91617903">
      </trkpt>
      <trkpt lat="53.30055792" lon="-121.91609506">
      </trkpt>
      <trkpt lat="53.30055799" lon="-121.91606024">
      </trkpt>
      <trkpt lat="53.30057958" lon="-121.91598858">
      </trkpt>
      <trkpt lat="53.30060112" lon="-121.91592802">
      </trkpt>
      <trkpt lat="53.30060839" lon="-121.91584525">
      </trkpt>
      <trkpt lat="53.30062278" lon="-121.91578531">
      </trkpt>
      <trkpt lat="53.30062995" lon="-121.91577294">
      </trkpt>
      <trkpt lat="53.30065867" lon="-121.91569998">
      </trkpt>
      <trkpt lat="53.30069451" lon="-121.91564912">
      </trkpt>
      <trkpt lat="53.30070883" lon="-121.91563541">
      </trkpt>
      <trkpt lat="53.30073755" lon="-121.91556105">
      </trkpt>
      <trkpt lat="53.30075194" lon="-121.91548867">
      </trkpt>
      <trkpt lat="53.30075199" lon="-121.91545348">
      </trkpt>
      <trkpt lat="53.30077352" lon="-121.91532827">
      </trkpt>
      <trkpt lat="53.30075868" lon="-121.91512948">
      </trkpt>
      <trkpt lat="53.30075892" lon="-121.91510213">
      </trkpt>
      <trkpt lat="53.30075965" lon="-121.91491915">
      </trkpt>
      <trkpt lat="53.30076563" lon="-121.91483689">
      </trkpt>
      <trkpt lat="53.30077145" lon="-121.91472699">
      </trkpt>
      <trkpt lat="53.3007957" lon="-121.91450801">
      </trkpt>
      <trkpt lat="53.30080735" lon="-121.91435218">
      </trkpt>
      <trkpt lat="53.30080705" lon="-121.91420504">
      </trkpt>
      <trkpt lat="53.30081247" lon="-121.91403968">
      </trkpt>
      <trkpt lat="53.30081256" lon="-121.9138928">
      </trkpt>
      <trkpt lat="53.30081294" lon="-121.91372757">
      </trkpt>
      <trkpt lat="53.30081571" lon="-121.91360867">
      </trkpt>
      <trkpt lat="53.30079967" lon="-121.91350758">
      </trkpt>
      <trkpt lat="53.30077306" lon="-121.91335128">
      </trkpt>
      <trkpt lat="53.30075143" lon="-121.9132501">
      </trkpt>
      <trkpt lat="53.30074024" lon="-121.91321328">
      </trkpt>
      <trkpt lat="53.30072912" lon="-121.91316729">
      </trkpt>
      <trkpt lat="53.30070727" lon="-121.91310285">
      </trkpt>
      <trkpt lat="53.30069132" lon="-121.91302922">
      </trkpt>
      <trkpt lat="53.30068009" lon="-121.91300161">
      </trkpt>
      <trkpt lat="53.30067476" lon="-121.9129556">
      </trkpt>
      <trkpt lat="53.30066358" lon="-121.91292799">
      </trkpt>
      <trkpt lat="53.30065818" lon="-121.91289119">
      </trkpt>
      <trkpt lat="53.30063648" lon="-121.91280834">
      </trkpt>
      <trkpt lat="53.30062587" lon="-121.91276228">
      </trkpt>
      <trkpt lat="53.30060465" lon="-121.9126701">
      </trkpt>
      <trkpt lat="53.300577" lon="-121.91256886">
      </trkpt>
      <trkpt lat="53.30054944" lon="-121.91246763">
      </trkpt>
      <trkpt lat="53.30053324" lon="-121.91239392">
      </trkpt>
      <trkpt lat="53.30051128" lon="-121.91233868">
      </trkpt>
      <trkpt lat="53.30050057" lon="-121.91229254">
      </trkpt>
      <trkpt lat="53.30047848" lon="-121.91224654">
      </trkpt>
      <trkpt lat="53.30046182" lon="-121.91221895">
      </trkpt>
      <trkpt lat="53.30043391" lon="-121.91218229">
      </trkpt>
      <trkpt lat="53.30040642" lon="-121.91213626">
      </trkpt>
      <trkpt lat="53.3003731" lon="-121.91209956">
      </trkpt>
      <trkpt lat="53.30035096" lon="-121.91207202">
      </trkpt>
      <trkpt lat="53.30033449" lon="-121.91204439">
      </trkpt>
      <trkpt lat="53.30030102" lon="-121.91201702">
      </trkpt>
      <trkpt lat="53.30027878" lon="-121.91198953">
      </trkpt>
      <trkpt lat="53.30025648" lon="-121.9119621">
      </trkpt>
      <trkpt lat="53.30022298" lon="-121.91192559">
      </trkpt>
      <trkpt lat="53.30021744" lon="-121.91191642">
      </trkpt>
      <trkpt lat="53.30017843" lon="-121.91187078">
      </trkpt>
      <trkpt lat="53.30015624" lon="-121.91184334">
      </trkpt>
      <trkpt lat="53.30013452" lon="-121.91180642">
      </trkpt>
      <trkpt lat="53.30010709" lon="-121.9117788">
      </trkpt>
      <trkpt lat="53.30007426" lon="-121.91174193">
      </trkpt>
      <trkpt lat="53.30001939" lon="-121.91168671">
      </trkpt>
      <trkpt lat="53.29998083" lon="-121.91165">
      </trkpt>
      <trkpt lat="53.29995311" lon="-121.91162264">
      </trkpt>
      <trkpt lat="53.29992557" lon="-121.91159515">
      </trkpt>
      <trkpt lat="53.29988748" lon="-121.91154886">
      </trkpt>
      <trkpt lat="53.29985492" lon="-121.91150251">
      </trkpt>
      <trkpt lat="53.29983882" lon="-121.91146539">
      </trkpt>
      <trkpt lat="53.29979494" lon="-121.91141012">
      </trkpt>
      <trkpt lat="53.29977867" lon="-121.91137313">
      </trkpt>
      <trkpt lat="53.29976232" lon="-121.9113454">
      </trkpt>
      <trkpt lat="53.29972391" lon="-121.9112718">
      </trkpt>
      <trkpt lat="53.29971292" lon="-121.91123506">
      </trkpt>
      <trkpt lat="53.29969075" lon="-121.91119855">
      </trkpt>
      <trkpt lat="53.29966858" lon="-121.91116205">
      </trkpt>
      <trkpt lat="53.29964658" lon="-121.91111612">
      </trkpt>
      <trkpt lat="53.29961907" lon="-121.91104274">
      </trkpt>
      <trkpt lat="53.29959122" lon="-121.91099739">
      </trkpt>
      <trkpt lat="53.29955853" lon="-121.91092356">
      </trkpt>
      <trkpt lat="53.29953668" lon="-121.91088661">
      </trkpt>
      <trkpt lat="53.29949844" lon="-121.91082195">
      </trkpt>
      <trkpt lat="53.29946533" lon="-121.91075799">
      </trkpt>
      <trkpt lat="53.29939947" lon="-121.91060184">
      </trkpt>
      <trkpt lat="53.29936142" lon="-121.91051836">
      </trkpt>
      <trkpt lat="53.29932329" lon="-121.91043503">
      </trkpt>
      <trkpt lat="53.29927943" lon="-121.91034297">
      </trkpt>
      <trkpt lat="53.29924101" lon="-121.91026942">
      </trkpt>
      <trkpt lat="53.29919148" lon="-121.91019625">
      </trkpt>
      <trkpt lat="53.29914752" lon="-121.91012285">
      </trkpt>
      <trkpt lat="53.29912581" lon="-121.91006699">
      </trkpt>
      <trkpt lat="53.29910944" lon="-121.91003908">
      </trkpt>
      <trkpt lat="53.29907663" lon="-121.90997432">
      </trkpt>
      <trkpt lat="53.29904355" lon="-121.90991966">
      </trkpt>
      <trkpt lat="53.29901042" lon="-121.90988367">
      </trkpt>
      <trkpt lat="53.29898256" lon="-121.90986693">
      </trkpt>
      <trkpt lat="53.29894933" lon="-121.90983164">
      </trkpt>
      <trkpt lat="53.29890535" lon="-121.90977712">
      </trkpt>
      <trkpt lat="53.29886136" lon="-121.90974092">
      </trkpt>
      <trkpt lat="53.29882292" lon="-121.90970459">
      </trkpt>
      <trkpt lat="53.29879544" lon="-121.90968665">
      </trkpt>
      <trkpt lat="53.2987735" lon="-121.90966837">
      </trkpt>
      <trkpt lat="53.29874611" lon="-121.9096408">
      </trkpt>
      <trkpt lat="53.29871866" lon="-121.90963196">
      </trkpt>
      <trkpt lat="53.29867475" lon="-121.90961406">
      </trkpt>
      <trkpt lat="53.29864181" lon="-121.90960533">
      </trkpt>
      <trkpt lat="53.29860347" lon="-121.90957775">
      </trkpt>
      <trkpt lat="53.29852679" lon="-121.90952229">
      </trkpt>
      <trkpt lat="53.29847745" lon="-121.90951336">
      </trkpt>
      <trkpt lat="53.29842816" lon="-121.9094857">
      </trkpt>
      <trkpt lat="53.29836239" lon="-121.90946755">
      </trkpt>
      <trkpt lat="53.29832402" lon="-121.90945853">
      </trkpt>
      <trkpt lat="53.29828019" lon="-121.90944019">
      </trkpt>
      <trkpt lat="53.29823637" lon="-121.90943167">
      </trkpt>
      <trkpt lat="53.29820899" lon="-121.90942278">
      </trkpt>
      <trkpt lat="53.29815423" lon="-121.90941443">
      </trkpt>
      <trkpt lat="53.29811591" lon="-121.90940574">
      </trkpt>
      <trkpt lat="53.297979" lon="-121.9093498">
      </trkpt>
      <trkpt lat="53.29794065" lon="-121.90933098">
      </trkpt>
      <trkpt lat="53.29789134" lon="-121.90932151">
      </trkpt>
      <trkpt lat="53.29786396" lon="-121.90932146">
      </trkpt>
      <trkpt lat="53.29774345" lon="-121.90932124">
      </trkpt>
      <trkpt lat="53.29767224" lon="-121.90932111">
      </trkpt>
      <trkpt lat="53.29764485" lon="-121.90932105">
      </trkpt>
      <trkpt lat="53.2976065" lon="-121.90932098">
      </trkpt>
      <trkpt lat="53.29753521" lon="-121.90932961">
      </trkpt>
      <trkpt lat="53.29749685" lon="-121.90933862">
      </trkpt>
      <trkpt lat="53.29747495" lon="-121.90934786">
      </trkpt>
      <trkpt lat="53.29743663" lon="-121.90936632">
      </trkpt>
      <trkpt lat="53.29739827" lon="-121.90938455">
      </trkpt>
      <trkpt lat="53.29734338" lon="-121.90940238">
      </trkpt>
      <trkpt lat="53.297272" lon="-121.90942001">
      </trkpt>
      <trkpt lat="53.29725004" lon="-121.909429">
      </trkpt>
      <trkpt lat="53.29721708" lon="-121.90943784">
      </trkpt>
      <trkpt lat="53.29716215" lon="-121.90945569">
      </trkpt>
      <trkpt lat="53.29712921" lon="-121.90947381">
      </trkpt>
      <trkpt lat="53.29705748" lon="-121.9095273">
      </trkpt>
      <trkpt lat="53.29702435" lon="-121.90953573">
      </trkpt>
      <trkpt lat="53.29698014" lon="-121.90957142">
      </trkpt>
      <trkpt lat="53.29694143" lon="-121.9095981">
      </trkpt>
      <trkpt lat="53.2969028" lon="-121.90962503">
      </trkpt>
      <trkpt lat="53.29686984" lon="-121.90965244">
      </trkpt>
      <trkpt lat="53.29683684" lon="-121.9096706">
      </trkpt>
      <trkpt lat="53.29682036" lon="-121.90967973">
      </trkpt>
      <trkpt lat="53.29674897" lon="-121.90975307">
      </trkpt>
      <trkpt lat="53.29669945" lon="-121.90978027">
      </trkpt>
      <trkpt lat="53.29665544" lon="-121.90980757">
      </trkpt>
      <trkpt lat="53.29661152" lon="-121.90985343">
      </trkpt>
      <trkpt lat="53.2965566" lon="-121.90990843">
      </trkpt>
      <trkpt lat="53.29650716" lon="-121.90995422">
      </trkpt>
      <trkpt lat="53.29648525" lon="-121.90999105">
      </trkpt>
      <trkpt lat="53.29644136" lon="-121.91004617">
      </trkpt>
      <trkpt lat="53.29640299" lon="-121.91010134">
      </trkpt>
      <trkpt lat="53.29637558" lon="-121.9101381">
      </trkpt>
      <trkpt lat="53.29634265" lon="-121.91017479">
      </trkpt>
      <trkpt lat="53.29628784" lon="-121.91024831">
      </trkpt>
      <trkpt lat="53.29624939" lon="-121.91028494">
      </trkpt>
      <trkpt lat="53.29617719" lon="-121.91035715">
      </trkpt>
      <trkpt lat="53.29612159" lon="-121.9104113">
      </trkpt>
      <trkpt lat="53.29604411" lon="-121.91050237">
      </trkpt>
      <trkpt lat="53.29597268" lon="-121.91057578">
      </trkpt>
      <trkpt lat="53.29590665" lon="-121.91063071">
      </trkpt>
      <trkpt lat="53.29584584" lon="-121.91066701">
      </trkpt>
      <trkpt lat="53.29580702" lon="-121.91069415">
      </trkpt>
      <trkpt lat="53.29577375" lon="-121.9107214">
      </trkpt>
      <trkpt lat="53.29574042" lon="-121.91073939">
      </trkpt>
      <trkpt lat="53.29571824" lon="-121.91075755">
      </trkpt>
      <trkpt lat="53.29568488" lon="-121.91079395">
      </trkpt>
      <trkpt lat="53.295646" lon="-121.91083031">
      </trkpt>
      <trkpt lat="53.2956013" lon="-121.91088485">
      </trkpt>
      <trkpt lat="53.29556218" lon="-121.91092108">
      </trkpt>
      <trkpt lat="53.29551744" lon="-121.91096645">
      </trkpt>
      <trkpt lat="53.29547828" lon="-121.91100272">
      </trkpt>
      <trkpt lat="53.29542791" lon="-121.91103884">
      </trkpt>
      <trkpt lat="53.29538311" lon="-121.91106585">
      </trkpt>
      <trkpt lat="53.2953439" lon="-121.91108374">
      </trkpt>
      <trkpt lat="53.29531028" lon="-121.91111092">
      </trkpt>
      <trkpt lat="53.29523185" lon="-121.91115601">
      </trkpt>
      <trkpt lat="53.29518159" lon="-121.91118318">
      </trkpt>
      <trkpt lat="53.29512022" lon="-121.91122874">
      </trkpt>
      <trkpt lat="53.29505339" lon="-121.91129281">
      </trkpt>
      <trkpt lat="53.29501421" lon="-121.91131088">
      </trkpt>
      <trkpt lat="53.29498081" lon="-121.91134758">
      </trkpt>
      <trkpt lat="53.29495294" lon="-121.91137507">
      </trkpt>
      <trkpt lat="53.29488123" lon="-121.91143956">
      </trkpt>
      <trkpt lat="53.29484851" lon="-121.91147661">
      </trkpt>
      <trkpt lat="53.29479802" lon="-121.91152229">
      </trkpt>
      <trkpt lat="53.29475865" lon="-121.91156803">
      </trkpt>
      <trkpt lat="53.29470796" lon="-121.91162291">
      </trkpt>
      <trkpt lat="53.29467967" lon="-121.91164104">
      </trkpt>
      <trkpt lat="53.29463445" lon="-121.91167748">
      </trkpt>
      <trkpt lat="53.29458911" lon="-121.91170466">
      </trkpt>
      <trkpt lat="53.29454945" lon="-121.91173194">
      </trkpt>
      <trkpt lat="53.29452671" lon="-121.91174091">
      </trkpt>
      <trkpt lat="53.29445368" lon="-121.91175884">
      </trkpt>
      <trkpt lat="53.29442592" lon="-121.91177725">
      </trkpt>
      <trkpt lat="53.29439247" lon="-121.91178634">
      </trkpt>
      <trkpt lat="53.29436461" lon="-121.91179547">
      </trkpt>
      <trkpt lat="53.29433685" lon="-121.91181389">
      </trkpt>
      <trkpt lat="53.29430367" lon="-121.91182307">
      </trkpt>
      <trkpt lat="53.2942705" lon="-121.91182302">
      </trkpt>
      <trkpt lat="53.29424848" lon="-121.91183226">
      </trkpt>
      <trkpt lat="53.29419339" lon="-121.91185072">
      </trkpt>
      <trkpt lat="53.29414907" lon="-121.91185061">
      </trkpt>
      <trkpt lat="53.2941099" lon="-121.91185039">
      </trkpt>
      <trkpt lat="53.2940875" lon="-121.91185027">
      </trkpt>
      <trkpt lat="53.29405392" lon="-121.91185008">
      </trkpt>
      <trkpt lat="53.29400353" lon="-121.9118498">
      </trkpt>
      <trkpt lat="53.29393437" lon="-121.91181453">
      </trkpt>
      <trkpt lat="53.29385543" lon="-121.91176937">
      </trkpt>
      <trkpt lat="53.29384712" lon="-121.91176479">
      </trkpt>
      <trkpt lat="53.29383891" lon="-121.91175104">
      </trkpt>
      <trkpt lat="53.2938168" lon="-121.91173268">
      </trkpt>
      <trkpt lat="53.29380019" lon="-121.91172818">
      </trkpt>
      <trkpt lat="53.2937864" lon="-121.91171911">
      </trkpt>
      <trkpt lat="53.29377261" lon="-121.91171004">
      </trkpt>
      <trkpt lat="53.29376154" lon="-121.91170084">
      </trkpt>
      <trkpt lat="53.29374488" lon="-121.91168693">
      </trkpt>
      <trkpt lat="53.29371984" lon="-121.91167301">
      </trkpt>
      <trkpt lat="53.29371429" lon="-121.91166836">
      </trkpt>
      <trkpt lat="53.29370315" lon="-121.91166372">
      </trkpt>
      <trkpt lat="53.29367533" lon="-121.91164515">
      </trkpt>
      <trkpt lat="53.29366698" lon="-121.91164051">
      </trkpt>
      <trkpt lat="53.29361153" lon="-121.91156169">
      </trkpt>
      <trkpt lat="53.29359484" lon="-121.91154775">
      </trkpt>
      <trkpt lat="53.29357268" lon="-121.9115294">
      </trkpt>
      <trkpt lat="53.29355612" lon="-121.9115111">
      </trkpt>
      <trkpt lat="53.29354784" lon="-121.91150195">
      </trkpt>
      <trkpt lat="53.29352851" lon="-121.91147904">
      </trkpt>
      <trkpt lat="53.2935174" lon="-121.9114745">
      </trkpt>
      <trkpt lat="53.29350074" lon="-121.91146537">
      </trkpt>
      <trkpt lat="53.29348966" lon="-121.91145622">
      </trkpt>
      <trkpt lat="53.29347857" lon="-121.91144706">
      </trkpt>
      <trkpt lat="53.29346471" lon="-121.91143331">
      </trkpt>
      <trkpt lat="53.29344254" lon="-121.91141036">
      </trkpt>
      <trkpt lat="53.29343422" lon="-121.91140116">
      </trkpt>
      <trkpt lat="53.29340926" lon="-121.91137358">
      </trkpt>
      <trkpt lat="53.29339816" lon="-121.91135978">
      </trkpt>
      <trkpt lat="53.2933815" lon="-121.91134137">
      </trkpt>
      <trkpt lat="53.2933704" lon="-121.91132755">
      </trkpt>
      <trkpt lat="53.29335091" lon="-121.91130441">
      </trkpt>
      <trkpt lat="53.29333137" lon="-121.91129052">
      </trkpt>
      <trkpt lat="53.29331742" lon="-121.91127661">
      </trkpt>
      <trkpt lat="53.29330624" lon="-121.91126734">
      </trkpt>
      <trkpt lat="53.29329225" lon="-121.91126269">
      </trkpt>
      <trkpt lat="53.29328105" lon="-121.91125336">
      </trkpt>
      <trkpt lat="53.29326985" lon="-121.91124866">
      </trkpt>
      <trkpt lat="53.29325025" lon="-121.91123464">
      </trkpt>
      <trkpt lat="53.29321947" lon="-121.91121135">
      </trkpt>
      <trkpt lat="53.2931999" lon="-121.91119751">
      </trkpt>
      <trkpt lat="53.29317752" lon="-121.91118369">
      </trkpt>
      <trkpt lat="53.29315796" lon="-121.91116054">
      </trkpt>
      <trkpt lat="53.29314396" lon="-121.91115131">
      </trkpt>
      <trkpt lat="53.29313277" lon="-121.9111374">
      </trkpt>
      <trkpt lat="53.29312997" lon="-121.91113271">
      </trkpt>
      <trkpt lat="53.29311877" lon="-121.91111875">
      </trkpt>
      <trkpt lat="53.29310195" lon="-121.91110489">
      </trkpt>
      <trkpt lat="53.29309074" lon="-121.91109563">
      </trkpt>
      <trkpt lat="53.29308234" lon="-121.91108167">
      </trkpt>
      <trkpt lat="53.29307113" lon="-121.91107241">
      </trkpt>
      <trkpt lat="53.29305991" lon="-121.91105846">
      </trkpt>
      <trkpt lat="53.29303182" lon="-121.91103996">
      </trkpt>
      <trkpt lat="53.29301777" lon="-121.91102602">
      </trkpt>
      <trkpt lat="53.29299246" lon="-121.91101217">
      </trkpt>
      <trkpt lat="53.29298121" lon="-121.91100757">
      </trkpt>
      <trkpt lat="53.29295024" lon="-121.91098437">
      </trkpt>
      <trkpt lat="53.29293052" lon="-121.91097044">
      </trkpt>
      <trkpt lat="53.29291925" lon="-121.91096582">
      </trkpt>
      <trkpt lat="53.29289669" lon="-121.91095191">
      </trkpt>
      <trkpt lat="53.29287976" lon="-121.91094264">
      </trkpt>
      <trkpt lat="53.29286282" lon="-121.91092396">
      </trkpt>
      <trkpt lat="53.29284587" lon="-121.91090998">
      </trkpt>
      <trkpt lat="53.29283741" lon="-121.91090056">
      </trkpt>
      <trkpt lat="53.29281765" lon="-121.91088643">
      </trkpt>
      <trkpt lat="53.29279506" lon="-121.91086287">
      </trkpt>
      <trkpt lat="53.29278377" lon="-121.91085346">
      </trkpt>
      <trkpt lat="53.29277247" lon="-121.91084404">
      </trkpt>
      <trkpt lat="53.29276118" lon="-121.91083461">
      </trkpt>
      <trkpt lat="53.2927414" lon="-121.91081576">
      </trkpt>
      <trkpt lat="53.2927301" lon="-121.91080162">
      </trkpt>
      <trkpt lat="53.29271878" lon="-121.91079222">
      </trkpt>
      <trkpt lat="53.2927018" lon="-121.91077341">
      </trkpt>
      <trkpt lat="53.29265644" lon="-121.91068868">
      </trkpt>
      <trkpt lat="53.29263657" lon="-121.91065097">
      </trkpt>
      <trkpt lat="53.29261952" lon="-121.91060851">
      </trkpt>
      <trkpt lat="53.29261099" lon="-121.91058964">
      </trkpt>
      <trkpt lat="53.29260244" lon="-121.91055187">
      </trkpt>
      <trkpt lat="53.29260243" lon="-121.91054241">
      </trkpt>
      <trkpt lat="53.29259957" lon="-121.91052352">
      </trkpt>
      <trkpt lat="53.29258533" lon="-121.91048572">
      </trkpt>
      <trkpt lat="53.29257958" lon="-121.91046685">
      </trkpt>
      <trkpt lat="53.29257382" lon="-121.91044798">
      </trkpt>
      <trkpt lat="53.29256519" lon="-121.91042437">
      </trkpt>
      <trkpt lat="53.29255654" lon="-121.91039601">
      </trkpt>
      <trkpt lat="53.29254792" lon="-121.91037709">
      </trkpt>
      <trkpt lat="53.2925393" lon="-121.91035817">
      </trkpt>
      <trkpt lat="53.29253352" lon="-121.91033923">
      </trkpt>
      <trkpt lat="53.29252195" lon="-121.91030133">
      </trkpt>
      <trkpt lat="53.29251329" lon="-121.91027761">
      </trkpt>
      <trkpt lat="53.29251035" lon="-121.91025863">
      </trkpt>
      <trkpt lat="53.2925046" lon="-121.91024913">
      </trkpt>
      <trkpt lat="53.29248732" lon="-121.91018733">
      </trkpt>
      <trkpt lat="53.292473" lon="-121.91015401">
      </trkpt>
      <trkpt lat="53.29245867" lon="-121.91012068">
      </trkpt>
      <trkpt lat="53.29245008" lon="-121.91010638">
      </trkpt>
      <trkpt lat="53.29243865" lon="-121.91009683">
      </trkpt>
      <trkpt lat="53.29243001" lon="-121.91007776">
      </trkpt>
      <trkpt lat="53.29241274" lon="-121.9100396">
      </trkpt>
      <trkpt lat="53.29239836" lon="-121.91001573">
      </trkpt>
      <trkpt lat="53.29239259" lon="-121.91000139">
      </trkpt>
      <trkpt lat="53.29237527" lon="-121.90995841">
      </trkpt>
      <trkpt lat="53.29236951" lon="-121.9099393">
      </trkpt>
      <trkpt lat="53.29236091" lon="-121.90992019">
      </trkpt>
      <trkpt lat="53.29235232" lon="-121.90989154">
      </trkpt>
      <trkpt lat="53.29234085" lon="-121.90987241">
      </trkpt>
      <trkpt lat="53.29233253" lon="-121.90984387">
      </trkpt>
      <trkpt lat="53.29232412" lon="-121.90982485">
      </trkpt>
      <trkpt lat="53.29231291" lon="-121.90980109">
      </trkpt>
      <trkpt lat="53.2923017" lon="-121.90977734">
      </trkpt>
      <trkpt lat="53.29229887" lon="-121.90976781">
      </trkpt>
      <trkpt lat="53.29229024" lon="-121.90973915">
      </trkpt>
      <trkpt lat="53.29227877" lon="-121.90971523">
      </trkpt>
      <trkpt lat="53.29227587" lon="-121.90969613">
      </trkpt>
      <trkpt lat="53.29227011" lon="-121.90967699">
      </trkpt>
      <trkpt lat="53.29226433" lon="-121.90965786">
      </trkpt>
      <trkpt lat="53.29226141" lon="-121.90963873">
      </trkpt>
      <trkpt lat="53.29225003" lon="-121.90960533">
      </trkpt>
      <trkpt lat="53.29224717" lon="-121.90958145">
      </trkpt>
      <trkpt lat="53.29224146" lon="-121.90956713">
      </trkpt>
      <trkpt lat="53.29223572" lon="-121.90954324">
      </trkpt>
      <trkpt lat="53.29222428" lon="-121.90950023">
      </trkpt>
      <trkpt lat="53.29221576" lon="-121.9094764">
      </trkpt>
      <trkpt lat="53.29221027" lon="-121.90945272">
      </trkpt>
      <trkpt lat="53.29221038" lon="-121.90942897">
      </trkpt>
      <trkpt lat="53.29220775" lon="-121.90939104">
      </trkpt>
      <trkpt lat="53.29220793" lon="-121.90935307">
      </trkpt>
      <trkpt lat="53.29220803" lon="-121.9093341">
      </trkpt>
      <trkpt lat="53.29220821" lon="-121.90929616">
      </trkpt>
      <trkpt lat="53.29220834" lon="-121.90926772">
      </trkpt>
      <trkpt lat="53.2922084" lon="-121.90923443">
      </trkpt>
      <trkpt lat="53.29220842" lon="-121.90920109">
      </trkpt>
      <trkpt lat="53.29220844" lon="-121.90917252">
      </trkpt>
      <trkpt lat="53.29220845" lon="-121.90914871">
      </trkpt>
      <trkpt lat="53.29220849" lon="-121.90910108">
      </trkpt>
      <trkpt lat="53.2922085" lon="-121.90907727">
      </trkpt>
      <trkpt lat="53.29220851" lon="-121.90906776">
      </trkpt>
      <trkpt lat="53.29220853" lon="-121.90903441">
      </trkpt>
      <trkpt lat="53.29220855" lon="-121.9090106">
      </trkpt>
      <trkpt lat="53.29221416" lon="-121.90897712">
      </trkpt>
      <trkpt lat="53.29221979" lon="-121.90893412">
      </trkpt>
      <trkpt lat="53.29222266" lon="-121.90890553">
      </trkpt>
      <trkpt lat="53.29222272" lon="-121.90889134">
      </trkpt>
      <trkpt lat="53.29222561" lon="-121.90887234">
      </trkpt>
      <trkpt lat="53.29223141" lon="-121.90882964">
      </trkpt>
      <trkpt lat="53.29223432" lon="-121.90880591">
      </trkpt>
      <trkpt lat="53.29224003" lon="-121.90878212">
      </trkpt>
      <trkpt lat="53.29224012" lon="-121.90876322">
      </trkpt>
      <trkpt lat="53.29224583" lon="-121.90872511">
      </trkpt>
      <trkpt lat="53.29225145" lon="-121.90869161">
      </trkpt>
      <trkpt lat="53.29225426" lon="-121.90867723">
      </trkpt>
      <trkpt lat="53.29225708" lon="-121.9086581">
      </trkpt>
      <trkpt lat="53.2922627" lon="-121.90861504">
      </trkpt>
      <trkpt lat="53.29226552" lon="-121.90860067">
      </trkpt>
      <trkpt lat="53.29227128" lon="-121.90854358">
      </trkpt>
      <trkpt lat="53.29227421" lon="-121.90851991">
      </trkpt>
      <trkpt lat="53.29227706" lon="-121.90851039">
      </trkpt>
      <trkpt lat="53.29228005" lon="-121.90847257">
      </trkpt>
      <trkpt lat="53.29228294" lon="-121.90845361">
      </trkpt>
      <trkpt lat="53.29228298" lon="-121.90844418">
      </trkpt>
      <trkpt lat="53.29228594" lon="-121.90841108">
      </trkpt>
      <trkpt lat="53.29228602" lon="-121.90839223">
      </trkpt>
      <trkpt lat="53.29228607" lon="-121.90835899">
      </trkpt>
      <trkpt lat="53.29229175" lon="-121.9083208">
      </trkpt>
      <trkpt lat="53.29229459" lon="-121.90829695">
      </trkpt>
      <trkpt lat="53.29229743" lon="-121.90826357">
      </trkpt>
      <trkpt lat="53.29229744" lon="-121.90824928">
      </trkpt>
      <trkpt lat="53.29230316" lon="-121.90821598">
      </trkpt>
      <trkpt lat="53.29230324" lon="-121.90819713">
      </trkpt>
      <trkpt lat="53.29230901" lon="-121.90816877">
      </trkpt>
      <trkpt lat="53.29231202" lon="-121.90812634">
      </trkpt>
      <trkpt lat="53.29231492" lon="-121.90810746">
      </trkpt>
      <trkpt lat="53.29232644" lon="-121.90805548">
      </trkpt>
      <trkpt lat="53.2923322" lon="-121.90802715">
      </trkpt>
      <trkpt lat="53.2923323" lon="-121.90800363">
      </trkpt>
      <trkpt lat="53.29233811" lon="-121.90796121">
      </trkpt>
      <trkpt lat="53.29234097" lon="-121.90795175">
      </trkpt>
      <trkpt lat="53.29234677" lon="-121.90791403">
      </trkpt>
      <trkpt lat="53.29235534" lon="-121.90789036">
      </trkpt>
      <trkpt lat="53.29235819" lon="-121.90788085">
      </trkpt>
      <trkpt lat="53.29236386" lon="-121.90784742">
      </trkpt>
      <trkpt lat="53.29237235" lon="-121.90781392">
      </trkpt>
      <trkpt lat="53.29237801" lon="-121.90779951">
      </trkpt>
      <trkpt lat="53.29238368" lon="-121.90777085">
      </trkpt>
      <trkpt lat="53.29238651" lon="-121.90775175">
      </trkpt>
      <trkpt lat="53.29239218" lon="-121.90772781">
      </trkpt>
      <trkpt lat="53.29239787" lon="-121.90770402">
      </trkpt>
      <trkpt lat="53.29240367" lon="-121.90766634">
      </trkpt>
      <trkpt lat="53.29240943" lon="-121.90763335">
      </trkpt>
      <trkpt lat="53.29241515" lon="-121.90761445">
      </trkpt>
      <trkpt lat="53.29242376" lon="-121.90758141">
      </trkpt>
      <trkpt lat="53.29242661" lon="-121.90757196">
      </trkpt>
      <trkpt lat="53.2924295" lon="-121.90755312">
      </trkpt>
      <trkpt lat="53.29243239" lon="-121.9075343">
      </trkpt>
      <trkpt lat="53.29243815" lon="-121.90750604">
      </trkpt>
      <trkpt lat="53.29244393" lon="-121.9074732">
      </trkpt>
      <trkpt lat="53.29244682" lon="-121.90745916">
      </trkpt>
      <trkpt lat="53.29245548" lon="-121.90742172">
      </trkpt>
      <trkpt lat="53.29245839" lon="-121.90739832">
      </trkpt>
      <trkpt lat="53.292467" lon="-121.90737494">
      </trkpt>
      <trkpt lat="53.2924727" lon="-121.90735603">
      </trkpt>
      <trkpt lat="53.29248409" lon="-121.9073038">
      </trkpt>
      <trkpt lat="53.29248979" lon="-121.90727531">
      </trkpt>
      <trkpt lat="53.29249832" lon="-121.90724681">
      </trkpt>
      <trkpt lat="53.29250402" lon="-121.90722783">
      </trkpt>
      <trkpt lat="53.29250686" lon="-121.90720883">
      </trkpt>
      <trkpt lat="53.29251543" lon="-121.9071853">
      </trkpt>
      <trkpt lat="53.29252115" lon="-121.9071713">
      </trkpt>
      <trkpt lat="53.29252689" lon="-121.90715263">
      </trkpt>
      <trkpt lat="53.2925355" lon="-121.90711995">
      </trkpt>
      <trkpt lat="53.29254406" lon="-121.90710596">
      </trkpt>
      <trkpt lat="53.29255263" lon="-121.90708731">
      </trkpt>
      <trkpt lat="53.29255548" lon="-121.90707314">
      </trkpt>
      <trkpt lat="53.29256688" lon="-121.90704488">
      </trkpt>
      <trkpt lat="53.29257827" lon="-121.90701186">
      </trkpt>
      <trkpt lat="53.29258397" lon="-121.90699774">
      </trkpt>
      <trkpt lat="53.29258966" lon="-121.90697886">
      </trkpt>
      <trkpt lat="53.29259536" lon="-121.90695999">
      </trkpt>
      <trkpt lat="53.29260675" lon="-121.90693648">
      </trkpt>
      <trkpt lat="53.29261528" lon="-121.90691286">
      </trkpt>
      <trkpt lat="53.29262096" lon="-121.90690338">
      </trkpt>
      <trkpt lat="53.29263516" lon="-121.90686544">
      </trkpt>
      <trkpt lat="53.29264085" lon="-121.90685121">
      </trkpt>
      <trkpt lat="53.29264654" lon="-121.9068275">
      </trkpt>
      <trkpt lat="53.29266073" lon="-121.90680378">
      </trkpt>
      <trkpt lat="53.2926721" lon="-121.90678007">
      </trkpt>
      <trkpt lat="53.29267778" lon="-121.9067611">
      </trkpt>
      <trkpt lat="53.29269482" lon="-121.90672317">
      </trkpt>
      <trkpt lat="53.29270335" lon="-121.9067042">
      </trkpt>
      <trkpt lat="53.29271186" lon="-121.90668998">
      </trkpt>
      <trkpt lat="53.29272039" lon="-121.90667101">
      </trkpt>
      <trkpt lat="53.29272891" lon="-121.90665679">
      </trkpt>
      <trkpt lat="53.29274595" lon="-121.90662359">
      </trkpt>
      <trkpt lat="53.29275163" lon="-121.9066141">
      </trkpt>
      <trkpt lat="53.29277435" lon="-121.90657145">
      </trkpt>
      <trkpt lat="53.29277719" lon="-121.9065667">
      </trkpt>
      <trkpt lat="53.29279138" lon="-121.90653809">
      </trkpt>
      <trkpt lat="53.29279422" lon="-121.90653328">
      </trkpt>
      <trkpt lat="53.29280274" lon="-121.90651414">
      </trkpt>
      <trkpt lat="53.29281976" lon="-121.90648535">
      </trkpt>
      <trkpt lat="53.29283112" lon="-121.90646615">
      </trkpt>
      <trkpt lat="53.2928368" lon="-121.90644706">
      </trkpt>
      <trkpt lat="53.2928453" lon="-121.90643265">
      </trkpt>
      <trkpt lat="53.29285667" lon="-121.90639919">
      </trkpt>
      <trkpt lat="53.29286519" lon="-121.90638478">
      </trkpt>
      <trkpt lat="53.29287655" lon="-121.90636082">
      </trkpt>
      <trkpt lat="53.2928794" lon="-121.90634652">
      </trkpt>
      <trkpt lat="53.29288792" lon="-121.90632737">
      </trkpt>
      <trkpt lat="53.29289645" lon="-121.90629869">
      </trkpt>
      <trkpt lat="53.2929135" lon="-121.90626036">
      </trkpt>
      <trkpt lat="53.29292771" lon="-121.90623158">
      </trkpt>
      <trkpt lat="53.29294193" lon="-121.90619804">
      </trkpt>
      <trkpt lat="53.29294761" lon="-121.90618367">
      </trkpt>
      <trkpt lat="53.29295614" lon="-121.90616451">
      </trkpt>
      <trkpt lat="53.29296184" lon="-121.90614076">
      </trkpt>
      <trkpt lat="53.2929789" lon="-121.90610754">
      </trkpt>
      <trkpt lat="53.29299027" lon="-121.90608856">
      </trkpt>
      <trkpt lat="53.29301301" lon="-121.90604584">
      </trkpt>
      <trkpt lat="53.29301585" lon="-121.90604111">
      </trkpt>
      <trkpt lat="53.29303007" lon="-121.90601738">
      </trkpt>
      <trkpt lat="53.29303575" lon="-121.90600314">
      </trkpt>
      <trkpt lat="53.29312549" lon="-121.9057787">
      </trkpt>
      <trkpt lat="53.29314206" lon="-121.90569828">
      </trkpt>
      <trkpt lat="53.29319992" lon="-121.90542968">
      </trkpt>
      <trkpt lat="53.29320828" lon="-121.90537601">
      </trkpt>
      <trkpt lat="53.29324141" lon="-121.90522837">
      </trkpt>
      <trkpt lat="53.29325803" lon="-121.90513428">
      </trkpt>
      <trkpt lat="53.29326651" lon="-121.90506735">
      </trkpt>
      <trkpt lat="53.2932836" lon="-121.90490655">
      </trkpt>
      <trkpt lat="53.29330869" lon="-121.9047725">
      </trkpt>
      <trkpt lat="53.29332542" lon="-121.90467848">
      </trkpt>
      <trkpt lat="53.29334227" lon="-121.90455752">
      </trkpt>
      <trkpt lat="53.29335886" lon="-121.90449024">
      </trkpt>
      <trkpt lat="53.29339169" lon="-121.90436824">
      </trkpt>
      <trkpt lat="53.29339171" lon="-121.90434098">
      </trkpt>
      <trkpt lat="53.2934162" lon="-121.90425926">
      </trkpt>
      <trkpt lat="53.29343259" lon="-121.90420499">
      </trkpt>
      <trkpt lat="53.29347424" lon="-121.90401651">
      </trkpt>
      <trkpt lat="53.29349057" lon="-121.90397568">
      </trkpt>
      <trkpt lat="53.29351509" lon="-121.90390764">
      </trkpt>
      <trkpt lat="53.29355609" lon="-121.90377187">
      </trkpt>
      <trkpt lat="53.29357259" lon="-121.9037178">
      </trkpt>
      <trkpt lat="53.29360549" lon="-121.90363661">
      </trkpt>
      <trkpt lat="53.29363041" lon="-121.90355589">
      </trkpt>
      <trkpt lat="53.29363893" lon="-121.9035158">
      </trkpt>
      <trkpt lat="53.29367205" lon="-121.90344874">
      </trkpt>
      <trkpt lat="53.29368035" lon="-121.90342176">
      </trkpt>
      <trkpt lat="53.29370525" lon="-121.90334081">
      </trkpt>
      <trkpt lat="53.29373862" lon="-121.90326052">
      </trkpt>
      <trkpt lat="53.29377179" lon="-121.90316603">
      </trkpt>
      <trkpt lat="53.29378855" lon="-121.90308499">
      </trkpt>
      <trkpt lat="53.29379731" lon="-121.90301789">
      </trkpt>
      <trkpt lat="53.29382269" lon="-121.90293771">
      </trkpt>
      <trkpt lat="53.29383152" lon="-121.90285693">
      </trkpt>
      <trkpt lat="53.29383167" lon="-121.90282987">
      </trkpt>
      <trkpt lat="53.29385688" lon="-121.90270811">
      </trkpt>
      <trkpt lat="53.29386536" lon="-121.90265396">
      </trkpt>
      <trkpt lat="53.29386621" lon="-121.90253237">
      </trkpt>
      <trkpt lat="53.29385821" lon="-121.90247787">
      </trkpt>
      <trkpt lat="53.29384269" lon="-121.90232872">
      </trkpt>
      <trkpt lat="53.29384299" lon="-121.90227447">
      </trkpt>
      <trkpt lat="53.29382711" lon="-121.9021657">
      </trkpt>
      <trkpt lat="53.2938191" lon="-121.90211119">
      </trkpt>
      <trkpt lat="53.29381126" lon="-121.90200216">
      </trkpt>
      <trkpt lat="53.29380347" lon="-121.9018795">
      </trkpt>
      <trkpt lat="53.29380377" lon="-121.90185261">
      </trkpt>
      <trkpt lat="53.29379695" lon="-121.9017314">
      </trkpt>
      <trkpt lat="53.29378899" lon="-121.90169061">
      </trkpt>
      <trkpt lat="53.29378982" lon="-121.90154104">
      </trkpt>
      <trkpt lat="53.2937819" lon="-121.90151398">
      </trkpt>
      <trkpt lat="53.29378229" lon="-121.90144593">
      </trkpt>
      <trkpt lat="53.29377359" lon="-121.90134929">
      </trkpt>
      <trkpt lat="53.29376561" lon="-121.90128098">
      </trkpt>
      <trkpt lat="53.29375797" lon="-121.90117204">
      </trkpt>
      <trkpt lat="53.29375843" lon="-121.90109036">
      </trkpt>
      <trkpt lat="53.29375042" lon="-121.90104943">
      </trkpt>
      <trkpt lat="53.29375065" lon="-121.90093997">
      </trkpt>
      <trkpt lat="53.29374247" lon="-121.90085765">
      </trkpt>
      <trkpt lat="53.29374298" lon="-121.900776">
      </trkpt>
      <trkpt lat="53.29373474" lon="-121.90072106">
      </trkpt>
      <trkpt lat="53.29372651" lon="-121.90063869">
      </trkpt>
      <trkpt lat="53.29371873" lon="-121.90051565">
      </trkpt>
      <trkpt lat="53.29371138" lon="-121.90035189">
      </trkpt>
      <trkpt lat="53.29369543" lon="-121.90025623">
      </trkpt>
      <trkpt lat="53.29367172" lon="-121.90009236">
      </trkpt>
      <trkpt lat="53.29366366" lon="-121.90005129">
      </trkpt>
      <trkpt lat="53.29364744" lon="-121.89998278">
      </trkpt>
      <trkpt lat="53.29363918" lon="-121.89995525">
      </trkpt>
      <trkpt lat="53.29363093" lon="-121.89990027">
      </trkpt>
      <trkpt lat="53.2936227" lon="-121.8998316">
      </trkpt>
      <trkpt lat="53.29360679" lon="-121.89972215">
      </trkpt>
      <trkpt lat="53.2935989" lon="-121.89965375">
      </trkpt>
      <trkpt lat="53.29359101" lon="-121.8995853">
      </trkpt>
      <trkpt lat="53.29357509" lon="-121.89947575">
      </trkpt>
      <trkpt lat="53.29355064" lon="-121.8994209">
      </trkpt>
      <trkpt lat="53.29354268" lon="-121.8993661">
      </trkpt>
      <trkpt lat="53.29352644" lon="-121.89931129">
      </trkpt>
      <trkpt lat="53.29350204" lon="-121.8992427">
      </trkpt>
      <trkpt lat="53.29347764" lon="-121.8991741">
      </trkpt>
      <trkpt lat="53.29347778" lon="-121.89914671">
      </trkpt>
      <trkpt lat="53.29344548" lon="-121.89906453">
      </trkpt>
      <trkpt lat="53.29341306" lon="-121.89899597">
      </trkpt>
      <trkpt lat="53.2933884" lon="-121.89894093">
      </trkpt>
      <trkpt lat="53.29335563" lon="-121.89888597">
      </trkpt>
      <trkpt lat="53.29333111" lon="-121.89885852">
      </trkpt>
      <trkpt lat="53.29329033" lon="-121.8988036">
      </trkpt>
      <trkpt lat="53.29324915" lon="-121.89877598">
      </trkpt>
      <trkpt lat="53.29321638" lon="-121.89873473">
      </trkpt>
      <trkpt lat="53.2931835" lon="-121.89870718">
      </trkpt>
      <trkpt lat="53.29316705" lon="-121.89869339">
      </trkpt>
      <trkpt lat="53.29313427" lon="-121.89865213">
      </trkpt>
      <trkpt lat="53.29308495" lon="-121.89861079">
      </trkpt>
      <trkpt lat="53.29306033" lon="-121.89858327">
      </trkpt>
      <trkpt lat="53.2930109" lon="-121.89855564">
      </trkpt>
      <trkpt lat="53.29296999" lon="-121.89852816">
      </trkpt>
      <trkpt lat="53.29290448" lon="-121.89848693">
      </trkpt>
      <trkpt lat="53.29286369" lon="-121.89844569">
      </trkpt>
      <trkpt lat="53.29281464" lon="-121.89840447">
      </trkpt>
      <trkpt lat="53.29277382" lon="-121.89836331">
      </trkpt>
      <trkpt lat="53.29276571" lon="-121.89834958">
      </trkpt>
      <trkpt lat="53.29270836" lon="-121.89829451">
      </trkpt>
      <trkpt lat="53.29265894" lon="-121.8982669">
      </trkpt>
      <trkpt lat="53.29260956" lon="-121.89823929">
      </trkpt>
      <trkpt lat="53.29256032" lon="-121.89819797">
      </trkpt>
      <trkpt lat="53.29251912" lon="-121.89817034">
      </trkpt>
      <trkpt lat="53.29246119" lon="-121.89811511">
      </trkpt>
      <trkpt lat="53.29243637" lon="-121.89810129">
      </trkpt>
      <trkpt lat="53.29238737" lon="-121.89804631">
      </trkpt>
      <trkpt lat="53.29234645" lon="-121.89800508">
      </trkpt>
      <trkpt lat="53.29230537" lon="-121.89797746">
      </trkpt>
      <trkpt lat="53.2922314" lon="-121.89789484">
      </trkpt>
      <trkpt lat="53.29219851" lon="-121.89786727">
      </trkpt>
      <trkpt lat="53.29218207" lon="-121.89785349">
      </trkpt>
      <trkpt lat="53.29211632" lon="-121.8977984">
      </trkpt>
      <trkpt lat="53.29209176" lon="-121.89775712">
      </trkpt>
      <trkpt lat="53.29205893" lon="-121.89772956">
      </trkpt>
      <trkpt lat="53.29204261" lon="-121.89768829">
      </trkpt>
      <trkpt lat="53.2920016" lon="-121.89764695">
      </trkpt>
      <trkpt lat="53.29195238" lon="-121.89759185">
      </trkpt>
      <trkpt lat="53.2918867" lon="-121.89753668">
      </trkpt>
      <trkpt lat="53.29183739" lon="-121.89748159">
      </trkpt>
      <trkpt lat="53.29177996" lon="-121.89742641">
      </trkpt>
      <trkpt lat="53.2917389" lon="-121.89739881">
      </trkpt>
      <trkpt lat="53.29173071" lon="-121.89738502">
      </trkpt>
      <trkpt lat="53.29169786" lon="-121.89735741">
      </trkpt>
      <trkpt lat="53.291665" lon="-121.89734358">
      </trkpt>
      <trkpt lat="53.29160749" lon="-121.89730215">
      </trkpt>
      <trkpt lat="53.29156638" lon="-121.89727448">
      </trkpt>
      <trkpt lat="53.29153343" lon="-121.89724695">
      </trkpt>
      <trkpt lat="53.29148406" lon="-121.89721939">
      </trkpt>
      <trkpt lat="53.29145942" lon="-121.89719179">
      </trkpt>
      <trkpt lat="53.29140186" lon="-121.89715033">
      </trkpt>
      <trkpt lat="53.29136899" lon="-121.89710888">
      </trkpt>
      <trkpt lat="53.29131141" lon="-121.89706739">
      </trkpt>
      <trkpt lat="53.29127849" lon="-121.89702597">
      </trkpt>
      <trkpt lat="53.29123735" lon="-121.89698451">
      </trkpt>
      <trkpt lat="53.291188" lon="-121.89691547">
      </trkpt>
      <trkpt lat="53.2911633" lon="-121.89687402">
      </trkpt>
      <trkpt lat="53.29113037" lon="-121.89681882">
      </trkpt>
      <trkpt lat="53.29108919" lon="-121.89677728">
      </trkpt>
      <trkpt lat="53.29107272" lon="-121.89674959">
      </trkpt>
      <trkpt lat="53.29094543" lon="-121.89668844">
      </trkpt>
      <trkpt lat="53.29092693" lon="-121.89668065">
      </trkpt>
      <trkpt lat="53.29090409" lon="-121.89666505">
      </trkpt>
      <trkpt lat="53.29088076" lon="-121.89665729">
      </trkpt>
      <trkpt lat="53.29086216" lon="-121.89664175">
      </trkpt>
      <trkpt lat="53.29083882" lon="-121.89662624">
      </trkpt>
      <trkpt lat="53.29080619" lon="-121.89660294">
      </trkpt>
      <trkpt lat="53.29079232" lon="-121.89658741">
      </trkpt>
      <trkpt lat="53.29076898" lon="-121.89657189">
      </trkpt>
      <trkpt lat="53.29075512" lon="-121.89655635">
      </trkpt>
      <trkpt lat="53.29073185" lon="-121.89654083">
      </trkpt>
      <trkpt lat="53.29070867" lon="-121.89653304">
      </trkpt>
      <trkpt lat="53.29068525" lon="-121.89653306">
      </trkpt>
      <trkpt lat="53.29065716" lon="-121.89653308">
      </trkpt>
      <trkpt lat="53.29062907" lon="-121.89653311">
      </trkpt>
      <trkpt lat="53.29060567" lon="-121.89653312">
      </trkpt>
      <trkpt lat="53.29058695" lon="-121.89653314">
      </trkpt>
      <trkpt lat="53.29056378" lon="-121.89652535">
      </trkpt>
      <trkpt lat="53.29054553" lon="-121.89650975">
      </trkpt>
      <trkpt lat="53.29052259" lon="-121.89649415">
      </trkpt>
      <trkpt lat="53.29050387" lon="-121.89649417">
      </trkpt>
      <trkpt lat="53.29046668" lon="-121.89648639">
      </trkpt>
      <trkpt lat="53.29043866" lon="-121.89647866">
      </trkpt>
      <trkpt lat="53.29041977" lon="-121.89647873">
      </trkpt>
      <trkpt lat="53.29039633" lon="-121.89647102">
      </trkpt>
      <trkpt lat="53.29035434" lon="-121.89647103">
      </trkpt>
      <trkpt lat="53.29031265" lon="-121.89647098">
      </trkpt>
      <trkpt lat="53.29027528" lon="-121.89645552">
      </trkpt>
      <trkpt lat="53.29027057" lon="-121.89645554">
      </trkpt>
      <trkpt lat="53.2902376" lon="-121.89644017">
      </trkpt>
      <trkpt lat="53.29021876" lon="-121.8964325">
      </trkpt>
      <trkpt lat="53.29020001" lon="-121.89641705">
      </trkpt>
      <trkpt lat="53.29019534" lon="-121.89641705">
      </trkpt>
      <trkpt lat="53.29016285" lon="-121.8964093">
      </trkpt>
      <trkpt lat="53.29013969" lon="-121.89640926">
      </trkpt>
      <trkpt lat="53.29011192" lon="-121.89640923">
      </trkpt>
      <trkpt lat="53.29007951" lon="-121.89640917">
      </trkpt>
      <trkpt lat="53.29003784" lon="-121.8964091">
      </trkpt>
      <trkpt lat="53.2899962" lon="-121.89640903">
      </trkpt>
      <trkpt lat="53.28996373" lon="-121.89641674">
      </trkpt>
      <trkpt lat="53.28993594" lon="-121.8964167">
      </trkpt>
      <trkpt lat="53.28991736" lon="-121.89642445">
      </trkpt>
      <trkpt lat="53.28990347" lon="-121.89642441">
      </trkpt>
      <trkpt lat="53.28987563" lon="-121.89643215">
      </trkpt>
      <trkpt lat="53.28983397" lon="-121.8964321">
      </trkpt>
      <trkpt lat="53.2898154" lon="-121.89643982">
      </trkpt>
      <trkpt lat="53.28979683" lon="-121.89644756">
      </trkpt>
      <trkpt lat="53.28977363" lon="-121.89645529">
      </trkpt>
      <trkpt lat="53.28975043" lon="-121.89646301">
      </trkpt>
      <trkpt lat="53.28969484" lon="-121.8964707">
      </trkpt>
      <trkpt lat="53.28967615" lon="-121.89647848">
      </trkpt>
      <trkpt lat="53.28965286" lon="-121.8964785">
      </trkpt>
      <trkpt lat="53.28964349" lon="-121.89648627">
      </trkpt>
      <trkpt lat="53.28962486" lon="-121.89648629">
      </trkpt>
      <trkpt lat="53.28960152" lon="-121.89649407">
      </trkpt>
      <trkpt lat="53.28955967" lon="-121.89650184">
      </trkpt>
      <trkpt lat="53.28951796" lon="-121.89650954">
      </trkpt>
      <trkpt lat="53.28948108" lon="-121.89651718">
      </trkpt>
      <trkpt lat="53.28943959" lon="-121.89652479">
      </trkpt>
      <trkpt lat="53.28939809" lon="-121.8965324">
      </trkpt>
      <trkpt lat="53.28937499" lon="-121.8965401">
      </trkpt>
      <trkpt lat="53.28935649" lon="-121.8965478">
      </trkpt>
      <trkpt lat="53.28932871" lon="-121.89656324">
      </trkpt>
      <trkpt lat="53.28927781" lon="-121.89658637">
      </trkpt>
      <trkpt lat="53.2892409" lon="-121.89659402">
      </trkpt>
      <trkpt lat="53.2892132" lon="-121.89660168">
      </trkpt>
      <trkpt lat="53.2891669" lon="-121.89662485">
      </trkpt>
      <trkpt lat="53.28914841" lon="-121.89663255">
      </trkpt>
      <trkpt lat="53.28912522" lon="-121.89664801">
      </trkpt>
      <trkpt lat="53.28909751" lon="-121.89665568">
      </trkpt>
      <trkpt lat="53.28906979" lon="-121.89666336">
      </trkpt>
      <trkpt lat="53.28905128" lon="-121.89667108">
      </trkpt>
      <trkpt lat="53.2890096" lon="-121.89669425">
      </trkpt>
      <trkpt lat="53.2889911" lon="-121.8966942">
      </trkpt>
      <trkpt lat="53.28895401" lon="-121.89670192">
      </trkpt>
      <trkpt lat="53.28893081" lon="-121.89670966">
      </trkpt>
      <trkpt lat="53.28890761" lon="-121.89671738">
      </trkpt>
      <trkpt lat="53.28888441" lon="-121.89672512">
      </trkpt>
      <trkpt lat="53.28885656" lon="-121.89674059">
      </trkpt>
      <trkpt lat="53.28882876" lon="-121.89675606">
      </trkpt>
      <trkpt lat="53.28881028" lon="-121.89676375">
      </trkpt>
      <trkpt lat="53.28876412" lon="-121.8967791">
      </trkpt>
      <trkpt lat="53.28872716" lon="-121.8967945">
      </trkpt>
      <trkpt lat="53.28869945" lon="-121.89680217">
      </trkpt>
      <trkpt lat="53.28868097" lon="-121.89680987">
      </trkpt>
      <trkpt lat="53.28864856" lon="-121.89682531">
      </trkpt>
      <trkpt lat="53.28864393" lon="-121.8968253">
      </trkpt>
      <trkpt lat="53.28860218" lon="-121.89685624">
      </trkpt>
      <trkpt lat="53.28858826" lon="-121.89686398">
      </trkpt>
      <trkpt lat="53.28855585" lon="-121.89687168">
      </trkpt>
      <trkpt lat="53.28853731" lon="-121.8968794">
      </trkpt>
      <trkpt lat="53.28850022" lon="-121.89690259">
      </trkpt>
      <trkpt lat="53.28846781" lon="-121.89691802">
      </trkpt>
      <trkpt lat="53.28844469" lon="-121.89692572">
      </trkpt>
      <trkpt lat="53.28842615" lon="-121.89694118">
      </trkpt>
      <trkpt lat="53.28840764" lon="-121.89694888">
      </trkpt>
      <trkpt lat="53.28835209" lon="-121.89697977">
      </trkpt>
      <trkpt lat="53.2883151" lon="-121.89698744">
      </trkpt>
      <trkpt lat="53.28830585" lon="-121.89698743">
      </trkpt>
      <trkpt lat="53.28826417" lon="-121.89699512">
      </trkpt>
      <trkpt lat="53.28822713" lon="-121.89700282">
      </trkpt>
      <trkpt lat="53.28819475" lon="-121.89700275">
      </trkpt>
      <trkpt lat="53.28815309" lon="-121.89701045">
      </trkpt>
      <trkpt lat="53.28813458" lon="-121.89701815">
      </trkpt>
      <trkpt lat="53.28810683" lon="-121.89702585">
      </trkpt>
      <trkpt lat="53.28808369" lon="-121.89703354">
      </trkpt>
      <trkpt lat="53.28806521" lon="-121.8970335">
      </trkpt>
      <trkpt lat="53.28803283" lon="-121.89704118">
      </trkpt>
      <trkpt lat="53.28801433" lon="-121.89704115">
      </trkpt>
      <trkpt lat="53.28798659" lon="-121.89704882">
      </trkpt>
      <trkpt lat="53.28795418" lon="-121.89706427">
      </trkpt>
      <trkpt lat="53.28794028" lon="-121.89707199">
      </trkpt>
      <trkpt lat="53.28791251" lon="-121.89708744">
      </trkpt>
      <trkpt lat="53.28787086" lon="-121.89711058">
      </trkpt>
      <trkpt lat="53.28784771" lon="-121.89712603">
      </trkpt>
      <trkpt lat="53.28782457" lon="-121.89713373">
      </trkpt>
      <trkpt lat="53.28780606" lon="-121.89714144">
      </trkpt>
      <trkpt lat="53.28777827" lon="-121.89715688">
      </trkpt>
      <trkpt lat="53.2877505" lon="-121.89716458">
      </trkpt>
      <trkpt lat="53.28770421" lon="-121.89718">
      </trkpt>
      <trkpt lat="53.28767644" lon="-121.89718769">
      </trkpt>
      <trkpt lat="53.28765793" lon="-121.89718767">
      </trkpt>
      <trkpt lat="53.2876394" lon="-121.89719537">
      </trkpt>
      <trkpt lat="53.28761163" lon="-121.89720309">
      </trkpt>
      <trkpt lat="53.28758387" lon="-121.89721078">
      </trkpt>
      <trkpt lat="53.28756536" lon="-121.89721076">
      </trkpt>
      <trkpt lat="53.28754685" lon="-121.89721848">
      </trkpt>
      <trkpt lat="53.28752834" lon="-121.89721844">
      </trkpt>
      <trkpt lat="53.28750059" lon="-121.89722614">
      </trkpt>
      <trkpt lat="53.28746356" lon="-121.89723382">
      </trkpt>
      <trkpt lat="53.28744045" lon="-121.89724152">
      </trkpt>
      <trkpt lat="53.28741269" lon="-121.89724149">
      </trkpt>
      <trkpt lat="53.28737569" lon="-121.89724917">
      </trkpt>
      <trkpt lat="53.28733869" lon="-121.89725685">
      </trkpt>
      <trkpt lat="53.28731557" lon="-121.89726455">
      </trkpt>
      <trkpt lat="53.28729707" lon="-121.89726451">
      </trkpt>
      <trkpt lat="53.28726003" lon="-121.8972722">
      </trkpt>
      <trkpt lat="53.28724149" lon="-121.89727218">
      </trkpt>
      <trkpt lat="53.28720905" lon="-121.89727213">
      </trkpt>
      <trkpt lat="53.28718586" lon="-121.8972721">
      </trkpt>
      <trkpt lat="53.28716267" lon="-121.89727206">
      </trkpt>
      <trkpt lat="53.2871302" lon="-121.89727203">
      </trkpt>
      <trkpt lat="53.28708851" lon="-121.89727196">
      </trkpt>
      <trkpt lat="53.28706073" lon="-121.89727193">
      </trkpt>
      <trkpt lat="53.28703755" lon="-121.89726415">
      </trkpt>
      <trkpt lat="53.2870144" lon="-121.89726412">
      </trkpt>
      <trkpt lat="53.28697274" lon="-121.89726406">
      </trkpt>
      <trkpt lat="53.28692183" lon="-121.89726397">
      </trkpt>
      <trkpt lat="53.28688479" lon="-121.89726392">
      </trkpt>
      <trkpt lat="53.28685706" lon="-121.89727161">
      </trkpt>
      <trkpt lat="53.28683391" lon="-121.89727158">
      </trkpt>
      <trkpt lat="53.28680619" lon="-121.89727928">
      </trkpt>
      <trkpt lat="53.28678304" lon="-121.89727924">
      </trkpt>
      <trkpt lat="53.28674612" lon="-121.89727919">
      </trkpt>
      <trkpt lat="53.28672764" lon="-121.89727915">
      </trkpt>
      <trkpt lat="53.28669979" lon="-121.89727136">
      </trkpt>
      <trkpt lat="53.28669044" lon="-121.89726362">
      </trkpt>
      <trkpt lat="53.28666242" lon="-121.89724035">
      </trkpt>
      <trkpt lat="53.28662512" lon="-121.89721706">
      </trkpt>
      <trkpt lat="53.28658316" lon="-121.89719375">
      </trkpt>
      <trkpt lat="53.28656463" lon="-121.89719372">
      </trkpt>
      <trkpt lat="53.28654146" lon="-121.89719368">
      </trkpt>
      <trkpt lat="53.28652293" lon="-121.89719365">
      </trkpt>
      <trkpt lat="53.28649504" lon="-121.89718585">
      </trkpt>
      <trkpt lat="53.28647641" lon="-121.89717808">
      </trkpt>
      <trkpt lat="53.28638619" lon="-121.89713917">
      </trkpt>
      <trkpt lat="53.28636792" lon="-121.89713137">
      </trkpt>
      <trkpt lat="53.28634039" lon="-121.89712357">
      </trkpt>
      <trkpt lat="53.28631285" lon="-121.89711577">
      </trkpt>
      <trkpt lat="53.28628093" lon="-121.89710019">
      </trkpt>
      <trkpt lat="53.28626702" lon="-121.89710017">
      </trkpt>
      <trkpt lat="53.28624417" lon="-121.89708461">
      </trkpt>
      <trkpt lat="53.28622099" lon="-121.89707682">
      </trkpt>
      <trkpt lat="53.28618374" lon="-121.89706902">
      </trkpt>
      <trkpt lat="53.28616029" lon="-121.89706898">
      </trkpt>
      <trkpt lat="53.28614155" lon="-121.89706897">
      </trkpt>
      <trkpt lat="53.28612279" lon="-121.89706896">
      </trkpt>
      <trkpt lat="53.28608538" lon="-121.89706891">
      </trkpt>
      <trkpt lat="53.28605757" lon="-121.89706888">
      </trkpt>
      <trkpt lat="53.28603464" lon="-121.89706106">
      </trkpt>
      <trkpt lat="53.28601634" lon="-121.89705327">
      </trkpt>
      <trkpt lat="53.28598437" lon="-121.89703768">
      </trkpt>
      <trkpt lat="53.28596631" lon="-121.89702211">
      </trkpt>
      <trkpt lat="53.28594288" lon="-121.89702208">
      </trkpt>
      <trkpt lat="53.28592899" lon="-121.89701431">
      </trkpt>
      <trkpt lat="53.28589185" lon="-121.89699874">
      </trkpt>
      <trkpt lat="53.28588732" lon="-121.89699097">
      </trkpt>
      <trkpt lat="53.28585002" lon="-121.89698318">
      </trkpt>
      <trkpt lat="53.2858313" lon="-121.89698316">
      </trkpt>
      <trkpt lat="53.28579908" lon="-121.89697533">
      </trkpt>
      <trkpt lat="53.28577613" lon="-121.89696752">
      </trkpt>
      <trkpt lat="53.28574386" lon="-121.89695969">
      </trkpt>
      <trkpt lat="53.28572091" lon="-121.89694412">
      </trkpt>
      <trkpt lat="53.28569291" lon="-121.89693632">
      </trkpt>
      <trkpt lat="53.28566958" lon="-121.8969208">
      </trkpt>
      <trkpt lat="53.28564612" lon="-121.89691304">
      </trkpt>
      <trkpt lat="53.28561777" lon="-121.89691304">
      </trkpt>
      <trkpt lat="53.2856132" lon="-121.89690528">
      </trkpt>
      <trkpt lat="53.28558047" lon="-121.89688976">
      </trkpt>
      <trkpt lat="53.28555241" lon="-121.89688975">
      </trkpt>
      <trkpt lat="53.28552924" lon="-121.89688196">
      </trkpt>
      <trkpt lat="53.28549225" lon="-121.89686638">
      </trkpt>
      <trkpt lat="53.28547354" lon="-121.89686638">
      </trkpt>
      <trkpt lat="53.28544101" lon="-121.8968586">
      </trkpt>
      <trkpt lat="53.28541764" lon="-121.8968586">
      </trkpt>
      <trkpt lat="53.28541296" lon="-121.89685859">
      </trkpt>
      <trkpt lat="53.28538063" lon="-121.89685077">
      </trkpt>
      <trkpt lat="53.28535746" lon="-121.89685074">
      </trkpt>
      <trkpt lat="53.28532984" lon="-121.8968429">
      </trkpt>
      <trkpt lat="53.28528813" lon="-121.89684285">
      </trkpt>
      <trkpt lat="53.28526495" lon="-121.89684282">
      </trkpt>
      <trkpt lat="53.28525104" lon="-121.8968428">
      </trkpt>
      <trkpt lat="53.28520916" lon="-121.89684275">
      </trkpt>
      <trkpt lat="53.2851858" lon="-121.89684275">
      </trkpt>
      <trkpt lat="53.2851718" lon="-121.89684274">
      </trkpt>
      <trkpt lat="53.28513463" lon="-121.89683496">
      </trkpt>
      <trkpt lat="53.28511148" lon="-121.89682716">
      </trkpt>
      <trkpt lat="53.28506514" lon="-121.89681158">
      </trkpt>
      <trkpt lat="53.2850512" lon="-121.89681157">
      </trkpt>
      <trkpt lat="53.28501909" lon="-121.89679594">
      </trkpt>
      <trkpt lat="53.28500055" lon="-121.89679591">
      </trkpt>
      <trkpt lat="53.28495873" lon="-121.89678813">
      </trkpt>
      <trkpt lat="53.28493539" lon="-121.89678813">
      </trkpt>
      <trkpt lat="53.28491218" lon="-121.89678036">
      </trkpt>
      <trkpt lat="53.28486567" lon="-121.89678032">
      </trkpt>
      <trkpt lat="53.28483788" lon="-121.89678029">
      </trkpt>
      <trkpt lat="53.28481008" lon="-121.89678024">
      </trkpt>
      <trkpt lat="53.28476838" lon="-121.89678017">
      </trkpt>
      <trkpt lat="53.28474058" lon="-121.89678014">
      </trkpt>
      <trkpt lat="53.28470344" lon="-121.89678009">
      </trkpt>
      <trkpt lat="53.28467548" lon="-121.89678009">
      </trkpt>
      <trkpt lat="53.28465701" lon="-121.89677231">
      </trkpt>
      <trkpt lat="53.28462007" lon="-121.89676446">
      </trkpt>
      <trkpt lat="53.28458301" lon="-121.89676441">
      </trkpt>
      <trkpt lat="53.28456923" lon="-121.89675659">
      </trkpt>
      <trkpt lat="53.28454156" lon="-121.89674876">
      </trkpt>
      <trkpt lat="53.28449985" lon="-121.8967487">
      </trkpt>
      <trkpt lat="53.28446291" lon="-121.89674086">
      </trkpt>
      <trkpt lat="53.28443973" lon="-121.89674082">
      </trkpt>
      <trkpt lat="53.28442119" lon="-121.8967408">
      </trkpt>
      <trkpt lat="53.28439339" lon="-121.89674075">
      </trkpt>
      <trkpt lat="53.28434247" lon="-121.89674064">
      </trkpt>
      <trkpt lat="53.28431003" lon="-121.89674059">
      </trkpt>
      <trkpt lat="53.28427759" lon="-121.89674055">
      </trkpt>
      <trkpt lat="53.28425441" lon="-121.89674051">
      </trkpt>
      <trkpt lat="53.2842127" lon="-121.89674045">
      </trkpt>
      <trkpt lat="53.28419419" lon="-121.8967404">
      </trkpt>
      <trkpt lat="53.28417566" lon="-121.89674038">
      </trkpt>
      <trkpt lat="53.28414785" lon="-121.89674033">
      </trkpt>
      <trkpt lat="53.28412001" lon="-121.89674805">
      </trkpt>
      <trkpt lat="53.28409213" lon="-121.89676355">
      </trkpt>
      <trkpt lat="53.28408287" lon="-121.89676353">
      </trkpt>
      <trkpt lat="53.28405492" lon="-121.89679454">
      </trkpt>
      <trkpt lat="53.28404096" lon="-121.89681004">
      </trkpt>
      <trkpt lat="53.28402703" lon="-121.89681779">
      </trkpt>
      <trkpt lat="53.28399456" lon="-121.8968565">
      </trkpt>
      <trkpt lat="53.28398065" lon="-121.89687198">
      </trkpt>
      <trkpt lat="53.28396211" lon="-121.89688746">
      </trkpt>
      <trkpt lat="53.28393889" lon="-121.89691843">
      </trkpt>
      <trkpt lat="53.28390642" lon="-121.89695714">
      </trkpt>
      <trkpt lat="53.28388323" lon="-121.89698035">
      </trkpt>
      <trkpt lat="53.28386464" lon="-121.89701133">
      </trkpt>
      <trkpt lat="53.28381834" lon="-121.89707324">
      </trkpt>
      <trkpt lat="53.28379046" lon="-121.89711197">
      </trkpt>
      <trkpt lat="53.28374405" lon="-121.89716615">
      </trkpt>
      <trkpt lat="53.28373939" lon="-121.8971739">
      </trkpt>
      <trkpt lat="53.28372083" lon="-121.89719712">
      </trkpt>
      <trkpt lat="53.28369757" lon="-121.89723581">
      </trkpt>
      <trkpt lat="53.28367887" lon="-121.89728227">
      </trkpt>
      <trkpt lat="53.28365562" lon="-121.89732095">
      </trkpt>
      <trkpt lat="53.28364167" lon="-121.89734417">
      </trkpt>
      <trkpt lat="53.28361382" lon="-121.89738284">
      </trkpt>
      <trkpt lat="53.28359985" lon="-121.89741377">
      </trkpt>
      <trkpt lat="53.28358597" lon="-121.89742924">
      </trkpt>
      <trkpt lat="53.28356741" lon="-121.89747568">
      </trkpt>
      <trkpt lat="53.28354424" lon="-121.89751438">
      </trkpt>
      <trkpt lat="53.28352569" lon="-121.8975608">
      </trkpt>
      <trkpt lat="53.28351177" lon="-121.89759173">
      </trkpt>
      <trkpt lat="53.28348858" lon="-121.89762265">
      </trkpt>
      <trkpt lat="53.28346991" lon="-121.89767671">
      </trkpt>
      <trkpt lat="53.28343733" lon="-121.89775392">
      </trkpt>
      <trkpt lat="53.28340485" lon="-121.89780795">
      </trkpt>
      <trkpt lat="53.28339091" lon="-121.89783881">
      </trkpt>
      <trkpt lat="53.28336303" lon="-121.89790051">
      </trkpt>
      <trkpt lat="53.28334449" lon="-121.89793136">
      </trkpt>
      <trkpt lat="53.28332595" lon="-121.89795447">
      </trkpt>
      <trkpt lat="53.28331202" lon="-121.89797756">
      </trkpt>
      <trkpt lat="53.28330272" lon="-121.89800065">
      </trkpt>
      <trkpt lat="53.28327951" lon="-121.89804679">
      </trkpt>
      <trkpt lat="53.28326558" lon="-121.89807755">
      </trkpt>
      <trkpt lat="53.28324704" lon="-121.89811599">
      </trkpt>
      <trkpt lat="53.28322385" lon="-121.89816209">
      </trkpt>
      <trkpt lat="53.28318682" lon="-121.89821588">
      </trkpt>
      <trkpt lat="53.2831637" lon="-121.89823892">
      </trkpt>
      <trkpt lat="53.28314521" lon="-121.89826196">
      </trkpt>
      <trkpt lat="53.28312672" lon="-121.89828499">
      </trkpt>
      <trkpt lat="53.28308973" lon="-121.89833871">
      </trkpt>
      <trkpt lat="53.28307126" lon="-121.89835408">
      </trkpt>
      <trkpt lat="53.28304353" lon="-121.89840008">
      </trkpt>
      <trkpt lat="53.28302967" lon="-121.89841541">
      </trkpt>
      <trkpt lat="53.28300658" lon="-121.89844605">
      </trkpt>
      <trkpt lat="53.28298812" lon="-121.89846914">
      </trkpt>
      <trkpt lat="53.28297888" lon="-121.89849216">
      </trkpt>
      <trkpt lat="53.2829558" lon="-121.89851526">
      </trkpt>
      <trkpt lat="53.28294196" lon="-121.8985383">
      </trkpt>
      <trkpt lat="53.28293734" lon="-121.89854597">
      </trkpt>
      <trkpt lat="53.28291427" lon="-121.89856909">
      </trkpt>
      <trkpt lat="53.28287274" lon="-121.89861527">
      </trkpt>
      <trkpt lat="53.2828543" lon="-121.89864582">
      </trkpt>
      <trkpt lat="53.28282204" lon="-121.89868407">
      </trkpt>
      <trkpt lat="53.28279898" lon="-121.89870705">
      </trkpt>
      <trkpt lat="53.28278515" lon="-121.89872236">
      </trkpt>
      <trkpt lat="53.28276671" lon="-121.89873769">
      </trkpt>
      <trkpt lat="53.28274367" lon="-121.89876067">
      </trkpt>
      <trkpt lat="53.28272522" lon="-121.89876842">
      </trkpt>
      <trkpt lat="53.28270678" lon="-121.89878377">
      </trkpt>
      <trkpt lat="53.28257933" lon="-121.89889173">
      </trkpt>
      <trkpt lat="53.28256528" lon="-121.89891473">
      </trkpt>
      <trkpt lat="53.28253754" lon="-121.89894549">
      </trkpt>
      <trkpt lat="53.28250997" lon="-121.89896864">
      </trkpt>
      <trkpt lat="53.28246342" lon="-121.89901457">
      </trkpt>
      <trkpt lat="53.28244481" lon="-121.89902215">
      </trkpt>
      <trkpt lat="53.28241205" lon="-121.89904494">
      </trkpt>
      <trkpt lat="53.2823747" lon="-121.89906769">
      </trkpt>
      <trkpt lat="53.28234229" lon="-121.89908298">
      </trkpt>
      <trkpt lat="53.28230516" lon="-121.89910588">
      </trkpt>
      <trkpt lat="53.28228235" lon="-121.89911368">
      </trkpt>
      <trkpt lat="53.28225931" lon="-121.89912905">
      </trkpt>
      <trkpt lat="53.28220893" lon="-121.8991523">
      </trkpt>
      <trkpt lat="53.28217684" lon="-121.89916778">
      </trkpt>
      <trkpt lat="53.28214475" lon="-121.89918327">
      </trkpt>
      <trkpt lat="53.28212197" lon="-121.89918342">
      </trkpt>
      <trkpt lat="53.28209893" lon="-121.89919108">
      </trkpt>
      <trkpt lat="53.28205306" lon="-121.89919887">
      </trkpt>
      <trkpt lat="53.28202066" lon="-121.89921414">
      </trkpt>
      <trkpt lat="53.28198391" lon="-121.89922188">
      </trkpt>
      <trkpt lat="53.28196543" lon="-121.89922954">
      </trkpt>
      <trkpt lat="53.28194259" lon="-121.89922967">
      </trkpt>
      <trkpt lat="53.28191497" lon="-121.89923735">
      </trkpt>
      <trkpt lat="53.28189649" lon="-121.89924501">
      </trkpt>
      <trkpt lat="53.28185537" lon="-121.89924523">
      </trkpt>
      <trkpt lat="53.28184602" lon="-121.89925284">
      </trkpt>
      <trkpt lat="53.2818184" lon="-121.89926054">
      </trkpt>
      <trkpt lat="53.28179097" lon="-121.89926067">
      </trkpt>
      <trkpt lat="53.28174486" lon="-121.89927603">
      </trkpt>
      <trkpt lat="53.28169895" lon="-121.89928382">
      </trkpt>
      <trkpt lat="53.28166198" lon="-121.89929913">
      </trkpt>
      <trkpt lat="53.28160704" lon="-121.89930711">
      </trkpt>
      <trkpt lat="53.28155691" lon="-121.8993153">
      </trkpt>
      <trkpt lat="53.28152022" lon="-121.89933086">
      </trkpt>
      <trkpt lat="53.28149294" lon="-121.89933121">
      </trkpt>
      <trkpt lat="53.28145622" lon="-121.89934678">
      </trkpt>
      <trkpt lat="53.28141951" lon="-121.89936235">
      </trkpt>
      <trkpt lat="53.28136897" lon="-121.89938567">
      </trkpt>
      <trkpt lat="53.28134604" lon="-121.89939351">
      </trkpt>
      <trkpt lat="53.28132767" lon="-121.89940131">
      </trkpt>
      <trkpt lat="53.28130459" lon="-121.89941671">
      </trkpt>
      <trkpt lat="53.28128636" lon="-121.89941695">
      </trkpt>
      <trkpt lat="53.28125432" lon="-121.89942493">
      </trkpt>
      <trkpt lat="53.28123594" lon="-121.89943272">
      </trkpt>
      <trkpt lat="53.28120844" lon="-121.89944063">
      </trkpt>
      <trkpt lat="53.28117637" lon="-121.89944862">
      </trkpt>
      <trkpt lat="53.28115798" lon="-121.89945641">
      </trkpt>
      <trkpt lat="53.2811487" lon="-121.89946409">
      </trkpt>
      <trkpt lat="53.28112119" lon="-121.89947202">
      </trkpt>
      <trkpt lat="53.28110283" lon="-121.89947987">
      </trkpt>
      <trkpt lat="53.28107535" lon="-121.89948786">
      </trkpt>
      <trkpt lat="53.28103407" lon="-121.89950365">
      </trkpt>
      <trkpt lat="53.28098364" lon="-121.89951957">
      </trkpt>
      <trkpt lat="53.28097898" lon="-121.89952725">
      </trkpt>
      <trkpt lat="53.28094699" lon="-121.8995277">
      </trkpt>
      <trkpt lat="53.28092862" lon="-121.89953557">
      </trkpt>
      <trkpt lat="53.28091024" lon="-121.89954344">
      </trkpt>
      <trkpt lat="53.28089195" lon="-121.89954371">
      </trkpt>
      <trkpt lat="53.28085975" lon="-121.8995594">
      </trkpt>
      <trkpt lat="53.28083686" lon="-121.89955973">
      </trkpt>
      <trkpt lat="53.2808139" lon="-121.89956767">
      </trkpt>
      <trkpt lat="53.28079084" lon="-121.89958322">
      </trkpt>
      <trkpt lat="53.28076794" lon="-121.89958356">
      </trkpt>
      <trkpt lat="53.28074024" lon="-121.89959136">
      </trkpt>
      <trkpt lat="53.28071253" lon="-121.89959914">
      </trkpt>
      <trkpt lat="53.28069404" lon="-121.89960687">
      </trkpt>
      <trkpt lat="53.28067554" lon="-121.89961462">
      </trkpt>
      <trkpt lat="53.28064783" lon="-121.89962242">
      </trkpt>
      <trkpt lat="53.28062941" lon="-121.89962254">
      </trkpt>
      <trkpt lat="53.2806109" lon="-121.89963027">
      </trkpt>
      <trkpt lat="53.28058332" lon="-121.89963056">
      </trkpt>
      <trkpt lat="53.28055112" lon="-121.89963864">
      </trkpt>
      <trkpt lat="53.28053269" lon="-121.89964653">
      </trkpt>
      <trkpt lat="53.28050967" lon="-121.89965449">
      </trkpt>
      <trkpt lat="53.28049131" lon="-121.89965477">
      </trkpt>
      <trkpt lat="53.28044996" lon="-121.89965539">
      </trkpt>
      <trkpt lat="53.28043157" lon="-121.89965567">
      </trkpt>
      <trkpt lat="53.28040382" lon="-121.89966352">
      </trkpt>
      <trkpt lat="53.28036676" lon="-121.89966346">
      </trkpt>
      <trkpt lat="53.28032505" lon="-121.89967107">
      </trkpt>
      <trkpt lat="53.28029726" lon="-121.89967104">
      </trkpt>
      <trkpt lat="53.28027409" lon="-121.899671">
      </trkpt>
      <trkpt lat="53.28025094" lon="-121.89967098">
      </trkpt>
      <trkpt lat="53.28022786" lon="-121.89967113">
      </trkpt>
      <trkpt lat="53.28019553" lon="-121.89967135">
      </trkpt>
      <trkpt lat="53.28016781" lon="-121.89967155">
      </trkpt>
      <trkpt lat="53.28014009" lon="-121.89967173">
      </trkpt>
      <trkpt lat="53.2800985" lon="-121.89967201">
      </trkpt>
      <trkpt lat="53.28006152" lon="-121.89967228">
      </trkpt>
      <trkpt lat="53.28003378" lon="-121.89967246">
      </trkpt>
      <trkpt lat="53.28000603" lon="-121.89967265">
      </trkpt>
      <trkpt lat="53.27998295" lon="-121.89965743">
      </trkpt>
      <trkpt lat="53.27995525" lon="-121.89963454">
      </trkpt>
      <trkpt lat="53.27992753" lon="-121.89961934">
      </trkpt>
      <trkpt lat="53.27991367" lon="-121.89961174">
      </trkpt>
      <trkpt lat="53.27990443" lon="-121.89959638">
      </trkpt>
      <trkpt lat="53.27987202" lon="-121.89957323">
      </trkpt>
      <trkpt lat="53.27985814" lon="-121.89955782">
      </trkpt>
      <trkpt lat="53.27983965" lon="-121.89953469">
      </trkpt>
      <trkpt lat="53.27981648" lon="-121.89951927">
      </trkpt>
      <trkpt lat="53.27979798" lon="-121.89949614">
      </trkpt>
      <trkpt lat="53.27977946" lon="-121.899473">
      </trkpt>
      <trkpt lat="53.27975168" lon="-121.89944993">
      </trkpt>
      <trkpt lat="53.27971939" lon="-121.89941202">
      </trkpt>
      <trkpt lat="53.27969171" lon="-121.89938178">
      </trkpt>
      <trkpt lat="53.27967324" lon="-121.89935899">
      </trkpt>
      <trkpt lat="53.279664" lon="-121.89933591">
      </trkpt>
      <trkpt lat="53.27965013" lon="-121.89930511">
      </trkpt>
      <trkpt lat="53.27964088" lon="-121.89928972">
      </trkpt>
      <trkpt lat="53.27962238" lon="-121.89925124">
      </trkpt>
      <trkpt lat="53.27961776" lon="-121.89922809">
      </trkpt>
      <trkpt lat="53.27960853" lon="-121.89919725">
      </trkpt>
      <trkpt lat="53.27959467" lon="-121.89914324">
      </trkpt>
      <trkpt lat="53.27958539" lon="-121.89910431">
      </trkpt>
      <trkpt lat="53.27957596" lon="-121.89907217">
      </trkpt>
      <trkpt lat="53.27956179" lon="-121.89900814">
      </trkpt>
      <trkpt lat="53.27954773" lon="-121.89896048">
      </trkpt>
      <trkpt lat="53.27953386" lon="-121.89892193">
      </trkpt>
      <trkpt lat="53.27952464" lon="-121.89889109">
      </trkpt>
      <trkpt lat="53.27950612" lon="-121.89882139">
      </trkpt>
      <trkpt lat="53.27948757" lon="-121.89876683">
      </trkpt>
      <trkpt lat="53.27947831" lon="-121.89873587">
      </trkpt>
      <trkpt lat="53.27946442" lon="-121.89866598">
      </trkpt>
      <trkpt lat="53.27944586" lon="-121.89861919">
      </trkpt>
      <trkpt lat="53.27944122" lon="-121.89858795">
      </trkpt>
      <trkpt lat="53.27943193" lon="-121.89853326">
      </trkpt>
      <trkpt lat="53.27942265" lon="-121.89849417">
      </trkpt>
      <trkpt lat="53.27941338" lon="-121.89843954">
      </trkpt>
      <trkpt lat="53.27939946" lon="-121.8983771">
      </trkpt>
      <trkpt lat="53.27939019" lon="-121.89833808">
      </trkpt>
      <trkpt lat="53.27938557" lon="-121.89826801">
      </trkpt>
      <trkpt lat="53.27938095" lon="-121.89821354">
      </trkpt>
      <trkpt lat="53.27937169" lon="-121.89816683">
      </trkpt>
      <trkpt lat="53.27936707" lon="-121.89815125">
      </trkpt>
      <trkpt lat="53.27936707" lon="-121.89812017">
      </trkpt>
      <trkpt lat="53.27935782" lon="-121.8980735">
      </trkpt>
      <trkpt lat="53.27935783" lon="-121.89803467">
      </trkpt>
      <trkpt lat="53.27934858" lon="-121.89801132">
      </trkpt>
      <trkpt lat="53.27933934" lon="-121.89795693">
      </trkpt>
      <trkpt lat="53.27933472" lon="-121.89793363">
      </trkpt>
      <trkpt lat="53.27932548" lon="-121.89789494">
      </trkpt>
      <trkpt lat="53.27932091" lon="-121.89780991">
      </trkpt>
      <trkpt lat="53.27931629" lon="-121.8977789">
      </trkpt>
      <trkpt lat="53.27930707" lon="-121.8977169">
      </trkpt>
      <trkpt lat="53.2793071" lon="-121.89767819">
      </trkpt>
      <trkpt lat="53.27930248" lon="-121.89763951">
      </trkpt>
      <trkpt lat="53.27929788" lon="-121.89760083">
      </trkpt>
      <trkpt lat="53.27929789" lon="-121.89754663">
      </trkpt>
      <trkpt lat="53.27929328" lon="-121.89751563">
      </trkpt>
      <trkpt lat="53.27929331" lon="-121.89747688">
      </trkpt>
      <trkpt lat="53.27929332" lon="-121.89743812">
      </trkpt>
      <trkpt lat="53.27929337" lon="-121.89739163">
      </trkpt>
      <trkpt lat="53.27928876" lon="-121.89736064">
      </trkpt>
      <trkpt lat="53.27928878" lon="-121.89730646">
      </trkpt>
      <trkpt lat="53.27928881" lon="-121.89725227">
      </trkpt>
      <trkpt lat="53.2792842" lon="-121.89722904">
      </trkpt>
      <trkpt lat="53.27927961" lon="-121.89715937">
      </trkpt>
      <trkpt lat="53.27927499" lon="-121.89714388">
      </trkpt>
      <trkpt lat="53.27927501" lon="-121.89710518">
      </trkpt>
      <trkpt lat="53.2792704" lon="-121.89707421">
      </trkpt>
      <trkpt lat="53.27926119" lon="-121.8970046">
      </trkpt>
      <trkpt lat="53.27925659" lon="-121.89694275">
      </trkpt>
      <trkpt lat="53.279252" lon="-121.8969041">
      </trkpt>
      <trkpt lat="53.27924742" lon="-121.89684223">
      </trkpt>
      <trkpt lat="53.27923823" lon="-121.89674167">
      </trkpt>
      <trkpt lat="53.27923362" lon="-121.89671078">
      </trkpt>
      <trkpt lat="53.2792244" lon="-121.89667989">
      </trkpt>
      <trkpt lat="53.27921521" lon="-121.89661816">
      </trkpt>
      <trkpt lat="53.27920142" lon="-121.89653332">
      </trkpt>
      <trkpt lat="53.27919222" lon="-121.89647937">
      </trkpt>
      <trkpt lat="53.27918307" lon="-121.89638682">
      </trkpt>
      <trkpt lat="53.27917388" lon="-121.89630956">
      </trkpt>
      <trkpt lat="53.27916927" lon="-121.89627865">
      </trkpt>
      <trkpt lat="53.27916006" lon="-121.89624784">
      </trkpt>
      <trkpt lat="53.27914627" lon="-121.89617074">
      </trkpt>
      <trkpt lat="53.27912786" lon="-121.89609354">
      </trkpt>
      <trkpt lat="53.27911405" lon="-121.89603953">
      </trkpt>
      <trkpt lat="53.27910484" lon="-121.89600093">
      </trkpt>
      <trkpt lat="53.27909563" lon="-121.89596236">
      </trkpt>
      <trkpt lat="53.27908642" lon="-121.8959315">
      </trkpt>
      <trkpt lat="53.27907261" lon="-121.89589293">
      </trkpt>
      <trkpt lat="53.27905418" lon="-121.89583123">
      </trkpt>
      <trkpt lat="53.27904037" lon="-121.89578497">
      </trkpt>
      <trkpt lat="53.27902196" lon="-121.89572327">
      </trkpt>
      <trkpt lat="53.278999" lon="-121.895631">
      </trkpt>
      <trkpt lat="53.27898522" lon="-121.89557711">
      </trkpt>
      <trkpt lat="53.27898064" lon="-121.89553085">
      </trkpt>
      <trkpt lat="53.27896689" lon="-121.89550027">
      </trkpt>
      <trkpt lat="53.27895777" lon="-121.89545436">
      </trkpt>
      <trkpt lat="53.27894405" lon="-121.89540086">
      </trkpt>
      <trkpt lat="53.27893033" lon="-121.89534735">
      </trkpt>
      <trkpt lat="53.27891199" lon="-121.89527046">
      </trkpt>
      <trkpt lat="53.27888446" lon="-121.89519372">
      </trkpt>
      <trkpt lat="53.27887986" lon="-121.89519378">
      </trkpt>
      <trkpt lat="53.27887068" lon="-121.8951553">
      </trkpt>
      <trkpt lat="53.27885691" lon="-121.89511685">
      </trkpt>
      <trkpt lat="53.27883853" lon="-121.89506301">
      </trkpt>
      <trkpt lat="53.27882014" lon="-121.89504002">
      </trkpt>
      <trkpt lat="53.27879718" lon="-121.89499393">
      </trkpt>
      <trkpt lat="53.27876969" lon="-121.89491731">
      </trkpt>
      <trkpt lat="53.27872861" lon="-121.89480304">
      </trkpt>
      <trkpt lat="53.27872404" lon="-121.89478002">
      </trkpt>
      <trkpt lat="53.27871488" lon="-121.89475708">
      </trkpt>
      <trkpt lat="53.27869655" lon="-121.89471877">
      </trkpt>
      <trkpt lat="53.27867819" lon="-121.89468811">
      </trkpt>
      <trkpt lat="53.27866444" lon="-121.89465743">
      </trkpt>
      <trkpt lat="53.27865527" lon="-121.89463442">
      </trkpt>
      <trkpt lat="53.27862773" lon="-121.89459613">
      </trkpt>
      <trkpt lat="53.27860023" lon="-121.89454249">
      </trkpt>
      <trkpt lat="53.27858647" lon="-121.89450411">
      </trkpt>
      <trkpt lat="53.27856343" lon="-121.89444224">
      </trkpt>
      <trkpt lat="53.278545" lon="-121.89440353">
      </trkpt>
      <trkpt lat="53.27853575" lon="-121.89437253">
      </trkpt>
      <trkpt lat="53.27850362" lon="-121.89432646">
      </trkpt>
      <trkpt lat="53.27848989" lon="-121.89430364">
      </trkpt>
      <trkpt lat="53.27848075" lon="-121.89428072">
      </trkpt>
      <trkpt lat="53.27846703" lon="-121.89426559">
      </trkpt>
      <trkpt lat="53.27844876" lon="-121.89423517">
      </trkpt>
      <trkpt lat="53.27842136" lon="-121.89418955">
      </trkpt>
      <trkpt lat="53.27840309" lon="-121.89415145">
      </trkpt>
      <trkpt lat="53.27838939" lon="-121.89412865">
      </trkpt>
      <trkpt lat="53.27837114" lon="-121.89410595">
      </trkpt>
      <trkpt lat="53.27835741" lon="-121.89409077">
      </trkpt>
      <trkpt lat="53.27833454" lon="-121.89404487">
      </trkpt>
      <trkpt lat="53.27831623" lon="-121.89400661">
      </trkpt>
      <trkpt lat="53.27830251" lon="-121.89398367">
      </trkpt>
      <trkpt lat="53.27828878" lon="-121.89395306">
      </trkpt>
      <trkpt lat="53.27827048" lon="-121.89393019">
      </trkpt>
      <trkpt lat="53.27826591" lon="-121.89390717">
      </trkpt>
      <trkpt lat="53.27825675" lon="-121.89389959">
      </trkpt>
      <trkpt lat="53.27824304" lon="-121.8938613">
      </trkpt>
      <trkpt lat="53.27822932" lon="-121.89382301">
      </trkpt>
      <trkpt lat="53.27822021" lon="-121.89380016">
      </trkpt>
      <trkpt lat="53.27821112" lon="-121.89376195">
      </trkpt>
      <trkpt lat="53.27819738" lon="-121.89369278">
      </trkpt>
      <trkpt lat="53.27818823" lon="-121.89365446">
      </trkpt>
      <trkpt lat="53.27817022" lon="-121.89358639">
      </trkpt>
      <trkpt lat="53.27816573" lon="-121.89357132">
      </trkpt>
      <trkpt lat="53.27816131" lon="-121.89354108">
      </trkpt>
      <trkpt lat="53.27814796" lon="-121.89347317">
      </trkpt>
      <trkpt lat="53.27814376" lon="-121.8934283">
      </trkpt>
      <trkpt lat="53.27814402" lon="-121.89339839">
      </trkpt>
      <trkpt lat="53.2781442" lon="-121.89337595">
      </trkpt>
      <trkpt lat="53.27814471" lon="-121.89329315">
      </trkpt>
      <trkpt lat="53.27814474" lon="-121.8932318">
      </trkpt>
      <trkpt lat="53.27814481" lon="-121.89316287">
      </trkpt>
      <trkpt lat="53.27814505" lon="-121.89310994">
      </trkpt>
      <trkpt lat="53.27814526" lon="-121.89306458">
      </trkpt>
      <trkpt lat="53.27815004" lon="-121.89301156">
      </trkpt>
      <trkpt lat="53.27816391" lon="-121.89295831">
      </trkpt>
      <trkpt lat="53.27817307" lon="-121.89290452">
      </trkpt>
      <trkpt lat="53.27818673" lon="-121.89285813">
      </trkpt>
      <trkpt lat="53.27819131" lon="-121.89281967">
      </trkpt>
      <trkpt lat="53.27819131" lon="-121.89278902">
      </trkpt>
      <trkpt lat="53.27820043" lon="-121.89274277">
      </trkpt>
      <trkpt lat="53.27820956" lon="-121.8926735">
      </trkpt>
      <trkpt lat="53.27821414" lon="-121.89261968">
      </trkpt>
      <trkpt lat="53.27821416" lon="-121.8926044">
      </trkpt>
      <trkpt lat="53.27821442" lon="-121.89254405">
      </trkpt>
      <trkpt lat="53.27821922" lon="-121.89248356">
      </trkpt>
      <trkpt lat="53.27821949" lon="-121.89242325">
      </trkpt>
      <trkpt lat="53.27822411" lon="-121.89238514">
      </trkpt>
      <trkpt lat="53.27823783" lon="-121.89233129">
      </trkpt>
      <trkpt lat="53.27825155" lon="-121.89227744">
      </trkpt>
      <trkpt lat="53.27826079" lon="-121.8922394">
      </trkpt>
      <trkpt lat="53.27827464" lon="-121.89220153">
      </trkpt>
      <trkpt lat="53.27827996" lon="-121.89209006">
      </trkpt>
      <trkpt lat="53.27828485" lon="-121.89204555">
      </trkpt>
      <trkpt lat="53.27828972" lon="-121.89200106">
      </trkpt>
      <trkpt lat="53.27829443" lon="-121.89197876">
      </trkpt>
      <trkpt lat="53.27829936" lon="-121.89192694">
      </trkpt>
      <trkpt lat="53.27830422" lon="-121.8918518">
      </trkpt>
      <trkpt lat="53.27830426" lon="-121.8918443">
      </trkpt>
      <trkpt lat="53.27830441" lon="-121.89179144">
      </trkpt>
      <trkpt lat="53.27830442" lon="-121.8917532">
      </trkpt>
      <trkpt lat="53.27830443" lon="-121.89172262">
      </trkpt>
      <trkpt lat="53.27830447" lon="-121.89166147">
      </trkpt>
      <trkpt lat="53.27830908" lon="-121.89162332">
      </trkpt>
      <trkpt lat="53.27830926" lon="-121.89157832">
      </trkpt>
      <trkpt lat="53.27830473" lon="-121.89156322">
      </trkpt>
      <trkpt lat="53.27829567" lon="-121.89151771">
      </trkpt>
      <trkpt lat="53.27827755" lon="-121.89146491">
      </trkpt>
      <trkpt lat="53.27827301" lon="-121.8914498">
      </trkpt>
      <trkpt lat="53.2782685" lon="-121.89140413">
      </trkpt>
      <trkpt lat="53.27826851" lon="-121.8913812">
      </trkpt>
      <trkpt lat="53.27826399" lon="-121.89134316">
      </trkpt>
      <trkpt lat="53.27825948" lon="-121.89128221">
      </trkpt>
      <trkpt lat="53.27825043" lon="-121.89125965">
      </trkpt>
      <trkpt lat="53.27823683" lon="-121.89123728">
      </trkpt>
      <trkpt lat="53.2782141" lon="-121.89121488">
      </trkpt>
      <trkpt lat="53.27820046" lon="-121.89119983">
      </trkpt>
      <trkpt lat="53.27818679" lon="-121.89118467">
      </trkpt>
      <trkpt lat="53.27816396" lon="-121.89116171">
      </trkpt>
      <trkpt lat="53.27814571" lon="-121.89114648">
      </trkpt>
      <trkpt lat="53.27812749" lon="-121.89113904">
      </trkpt>
      <trkpt lat="53.27810933" lon="-121.89112426">
      </trkpt>
      <trkpt lat="53.27808217" lon="-121.89110248">
      </trkpt>
      <trkpt lat="53.27805955" lon="-121.8910805">
      </trkpt>
      <trkpt lat="53.27802785" lon="-121.89105875">
      </trkpt>
      <trkpt lat="53.27794594" lon="-121.89105259">
      </trkpt>
      <trkpt lat="53.27792754" lon="-121.8910526">
      </trkpt>
      <trkpt lat="53.27788652" lon="-121.89102963">
      </trkpt>
      <trkpt lat="53.27786809" lon="-121.891022">
      </trkpt>
      <trkpt lat="53.27784507" lon="-121.89100677">
      </trkpt>
      <trkpt lat="53.27781761" lon="-121.89099148">
      </trkpt>
      <trkpt lat="53.27779008" lon="-121.89098385">
      </trkpt>
      <trkpt lat="53.27777176" lon="-121.89097621">
      </trkpt>
      <trkpt lat="53.27775329" lon="-121.89096099">
      </trkpt>
      <trkpt lat="53.27774403" lon="-121.89095337">
      </trkpt>
      <trkpt lat="53.27771626" lon="-121.89093055">
      </trkpt>
      <trkpt lat="53.27769776" lon="-121.89091535">
      </trkpt>
      <trkpt lat="53.27767925" lon="-121.89090014">
      </trkpt>
      <trkpt lat="53.27765617" lon="-121.89088494">
      </trkpt>
      <trkpt lat="53.27763317" lon="-121.89086972">
      </trkpt>
      <trkpt lat="53.27759636" lon="-121.89084691">
      </trkpt>
      <trkpt lat="53.27756881" lon="-121.8908241">
      </trkpt>
      <trkpt lat="53.27753207" lon="-121.89079367">
      </trkpt>
      <trkpt lat="53.27749542" lon="-121.89076323">
      </trkpt>
      <trkpt lat="53.27746795" lon="-121.89075562">
      </trkpt>
      <trkpt lat="53.27744488" lon="-121.89073285">
      </trkpt>
      <trkpt lat="53.27742183" lon="-121.89071771">
      </trkpt>
      <trkpt lat="53.27740344" lon="-121.89071014">
      </trkpt>
      <trkpt lat="53.27735753" lon="-121.89067979">
      </trkpt>
      <trkpt lat="53.27733915" lon="-121.89067223">
      </trkpt>
      <trkpt lat="53.27729779" lon="-121.89065713">
      </trkpt>
      <trkpt lat="53.27729323" lon="-121.89064952">
      </trkpt>
      <trkpt lat="53.27727486" lon="-121.89064198">
      </trkpt>
      <trkpt lat="53.27725654" lon="-121.89062679">
      </trkpt>
      <trkpt lat="53.27721981" lon="-121.89061171">
      </trkpt>
      <trkpt lat="53.27720606" lon="-121.89060413">
      </trkpt>
      <trkpt lat="53.277174" lon="-121.89058139">
      </trkpt>
      <trkpt lat="53.27714659" lon="-121.89056624">
      </trkpt>
      <trkpt lat="53.27710984" lon="-121.8905512">
      </trkpt>
      <trkpt lat="53.27707327" lon="-121.89053607">
      </trkpt>
      <trkpt lat="53.27704137" lon="-121.89052088">
      </trkpt>
      <trkpt lat="53.27699543" lon="-121.89048315">
      </trkpt>
      <trkpt lat="53.27697244" lon="-121.89046812">
      </trkpt>
      <trkpt lat="53.27695869" lon="-121.89045301">
      </trkpt>
      <trkpt lat="53.27693578" lon="-121.89043035">
      </trkpt>
      <trkpt lat="53.27691279" lon="-121.89042294">
      </trkpt>
      <trkpt lat="53.27689444" lon="-121.89040789">
      </trkpt>
      <trkpt lat="53.27687151" lon="-121.89039287">
      </trkpt>
      <trkpt lat="53.27685314" lon="-121.89038543">
      </trkpt>
      <trkpt lat="53.27682098" lon="-121.89037813">
      </trkpt>
      <trkpt lat="53.2767936" lon="-121.89037064">
      </trkpt>
      <trkpt lat="53.27678001" lon="-121.89036302">
      </trkpt>
      <trkpt lat="53.27674825" lon="-121.89034783">
      </trkpt>
      <trkpt lat="53.2767212" lon="-121.89032487">
      </trkpt>
      <trkpt lat="53.27669849" lon="-121.89030971">
      </trkpt>
      <trkpt lat="53.27668012" lon="-121.89030233">
      </trkpt>
      <trkpt lat="53.27664794" lon="-121.89029517">
      </trkpt>
      <trkpt lat="53.27662532" lon="-121.8902875">
      </trkpt>
      <trkpt lat="53.27659358" lon="-121.89028746">
      </trkpt>
      <trkpt lat="53.27657545" lon="-121.89028744">
      </trkpt>
      <trkpt lat="53.27655271" lon="-121.89028745">
      </trkpt>
      <trkpt lat="53.27650721" lon="-121.8902952">
      </trkpt>
      <trkpt lat="53.27648899" lon="-121.89030286">
      </trkpt>
      <trkpt lat="53.27647079" lon="-121.89031051">
      </trkpt>
      <trkpt lat="53.27644354" lon="-121.89032569">
      </trkpt>
      <trkpt lat="53.27642992" lon="-121.89033328">
      </trkpt>
      <trkpt lat="53.27640724" lon="-121.89034085">
      </trkpt>
      <trkpt lat="53.27636638" lon="-121.89036362">
      </trkpt>
      <trkpt lat="53.27632101" lon="-121.89037877">
      </trkpt>
      <trkpt lat="53.2763074" lon="-121.89038636">
      </trkpt>
      <trkpt lat="53.27626652" lon="-121.89041674">
      </trkpt>
      <trkpt lat="53.27625293" lon="-121.89042429">
      </trkpt>
      <trkpt lat="53.27623481" lon="-121.89043184">
      </trkpt>
      <trkpt lat="53.27621209" lon="-121.89045462">
      </trkpt>
      <trkpt lat="53.27618486" lon="-121.89047737">
      </trkpt>
      <trkpt lat="53.27617119" lon="-121.89050018">
      </trkpt>
      <trkpt lat="53.27613941" lon="-121.89053054">
      </trkpt>
      <trkpt lat="53.27612122" lon="-121.89056846">
      </trkpt>
      <trkpt lat="53.27609403" lon="-121.89059115">
      </trkpt>
      <trkpt lat="53.27606685" lon="-121.89064412">
      </trkpt>
      <trkpt lat="53.27605325" lon="-121.89065168">
      </trkpt>
      <trkpt lat="53.27602606" lon="-121.89069707">
      </trkpt>
      <trkpt lat="53.27598981" lon="-121.89075004">
      </trkpt>
      <trkpt lat="53.27597621" lon="-121.89077274">
      </trkpt>
      <trkpt lat="53.2759445" lon="-121.89082567">
      </trkpt>
      <trkpt lat="53.27590377" lon="-121.89088612">
      </trkpt>
      <trkpt lat="53.27587205" lon="-121.89092396">
      </trkpt>
      <trkpt lat="53.27585389" lon="-121.89096184">
      </trkpt>
      <trkpt lat="53.27582669" lon="-121.89099969">
      </trkpt>
      <trkpt lat="53.27579496" lon="-121.89103753">
      </trkpt>
      <trkpt lat="53.27576777" lon="-121.89107534">
      </trkpt>
      <trkpt lat="53.27573607" lon="-121.8911207">
      </trkpt>
      <trkpt lat="53.27569531" lon="-121.89117361">
      </trkpt>
      <trkpt lat="53.27568625" lon="-121.89118117">
      </trkpt>
      <trkpt lat="53.27566358" lon="-121.89122655">
      </trkpt>
      <trkpt lat="53.27561826" lon="-121.89128707">
      </trkpt>
      <trkpt lat="53.27561373" lon="-121.89128708">
      </trkpt>
      <trkpt lat="53.27560012" lon="-121.89131735">
      </trkpt>
      <trkpt lat="53.27557744" lon="-121.89134005">
      </trkpt>
      <trkpt lat="53.2755593" lon="-121.89137034">
      </trkpt>
      <trkpt lat="53.27553207" lon="-121.89140821">
      </trkpt>
      <trkpt lat="53.27550939" lon="-121.89143092">
      </trkpt>
      <trkpt lat="53.27548669" lon="-121.89146121">
      </trkpt>
      <trkpt lat="53.27545492" lon="-121.8914915">
      </trkpt>
      <trkpt lat="53.27542768" lon="-121.89151424">
      </trkpt>
      <trkpt lat="53.27539134" lon="-121.89154455">
      </trkpt>
      <trkpt lat="53.27536861" lon="-121.89157488">
      </trkpt>
      <trkpt lat="53.27533678" lon="-121.89162039">
      </trkpt>
      <trkpt lat="53.27529588" lon="-121.89166591">
      </trkpt>
      <trkpt lat="53.27529132" lon="-121.89168109">
      </trkpt>
      <trkpt lat="53.2752595" lon="-121.89171142">
      </trkpt>
      <trkpt lat="53.27523676" lon="-121.89174179">
      </trkpt>
      <trkpt lat="53.27521403" lon="-121.89176455">
      </trkpt>
      <trkpt lat="53.27519128" lon="-121.89178733">
      </trkpt>
      <trkpt lat="53.27517309" lon="-121.89180251">
      </trkpt>
      <trkpt lat="53.27515944" lon="-121.8918253">
      </trkpt>
      <trkpt lat="53.27513213" lon="-121.89184808">
      </trkpt>
      <trkpt lat="53.27510482" lon="-121.89187085">
      </trkpt>
      <trkpt lat="53.27507747" lon="-121.89190128">
      </trkpt>
      <trkpt lat="53.27505923" lon="-121.89191651">
      </trkpt>
      <trkpt lat="53.27503182" lon="-121.8919394">
      </trkpt>
      <trkpt lat="53.27500897" lon="-121.89195468">
      </trkpt>
      <trkpt lat="53.27497694" lon="-121.89198521">
      </trkpt>
      <trkpt lat="53.2749403" lon="-121.8920234">
      </trkpt>
      <trkpt lat="53.27493571" lon="-121.89203103">
      </trkpt>
      <trkpt lat="53.27489913" lon="-121.89206157">
      </trkpt>
      <trkpt lat="53.27488999" lon="-121.8920692">
      </trkpt>
      <trkpt lat="53.27486255" lon="-121.89209211">
      </trkpt>
      <trkpt lat="53.27484428" lon="-121.89211496">
      </trkpt>
      <trkpt lat="53.27481232" lon="-121.89213783">
      </trkpt>
      <trkpt lat="53.27478493" lon="-121.89215308">
      </trkpt>
      <trkpt lat="53.27477123" lon="-121.89216832">
      </trkpt>
      <trkpt lat="53.27474836" lon="-121.89217599">
      </trkpt>
      <trkpt lat="53.27470712" lon="-121.89219899">
      </trkpt>
      <trkpt lat="53.27468878" lon="-121.89220669">
      </trkpt>
      <trkpt lat="53.27466586" lon="-121.892222">
      </trkpt>
      <trkpt lat="53.27463833" lon="-121.89223736">
      </trkpt>
      <trkpt lat="53.27463374" lon="-121.892245">
      </trkpt>
      <trkpt lat="53.27460161" lon="-121.89226039">
      </trkpt>
      <trkpt lat="53.27457865" lon="-121.89227573">
      </trkpt>
      <trkpt lat="53.27455574" lon="-121.89228341">
      </trkpt>
      <trkpt lat="53.27452361" lon="-121.8923064">
      </trkpt>
      <trkpt lat="53.27448235" lon="-121.89232177">
      </trkpt>
      <trkpt lat="53.27444565" lon="-121.89233713">
      </trkpt>
      <trkpt lat="53.27441348" lon="-121.89236015">
      </trkpt>
      <trkpt lat="53.27438591" lon="-121.89237551">
      </trkpt>
      <trkpt lat="53.27436296" lon="-121.89238321">
      </trkpt>
      <trkpt lat="53.27433073" lon="-121.8924139">
      </trkpt>
      <trkpt lat="53.2742986" lon="-121.89242163">
      </trkpt>
      <trkpt lat="53.27428022" lon="-121.89242932">
      </trkpt>
      <trkpt lat="53.27425265" lon="-121.89245232">
      </trkpt>
      <trkpt lat="53.27420678" lon="-121.89246767">
      </trkpt>
      <trkpt lat="53.27417473" lon="-121.89248295">
      </trkpt>
      <trkpt lat="53.27415642" lon="-121.89249059">
      </trkpt>
      <trkpt lat="53.27411979" lon="-121.89250587">
      </trkpt>
      <trkpt lat="53.27398845" lon="-121.89250599">
      </trkpt>
      <trkpt lat="53.27395653" lon="-121.89250607">
      </trkpt>
      <trkpt lat="53.27391551" lon="-121.89250615">
      </trkpt>
      <trkpt lat="53.27389271" lon="-121.89250621">
      </trkpt>
      <trkpt lat="53.27386535" lon="-121.89251394">
      </trkpt>
      <trkpt lat="53.27385622" lon="-121.89251396">
      </trkpt>
      <trkpt lat="53.27382887" lon="-121.89252937">
      </trkpt>
      <trkpt lat="53.27380149" lon="-121.89253711">
      </trkpt>
      <trkpt lat="53.27377871" lon="-121.8925449">
      </trkpt>
      <trkpt lat="53.27375136" lon="-121.89254507">
      </trkpt>
      <trkpt lat="53.27371943" lon="-121.89256056">
      </trkpt>
      <trkpt lat="53.27368294" lon="-121.89256079">
      </trkpt>
      <trkpt lat="53.27368293" lon="-121.89256844">
      </trkpt>
      <trkpt lat="53.27364642" lon="-121.89256868">
      </trkpt>
      <trkpt lat="53.27363272" lon="-121.89256877">
      </trkpt>
      <trkpt lat="53.27361903" lon="-121.89256885">
      </trkpt>
      <trkpt lat="53.2735779" lon="-121.89256913">
      </trkpt>
      <trkpt lat="53.27355962" lon="-121.89256923">
      </trkpt>
      <trkpt lat="53.27353216" lon="-121.89256932">
      </trkpt>
      <trkpt lat="53.27350928" lon="-121.89256937">
      </trkpt>
      <trkpt lat="53.27347266" lon="-121.89256947">
      </trkpt>
      <trkpt lat="53.27342687" lon="-121.89256958">
      </trkpt>
      <trkpt lat="53.27340855" lon="-121.89256962">
      </trkpt>
      <trkpt lat="53.27338105" lon="-121.89256969">
      </trkpt>
      <trkpt lat="53.27335814" lon="-121.89256975">
      </trkpt>
      <trkpt lat="53.27333065" lon="-121.89256981">
      </trkpt>
      <trkpt lat="53.27329856" lon="-121.89257756">
      </trkpt>
      <trkpt lat="53.27328481" lon="-121.8925776">
      </trkpt>
      <trkpt lat="53.27324813" lon="-121.89257768">
      </trkpt>
      <trkpt lat="53.27320685" lon="-121.89257779">
      </trkpt>
      <trkpt lat="53.27317474" lon="-121.89257788">
      </trkpt>
      <trkpt lat="53.27315639" lon="-121.89257792">
      </trkpt>
      <trkpt lat="53.27311509" lon="-121.89257035">
      </trkpt>
      <trkpt lat="53.27307837" lon="-121.89256277">
      </trkpt>
      <trkpt lat="53.27304623" lon="-121.89254751">
      </trkpt>
      <trkpt lat="53.27301866" lon="-121.89253231">
      </trkpt>
      <trkpt lat="53.27300488" lon="-121.89251703">
      </trkpt>
      <trkpt lat="53.27299569" lon="-121.89250942">
      </trkpt>
      <trkpt lat="53.27295894" lon="-121.89248648">
      </trkpt>
      <trkpt lat="53.27294978" lon="-121.8924711">
      </trkpt>
      <trkpt lat="53.27291306" lon="-121.89244037">
      </trkpt>
      <trkpt lat="53.2728809" lon="-121.89242502">
      </trkpt>
      <trkpt lat="53.27286709" lon="-121.89240974">
      </trkpt>
      <trkpt lat="53.27283943" lon="-121.89238694">
      </trkpt>
      <trkpt lat="53.27280713" lon="-121.89237953">
      </trkpt>
      <trkpt lat="53.27277482" lon="-121.89235673">
      </trkpt>
      <trkpt lat="53.27274259" lon="-121.89233375">
      </trkpt>
      <trkpt lat="53.27272417" lon="-121.89231843">
      </trkpt>
      <trkpt lat="53.27269653" lon="-121.8923031">
      </trkpt>
      <trkpt lat="53.27267818" lon="-121.89228765">
      </trkpt>
      <trkpt lat="53.27265982" lon="-121.89227222">
      </trkpt>
      <trkpt lat="53.27264146" lon="-121.89226448">
      </trkpt>
      <trkpt lat="53.27260484" lon="-121.89223352">
      </trkpt>
      <trkpt lat="53.27257739" lon="-121.8922103">
      </trkpt>
      <trkpt lat="53.27255449" lon="-121.89219481">
      </trkpt>
      <trkpt lat="53.27253624" lon="-121.89217162">
      </trkpt>
      <trkpt lat="53.27251796" lon="-121.89215616">
      </trkpt>
      <trkpt lat="53.27249967" lon="-121.89214069">
      </trkpt>
      <trkpt lat="53.27248138" lon="-121.89211758">
      </trkpt>
      <trkpt lat="53.27244922" lon="-121.89209451">
      </trkpt>
      <trkpt lat="53.27243545" lon="-121.89207912">
      </trkpt>
      <trkpt lat="53.27240332" lon="-121.89204837">
      </trkpt>
      <trkpt lat="53.27239871" lon="-121.89204837">
      </trkpt>
      <trkpt lat="53.27237576" lon="-121.8920253">
      </trkpt>
      <trkpt lat="53.27234822" lon="-121.89200221">
      </trkpt>
      <trkpt lat="53.27232529" lon="-121.89199448">
      </trkpt>
      <trkpt lat="53.27229779" lon="-121.89197905">
      </trkpt>
      <trkpt lat="53.27226574" lon="-121.89195593">
      </trkpt>
      <trkpt lat="53.27224284" lon="-121.89194051">
      </trkpt>
      <trkpt lat="53.27222451" lon="-121.89193279">
      </trkpt>
      <trkpt lat="53.27219699" lon="-121.89192506">
      </trkpt>
      <trkpt lat="53.27216954" lon="-121.89190196">
      </trkpt>
      <trkpt lat="53.27211921" lon="-121.89186344">
      </trkpt>
      <trkpt lat="53.27208715" lon="-121.89184802">
      </trkpt>
      <trkpt lat="53.27207342" lon="-121.89184032">
      </trkpt>
      <trkpt lat="53.27204598" lon="-121.89181722">
      </trkpt>
      <trkpt lat="53.27203225" lon="-121.89180951">
      </trkpt>
      <trkpt lat="53.27200481" lon="-121.89179411">
      </trkpt>
      <trkpt lat="53.27198662" lon="-121.89177869">
      </trkpt>
      <trkpt lat="53.27195452" lon="-121.8917633">
      </trkpt>
      <trkpt lat="53.27193618" lon="-121.89174793">
      </trkpt>
      <trkpt lat="53.27191324" lon="-121.89174022">
      </trkpt>
      <trkpt lat="53.27186736" lon="-121.89170946">
      </trkpt>
      <trkpt lat="53.27186277" lon="-121.89170946">
      </trkpt>
      <trkpt lat="53.27181244" lon="-121.89169402">
      </trkpt>
      <trkpt lat="53.2717805" lon="-121.8916786">
      </trkpt>
      <trkpt lat="53.27176225" lon="-121.8916709">
      </trkpt>
      <trkpt lat="53.27174401" lon="-121.89166318">
      </trkpt>
      <trkpt lat="53.27170751" lon="-121.89165543">
      </trkpt>
      <trkpt lat="53.27168926" lon="-121.89164772">
      </trkpt>
      <trkpt lat="53.27163893" lon="-121.89163997">
      </trkpt>
      <trkpt lat="53.27159766" lon="-121.89163225">
      </trkpt>
      <trkpt lat="53.27157015" lon="-121.8916322">
      </trkpt>
      <trkpt lat="53.27146962" lon="-121.89165909">
      </trkpt>
      <trkpt lat="53.27141959" lon="-121.89167423">
      </trkpt>
      <trkpt lat="53.27138774" lon="-121.89168939">
      </trkpt>
      <trkpt lat="53.27136954" lon="-121.89169696">
      </trkpt>
      <trkpt lat="53.27134221" lon="-121.89171212">
      </trkpt>
      <trkpt lat="53.27131945" lon="-121.89172729">
      </trkpt>
      <trkpt lat="53.27130578" lon="-121.89172726">
      </trkpt>
      <trkpt lat="53.27127847" lon="-121.89175003">
      </trkpt>
      <trkpt lat="53.27125117" lon="-121.8917728">
      </trkpt>
      <trkpt lat="53.27120563" lon="-121.89178029">
      </trkpt>
      <trkpt lat="53.27117377" lon="-121.89179543">
      </trkpt>
      <trkpt lat="53.27114647" lon="-121.89181819">
      </trkpt>
      <trkpt lat="53.27112827" lon="-121.89184097">
      </trkpt>
      <trkpt lat="53.27109188" lon="-121.89186371">
      </trkpt>
      <trkpt lat="53.27107824" lon="-121.89188652">
      </trkpt>
      <trkpt lat="53.27104184" lon="-121.89190925">
      </trkpt>
      <trkpt lat="53.27102364" lon="-121.89191681">
      </trkpt>
      <trkpt lat="53.27101454" lon="-121.89192439">
      </trkpt>
      <trkpt lat="53.2709918" lon="-121.89193955">
      </trkpt>
      <trkpt lat="53.27095541" lon="-121.89195466">
      </trkpt>
      <trkpt lat="53.27092813" lon="-121.89196979">
      </trkpt>
      <trkpt lat="53.27090084" lon="-121.89198494">
      </trkpt>
      <trkpt lat="53.27088264" lon="-121.8919925">
      </trkpt>
      <trkpt lat="53.27086447" lon="-121.89200766">
      </trkpt>
      <trkpt lat="53.27083263" lon="-121.89203801">
      </trkpt>
      <trkpt lat="53.27081899" lon="-121.8920532">
      </trkpt>
      <trkpt lat="53.27078716" lon="-121.89207587">
      </trkpt>
      <trkpt lat="53.27075534" lon="-121.89209852">
      </trkpt>
      <trkpt lat="53.27073261" lon="-121.89212123">
      </trkpt>
      <trkpt lat="53.2707008" lon="-121.89213625">
      </trkpt>
      <trkpt lat="53.27065538" lon="-121.89216643">
      </trkpt>
      <trkpt lat="53.27062358" lon="-121.8921891">
      </trkpt>
      <trkpt lat="53.2705918" lon="-121.89220419">
      </trkpt>
      <trkpt lat="53.27053275" lon="-121.89224963">
      </trkpt>
      <trkpt lat="53.27051458" lon="-121.89226478">
      </trkpt>
      <trkpt lat="53.27047373" lon="-121.89229497">
      </trkpt>
      <trkpt lat="53.27043747" lon="-121.89231749">
      </trkpt>
      <trkpt lat="53.27041935" lon="-121.89232495">
      </trkpt>
      <trkpt lat="53.27040123" lon="-121.89233997">
      </trkpt>
      <trkpt lat="53.27036502" lon="-121.89237004">
      </trkpt>
      <trkpt lat="53.27032427" lon="-121.89239251">
      </trkpt>
      <trkpt lat="53.27028808" lon="-121.89242255">
      </trkpt>
      <trkpt lat="53.27026091" lon="-121.89244516">
      </trkpt>
      <trkpt lat="53.27022461" lon="-121.89248301">
      </trkpt>
      <trkpt lat="53.27017019" lon="-121.89253601">
      </trkpt>
      <trkpt lat="53.27015207" lon="-121.89254352">
      </trkpt>
      <trkpt lat="53.27012482" lon="-121.89258143">
      </trkpt>
      <trkpt lat="53.27007053" lon="-121.89264173">
      </trkpt>
      <trkpt lat="53.27006603" lon="-121.89264926">
      </trkpt>
      <trkpt lat="53.27002541" lon="-121.89268675">
      </trkpt>
      <trkpt lat="53.26998481" lon="-121.89272423">
      </trkpt>
      <trkpt lat="53.26995777" lon="-121.89275422">
      </trkpt>
      <trkpt lat="53.26992153" lon="-121.89278444">
      </trkpt>
      <trkpt lat="53.26991246" lon="-121.89279201">
      </trkpt>
      <trkpt lat="53.26988072" lon="-121.89281472">
      </trkpt>
      <trkpt lat="53.26985806" lon="-121.89283742">
      </trkpt>
      <trkpt lat="53.2698354" lon="-121.89286011">
      </trkpt>
      <trkpt lat="53.26980821" lon="-121.89289035">
      </trkpt>
      <trkpt lat="53.26978104" lon="-121.89292058">
      </trkpt>
      <trkpt lat="53.26975394" lon="-121.89295067">
      </trkpt>
      <trkpt lat="53.26974043" lon="-121.89297326">
      </trkpt>
      <trkpt lat="53.26971333" lon="-121.89299581">
      </trkpt>
      <trkpt lat="53.26969076" lon="-121.89301836">
      </trkpt>
      <trkpt lat="53.26966819" lon="-121.89304092">
      </trkpt>
      <trkpt lat="53.26965011" lon="-121.89304842">
      </trkpt>
      <trkpt lat="53.26960498" lon="-121.89309354">
      </trkpt>
      <trkpt lat="53.26957326" lon="-121.89312378">
      </trkpt>
      <trkpt lat="53.26955059" lon="-121.89313894">
      </trkpt>
      <trkpt lat="53.26950072" lon="-121.89317678">
      </trkpt>
      <trkpt lat="53.26946898" lon="-121.8931995">
      </trkpt>
      <trkpt lat="53.26943275" lon="-121.89324484">
      </trkpt>
      <trkpt lat="53.26939636" lon="-121.89328287">
      </trkpt>
      <trkpt lat="53.26935988" lon="-121.89330585">
      </trkpt>
      <trkpt lat="53.26933708" lon="-121.89332117">
      </trkpt>
      <trkpt lat="53.26929604" lon="-121.89335175">
      </trkpt>
      <trkpt lat="53.26929147" lon="-121.8933518">
      </trkpt>
      <trkpt lat="53.26927322" lon="-121.89336708">
      </trkpt>
      <trkpt lat="53.26924601" lon="-121.89337467">
      </trkpt>
      <trkpt lat="53.26921889" lon="-121.89338966">
      </trkpt>
      <trkpt lat="53.26917824" lon="-121.89341218">
      </trkpt>
      <trkpt lat="53.26914211" lon="-121.89343469">
      </trkpt>
      <trkpt lat="53.2691015" lon="-121.89346471">
      </trkpt>
      <trkpt lat="53.26907437" lon="-121.89347219">
      </trkpt>
      <trkpt lat="53.26905176" lon="-121.89347967">
      </trkpt>
      <trkpt lat="53.26902015" lon="-121.89349467">
      </trkpt>
      <trkpt lat="53.26897042" lon="-121.89350963">
      </trkpt>
      <trkpt lat="53.2689523" lon="-121.8935096">
      </trkpt>
      <trkpt lat="53.26892518" lon="-121.89351707">
      </trkpt>
      <trkpt lat="53.26888467" lon="-121.89351674">
      </trkpt>
      <trkpt lat="53.26885319" lon="-121.89351647">
      </trkpt>
      <trkpt lat="53.26883071" lon="-121.89351628">
      </trkpt>
      <trkpt lat="53.26879473" lon="-121.89351596">
      </trkpt>
      <trkpt lat="53.26876327" lon="-121.89351568">
      </trkpt>
      <trkpt lat="53.26875877" lon="-121.89351565">
      </trkpt>
      <trkpt lat="53.26871379" lon="-121.89350775">
      </trkpt>
      <trkpt lat="53.26868683" lon="-121.89350751">
      </trkpt>
      <trkpt lat="53.26856999" lon="-121.89348389">
      </trkpt>
      <trkpt lat="53.26854316" lon="-121.89346846">
      </trkpt>
      <trkpt lat="53.26851182" lon="-121.89344544">
      </trkpt>
      <trkpt lat="53.2684805" lon="-121.89342244">
      </trkpt>
      <trkpt lat="53.26846259" lon="-121.89340716">
      </trkpt>
      <trkpt lat="53.26843122" lon="-121.89337665">
      </trkpt>
      <trkpt lat="53.26842227" lon="-121.893369">
      </trkpt>
      <trkpt lat="53.26839091" lon="-121.89333852">
      </trkpt>
      <trkpt lat="53.26838641" lon="-121.89333093">
      </trkpt>
      <trkpt lat="53.26834161" lon="-121.89328525">
      </trkpt>
      <trkpt lat="53.2683281" lon="-121.89326253">
      </trkpt>
      <trkpt lat="53.26831471" lon="-121.89325483">
      </trkpt>
      <trkpt lat="53.26829676" lon="-121.89323206">
      </trkpt>
      <trkpt lat="53.26828306" lon="-121.89321705">
      </trkpt>
      <trkpt lat="53.2682466" lon="-121.89317945">
      </trkpt>
      <trkpt lat="53.26824198" lon="-121.89317195">
      </trkpt>
      <trkpt lat="53.26821017" lon="-121.89314182">
      </trkpt>
      <trkpt lat="53.26819666" lon="-121.89311911">
      </trkpt>
      <trkpt lat="53.26817878" lon="-121.89310384">
      </trkpt>
      <trkpt lat="53.26815183" lon="-121.89306593">
      </trkpt>
      <trkpt lat="53.26813838" lon="-121.89305073">
      </trkpt>
      <trkpt lat="53.26812009" lon="-121.89302817">
      </trkpt>
      <trkpt lat="53.26808834" lon="-121.89300554">
      </trkpt>
      <trkpt lat="53.26808373" lon="-121.89299803">
      </trkpt>
      <trkpt lat="53.26805197" lon="-121.89297539">
      </trkpt>
      <trkpt lat="53.26802498" lon="-121.89294507">
      </trkpt>
      <trkpt lat="53.2680026" lon="-121.89292225">
      </trkpt>
      <trkpt lat="53.2679668" lon="-121.89288424">
      </trkpt>
      <trkpt lat="53.26794869" lon="-121.89286913">
      </trkpt>
      <trkpt lat="53.26791679" lon="-121.892839">
      </trkpt>
      <trkpt lat="53.2679077" lon="-121.89283146">
      </trkpt>
      <trkpt lat="53.26788029" lon="-121.8928089">
      </trkpt>
      <trkpt lat="53.26785752" lon="-121.89278628">
      </trkpt>
      <trkpt lat="53.26782599" lon="-121.89276351">
      </trkpt>
      <trkpt lat="53.26782151" lon="-121.8927635">
      </trkpt>
      <trkpt lat="53.26779445" lon="-121.89274075">
      </trkpt>
      <trkpt lat="53.26776291" lon="-121.892718">
      </trkpt>
      <trkpt lat="53.26774934" lon="-121.89270288">
      </trkpt>
      <trkpt lat="53.26772221" lon="-121.89267262">
      </trkpt>
      <trkpt lat="53.26770864" lon="-121.89265749">
      </trkpt>
      <trkpt lat="53.26767693" lon="-121.89263481">
      </trkpt>
      <trkpt lat="53.26767224" lon="-121.89262731">
      </trkpt>
      <trkpt lat="53.26764008" lon="-121.89259724">
      </trkpt>
      <trkpt lat="53.26763104" lon="-121.89259723">
      </trkpt>
      <trkpt lat="53.26760359" lon="-121.89256708">
      </trkpt>
      <trkpt lat="53.26757622" lon="-121.89254444">
      </trkpt>
      <trkpt lat="53.26756718" lon="-121.89254443">
      </trkpt>
      <trkpt lat="53.26753991" lon="-121.89252176">
      </trkpt>
      <trkpt lat="53.26750836" lon="-121.892499">
      </trkpt>
      <trkpt lat="53.2674904" lon="-121.89249138">
      </trkpt>
      <trkpt lat="53.26747227" lon="-121.89246868">
      </trkpt>
      <trkpt lat="53.26745422" lon="-121.89245354">
      </trkpt>
      <trkpt lat="53.2674226" lon="-121.89242325">
      </trkpt>
      <trkpt lat="53.26740003" lon="-121.89240808">
      </trkpt>
      <trkpt lat="53.2673722" lon="-121.89237801">
      </trkpt>
      <trkpt lat="53.26734453" lon="-121.89235543">
      </trkpt>
      <trkpt lat="53.26731668" lon="-121.89232533">
      </trkpt>
      <trkpt lat="53.26728057" lon="-121.892295">
      </trkpt>
      <trkpt lat="53.26725348" lon="-121.89227226">
      </trkpt>
      <trkpt lat="53.26722641" lon="-121.89224951">
      </trkpt>
      <trkpt lat="53.26720844" lon="-121.8922419">
      </trkpt>
      <trkpt lat="53.267172" lon="-121.89221921">
      </trkpt>
      <trkpt lat="53.26714449" lon="-121.89218899">
      </trkpt>
      <trkpt lat="53.26713996" lon="-121.89218899">
      </trkpt>
      <trkpt lat="53.26711244" lon="-121.89215876">
      </trkpt>
      <trkpt lat="53.26708501" lon="-121.89213608">
      </trkpt>
      <trkpt lat="53.26706681" lon="-121.89212851">
      </trkpt>
      <trkpt lat="53.26703947" lon="-121.89211337">
      </trkpt>
      <trkpt lat="53.26701234" lon="-121.89209063">
      </trkpt>
      <trkpt lat="53.26698555" lon="-121.89206784">
      </trkpt>
      <trkpt lat="53.26695876" lon="-121.8920526">
      </trkpt>
      <trkpt lat="53.26692751" lon="-121.8920298">
      </trkpt>
      <trkpt lat="53.26690924" lon="-121.89201466">
      </trkpt>
      <trkpt lat="53.26688643" lon="-121.89199953">
      </trkpt>
      <trkpt lat="53.26687265" lon="-121.8919844">
      </trkpt>
      <trkpt lat="53.2668635" lon="-121.89197685">
      </trkpt>
      <trkpt lat="53.26684067" lon="-121.89196171">
      </trkpt>
      <trkpt lat="53.26683594" lon="-121.8919466">
      </trkpt>
      <trkpt lat="53.26651121" lon="-121.89174356">
      </trkpt>
      <trkpt lat="53.26647454" lon="-121.89172748">
      </trkpt>
      <trkpt lat="53.26645163" lon="-121.89171931">
      </trkpt>
      <trkpt lat="53.26642414" lon="-121.8916959">
      </trkpt>
      <trkpt lat="53.26641039" lon="-121.89168798">
      </trkpt>
      <trkpt lat="53.26639245" lon="-121.89167313">
      </trkpt>
      <trkpt lat="53.26637452" lon="-121.89165832">
      </trkpt>
      <trkpt lat="53.26634753" lon="-121.89164349">
      </trkpt>
      <trkpt lat="53.26631584" lon="-121.89161312">
      </trkpt>
      <trkpt lat="53.26628405" lon="-121.89159016">
      </trkpt>
      <trkpt lat="53.26625244" lon="-121.89155241">
      </trkpt>
      <trkpt lat="53.2662343" lon="-121.89153717">
      </trkpt>
      <trkpt lat="53.26620709" lon="-121.89151433">
      </trkpt>
      <trkpt lat="53.26617523" lon="-121.89149877">
      </trkpt>
      <trkpt lat="53.26616183" lon="-121.89148395">
      </trkpt>
      <trkpt lat="53.26614396" lon="-121.89146173">
      </trkpt>
      <trkpt lat="53.26609885" lon="-121.89144686">
      </trkpt>
      <trkpt lat="53.26608988" lon="-121.89143946">
      </trkpt>
      <trkpt lat="53.26604492" lon="-121.89140978">
      </trkpt>
      <trkpt lat="53.26600894" lon="-121.89138753">
      </trkpt>
      <trkpt lat="53.26596805" lon="-121.89136444">
      </trkpt>
      <trkpt lat="53.26594076" lon="-121.89134899">
      </trkpt>
      <trkpt lat="53.2659001" lon="-121.89131885">
      </trkpt>
      <trkpt lat="53.26589558" lon="-121.89131884">
      </trkpt>
      <trkpt lat="53.26585993" lon="-121.89128981">
      </trkpt>
      <trkpt lat="53.26584211" lon="-121.8912753">
      </trkpt>
      <trkpt lat="53.26581508" lon="-121.89126801">
      </trkpt>
      <trkpt lat="53.26578365" lon="-121.89125346">
      </trkpt>
      <trkpt lat="53.26576141" lon="-121.89123162">
      </trkpt>
      <trkpt lat="53.26575234" lon="-121.89123162">
      </trkpt>
      <trkpt lat="53.26571185" lon="-121.89120191">
      </trkpt>
      <trkpt lat="53.26568035" lon="-121.89117963">
      </trkpt>
      <trkpt lat="53.26563965" lon="-121.89114945">
      </trkpt>
      <trkpt lat="53.26559442" lon="-121.89111171">
      </trkpt>
      <trkpt lat="53.26555403" lon="-121.89108987">
      </trkpt>
      <trkpt lat="53.26551827" lon="-121.89106072">
      </trkpt>
      <trkpt lat="53.26549573" lon="-121.89104585">
      </trkpt>
      <trkpt lat="53.26543719" lon="-121.89100124">
      </trkpt>
      <trkpt lat="53.26540564" lon="-121.89097892">
      </trkpt>
      <trkpt lat="53.26538739" lon="-121.89096344">
      </trkpt>
      <trkpt lat="53.26536913" lon="-121.89095552">
      </trkpt>
      <trkpt lat="53.26533332" lon="-121.89093395">
      </trkpt>
      <trkpt lat="53.26531094" lon="-121.89091953">
      </trkpt>
      <trkpt lat="53.26527961" lon="-121.89089786">
      </trkpt>
      <trkpt lat="53.26524822" lon="-121.89088361">
      </trkpt>
      <trkpt lat="53.26521681" lon="-121.89086935">
      </trkpt>
      <trkpt lat="53.26516304" lon="-121.89083321">
      </trkpt>
      <trkpt lat="53.26515408" lon="-121.89082594">
      </trkpt>
      <trkpt lat="53.26510891" lon="-121.89080373">
      </trkpt>
      <trkpt lat="53.2650908" lon="-121.89079627">
      </trkpt>
      <trkpt lat="53.26505929" lon="-121.89078184">
      </trkpt>
      <trkpt lat="53.26501459" lon="-121.89075349">
      </trkpt>
      <trkpt lat="53.26497869" lon="-121.89073956">
      </trkpt>
      <trkpt lat="53.26494701" lon="-121.89072469">
      </trkpt>
      <trkpt lat="53.26491956" lon="-121.89070888">
      </trkpt>
      <trkpt lat="53.26488772" lon="-121.89069355">
      </trkpt>
      <trkpt lat="53.26485175" lon="-121.89067187">
      </trkpt>
      <trkpt lat="53.26482932" lon="-121.89064995">
      </trkpt>
      <trkpt lat="53.26480236" lon="-121.89062809">
      </trkpt>
      <trkpt lat="53.26477967" lon="-121.8906206">
      </trkpt>
      <trkpt lat="53.26475253" lon="-121.89059821">
      </trkpt>
      <trkpt lat="53.2647344" lon="-121.89059073">
      </trkpt>
      <trkpt lat="53.26470271" lon="-121.89056832">
      </trkpt>
      <trkpt lat="53.2646801" lon="-121.89054589">
      </trkpt>
      <trkpt lat="53.26464827" lon="-121.89053064">
      </trkpt>
      <trkpt lat="53.26463052" lon="-121.89050933">
      </trkpt>
      <trkpt lat="53.26460807" lon="-121.89049508">
      </trkpt>
      <trkpt lat="53.26458108" lon="-121.89048092">
      </trkpt>
      <trkpt lat="53.26455861" lon="-121.89046667">
      </trkpt>
      <trkpt lat="53.26452697" lon="-121.89044459">
      </trkpt>
      <trkpt lat="53.26451786" lon="-121.89044458">
      </trkpt>
      <trkpt lat="53.26449974" lon="-121.89042962">
      </trkpt>
      <trkpt lat="53.26448161" lon="-121.89041465">
      </trkpt>
      <trkpt lat="53.26445893" lon="-121.89039969">
      </trkpt>
      <trkpt lat="53.26443169" lon="-121.89038472">
      </trkpt>
      <trkpt lat="53.26440911" lon="-121.89036254">
      </trkpt>
      <trkpt lat="53.26436386" lon="-121.89033313">
      </trkpt>
      <trkpt lat="53.2643366" lon="-121.89032579">
      </trkpt>
      <trkpt lat="53.26431857" lon="-121.89031888">
      </trkpt>
      <trkpt lat="53.26429609" lon="-121.89030485">
      </trkpt>
      <trkpt lat="53.26427813" lon="-121.89029073">
      </trkpt>
      <trkpt lat="53.26422857" lon="-121.89026269">
      </trkpt>
      <trkpt lat="53.26417867" lon="-121.89023323">
      </trkpt>
      <trkpt lat="53.26414692" lon="-121.89021114">
      </trkpt>
      <trkpt lat="53.26412418" lon="-121.89019611">
      </trkpt>
      <trkpt lat="53.26407888" lon="-121.89015944">
      </trkpt>
      <trkpt lat="53.26405618" lon="-121.89015232">
      </trkpt>
      <trkpt lat="53.26404262" lon="-121.89013007">
      </trkpt>
      <trkpt lat="53.26401999" lon="-121.89011569">
      </trkpt>
      <trkpt lat="53.26399305" lon="-121.89007979">
      </trkpt>
      <trkpt lat="53.26396149" lon="-121.89005136">
      </trkpt>
      <trkpt lat="53.26391604" lon="-121.89001441">
      </trkpt>
      <trkpt lat="53.26387494" lon="-121.88996851">
      </trkpt>
      <trkpt lat="53.26383393" lon="-121.88993096">
      </trkpt>
      <trkpt lat="53.26381121" lon="-121.88990878">
      </trkpt>
      <trkpt lat="53.26378391" lon="-121.88989419">
      </trkpt>
      <trkpt lat="53.26376572" lon="-121.88987183">
      </trkpt>
      <trkpt lat="53.26372931" lon="-121.88984999">
      </trkpt>
      <trkpt lat="53.26370656" lon="-121.88982778">
      </trkpt>
      <trkpt lat="53.26367925" lon="-121.88980565">
      </trkpt>
      <trkpt lat="53.26365189" lon="-121.88979104">
      </trkpt>
      <trkpt lat="53.26361544" lon="-121.88976151">
      </trkpt>
      <trkpt lat="53.26360179" lon="-121.88973915">
      </trkpt>
      <trkpt lat="53.26356521" lon="-121.88972406">
      </trkpt>
      <trkpt lat="53.2635378" lon="-121.88970144">
      </trkpt>
      <trkpt lat="53.26352408" lon="-121.88968632">
      </trkpt>
      <trkpt lat="53.2635012" lon="-121.88967864">
      </trkpt>
      <trkpt lat="53.26347832" lon="-121.8896633">
      </trkpt>
      <trkpt lat="53.26345088" lon="-121.88964827">
      </trkpt>
      <trkpt lat="53.26342805" lon="-121.88963353">
      </trkpt>
      <trkpt lat="53.26339144" lon="-121.88961842">
      </trkpt>
      <trkpt lat="53.26336858" lon="-121.88959579">
      </trkpt>
      <trkpt lat="53.2633366" lon="-121.88957374">
      </trkpt>
      <trkpt lat="53.26330916" lon="-121.88956673">
      </trkpt>
      <trkpt lat="53.26327721" lon="-121.88953009">
      </trkpt>
      <trkpt lat="53.26325892" lon="-121.88951544">
      </trkpt>
      <trkpt lat="53.2632406" lon="-121.88950012">
      </trkpt>
      <trkpt lat="53.26323601" lon="-121.88949245">
      </trkpt>
      <trkpt lat="53.26320852" lon="-121.88946941">
      </trkpt>
      <trkpt lat="53.26318561" lon="-121.88946173">
      </trkpt>
      <trkpt lat="53.26316269" lon="-121.88944637">
      </trkpt>
      <trkpt lat="53.26312605" lon="-121.88943171">
      </trkpt>
      <trkpt lat="53.26308023" lon="-121.88940218">
      </trkpt>
      <trkpt lat="53.26305732" lon="-121.88937987">
      </trkpt>
      <trkpt lat="53.26303441" lon="-121.88935754">
      </trkpt>
      <trkpt lat="53.26301148" lon="-121.88934284">
      </trkpt>
      <trkpt lat="53.26298395" lon="-121.88932122">
      </trkpt>
      <trkpt lat="53.26294263" lon="-121.88927718">
      </trkpt>
      <trkpt lat="53.26293804" lon="-121.88927717">
      </trkpt>
      <trkpt lat="53.26290129" lon="-121.88924771">
      </trkpt>
      <trkpt lat="53.26287369" lon="-121.88921867">
      </trkpt>
      <trkpt lat="53.26286449" lon="-121.88921885">
      </trkpt>
      <trkpt lat="53.26282311" lon="-121.889174">
      </trkpt>
      <trkpt lat="53.26281391" lon="-121.88917411">
      </trkpt>
      <trkpt lat="53.26277707" lon="-121.88913725">
      </trkpt>
      <trkpt lat="53.26274487" lon="-121.88911447">
      </trkpt>
      <trkpt lat="53.26272185" lon="-121.88910717">
      </trkpt>
      <trkpt lat="53.26269421" lon="-121.88909238">
      </trkpt>
      <trkpt lat="53.26261126" lon="-121.88904039">
      </trkpt>
      <trkpt lat="53.2625882" lon="-121.88902552">
      </trkpt>
      <trkpt lat="53.26256053" lon="-121.8890107">
      </trkpt>
      <trkpt lat="53.26254208" lon="-121.88900335">
      </trkpt>
      <trkpt lat="53.26250051" lon="-121.88898141">
      </trkpt>
      <trkpt lat="53.2624774" lon="-121.88896673">
      </trkpt>
      <trkpt lat="53.26244505" lon="-121.8889521">
      </trkpt>
      <trkpt lat="53.2624266" lon="-121.88893689">
      </trkpt>
      <trkpt lat="53.26239893" lon="-121.88891406">
      </trkpt>
      <trkpt lat="53.26236663" lon="-121.88889122">
      </trkpt>
      <trkpt lat="53.26234357" lon="-121.888876">
      </trkpt>
      <trkpt lat="53.26230667" lon="-121.88886077">
      </trkpt>
      <trkpt lat="53.26227898" lon="-121.88883793">
      </trkpt>
      <trkpt lat="53.26224193" lon="-121.88880808">
      </trkpt>
      <trkpt lat="53.26220011" lon="-121.88878654">
      </trkpt>
      <trkpt lat="53.26218613" lon="-121.88877948">
      </trkpt>
      <trkpt lat="53.26213478" lon="-121.88874367">
      </trkpt>
      <trkpt lat="53.26210679" lon="-121.88872951">
      </trkpt>
      <trkpt lat="53.2620649" lon="-121.88872311">
      </trkpt>
      <trkpt lat="53.26204163" lon="-121.88871606">
      </trkpt>
      <trkpt lat="53.26201367" lon="-121.88870152">
      </trkpt>
      <trkpt lat="53.2619998" lon="-121.8887015">
      </trkpt>
      <trkpt lat="53.26195816" lon="-121.88869393">
      </trkpt>
      <trkpt lat="53.26193501" lon="-121.88868637">
      </trkpt>
      <trkpt lat="53.26189787" lon="-121.88866375">
      </trkpt>
      <trkpt lat="53.26187461" lon="-121.8886565">
      </trkpt>
      <trkpt lat="53.26184176" lon="-121.88864258">
      </trkpt>
      <trkpt lat="53.26182288" lon="-121.88862832">
      </trkpt>
      <trkpt lat="53.26180411" lon="-121.8886214">
      </trkpt>
      <trkpt lat="53.26177587" lon="-121.88860736">
      </trkpt>
      <trkpt lat="53.26176179" lon="-121.8886002">
      </trkpt>
      <trkpt lat="53.2617243" lon="-121.88857826">
      </trkpt>
      <trkpt lat="53.2617007" lon="-121.88855628">
      </trkpt>
      <trkpt lat="53.26167235" lon="-121.88853455">
      </trkpt>
      <trkpt lat="53.26163938" lon="-121.88849719">
      </trkpt>
      <trkpt lat="53.26161571" lon="-121.88846742">
      </trkpt>
      <trkpt lat="53.2615919" lon="-121.88843021">
      </trkpt>
      <trkpt lat="53.26157776" lon="-121.88840746">
      </trkpt>
      <trkpt lat="53.26156334" lon="-121.88835441">
      </trkpt>
      <trkpt lat="53.26155369" lon="-121.88831648">
      </trkpt>
      <trkpt lat="53.26153938" lon="-121.88827855">
      </trkpt>
      <trkpt lat="53.26153457" lon="-121.88826343">
      </trkpt>
      <trkpt lat="53.26152493" lon="-121.88823316">
      </trkpt>
      <trkpt lat="53.26151507" lon="-121.88818008">
      </trkpt>
      <trkpt lat="53.26150039" lon="-121.88808068">
      </trkpt>
      <trkpt lat="53.26148839" lon="-121.887837">
      </trkpt>
      <trkpt lat="53.26148841" lon="-121.88777477">
      </trkpt>
      <trkpt lat="53.26148842" lon="-121.88775923">
      </trkpt>
      <trkpt lat="53.26149766" lon="-121.88769643">
      </trkpt>
      <trkpt lat="53.26150217" lon="-121.88763321">
      </trkpt>
      <trkpt lat="53.2615163" lon="-121.8875563">
      </trkpt>
      <trkpt lat="53.26154012" lon="-121.88742702">
      </trkpt>
      <trkpt lat="53.26154522" lon="-121.88738272">
      </trkpt>
      <trkpt lat="53.26155008" lon="-121.88736042">
      </trkpt>
      <trkpt lat="53.2615504" lon="-121.88733102">
      </trkpt>
      <trkpt lat="53.26155565" lon="-121.88726399">
      </trkpt>
      <trkpt lat="53.26156525" lon="-121.88717956">
      </trkpt>
      <trkpt lat="53.26157007" lon="-121.88713351">
      </trkpt>
      <trkpt lat="53.26157019" lon="-121.8871029">
      </trkpt>
      <trkpt lat="53.26157514" lon="-121.88702621">
      </trkpt>
      <trkpt lat="53.26157526" lon="-121.8869956">
      </trkpt>
      <trkpt lat="53.26157551" lon="-121.88693435">
      </trkpt>
      <trkpt lat="53.26157119" lon="-121.8868579">
      </trkpt>
      <trkpt lat="53.2615669" lon="-121.88677372">
      </trkpt>
      <trkpt lat="53.26156715" lon="-121.88673584">
      </trkpt>
      <trkpt lat="53.26156277" lon="-121.88666687">
      </trkpt>
      <trkpt lat="53.2615629" lon="-121.88663618">
      </trkpt>
      <trkpt lat="53.26156341" lon="-121.88652905">
      </trkpt>
      <trkpt lat="53.26156347" lon="-121.8865137">
      </trkpt>
      <trkpt lat="53.26156379" lon="-121.88643686">
      </trkpt>
      <trkpt lat="53.26156404" lon="-121.88637536">
      </trkpt>
      <trkpt lat="53.26156407" lon="-121.88636766">
      </trkpt>
      <trkpt lat="53.26155517" lon="-121.88625222">
      </trkpt>
      <trkpt lat="53.26155052" lon="-121.88619747">
      </trkpt>
      <trkpt lat="53.26154587" lon="-121.88614273">
      </trkpt>
      <trkpt lat="53.26154589" lon="-121.88611145">
      </trkpt>
      <trkpt lat="53.26154133" lon="-121.88605713">
      </trkpt>
      <trkpt lat="53.26153683" lon="-121.88601092">
      </trkpt>
      <trkpt lat="53.26153711" lon="-121.88594158">
      </trkpt>
      <trkpt lat="53.26152788" lon="-121.88587941">
      </trkpt>
      <trkpt lat="53.26152789" lon="-121.88585593">
      </trkpt>
      <trkpt lat="53.26151855" lon="-121.88580116">
      </trkpt>
      <trkpt lat="53.26151394" lon="-121.88573088">
      </trkpt>
      <trkpt lat="53.26150467" lon="-121.88570772">
      </trkpt>
      <trkpt lat="53.26150014" lon="-121.88566914">
      </trkpt>
      <trkpt lat="53.26149561" lon="-121.88563055">
      </trkpt>
      <trkpt lat="53.26148628" lon="-121.88557583">
      </trkpt>
      <trkpt lat="53.2614816" lon="-121.88555229">
      </trkpt>
      <trkpt lat="53.26147692" lon="-121.88552092">
      </trkpt>
      <trkpt lat="53.26147224" lon="-121.88548954">
      </trkpt>
      <trkpt lat="53.2614584" lon="-121.88541198">
      </trkpt>
      <trkpt lat="53.26145378" lon="-121.88539654">
      </trkpt>
      <trkpt lat="53.26144478" lon="-121.88534312">
      </trkpt>
      <trkpt lat="53.261431" lon="-121.88527358">
      </trkpt>
      <trkpt lat="53.2614127" lon="-121.88517327">
      </trkpt>
      <trkpt lat="53.2614034" lon="-121.88513433">
      </trkpt>
      <trkpt lat="53.26139882" lon="-121.8850955">
      </trkpt>
      <trkpt lat="53.26139418" lon="-121.88507216">
      </trkpt>
      <trkpt lat="53.2613804" lon="-121.88501049">
      </trkpt>
      <trkpt lat="53.26136652" lon="-121.8849641">
      </trkpt>
      <trkpt lat="53.26136206" lon="-121.88492571">
      </trkpt>
      <trkpt lat="53.26133883" lon="-121.88486371">
      </trkpt>
      <trkpt lat="53.26132499" lon="-121.88480968">
      </trkpt>
      <trkpt lat="53.26131102" lon="-121.88477865">
      </trkpt>
      <trkpt lat="53.26130639" lon="-121.88475529">
      </trkpt>
      <trkpt lat="53.26129238" lon="-121.8846927">
      </trkpt>
      <trkpt lat="53.26128299" lon="-121.8846691">
      </trkpt>
      <trkpt lat="53.2612643" lon="-121.8845908">
      </trkpt>
      <trkpt lat="53.26125025" lon="-121.88454373">
      </trkpt>
      <trkpt lat="53.2612364" lon="-121.8844975">
      </trkpt>
      <trkpt lat="53.26122256" lon="-121.88445132">
      </trkpt>
      <trkpt lat="53.26121807" lon="-121.88442067">
      </trkpt>
      <trkpt lat="53.2612089" lon="-121.88438221">
      </trkpt>
      <trkpt lat="53.26119041" lon="-121.8843284">
      </trkpt>
      <trkpt lat="53.26117658" lon="-121.88429014">
      </trkpt>
      <trkpt lat="53.26116739" lon="-121.88425951">
      </trkpt>
      <trkpt lat="53.26115818" lon="-121.88422879">
      </trkpt>
      <trkpt lat="53.26113967" lon="-121.884167">
      </trkpt>
      <trkpt lat="53.26112571" lon="-121.88413617">
      </trkpt>
      <trkpt lat="53.26110226" lon="-121.88409718">
      </trkpt>
      <trkpt lat="53.26107396" lon="-121.88404175">
      </trkpt>
      <trkpt lat="53.26105506" lon="-121.88401787">
      </trkpt>
      <trkpt lat="53.26103147" lon="-121.8839782">
      </trkpt>
      <trkpt lat="53.26102206" lon="-121.88395455">
      </trkpt>
      <trkpt lat="53.26099854" lon="-121.88391526">
      </trkpt>
      <trkpt lat="53.26098915" lon="-121.88389174">
      </trkpt>
      <trkpt lat="53.26097039" lon="-121.88386844">
      </trkpt>
      <trkpt lat="53.26095634" lon="-121.88384516">
      </trkpt>
      <trkpt lat="53.26092349" lon="-121.88379855">
      </trkpt>
      <trkpt lat="53.2608859" lon="-121.88375969">
      </trkpt>
      <trkpt lat="53.26086237" lon="-121.88374412">
      </trkpt>
      <trkpt lat="53.26083903" lon="-121.88362711">
      </trkpt>
      <trkpt lat="53.2608297" lon="-121.88355658">
      </trkpt>
      <trkpt lat="53.2608204" lon="-121.88346249">
      </trkpt>
      <trkpt lat="53.26081573" lon="-121.88342326">
      </trkpt>
      <trkpt lat="53.2608158" lon="-121.88338404">
      </trkpt>
      <trkpt lat="53.26081593" lon="-121.88332938">
      </trkpt>
      <trkpt lat="53.26081603" lon="-121.88329035">
      </trkpt>
      <trkpt lat="53.26081617" lon="-121.88323568">
      </trkpt>
      <trkpt lat="53.26082099" lon="-121.88319657">
      </trkpt>
      <trkpt lat="53.26082102" lon="-121.88317298">
      </trkpt>
      <trkpt lat="53.26082114" lon="-121.88309434">
      </trkpt>
      <trkpt lat="53.26082117" lon="-121.88307074">
      </trkpt>
      <trkpt lat="53.26082125" lon="-121.88302354">
      </trkpt>
      <trkpt lat="53.26082129" lon="-121.88300789">
      </trkpt>
      <trkpt lat="53.26082145" lon="-121.88294519">
      </trkpt>
      <trkpt lat="53.26081683" lon="-121.88289816">
      </trkpt>
      <trkpt lat="53.26081224" lon="-121.88284325">
      </trkpt>
      <trkpt lat="53.26080762" lon="-121.88278814">
      </trkpt>
      <trkpt lat="53.26079352" lon="-121.88270927">
      </trkpt>
      <trkpt lat="53.26078416" lon="-121.88263037">
      </trkpt>
      <trkpt lat="53.26077937" lon="-121.88259048">
      </trkpt>
      <trkpt lat="53.26076989" lon="-121.88255077">
      </trkpt>
      <trkpt lat="53.2607652" lon="-121.88252715">
      </trkpt>
      <trkpt lat="53.26076054" lon="-121.88247981">
      </trkpt>
      <trkpt lat="53.26075575" lon="-121.88242405">
      </trkpt>
      <trkpt lat="53.26075098" lon="-121.88238427">
      </trkpt>
      <trkpt lat="53.26075097" lon="-121.88237631">
      </trkpt>
      <trkpt lat="53.26073202" lon="-121.88232077">
      </trkpt>
      <trkpt lat="53.26072252" lon="-121.88227311">
      </trkpt>
      <trkpt lat="53.26071777" lon="-121.88224132">
      </trkpt>
      <trkpt lat="53.26070358" lon="-121.88220963">
      </trkpt>
      <trkpt lat="53.26069881" lon="-121.882154">
      </trkpt>
      <trkpt lat="53.26068935" lon="-121.88213024">
      </trkpt>
      <trkpt lat="53.26067517" lon="-121.8820748">
      </trkpt>
      <trkpt lat="53.26067044" lon="-121.88203516">
      </trkpt>
      <trkpt lat="53.26066098" lon="-121.88200347">
      </trkpt>
      <trkpt lat="53.26065623" lon="-121.88197177">
      </trkpt>
      <trkpt lat="53.26064207" lon="-121.88192429">
      </trkpt>
      <trkpt lat="53.26062317" lon="-121.88186099">
      </trkpt>
      <trkpt lat="53.26059951" lon="-121.88181345">
      </trkpt>
      <trkpt lat="53.26059004" lon="-121.88178176">
      </trkpt>
      <trkpt lat="53.26057111" lon="-121.88172632">
      </trkpt>
      <trkpt lat="53.26056165" lon="-121.88170256">
      </trkpt>
      <trkpt lat="53.26054745" lon="-121.88167087">
      </trkpt>
      <trkpt lat="53.26053328" lon="-121.88159955">
      </trkpt>
      <trkpt lat="53.26052381" lon="-121.88157577">
      </trkpt>
      <trkpt lat="53.26051434" lon="-121.88154407">
      </trkpt>
      <trkpt lat="53.26050489" lon="-121.88150446">
      </trkpt>
      <trkpt lat="53.26048595" lon="-121.88144899">
      </trkpt>
      <trkpt lat="53.26047648" lon="-121.88142522">
      </trkpt>
      <trkpt lat="53.26047175" lon="-121.88141729">
      </trkpt>
      <trkpt lat="53.26044809" lon="-121.88135391">
      </trkpt>
      <trkpt lat="53.2604339" lon="-121.88130639">
      </trkpt>
      <trkpt lat="53.26040552" lon="-121.88122717">
      </trkpt>
      <trkpt lat="53.26040079" lon="-121.88121134">
      </trkpt>
      <trkpt lat="53.26037243" lon="-121.88110842">
      </trkpt>
      <trkpt lat="53.26033935" lon="-121.88099761">
      </trkpt>
      <trkpt lat="53.26032991" lon="-121.88096598">
      </trkpt>
      <trkpt lat="53.26032518" lon="-121.88095016">
      </trkpt>
      <trkpt lat="53.26030159" lon="-121.88085531">
      </trkpt>
      <trkpt lat="53.2603016" lon="-121.88084742">
      </trkpt>
      <trkpt lat="53.26029216" lon="-121.88081581">
      </trkpt>
      <trkpt lat="53.26027799" lon="-121.88078418">
      </trkpt>
      <trkpt lat="53.2602733" lon="-121.88074471">
      </trkpt>
      <trkpt lat="53.26026389" lon="-121.88069734">
      </trkpt>
      <trkpt lat="53.26024504" lon="-121.88062627">
      </trkpt>
      <trkpt lat="53.2602356" lon="-121.88060259">
      </trkpt>
      <trkpt lat="53.26022143" lon="-121.88053928">
      </trkpt>
      <trkpt lat="53.26021197" lon="-121.88050761">
      </trkpt>
      <trkpt lat="53.26019777" lon="-121.88046008">
      </trkpt>
      <trkpt lat="53.26018832" lon="-121.8804205">
      </trkpt>
      <trkpt lat="53.26017422" lon="-121.88035741">
      </trkpt>
      <trkpt lat="53.26017425" lon="-121.88034165">
      </trkpt>
      <trkpt lat="53.26016482" lon="-121.88031008">
      </trkpt>
      <trkpt lat="53.26015071" lon="-121.88023912">
      </trkpt>
      <trkpt lat="53.26014125" lon="-121.88019953">
      </trkpt>
      <trkpt lat="53.26014126" lon="-121.88019163">
      </trkpt>
      <trkpt lat="53.2601225" lon="-121.88004967">
      </trkpt>
      <trkpt lat="53.26011792" lon="-121.88000273">
      </trkpt>
      <trkpt lat="53.26011332" lon="-121.87995579">
      </trkpt>
      <trkpt lat="53.26009919" lon="-121.87986893">
      </trkpt>
      <trkpt lat="53.2600945" lon="-121.87983745">
      </trkpt>
      <trkpt lat="53.26008509" lon="-121.87980591">
      </trkpt>
      <trkpt lat="53.26008519" lon="-121.87975095">
      </trkpt>
      <trkpt lat="53.26008051" lon="-121.8797195">
      </trkpt>
      <trkpt lat="53.26007585" lon="-121.8796802">
      </trkpt>
      <trkpt lat="53.26007116" lon="-121.87964081">
      </trkpt>
      <trkpt lat="53.26006643" lon="-121.87958544">
      </trkpt>
      <trkpt lat="53.26005701" lon="-121.87953017">
      </trkpt>
      <trkpt lat="53.26005712" lon="-121.87948325">
      </trkpt>
      <trkpt lat="53.26005724" lon="-121.87945212">
      </trkpt>
      <trkpt lat="53.2600574" lon="-121.87940544">
      </trkpt>
      <trkpt lat="53.26005753" lon="-121.87935074">
      </trkpt>
      <trkpt lat="53.26005292" lon="-121.87928803">
      </trkpt>
      <trkpt lat="53.260053" lon="-121.87924891">
      </trkpt>
      <trkpt lat="53.26005307" lon="-121.87920979">
      </trkpt>
      <trkpt lat="53.26005308" lon="-121.87920197">
      </trkpt>
      <trkpt lat="53.26005316" lon="-121.87915499">
      </trkpt>
      <trkpt lat="53.26004371" lon="-121.87909957">
      </trkpt>
      <trkpt lat="53.260039" lon="-121.87903638">
      </trkpt>
      <trkpt lat="53.26003428" lon="-121.87900471">
      </trkpt>
      <trkpt lat="53.26002484" lon="-121.87891772">
      </trkpt>
      <trkpt lat="53.26002484" lon="-121.87890984">
      </trkpt>
      <trkpt lat="53.26002486" lon="-121.87887041">
      </trkpt>
      <trkpt lat="53.26002489" lon="-121.87878368">
      </trkpt>
      <trkpt lat="53.26002491" lon="-121.87873636">
      </trkpt>
      <trkpt lat="53.26002492" lon="-121.87868118">
      </trkpt>
      <trkpt lat="53.26002494" lon="-121.87864964">
      </trkpt>
      <trkpt lat="53.26002496" lon="-121.87859444">
      </trkpt>
      <trkpt lat="53.26002499" lon="-121.87852346">
      </trkpt>
      <trkpt lat="53.26002976" lon="-121.87842901">
      </trkpt>
      <trkpt lat="53.2600345" lon="-121.87842127">
      </trkpt>
      <trkpt lat="53.26003454" lon="-121.8783582">
      </trkpt>
      <trkpt lat="53.26004403" lon="-121.87831123">
      </trkpt>
      <trkpt lat="53.26004882" lon="-121.87828015">
      </trkpt>
      <trkpt lat="53.26005361" lon="-121.87824907">
      </trkpt>
      <trkpt lat="53.26005841" lon="-121.87821021">
      </trkpt>
      <trkpt lat="53.26006319" lon="-121.87814754">
      </trkpt>
      <trkpt lat="53.26006794" lon="-121.87811613">
      </trkpt>
      <trkpt lat="53.26007743" lon="-121.8780297">
      </trkpt>
      <trkpt lat="53.26008217" lon="-121.8779668">
      </trkpt>
      <trkpt lat="53.26008221" lon="-121.87788802">
      </trkpt>
      <trkpt lat="53.26008695" lon="-121.87784087">
      </trkpt>
      <trkpt lat="53.26008697" lon="-121.8777936">
      </trkpt>
      <trkpt lat="53.26008698" lon="-121.87774632">
      </trkpt>
      <trkpt lat="53.26008702" lon="-121.87765967">
      </trkpt>
      <trkpt lat="53.2600823" lon="-121.87762803">
      </trkpt>
      <trkpt lat="53.26008232" lon="-121.87758076">
      </trkpt>
      <trkpt lat="53.26007763" lon="-121.87749397">
      </trkpt>
      <trkpt lat="53.26007767" lon="-121.87741518">
      </trkpt>
      <trkpt lat="53.26007768" lon="-121.87736792">
      </trkpt>
      <trkpt lat="53.26006824" lon="-121.87733612">
      </trkpt>
      <trkpt lat="53.26005413" lon="-121.877289">
      </trkpt>
      <trkpt lat="53.26004472" lon="-121.87726542">
      </trkpt>
      <trkpt lat="53.26003535" lon="-121.87722632">
      </trkpt>
      <trkpt lat="53.26002124" lon="-121.87718707">
      </trkpt>
      <trkpt lat="53.25999769" lon="-121.87710799">
      </trkpt>
      <trkpt lat="53.25999297" lon="-121.87707634">
      </trkpt>
      <trkpt lat="53.25997407" lon="-121.87702846">
      </trkpt>
      <trkpt lat="53.25997407" lon="-121.87700484">
      </trkpt>
      <trkpt lat="53.25995989" lon="-121.87697286">
      </trkpt>
      <trkpt lat="53.25995043" lon="-121.8769568">
      </trkpt>
      <trkpt lat="53.25993625" lon="-121.87691693">
      </trkpt>
      <trkpt lat="53.2599126" lon="-121.87687676">
      </trkpt>
      <trkpt lat="53.25989841" lon="-121.87683687">
      </trkpt>
      <trkpt lat="53.25988423" lon="-121.87681278">
      </trkpt>
      <trkpt lat="53.25986536" lon="-121.87678113">
      </trkpt>
      <trkpt lat="53.25985595" lon="-121.8767498">
      </trkpt>
      <trkpt lat="53.25984652" lon="-121.87673396">
      </trkpt>
      <trkpt lat="53.25982769" lon="-121.87668678">
      </trkpt>
      <trkpt lat="53.25981357" lon="-121.87666323">
      </trkpt>
      <trkpt lat="53.25979938" lon="-121.87664714">
      </trkpt>
      <trkpt lat="53.25977573" lon="-121.87662301">
      </trkpt>
      <trkpt lat="53.25974738" lon="-121.87659102">
      </trkpt>
      <trkpt lat="53.25973323" lon="-121.87656728">
      </trkpt>
      <trkpt lat="53.25972493" lon="-121.87655426">
      </trkpt>
      <trkpt lat="53.25970902" lon="-121.87653219">
      </trkpt>
    </trkseg>
  </trk>
</gpx>