<?xml version="1.0" encoding="UTF-8"?>
<gpx xmlns="http://www.topografix.com/GPX/1/1" xmlns:xsi="http://www.w3.org/2001/XMLSchema-instance" xsi:schemaLocation="http://www.topografix.com/GPX/1/1 http://www.topografix.com/GPX/1/1/gpx.xsd" version="1.1" creator="gpx.py -- https://github.com/tkrajina/gpxpy">
  <trk>
    <name>Old Glory Lookout</name>
    <trkseg>
      <trkpt lat="49.14993303" lon="-117.91210254">
      </trkpt>
      <trkpt lat="49.1499272" lon="-117.91210347">
      </trkpt>
      <trkpt lat="49.14992142" lon="-117.9121044">
      </trkpt>
      <trkpt lat="49.14991378" lon="-117.91210725">
      </trkpt>
      <trkpt lat="49.14991084" lon="-117.91210757">
      </trkpt>
      <trkpt lat="49.14990492" lon="-117.91210984">
      </trkpt>
      <trkpt lat="49.14990001" lon="-117.91211199">
      </trkpt>
      <trkpt lat="49.14989502" lon="-117.91211737">
      </trkpt>
      <trkpt lat="49.14989096" lon="-117.91212423">
      </trkpt>
      <trkpt lat="49.14988601" lon="-117.91212956">
      </trkpt>
      <trkpt lat="49.14988109" lon="-117.91213485">
      </trkpt>
      <trkpt lat="49.14987625" lon="-117.91213851">
      </trkpt>
      <trkpt lat="49.14987231" lon="-117.91214368">
      </trkpt>
      <trkpt lat="49.1498685" lon="-117.91214562">
      </trkpt>
      <trkpt lat="49.14986107" lon="-117.91214627">
      </trkpt>
      <trkpt lat="49.14984824" lon="-117.91214741">
      </trkpt>
      <trkpt lat="49.14984463" lon="-117.91214774">
      </trkpt>
      <trkpt lat="49.14983653" lon="-117.91214845">
      </trkpt>
      <trkpt lat="49.1498312" lon="-117.91214892">
      </trkpt>
      <trkpt lat="49.14982677" lon="-117.91214931">
      </trkpt>
      <trkpt lat="49.1498215" lon="-117.91214977">
      </trkpt>
      <trkpt lat="49.14981706" lon="-117.91215172">
      </trkpt>
      <trkpt lat="49.14981092" lon="-117.91215379">
      </trkpt>
      <trkpt lat="49.14980827" lon="-117.91215556">
      </trkpt>
      <trkpt lat="49.14980461" lon="-117.91216047">
      </trkpt>
      <trkpt lat="49.14980019" lon="-117.9121639">
      </trkpt>
      <trkpt lat="49.14979563" lon="-117.91217038">
      </trkpt>
      <trkpt lat="49.14979194" lon="-117.91217678">
      </trkpt>
      <trkpt lat="49.14978657" lon="-117.91218327">
      </trkpt>
      <trkpt lat="49.14978132" lon="-117.9121882">
      </trkpt>
      <trkpt lat="49.14977601" lon="-117.91219463">
      </trkpt>
      <trkpt lat="49.14976991" lon="-117.91220107">
      </trkpt>
      <trkpt lat="49.14976646" lon="-117.91220429">
      </trkpt>
      <trkpt lat="49.1497588" lon="-117.91221075">
      </trkpt>
      <trkpt lat="49.14975378" lon="-117.91221401">
      </trkpt>
      <trkpt lat="49.14974959" lon="-117.91221722">
      </trkpt>
      <trkpt lat="49.14974384" lon="-117.91222049">
      </trkpt>
      <trkpt lat="49.14973938" lon="-117.91222361">
      </trkpt>
      <trkpt lat="49.14973371" lon="-117.91222821">
      </trkpt>
      <trkpt lat="49.14972905" lon="-117.91223128">
      </trkpt>
      <trkpt lat="49.14972428" lon="-117.91223585">
      </trkpt>
      <trkpt lat="49.1497204" lon="-117.91224042">
      </trkpt>
      <trkpt lat="49.14971365" lon="-117.91224802">
      </trkpt>
      <trkpt lat="49.14970802" lon="-117.91225258">
      </trkpt>
      <trkpt lat="49.14970229" lon="-117.91225866">
      </trkpt>
      <trkpt lat="49.14969865" lon="-117.91226017">
      </trkpt>
      <trkpt lat="49.14969216" lon="-117.91226472">
      </trkpt>
      <trkpt lat="49.14968506" lon="-117.91226625">
      </trkpt>
      <trkpt lat="49.14967884" lon="-117.91226778">
      </trkpt>
      <trkpt lat="49.1496745" lon="-117.91226779">
      </trkpt>
      <trkpt lat="49.14966832" lon="-117.9122693">
      </trkpt>
      <trkpt lat="49.14966462" lon="-117.9122723">
      </trkpt>
      <trkpt lat="49.14965823" lon="-117.91227681">
      </trkpt>
      <trkpt lat="49.14965185" lon="-117.9122813">
      </trkpt>
      <trkpt lat="49.14964817" lon="-117.91228428">
      </trkpt>
      <trkpt lat="49.14964549" lon="-117.91228577">
      </trkpt>
      <trkpt lat="49.14963887" lon="-117.91229324">
      </trkpt>
      <trkpt lat="49.14963534" lon="-117.91229471">
      </trkpt>
      <trkpt lat="49.14963084" lon="-117.91229769">
      </trkpt>
      <trkpt lat="49.14962633" lon="-117.91230065">
      </trkpt>
      <trkpt lat="49.14962367" lon="-117.91230212">
      </trkpt>
      <trkpt lat="49.14961736" lon="-117.91230656">
      </trkpt>
      <trkpt lat="49.14961275" lon="-117.912311">
      </trkpt>
      <trkpt lat="49.14960996" lon="-117.91231248">
      </trkpt>
      <trkpt lat="49.14960321" lon="-117.91231999">
      </trkpt>
      <trkpt lat="49.14959832" lon="-117.91232296">
      </trkpt>
      <trkpt lat="49.14959511" lon="-117.91232598">
      </trkpt>
      <trkpt lat="49.1495907" lon="-117.91233049">
      </trkpt>
      <trkpt lat="49.14958544" lon="-117.91233501">
      </trkpt>
      <trkpt lat="49.14958101" lon="-117.91233956">
      </trkpt>
      <trkpt lat="49.14957731" lon="-117.91234102">
      </trkpt>
      <trkpt lat="49.14957371" lon="-117.91234559">
      </trkpt>
      <trkpt lat="49.14956894" lon="-117.91234707">
      </trkpt>
      <trkpt lat="49.14952785" lon="-117.91236088">
      </trkpt>
      <trkpt lat="49.14952649" lon="-117.91236316">
      </trkpt>
      <trkpt lat="49.14952515" lon="-117.91236621">
      </trkpt>
      <trkpt lat="49.14952334" lon="-117.91237006">
      </trkpt>
      <trkpt lat="49.14952246" lon="-117.91237317">
      </trkpt>
      <trkpt lat="49.14952018" lon="-117.91237864">
      </trkpt>
      <trkpt lat="49.14951787" lon="-117.91238418">
      </trkpt>
      <trkpt lat="49.14951692" lon="-117.91238578">
      </trkpt>
      <trkpt lat="49.14951405" lon="-117.9123898">
      </trkpt>
      <trkpt lat="49.14951162" lon="-117.91239142">
      </trkpt>
      <trkpt lat="49.14950968" lon="-117.91239385">
      </trkpt>
      <trkpt lat="49.14950722" lon="-117.91239548">
      </trkpt>
      <trkpt lat="49.14950527" lon="-117.91239958">
      </trkpt>
      <trkpt lat="49.14950428" lon="-117.9124004">
      </trkpt>
      <trkpt lat="49.14950181" lon="-117.91240454">
      </trkpt>
      <trkpt lat="49.14950032" lon="-117.91240873">
      </trkpt>
      <trkpt lat="49.14949831" lon="-117.91241126">
      </trkpt>
      <trkpt lat="49.1494968" lon="-117.91241465">
      </trkpt>
      <trkpt lat="49.14949374" lon="-117.91242237">
      </trkpt>
      <trkpt lat="49.14949219" lon="-117.91242757">
      </trkpt>
      <trkpt lat="49.14948907" lon="-117.91243284">
      </trkpt>
      <trkpt lat="49.14948536" lon="-117.91244086">
      </trkpt>
      <trkpt lat="49.14948271" lon="-117.91244446">
      </trkpt>
      <trkpt lat="49.14948108" lon="-117.91244809">
      </trkpt>
      <trkpt lat="49.14948055" lon="-117.91244901">
      </trkpt>
      <trkpt lat="49.14947673" lon="-117.91245636">
      </trkpt>
      <trkpt lat="49.14947509" lon="-117.91245914">
      </trkpt>
      <trkpt lat="49.14947396" lon="-117.91246196">
      </trkpt>
      <trkpt lat="49.14947119" lon="-117.91246666">
      </trkpt>
      <trkpt lat="49.14946782" lon="-117.91247236">
      </trkpt>
      <trkpt lat="49.14946556" lon="-117.9124762">
      </trkpt>
      <trkpt lat="49.14946327" lon="-117.91248007">
      </trkpt>
      <trkpt lat="49.14946094" lon="-117.91248494">
      </trkpt>
      <trkpt lat="49.14945862" lon="-117.91248889">
      </trkpt>
      <trkpt lat="49.1494557" lon="-117.91249385">
      </trkpt>
      <trkpt lat="49.14945159" lon="-117.91249988">
      </trkpt>
      <trkpt lat="49.14944805" lon="-117.91250493">
      </trkpt>
      <trkpt lat="49.14944508" lon="-117.91250903">
      </trkpt>
      <trkpt lat="49.14944264" lon="-117.91251316">
      </trkpt>
      <trkpt lat="49.14944025" lon="-117.91251627">
      </trkpt>
      <trkpt lat="49.14943839" lon="-117.9125194">
      </trkpt>
      <trkpt lat="49.1494354" lon="-117.91252255">
      </trkpt>
      <trkpt lat="49.14943219" lon="-117.91252891">
      </trkpt>
      <trkpt lat="49.1494303" lon="-117.91253212">
      </trkpt>
      <trkpt lat="49.14942832" lon="-117.91253642">
      </trkpt>
      <trkpt lat="49.14942646" lon="-117.9125386">
      </trkpt>
      <trkpt lat="49.14942323" lon="-117.91254405">
      </trkpt>
      <trkpt lat="49.14942105" lon="-117.91255068">
      </trkpt>
      <trkpt lat="49.14941982" lon="-117.91255177">
      </trkpt>
      <trkpt lat="49.14941768" lon="-117.91255737">
      </trkpt>
      <trkpt lat="49.14941368" lon="-117.91256416">
      </trkpt>
      <trkpt lat="49.14941107" lon="-117.91256758">
      </trkpt>
      <trkpt lat="49.14940767" lon="-117.91257333">
      </trkpt>
      <trkpt lat="49.14940364" lon="-117.91257914">
      </trkpt>
      <trkpt lat="49.14940038" lon="-117.91258266">
      </trkpt>
      <trkpt lat="49.14939596" lon="-117.91258604">
      </trkpt>
      <trkpt lat="49.14939214" lon="-117.91258937">
      </trkpt>
      <trkpt lat="49.14938772" lon="-117.91259267">
      </trkpt>
      <trkpt lat="49.14938386" lon="-117.91259602">
      </trkpt>
      <trkpt lat="49.1493807" lon="-117.91259824">
      </trkpt>
      <trkpt lat="49.14937682" lon="-117.91260162">
      </trkpt>
      <trkpt lat="49.14937434" lon="-117.91260267">
      </trkpt>
      <trkpt lat="49.14937115" lon="-117.91260491">
      </trkpt>
      <trkpt lat="49.14936736" lon="-117.9126071">
      </trkpt>
      <trkpt lat="49.14936253" lon="-117.91260801">
      </trkpt>
      <trkpt lat="49.14935931" lon="-117.91261026">
      </trkpt>
      <trkpt lat="49.14935374" lon="-117.91261235">
      </trkpt>
      <trkpt lat="49.14934683" lon="-117.91261559">
      </trkpt>
      <trkpt lat="49.1493424" lon="-117.91261777">
      </trkpt>
      <trkpt lat="49.14933914" lon="-117.91262004">
      </trkpt>
      <trkpt lat="49.14933452" lon="-117.91262347">
      </trkpt>
      <trkpt lat="49.14933048" lon="-117.91262696">
      </trkpt>
      <trkpt lat="49.14932677" lon="-117.91262796">
      </trkpt>
      <trkpt lat="49.14932346" lon="-117.91263025">
      </trkpt>
      <trkpt lat="49.14931839" lon="-117.91263244">
      </trkpt>
      <trkpt lat="49.14931644" lon="-117.91263356">
      </trkpt>
      <trkpt lat="49.14931173" lon="-117.91263323">
      </trkpt>
      <trkpt lat="49.1493086" lon="-117.91263427">
      </trkpt>
      <trkpt lat="49.14930546" lon="-117.91263531">
      </trkpt>
      <trkpt lat="49.14929801" lon="-117.91263733">
      </trkpt>
      <trkpt lat="49.14928264" lon="-117.9126439">
      </trkpt>
      <trkpt lat="49.14927633" lon="-117.91264601">
      </trkpt>
      <trkpt lat="49.14927317" lon="-117.91264706">
      </trkpt>
      <trkpt lat="49.14927035" lon="-117.91264945">
      </trkpt>
      <trkpt lat="49.14926718" lon="-117.9126505">
      </trkpt>
      <trkpt lat="49.14926518" lon="-117.91265166">
      </trkpt>
      <trkpt lat="49.14925977" lon="-117.91265513">
      </trkpt>
      <trkpt lat="49.14925583" lon="-117.91265827">
      </trkpt>
      <trkpt lat="49.14925465" lon="-117.9126582">
      </trkpt>
      <trkpt lat="49.14925025" lon="-117.91266016">
      </trkpt>
      <trkpt lat="49.14924761" lon="-117.91266228">
      </trkpt>
      <trkpt lat="49.14924394" lon="-117.91266316">
      </trkpt>
      <trkpt lat="49.14924086" lon="-117.91266409">
      </trkpt>
      <trkpt lat="49.14923718" lon="-117.91266498">
      </trkpt>
      <trkpt lat="49.14923586" lon="-117.91266603">
      </trkpt>
      <trkpt lat="49.14923189" lon="-117.91266919">
      </trkpt>
      <trkpt lat="49.14922596" lon="-117.91267247">
      </trkpt>
      <trkpt lat="49.14922032" lon="-117.9126779">
      </trkpt>
      <trkpt lat="49.14921641" lon="-117.9126808">
      </trkpt>
      <trkpt lat="49.14921263" lon="-117.9126872">
      </trkpt>
      <trkpt lat="49.14920972" lon="-117.91269235">
      </trkpt>
      <trkpt lat="49.14920717" lon="-117.9126951">
      </trkpt>
      <trkpt lat="49.14920226" lon="-117.9126994">
      </trkpt>
      <trkpt lat="49.14920154" lon="-117.91269951">
      </trkpt>
      <trkpt lat="49.14919731" lon="-117.91270375">
      </trkpt>
      <trkpt lat="49.14919023" lon="-117.91271207">
      </trkpt>
      <trkpt lat="49.14918876" lon="-117.9127123">
      </trkpt>
      <trkpt lat="49.14918444" lon="-117.91271662">
      </trkpt>
      <trkpt lat="49.14917786" lon="-117.91272133">
      </trkpt>
      <trkpt lat="49.14917294" lon="-117.91272457">
      </trkpt>
      <trkpt lat="49.14916874" lon="-117.91272772">
      </trkpt>
      <trkpt lat="49.14913349" lon="-117.91275366">
      </trkpt>
      <trkpt lat="49.1491301" lon="-117.91275552">
      </trkpt>
      <trkpt lat="49.14912644" lon="-117.91275871">
      </trkpt>
      <trkpt lat="49.14912565" lon="-117.91275885">
      </trkpt>
      <trkpt lat="49.14911905" lon="-117.91276515">
      </trkpt>
      <trkpt lat="49.14911425" lon="-117.91276989">
      </trkpt>
      <trkpt lat="49.14910885" lon="-117.91277738">
      </trkpt>
      <trkpt lat="49.14910341" lon="-117.91278496">
      </trkpt>
      <trkpt lat="49.14910092" lon="-117.91278939">
      </trkpt>
      <trkpt lat="49.14909649" lon="-117.91279555">
      </trkpt>
      <trkpt lat="49.14908948" lon="-117.9128063">
      </trkpt>
      <trkpt lat="49.14908487" lon="-117.91281671">
      </trkpt>
      <trkpt lat="49.14906694" lon="-117.91284636">
      </trkpt>
      <trkpt lat="49.14906636" lon="-117.91285386">
      </trkpt>
      <trkpt lat="49.14906576" lon="-117.91286032">
      </trkpt>
      <trkpt lat="49.14906517" lon="-117.91286789">
      </trkpt>
      <trkpt lat="49.1490639" lon="-117.91287768">
      </trkpt>
      <trkpt lat="49.14906259" lon="-117.91288423">
      </trkpt>
      <trkpt lat="49.14906135" lon="-117.91289745">
      </trkpt>
      <trkpt lat="49.14905935" lon="-117.91290743">
      </trkpt>
      <trkpt lat="49.14905869" lon="-117.91291189">
      </trkpt>
      <trkpt lat="49.14905804" lon="-117.91291637">
      </trkpt>
      <trkpt lat="49.14905811" lon="-117.91292197">
      </trkpt>
      <trkpt lat="49.14905676" lon="-117.91292874">
      </trkpt>
      <trkpt lat="49.14905466" lon="-117.91293439">
      </trkpt>
      <trkpt lat="49.14905328" lon="-117.91294121">
      </trkpt>
      <trkpt lat="49.14905046" lon="-117.91294921">
      </trkpt>
      <trkpt lat="49.14904833" lon="-117.91295495">
      </trkpt>
      <trkpt lat="49.14904619" lon="-117.91296071">
      </trkpt>
      <trkpt lat="49.14904477" lon="-117.91296533">
      </trkpt>
      <trkpt lat="49.14904191" lon="-117.91297462">
      </trkpt>
      <trkpt lat="49.14903902" lon="-117.9129828">
      </trkpt>
      <trkpt lat="49.14903757" lon="-117.91298866">
      </trkpt>
      <trkpt lat="49.14903613" lon="-117.91299454">
      </trkpt>
      <trkpt lat="49.14903395" lon="-117.9130017">
      </trkpt>
      <trkpt lat="49.14903325" lon="-117.91300652">
      </trkpt>
      <trkpt lat="49.14903106" lon="-117.91301261">
      </trkpt>
      <trkpt lat="49.1490296" lon="-117.91301872">
      </trkpt>
      <trkpt lat="49.14902668" lon="-117.91303111">
      </trkpt>
      <trkpt lat="49.1490267" lon="-117.91303491">
      </trkpt>
      <trkpt lat="49.1490252" lon="-117.91303871">
      </trkpt>
      <trkpt lat="49.14902375" lon="-117.91305023">
      </trkpt>
      <trkpt lat="49.14902381" lon="-117.91306058">
      </trkpt>
      <trkpt lat="49.14902389" lon="-117.91307635">
      </trkpt>
      <trkpt lat="49.14902401" lon="-117.9130978">
      </trkpt>
      <trkpt lat="49.14902403" lon="-117.91310188">
      </trkpt>
      <trkpt lat="49.14902409" lon="-117.91311284">
      </trkpt>
      <trkpt lat="49.14902414" lon="-117.91312115">
      </trkpt>
      <trkpt lat="49.14902419" lon="-117.91312952">
      </trkpt>
      <trkpt lat="49.14902421" lon="-117.91313516">
      </trkpt>
      <trkpt lat="49.14902423" lon="-117.9131394">
      </trkpt>
      <trkpt lat="49.14902754" lon="-117.91315226">
      </trkpt>
      <trkpt lat="49.14903004" lon="-117.91316092">
      </trkpt>
      <trkpt lat="49.1490309" lon="-117.91316674">
      </trkpt>
      <trkpt lat="49.14903342" lon="-117.91317778">
      </trkpt>
      <trkpt lat="49.1490359" lon="-117.91318455">
      </trkpt>
      <trkpt lat="49.14904018" lon="-117.91320309">
      </trkpt>
      <trkpt lat="49.14904194" lon="-117.91321182">
      </trkpt>
      <trkpt lat="49.14904536" lon="-117.91322071">
      </trkpt>
      <trkpt lat="49.14904967" lon="-117.9132297">
      </trkpt>
      <trkpt lat="49.14905142" lon="-117.91323568">
      </trkpt>
      <trkpt lat="49.14905406" lon="-117.91324321">
      </trkpt>
      <trkpt lat="49.14905936" lon="-117.91325564">
      </trkpt>
      <trkpt lat="49.14906204" lon="-117.91326196">
      </trkpt>
      <trkpt lat="49.14906473" lon="-117.9132683">
      </trkpt>
      <trkpt lat="49.14906741" lon="-117.91327316">
      </trkpt>
      <trkpt lat="49.149071" lon="-117.91327967">
      </trkpt>
      <trkpt lat="49.14907469" lon="-117.91328932">
      </trkpt>
      <trkpt lat="49.14907929" lon="-117.91329918">
      </trkpt>
      <trkpt lat="49.14908025" lon="-117.91330241">
      </trkpt>
      <trkpt lat="49.1490786" lon="-117.91330689">
      </trkpt>
      <trkpt lat="49.14907326" lon="-117.91330311">
      </trkpt>
      <trkpt lat="49.14906878" lon="-117.91329791">
      </trkpt>
      <trkpt lat="49.14906346" lon="-117.91329262">
      </trkpt>
      <trkpt lat="49.14906083" lon="-117.91329076">
      </trkpt>
      <trkpt lat="49.14905818" lon="-117.91328737">
      </trkpt>
      <trkpt lat="49.14905127" lon="-117.91328527">
      </trkpt>
      <trkpt lat="49.14904785" lon="-117.91328506">
      </trkpt>
      <trkpt lat="49.14904095" lon="-117.91327855">
      </trkpt>
      <trkpt lat="49.14903751" lon="-117.91327532">
      </trkpt>
      <trkpt lat="49.14902643" lon="-117.9132641">
      </trkpt>
      <trkpt lat="49.14901798" lon="-117.91325167">
      </trkpt>
      <trkpt lat="49.14901213" lon="-117.91324245">
      </trkpt>
      <trkpt lat="49.14900466" lon="-117.91323324">
      </trkpt>
      <trkpt lat="49.14899563" lon="-117.91321876">
      </trkpt>
      <trkpt lat="49.14899317" lon="-117.91321461">
      </trkpt>
      <trkpt lat="49.14899236" lon="-117.91321186">
      </trkpt>
      <trkpt lat="49.14898663" lon="-117.91320499">
      </trkpt>
      <trkpt lat="49.14897692" lon="-117.91318859">
      </trkpt>
      <trkpt lat="49.14896723" lon="-117.91317639">
      </trkpt>
      <trkpt lat="49.14896173" lon="-117.91316523">
      </trkpt>
      <trkpt lat="49.14895792" lon="-117.91315653">
      </trkpt>
      <trkpt lat="49.14895413" lon="-117.9131479">
      </trkpt>
      <trkpt lat="49.14895124" lon="-117.91313794">
      </trkpt>
      <trkpt lat="49.14894703" lon="-117.91312109">
      </trkpt>
      <trkpt lat="49.14894347" lon="-117.91311004">
      </trkpt>
      <trkpt lat="49.14894123" lon="-117.91310481">
      </trkpt>
      <trkpt lat="49.14893829" lon="-117.91309698">
      </trkpt>
      <trkpt lat="49.14893457" lon="-117.91308922">
      </trkpt>
      <trkpt lat="49.1489317" lon="-117.91308019">
      </trkpt>
      <trkpt lat="49.14892871" lon="-117.91307508">
      </trkpt>
      <trkpt lat="49.14892509" lon="-117.91306615">
      </trkpt>
      <trkpt lat="49.14892144" lon="-117.91305855">
      </trkpt>
      <trkpt lat="49.1489185" lon="-117.91305352">
      </trkpt>
      <trkpt lat="49.14891477" lon="-117.91304853">
      </trkpt>
      <trkpt lat="49.14891331" lon="-117.91304603">
      </trkpt>
      <trkpt lat="49.14890781" lon="-117.91304615">
      </trkpt>
      <trkpt lat="49.14890545" lon="-117.9130462">
      </trkpt>
      <trkpt lat="49.14890207" lon="-117.91305137">
      </trkpt>
      <trkpt lat="49.14889934" lon="-117.91305911">
      </trkpt>
      <trkpt lat="49.14889665" lon="-117.9130656">
      </trkpt>
      <trkpt lat="49.14889115" lon="-117.91308001">
      </trkpt>
      <trkpt lat="49.14888688" lon="-117.91308538">
      </trkpt>
      <trkpt lat="49.14888323" lon="-117.91309337">
      </trkpt>
      <trkpt lat="49.14887883" lon="-117.91310014">
      </trkpt>
      <trkpt lat="49.14887626" lon="-117.91310287">
      </trkpt>
      <trkpt lat="49.14887375" lon="-117.91310429">
      </trkpt>
      <trkpt lat="49.14886529" lon="-117.9131099">
      </trkpt>
      <trkpt lat="49.14885011" lon="-117.91311712">
      </trkpt>
      <trkpt lat="49.14884233" lon="-117.91312281">
      </trkpt>
      <trkpt lat="49.14883543" lon="-117.91312713">
      </trkpt>
      <trkpt lat="49.14882848" lon="-117.91313147">
      </trkpt>
      <trkpt lat="49.148819" lon="-117.91313594">
      </trkpt>
      <trkpt lat="49.14881208" lon="-117.91313894">
      </trkpt>
      <trkpt lat="49.14880587" lon="-117.91314331">
      </trkpt>
      <trkpt lat="49.14879902" lon="-117.91314496">
      </trkpt>
      <trkpt lat="49.1487954" lon="-117.91314787">
      </trkpt>
      <trkpt lat="49.14878813" lon="-117.91315374">
      </trkpt>
      <trkpt lat="49.14878474" lon="-117.91315387">
      </trkpt>
      <trkpt lat="49.14878108" lon="-117.91315682">
      </trkpt>
      <trkpt lat="49.14877143" lon="-117.91316001">
      </trkpt>
      <trkpt lat="49.14876787" lon="-117.91316155">
      </trkpt>
      <trkpt lat="49.14876217" lon="-117.91316745">
      </trkpt>
      <trkpt lat="49.148755" lon="-117.91317058">
      </trkpt>
      <trkpt lat="49.14874795" lon="-117.91317229">
      </trkpt>
      <trkpt lat="49.14874622" lon="-117.91317236">
      </trkpt>
      <trkpt lat="49.14871629" lon="-117.91320043">
      </trkpt>
      <trkpt lat="49.14871422" lon="-117.91320078">
      </trkpt>
      <trkpt lat="49.14871043" lon="-117.91320443">
      </trkpt>
      <trkpt lat="49.14870712" lon="-117.91320858">
      </trkpt>
      <trkpt lat="49.14870401" lon="-117.91321069">
      </trkpt>
      <trkpt lat="49.14870056" lon="-117.91321382">
      </trkpt>
      <trkpt lat="49.14869442" lon="-117.91322029">
      </trkpt>
      <trkpt lat="49.14868866" lon="-117.91322746">
      </trkpt>
      <trkpt lat="49.14868053" lon="-117.91323879">
      </trkpt>
      <trkpt lat="49.14867859" lon="-117.91324183">
      </trkpt>
      <trkpt lat="49.14867752" lon="-117.91324499">
      </trkpt>
      <trkpt lat="49.14867687" lon="-117.91324825">
      </trkpt>
      <trkpt lat="49.14867659" lon="-117.91325044">
      </trkpt>
      <trkpt lat="49.14867644" lon="-117.91325435">
      </trkpt>
      <trkpt lat="49.14867616" lon="-117.91325656">
      </trkpt>
      <trkpt lat="49.14867543" lon="-117.91325873">
      </trkpt>
      <trkpt lat="49.14867437" lon="-117.91326256">
      </trkpt>
      <trkpt lat="49.1486738" lon="-117.91326706">
      </trkpt>
      <trkpt lat="49.14867277" lon="-117.91327152">
      </trkpt>
      <trkpt lat="49.14867189" lon="-117.91327838">
      </trkpt>
      <trkpt lat="49.14867081" lon="-117.91328233">
      </trkpt>
      <trkpt lat="49.14867001" lon="-117.913284">
      </trkpt>
      <trkpt lat="49.14866934" lon="-117.91328744">
      </trkpt>
      <trkpt lat="49.14866667" lon="-117.91329544">
      </trkpt>
      <trkpt lat="49.14866011" lon="-117.91330856">
      </trkpt>
      <trkpt lat="49.1486568" lon="-117.91331555">
      </trkpt>
      <trkpt lat="49.1486557" lon="-117.91332101">
      </trkpt>
      <trkpt lat="49.14865286" lon="-117.91332947">
      </trkpt>
      <trkpt lat="49.1486517" lon="-117.9133344">
      </trkpt>
      <trkpt lat="49.14865011" lon="-117.9133406">
      </trkpt>
      <trkpt lat="49.1486491" lon="-117.91334887">
      </trkpt>
      <trkpt lat="49.14864888" lon="-117.91335403">
      </trkpt>
      <trkpt lat="49.14864859" lon="-117.91335793">
      </trkpt>
      <trkpt lat="49.14864788" lon="-117.91336311">
      </trkpt>
      <trkpt lat="49.1486468" lon="-117.91337096">
      </trkpt>
      <trkpt lat="49.14864522" lon="-117.91337886">
      </trkpt>
      <trkpt lat="49.14864395" lon="-117.91338348">
      </trkpt>
      <trkpt lat="49.14864268" lon="-117.91338812">
      </trkpt>
      <trkpt lat="49.14864234" lon="-117.91339152">
      </trkpt>
      <trkpt lat="49.14864059" lon="-117.91339687">
      </trkpt>
      <trkpt lat="49.14863941" lon="-117.91340441">
      </trkpt>
      <trkpt lat="49.14863804" lon="-117.91340779">
      </trkpt>
      <trkpt lat="49.14863771" lon="-117.91341198">
      </trkpt>
      <trkpt lat="49.14863543" lon="-117.91341816">
      </trkpt>
      <trkpt lat="49.14863155" lon="-117.91342364">
      </trkpt>
      <trkpt lat="49.14862916" lon="-117.91342934">
      </trkpt>
      <trkpt lat="49.14862472" lon="-117.91343561">
      </trkpt>
      <trkpt lat="49.14862123" lon="-117.91344053">
      </trkpt>
      <trkpt lat="49.14861728" lon="-117.91345004">
      </trkpt>
      <trkpt lat="49.14861478" lon="-117.91345516">
      </trkpt>
      <trkpt lat="49.14861122" lon="-117.91346179">
      </trkpt>
      <trkpt lat="49.14860868" lon="-117.91346779">
      </trkpt>
      <trkpt lat="49.14860557" lon="-117.91347222">
      </trkpt>
      <trkpt lat="49.14860192" lon="-117.91347822">
      </trkpt>
      <trkpt lat="49.14859772" lon="-117.91348583">
      </trkpt>
      <trkpt lat="49.14859401" lon="-117.91349275">
      </trkpt>
      <trkpt lat="49.14858973" lon="-117.91350132">
      </trkpt>
      <trkpt lat="49.14858593" lon="-117.9135084">
      </trkpt>
      <trkpt lat="49.14858431" lon="-117.91351321">
      </trkpt>
      <trkpt lat="49.14858156" lon="-117.91351708">
      </trkpt>
      <trkpt lat="49.14857936" lon="-117.91352101">
      </trkpt>
      <trkpt lat="49.1485777" lon="-117.91352337">
      </trkpt>
      <trkpt lat="49.14857379" lon="-117.91352809">
      </trkpt>
      <trkpt lat="49.14856926" lon="-117.91353449">
      </trkpt>
      <trkpt lat="49.14856525" lon="-117.91353931">
      </trkpt>
      <trkpt lat="49.14856179" lon="-117.9135434">
      </trkpt>
      <trkpt lat="49.1485548" lon="-117.91355252">
      </trkpt>
      <trkpt lat="49.14854945" lon="-117.91356183">
      </trkpt>
      <trkpt lat="49.14854282" lon="-117.91357301">
      </trkpt>
      <trkpt lat="49.14853851" lon="-117.91358265">
      </trkpt>
      <trkpt lat="49.14853602" lon="-117.91358795">
      </trkpt>
      <trkpt lat="49.14853473" lon="-117.91359242">
      </trkpt>
      <trkpt lat="49.1485322" lon="-117.9135987">
      </trkpt>
      <trkpt lat="49.14852784" lon="-117.9136032">
      </trkpt>
      <trkpt lat="49.14852087" lon="-117.91361232">
      </trkpt>
      <trkpt lat="49.14851447" lon="-117.91361971">
      </trkpt>
      <trkpt lat="49.1485067" lon="-117.91362815">
      </trkpt>
      <trkpt lat="49.14849813" lon="-117.91363767">
      </trkpt>
      <trkpt lat="49.14849331" lon="-117.9136473">
      </trkpt>
      <trkpt lat="49.14848647" lon="-117.9136571">
      </trkpt>
      <trkpt lat="49.14848099" lon="-117.91366307">
      </trkpt>
      <trkpt lat="49.14847688" lon="-117.9136671">
      </trkpt>
      <trkpt lat="49.14846792" lon="-117.91367426">
      </trkpt>
      <trkpt lat="49.14846173" lon="-117.9136774">
      </trkpt>
      <trkpt lat="49.14845199" lon="-117.91368369">
      </trkpt>
      <trkpt lat="49.14844494" lon="-117.91368895">
      </trkpt>
      <trkpt lat="49.14843652" lon="-117.91369326">
      </trkpt>
      <trkpt lat="49.1484287" lon="-117.9136976">
      </trkpt>
      <trkpt lat="49.14842511" lon="-117.91369977">
      </trkpt>
      <trkpt lat="49.14841727" lon="-117.91370311">
      </trkpt>
      <trkpt lat="49.14840867" lon="-117.9137065">
      </trkpt>
      <trkpt lat="49.14840289" lon="-117.91370877">
      </trkpt>
      <trkpt lat="49.14839538" lon="-117.9137143">
      </trkpt>
      <trkpt lat="49.14838871" lon="-117.91371772">
      </trkpt>
      <trkpt lat="49.14837757" lon="-117.91372238">
      </trkpt>
      <trkpt lat="49.14836791" lon="-117.91372594">
      </trkpt>
      <trkpt lat="49.14835729" lon="-117.9137272">
      </trkpt>
      <trkpt lat="49.14835003" lon="-117.91372952">
      </trkpt>
      <trkpt lat="49.14834638" lon="-117.91373067">
      </trkpt>
      <trkpt lat="49.14833848" lon="-117.91373191">
      </trkpt>
      <trkpt lat="49.14832855" lon="-117.91373208">
      </trkpt>
      <trkpt lat="49.14832357" lon="-117.91373217">
      </trkpt>
      <trkpt lat="49.14831729" lon="-117.91373117">
      </trkpt>
      <trkpt lat="49.14831314" lon="-117.91373014">
      </trkpt>
      <trkpt lat="49.14830829" lon="-117.91372913">
      </trkpt>
      <trkpt lat="49.14830185" lon="-117.91372923">
      </trkpt>
      <trkpt lat="49.1482954" lon="-117.91372934">
      </trkpt>
      <trkpt lat="49.14828966" lon="-117.91372944">
      </trkpt>
      <trkpt lat="49.14828246" lon="-117.91372955">
      </trkpt>
      <trkpt lat="49.14827886" lon="-117.91372962">
      </trkpt>
      <trkpt lat="49.14827076" lon="-117.91373087">
      </trkpt>
      <trkpt lat="49.14825995" lon="-117.91373549">
      </trkpt>
      <trkpt lat="49.14825104" lon="-117.91373677">
      </trkpt>
      <trkpt lat="49.14824666" lon="-117.91373685">
      </trkpt>
      <trkpt lat="49.14821873" lon="-117.91373624">
      </trkpt>
      <trkpt lat="49.14821132" lon="-117.91373636">
      </trkpt>
      <trkpt lat="49.14820659" lon="-117.91373644">
      </trkpt>
      <trkpt lat="49.14819712" lon="-117.91373662">
      </trkpt>
      <trkpt lat="49.1481892" lon="-117.9137369">
      </trkpt>
      <trkpt lat="49.14818522" lon="-117.91373704">
      </trkpt>
      <trkpt lat="49.14817866" lon="-117.91373842">
      </trkpt>
      <trkpt lat="49.1481734" lon="-117.91373975">
      </trkpt>
      <trkpt lat="49.14816827" lon="-117.91374336">
      </trkpt>
      <trkpt lat="49.14816439" lon="-117.91374579">
      </trkpt>
      <trkpt lat="49.14815731" lon="-117.91375183">
      </trkpt>
      <trkpt lat="49.14815331" lon="-117.91375315">
      </trkpt>
      <trkpt lat="49.14814874" lon="-117.91375682">
      </trkpt>
      <trkpt lat="49.14814346" lon="-117.91376054">
      </trkpt>
      <trkpt lat="49.1481375" lon="-117.91376549">
      </trkpt>
      <trkpt lat="49.14813215" lon="-117.91376926">
      </trkpt>
      <trkpt lat="49.14812676" lon="-117.91377307">
      </trkpt>
      <trkpt lat="49.14811998" lon="-117.91377816">
      </trkpt>
      <trkpt lat="49.14811663" lon="-117.91378191">
      </trkpt>
      <trkpt lat="49.14811183" lon="-117.91378575">
      </trkpt>
      <trkpt lat="49.14810559" lon="-117.91378969">
      </trkpt>
      <trkpt lat="49.14809639" lon="-117.91379261">
      </trkpt>
      <trkpt lat="49.14809284" lon="-117.91379401">
      </trkpt>
      <trkpt lat="49.14808502" lon="-117.91379809">
      </trkpt>
      <trkpt lat="49.14807575" lon="-117.91380476">
      </trkpt>
      <trkpt lat="49.1480634" lon="-117.91381042">
      </trkpt>
      <trkpt lat="49.14805826" lon="-117.91381197">
      </trkpt>
      <trkpt lat="49.14805232" lon="-117.91381232">
      </trkpt>
      <trkpt lat="49.1480419" lon="-117.91381291">
      </trkpt>
      <trkpt lat="49.14802687" lon="-117.91381378">
      </trkpt>
      <trkpt lat="49.14801854" lon="-117.91381406">
      </trkpt>
      <trkpt lat="49.14801094" lon="-117.91381427">
      </trkpt>
      <trkpt lat="49.14800561" lon="-117.91381443">
      </trkpt>
      <trkpt lat="49.14799722" lon="-117.91381467">
      </trkpt>
      <trkpt lat="49.1479934" lon="-117.91381477">
      </trkpt>
      <trkpt lat="49.14798728" lon="-117.91381496">
      </trkpt>
      <trkpt lat="49.14798038" lon="-117.91381514">
      </trkpt>
      <trkpt lat="49.14797346" lon="-117.91381534">
      </trkpt>
      <trkpt lat="49.14796884" lon="-117.91381547">
      </trkpt>
      <trkpt lat="49.14796419" lon="-117.91381689">
      </trkpt>
      <trkpt lat="49.14795722" lon="-117.91381836">
      </trkpt>
      <trkpt lat="49.14795332" lon="-117.91381975">
      </trkpt>
      <trkpt lat="49.14794785" lon="-117.91382119">
      </trkpt>
      <trkpt lat="49.14794237" lon="-117.91382264">
      </trkpt>
      <trkpt lat="49.14793614" lon="-117.91382282">
      </trkpt>
      <trkpt lat="49.14792755" lon="-117.91382308">
      </trkpt>
      <trkpt lat="49.14791973" lon="-117.91382331">
      </trkpt>
      <trkpt lat="49.14791345" lon="-117.9138235">
      </trkpt>
      <trkpt lat="49.14790952" lon="-117.91382361">
      </trkpt>
      <trkpt lat="49.14790795" lon="-117.91382366">
      </trkpt>
      <trkpt lat="49.14789516" lon="-117.91382792">
      </trkpt>
      <trkpt lat="49.14788631" lon="-117.91383078">
      </trkpt>
      <trkpt lat="49.14787874" lon="-117.91383887">
      </trkpt>
      <trkpt lat="49.14787548" lon="-117.91384028">
      </trkpt>
      <trkpt lat="49.14787148" lon="-117.91384042">
      </trkpt>
      <trkpt lat="49.14786755" lon="-117.91383923">
      </trkpt>
      <trkpt lat="49.14786058" lon="-117.91383551">
      </trkpt>
      <trkpt lat="49.1478569" lon="-117.91383038">
      </trkpt>
      <trkpt lat="49.14785403" lon="-117.91382524">
      </trkpt>
      <trkpt lat="49.14784861" lon="-117.9138228">
      </trkpt>
      <trkpt lat="49.14784612" lon="-117.91382418">
      </trkpt>
      <trkpt lat="49.14784363" lon="-117.91382555">
      </trkpt>
      <trkpt lat="49.14783915" lon="-117.91383223">
      </trkpt>
      <trkpt lat="49.14783404" lon="-117.91383632">
      </trkpt>
      <trkpt lat="49.14782848" lon="-117.91383519">
      </trkpt>
      <trkpt lat="49.14781908" lon="-117.91383152">
      </trkpt>
      <trkpt lat="49.14781422" lon="-117.91383166">
      </trkpt>
      <trkpt lat="49.14780935" lon="-117.91383181">
      </trkpt>
      <trkpt lat="49.14779622" lon="-117.91383354">
      </trkpt>
      <trkpt lat="49.14778292" lon="-117.91383659">
      </trkpt>
      <trkpt lat="49.14777623" lon="-117.91383813">
      </trkpt>
      <trkpt lat="49.14776788" lon="-117.91383971">
      </trkpt>
      <trkpt lat="49.14776031" lon="-117.91384128">
      </trkpt>
      <trkpt lat="49.14775191" lon="-117.91384288">
      </trkpt>
      <trkpt lat="49.14774415" lon="-117.91384581">
      </trkpt>
      <trkpt lat="49.14773651" lon="-117.9138474">
      </trkpt>
      <trkpt lat="49.14772968" lon="-117.91384897">
      </trkpt>
      <trkpt lat="49.14771932" lon="-117.913852">
      </trkpt>
      <trkpt lat="49.14771327" lon="-117.91385355">
      </trkpt>
      <trkpt lat="49.14770553" lon="-117.91385517">
      </trkpt>
      <trkpt lat="49.14770029" lon="-117.9138567">
      </trkpt>
      <trkpt lat="49.14769402" lon="-117.91385964">
      </trkpt>
      <trkpt lat="49.14768791" lon="-117.9138612">
      </trkpt>
      <trkpt lat="49.14768059" lon="-117.9138643">
      </trkpt>
      <trkpt lat="49.1476741" lon="-117.91386862">
      </trkpt>
      <trkpt lat="49.14766865" lon="-117.91387153">
      </trkpt>
      <trkpt lat="49.14766142" lon="-117.91387452">
      </trkpt>
      <trkpt lat="49.14765241" lon="-117.91387763">
      </trkpt>
      <trkpt lat="49.14764401" lon="-117.91388211">
      </trkpt>
      <trkpt lat="49.14763707" lon="-117.91388237">
      </trkpt>
      <trkpt lat="49.14762663" lon="-117.91388274">
      </trkpt>
      <trkpt lat="49.14762489" lon="-117.91388281">
      </trkpt>
      <trkpt lat="49.14761704" lon="-117.91388309">
      </trkpt>
      <trkpt lat="49.14760742" lon="-117.91388345">
      </trkpt>
      <trkpt lat="49.14759778" lon="-117.91388381">
      </trkpt>
      <trkpt lat="49.1475881" lon="-117.91388416">
      </trkpt>
      <trkpt lat="49.1475813" lon="-117.91388301">
      </trkpt>
      <trkpt lat="49.14757158" lon="-117.91388336">
      </trkpt>
      <trkpt lat="49.1475621" lon="-117.91388229">
      </trkpt>
      <trkpt lat="49.14752861" lon="-117.91388273">
      </trkpt>
      <trkpt lat="49.14752657" lon="-117.9138823">
      </trkpt>
      <trkpt lat="49.14752482" lon="-117.91388186">
      </trkpt>
      <trkpt lat="49.14752251" lon="-117.91388144">
      </trkpt>
      <trkpt lat="49.1475203" lon="-117.91388151">
      </trkpt>
      <trkpt lat="49.14751836" lon="-117.91388158">
      </trkpt>
      <trkpt lat="49.14751327" lon="-117.91388126">
      </trkpt>
      <trkpt lat="49.14751017" lon="-117.91388088">
      </trkpt>
      <trkpt lat="49.14750749" lon="-117.91388117">
      </trkpt>
      <trkpt lat="49.14750552" lon="-117.91388137">
      </trkpt>
      <trkpt lat="49.14750322" lon="-117.91388111">
      </trkpt>
      <trkpt lat="49.14750115" lon="-117.91388081">
      </trkpt>
      <trkpt lat="49.1474975" lon="-117.91388018">
      </trkpt>
      <trkpt lat="49.14749291" lon="-117.9138786">
      </trkpt>
      <trkpt lat="49.14749055" lon="-117.91387832">
      </trkpt>
      <trkpt lat="49.14748598" lon="-117.91387724">
      </trkpt>
      <trkpt lat="49.14747843" lon="-117.91387385">
      </trkpt>
      <trkpt lat="49.14747528" lon="-117.91387208">
      </trkpt>
      <trkpt lat="49.14746956" lon="-117.91387107">
      </trkpt>
      <trkpt lat="49.14746731" lon="-117.91387023">
      </trkpt>
      <trkpt lat="49.14746538" lon="-117.91386989">
      </trkpt>
      <trkpt lat="49.14746406" lon="-117.91387">
      </trkpt>
      <trkpt lat="49.14745964" lon="-117.91386935">
      </trkpt>
      <trkpt lat="49.14745851" lon="-117.91386894">
      </trkpt>
      <trkpt lat="49.14745438" lon="-117.91386878">
      </trkpt>
      <trkpt lat="49.14744647" lon="-117.91386736">
      </trkpt>
      <trkpt lat="49.14744254" lon="-117.91386717">
      </trkpt>
      <trkpt lat="49.14743214" lon="-117.91386803">
      </trkpt>
      <trkpt lat="49.147431" lon="-117.91386814">
      </trkpt>
      <trkpt lat="49.1474229" lon="-117.91386827">
      </trkpt>
      <trkpt lat="49.14741795" lon="-117.91386868">
      </trkpt>
      <trkpt lat="49.14741447" lon="-117.9138695">
      </trkpt>
      <trkpt lat="49.14740912" lon="-117.91386995">
      </trkpt>
      <trkpt lat="49.14740613" lon="-117.9138702">
      </trkpt>
      <trkpt lat="49.14740255" lon="-117.91387105">
      </trkpt>
      <trkpt lat="49.14739891" lon="-117.91387137">
      </trkpt>
      <trkpt lat="49.14739254" lon="-117.913873">
      </trkpt>
      <trkpt lat="49.14738881" lon="-117.91387332">
      </trkpt>
      <trkpt lat="49.14738126" lon="-117.91387396">
      </trkpt>
      <trkpt lat="49.14737413" lon="-117.91387231">
      </trkpt>
      <trkpt lat="49.1473722" lon="-117.91387247">
      </trkpt>
      <trkpt lat="49.14736" lon="-117.91387006">
      </trkpt>
      <trkpt lat="49.14735833" lon="-117.91386963">
      </trkpt>
      <trkpt lat="49.14735095" lon="-117.91386792">
      </trkpt>
      <trkpt lat="49.14734518" lon="-117.91386608">
      </trkpt>
      <trkpt lat="49.14734071" lon="-117.91386356">
      </trkpt>
      <trkpt lat="49.14733353" lon="-117.91386191">
      </trkpt>
      <trkpt lat="49.14732559" lon="-117.91386205">
      </trkpt>
      <trkpt lat="49.14732384" lon="-117.91386222">
      </trkpt>
      <trkpt lat="49.14731996" lon="-117.91386258">
      </trkpt>
      <trkpt lat="49.14731498" lon="-117.9138648">
      </trkpt>
      <trkpt lat="49.14731065" lon="-117.91386638">
      </trkpt>
      <trkpt lat="49.14730736" lon="-117.91386789">
      </trkpt>
      <trkpt lat="49.14730179" lon="-117.91387084">
      </trkpt>
      <trkpt lat="49.1472935" lon="-117.91387228">
      </trkpt>
      <trkpt lat="49.14728814" lon="-117.91387282">
      </trkpt>
      <trkpt lat="49.14728544" lon="-117.9138731">
      </trkpt>
      <trkpt lat="49.14728038" lon="-117.91387299">
      </trkpt>
      <trkpt lat="49.14727723" lon="-117.9138733">
      </trkpt>
      <trkpt lat="49.14727208" lon="-117.9138732">
      </trkpt>
      <trkpt lat="49.14726852" lon="-117.91387229">
      </trkpt>
      <trkpt lat="49.14726533" lon="-117.91387136">
      </trkpt>
      <trkpt lat="49.14726137" lon="-117.91386922">
      </trkpt>
      <trkpt lat="49.14725545" lon="-117.91386474">
      </trkpt>
      <trkpt lat="49.14725234" lon="-117.91386125">
      </trkpt>
      <trkpt lat="49.14724969" lon="-117.91385711">
      </trkpt>
      <trkpt lat="49.147247" lon="-117.91385358">
      </trkpt>
      <trkpt lat="49.14724548" lon="-117.91385121">
      </trkpt>
      <trkpt lat="49.1472435" lon="-117.91384949">
      </trkpt>
      <trkpt lat="49.14724035" lon="-117.91384661">
      </trkpt>
      <trkpt lat="49.14723676" lon="-117.91384376">
      </trkpt>
      <trkpt lat="49.14723596" lon="-117.91384318">
      </trkpt>
      <trkpt lat="49.14723321" lon="-117.91384027">
      </trkpt>
      <trkpt lat="49.14723165" lon="-117.91383851">
      </trkpt>
      <trkpt lat="49.14723041" lon="-117.91383796">
      </trkpt>
      <trkpt lat="49.14722955" lon="-117.913838">
      </trkpt>
      <trkpt lat="49.14722708" lon="-117.91383691">
      </trkpt>
      <trkpt lat="49.1472228" lon="-117.91383652">
      </trkpt>
      <trkpt lat="49.14722019" lon="-117.91383666">
      </trkpt>
      <trkpt lat="49.14721756" lon="-117.91383679">
      </trkpt>
      <trkpt lat="49.14721142" lon="-117.91383648">
      </trkpt>
      <trkpt lat="49.14720514" lon="-117.91383681">
      </trkpt>
      <trkpt lat="49.14720198" lon="-117.91383697">
      </trkpt>
      <trkpt lat="49.14719786" lon="-117.91383718">
      </trkpt>
      <trkpt lat="49.147192" lon="-117.91383621">
      </trkpt>
      <trkpt lat="49.14718048" lon="-117.91383099">
      </trkpt>
      <trkpt lat="49.147177" lon="-117.91382858">
      </trkpt>
      <trkpt lat="49.14717454" lon="-117.91382548">
      </trkpt>
      <trkpt lat="49.14717366" lon="-117.91382488">
      </trkpt>
      <trkpt lat="49.14717112" lon="-117.91382241">
      </trkpt>
      <trkpt lat="49.14716929" lon="-117.91382184">
      </trkpt>
      <trkpt lat="49.14716656" lon="-117.91382066">
      </trkpt>
      <trkpt lat="49.14716139" lon="-117.91381954">
      </trkpt>
      <trkpt lat="49.14715635" lon="-117.91381712">
      </trkpt>
      <trkpt lat="49.14715437" lon="-117.91381718">
      </trkpt>
      <trkpt lat="49.14715119" lon="-117.91381534">
      </trkpt>
      <trkpt lat="49.14714729" lon="-117.91381479">
      </trkpt>
      <trkpt lat="49.14714437" lon="-117.91381421">
      </trkpt>
      <trkpt lat="49.14713155" lon="-117.91381191">
      </trkpt>
      <trkpt lat="49.14712985" lon="-117.91381195">
      </trkpt>
      <trkpt lat="49.14712805" lon="-117.91381134">
      </trkpt>
      <trkpt lat="49.14712477" lon="-117.91381009">
      </trkpt>
      <trkpt lat="49.14712104" lon="-117.91380819">
      </trkpt>
      <trkpt lat="49.147118" lon="-117.91380629">
      </trkpt>
      <trkpt lat="49.14711459" lon="-117.91380437">
      </trkpt>
      <trkpt lat="49.14711082" lon="-117.91380244">
      </trkpt>
      <trkpt lat="49.14710854" lon="-117.91380115">
      </trkpt>
      <trkpt lat="49.14710561" lon="-117.91380052">
      </trkpt>
      <trkpt lat="49.14710331" lon="-117.91379923">
      </trkpt>
      <trkpt lat="49.14709973" lon="-117.91379926">
      </trkpt>
      <trkpt lat="49.14709603" lon="-117.91379864">
      </trkpt>
      <trkpt lat="49.14709049" lon="-117.91379801">
      </trkpt>
      <trkpt lat="49.14707992" lon="-117.91379608">
      </trkpt>
      <trkpt lat="49.14707828" lon="-117.91379474">
      </trkpt>
      <trkpt lat="49.14707294" lon="-117.9137941">
      </trkpt>
      <trkpt lat="49.14706824" lon="-117.91379275">
      </trkpt>
      <trkpt lat="49.14706269" lon="-117.91379073">
      </trkpt>
      <trkpt lat="49.14705882" lon="-117.91378938">
      </trkpt>
      <trkpt lat="49.14705609" lon="-117.91378801">
      </trkpt>
      <trkpt lat="49.14705269" lon="-117.91378801">
      </trkpt>
      <trkpt lat="49.14704844" lon="-117.9137873">
      </trkpt>
      <trkpt lat="49.1470386" lon="-117.91378519">
      </trkpt>
      <trkpt lat="49.14702696" lon="-117.91378302">
      </trkpt>
      <trkpt lat="49.14702287" lon="-117.91378228">
      </trkpt>
      <trkpt lat="49.14701586" lon="-117.91378151">
      </trkpt>
      <trkpt lat="49.14701169" lon="-117.91378076">
      </trkpt>
      <trkpt lat="49.14700743" lon="-117.91377929">
      </trkpt>
      <trkpt lat="49.14700315" lon="-117.9137778">
      </trkpt>
      <trkpt lat="49.14699757" lon="-117.913777">
      </trkpt>
      <trkpt lat="49.14699" lon="-117.913774">
      </trkpt>
      <trkpt lat="49.14698366" lon="-117.913771">
      </trkpt>
      <trkpt lat="49.14697774" lon="-117.91376871">
      </trkpt>
      <trkpt lat="49.14696991" lon="-117.9137649">
      </trkpt>
      <trkpt lat="49.14696664" lon="-117.91376263">
      </trkpt>
      <trkpt lat="49.14696291" lon="-117.91376108">
      </trkpt>
      <trkpt lat="49.14695963" lon="-117.91375953">
      </trkpt>
      <trkpt lat="49.1469568" lon="-117.91375798">
      </trkpt>
      <trkpt lat="49.1469516" lon="-117.91375562">
      </trkpt>
      <trkpt lat="49.1469478" lon="-117.91375404">
      </trkpt>
      <trkpt lat="49.14694446" lon="-117.91375319">
      </trkpt>
      <trkpt lat="49.14693872" lon="-117.91375226">
      </trkpt>
      <trkpt lat="49.1469329" lon="-117.91375059">
      </trkpt>
      <trkpt lat="49.14692261" lon="-117.91374723">
      </trkpt>
      <trkpt lat="49.14691616" lon="-117.91374324">
      </trkpt>
      <trkpt lat="49.14690815" lon="-117.91373914">
      </trkpt>
      <trkpt lat="49.1469031" lon="-117.9137359">
      </trkpt>
      <trkpt lat="49.14689446" lon="-117.91372944">
      </trkpt>
      <trkpt lat="49.14688934" lon="-117.91372615">
      </trkpt>
      <trkpt lat="49.14688522" lon="-117.91372366">
      </trkpt>
      <trkpt lat="49.14687794" lon="-117.91372021">
      </trkpt>
      <trkpt lat="49.146869" lon="-117.9137174">
      </trkpt>
      <trkpt lat="49.14685995" lon="-117.9137138">
      </trkpt>
      <trkpt lat="49.1468448" lon="-117.91370899">
      </trkpt>
      <trkpt lat="49.14684207" lon="-117.91370726">
      </trkpt>
      <trkpt lat="49.14683822" lon="-117.91370622">
      </trkpt>
      <trkpt lat="49.14683209" lon="-117.91370505">
      </trkpt>
      <trkpt lat="49.14682872" lon="-117.91370482">
      </trkpt>
      <trkpt lat="49.14682536" lon="-117.91370381">
      </trkpt>
      <trkpt lat="49.14682086" lon="-117.91370356">
      </trkpt>
      <trkpt lat="49.14681752" lon="-117.9137026">
      </trkpt>
      <trkpt lat="49.14681417" lon="-117.91370164">
      </trkpt>
      <trkpt lat="49.1468097" lon="-117.91369983">
      </trkpt>
      <trkpt lat="49.14680521" lon="-117.91369801">
      </trkpt>
      <trkpt lat="49.14680011" lon="-117.91369694">
      </trkpt>
      <trkpt lat="49.14679213" lon="-117.91369493">
      </trkpt>
      <trkpt lat="49.14678584" lon="-117.91369298">
      </trkpt>
      <trkpt lat="49.14677891" lon="-117.91369099">
      </trkpt>
      <trkpt lat="49.14677426" lon="-117.91368993">
      </trkpt>
      <trkpt lat="49.14676954" lon="-117.91368967">
      </trkpt>
      <trkpt lat="49.14676256" lon="-117.91368685">
      </trkpt>
      <trkpt lat="49.14675843" lon="-117.9136858">
      </trkpt>
      <trkpt lat="49.14675072" lon="-117.91368373">
      </trkpt>
      <trkpt lat="49.14674362" lon="-117.91368088">
      </trkpt>
      <trkpt lat="49.14673292" lon="-117.91367616">
      </trkpt>
      <trkpt lat="49.14673175" lon="-117.91367527">
      </trkpt>
      <trkpt lat="49.14672503" lon="-117.91367402">
      </trkpt>
      <trkpt lat="49.14672075" lon="-117.91367293">
      </trkpt>
      <trkpt lat="49.1467159" lon="-117.91367098">
      </trkpt>
      <trkpt lat="49.14670972" lon="-117.91366976">
      </trkpt>
      <trkpt lat="49.14670656" lon="-117.91366955">
      </trkpt>
      <trkpt lat="49.14670221" lon="-117.91366845">
      </trkpt>
      <trkpt lat="49.14669714" lon="-117.91366811">
      </trkpt>
      <trkpt lat="49.1466965" lon="-117.91366807">
      </trkpt>
      <trkpt lat="49.14669011" lon="-117.91366764">
      </trkpt>
      <trkpt lat="49.14668625" lon="-117.91366739">
      </trkpt>
      <trkpt lat="49.14668109" lon="-117.91366705">
      </trkpt>
      <trkpt lat="49.14665768" lon="-117.91365709">
      </trkpt>
      <trkpt lat="49.14665627" lon="-117.91365699">
      </trkpt>
      <trkpt lat="49.14665193" lon="-117.91365586">
      </trkpt>
      <trkpt lat="49.14664742" lon="-117.91365564">
      </trkpt>
      <trkpt lat="49.1466434" lon="-117.91365545">
      </trkpt>
      <trkpt lat="49.14663684" lon="-117.91365515">
      </trkpt>
      <trkpt lat="49.14662923" lon="-117.91365478">
      </trkpt>
      <trkpt lat="49.14662046" lon="-117.91365351">
      </trkpt>
      <trkpt lat="49.14661091" lon="-117.91365051">
      </trkpt>
      <trkpt lat="49.14660554" lon="-117.91364854">
      </trkpt>
      <trkpt lat="49.14659612" lon="-117.91364296">
      </trkpt>
      <trkpt lat="49.14659291" lon="-117.91364195">
      </trkpt>
      <trkpt lat="49.14659063" lon="-117.91364013">
      </trkpt>
      <trkpt lat="49.14658844" lon="-117.91363916">
      </trkpt>
      <trkpt lat="49.14658564" lon="-117.91363732">
      </trkpt>
      <trkpt lat="49.14657826" lon="-117.91363181">
      </trkpt>
      <trkpt lat="49.14656751" lon="-117.91362442">
      </trkpt>
      <trkpt lat="49.14656637" lon="-117.91362351">
      </trkpt>
      <trkpt lat="49.14656178" lon="-117.91361986">
      </trkpt>
      <trkpt lat="49.14655675" lon="-117.91361703">
      </trkpt>
      <trkpt lat="49.14655402" lon="-117.91361601">
      </trkpt>
      <trkpt lat="49.14654474" lon="-117.91361291">
      </trkpt>
      <trkpt lat="49.14653862" lon="-117.91360999">
      </trkpt>
      <trkpt lat="49.14653542" lon="-117.91360979">
      </trkpt>
      <trkpt lat="49.1465306" lon="-117.9136095">
      </trkpt>
      <trkpt lat="49.14652845" lon="-117.91360937">
      </trkpt>
      <trkpt lat="49.14652577" lon="-117.9136092">
      </trkpt>
      <trkpt lat="49.14652046" lon="-117.91360974">
      </trkpt>
      <trkpt lat="49.14651667" lon="-117.91360951">
      </trkpt>
      <trkpt lat="49.14651259" lon="-117.91361183">
      </trkpt>
      <trkpt lat="49.14650965" lon="-117.9136151">
      </trkpt>
      <trkpt lat="49.14650826" lon="-117.91361761">
      </trkpt>
      <trkpt lat="49.14650554" lon="-117.91362351">
      </trkpt>
      <trkpt lat="49.14650281" lon="-117.91362946">
      </trkpt>
      <trkpt lat="49.1465014" lon="-117.91363201">
      </trkpt>
      <trkpt lat="49.14650093" lon="-117.91363285">
      </trkpt>
      <trkpt lat="49.14650086" lon="-117.91363811">
      </trkpt>
      <trkpt lat="49.14650126" lon="-117.91364253">
      </trkpt>
      <trkpt lat="49.14650221" lon="-117.91364698">
      </trkpt>
      <trkpt lat="49.14650372" lon="-117.91365149">
      </trkpt>
      <trkpt lat="49.14650596" lon="-117.9136578">
      </trkpt>
      <trkpt lat="49.14650718" lon="-117.91366498">
      </trkpt>
      <trkpt lat="49.14650992" lon="-117.91367674">
      </trkpt>
      <trkpt lat="49.14651238" lon="-117.91369129">
      </trkpt>
      <trkpt lat="49.1465149" lon="-117.91370047">
      </trkpt>
      <trkpt lat="49.14651787" lon="-117.91371432">
      </trkpt>
      <trkpt lat="49.14651877" lon="-117.91372356">
      </trkpt>
      <trkpt lat="49.14651959" lon="-117.91373371">
      </trkpt>
      <trkpt lat="49.14652035" lon="-117.91375147">
      </trkpt>
      <trkpt lat="49.14651909" lon="-117.91376664">
      </trkpt>
      <trkpt lat="49.14651883" lon="-117.91377723">
      </trkpt>
      <trkpt lat="49.14651921" lon="-117.91379282">
      </trkpt>
      <trkpt lat="49.14651994" lon="-117.9138027">
      </trkpt>
      <trkpt lat="49.14652041" lon="-117.91381065">
      </trkpt>
      <trkpt lat="49.14652037" lon="-117.91381465">
      </trkpt>
      <trkpt lat="49.14652081" lon="-117.91382676">
      </trkpt>
      <trkpt lat="49.14652103" lon="-117.91383285">
      </trkpt>
      <trkpt lat="49.14652042" lon="-117.91383697">
      </trkpt>
      <trkpt lat="49.1465161" lon="-117.91385259">
      </trkpt>
      <trkpt lat="49.14651259" lon="-117.91386416">
      </trkpt>
      <trkpt lat="49.14651161" lon="-117.91387361">
      </trkpt>
      <trkpt lat="49.14651282" lon="-117.91388831">
      </trkpt>
      <trkpt lat="49.14651439" lon="-117.91390739">
      </trkpt>
      <trkpt lat="49.14651554" lon="-117.91392128">
      </trkpt>
      <trkpt lat="49.14651615" lon="-117.91392881">
      </trkpt>
      <trkpt lat="49.14651686" lon="-117.91393745">
      </trkpt>
      <trkpt lat="49.14651839" lon="-117.91395596">
      </trkpt>
      <trkpt lat="49.14651856" lon="-117.91395815">
      </trkpt>
      <trkpt lat="49.14651955" lon="-117.91397024">
      </trkpt>
      <trkpt lat="49.14652001" lon="-117.91397575">
      </trkpt>
      <trkpt lat="49.14651987" lon="-117.91398135">
      </trkpt>
      <trkpt lat="49.1465206" lon="-117.91399025">
      </trkpt>
      <trkpt lat="49.14652115" lon="-117.91399694">
      </trkpt>
      <trkpt lat="49.14652142" lon="-117.9140003">
      </trkpt>
      <trkpt lat="49.14652119" lon="-117.91400486">
      </trkpt>
      <trkpt lat="49.14652002" lon="-117.91401294">
      </trkpt>
      <trkpt lat="49.14651979" lon="-117.91401754">
      </trkpt>
      <trkpt lat="49.14651946" lon="-117.914021">
      </trkpt>
      <trkpt lat="49.1465187" lon="-117.91402682">
      </trkpt>
      <trkpt lat="49.14651298" lon="-117.91403211">
      </trkpt>
      <trkpt lat="49.14650623" lon="-117.91404106">
      </trkpt>
      <trkpt lat="49.14649869" lon="-117.91404902">
      </trkpt>
      <trkpt lat="49.14649537" lon="-117.91405533">
      </trkpt>
      <trkpt lat="49.14649204" lon="-117.91406169">
      </trkpt>
      <trkpt lat="49.14648923" lon="-117.91406681">
      </trkpt>
      <trkpt lat="49.14648721" lon="-117.91407426">
      </trkpt>
      <trkpt lat="49.14648462" lon="-117.91408303">
      </trkpt>
      <trkpt lat="49.14648" lon="-117.91409096">
      </trkpt>
      <trkpt lat="49.1464776" lon="-117.91409374">
      </trkpt>
      <trkpt lat="49.14647105" lon="-117.91410326">
      </trkpt>
      <trkpt lat="49.14646377" lon="-117.91411299">
      </trkpt>
      <trkpt lat="49.14646031" lon="-117.91412098">
      </trkpt>
      <trkpt lat="49.14645797" lon="-117.91412635">
      </trkpt>
      <trkpt lat="49.14645614" lon="-117.91412914">
      </trkpt>
      <trkpt lat="49.14645312" lon="-117.91413466">
      </trkpt>
      <trkpt lat="49.14645135" lon="-117.91413873">
      </trkpt>
      <trkpt lat="49.14644871" lon="-117.91414605">
      </trkpt>
      <trkpt lat="49.14644371" lon="-117.91415569">
      </trkpt>
      <trkpt lat="49.14643554" lon="-117.9141688">
      </trkpt>
      <trkpt lat="49.14643288" lon="-117.91417293">
      </trkpt>
      <trkpt lat="49.14642955" lon="-117.91417841">
      </trkpt>
      <trkpt lat="49.14642623" lon="-117.91418514">
      </trkpt>
      <trkpt lat="49.14642083" lon="-117.9141935">
      </trkpt>
      <trkpt lat="49.14641667" lon="-117.91419674">
      </trkpt>
      <trkpt lat="49.1464118" lon="-117.91420012">
      </trkpt>
      <trkpt lat="49.14640639" lon="-117.91420407">
      </trkpt>
      <trkpt lat="49.14640508" lon="-117.91420577">
      </trkpt>
      <trkpt lat="49.1463988" lon="-117.9142085">
      </trkpt>
      <trkpt lat="49.14639319" lon="-117.91421109">
      </trkpt>
      <trkpt lat="49.14637824" lon="-117.9142171">
      </trkpt>
      <trkpt lat="49.14637468" lon="-117.91421929">
      </trkpt>
      <trkpt lat="49.14636817" lon="-117.91422212">
      </trkpt>
      <trkpt lat="49.14635881" lon="-117.91422851">
      </trkpt>
      <trkpt lat="49.14635374" lon="-117.91423255">
      </trkpt>
      <trkpt lat="49.14634925" lon="-117.91423351">
      </trkpt>
      <trkpt lat="49.14634013" lon="-117.91423397">
      </trkpt>
      <trkpt lat="49.14633482" lon="-117.91423511">
      </trkpt>
      <trkpt lat="49.14632718" lon="-117.91423673">
      </trkpt>
      <trkpt lat="49.14631955" lon="-117.91423987">
      </trkpt>
      <trkpt lat="49.14631185" lon="-117.91424303">
      </trkpt>
      <trkpt lat="49.14630178" lon="-117.91424823">
      </trkpt>
      <trkpt lat="49.14629082" lon="-117.9142552">
      </trkpt>
      <trkpt lat="49.14627965" lon="-117.91425919">
      </trkpt>
      <trkpt lat="49.14627159" lon="-117.91426251">
      </trkpt>
      <trkpt lat="49.14626181" lon="-117.91426466">
      </trkpt>
      <trkpt lat="49.14624945" lon="-117.91426738">
      </trkpt>
      <trkpt lat="49.14623777" lon="-117.91427001">
      </trkpt>
      <trkpt lat="49.14623022" lon="-117.91427209">
      </trkpt>
      <trkpt lat="49.14622429" lon="-117.91427074">
      </trkpt>
      <trkpt lat="49.14621663" lon="-117.91427282">
      </trkpt>
      <trkpt lat="49.1462037" lon="-117.91427633">
      </trkpt>
      <trkpt lat="49.14619146" lon="-117.91427965">
      </trkpt>
      <trkpt lat="49.1461835" lon="-117.91428181">
      </trkpt>
      <trkpt lat="49.14618084" lon="-117.91428254">
      </trkpt>
      <trkpt lat="49.14617459" lon="-117.91428424">
      </trkpt>
      <trkpt lat="49.14616829" lon="-117.91428596">
      </trkpt>
      <trkpt lat="49.14616193" lon="-117.91428922">
      </trkpt>
      <trkpt lat="49.14615638" lon="-117.91429535">
      </trkpt>
      <trkpt lat="49.14614805" lon="-117.91430073">
      </trkpt>
      <trkpt lat="49.14614054" lon="-117.91430749">
      </trkpt>
      <trkpt lat="49.14613677" lon="-117.91431007">
      </trkpt>
      <trkpt lat="49.14613299" lon="-117.91431401">
      </trkpt>
      <trkpt lat="49.14612635" lon="-117.91432013">
      </trkpt>
      <trkpt lat="49.14611967" lon="-117.91432632">
      </trkpt>
      <trkpt lat="49.14610323" lon="-117.91433959">
      </trkpt>
      <trkpt lat="49.14609825" lon="-117.9143429">
      </trkpt>
      <trkpt lat="49.14609423" lon="-117.91434592">
      </trkpt>
      <trkpt lat="49.14609224" lon="-117.91434654">
      </trkpt>
      <trkpt lat="49.14608301" lon="-117.91435473">
      </trkpt>
      <trkpt lat="49.146079" lon="-117.91435603">
      </trkpt>
      <trkpt lat="49.14607069" lon="-117.91436223">
      </trkpt>
      <trkpt lat="49.14606539" lon="-117.91436751">
      </trkpt>
      <trkpt lat="49.14606025" lon="-117.91436918">
      </trkpt>
      <trkpt lat="49.1460531" lon="-117.9143697">
      </trkpt>
      <trkpt lat="49.14604694" lon="-117.91436988">
      </trkpt>
      <trkpt lat="49.14604088" lon="-117.91436822">
      </trkpt>
      <trkpt lat="49.1460369" lon="-117.91436588">
      </trkpt>
      <trkpt lat="49.14602867" lon="-117.91436488">
      </trkpt>
      <trkpt lat="49.14602105" lon="-117.9143691">
      </trkpt>
      <trkpt lat="49.14601526" lon="-117.91437641">
      </trkpt>
      <trkpt lat="49.14601269" lon="-117.91438274">
      </trkpt>
      <trkpt lat="49.14600843" lon="-117.91439706">
      </trkpt>
      <trkpt lat="49.14600757" lon="-117.91440854">
      </trkpt>
      <trkpt lat="49.14600685" lon="-117.91441818">
      </trkpt>
      <trkpt lat="49.14600235" lon="-117.91443489">
      </trkpt>
      <trkpt lat="49.14600175" lon="-117.91444276">
      </trkpt>
      <trkpt lat="49.1459989" lon="-117.91445145">
      </trkpt>
      <trkpt lat="49.14599246" lon="-117.91446348">
      </trkpt>
      <trkpt lat="49.14598922" lon="-117.9144764">
      </trkpt>
      <trkpt lat="49.14598858" lon="-117.91448454">
      </trkpt>
      <trkpt lat="49.14597084" lon="-117.91451935">
      </trkpt>
      <trkpt lat="49.14596907" lon="-117.91453228">
      </trkpt>
      <trkpt lat="49.1459685" lon="-117.91454442">
      </trkpt>
      <trkpt lat="49.14596747" lon="-117.91455618">
      </trkpt>
      <trkpt lat="49.14596625" lon="-117.91456619">
      </trkpt>
      <trkpt lat="49.14596556" lon="-117.91457411">
      </trkpt>
      <trkpt lat="49.14596347" lon="-117.91458443">
      </trkpt>
      <trkpt lat="49.14596177" lon="-117.91459849">
      </trkpt>
      <trkpt lat="49.1459589" lon="-117.91461699">
      </trkpt>
      <trkpt lat="49.14595715" lon="-117.91462351">
      </trkpt>
      <trkpt lat="49.14595521" lon="-117.91463599">
      </trkpt>
      <trkpt lat="49.14595344" lon="-117.91464258">
      </trkpt>
      <trkpt lat="49.14595267" lon="-117.91465075">
      </trkpt>
      <trkpt lat="49.14595287" lon="-117.91465263">
      </trkpt>
      <trkpt lat="49.1459499" lon="-117.91466375">
      </trkpt>
      <trkpt lat="49.1459469" lon="-117.91467494">
      </trkpt>
      <trkpt lat="49.1459457" lon="-117.91467944">
      </trkpt>
      <trkpt lat="49.14594246" lon="-117.91468881">
      </trkpt>
      <trkpt lat="49.14594044" lon="-117.91469369">
      </trkpt>
      <trkpt lat="49.14593574" lon="-117.9147058">
      </trkpt>
      <trkpt lat="49.1459339" lon="-117.91471268">
      </trkpt>
      <trkpt lat="49.14593306" lon="-117.91472118">
      </trkpt>
      <trkpt lat="49.14593161" lon="-117.91473203">
      </trkpt>
      <trkpt lat="49.14592889" lon="-117.91474762">
      </trkpt>
      <trkpt lat="49.14592575" lon="-117.91475938">
      </trkpt>
      <trkpt lat="49.14591966" lon="-117.9147684">
      </trkpt>
      <trkpt lat="49.1459169" lon="-117.91477594">
      </trkpt>
      <trkpt lat="49.14591118" lon="-117.9147807">
      </trkpt>
      <trkpt lat="49.14590563" lon="-117.9147875">
      </trkpt>
      <trkpt lat="49.14589963" lon="-117.9147903">
      </trkpt>
      <trkpt lat="49.14589427" lon="-117.91479069">
      </trkpt>
      <trkpt lat="49.14589082" lon="-117.9147923">
      </trkpt>
      <trkpt lat="49.14588262" lon="-117.91479189">
      </trkpt>
      <trkpt lat="49.14587786" lon="-117.91478985">
      </trkpt>
      <trkpt lat="49.14587261" lon="-117.91479228">
      </trkpt>
      <trkpt lat="49.14586996" lon="-117.9147935">
      </trkpt>
      <trkpt lat="49.14586252" lon="-117.91479268">
      </trkpt>
      <trkpt lat="49.14585593" lon="-117.91479144">
      </trkpt>
      <trkpt lat="49.14584911" lon="-117.91478814">
      </trkpt>
      <trkpt lat="49.14584029" lon="-117.91478359">
      </trkpt>
      <trkpt lat="49.14583811" lon="-117.91478027">
      </trkpt>
      <trkpt lat="49.14582924" lon="-117.91477569">
      </trkpt>
      <trkpt lat="49.14582815" lon="-117.91477403">
      </trkpt>
      <trkpt lat="49.14582014" lon="-117.91476902">
      </trkpt>
      <trkpt lat="49.14581796" lon="-117.9147657">
      </trkpt>
      <trkpt lat="49.14580514" lon="-117.91476059">
      </trkpt>
      <trkpt lat="49.14579906" lon="-117.91475678">
      </trkpt>
      <trkpt lat="49.14579323" lon="-117.91475522">
      </trkpt>
      <trkpt lat="49.14578871" lon="-117.91475217">
      </trkpt>
      <trkpt lat="49.14578692" lon="-117.91475135">
      </trkpt>
      <trkpt lat="49.14578071" lon="-117.9147495">
      </trkpt>
      <trkpt lat="49.14577794" lon="-117.91474724">
      </trkpt>
      <trkpt lat="49.14577334" lon="-117.91474414">
      </trkpt>
      <trkpt lat="49.14577152" lon="-117.9147433">
      </trkpt>
      <trkpt lat="49.14576696" lon="-117.91474029">
      </trkpt>
      <trkpt lat="49.14576" lon="-117.91473765">
      </trkpt>
      <trkpt lat="49.14575291" lon="-117.91473304">
      </trkpt>
      <trkpt lat="49.14574575" lon="-117.91472839">
      </trkpt>
      <trkpt lat="49.14574212" lon="-117.91472507">
      </trkpt>
      <trkpt lat="49.14573946" lon="-117.91472501">
      </trkpt>
      <trkpt lat="49.14573393" lon="-117.91471903">
      </trkpt>
      <trkpt lat="49.1457303" lon="-117.91471762">
      </trkpt>
      <trkpt lat="49.14572659" lon="-117.91471425">
      </trkpt>
      <trkpt lat="49.14572097" lon="-117.91470817">
      </trkpt>
      <trkpt lat="49.14571627" lon="-117.91470341">
      </trkpt>
      <trkpt lat="49.14570768" lon="-117.91469318">
      </trkpt>
      <trkpt lat="49.14570382" lon="-117.91468772">
      </trkpt>
      <trkpt lat="49.14569804" lon="-117.91468148">
      </trkpt>
      <trkpt lat="49.14569406" lon="-117.91467396">
      </trkpt>
      <trkpt lat="49.1456921" lon="-117.91467119">
      </trkpt>
      <trkpt lat="49.14568618" lon="-117.91466284">
      </trkpt>
      <trkpt lat="49.14568012" lon="-117.91465042">
      </trkpt>
      <trkpt lat="49.14567707" lon="-117.91464418">
      </trkpt>
      <trkpt lat="49.14567406" lon="-117.91463994">
      </trkpt>
      <trkpt lat="49.14566999" lon="-117.91463224">
      </trkpt>
      <trkpt lat="49.14566381" lon="-117.91461962">
      </trkpt>
      <trkpt lat="49.14565567" lon="-117.91460807">
      </trkpt>
      <trkpt lat="49.14565157" lon="-117.91460226">
      </trkpt>
      <trkpt lat="49.14564848" lon="-117.91459787">
      </trkpt>
      <trkpt lat="49.14563832" lon="-117.91459135">
      </trkpt>
      <trkpt lat="49.14563314" lon="-117.91458601">
      </trkpt>
      <trkpt lat="49.14562688" lon="-117.91457914">
      </trkpt>
      <trkpt lat="49.14562047" lon="-117.91457203">
      </trkpt>
      <trkpt lat="49.1456171" lon="-117.91456715">
      </trkpt>
      <trkpt lat="49.14561377" lon="-117.91456432">
      </trkpt>
      <trkpt lat="49.14560808" lon="-117.91455608">
      </trkpt>
      <trkpt lat="49.14560002" lon="-117.91455223">
      </trkpt>
      <trkpt lat="49.14559181" lon="-117.91454615">
      </trkpt>
      <trkpt lat="49.14558723" lon="-117.9145455">
      </trkpt>
      <trkpt lat="49.14558142" lon="-117.91454303">
      </trkpt>
      <trkpt lat="49.14557629" lon="-117.91453522">
      </trkpt>
      <trkpt lat="49.14556797" lon="-117.91453104">
      </trkpt>
      <trkpt lat="49.14555445" lon="-117.91451898">
      </trkpt>
      <trkpt lat="49.14554086" lon="-117.91450687">
      </trkpt>
      <trkpt lat="49.14552633" lon="-117.91449984">
      </trkpt>
      <trkpt lat="49.14552373" lon="-117.9144959">
      </trkpt>
      <trkpt lat="49.14551167" lon="-117.91449275">
      </trkpt>
      <trkpt lat="49.14550919" lon="-117.91449117">
      </trkpt>
      <trkpt lat="49.14550449" lon="-117.91449276">
      </trkpt>
      <trkpt lat="49.14549854" lon="-117.91449055">
      </trkpt>
      <trkpt lat="49.14549033" lon="-117.91448964">
      </trkpt>
      <trkpt lat="49.14548324" lon="-117.91448826">
      </trkpt>
      <trkpt lat="49.14547727" lon="-117.91448636">
      </trkpt>
      <trkpt lat="49.14546891" lon="-117.9144876">
      </trkpt>
      <trkpt lat="49.14546169" lon="-117.91448835">
      </trkpt>
      <trkpt lat="49.14545557" lon="-117.91448646">
      </trkpt>
      <trkpt lat="49.14545186" lon="-117.91448355">
      </trkpt>
      <trkpt lat="49.1454456" lon="-117.91447917">
      </trkpt>
      <trkpt lat="49.14544055" lon="-117.91447648">
      </trkpt>
      <trkpt lat="49.14543155" lon="-117.91446183">
      </trkpt>
      <trkpt lat="49.14542771" lon="-117.91445867">
      </trkpt>
      <trkpt lat="49.14542378" lon="-117.91444888">
      </trkpt>
      <trkpt lat="49.14542114" lon="-117.91444088">
      </trkpt>
      <trkpt lat="49.14541725" lon="-117.91443547">
      </trkpt>
      <trkpt lat="49.14540554" lon="-117.91442136">
      </trkpt>
      <trkpt lat="49.14539769" lon="-117.91441904">
      </trkpt>
      <trkpt lat="49.1453872" lon="-117.91442183">
      </trkpt>
      <trkpt lat="49.14537927" lon="-117.91442395">
      </trkpt>
      <trkpt lat="49.14536858" lon="-117.91442442">
      </trkpt>
      <trkpt lat="49.1453659" lon="-117.91442512">
      </trkpt>
      <trkpt lat="49.14535776" lon="-117.91442253">
      </trkpt>
      <trkpt lat="49.14535368" lon="-117.91442122">
      </trkpt>
      <trkpt lat="49.14534405" lon="-117.91441419">
      </trkpt>
      <trkpt lat="49.14533577" lon="-117.91440916">
      </trkpt>
      <trkpt lat="49.14533017" lon="-117.91440104">
      </trkpt>
      <trkpt lat="49.14532449" lon="-117.91438575">
      </trkpt>
      <trkpt lat="49.14531877" lon="-117.91436576">
      </trkpt>
      <trkpt lat="49.14531301" lon="-117.91434108">
      </trkpt>
      <trkpt lat="49.14531014" lon="-117.91432759">
      </trkpt>
      <trkpt lat="49.14530728" lon="-117.91431649">
      </trkpt>
      <trkpt lat="49.1453058" lon="-117.91430508">
      </trkpt>
      <trkpt lat="49.14530157" lon="-117.91429429">
      </trkpt>
      <trkpt lat="49.14529732" lon="-117.91427884">
      </trkpt>
      <trkpt lat="49.14529028" lon="-117.91426163">
      </trkpt>
      <trkpt lat="49.14528744" lon="-117.91425057">
      </trkpt>
      <trkpt lat="49.14528462" lon="-117.91424185">
      </trkpt>
      <trkpt lat="49.1452804" lon="-117.91423336">
      </trkpt>
      <trkpt lat="49.145279" lon="-117.9142313">
      </trkpt>
      <trkpt lat="49.14526495" lon="-117.91421759">
      </trkpt>
      <trkpt lat="49.14525507" lon="-117.91420823">
      </trkpt>
      <trkpt lat="49.14524654" lon="-117.91420315">
      </trkpt>
      <trkpt lat="49.14523653" lon="-117.91419379">
      </trkpt>
      <trkpt lat="49.14522788" lon="-117.91418409">
      </trkpt>
      <trkpt lat="49.14522064" lon="-117.91417634">
      </trkpt>
      <trkpt lat="49.14521482" lon="-117.91416604">
      </trkpt>
      <trkpt lat="49.14520751" lon="-117.91416049">
      </trkpt>
      <trkpt lat="49.14519722" lon="-117.91414401">
      </trkpt>
      <trkpt lat="49.14519133" lon="-117.91413128">
      </trkpt>
      <trkpt lat="49.14518838" lon="-117.9141249">
      </trkpt>
      <trkpt lat="49.14518243" lon="-117.91411667">
      </trkpt>
      <trkpt lat="49.14517946" lon="-117.91411027">
      </trkpt>
      <trkpt lat="49.14517199" lon="-117.91409991">
      </trkpt>
      <trkpt lat="49.14517201" lon="-117.91409762">
      </trkpt>
      <trkpt lat="49.14516301" lon="-117.91408281">
      </trkpt>
      <trkpt lat="49.14514949" lon="-117.91405912">
      </trkpt>
      <trkpt lat="49.14513749" lon="-117.91403271">
      </trkpt>
      <trkpt lat="49.1451299" lon="-117.91401965">
      </trkpt>
      <trkpt lat="49.14512692" lon="-117.91401069">
      </trkpt>
      <trkpt lat="49.14511931" lon="-117.91399527">
      </trkpt>
      <trkpt lat="49.14510378" lon="-117.91396679">
      </trkpt>
      <trkpt lat="49.14510073" lon="-117.91395782">
      </trkpt>
      <trkpt lat="49.14508964" lon="-117.91394255">
      </trkpt>
      <trkpt lat="49.14508016" lon="-117.91392471">
      </trkpt>
      <trkpt lat="49.14507696" lon="-117.91392029">
      </trkpt>
      <trkpt lat="49.14507058" lon="-117.91390908">
      </trkpt>
      <trkpt lat="49.14506579" lon="-117.91390006">
      </trkpt>
      <trkpt lat="49.1450593" lon="-117.91389111">
      </trkpt>
      <trkpt lat="49.14505285" lon="-117.91387978">
      </trkpt>
      <trkpt lat="49.14503496" lon="-117.91384776">
      </trkpt>
      <trkpt lat="49.14502826" lon="-117.91384093">
      </trkpt>
      <trkpt lat="49.14502159" lon="-117.91383172">
      </trkpt>
      <trkpt lat="49.14501657" lon="-117.91382477">
      </trkpt>
      <trkpt lat="49.14500807" lon="-117.91381784">
      </trkpt>
      <trkpt lat="49.14500191" lon="-117.91380375">
      </trkpt>
      <trkpt lat="49.14499708" lon="-117.91379671">
      </trkpt>
      <trkpt lat="49.14498637" lon="-117.91377083">
      </trkpt>
      <trkpt lat="49.14498035" lon="-117.91375439">
      </trkpt>
      <trkpt lat="49.14497566" lon="-117.91374497">
      </trkpt>
      <trkpt lat="49.14496903" lon="-117.91373783">
      </trkpt>
      <trkpt lat="49.1449609" lon="-117.91372597">
      </trkpt>
      <trkpt lat="49.14494932" lon="-117.91371162">
      </trkpt>
      <trkpt lat="49.14494113" lon="-117.91369965">
      </trkpt>
      <trkpt lat="49.14492909" lon="-117.91368268">
      </trkpt>
      <trkpt lat="49.14492151" lon="-117.91367507">
      </trkpt>
      <trkpt lat="49.14491964" lon="-117.91367259">
      </trkpt>
      <trkpt lat="49.14491053" lon="-117.91365535">
      </trkpt>
      <trkpt lat="49.14490295" lon="-117.91364521">
      </trkpt>
      <trkpt lat="49.14489944" lon="-117.91363543">
      </trkpt>
      <trkpt lat="49.14489224" lon="-117.91361812">
      </trkpt>
      <trkpt lat="49.14488869" lon="-117.91360828">
      </trkpt>
      <trkpt lat="49.14487935" lon="-117.91359058">
      </trkpt>
      <trkpt lat="49.14487172" lon="-117.91357773">
      </trkpt>
      <trkpt lat="49.14486567" lon="-117.91357214">
      </trkpt>
      <trkpt lat="49.1448619" lon="-117.91356447">
      </trkpt>
      <trkpt lat="49.14485267" lon="-117.91354169">
      </trkpt>
      <trkpt lat="49.14485085" lon="-117.91353665">
      </trkpt>
      <trkpt lat="49.14484504" lon="-117.91352617">
      </trkpt>
      <trkpt lat="49.14483963" lon="-117.913511">
      </trkpt>
      <trkpt lat="49.14483028" lon="-117.91349531">
      </trkpt>
      <trkpt lat="49.14482862" lon="-117.91349034">
      </trkpt>
      <trkpt lat="49.14482283" lon="-117.91348224">
      </trkpt>
      <trkpt lat="49.14480752" lon="-117.91345819">
      </trkpt>
      <trkpt lat="49.14480417" lon="-117.91344813">
      </trkpt>
      <trkpt lat="49.14480081" lon="-117.91343808">
      </trkpt>
      <trkpt lat="49.14479998" lon="-117.91342626">
      </trkpt>
      <trkpt lat="49.14479211" lon="-117.9134152">
      </trkpt>
      <trkpt lat="49.14478361" lon="-117.9134086">
      </trkpt>
      <trkpt lat="49.1447701" lon="-117.91340314">
      </trkpt>
      <trkpt lat="49.14475834" lon="-117.91338902">
      </trkpt>
      <trkpt lat="49.14475055" lon="-117.913383">
      </trkpt>
      <trkpt lat="49.14474271" lon="-117.91337696">
      </trkpt>
      <trkpt lat="49.14473286" lon="-117.91336296">
      </trkpt>
      <trkpt lat="49.14472625" lon="-117.91335141">
      </trkpt>
      <trkpt lat="49.14472187" lon="-117.91334286">
      </trkpt>
      <trkpt lat="49.14472654" lon="-117.91330617">
      </trkpt>
      <trkpt lat="49.14472418" lon="-117.91329867">
      </trkpt>
      <trkpt lat="49.14472039" lon="-117.91328784">
      </trkpt>
      <trkpt lat="49.14471935" lon="-117.91328199">
      </trkpt>
      <trkpt lat="49.14471724" lon="-117.91327781">
      </trkpt>
      <trkpt lat="49.14471541" lon="-117.91326944">
      </trkpt>
      <trkpt lat="49.14471092" lon="-117.91325767">
      </trkpt>
      <trkpt lat="49.14470721" lon="-117.9132484">
      </trkpt>
      <trkpt lat="49.14470061" lon="-117.91323243">
      </trkpt>
      <trkpt lat="49.14469891" lon="-117.91322771">
      </trkpt>
      <trkpt lat="49.14469662" lon="-117.91322234">
      </trkpt>
      <trkpt lat="49.14469431" lon="-117.91321554">
      </trkpt>
      <trkpt lat="49.144692" lon="-117.91320726">
      </trkpt>
      <trkpt lat="49.1446885" lon="-117.91319902">
      </trkpt>
      <trkpt lat="49.144682" lon="-117.91318446">
      </trkpt>
      <trkpt lat="49.14468081" lon="-117.91318021">
      </trkpt>
      <trkpt lat="49.14467721" lon="-117.91317463">
      </trkpt>
      <trkpt lat="49.14467479" lon="-117.9131675">
      </trkpt>
      <trkpt lat="49.14467175" lon="-117.91316396">
      </trkpt>
      <trkpt lat="49.14466867" lon="-117.91315604">
      </trkpt>
      <trkpt lat="49.14466621" lon="-117.9131517">
      </trkpt>
      <trkpt lat="49.14466059" lon="-117.91314368">
      </trkpt>
      <trkpt lat="49.14465808" lon="-117.91313925">
      </trkpt>
      <trkpt lat="49.14465491" lon="-117.91313259">
      </trkpt>
      <trkpt lat="49.14465235" lon="-117.91312959">
      </trkpt>
      <trkpt lat="49.14465043" lon="-117.91312732">
      </trkpt>
      <trkpt lat="49.14464849" lon="-117.91312505">
      </trkpt>
      <trkpt lat="49.14464525" lon="-117.91312123">
      </trkpt>
      <trkpt lat="49.14464132" lon="-117.91311513">
      </trkpt>
      <trkpt lat="49.14463802" lon="-117.91311124">
      </trkpt>
      <trkpt lat="49.14463603" lon="-117.91310738">
      </trkpt>
      <trkpt lat="49.14463269" lon="-117.91310344">
      </trkpt>
      <trkpt lat="49.14462932" lon="-117.91309794">
      </trkpt>
      <trkpt lat="49.1446266" lon="-117.91309473">
      </trkpt>
      <trkpt lat="49.1446225" lon="-117.91308835">
      </trkpt>
      <trkpt lat="49.14461974" lon="-117.9130851">
      </trkpt>
      <trkpt lat="49.14461626" lon="-117.91308099">
      </trkpt>
      <trkpt lat="49.14461136" lon="-117.91307519">
      </trkpt>
      <trkpt lat="49.14460711" lon="-117.91306705">
      </trkpt>
      <trkpt lat="49.14460353" lon="-117.91305809">
      </trkpt>
      <trkpt lat="49.14460137" lon="-117.91305236">
      </trkpt>
      <trkpt lat="49.14459848" lon="-117.91303626">
      </trkpt>
      <trkpt lat="49.14459703" lon="-117.91302976">
      </trkpt>
      <trkpt lat="49.14459557" lon="-117.91302165">
      </trkpt>
      <trkpt lat="49.14459185" lon="-117.91301388">
      </trkpt>
      <trkpt lat="49.14458855" lon="-117.91300787">
      </trkpt>
      <trkpt lat="49.14458432" lon="-117.91300376">
      </trkpt>
      <trkpt lat="49.14458164" lon="-117.91299998">
      </trkpt>
      <trkpt lat="49.14457614" lon="-117.91299382">
      </trkpt>
      <trkpt lat="49.14456973" lon="-117.91298796">
      </trkpt>
      <trkpt lat="49.14456232" lon="-117.91298071">
      </trkpt>
      <trkpt lat="49.14455861" lon="-117.91297707">
      </trkpt>
      <trkpt lat="49.14455679" lon="-117.91297618">
      </trkpt>
      <trkpt lat="49.14454931" lon="-117.91296886">
      </trkpt>
      <trkpt lat="49.14454382" lon="-117.91296613">
      </trkpt>
      <trkpt lat="49.14453732" lon="-117.912962">
      </trkpt>
      <trkpt lat="49.14453088" lon="-117.91295974">
      </trkpt>
      <trkpt lat="49.1445235" lon="-117.91295794">
      </trkpt>
      <trkpt lat="49.14451697" lon="-117.91295565">
      </trkpt>
      <trkpt lat="49.1445132" lon="-117.91295378">
      </trkpt>
      <trkpt lat="49.14450559" lon="-117.91295004">
      </trkpt>
      <trkpt lat="49.14450094" lon="-117.91295055">
      </trkpt>
      <trkpt lat="49.14449324" lon="-117.91294676">
      </trkpt>
      <trkpt lat="49.14448633" lon="-117.91294054">
      </trkpt>
      <trkpt lat="49.1444776" lon="-117.91293385">
      </trkpt>
      <trkpt lat="49.14447373" lon="-117.91292871">
      </trkpt>
      <trkpt lat="49.14446897" lon="-117.91292764">
      </trkpt>
      <trkpt lat="49.14446309" lon="-117.91291985">
      </trkpt>
      <trkpt lat="49.14445718" lon="-117.912912">
      </trkpt>
      <trkpt lat="49.14445222" lon="-117.91290543">
      </trkpt>
      <trkpt lat="49.14444728" lon="-117.91290064">
      </trkpt>
      <trkpt lat="49.14444333" lon="-117.91289899">
      </trkpt>
      <trkpt lat="49.14443836" lon="-117.91289598">
      </trkpt>
      <trkpt lat="49.14442941" lon="-117.91289494">
      </trkpt>
      <trkpt lat="49.14442743" lon="-117.91289593">
      </trkpt>
      <trkpt lat="49.14441726" lon="-117.91288982">
      </trkpt>
      <trkpt lat="49.14441213" lon="-117.91288673">
      </trkpt>
      <trkpt lat="49.14440595" lon="-117.91288413">
      </trkpt>
      <trkpt lat="49.14439758" lon="-117.91287688">
      </trkpt>
      <trkpt lat="49.14439339" lon="-117.91287511">
      </trkpt>
      <trkpt lat="49.14439017" lon="-117.91286908">
      </trkpt>
      <trkpt lat="49.14438492" lon="-117.91286965">
      </trkpt>
      <trkpt lat="49.1443817" lon="-117.91286546">
      </trkpt>
      <trkpt lat="49.14437835" lon="-117.91286078">
      </trkpt>
      <trkpt lat="49.14437287" lon="-117.912857">
      </trkpt>
      <trkpt lat="49.14436736" lon="-117.91285319">
      </trkpt>
      <trkpt lat="49.14436069" lon="-117.91284778">
      </trkpt>
      <trkpt lat="49.14435407" lon="-117.91284641">
      </trkpt>
      <trkpt lat="49.14435189" lon="-117.9128473">
      </trkpt>
      <trkpt lat="49.1443453" lon="-117.91285">
      </trkpt>
      <trkpt lat="49.14433866" lon="-117.91285272">
      </trkpt>
      <trkpt lat="49.14432971" lon="-117.91285637">
      </trkpt>
      <trkpt lat="49.14432184" lon="-117.91286169">
      </trkpt>
      <trkpt lat="49.14431627" lon="-117.91287237">
      </trkpt>
      <trkpt lat="49.14431515" lon="-117.91287494">
      </trkpt>
      <trkpt lat="49.14430964" lon="-117.91289419">
      </trkpt>
      <trkpt lat="49.14430513" lon="-117.91290679">
      </trkpt>
      <trkpt lat="49.14429947" lon="-117.9129243">
      </trkpt>
      <trkpt lat="49.14429485" lon="-117.912935">
      </trkpt>
      <trkpt lat="49.14429145" lon="-117.91295178">
      </trkpt>
      <trkpt lat="49.14428911" lon="-117.91295724">
      </trkpt>
      <trkpt lat="49.14428676" lon="-117.91296662">
      </trkpt>
      <trkpt lat="49.14428323" lon="-117.91298274">
      </trkpt>
      <trkpt lat="49.14427966" lon="-117.91300467">
      </trkpt>
      <trkpt lat="49.14427723" lon="-117.91301738">
      </trkpt>
      <trkpt lat="49.144276" lon="-117.9130276">
      </trkpt>
      <trkpt lat="49.1442711" lon="-117.91304548">
      </trkpt>
      <trkpt lat="49.14426864" lon="-117.91305445">
      </trkpt>
      <trkpt lat="49.14426618" lon="-117.91306152">
      </trkpt>
      <trkpt lat="49.14426371" lon="-117.91307441">
      </trkpt>
      <trkpt lat="49.14426246" lon="-117.91308863">
      </trkpt>
      <trkpt lat="49.14426246" lon="-117.91310026">
      </trkpt>
      <trkpt lat="49.14426246" lon="-117.9131177">
      </trkpt>
      <trkpt lat="49.1442612" lon="-117.91314359">
      </trkpt>
      <trkpt lat="49.14425997" lon="-117.91316413">
      </trkpt>
      <trkpt lat="49.14425752" lon="-117.9131803">
      </trkpt>
      <trkpt lat="49.14425504" lon="-117.91319229">
      </trkpt>
      <trkpt lat="49.14424623" lon="-117.91320999">
      </trkpt>
      <trkpt lat="49.1442437" lon="-117.91321571">
      </trkpt>
      <trkpt lat="49.14423731" lon="-117.91321928">
      </trkpt>
      <trkpt lat="49.14422831" lon="-117.91322218">
      </trkpt>
      <trkpt lat="49.14421921" lon="-117.91322727">
      </trkpt>
      <trkpt lat="49.14421529" lon="-117.9132251">
      </trkpt>
      <trkpt lat="49.14421266" lon="-117.91322437">
      </trkpt>
      <trkpt lat="49.14420477" lon="-117.91321563">
      </trkpt>
      <trkpt lat="49.14419679" lon="-117.91320811">
      </trkpt>
      <trkpt lat="49.14419411" lon="-117.9132016">
      </trkpt>
      <trkpt lat="49.14419009" lon="-117.91319381">
      </trkpt>
      <trkpt lat="49.14418468" lon="-117.91318474">
      </trkpt>
      <trkpt lat="49.14418061" lon="-117.91317485">
      </trkpt>
      <trkpt lat="49.14417652" lon="-117.91316085">
      </trkpt>
      <trkpt lat="49.14417241" lon="-117.91314064">
      </trkpt>
      <trkpt lat="49.14416967" lon="-117.91312986">
      </trkpt>
      <trkpt lat="49.14416553" lon="-117.91311976">
      </trkpt>
      <trkpt lat="49.14416137" lon="-117.91310551">
      </trkpt>
      <trkpt lat="49.14415579" lon="-117.91309807">
      </trkpt>
      <trkpt lat="49.14415163" lon="-117.91308942">
      </trkpt>
      <trkpt lat="49.14414888" lon="-117.9130818">
      </trkpt>
      <trkpt lat="49.14414193" lon="-117.91307163">
      </trkpt>
      <trkpt lat="49.14413912" lon="-117.91306843">
      </trkpt>
      <trkpt lat="49.14413209" lon="-117.91306265">
      </trkpt>
      <trkpt lat="49.14411782" lon="-117.91306002">
      </trkpt>
      <trkpt lat="49.14410481" lon="-117.91305897">
      </trkpt>
      <trkpt lat="49.1440931" lon="-117.91305954">
      </trkpt>
      <trkpt lat="49.14408722" lon="-117.91305754">
      </trkpt>
      <trkpt lat="49.1440813" lon="-117.91305553">
      </trkpt>
      <trkpt lat="49.14407534" lon="-117.91305581">
      </trkpt>
      <trkpt lat="49.1440664" lon="-117.91305047">
      </trkpt>
      <trkpt lat="49.1440619" lon="-117.91304779">
      </trkpt>
      <trkpt lat="49.14405283" lon="-117.91304471">
      </trkpt>
      <trkpt lat="49.14404526" lon="-117.91303864">
      </trkpt>
      <trkpt lat="49.14403921" lon="-117.9130319">
      </trkpt>
      <trkpt lat="49.14403469" lon="-117.9130245">
      </trkpt>
      <trkpt lat="49.14402407" lon="-117.91300791">
      </trkpt>
      <trkpt lat="49.14401805" lon="-117.91299405">
      </trkpt>
      <trkpt lat="49.14400745" lon="-117.91297026">
      </trkpt>
      <trkpt lat="49.14400603" lon="-117.9129615">
      </trkpt>
      <trkpt lat="49.14399995" lon="-117.9129475">
      </trkpt>
      <trkpt lat="49.14399999" lon="-117.91294517">
      </trkpt>
      <trkpt lat="49.14399857" lon="-117.91293642">
      </trkpt>
      <trkpt lat="49.14399554" lon="-117.91292822">
      </trkpt>
      <trkpt lat="49.14397818" lon="-117.91291335">
      </trkpt>
      <trkpt lat="49.14395749" lon="-117.91288993">
      </trkpt>
      <trkpt lat="49.14394462" lon="-117.91287536">
      </trkpt>
      <trkpt lat="49.14393818" lon="-117.91286565">
      </trkpt>
      <trkpt lat="49.1439284" lon="-117.91285457">
      </trkpt>
      <trkpt lat="49.14392676" lon="-117.9128527">
      </trkpt>
      <trkpt lat="49.14392196" lon="-117.91284238">
      </trkpt>
      <trkpt lat="49.1439158" lon="-117.91282727">
      </trkpt>
      <trkpt lat="49.14390921" lon="-117.91281747">
      </trkpt>
      <trkpt lat="49.14390221" lon="-117.91280611">
      </trkpt>
      <trkpt lat="49.14388923" lon="-117.91279966">
      </trkpt>
      <trkpt lat="49.14387604" lon="-117.91279313">
      </trkpt>
      <trkpt lat="49.14386462" lon="-117.9127857">
      </trkpt>
      <trkpt lat="49.14385898" lon="-117.91277826">
      </trkpt>
      <trkpt lat="49.14383972" lon="-117.91275893">
      </trkpt>
      <trkpt lat="49.14383007" lon="-117.91274537">
      </trkpt>
      <trkpt lat="49.14382023" lon="-117.91273416">
      </trkpt>
      <trkpt lat="49.14381239" lon="-117.91272212">
      </trkpt>
      <trkpt lat="49.14380216" lon="-117.91271572">
      </trkpt>
      <trkpt lat="49.14379828" lon="-117.91270708">
      </trkpt>
      <trkpt lat="49.14379016" lon="-117.9126973">
      </trkpt>
      <trkpt lat="49.14378633" lon="-117.91268607">
      </trkpt>
      <trkpt lat="49.14378249" lon="-117.91267479">
      </trkpt>
      <trkpt lat="49.14377246" lon="-117.9126553">
      </trkpt>
      <trkpt lat="49.14376706" lon="-117.9126414">
      </trkpt>
      <trkpt lat="49.1437612" lon="-117.91263275">
      </trkpt>
      <trkpt lat="49.14375804" lon="-117.91261812">
      </trkpt>
      <trkpt lat="49.1437508" lon="-117.91259941">
      </trkpt>
      <trkpt lat="49.14374076" lon="-117.91258651">
      </trkpt>
      <trkpt lat="49.14372715" lon="-117.9125688">
      </trkpt>
      <trkpt lat="49.14372144" lon="-117.91256208">
      </trkpt>
      <trkpt lat="49.14371572" lon="-117.91255533">
      </trkpt>
      <trkpt lat="49.1437059" lon="-117.91254668">
      </trkpt>
      <trkpt lat="49.143681" lon="-117.91250905">
      </trkpt>
      <trkpt lat="49.14367493" lon="-117.91250155">
      </trkpt>
      <trkpt lat="49.14366902" lon="-117.91249609">
      </trkpt>
      <trkpt lat="49.14366091" lon="-117.9124867">
      </trkpt>
      <trkpt lat="49.14365728" lon="-117.91248714">
      </trkpt>
      <trkpt lat="49.14364854" lon="-117.91248193">
      </trkpt>
      <trkpt lat="49.14364175" lon="-117.91247854">
      </trkpt>
      <trkpt lat="49.14363211" lon="-117.91247544">
      </trkpt>
      <trkpt lat="49.14362726" lon="-117.91247387">
      </trkpt>
      <trkpt lat="49.14361463" lon="-117.91247106">
      </trkpt>
      <trkpt lat="49.14360587" lon="-117.9124699">
      </trkpt>
      <trkpt lat="49.14360474" lon="-117.91246788">
      </trkpt>
      <trkpt lat="49.14360037" lon="-117.91246195">
      </trkpt>
      <trkpt lat="49.14359582" lon="-117.91245385">
      </trkpt>
      <trkpt lat="49.14359126" lon="-117.91244576">
      </trkpt>
      <trkpt lat="49.14358915" lon="-117.91244381">
      </trkpt>
      <trkpt lat="49.14358457" lon="-117.9124357">
      </trkpt>
      <trkpt lat="49.14357636" lon="-117.91241928">
      </trkpt>
      <trkpt lat="49.1435739" lon="-117.91241307">
      </trkpt>
      <trkpt lat="49.14356929" lon="-117.91240488">
      </trkpt>
      <trkpt lat="49.14355117" lon="-117.91235688">
      </trkpt>
      <trkpt lat="49.14354275" lon="-117.91232963">
      </trkpt>
      <trkpt lat="49.14353532" lon="-117.91231501">
      </trkpt>
      <trkpt lat="49.14352803" lon="-117.91230248">
      </trkpt>
      <trkpt lat="49.14351859" lon="-117.9122899">
      </trkpt>
      <trkpt lat="49.14351173" lon="-117.9122836">
      </trkpt>
      <trkpt lat="49.14350713" lon="-117.9122794">
      </trkpt>
      <trkpt lat="49.1434979" lon="-117.91227093">
      </trkpt>
      <trkpt lat="49.1434897" lon="-117.91226242">
      </trkpt>
      <trkpt lat="49.14348116" lon="-117.91224962">
      </trkpt>
      <trkpt lat="49.14347194" lon="-117.91224314">
      </trkpt>
      <trkpt lat="49.14346818" lon="-117.9122367">
      </trkpt>
      <trkpt lat="49.14345273" lon="-117.9122215">
      </trkpt>
      <trkpt lat="49.14344094" lon="-117.91221265">
      </trkpt>
      <trkpt lat="49.14343245" lon="-117.91220385">
      </trkpt>
      <trkpt lat="49.14342036" lon="-117.91219273">
      </trkpt>
      <trkpt lat="49.14341307" lon="-117.91218603">
      </trkpt>
      <trkpt lat="49.14340457" lon="-117.91217924">
      </trkpt>
      <trkpt lat="49.14340097" lon="-117.91217694">
      </trkpt>
      <trkpt lat="49.1433924" lon="-117.91217009">
      </trkpt>
      <trkpt lat="49.14338722" lon="-117.9121634">
      </trkpt>
      <trkpt lat="49.14337833" lon="-117.91215656">
      </trkpt>
      <trkpt lat="49.14337197" lon="-117.91215195">
      </trkpt>
      <trkpt lat="49.14336164" lon="-117.91214283">
      </trkpt>
      <trkpt lat="49.14335277" lon="-117.91213807">
      </trkpt>
      <trkpt lat="49.14333848" lon="-117.91212649">
      </trkpt>
      <trkpt lat="49.14333074" lon="-117.91212172">
      </trkpt>
      <trkpt lat="49.14332033" lon="-117.91211461">
      </trkpt>
      <trkpt lat="49.14331124" lon="-117.91210972">
      </trkpt>
      <trkpt lat="49.14330338" lon="-117.91210487">
      </trkpt>
      <trkpt lat="49.14329688" lon="-117.9121023">
      </trkpt>
      <trkpt lat="49.14329153" lon="-117.91209759">
      </trkpt>
      <trkpt lat="49.14328078" lon="-117.91208812">
      </trkpt>
      <trkpt lat="49.14327413" lon="-117.91208327">
      </trkpt>
      <trkpt lat="49.14326509" lon="-117.91207584">
      </trkpt>
      <trkpt lat="49.14325861" lon="-117.91207081">
      </trkpt>
      <trkpt lat="49.14325599" lon="-117.91206834">
      </trkpt>
      <trkpt lat="49.14324694" lon="-117.91206531">
      </trkpt>
      <trkpt lat="49.14324306" lon="-117.91206496">
      </trkpt>
      <trkpt lat="49.143234" lon="-117.91206642">
      </trkpt>
      <trkpt lat="49.14322634" lon="-117.91207483">
      </trkpt>
      <trkpt lat="49.14322258" lon="-117.91208362">
      </trkpt>
      <trkpt lat="49.14322026" lon="-117.9120994">
      </trkpt>
      <trkpt lat="49.14322041" lon="-117.91210626">
      </trkpt>
      <trkpt lat="49.14321923" lon="-117.91211304">
      </trkpt>
      <trkpt lat="49.14321429" lon="-117.91212645">
      </trkpt>
      <trkpt lat="49.14320809" lon="-117.91214213">
      </trkpt>
      <trkpt lat="49.14320326" lon="-117.91215333">
      </trkpt>
      <trkpt lat="49.14319553" lon="-117.91215982">
      </trkpt>
      <trkpt lat="49.14319186" lon="-117.91216892">
      </trkpt>
      <trkpt lat="49.14318546" lon="-117.91217795">
      </trkpt>
      <trkpt lat="49.14317765" lon="-117.91218699">
      </trkpt>
      <trkpt lat="49.1431737" lon="-117.91219155">
      </trkpt>
      <trkpt lat="49.14316715" lon="-117.91220077">
      </trkpt>
      <trkpt lat="49.14316185" lon="-117.91220774">
      </trkpt>
      <trkpt lat="49.14315247" lon="-117.91221944">
      </trkpt>
      <trkpt lat="49.14314981" lon="-117.91222419">
      </trkpt>
      <trkpt lat="49.14314147" lon="-117.91222883">
      </trkpt>
      <trkpt lat="49.14313578" lon="-117.9122287">
      </trkpt>
      <trkpt lat="49.14312394" lon="-117.91221626">
      </trkpt>
      <trkpt lat="49.14311795" lon="-117.91220879">
      </trkpt>
      <trkpt lat="49.14311174" lon="-117.91219397">
      </trkpt>
      <trkpt lat="49.14310856" lon="-117.91218412">
      </trkpt>
      <trkpt lat="49.14310552" lon="-117.91217912">
      </trkpt>
      <trkpt lat="49.14309929" lon="-117.91216425">
      </trkpt>
      <trkpt lat="49.1430961" lon="-117.91215438">
      </trkpt>
      <trkpt lat="49.14308832" lon="-117.91213448">
      </trkpt>
      <trkpt lat="49.1430823" lon="-117.91212429">
      </trkpt>
      <trkpt lat="49.14305165" lon="-117.91209783">
      </trkpt>
      <trkpt lat="49.14304555" lon="-117.91209738">
      </trkpt>
      <trkpt lat="49.14303949" lon="-117.91209684">
      </trkpt>
      <trkpt lat="49.14303034" lon="-117.91209601">
      </trkpt>
      <trkpt lat="49.14301956" lon="-117.91209504">
      </trkpt>
      <trkpt lat="49.14299287" lon="-117.91209264">
      </trkpt>
      <trkpt lat="49.14295565" lon="-117.91209441">
      </trkpt>
      <trkpt lat="49.14294905" lon="-117.91209641">
      </trkpt>
      <trkpt lat="49.14293567" lon="-117.91209525">
      </trkpt>
      <trkpt lat="49.14292214" lon="-117.9120993">
      </trkpt>
      <trkpt lat="49.14291359" lon="-117.9121012">
      </trkpt>
      <trkpt lat="49.14290668" lon="-117.91210332">
      </trkpt>
      <trkpt lat="49.14288745" lon="-117.91210721">
      </trkpt>
      <trkpt lat="49.14287503" lon="-117.91210902">
      </trkpt>
      <trkpt lat="49.14286966" lon="-117.91211401">
      </trkpt>
      <trkpt lat="49.14285885" lon="-117.91211875">
      </trkpt>
      <trkpt lat="49.14284614" lon="-117.91212073">
      </trkpt>
      <trkpt lat="49.14283332" lon="-117.91212006">
      </trkpt>
      <trkpt lat="49.14282227" lon="-117.91211677">
      </trkpt>
      <trkpt lat="49.14279061" lon="-117.91210414">
      </trkpt>
      <trkpt lat="49.14275266" lon="-117.9120882">
      </trkpt>
      <trkpt lat="49.1427431" lon="-117.9120821">
      </trkpt>
      <trkpt lat="49.14272958" lon="-117.91207571">
      </trkpt>
      <trkpt lat="49.14272188" lon="-117.91206969">
      </trkpt>
      <trkpt lat="49.14270442" lon="-117.91205744">
      </trkpt>
      <trkpt lat="49.14268315" lon="-117.9120423">
      </trkpt>
      <trkpt lat="49.14266761" lon="-117.91203024">
      </trkpt>
      <trkpt lat="49.1426538" lon="-117.91202377">
      </trkpt>
      <trkpt lat="49.14264381" lon="-117.91201738">
      </trkpt>
      <trkpt lat="49.14263772" lon="-117.91201405">
      </trkpt>
      <trkpt lat="49.14262956" lon="-117.91201053">
      </trkpt>
      <trkpt lat="49.14261918" lon="-117.91200964">
      </trkpt>
      <trkpt lat="49.14258975" lon="-117.9120071">
      </trkpt>
      <trkpt lat="49.14256417" lon="-117.91200201">
      </trkpt>
      <trkpt lat="49.14254465" lon="-117.91200032">
      </trkpt>
      <trkpt lat="49.14253161" lon="-117.91199627">
      </trkpt>
      <trkpt lat="49.14251403" lon="-117.9119918">
      </trkpt>
      <trkpt lat="49.14249641" lon="-117.91198436">
      </trkpt>
      <trkpt lat="49.14248542" lon="-117.91197748">
      </trkpt>
      <trkpt lat="49.14246997" lon="-117.91196719">
      </trkpt>
      <trkpt lat="49.14245302" lon="-117.91194813">
      </trkpt>
      <trkpt lat="49.14244452" lon="-117.91193856">
      </trkpt>
      <trkpt lat="49.1424383" lon="-117.91192921">
      </trkpt>
      <trkpt lat="49.14243" lon="-117.91191673">
      </trkpt>
      <trkpt lat="49.14241644" lon="-117.91188342">
      </trkpt>
      <trkpt lat="49.14241253" lon="-117.91187433">
      </trkpt>
      <trkpt lat="49.14239642" lon="-117.91184363">
      </trkpt>
      <trkpt lat="49.14237794" lon="-117.91181258">
      </trkpt>
      <trkpt lat="49.14236905" lon="-117.91180566">
      </trkpt>
      <trkpt lat="49.14236697" lon="-117.91180251">
      </trkpt>
      <trkpt lat="49.14235097" lon="-117.91179459">
      </trkpt>
      <trkpt lat="49.14233944" lon="-117.9117902">
      </trkpt>
      <trkpt lat="49.1423154" lon="-117.91178685">
      </trkpt>
      <trkpt lat="49.14229348" lon="-117.91178382">
      </trkpt>
      <trkpt lat="49.14227581" lon="-117.91178423">
      </trkpt>
      <trkpt lat="49.14226588" lon="-117.91178285">
      </trkpt>
      <trkpt lat="49.14224539" lon="-117.91178291">
      </trkpt>
      <trkpt lat="49.14224034" lon="-117.91178222">
      </trkpt>
      <trkpt lat="49.14222927" lon="-117.91178649">
      </trkpt>
      <trkpt lat="49.14221649" lon="-117.91178477">
      </trkpt>
      <trkpt lat="49.14219323" lon="-117.91177837">
      </trkpt>
      <trkpt lat="49.14217771" lon="-117.91177308">
      </trkpt>
      <trkpt lat="49.14215549" lon="-117.91175788">
      </trkpt>
      <trkpt lat="49.14214565" lon="-117.9117504">
      </trkpt>
      <trkpt lat="49.14213887" lon="-117.91174035">
      </trkpt>
      <trkpt lat="49.14212217" lon="-117.91172275">
      </trkpt>
      <trkpt lat="49.14211082" lon="-117.91170591">
      </trkpt>
      <trkpt lat="49.14210627" lon="-117.91169916">
      </trkpt>
      <trkpt lat="49.14208896" lon="-117.91166629">
      </trkpt>
      <trkpt lat="49.14208029" lon="-117.91164983">
      </trkpt>
      <trkpt lat="49.14207618" lon="-117.91164016">
      </trkpt>
      <trkpt lat="49.14206748" lon="-117.91161559">
      </trkpt>
      <trkpt lat="49.14206158" lon="-117.9115902">
      </trkpt>
      <trkpt lat="49.14205688" lon="-117.91157539">
      </trkpt>
      <trkpt lat="49.14205523" lon="-117.9115693">
      </trkpt>
      <trkpt lat="49.14204562" lon="-117.91154426">
      </trkpt>
      <trkpt lat="49.14203768" lon="-117.91152532">
      </trkpt>
      <trkpt lat="49.14203207" lon="-117.91150982">
      </trkpt>
      <trkpt lat="49.14202975" lon="-117.91150639">
      </trkpt>
      <trkpt lat="49.14202114" lon="-117.9114901">
      </trkpt>
      <trkpt lat="49.14201121" lon="-117.91147129">
      </trkpt>
      <trkpt lat="49.14200517" lon="-117.91145866">
      </trkpt>
      <trkpt lat="49.14198763" lon="-117.91142898">
      </trkpt>
      <trkpt lat="49.14197658" lon="-117.91141236">
      </trkpt>
      <trkpt lat="49.14196704" lon="-117.91140162">
      </trkpt>
      <trkpt lat="49.14195515" lon="-117.91137652">
      </trkpt>
      <trkpt lat="49.14195072" lon="-117.91136985">
      </trkpt>
      <trkpt lat="49.14194549" lon="-117.91135478">
      </trkpt>
      <trkpt lat="49.14193513" lon="-117.9113356">
      </trkpt>
      <trkpt lat="49.14193293" lon="-117.91133228">
      </trkpt>
      <trkpt lat="49.14192406" lon="-117.91131894">
      </trkpt>
      <trkpt lat="49.14191814" lon="-117.91130643">
      </trkpt>
      <trkpt lat="49.1419078" lon="-117.91129808">
      </trkpt>
      <trkpt lat="49.14189727" lon="-117.91127871">
      </trkpt>
      <trkpt lat="49.14189485" lon="-117.91127515">
      </trkpt>
      <trkpt lat="49.14188269" lon="-117.91125736">
      </trkpt>
      <trkpt lat="49.14187476" lon="-117.91123524">
      </trkpt>
      <trkpt lat="49.14186928" lon="-117.91121672">
      </trkpt>
      <trkpt lat="49.14186684" lon="-117.91121314">
      </trkpt>
      <trkpt lat="49.14185832" lon="-117.91119365">
      </trkpt>
      <trkpt lat="49.14185098" lon="-117.9111829">
      </trkpt>
      <trkpt lat="49.14185289" lon="-117.91116133">
      </trkpt>
      <trkpt lat="49.14185377" lon="-117.91113239">
      </trkpt>
      <trkpt lat="49.14185094" lon="-117.9111223">
      </trkpt>
      <trkpt lat="49.1418443" lon="-117.9111043">
      </trkpt>
      <trkpt lat="49.14183775" lon="-117.91108637">
      </trkpt>
      <trkpt lat="49.14183509" lon="-117.91107838">
      </trkpt>
      <trkpt lat="49.14182989" lon="-117.91106444">
      </trkpt>
      <trkpt lat="49.14182723" lon="-117.91105646">
      </trkpt>
      <trkpt lat="49.14181947" lon="-117.91103657">
      </trkpt>
      <trkpt lat="49.14180924" lon="-117.91101271">
      </trkpt>
      <trkpt lat="49.14180431" lon="-117.91100476">
      </trkpt>
      <trkpt lat="49.14179909" lon="-117.9109908">
      </trkpt>
      <trkpt lat="49.14179538" lon="-117.91098282">
      </trkpt>
      <trkpt lat="49.14179407" lon="-117.91097683">
      </trkpt>
      <trkpt lat="49.14178815" lon="-117.9109688">
      </trkpt>
      <trkpt lat="49.14178684" lon="-117.91096279">
      </trkpt>
      <trkpt lat="49.14178082" lon="-117.91095271">
      </trkpt>
      <trkpt lat="49.14177235" lon="-117.91093444">
      </trkpt>
      <trkpt lat="49.14177119" lon="-117.91092633">
      </trkpt>
      <trkpt lat="49.14177002" lon="-117.91091821">
      </trkpt>
      <trkpt lat="49.14176886" lon="-117.91090401">
      </trkpt>
      <trkpt lat="49.14176653" lon="-117.91087554">
      </trkpt>
      <trkpt lat="49.14176418" lon="-117.91086116">
      </trkpt>
      <trkpt lat="49.14176264" lon="-117.91083498">
      </trkpt>
      <trkpt lat="49.14176094" lon="-117.91081511">
      </trkpt>
      <trkpt lat="49.14175827" lon="-117.91080503">
      </trkpt>
      <trkpt lat="49.14175808" lon="-117.91079716">
      </trkpt>
      <trkpt lat="49.14175754" lon="-117.91077561">
      </trkpt>
      <trkpt lat="49.14175734" lon="-117.91076782">
      </trkpt>
      <trkpt lat="49.14175743" lon="-117.91075766">
      </trkpt>
      <trkpt lat="49.14175755" lon="-117.91074743">
      </trkpt>
      <trkpt lat="49.14175776" lon="-117.91073104">
      </trkpt>
      <trkpt lat="49.14175784" lon="-117.91072488">
      </trkpt>
      <trkpt lat="49.14175792" lon="-117.91071872">
      </trkpt>
      <trkpt lat="49.14175685" lon="-117.91070824">
      </trkpt>
      <trkpt lat="49.14175586" lon="-117.91069154">
      </trkpt>
      <trkpt lat="49.14175227" lon="-117.91067466">
      </trkpt>
      <trkpt lat="49.14174735" lon="-117.91066173">
      </trkpt>
      <trkpt lat="49.14174488" lon="-117.91065322">
      </trkpt>
      <trkpt lat="49.14173993" lon="-117.91063613">
      </trkpt>
      <trkpt lat="49.14173219" lon="-117.91059866">
      </trkpt>
      <trkpt lat="49.14173114" lon="-117.9105911">
      </trkpt>
      <trkpt lat="49.1417301" lon="-117.91058551">
      </trkpt>
      <trkpt lat="49.14172852" lon="-117.91057789">
      </trkpt>
      <trkpt lat="49.14172694" lon="-117.91057021">
      </trkpt>
      <trkpt lat="49.14172477" lon="-117.91056367">
      </trkpt>
      <trkpt lat="49.14172092" lon="-117.91055417">
      </trkpt>
      <trkpt lat="49.14171986" lon="-117.91054857">
      </trkpt>
      <trkpt lat="49.14171839" lon="-117.91054228">
      </trkpt>
      <trkpt lat="49.14171695" lon="-117.91053463">
      </trkpt>
      <trkpt lat="49.14171589" lon="-117.91053225">
      </trkpt>
      <trkpt lat="49.14171539" lon="-117.91053009">
      </trkpt>
      <trkpt lat="49.14171437" lon="-117.91052573">
      </trkpt>
      <trkpt lat="49.14171332" lon="-117.91052265">
      </trkpt>
      <trkpt lat="49.14171278" lon="-117.9105211">
      </trkpt>
      <trkpt lat="49.1417117" lon="-117.91051863">
      </trkpt>
      <trkpt lat="49.14171012" lon="-117.91051192">
      </trkpt>
      <trkpt lat="49.14170963" lon="-117.91050831">
      </trkpt>
      <trkpt lat="49.14170913" lon="-117.91050469">
      </trkpt>
      <trkpt lat="49.14170802" lon="-117.91050213">
      </trkpt>
      <trkpt lat="49.14170687" lon="-117.91050024">
      </trkpt>
      <trkpt lat="49.14170391" lon="-117.91049821">
      </trkpt>
      <trkpt lat="49.14170094" lon="-117.91049546">
      </trkpt>
      <trkpt lat="49.1416973" lon="-117.91049379">
      </trkpt>
      <trkpt lat="49.14169238" lon="-117.91049082">
      </trkpt>
      <trkpt lat="49.14168735" lon="-117.9104878">
      </trkpt>
      <trkpt lat="49.14168481" lon="-117.91048591">
      </trkpt>
      <trkpt lat="49.14168096" lon="-117.91048195">
      </trkpt>
      <trkpt lat="49.141679" lon="-117.91048177">
      </trkpt>
      <trkpt lat="49.14167571" lon="-117.91047951">
      </trkpt>
      <trkpt lat="49.14167372" lon="-117.91047778">
      </trkpt>
      <trkpt lat="49.1416697" lon="-117.91047579">
      </trkpt>
      <trkpt lat="49.14166699" lon="-117.91047396">
      </trkpt>
      <trkpt lat="49.1416622" lon="-117.91047072">
      </trkpt>
      <trkpt lat="49.14165389" lon="-117.91046888">
      </trkpt>
      <trkpt lat="49.14164752" lon="-117.91046536">
      </trkpt>
      <trkpt lat="49.14164108" lon="-117.91046333">
      </trkpt>
      <trkpt lat="49.14163674" lon="-117.91046196">
      </trkpt>
      <trkpt lat="49.14163088" lon="-117.91046038">
      </trkpt>
      <trkpt lat="49.14162413" lon="-117.91045591">
      </trkpt>
      <trkpt lat="49.1416196" lon="-117.91045368">
      </trkpt>
      <trkpt lat="49.14161121" lon="-117.91045129">
      </trkpt>
      <trkpt lat="49.14159158" lon="-117.91044561">
      </trkpt>
      <trkpt lat="49.14158272" lon="-117.91044388">
      </trkpt>
      <trkpt lat="49.14157705" lon="-117.91044347">
      </trkpt>
      <trkpt lat="49.14157051" lon="-117.91044334">
      </trkpt>
      <trkpt lat="49.14156639" lon="-117.91044317">
      </trkpt>
      <trkpt lat="49.14156304" lon="-117.91044268">
      </trkpt>
      <trkpt lat="49.14155711" lon="-117.91044138">
      </trkpt>
      <trkpt lat="49.14155288" lon="-117.9104412">
      </trkpt>
      <trkpt lat="49.14154862" lon="-117.910441">
      </trkpt>
      <trkpt lat="49.1415426" lon="-117.91044055">
      </trkpt>
      <trkpt lat="49.1415391" lon="-117.91044005">
      </trkpt>
      <trkpt lat="49.14153565" lon="-117.91044042">
      </trkpt>
      <trkpt lat="49.1415312" lon="-117.91043933">
      </trkpt>
      <trkpt lat="49.14152942" lon="-117.91043908">
      </trkpt>
      <trkpt lat="49.14152412" lon="-117.91043918">
      </trkpt>
      <trkpt lat="49.14151759" lon="-117.91043606">
      </trkpt>
      <trkpt lat="49.14151183" lon="-117.91043257">
      </trkpt>
      <trkpt lat="49.14150671" lon="-117.91042693">
      </trkpt>
      <trkpt lat="49.14149685" lon="-117.91041839">
      </trkpt>
      <trkpt lat="49.14148979" lon="-117.9104104">
      </trkpt>
      <trkpt lat="49.14148578" lon="-117.91040647">
      </trkpt>
      <trkpt lat="49.14148042" lon="-117.91039886">
      </trkpt>
      <trkpt lat="49.14147633" lon="-117.91039484">
      </trkpt>
      <trkpt lat="49.14146666" lon="-117.91038294">
      </trkpt>
      <trkpt lat="49.14146416" lon="-117.91037741">
      </trkpt>
      <trkpt lat="49.14145655" lon="-117.91036879">
      </trkpt>
      <trkpt lat="49.14145409" lon="-117.91036413">
      </trkpt>
      <trkpt lat="49.14144618" lon="-117.91035427">
      </trkpt>
      <trkpt lat="49.14144365" lon="-117.91034951">
      </trkpt>
      <trkpt lat="49.14143813" lon="-117.91034423">
      </trkpt>
      <trkpt lat="49.14143473" lon="-117.91034061">
      </trkpt>
      <trkpt lat="49.14143117" lon="-117.91033593">
      </trkpt>
      <trkpt lat="49.14142439" lon="-117.91032963">
      </trkpt>
      <trkpt lat="49.14142053" lon="-117.91032527">
      </trkpt>
      <trkpt lat="49.14141507" lon="-117.91031803">
      </trkpt>
      <trkpt lat="49.14140992" lon="-117.91031274">
      </trkpt>
      <trkpt lat="49.14140571" lon="-117.91030717">
      </trkpt>
      <trkpt lat="49.14140205" lon="-117.91030469">
      </trkpt>
      <trkpt lat="49.14139919" lon="-117.91030091">
      </trkpt>
      <trkpt lat="49.14139632" lon="-117.91029711">
      </trkpt>
      <trkpt lat="49.14139197" lon="-117.91029136">
      </trkpt>
      <trkpt lat="49.14139029" lon="-117.91028834">
      </trkpt>
      <trkpt lat="49.14138353" lon="-117.91028181">
      </trkpt>
      <trkpt lat="49.14138266" lon="-117.91027744">
      </trkpt>
      <trkpt lat="49.14137921" lon="-117.91027124">
      </trkpt>
      <trkpt lat="49.14137792" lon="-117.91027034">
      </trkpt>
      <trkpt lat="49.14137528" lon="-117.91026274">
      </trkpt>
      <trkpt lat="49.14137302" lon="-117.91025143">
      </trkpt>
      <trkpt lat="49.14137222" lon="-117.91023925">
      </trkpt>
      <trkpt lat="49.14137145" lon="-117.91023443">
      </trkpt>
      <trkpt lat="49.14137179" lon="-117.91022938">
      </trkpt>
      <trkpt lat="49.14137097" lon="-117.91021696">
      </trkpt>
      <trkpt lat="49.14137092" lon="-117.91020934">
      </trkpt>
      <trkpt lat="49.14137122" lon="-117.91019649">
      </trkpt>
      <trkpt lat="49.14136983" lon="-117.91018766">
      </trkpt>
      <trkpt lat="49.14137013" lon="-117.91017455">
      </trkpt>
      <trkpt lat="49.14136948" lon="-117.91016277">
      </trkpt>
      <trkpt lat="49.14137018" lon="-117.910152">
      </trkpt>
      <trkpt lat="49.14137032" lon="-117.91014527">
      </trkpt>
      <trkpt lat="49.14137007" lon="-117.91013584">
      </trkpt>
      <trkpt lat="49.14136879" lon="-117.91011959">
      </trkpt>
      <trkpt lat="49.14137068" lon="-117.91010829">
      </trkpt>
      <trkpt lat="49.14137257" lon="-117.9100969">
      </trkpt>
      <trkpt lat="49.14137135" lon="-117.9100886">
      </trkpt>
      <trkpt lat="49.14137211" lon="-117.91008569">
      </trkpt>
      <trkpt lat="49.1413766" lon="-117.91007528">
      </trkpt>
      <trkpt lat="49.14137796" lon="-117.910068">
      </trkpt>
      <trkpt lat="49.1413817" lon="-117.91006045">
      </trkpt>
      <trkpt lat="49.14138485" lon="-117.9100486">
      </trkpt>
      <trkpt lat="49.14138545" lon="-117.9100442">
      </trkpt>
      <trkpt lat="49.14138941" lon="-117.91003801">
      </trkpt>
      <trkpt lat="49.14139376" lon="-117.91003472">
      </trkpt>
      <trkpt lat="49.14140009" lon="-117.91002835">
      </trkpt>
      <trkpt lat="49.14140523" lon="-117.91002206">
      </trkpt>
      <trkpt lat="49.14140956" lon="-117.9100188">
      </trkpt>
      <trkpt lat="49.14141803" lon="-117.9100108">
      </trkpt>
      <trkpt lat="49.14142199" lon="-117.91000463">
      </trkpt>
      <trkpt lat="49.14142613" lon="-117.90999991">
      </trkpt>
      <trkpt lat="49.14143143" lon="-117.90999511">
      </trkpt>
      <trkpt lat="49.14143771" lon="-117.90998878">
      </trkpt>
      <trkpt lat="49.141443" lon="-117.909984">
      </trkpt>
      <trkpt lat="49.14144826" lon="-117.90997923">
      </trkpt>
      <trkpt lat="49.14145467" lon="-117.90997439">
      </trkpt>
      <trkpt lat="49.14145949" lon="-117.9099652">
      </trkpt>
      <trkpt lat="49.14146418" lon="-117.90995449">
      </trkpt>
      <trkpt lat="49.14146688" lon="-117.90994684">
      </trkpt>
      <trkpt lat="49.14146832" lon="-117.9099377">
      </trkpt>
      <trkpt lat="49.14147034" lon="-117.90993459">
      </trkpt>
      <trkpt lat="49.14147421" lon="-117.90992682">
      </trkpt>
      <trkpt lat="49.14147822" lon="-117.90992056">
      </trkpt>
      <trkpt lat="49.14148501" lon="-117.90990653">
      </trkpt>
      <trkpt lat="49.14148892" lon="-117.90989871">
      </trkpt>
      <trkpt lat="49.1414951" lon="-117.90989081">
      </trkpt>
      <trkpt lat="49.14150082" lon="-117.90987668">
      </trkpt>
      <trkpt lat="49.14150477" lon="-117.90986879">
      </trkpt>
      <trkpt lat="49.1415068" lon="-117.90986562">
      </trkpt>
      <trkpt lat="49.14151064" lon="-117.9098561">
      </trkpt>
      <trkpt lat="49.14151337" lon="-117.90984656">
      </trkpt>
      <trkpt lat="49.14151746" lon="-117.90984018">
      </trkpt>
      <trkpt lat="49.1415235" lon="-117.909829">
      </trkpt>
      <trkpt lat="49.1415274" lon="-117.90981936">
      </trkpt>
      <trkpt lat="49.14153122" lon="-117.90980804">
      </trkpt>
      <trkpt lat="49.14153309" lon="-117.90980154">
      </trkpt>
      <trkpt lat="49.1415359" lon="-117.90979176">
      </trkpt>
      <trkpt lat="49.14154118" lon="-117.90978533">
      </trkpt>
      <trkpt lat="49.1415462" lon="-117.9097739">
      </trkpt>
      <trkpt lat="49.14154923" lon="-117.90976734">
      </trkpt>
      <trkpt lat="49.14155106" lon="-117.90975905">
      </trkpt>
      <trkpt lat="49.14155506" lon="-117.90974913">
      </trkpt>
      <trkpt lat="49.14155595" lon="-117.90974408">
      </trkpt>
      <trkpt lat="49.1415578" lon="-117.90973568">
      </trkpt>
      <trkpt lat="49.14156314" lon="-117.90972917">
      </trkpt>
      <trkpt lat="49.14156637" lon="-117.90972596">
      </trkpt>
      <trkpt lat="49.14157275" lon="-117.90971782">
      </trkpt>
      <trkpt lat="49.14157598" lon="-117.90971461">
      </trkpt>
      <trkpt lat="49.14157921" lon="-117.9097114">
      </trkpt>
      <trkpt lat="49.14158577" lon="-117.90970846">
      </trkpt>
      <trkpt lat="49.14160374" lon="-117.90970019">
      </trkpt>
      <trkpt lat="49.14160765" lon="-117.90969848">
      </trkpt>
      <trkpt lat="49.14160965" lon="-117.9096955">
      </trkpt>
      <trkpt lat="49.14161435" lon="-117.90968714">
      </trkpt>
      <trkpt lat="49.14161937" lon="-117.90967971">
      </trkpt>
      <trkpt lat="49.14162309" lon="-117.9096728">
      </trkpt>
      <trkpt lat="49.14162682" lon="-117.90966589">
      </trkpt>
      <trkpt lat="49.14163013" lon="-117.90966235">
      </trkpt>
      <trkpt lat="49.14163487" lon="-117.90965393">
      </trkpt>
      <trkpt lat="49.14163891" lon="-117.90964795">
      </trkpt>
      <trkpt lat="49.14164983" lon="-117.90963583">
      </trkpt>
      <trkpt lat="49.14165286" lon="-117.90963134">
      </trkpt>
      <trkpt lat="49.14165947" lon="-117.90962426">
      </trkpt>
      <trkpt lat="49.14167267" lon="-117.90961014">
      </trkpt>
      <trkpt lat="49.14167736" lon="-117.90960738">
      </trkpt>
      <trkpt lat="49.14167955" lon="-117.90960558">
      </trkpt>
      <trkpt lat="49.14168394" lon="-117.90960197">
      </trkpt>
      <trkpt lat="49.14169245" lon="-117.90959375">
      </trkpt>
      <trkpt lat="49.1416978" lon="-117.90958875">
      </trkpt>
      <trkpt lat="49.1416995" lon="-117.90958494">
      </trkpt>
      <trkpt lat="49.14170656" lon="-117.9095761">
      </trkpt>
      <trkpt lat="49.14171242" lon="-117.90956765">
      </trkpt>
      <trkpt lat="49.14171575" lon="-117.90956186">
      </trkpt>
      <trkpt lat="49.14172178" lon="-117.90955408">
      </trkpt>
      <trkpt lat="49.14172556" lon="-117.90955043">
      </trkpt>
      <trkpt lat="49.14172808" lon="-117.90954351">
      </trkpt>
      <trkpt lat="49.14172974" lon="-117.90953767">
      </trkpt>
      <trkpt lat="49.14173501" lon="-117.90953088">
      </trkpt>
      <trkpt lat="49.14173494" lon="-117.90952724">
      </trkpt>
      <trkpt lat="49.14174144" lon="-117.90952008">
      </trkpt>
      <trkpt lat="49.14174856" lon="-117.90951088">
      </trkpt>
      <trkpt lat="49.14175872" lon="-117.90949522">
      </trkpt>
      <trkpt lat="49.14176657" lon="-117.9094876">
      </trkpt>
      <trkpt lat="49.14177083" lon="-117.90948083">
      </trkpt>
      <trkpt lat="49.14177603" lon="-117.90947283">
      </trkpt>
      <trkpt lat="49.14178092" lon="-117.90946777">
      </trkpt>
      <trkpt lat="49.14178184" lon="-117.90946658">
      </trkpt>
      <trkpt lat="49.14178861" lon="-117.90945911">
      </trkpt>
      <trkpt lat="49.14179728" lon="-117.90944918">
      </trkpt>
      <trkpt lat="49.141806" lon="-117.90943919">
      </trkpt>
      <trkpt lat="49.14181113" lon="-117.90943">
      </trkpt>
      <trkpt lat="49.14181684" lon="-117.90942263">
      </trkpt>
      <trkpt lat="49.1418193" lon="-117.90941661">
      </trkpt>
      <trkpt lat="49.14182125" lon="-117.90941406">
      </trkpt>
      <trkpt lat="49.14182592" lon="-117.90940652">
      </trkpt>
      <trkpt lat="49.14183179" lon="-117.90939878">
      </trkpt>
      <trkpt lat="49.14183878" lon="-117.90939115">
      </trkpt>
      <trkpt lat="49.14185259" lon="-117.90937664">
      </trkpt>
      <trkpt lat="49.14185526" lon="-117.90937197">
      </trkpt>
      <trkpt lat="49.14186087" lon="-117.90936359">
      </trkpt>
      <trkpt lat="49.14186333" lon="-117.90935782">
      </trkpt>
      <trkpt lat="49.14186507" lon="-117.9093543">
      </trkpt>
      <trkpt lat="49.14186902" lon="-117.90934933">
      </trkpt>
      <trkpt lat="49.14187176" lon="-117.90934452">
      </trkpt>
      <trkpt lat="49.14188119" lon="-117.90933532">
      </trkpt>
      <trkpt lat="49.14189169" lon="-117.90932478">
      </trkpt>
      <trkpt lat="49.14189617" lon="-117.90932184">
      </trkpt>
      <trkpt lat="49.141908" lon="-117.90931101">
      </trkpt>
      <trkpt lat="49.1419154" lon="-117.90930307">
      </trkpt>
      <trkpt lat="49.14192096" lon="-117.90929879">
      </trkpt>
      <trkpt lat="49.1419272" lon="-117.90929099">
      </trkpt>
      <trkpt lat="49.14193575" lon="-117.90928162">
      </trkpt>
      <trkpt lat="49.14194631" lon="-117.90926839">
      </trkpt>
      <trkpt lat="49.14195163" lon="-117.90926173">
      </trkpt>
      <trkpt lat="49.14195247" lon="-117.90925946">
      </trkpt>
      <trkpt lat="49.14195414" lon="-117.90925488">
      </trkpt>
      <trkpt lat="49.14195528" lon="-117.90924689">
      </trkpt>
      <trkpt lat="49.14195699" lon="-117.90924223">
      </trkpt>
      <trkpt lat="49.1419587" lon="-117.90923755">
      </trkpt>
      <trkpt lat="49.14196148" lon="-117.90923162">
      </trkpt>
      <trkpt lat="49.14196603" lon="-117.90922087">
      </trkpt>
      <trkpt lat="49.14196692" lon="-117.90921845">
      </trkpt>
      <trkpt lat="49.14197208" lon="-117.90921107">
      </trkpt>
      <trkpt lat="49.14197695" lon="-117.90920122">
      </trkpt>
      <trkpt lat="49.14198113" lon="-117.90919496">
      </trkpt>
      <trkpt lat="49.14198483" lon="-117.90918495">
      </trkpt>
      <trkpt lat="49.14198986" lon="-117.90917477">
      </trkpt>
      <trkpt lat="49.14198969" lon="-117.90917352">
      </trkpt>
      <trkpt lat="49.14199705" lon="-117.90916054">
      </trkpt>
      <trkpt lat="49.14200142" lon="-117.90915394">
      </trkpt>
      <trkpt lat="49.14200551" lon="-117.9091447">
      </trkpt>
      <trkpt lat="49.14200635" lon="-117.90914075">
      </trkpt>
      <trkpt lat="49.14200919" lon="-117.90913141">
      </trkpt>
      <trkpt lat="49.14200974" lon="-117.90912474">
      </trkpt>
      <trkpt lat="49.14201115" lon="-117.90911391">
      </trkpt>
      <trkpt lat="49.14201069" lon="-117.90910985">
      </trkpt>
      <trkpt lat="49.1420114" lon="-117.90910436">
      </trkpt>
      <trkpt lat="49.14201047" lon="-117.90909611">
      </trkpt>
      <trkpt lat="49.14201151" lon="-117.9090933">
      </trkpt>
      <trkpt lat="49.14201176" lon="-117.90908348">
      </trkpt>
      <trkpt lat="49.142014" lon="-117.90907916">
      </trkpt>
      <trkpt lat="49.14201475" lon="-117.90907344">
      </trkpt>
      <trkpt lat="49.14201807" lon="-117.90906615">
      </trkpt>
      <trkpt lat="49.14202205" lon="-117.90905148">
      </trkpt>
      <trkpt lat="49.14202301" lon="-117.90904693">
      </trkpt>
      <trkpt lat="49.14202708" lon="-117.90902979">
      </trkpt>
      <trkpt lat="49.14203088" lon="-117.90902497">
      </trkpt>
      <trkpt lat="49.14203608" lon="-117.90902008">
      </trkpt>
      <trkpt lat="49.14204132" lon="-117.90901515">
      </trkpt>
      <trkpt lat="49.14204669" lon="-117.90901179">
      </trkpt>
      <trkpt lat="49.14205629" lon="-117.90900828">
      </trkpt>
      <trkpt lat="49.14206441" lon="-117.90900321">
      </trkpt>
      <trkpt lat="49.14206974" lon="-117.90899822">
      </trkpt>
      <trkpt lat="49.14207942" lon="-117.90899467">
      </trkpt>
      <trkpt lat="49.1420848" lon="-117.90898963">
      </trkpt>
      <trkpt lat="49.14209446" lon="-117.90898443">
      </trkpt>
      <trkpt lat="49.14210146" lon="-117.90898256">
      </trkpt>
      <trkpt lat="49.14210557" lon="-117.90897917">
      </trkpt>
      <trkpt lat="49.14211665" lon="-117.90897241">
      </trkpt>
      <trkpt lat="49.14212503" lon="-117.90896924">
      </trkpt>
      <trkpt lat="49.14213054" lon="-117.90896445">
      </trkpt>
      <trkpt lat="49.14213889" lon="-117.90895802">
      </trkpt>
      <trkpt lat="49.14214158" lon="-117.90895154">
      </trkpt>
      <trkpt lat="49.1421457" lon="-117.90894335">
      </trkpt>
      <trkpt lat="49.14215119" lon="-117.90893011">
      </trkpt>
      <trkpt lat="49.14215394" lon="-117.90892172">
      </trkpt>
      <trkpt lat="49.14215813" lon="-117.90890984">
      </trkpt>
      <trkpt lat="49.1421624" lon="-117.90889953">
      </trkpt>
      <trkpt lat="49.14216825" lon="-117.90889259">
      </trkpt>
      <trkpt lat="49.14216821" lon="-117.90888909">
      </trkpt>
      <trkpt lat="49.14217414" lon="-117.90888559">
      </trkpt>
      <trkpt lat="49.14218008" lon="-117.90888208">
      </trkpt>
      <trkpt lat="49.14219054" lon="-117.90887862">
      </trkpt>
      <trkpt lat="49.14219502" lon="-117.90887887">
      </trkpt>
      <trkpt lat="49.14220704" lon="-117.90887778">
      </trkpt>
      <trkpt lat="49.14221607" lon="-117.90887829">
      </trkpt>
      <trkpt lat="49.14223418" lon="-117.90887931">
      </trkpt>
      <trkpt lat="49.14224319" lon="-117.9088816">
      </trkpt>
      <trkpt lat="49.14225373" lon="-117.90888397">
      </trkpt>
      <trkpt lat="49.14225972" lon="-117.9088861">
      </trkpt>
      <trkpt lat="49.14226866" lon="-117.90889016">
      </trkpt>
      <trkpt lat="49.14227463" lon="-117.90889227">
      </trkpt>
      <trkpt lat="49.14228222" lon="-117.90889271">
      </trkpt>
      <trkpt lat="49.14229264" lon="-117.90889685">
      </trkpt>
      <trkpt lat="49.14229709" lon="-117.90889888">
      </trkpt>
      <trkpt lat="49.142309" lon="-117.9089031">
      </trkpt>
      <trkpt lat="49.14231343" lon="-117.90890511">
      </trkpt>
      <trkpt lat="49.14232381" lon="-117.90890922">
      </trkpt>
      <trkpt lat="49.14233517" lon="-117.90891616">
      </trkpt>
      <trkpt lat="49.14233816" lon="-117.90891616">
      </trkpt>
      <trkpt lat="49.14234802" lon="-117.90892106">
      </trkpt>
      <trkpt lat="49.14235506" lon="-117.90892431">
      </trkpt>
      <trkpt lat="49.14235951" lon="-117.90892432">
      </trkpt>
      <trkpt lat="49.14236401" lon="-117.90892451">
      </trkpt>
      <trkpt lat="49.14237135" lon="-117.90892655">
      </trkpt>
      <trkpt lat="49.14238043" lon="-117.90892708">
      </trkpt>
      <trkpt lat="49.14239358" lon="-117.90893107">
      </trkpt>
      <trkpt lat="49.14239965" lon="-117.90893141">
      </trkpt>
      <trkpt lat="49.14240849" lon="-117.90893355">
      </trkpt>
      <trkpt lat="49.14241553" lon="-117.90893718">
      </trkpt>
      <trkpt lat="49.14242587" lon="-117.90893939">
      </trkpt>
      <trkpt lat="49.14243165" lon="-117.90894133">
      </trkpt>
      <trkpt lat="49.1424429" lon="-117.90894679">
      </trkpt>
      <trkpt lat="49.14244834" lon="-117.90895029">
      </trkpt>
      <trkpt lat="49.14245648" lon="-117.90895553">
      </trkpt>
      <trkpt lat="49.14246608" lon="-117.90896082">
      </trkpt>
      <trkpt lat="49.14246726" lon="-117.90896246">
      </trkpt>
      <trkpt lat="49.14247413" lon="-117.90896601">
      </trkpt>
      <trkpt lat="49.14248399" lon="-117.90896971">
      </trkpt>
      <trkpt lat="49.14248816" lon="-117.90897152">
      </trkpt>
      <trkpt lat="49.14250099" lon="-117.90897541">
      </trkpt>
      <trkpt lat="49.1425138" lon="-117.90897928">
      </trkpt>
      <trkpt lat="49.14252435" lon="-117.90897995">
      </trkpt>
      <trkpt lat="49.14253346" lon="-117.90898058">
      </trkpt>
      <trkpt lat="49.14255168" lon="-117.90897971">
      </trkpt>
      <trkpt lat="49.14255802" lon="-117.90898049">
      </trkpt>
      <trkpt lat="49.14256804" lon="-117.90898016">
      </trkpt>
      <trkpt lat="49.14257283" lon="-117.90898076">
      </trkpt>
      <trkpt lat="49.14258777" lon="-117.90898102">
      </trkpt>
      <trkpt lat="49.14259099" lon="-117.9089814">
      </trkpt>
      <trkpt lat="49.14260009" lon="-117.90897935">
      </trkpt>
      <trkpt lat="49.14261022" lon="-117.90897879">
      </trkpt>
      <trkpt lat="49.14261395" lon="-117.90897757">
      </trkpt>
      <trkpt lat="49.14262846" lon="-117.90897417">
      </trkpt>
      <trkpt lat="49.14263708" lon="-117.90897336">
      </trkpt>
      <trkpt lat="49.14264354" lon="-117.90897392">
      </trkpt>
      <trkpt lat="49.14265001" lon="-117.90897449">
      </trkpt>
      <trkpt lat="49.14266299" lon="-117.90897563">
      </trkpt>
      <trkpt lat="49.14267764" lon="-117.9089769">
      </trkpt>
      <trkpt lat="49.14268582" lon="-117.90897762">
      </trkpt>
      <trkpt lat="49.14269236" lon="-117.90897819">
      </trkpt>
      <trkpt lat="49.14270289" lon="-117.90897752">
      </trkpt>
      <trkpt lat="49.14270934" lon="-117.90897505">
      </trkpt>
      <trkpt lat="49.14271418" lon="-117.9089724">
      </trkpt>
      <trkpt lat="49.14272493" lon="-117.90896878">
      </trkpt>
      <trkpt lat="49.1427358" lon="-117.90896512">
      </trkpt>
      <trkpt lat="49.14274448" lon="-117.9089661">
      </trkpt>
      <trkpt lat="49.14275222" lon="-117.90896533">
      </trkpt>
      <trkpt lat="49.14276096" lon="-117.90896631">
      </trkpt>
      <trkpt lat="49.14276959" lon="-117.90896398">
      </trkpt>
      <trkpt lat="49.14278267" lon="-117.90896042">
      </trkpt>
      <trkpt lat="49.14279773" lon="-117.90895705">
      </trkpt>
      <trkpt lat="49.14280844" lon="-117.908948">
      </trkpt>
      <trkpt lat="49.14281482" lon="-117.90894355">
      </trkpt>
      <trkpt lat="49.14282481" lon="-117.90893229">
      </trkpt>
      <trkpt lat="49.14283422" lon="-117.90892621">
      </trkpt>
      <trkpt lat="49.14284292" lon="-117.90892551">
      </trkpt>
      <trkpt lat="49.14285848" lon="-117.90892011">
      </trkpt>
      <trkpt lat="49.14287032" lon="-117.90891789">
      </trkpt>
      <trkpt lat="49.14288012" lon="-117.90891524">
      </trkpt>
      <trkpt lat="49.14289856" lon="-117.9089114">
      </trkpt>
      <trkpt lat="49.14291239" lon="-117.90890506">
      </trkpt>
      <trkpt lat="49.14292642" lon="-117.90889863">
      </trkpt>
      <trkpt lat="49.14293651" lon="-117.90889567">
      </trkpt>
      <trkpt lat="49.14295586" lon="-117.90889157">
      </trkpt>
      <trkpt lat="49.14297322" lon="-117.90889126">
      </trkpt>
      <trkpt lat="49.14301598" lon="-117.9088831">
      </trkpt>
      <trkpt lat="49.1430174" lon="-117.90888324">
      </trkpt>
      <trkpt lat="49.14302309" lon="-117.90888378">
      </trkpt>
      <trkpt lat="49.14303582" lon="-117.90888705">
      </trkpt>
      <trkpt lat="49.14303866" lon="-117.90888733">
      </trkpt>
      <trkpt lat="49.14305179" lon="-117.90888847">
      </trkpt>
      <trkpt lat="49.14306238" lon="-117.90888922">
      </trkpt>
      <trkpt lat="49.14306843" lon="-117.90888965">
      </trkpt>
      <trkpt lat="49.1430745" lon="-117.9088901">
      </trkpt>
      <trkpt lat="49.14308076" lon="-117.90888845">
      </trkpt>
      <trkpt lat="49.14309469" lon="-117.90888736">
      </trkpt>
      <trkpt lat="49.14310409" lon="-117.90888592">
      </trkpt>
      <trkpt lat="49.14312103" lon="-117.90888711">
      </trkpt>
      <trkpt lat="49.14313054" lon="-117.90888567">
      </trkpt>
      <trkpt lat="49.14314011" lon="-117.90888422">
      </trkpt>
      <trkpt lat="49.14314193" lon="-117.90888222">
      </trkpt>
      <trkpt lat="49.14315496" lon="-117.90887886">
      </trkpt>
      <trkpt lat="49.14316589" lon="-117.90887082">
      </trkpt>
      <trkpt lat="49.14316904" lon="-117.90887103">
      </trkpt>
      <trkpt lat="49.14317857" lon="-117.90886276">
      </trkpt>
      <trkpt lat="49.14318577" lon="-117.90885875">
      </trkpt>
      <trkpt lat="49.14318981" lon="-117.9088545">
      </trkpt>
      <trkpt lat="49.14319141" lon="-117.90885461">
      </trkpt>
      <trkpt lat="49.14320397" lon="-117.90884861">
      </trkpt>
      <trkpt lat="49.14321666" lon="-117.90884255">
      </trkpt>
      <trkpt lat="49.14322458" lon="-117.90883613">
      </trkpt>
      <trkpt lat="49.14323488" lon="-117.90883445">
      </trkpt>
      <trkpt lat="49.14324029" lon="-117.90883246">
      </trkpt>
      <trkpt lat="49.14324954" lon="-117.90882834">
      </trkpt>
      <trkpt lat="49.14326217" lon="-117.90882441">
      </trkpt>
      <trkpt lat="49.14326437" lon="-117.90882216">
      </trkpt>
      <trkpt lat="49.14328494" lon="-117.90882105">
      </trkpt>
      <trkpt lat="49.14329785" lon="-117.90881705">
      </trkpt>
      <trkpt lat="49.14330122" lon="-117.90881726">
      </trkpt>
      <trkpt lat="49.14330519" lon="-117.90881509">
      </trkpt>
      <trkpt lat="49.14331195" lon="-117.9088155">
      </trkpt>
      <trkpt lat="49.14332212" lon="-117.90881612">
      </trkpt>
      <trkpt lat="49.14333232" lon="-117.90881673">
      </trkpt>
      <trkpt lat="49.14333913" lon="-117.90881714">
      </trkpt>
      <trkpt lat="49.14334832" lon="-117.90881528">
      </trkpt>
      <trkpt lat="49.14335928" lon="-117.9088135">
      </trkpt>
      <trkpt lat="49.14336271" lon="-117.9088137">
      </trkpt>
      <trkpt lat="49.14337201" lon="-117.90881182">
      </trkpt>
      <trkpt lat="49.14338066" lon="-117.90881233">
      </trkpt>
      <trkpt lat="49.14338412" lon="-117.90881254">
      </trkpt>
      <trkpt lat="49.14339721" lon="-117.90880864">
      </trkpt>
      <trkpt lat="49.14340113" lon="-117.90880654">
      </trkpt>
      <trkpt lat="49.14341394" lon="-117.9088028">
      </trkpt>
      <trkpt lat="49.1434238" lon="-117.90880375">
      </trkpt>
      <trkpt lat="49.14343351" lon="-117.90879966">
      </trkpt>
      <trkpt lat="49.14344589" lon="-117.9087983">
      </trkpt>
      <trkpt lat="49.14345502" lon="-117.90879662">
      </trkpt>
      <trkpt lat="49.14346758" lon="-117.90879524">
      </trkpt>
      <trkpt lat="49.14347345" lon="-117.90879322">
      </trkpt>
      <trkpt lat="49.14348194" lon="-117.90879402">
      </trkpt>
      <trkpt lat="49.14349129" lon="-117.9087923">
      </trkpt>
      <trkpt lat="49.14349554" lon="-117.90879011">
      </trkpt>
      <trkpt lat="49.14350154" lon="-117.90878806">
      </trkpt>
      <trkpt lat="49.14351709" lon="-117.90878948">
      </trkpt>
      <trkpt lat="49.14352752" lon="-117.90879043">
      </trkpt>
      <trkpt lat="49.143545" lon="-117.90879203">
      </trkpt>
      <trkpt lat="49.14355027" lon="-117.90879252">
      </trkpt>
      <trkpt lat="49.14356432" lon="-117.90879384">
      </trkpt>
      <trkpt lat="49.14357467" lon="-117.90879498">
      </trkpt>
      <trkpt lat="49.14358855" lon="-117.9087965">
      </trkpt>
      <trkpt lat="49.14359204" lon="-117.90879688">
      </trkpt>
      <trkpt lat="49.14360253" lon="-117.90879804">
      </trkpt>
      <trkpt lat="49.14360956" lon="-117.90879881">
      </trkpt>
      <trkpt lat="49.14361838" lon="-117.90879978">
      </trkpt>
      <trkpt lat="49.14362547" lon="-117.90880056">
      </trkpt>
      <trkpt lat="49.14363436" lon="-117.90880153">
      </trkpt>
      <trkpt lat="49.1436449" lon="-117.90880281">
      </trkpt>
      <trkpt lat="49.14365539" lon="-117.90880418">
      </trkpt>
      <trkpt lat="49.14366948" lon="-117.90880602">
      </trkpt>
      <trkpt lat="49.14367834" lon="-117.90880719">
      </trkpt>
      <trkpt lat="49.14368904" lon="-117.90880857">
      </trkpt>
      <trkpt lat="49.14370341" lon="-117.90881046">
      </trkpt>
      <trkpt lat="49.14371487" lon="-117.90881474">
      </trkpt>
      <trkpt lat="49.14373061" lon="-117.90882242">
      </trkpt>
      <trkpt lat="49.14374471" lon="-117.90882649">
      </trkpt>
      <trkpt lat="49.14375257" lon="-117.90882711">
      </trkpt>
      <trkpt lat="49.14377035" lon="-117.90882847">
      </trkpt>
      <trkpt lat="49.14378225" lon="-117.90882938">
      </trkpt>
      <trkpt lat="49.143792" lon="-117.90883031">
      </trkpt>
      <trkpt lat="49.14379981" lon="-117.90883107">
      </trkpt>
      <trkpt lat="49.14381356" lon="-117.90883242">
      </trkpt>
      <trkpt lat="49.14383332" lon="-117.90883434">
      </trkpt>
      <trkpt lat="49.14384725" lon="-117.9088357">
      </trkpt>
      <trkpt lat="49.14385325" lon="-117.90883628">
      </trkpt>
      <trkpt lat="49.14387291" lon="-117.90883527">
      </trkpt>
      <trkpt lat="49.14387696" lon="-117.90883565">
      </trkpt>
      <trkpt lat="49.14389278" lon="-117.90883424">
      </trkpt>
      <trkpt lat="49.14390095" lon="-117.90883503">
      </trkpt>
      <trkpt lat="49.14391482" lon="-117.90883007">
      </trkpt>
      <trkpt lat="49.14393713" lon="-117.90882236">
      </trkpt>
      <trkpt lat="49.1439432" lon="-117.9088197">
      </trkpt>
      <trkpt lat="49.1439536" lon="-117.90881727">
      </trkpt>
      <trkpt lat="49.14396404" lon="-117.90881481">
      </trkpt>
      <trkpt lat="49.14397664" lon="-117.90881257">
      </trkpt>
      <trkpt lat="49.14398522" lon="-117.90881321">
      </trkpt>
      <trkpt lat="49.14399599" lon="-117.908814">
      </trkpt>
      <trkpt lat="49.14401274" lon="-117.90880899">
      </trkpt>
      <trkpt lat="49.14402309" lon="-117.90880348">
      </trkpt>
      <trkpt lat="49.14403157" lon="-117.90880094">
      </trkpt>
      <trkpt lat="49.14404009" lon="-117.90879839">
      </trkpt>
      <trkpt lat="49.14405504" lon="-117.90879309">
      </trkpt>
      <trkpt lat="49.14406565" lon="-117.90878745">
      </trkpt>
      <trkpt lat="49.14407234" lon="-117.90878791">
      </trkpt>
      <trkpt lat="49.14408548" lon="-117.90878211">
      </trkpt>
      <trkpt lat="49.14409881" lon="-117.90877612">
      </trkpt>
      <trkpt lat="49.14410717" lon="-117.90876341">
      </trkpt>
      <trkpt lat="49.14411622" lon="-117.90876044">
      </trkpt>
      <trkpt lat="49.14412684" lon="-117.90874438">
      </trkpt>
      <trkpt lat="49.14413131" lon="-117.90874122">
      </trkpt>
      <trkpt lat="49.14413756" lon="-117.90872813">
      </trkpt>
      <trkpt lat="49.14414659" lon="-117.90872173">
      </trkpt>
      <trkpt lat="49.1441555" lon="-117.90871192">
      </trkpt>
      <trkpt lat="49.14416699" lon="-117.90870552">
      </trkpt>
      <trkpt lat="49.14417869" lon="-117.9087025">
      </trkpt>
      <trkpt lat="49.14419791" lon="-117.90870637">
      </trkpt>
      <trkpt lat="49.14420984" lon="-117.90870669">
      </trkpt>
      <trkpt lat="49.14423408" lon="-117.90871753">
      </trkpt>
      <trkpt lat="49.144246" lon="-117.90871799">
      </trkpt>
      <trkpt lat="49.14427013" lon="-117.90872186">
      </trkpt>
      <trkpt lat="49.14427977" lon="-117.908722">
      </trkpt>
      <trkpt lat="49.14428947" lon="-117.90872558">
      </trkpt>
      <trkpt lat="49.14429917" lon="-117.90872915">
      </trkpt>
      <trkpt lat="49.14431367" lon="-117.90873279">
      </trkpt>
      <trkpt lat="49.14433299" lon="-117.90873308">
      </trkpt>
      <trkpt lat="49.14433541" lon="-117.90873313">
      </trkpt>
      <trkpt lat="49.1443475" lon="-117.90872987">
      </trkpt>
      <trkpt lat="49.14435719" lon="-117.9087266">
      </trkpt>
      <trkpt lat="49.14436447" lon="-117.90872326">
      </trkpt>
      <trkpt lat="49.14438159" lon="-117.90870622">
      </trkpt>
      <trkpt lat="49.14438648" lon="-117.90870629">
      </trkpt>
      <trkpt lat="49.14439637" lon="-117.90869612">
      </trkpt>
      <trkpt lat="49.14440872" lon="-117.90868937">
      </trkpt>
      <trkpt lat="49.14442113" lon="-117.90868259">
      </trkpt>
      <trkpt lat="49.1444336" lon="-117.90867199">
      </trkpt>
      <trkpt lat="49.1444485" lon="-117.90866483">
      </trkpt>
      <trkpt lat="49.14445595" lon="-117.90866124">
      </trkpt>
      <trkpt lat="49.14447101" lon="-117.90865054">
      </trkpt>
      <trkpt lat="49.14448859" lon="-117.90863975">
      </trkpt>
      <trkpt lat="49.1444987" lon="-117.90863255">
      </trkpt>
      <trkpt lat="49.14450638" lon="-117.90862536">
      </trkpt>
      <trkpt lat="49.14452383" lon="-117.90861784">
      </trkpt>
      <trkpt lat="49.14453635" lon="-117.90861038">
      </trkpt>
      <trkpt lat="49.144544" lon="-117.90860299">
      </trkpt>
      <trkpt lat="49.14455395" lon="-117.90859919">
      </trkpt>
      <trkpt lat="49.1445665" lon="-117.90859171">
      </trkpt>
      <trkpt lat="49.14457662" lon="-117.90858425">
      </trkpt>
      <trkpt lat="49.14458694" lon="-117.90857313">
      </trkpt>
      <trkpt lat="49.1445997" lon="-117.90856572">
      </trkpt>
      <trkpt lat="49.144613" lon="-117.90855102">
      </trkpt>
      <trkpt lat="49.14462366" lon="-117.90853993">
      </trkpt>
      <trkpt lat="49.14463164" lon="-117.90853251">
      </trkpt>
      <trkpt lat="49.14464216" lon="-117.90852507">
      </trkpt>
      <trkpt lat="49.14465546" lon="-117.90851385">
      </trkpt>
      <trkpt lat="49.14466378" lon="-117.90850259">
      </trkpt>
      <trkpt lat="49.14468202" lon="-117.90849505">
      </trkpt>
      <trkpt lat="49.14469833" lon="-117.90847991">
      </trkpt>
      <trkpt lat="49.14470863" lon="-117.90847606">
      </trkpt>
      <trkpt lat="49.14471871" lon="-117.90846436">
      </trkpt>
      <trkpt lat="49.14472613" lon="-117.90846042">
      </trkpt>
      <trkpt lat="49.14474103" lon="-117.90844869">
      </trkpt>
      <trkpt lat="49.14475084" lon="-117.90844475">
      </trkpt>
      <trkpt lat="49.14476063" lon="-117.90844081">
      </trkpt>
      <trkpt lat="49.144771" lon="-117.9084331">
      </trkpt>
      <trkpt lat="49.14478678" lon="-117.90842542">
      </trkpt>
      <trkpt lat="49.1448107" lon="-117.90840999">
      </trkpt>
      <trkpt lat="49.14481604" lon="-117.90840612">
      </trkpt>
      <trkpt lat="49.14482415" lon="-117.90839836">
      </trkpt>
      <trkpt lat="49.14483765" lon="-117.9083867">
      </trkpt>
      <trkpt lat="49.14485151" lon="-117.90836718">
      </trkpt>
      <trkpt lat="49.14485699" lon="-117.90835935">
      </trkpt>
      <trkpt lat="49.1448678" lon="-117.90834366">
      </trkpt>
      <trkpt lat="49.1448839" lon="-117.90832794">
      </trkpt>
      <trkpt lat="49.14489485" lon="-117.90830824">
      </trkpt>
      <trkpt lat="49.14490302" lon="-117.90829639">
      </trkpt>
      <trkpt lat="49.14491148" lon="-117.90827267">
      </trkpt>
      <trkpt lat="49.14492007" lon="-117.90824492">
      </trkpt>
      <trkpt lat="49.14492574" lon="-117.90822901">
      </trkpt>
      <trkpt lat="49.14493426" lon="-117.9082051">
      </trkpt>
      <trkpt lat="49.14494228" lon="-117.90818922">
      </trkpt>
      <trkpt lat="49.14494773" lon="-117.90817727">
      </trkpt>
      <trkpt lat="49.1449555" lon="-117.90816935">
      </trkpt>
      <trkpt lat="49.14496923" lon="-117.90814533">
      </trkpt>
      <trkpt lat="49.14498" lon="-117.90812934">
      </trkpt>
      <trkpt lat="49.14499138" lon="-117.90810514">
      </trkpt>
      <trkpt lat="49.14500159" lon="-117.90809728">
      </trkpt>
      <trkpt lat="49.14501179" lon="-117.90808943">
      </trkpt>
      <trkpt lat="49.14502135" lon="-117.90808977">
      </trkpt>
      <trkpt lat="49.14503361" lon="-117.90808612">
      </trkpt>
      <trkpt lat="49.14504377" lon="-117.90807828">
      </trkpt>
      <trkpt lat="49.14505696" lon="-117.90806235">
      </trkpt>
      <trkpt lat="49.14506711" lon="-117.90805452">
      </trkpt>
      <trkpt lat="49.14507948" lon="-117.90805084">
      </trkpt>
      <trkpt lat="49.145087" lon="-117.90805094">
      </trkpt>
      <trkpt lat="49.14509704" lon="-117.90805108">
      </trkpt>
      <trkpt lat="49.1451099" lon="-117.90804321">
      </trkpt>
      <trkpt lat="49.14512321" lon="-117.9080312">
      </trkpt>
      <trkpt lat="49.1451364" lon="-117.90802319">
      </trkpt>
      <trkpt lat="49.14515218" lon="-117.90801515">
      </trkpt>
      <trkpt lat="49.14515491" lon="-117.90801115">
      </trkpt>
      <trkpt lat="49.14517044" lon="-117.90801115">
      </trkpt>
      <trkpt lat="49.14518611" lon="-117.90800715">
      </trkpt>
      <trkpt lat="49.14520479" lon="-117.90799107">
      </trkpt>
      <trkpt lat="49.14522062" lon="-117.90798302">
      </trkpt>
      <trkpt lat="49.1452659" lon="-117.90795081">
      </trkpt>
      <trkpt lat="49.14527918" lon="-117.90794274">
      </trkpt>
      <trkpt lat="49.14528972" lon="-117.90793871">
      </trkpt>
      <trkpt lat="49.14530286" lon="-117.90793467">
      </trkpt>
      <trkpt lat="49.14531356" lon="-117.9079266">
      </trkpt>
      <trkpt lat="49.14532412" lon="-117.90792255">
      </trkpt>
      <trkpt lat="49.14533256" lon="-117.90790635">
      </trkpt>
      <trkpt lat="49.14534362" lon="-117.90789015">
      </trkpt>
      <trkpt lat="49.14535762" lon="-117.9078658">
      </trkpt>
      <trkpt lat="49.14536056" lon="-117.90785767">
      </trkpt>
      <trkpt lat="49.14537648" lon="-117.90782827">
      </trkpt>
      <trkpt lat="49.14537916" lon="-117.90780683">
      </trkpt>
      <trkpt lat="49.14542337" lon="-117.90773183">
      </trkpt>
      <trkpt lat="49.14542653" lon="-117.90771992">
      </trkpt>
      <trkpt lat="49.14542969" lon="-117.90770799">
      </trkpt>
      <trkpt lat="49.14543499" lon="-117.907693">
      </trkpt>
      <trkpt lat="49.14543547" lon="-117.90768515">
      </trkpt>
      <trkpt lat="49.14543801" lon="-117.90766745">
      </trkpt>
      <trkpt lat="49.14544185" lon="-117.90766224">
      </trkpt>
      <trkpt lat="49.14544382" lon="-117.90765257">
      </trkpt>
      <trkpt lat="49.14545433" lon="-117.90764191">
      </trkpt>
      <trkpt lat="49.14547445" lon="-117.90762539">
      </trkpt>
      <trkpt lat="49.14547935" lon="-117.90761525">
      </trkpt>
      <trkpt lat="49.14549272" lon="-117.90760442">
      </trkpt>
      <trkpt lat="49.14549965" lon="-117.90759157">
      </trkpt>
      <trkpt lat="49.1455044" lon="-117.90758877">
      </trkpt>
      <trkpt lat="49.14550746" lon="-117.90758109">
      </trkpt>
      <trkpt lat="49.14551813" lon="-117.9075704">
      </trkpt>
      <trkpt lat="49.14552403" lon="-117.90756247">
      </trkpt>
      <trkpt lat="49.14553279" lon="-117.90755434">
      </trkpt>
      <trkpt lat="49.14555204" lon="-117.90754298">
      </trkpt>
      <trkpt lat="49.14556169" lon="-117.90753727">
      </trkpt>
      <trkpt lat="49.14559198" lon="-117.9075149">
      </trkpt>
      <trkpt lat="49.14560456" lon="-117.90750896">
      </trkpt>
      <trkpt lat="49.14561352" lon="-117.90750066">
      </trkpt>
      <trkpt lat="49.14561965" lon="-117.90749254">
      </trkpt>
      <trkpt lat="49.14563152" lon="-117.90748401">
      </trkpt>
      <trkpt lat="49.14563437" lon="-117.90748382">
      </trkpt>
      <trkpt lat="49.14565822" lon="-117.9074667">
      </trkpt>
      <trkpt lat="49.14567305" lon="-117.90745791">
      </trkpt>
      <trkpt lat="49.14568011" lon="-117.90745223">
      </trkpt>
      <trkpt lat="49.14569004" lon="-117.90744634">
      </trkpt>
      <trkpt lat="49.1457006" lon="-117.90743249">
      </trkpt>
      <trkpt lat="49.14570272" lon="-117.90742971">
      </trkpt>
      <trkpt lat="49.14571335" lon="-117.90741577">
      </trkpt>
      <trkpt lat="49.14571837" lon="-117.90741278">
      </trkpt>
      <trkpt lat="49.14572479" lon="-117.90740437">
      </trkpt>
      <trkpt lat="49.14573627" lon="-117.90739293">
      </trkpt>
      <trkpt lat="49.1457449" lon="-117.90738162">
      </trkpt>
      <trkpt lat="49.14574777" lon="-117.90737062">
      </trkpt>
      <trkpt lat="49.1457543" lon="-117.90736206">
      </trkpt>
      <trkpt lat="49.14575719" lon="-117.90735097">
      </trkpt>
      <trkpt lat="49.14576303" lon="-117.90733965">
      </trkpt>
      <trkpt lat="49.14576956" lon="-117.90733112">
      </trkpt>
      <trkpt lat="49.14578124" lon="-117.90733046">
      </trkpt>
      <trkpt lat="49.14580027" lon="-117.90733463">
      </trkpt>
      <trkpt lat="49.14581403" lon="-117.90734203">
      </trkpt>
      <trkpt lat="49.14582705" lon="-117.9073467">
      </trkpt>
      <trkpt lat="49.14583712" lon="-117.90735153">
      </trkpt>
      <trkpt lat="49.14584872" lon="-117.90735082">
      </trkpt>
      <trkpt lat="49.14586835" lon="-117.9073469">
      </trkpt>
      <trkpt lat="49.14587639" lon="-117.90734368">
      </trkpt>
      <trkpt lat="49.14589406" lon="-117.90733176">
      </trkpt>
      <trkpt lat="49.14591738" lon="-117.90732006">
      </trkpt>
      <trkpt lat="49.14592694" lon="-117.90731172">
      </trkpt>
      <trkpt lat="49.14595043" lon="-117.90729995">
      </trkpt>
      <trkpt lat="49.14596756" lon="-117.90728572">
      </trkpt>
      <trkpt lat="49.14598712" lon="-117.90727824">
      </trkpt>
      <trkpt lat="49.14600774" lon="-117.90726268">
      </trkpt>
      <trkpt lat="49.14601477" lon="-117.90725391">
      </trkpt>
      <trkpt lat="49.14602419" lon="-117.90724216">
      </trkpt>
      <trkpt lat="49.14603428" lon="-117.90723299">
      </trkpt>
      <trkpt lat="49.14604252" lon="-117.90721588">
      </trkpt>
      <trkpt lat="49.14604666" lon="-117.90720727">
      </trkpt>
      <trkpt lat="49.14605624" lon="-117.9071953">
      </trkpt>
      <trkpt lat="49.14606221" lon="-117.90718092">
      </trkpt>
      <trkpt lat="49.14606947" lon="-117.90717185">
      </trkpt>
      <trkpt lat="49.14607674" lon="-117.90716275">
      </trkpt>
      <trkpt lat="49.14609381" lon="-117.9071508">
      </trkpt>
      <trkpt lat="49.14610525" lon="-117.90714268">
      </trkpt>
      <trkpt lat="49.14612015" lon="-117.90713745">
      </trkpt>
      <trkpt lat="49.14613848" lon="-117.90713517">
      </trkpt>
      <trkpt lat="49.1461564" lon="-117.90713403">
      </trkpt>
      <trkpt lat="49.14617706" lon="-117.90713345">
      </trkpt>
      <trkpt lat="49.14619405" lon="-117.90712635">
      </trkpt>
      <trkpt lat="49.14620521" lon="-117.90711924">
      </trkpt>
      <trkpt lat="49.14622198" lon="-117.90710856">
      </trkpt>
      <trkpt lat="49.14623318" lon="-117.90710142">
      </trkpt>
      <trkpt lat="49.14625271" lon="-117.90708711">
      </trkpt>
      <trkpt lat="49.14626396" lon="-117.90707993">
      </trkpt>
      <trkpt lat="49.14627228" lon="-117.90707275">
      </trkpt>
      <trkpt lat="49.14629193" lon="-117.90705834">
      </trkpt>
      <trkpt lat="49.14631658" lon="-117.90703404">
      </trkpt>
      <trkpt lat="49.14632426" lon="-117.9070205">
      </trkpt>
      <trkpt lat="49.14634105" lon="-117.90701541">
      </trkpt>
      <trkpt lat="49.14634903" lon="-117.90700548">
      </trkpt>
      <trkpt lat="49.14636014" lon="-117.90699959">
      </trkpt>
      <trkpt lat="49.14637127" lon="-117.90699369">
      </trkpt>
      <trkpt lat="49.14638245" lon="-117.9069832">
      </trkpt>
      <trkpt lat="49.14640809" lon="-117.90696578">
      </trkpt>
      <trkpt lat="49.14641948" lon="-117.9069547">
      </trkpt>
      <trkpt lat="49.14643379" lon="-117.90694401">
      </trkpt>
      <trkpt lat="49.146451" lon="-117.90692943">
      </trkpt>
      <trkpt lat="49.1464597" lon="-117.90692641">
      </trkpt>
      <trkpt lat="49.14647694" lon="-117.90690748">
      </trkpt>
      <trkpt lat="49.14650463" lon="-117.90688152">
      </trkpt>
      <trkpt lat="49.14651078" lon="-117.90687166">
      </trkpt>
      <trkpt lat="49.14652312" lon="-117.90685626">
      </trkpt>
      <trkpt lat="49.14653544" lon="-117.90684088">
      </trkpt>
      <trkpt lat="49.14654474" lon="-117.90683469">
      </trkpt>
      <trkpt lat="49.14656614" lon="-117.90680954">
      </trkpt>
      <trkpt lat="49.14657834" lon="-117.90679922">
      </trkpt>
      <trkpt lat="49.14660258" lon="-117.90677463">
      </trkpt>
      <trkpt lat="49.14661165" lon="-117.90676492">
      </trkpt>
      <trkpt lat="49.14662962" lon="-117.90673752">
      </trkpt>
      <trkpt lat="49.14663245" lon="-117.90672496">
      </trkpt>
      <trkpt lat="49.14664467" lon="-117.90671869">
      </trkpt>
      <trkpt lat="49.14666925" lon="-117.90670914">
      </trkpt>
      <trkpt lat="49.14668462" lon="-117.90670538">
      </trkpt>
      <trkpt lat="49.14670873" lon="-117.90668922">
      </trkpt>
      <trkpt lat="49.14672047" lon="-117.90667725">
      </trkpt>
      <trkpt lat="49.14672941" lon="-117.90667273">
      </trkpt>
      <trkpt lat="49.1467472" lon="-117.90666008">
      </trkpt>
      <trkpt lat="49.14675906" lon="-117.90665166">
      </trkpt>
      <trkpt lat="49.14676508" lon="-117.90665102">
      </trkpt>
      <trkpt lat="49.14677983" lon="-117.90663946">
      </trkpt>
      <trkpt lat="49.14679176" lon="-117.90663507">
      </trkpt>
      <trkpt lat="49.14680662" lon="-117.90662714">
      </trkpt>
      <trkpt lat="49.14682462" lon="-117.90662543">
      </trkpt>
      <trkpt lat="49.1468396" lon="-117.906624">
      </trkpt>
      <trkpt lat="49.14685451" lon="-117.90661933">
      </trkpt>
      <trkpt lat="49.14686636" lon="-117.90660843">
      </trkpt>
      <trkpt lat="49.14688125" lon="-117.90659721">
      </trkpt>
      <trkpt lat="49.14689316" lon="-117.90658293">
      </trkpt>
      <trkpt lat="49.14689915" lon="-117.90657909">
      </trkpt>
      <trkpt lat="49.14690812" lon="-117.90656502">
      </trkpt>
      <trkpt lat="49.14692617" lon="-117.90655006">
      </trkpt>
      <trkpt lat="49.14692918" lon="-117.90654979">
      </trkpt>
      <trkpt lat="49.14694429" lon="-117.90653506">
      </trkpt>
      <trkpt lat="49.14695638" lon="-117.90652725">
      </trkpt>
      <trkpt lat="49.14696545" lon="-117.90652308">
      </trkpt>
      <trkpt lat="49.14697759" lon="-117.90651525">
      </trkpt>
      <trkpt lat="49.14698676" lon="-117.9065043">
      </trkpt>
      <trkpt lat="49.14699598" lon="-117.90649329">
      </trkpt>
      <trkpt lat="49.14701113" lon="-117.90648381">
      </trkpt>
      <trkpt lat="49.14702027" lon="-117.90647539">
      </trkpt>
      <trkpt lat="49.14703251" lon="-117.906463">
      </trkpt>
      <trkpt lat="49.14704785" lon="-117.90644664">
      </trkpt>
      <trkpt lat="49.14705714" lon="-117.90643472">
      </trkpt>
      <trkpt lat="49.14706956" lon="-117.9064188">
      </trkpt>
      <trkpt lat="49.14708202" lon="-117.90640281">
      </trkpt>
      <trkpt lat="49.14709152" lon="-117.90638729">
      </trkpt>
      <trkpt lat="49.14710066" lon="-117.90638226">
      </trkpt>
      <trkpt lat="49.14712205" lon="-117.90636817">
      </trkpt>
      <trkpt lat="49.14713432" lon="-117.90635912">
      </trkpt>
      <trkpt lat="49.14714361" lon="-117.90635057">
      </trkpt>
      <trkpt lat="49.14715615" lon="-117.90633848">
      </trkpt>
      <trkpt lat="49.14717167" lon="-117.90632574">
      </trkpt>
      <trkpt lat="49.14719022" lon="-117.90630783">
      </trkpt>
      <trkpt lat="49.14720258" lon="-117.90629426">
      </trkpt>
      <trkpt lat="49.14721507" lon="-117.90627659">
      </trkpt>
      <trkpt lat="49.14722741" lon="-117.90626282">
      </trkpt>
      <trkpt lat="49.14723384" lon="-117.90625005">
      </trkpt>
      <trkpt lat="49.14724638" lon="-117.90623233">
      </trkpt>
      <trkpt lat="49.14725265" lon="-117.90622344">
      </trkpt>
      <trkpt lat="49.14725929" lon="-117.90620667">
      </trkpt>
      <trkpt lat="49.14727224" lon="-117.90618094">
      </trkpt>
      <trkpt lat="49.14728171" lon="-117.90616754">
      </trkpt>
      <trkpt lat="49.14729137" lon="-117.90615014">
      </trkpt>
      <trkpt lat="49.1472983" lon="-117.90612917">
      </trkpt>
      <trkpt lat="49.14730484" lon="-117.90611617">
      </trkpt>
      <trkpt lat="49.1473116" lon="-117.90609911">
      </trkpt>
      <trkpt lat="49.1473186" lon="-117.90607795">
      </trkpt>
      <trkpt lat="49.14733112" lon="-117.90606396">
      </trkpt>
      <trkpt lat="49.14734361" lon="-117.90604978">
      </trkpt>
      <trkpt lat="49.14735599" lon="-117.90603534">
      </trkpt>
      <trkpt lat="49.14736546" lon="-117.90602143">
      </trkpt>
      <trkpt lat="49.14738075" lon="-117.90600645">
      </trkpt>
      <trkpt lat="49.14739629" lon="-117.90598738">
      </trkpt>
      <trkpt lat="49.14740601" lon="-117.90596935">
      </trkpt>
      <trkpt lat="49.14741498" lon="-117.90596367">
      </trkpt>
      <trkpt lat="49.14743137" lon="-117.90593706">
      </trkpt>
      <trkpt lat="49.14744106" lon="-117.90592355">
      </trkpt>
      <trkpt lat="49.14745366" lon="-117.90590953">
      </trkpt>
      <trkpt lat="49.14746048" lon="-117.90589646">
      </trkpt>
      <trkpt lat="49.14747346" lon="-117.90587836">
      </trkpt>
      <trkpt lat="49.14748031" lon="-117.90586521">
      </trkpt>
      <trkpt lat="49.14749585" lon="-117.90585069">
      </trkpt>
      <trkpt lat="49.14750236" lon="-117.90584161">
      </trkpt>
      <trkpt lat="49.14751803" lon="-117.9058273">
      </trkpt>
      <trkpt lat="49.14752719" lon="-117.90582213">
      </trkpt>
      <trkpt lat="49.14754298" lon="-117.90580804">
      </trkpt>
      <trkpt lat="49.1475646" lon="-117.90579327">
      </trkpt>
      <trkpt lat="49.14757042" lon="-117.90579257">
      </trkpt>
      <trkpt lat="49.14763674" lon="-117.90575628">
      </trkpt>
      <trkpt lat="49.14764265" lon="-117.90574339">
      </trkpt>
      <trkpt lat="49.14766015" lon="-117.90574136">
      </trkpt>
      <trkpt lat="49.14769063" lon="-117.90573784">
      </trkpt>
      <trkpt lat="49.14772087" lon="-117.90573437">
      </trkpt>
      <trkpt lat="49.14773378" lon="-117.90573287">
      </trkpt>
      <trkpt lat="49.14775718" lon="-117.90572615">
      </trkpt>
      <trkpt lat="49.14777302" lon="-117.90572126">
      </trkpt>
      <trkpt lat="49.14780473" lon="-117.90571619">
      </trkpt>
      <trkpt lat="49.14784876" lon="-117.90569828">
      </trkpt>
      <trkpt lat="49.14789326" lon="-117.90569171">
      </trkpt>
      <trkpt lat="49.1479075" lon="-117.9056909">
      </trkpt>
      <trkpt lat="49.14792524" lon="-117.90568989">
      </trkpt>
      <trkpt lat="49.14793233" lon="-117.90568949">
      </trkpt>
      <trkpt lat="49.14794937" lon="-117.90569679">
      </trkpt>
      <trkpt lat="49.14797128" lon="-117.90570791">
      </trkpt>
      <trkpt lat="49.14798954" lon="-117.90571915">
      </trkpt>
      <trkpt lat="49.14800632" lon="-117.90572633">
      </trkpt>
      <trkpt lat="49.14802918" lon="-117.90573346">
      </trkpt>
      <trkpt lat="49.14804168" lon="-117.90573791">
      </trkpt>
      <trkpt lat="49.14805593" lon="-117.90573835">
      </trkpt>
      <trkpt lat="49.14807414" lon="-117.90574297">
      </trkpt>
      <trkpt lat="49.14809628" lon="-117.9057518">
      </trkpt>
      <trkpt lat="49.1481259" lon="-117.90575678">
      </trkpt>
      <trkpt lat="49.14814517" lon="-117.9057655">
      </trkpt>
      <trkpt lat="49.14815765" lon="-117.90576995">
      </trkpt>
      <trkpt lat="49.14818442" lon="-117.90577485">
      </trkpt>
      <trkpt lat="49.14821405" lon="-117.90577685">
      </trkpt>
      <trkpt lat="49.14821922" lon="-117.90577733">
      </trkpt>
      <trkpt lat="49.14823735" lon="-117.90577906">
      </trkpt>
      <trkpt lat="49.14825554" lon="-117.90578077">
      </trkpt>
      <trkpt lat="49.14826857" lon="-117.90578201">
      </trkpt>
      <trkpt lat="49.14828509" lon="-117.90577539">
      </trkpt>
      <trkpt lat="49.14829206" lon="-117.90577196">
      </trkpt>
      <trkpt lat="49.14829994" lon="-117.90577269">
      </trkpt>
      <trkpt lat="49.14831485" lon="-117.90575761">
      </trkpt>
      <trkpt lat="49.14832279" lon="-117.90574593">
      </trkpt>
      <trkpt lat="49.14833364" lon="-117.90572959">
      </trkpt>
      <trkpt lat="49.14834406" lon="-117.90572592">
      </trkpt>
      <trkpt lat="49.14835031" lon="-117.90571339">
      </trkpt>
      <trkpt lat="49.14836498" lon="-117.90570132">
      </trkpt>
      <trkpt lat="49.14837857" lon="-117.90570068">
      </trkpt>
      <trkpt lat="49.14839156" lon="-117.90569089">
      </trkpt>
      <trkpt lat="49.14840914" lon="-117.90568503">
      </trkpt>
      <trkpt lat="49.14842667" lon="-117.90567918">
      </trkpt>
      <trkpt lat="49.14844416" lon="-117.90567334">
      </trkpt>
      <trkpt lat="49.14847172" lon="-117.90566234">
      </trkpt>
      <trkpt lat="49.14848268" lon="-117.90566141">
      </trkpt>
      <trkpt lat="49.14849723" lon="-117.90566016">
      </trkpt>
      <trkpt lat="49.14852326" lon="-117.90565939">
      </trkpt>
      <trkpt lat="49.14852652" lon="-117.90565929">
      </trkpt>
      <trkpt lat="49.14855663" lon="-117.90565789">
      </trkpt>
      <trkpt lat="49.14858061" lon="-117.90565644">
      </trkpt>
      <trkpt lat="49.14859769" lon="-117.90565541">
      </trkpt>
      <trkpt lat="49.14862834" lon="-117.90565356">
      </trkpt>
      <trkpt lat="49.14865497" lon="-117.9056429">
      </trkpt>
      <trkpt lat="49.14867139" lon="-117.90563287">
      </trkpt>
      <trkpt lat="49.14868465" lon="-117.90562756">
      </trkpt>
      <trkpt lat="49.14870102" lon="-117.90561756">
      </trkpt>
      <trkpt lat="49.148714" lon="-117.90560777">
      </trkpt>
      <trkpt lat="49.14872384" lon="-117.90560268">
      </trkpt>
      <trkpt lat="49.14874035" lon="-117.90559261">
      </trkpt>
      <trkpt lat="49.14875345" lon="-117.90558275">
      </trkpt>
      <trkpt lat="49.148767" lon="-117.90557726">
      </trkpt>
      <trkpt lat="49.14878053" lon="-117.90557176">
      </trkpt>
      <trkpt lat="49.14881051" lon="-117.90555622">
      </trkpt>
      <trkpt lat="49.1488235" lon="-117.90554642">
      </trkpt>
      <trkpt lat="49.14884083" lon="-117.90554505">
      </trkpt>
      <trkpt lat="49.14885031" lon="-117.90553556">
      </trkpt>
      <trkpt lat="49.1488658" lon="-117.90551688">
      </trkpt>
      <trkpt lat="49.1488757" lon="-117.90551175">
      </trkpt>
      <trkpt lat="49.14888879" lon="-117.90550653">
      </trkpt>
      <trkpt lat="49.14892073" lon="-117.90549619">
      </trkpt>
      <trkpt lat="49.14897849" lon="-117.90547743">
      </trkpt>
      <trkpt lat="49.14901797" lon="-117.90546797">
      </trkpt>
      <trkpt lat="49.14903616" lon="-117.90546329">
      </trkpt>
      <trkpt lat="49.14905785" lon="-117.90546284">
      </trkpt>
      <trkpt lat="49.14907286" lon="-117.90546285">
      </trkpt>
      <trkpt lat="49.14908486" lon="-117.90546286">
      </trkpt>
      <trkpt lat="49.14910033" lon="-117.90546712">
      </trkpt>
      <trkpt lat="49.14911579" lon="-117.90547139">
      </trkpt>
      <trkpt lat="49.14913122" lon="-117.90547566">
      </trkpt>
      <trkpt lat="49.14914965" lon="-117.90547991">
      </trkpt>
      <trkpt lat="49.14916163" lon="-117.90547991">
      </trkpt>
      <trkpt lat="49.14919269" lon="-117.90548821">
      </trkpt>
      <trkpt lat="49.14920557" lon="-117.90549205">
      </trkpt>
      <trkpt lat="49.14921843" lon="-117.90549587">
      </trkpt>
      <trkpt lat="49.14923126" lon="-117.90549969">
      </trkpt>
      <trkpt lat="49.14925021" lon="-117.90550336">
      </trkpt>
      <trkpt lat="49.14927216" lon="-117.90550695">
      </trkpt>
      <trkpt lat="49.1492844" lon="-117.90550665">
      </trkpt>
      <trkpt lat="49.14929711" lon="-117.90551045">
      </trkpt>
      <trkpt lat="49.14931285" lon="-117.90551416">
      </trkpt>
      <trkpt lat="49.14933417" lon="-117.90551365">
      </trkpt>
      <trkpt lat="49.1493468" lon="-117.90551743">
      </trkpt>
      <trkpt lat="49.14934984" lon="-117.90551735">
      </trkpt>
      <trkpt lat="49.14936504" lon="-117.90551698">
      </trkpt>
      <trkpt lat="49.1493893" lon="-117.90551638">
      </trkpt>
      <trkpt lat="49.14940748" lon="-117.90551594">
      </trkpt>
      <trkpt lat="49.14941958" lon="-117.90551564">
      </trkpt>
      <trkpt lat="49.14942865" lon="-117.90551542">
      </trkpt>
      <trkpt lat="49.14944074" lon="-117.90551513">
      </trkpt>
      <trkpt lat="49.14945544" lon="-117.9055107">
      </trkpt>
      <trkpt lat="49.14947317" lon="-117.9055062">
      </trkpt>
      <trkpt lat="49.14949127" lon="-117.90550577">
      </trkpt>
      <trkpt lat="49.14951162" lon="-117.90549712">
      </trkpt>
      <trkpt lat="49.14951765" lon="-117.90549698">
      </trkpt>
      <trkpt lat="49.14954139" lon="-117.90549234">
      </trkpt>
      <trkpt lat="49.1495444" lon="-117.90549226">
      </trkpt>
      <trkpt lat="49.14956245" lon="-117.90549184">
      </trkpt>
      <trkpt lat="49.14957714" lon="-117.90548741">
      </trkpt>
      <trkpt lat="49.14959816" lon="-117.90548691">
      </trkpt>
      <trkpt lat="49.14960385" lon="-117.90548271">
      </trkpt>
      <trkpt lat="49.14961556" lon="-117.90547835">
      </trkpt>
      <trkpt lat="49.14962967" lon="-117.90546575">
      </trkpt>
      <trkpt lat="49.14963839" lon="-117.90546146">
      </trkpt>
      <trkpt lat="49.14966158" lon="-117.90544861">
      </trkpt>
      <trkpt lat="49.14967359" lon="-117.90544835">
      </trkpt>
      <trkpt lat="49.14968559" lon="-117.90544807">
      </trkpt>
      <trkpt lat="49.14969459" lon="-117.90544788">
      </trkpt>
      <trkpt lat="49.14970982" lon="-117.90545164">
      </trkpt>
      <trkpt lat="49.149728" lon="-117.90545533">
      </trkpt>
      <trkpt lat="49.14974018" lon="-117.90545914">
      </trkpt>
      <trkpt lat="49.14975245" lon="-117.9054627">
      </trkpt>
      <trkpt lat="49.1497617" lon="-117.90546635">
      </trkpt>
      <trkpt lat="49.14977995" lon="-117.90546956">
      </trkpt>
      <trkpt lat="49.14979832" lon="-117.90547681">
      </trkpt>
      <trkpt lat="49.14980747" lon="-117.90548042">
      </trkpt>
      <trkpt lat="49.14982012" lon="-117.90549592">
      </trkpt>
      <trkpt lat="49.14983548" lon="-117.9055072">
      </trkpt>
      <trkpt lat="49.14984798" lon="-117.90552692">
      </trkpt>
      <trkpt lat="49.14985394" lon="-117.90553084">
      </trkpt>
      <trkpt lat="49.14985722" lon="-117.90554296">
      </trkpt>
      <trkpt lat="49.14987202" lon="-117.9055507">
      </trkpt>
      <trkpt lat="49.14988688" lon="-117.90556243">
      </trkpt>
      <trkpt lat="49.1498957" lon="-117.90556624">
      </trkpt>
      <trkpt lat="49.14991309" lon="-117.90556577">
      </trkpt>
      <trkpt lat="49.1499364" lon="-117.90556451">
      </trkpt>
      <trkpt lat="49.14995964" lon="-117.90556323">
      </trkpt>
      <trkpt lat="49.14997696" lon="-117.90555826">
      </trkpt>
      <trkpt lat="49.14998852" lon="-117.90555763">
      </trkpt>
      <trkpt lat="49.15000296" lon="-117.90555685">
      </trkpt>
      <trkpt lat="49.15002024" lon="-117.9055559">
      </trkpt>
      <trkpt lat="49.15003745" lon="-117.90555533">
      </trkpt>
      <trkpt lat="49.15004899" lon="-117.90556281">
      </trkpt>
      <trkpt lat="49.15005759" lon="-117.90556648">
      </trkpt>
      <trkpt lat="49.15007482" lon="-117.9055815">
      </trkpt>
      <trkpt lat="49.1500891" lon="-117.90559258">
      </trkpt>
      <trkpt lat="49.15010048" lon="-117.9056035">
      </trkpt>
      <trkpt lat="49.15012592" lon="-117.90561458">
      </trkpt>
      <trkpt lat="49.15013718" lon="-117.9056263">
      </trkpt>
      <trkpt lat="49.15015684" lon="-117.90563781">
      </trkpt>
      <trkpt lat="49.15016804" lon="-117.90564551">
      </trkpt>
      <trkpt lat="49.15018202" lon="-117.9056531">
      </trkpt>
      <trkpt lat="49.15019874" lon="-117.90566461">
      </trkpt>
      <trkpt lat="49.15021532" lon="-117.90567939">
      </trkpt>
      <trkpt lat="49.15022628" lon="-117.90569026">
      </trkpt>
      <trkpt lat="49.15023724" lon="-117.90569725">
      </trkpt>
      <trkpt lat="49.15024811" lon="-117.90570804">
      </trkpt>
      <trkpt lat="49.15025908" lon="-117.90571121">
      </trkpt>
      <trkpt lat="49.15027" lon="-117.9057185">
      </trkpt>
      <trkpt lat="49.15028096" lon="-117.90572195">
      </trkpt>
      <trkpt lat="49.15029732" lon="-117.90572903">
      </trkpt>
      <trkpt lat="49.1503193" lon="-117.90572829">
      </trkpt>
      <trkpt lat="49.15033311" lon="-117.90572403">
      </trkpt>
      <trkpt lat="49.15034957" lon="-117.90572348">
      </trkpt>
      <trkpt lat="49.15036623" lon="-117.90571533">
      </trkpt>
      <trkpt lat="49.150383" lon="-117.90570336">
      </trkpt>
      <trkpt lat="49.15039158" lon="-117.90569165">
      </trkpt>
      <trkpt lat="49.15040302" lon="-117.90568018">
      </trkpt>
      <trkpt lat="49.15041187" lon="-117.90566066">
      </trkpt>
      <trkpt lat="49.15042338" lon="-117.90564913">
      </trkpt>
      <trkpt lat="49.15042939" lon="-117.9056334">
      </trkpt>
      <trkpt lat="49.15044405" lon="-117.90561834">
      </trkpt>
      <trkpt lat="49.15046226" lon="-117.9055921">
      </trkpt>
      <trkpt lat="49.15047151" lon="-117.90557696">
      </trkpt>
      <trkpt lat="49.15047779" lon="-117.90556558">
      </trkpt>
      <trkpt lat="49.15049049" lon="-117.90554284">
      </trkpt>
      <trkpt lat="49.15049688" lon="-117.90553141">
      </trkpt>
      <trkpt lat="49.1505064" lon="-117.90551612">
      </trkpt>
      <trkpt lat="49.15051884" lon="-117.90550082">
      </trkpt>
      <trkpt lat="49.15053111" lon="-117.90548938">
      </trkpt>
      <trkpt lat="49.15054395" lon="-117.90546997">
      </trkpt>
      <trkpt lat="49.15055078" lon="-117.90545428">
      </trkpt>
      <trkpt lat="49.15056805" lon="-117.90542804">
      </trkpt>
      <trkpt lat="49.15057269" lon="-117.9054045">
      </trkpt>
      <trkpt lat="49.15057998" lon="-117.90537645">
      </trkpt>
      <trkpt lat="49.15058191" lon="-117.90535776">
      </trkpt>
      <trkpt lat="49.15058335" lon="-117.90532984">
      </trkpt>
      <trkpt lat="49.15058237" lon="-117.90531128">
      </trkpt>
      <trkpt lat="49.15058164" lon="-117.90529741">
      </trkpt>
      <trkpt lat="49.1505816" lon="-117.90528004">
      </trkpt>
      <trkpt lat="49.1505753" lon="-117.90525768">
      </trkpt>
      <trkpt lat="49.15056845" lon="-117.90523479">
      </trkpt>
      <trkpt lat="49.15056165" lon="-117.90521201">
      </trkpt>
      <trkpt lat="49.15055165" lon="-117.90518034">
      </trkpt>
      <trkpt lat="49.15054814" lon="-117.9051668">
      </trkpt>
      <trkpt lat="49.15054472" lon="-117.90514484">
      </trkpt>
      <trkpt lat="49.15054199" lon="-117.90513208">
      </trkpt>
      <trkpt lat="49.15054186" lon="-117.90512343">
      </trkpt>
      <trkpt lat="49.150539" lon="-117.90510204">
      </trkpt>
      <trkpt lat="49.15053317" lon="-117.90508903">
      </trkpt>
      <trkpt lat="49.15052479" lon="-117.90507622">
      </trkpt>
      <trkpt lat="49.15051362" lon="-117.90505915">
      </trkpt>
      <trkpt lat="49.15050827" lon="-117.90505507">
      </trkpt>
      <trkpt lat="49.15049733" lon="-117.90504242">
      </trkpt>
      <trkpt lat="49.15048895" lon="-117.90502961">
      </trkpt>
      <trkpt lat="49.15047776" lon="-117.90501251">
      </trkpt>
      <trkpt lat="49.15046679" lon="-117.90499985">
      </trkpt>
      <trkpt lat="49.15046099" lon="-117.90498687">
      </trkpt>
      <trkpt lat="49.15045219" lon="-117.90496525">
      </trkpt>
      <trkpt lat="49.15044402" lon="-117.90495685">
      </trkpt>
      <trkpt lat="49.15044063" lon="-117.90493943">
      </trkpt>
      <trkpt lat="49.1504347" lon="-117.90492219">
      </trkpt>
      <trkpt lat="49.15042627" lon="-117.90490088">
      </trkpt>
      <trkpt lat="49.15041765" lon="-117.90487526">
      </trkpt>
      <trkpt lat="49.15040931" lon="-117.90485826">
      </trkpt>
      <trkpt lat="49.15040345" lon="-117.90483693">
      </trkpt>
      <trkpt lat="49.15039499" lon="-117.90481568">
      </trkpt>
      <trkpt lat="49.15039189" lon="-117.90479866">
      </trkpt>
      <trkpt lat="49.15038879" lon="-117.90478169">
      </trkpt>
      <trkpt lat="49.15038024" lon="-117.9047563">
      </trkpt>
      <trkpt lat="49.15037444" lon="-117.90473518">
      </trkpt>
      <trkpt lat="49.15037433" lon="-117.90473097">
      </trkpt>
      <trkpt lat="49.15037375" lon="-117.90470997">
      </trkpt>
      <trkpt lat="49.1503681" lon="-117.90469316">
      </trkpt>
      <trkpt lat="49.15036472" lon="-117.90466394">
      </trkpt>
      <trkpt lat="49.15036409" lon="-117.90464324">
      </trkpt>
      <trkpt lat="49.15036046" lon="-117.90461446">
      </trkpt>
      <trkpt lat="49.15035517" lon="-117.90453761">
      </trkpt>
      <trkpt lat="49.15035962" lon="-117.90451792">
      </trkpt>
      <trkpt lat="49.15036162" lon="-117.9045022">
      </trkpt>
      <trkpt lat="49.15036586" lon="-117.90447887">
      </trkpt>
      <trkpt lat="49.15036791" lon="-117.90445515">
      </trkpt>
      <trkpt lat="49.15036756" lon="-117.90443528">
      </trkpt>
      <trkpt lat="49.15036471" lon="-117.90440714">
      </trkpt>
      <trkpt lat="49.15036222" lon="-117.90440284">
      </trkpt>
      <trkpt lat="49.15035973" lon="-117.90438229">
      </trkpt>
      <trkpt lat="49.15035724" lon="-117.90435764">
      </trkpt>
      <trkpt lat="49.15035475" lon="-117.90432889">
      </trkpt>
      <trkpt lat="49.15035471" lon="-117.90431269">
      </trkpt>
      <trkpt lat="49.15035189" lon="-117.90427645">
      </trkpt>
      <trkpt lat="49.15035171" lon="-117.9042565">
      </trkpt>
      <trkpt lat="49.1503516" lon="-117.90423645">
      </trkpt>
      <trkpt lat="49.15035411" lon="-117.90422053">
      </trkpt>
      <trkpt lat="49.15035663" lon="-117.90419652">
      </trkpt>
      <trkpt lat="49.15035914" lon="-117.90417659">
      </trkpt>
      <trkpt lat="49.15036149" lon="-117.90415712">
      </trkpt>
      <trkpt lat="49.15036386" lon="-117.90414567">
      </trkpt>
      <trkpt lat="49.15036357" lon="-117.90411409">
      </trkpt>
      <trkpt lat="49.1503635" lon="-117.9041062">
      </trkpt>
      <trkpt lat="49.15036587" lon="-117.90409483">
      </trkpt>
      <trkpt lat="49.1503657" lon="-117.90407518">
      </trkpt>
      <trkpt lat="49.15036556" lon="-117.90405948">
      </trkpt>
      <trkpt lat="49.15036766" lon="-117.90402079">
      </trkpt>
      <trkpt lat="49.15036748" lon="-117.90400125">
      </trkpt>
      <trkpt lat="49.15036727" lon="-117.90397784">
      </trkpt>
      <trkpt lat="49.15036709" lon="-117.90395838">
      </trkpt>
      <trkpt lat="49.15036941" lon="-117.90394337">
      </trkpt>
      <trkpt lat="49.15036923" lon="-117.90392395">
      </trkpt>
      <trkpt lat="49.15036912" lon="-117.90391232">
      </trkpt>
      <trkpt lat="49.15037139" lon="-117.90389354">
      </trkpt>
      <trkpt lat="49.15037114" lon="-117.9038665">
      </trkpt>
      <trkpt lat="49.15037085" lon="-117.90383566">
      </trkpt>
      <trkpt lat="49.15037053" lon="-117.90380107">
      </trkpt>
      <trkpt lat="49.15037028" lon="-117.90377421">
      </trkpt>
      <trkpt lat="49.15037015" lon="-117.90375485">
      </trkpt>
      <trkpt lat="49.15037762" lon="-117.90363093">
      </trkpt>
      <trkpt lat="49.15037763" lon="-117.9036111">
      </trkpt>
      <trkpt lat="49.15037975" lon="-117.90357725">
      </trkpt>
      <trkpt lat="49.15038196" lon="-117.90354479">
      </trkpt>
      <trkpt lat="49.15038677" lon="-117.9035285">
      </trkpt>
      <trkpt lat="49.150389" lon="-117.90350061">
      </trkpt>
      <trkpt lat="49.15039117" lon="-117.9034799">
      </trkpt>
      <trkpt lat="49.15039328" lon="-117.90345479">
      </trkpt>
      <trkpt lat="49.15039323" lon="-117.90345033">
      </trkpt>
      <trkpt lat="49.15039965" lon="-117.90338883">
      </trkpt>
      <trkpt lat="49.15039946" lon="-117.90337114">
      </trkpt>
      <trkpt lat="49.15040159" lon="-117.90335081">
      </trkpt>
      <trkpt lat="49.15041051" lon="-117.90331388">
      </trkpt>
      <trkpt lat="49.15041265" lon="-117.90329814">
      </trkpt>
      <trkpt lat="49.15042141" lon="-117.90325733">
      </trkpt>
      <trkpt lat="49.15042132" lon="-117.90324862">
      </trkpt>
      <trkpt lat="49.15042784" lon="-117.90321937">
      </trkpt>
      <trkpt lat="49.15042981" lon="-117.90319109">
      </trkpt>
      <trkpt lat="49.15043626" lon="-117.90315439">
      </trkpt>
      <trkpt lat="49.150436" lon="-117.90313292">
      </trkpt>
      <trkpt lat="49.15044026" lon="-117.90310723">
      </trkpt>
      <trkpt lat="49.15044" lon="-117.90308587">
      </trkpt>
      <trkpt lat="49.15044417" lon="-117.90305613">
      </trkpt>
      <trkpt lat="49.1504461" lon="-117.90302857">
      </trkpt>
      <trkpt lat="49.1504485" lon="-117.90300509">
      </trkpt>
      <trkpt lat="49.15044854" lon="-117.90300164">
      </trkpt>
      <trkpt lat="49.15045344" lon="-117.90296307">
      </trkpt>
      <trkpt lat="49.15045806" lon="-117.90294524">
      </trkpt>
      <trkpt lat="49.15046502" lon="-117.90291509">
      </trkpt>
      <trkpt lat="49.15046977" lon="-117.902887">
      </trkpt>
      <trkpt lat="49.15047211" lon="-117.9028747">
      </trkpt>
      <trkpt lat="49.15047652" lon="-117.90284819">
      </trkpt>
      <trkpt lat="49.15048303" lon="-117.90282302">
      </trkpt>
      <trkpt lat="49.15048949" lon="-117.90280172">
      </trkpt>
      <trkpt lat="49.15049806" lon="-117.90277102">
      </trkpt>
      <trkpt lat="49.15050643" lon="-117.90274323">
      </trkpt>
      <trkpt lat="49.1505106" lon="-117.90273513">
      </trkpt>
      <trkpt lat="49.15051677" lon="-117.90270963">
      </trkpt>
      <trkpt lat="49.15052699" lon="-117.90266871">
      </trkpt>
      <trkpt lat="49.15053105" lon="-117.90265321">
      </trkpt>
      <trkpt lat="49.15053534" lon="-117.9026318">
      </trkpt>
      <trkpt lat="49.15054601" lon="-117.90259863">
      </trkpt>
      <trkpt lat="49.15055447" lon="-117.90257428">
      </trkpt>
      <trkpt lat="49.15055871" lon="-117.90256047">
      </trkpt>
      <trkpt lat="49.15056315" lon="-117.90253319">
      </trkpt>
      <trkpt lat="49.15056711" lon="-117.90251813">
      </trkpt>
      <trkpt lat="49.1505686" lon="-117.90248828">
      </trkpt>
      <trkpt lat="49.15056828" lon="-117.9024685">
      </trkpt>
      <trkpt lat="49.15057042" lon="-117.90243459">
      </trkpt>
      <trkpt lat="49.15057081" lon="-117.90241096">
      </trkpt>
      <trkpt lat="49.15057499" lon="-117.90239374">
      </trkpt>
      <trkpt lat="49.15057508" lon="-117.90237231">
      </trkpt>
      <trkpt lat="49.15057474" lon="-117.90235263">
      </trkpt>
      <trkpt lat="49.15057447" lon="-117.90233691">
      </trkpt>
      <trkpt lat="49.15057605" lon="-117.90231162">
      </trkpt>
      <trkpt lat="49.15057572" lon="-117.90229203">
      </trkpt>
      <trkpt lat="49.15057722" lon="-117.90226299">
      </trkpt>
      <trkpt lat="49.15058081" lon="-117.90224017">
      </trkpt>
      <trkpt lat="49.15058257" lon="-117.90222687">
      </trkpt>
      <trkpt lat="49.15058436" lon="-117.90220296">
      </trkpt>
      <trkpt lat="49.15058436" lon="-117.90219217">
      </trkpt>
      <trkpt lat="49.15058457" lon="-117.90217141">
      </trkpt>
      <trkpt lat="49.1505848" lon="-117.90215793">
      </trkpt>
      <trkpt lat="49.15058515" lon="-117.90213768">
      </trkpt>
      <trkpt lat="49.15058589" lon="-117.90209371">
      </trkpt>
      <trkpt lat="49.15058607" lon="-117.90208355">
      </trkpt>
      <trkpt lat="49.15058269" lon="-117.90205607">
      </trkpt>
      <trkpt lat="49.15058309" lon="-117.90203223">
      </trkpt>
      <trkpt lat="49.15058332" lon="-117.90201858">
      </trkpt>
      <trkpt lat="49.15058243" lon="-117.90198406">
      </trkpt>
      <trkpt lat="49.15058309" lon="-117.90196457">
      </trkpt>
      <trkpt lat="49.15058165" lon="-117.90194967">
      </trkpt>
      <trkpt lat="49.15057695" lon="-117.90191448">
      </trkpt>
      <trkpt lat="49.15057483" lon="-117.9018612">
      </trkpt>
      <trkpt lat="49.15057559" lon="-117.90184531">
      </trkpt>
      <trkpt lat="49.1505759" lon="-117.90183895">
      </trkpt>
      <trkpt lat="49.1505745" lon="-117.90182752">
      </trkpt>
      <trkpt lat="49.15057573" lon="-117.90180187">
      </trkpt>
      <trkpt lat="49.15057682" lon="-117.90177931">
      </trkpt>
      <trkpt lat="49.15057619" lon="-117.90175143">
      </trkpt>
      <trkpt lat="49.15057696" lon="-117.90173514">
      </trkpt>
      <trkpt lat="49.15057838" lon="-117.90170567">
      </trkpt>
      <trkpt lat="49.15057917" lon="-117.90168926">
      </trkpt>
      <trkpt lat="49.15057789" lon="-117.90165884">
      </trkpt>
      <trkpt lat="49.15057403" lon="-117.90162839">
      </trkpt>
      <trkpt lat="49.15056964" lon="-117.90158902">
      </trkpt>
      <trkpt lat="49.15056953" lon="-117.90155574">
      </trkpt>
      <trkpt lat="49.15057053" lon="-117.90154067">
      </trkpt>
      <trkpt lat="49.15057316" lon="-117.90151988">
      </trkpt>
      <trkpt lat="49.150574" lon="-117.90149729">
      </trkpt>
      <trkpt lat="49.15057303" lon="-117.90147639">
      </trkpt>
      <trkpt lat="49.15057347" lon="-117.90144579">
      </trkpt>
      <trkpt lat="49.15057449" lon="-117.90142781">
      </trkpt>
      <trkpt lat="49.15057493" lon="-117.90139764">
      </trkpt>
      <trkpt lat="49.15057435" lon="-117.90138539">
      </trkpt>
      <trkpt lat="49.15057518" lon="-117.90136368">
      </trkpt>
      <trkpt lat="49.15057232" lon="-117.90132838">
      </trkpt>
      <trkpt lat="49.15057334" lon="-117.9013075">
      </trkpt>
      <trkpt lat="49.15057269" lon="-117.90128821">
      </trkpt>
      <trkpt lat="49.1505718" lon="-117.90126131">
      </trkpt>
      <trkpt lat="49.15057153" lon="-117.90125361">
      </trkpt>
      <trkpt lat="49.15057059" lon="-117.90120688">
      </trkpt>
      <trkpt lat="49.15056967" lon="-117.90117959">
      </trkpt>
      <trkpt lat="49.1505683" lon="-117.9011665">
      </trkpt>
      <trkpt lat="49.15056806" lon="-117.90114442">
      </trkpt>
      <trkpt lat="49.15056661" lon="-117.90112793">
      </trkpt>
      <trkpt lat="49.15056994" lon="-117.90110118">
      </trkpt>
      <trkpt lat="49.15057212" lon="-117.90108357">
      </trkpt>
      <trkpt lat="49.15057664" lon="-117.90106638">
      </trkpt>
      <trkpt lat="49.15058453" lon="-117.90104438">
      </trkpt>
      <trkpt lat="49.15059231" lon="-117.90102269">
      </trkpt>
      <trkpt lat="49.15059866" lon="-117.90100919">
      </trkpt>
      <trkpt lat="49.15060838" lon="-117.90099456">
      </trkpt>
      <trkpt lat="49.15061267" lon="-117.90097838">
      </trkpt>
      <trkpt lat="49.15061825" lon="-117.90095148">
      </trkpt>
      <trkpt lat="49.15061965" lon="-117.90094399">
      </trkpt>
      <trkpt lat="49.15062354" lon="-117.90091487">
      </trkpt>
      <trkpt lat="49.15062603" lon="-117.90089334">
      </trkpt>
      <trkpt lat="49.15062563" lon="-117.90088317">
      </trkpt>
      <trkpt lat="49.1506251" lon="-117.90086963">
      </trkpt>
      <trkpt lat="49.15062443" lon="-117.90085276">
      </trkpt>
      <trkpt lat="49.1506235" lon="-117.9008292">
      </trkpt>
      <trkpt lat="49.15062298" lon="-117.90081578">
      </trkpt>
      <trkpt lat="49.15062229" lon="-117.90080223">
      </trkpt>
      <trkpt lat="49.15062128" lon="-117.90078522">
      </trkpt>
      <trkpt lat="49.15061848" lon="-117.90073792">
      </trkpt>
      <trkpt lat="49.1506173" lon="-117.90071782">
      </trkpt>
      <trkpt lat="49.15061651" lon="-117.90070447">
      </trkpt>
      <trkpt lat="49.15062072" lon="-117.90069342">
      </trkpt>
      <trkpt lat="49.15062649" lon="-117.90068213">
      </trkpt>
      <trkpt lat="49.15063416" lon="-117.90067718">
      </trkpt>
      <trkpt lat="49.15064271" lon="-117.90066219">
      </trkpt>
      <trkpt lat="49.1506454" lon="-117.90065509">
      </trkpt>
      <trkpt lat="49.15065353" lon="-117.90063719">
      </trkpt>
      <trkpt lat="49.15065477" lon="-117.90063366">
      </trkpt>
      <trkpt lat="49.15065791" lon="-117.90061668">
      </trkpt>
      <trkpt lat="49.15065951" lon="-117.90060015">
      </trkpt>
      <trkpt lat="49.15065868" lon="-117.90059061">
      </trkpt>
      <trkpt lat="49.15065133" lon="-117.90057568">
      </trkpt>
      <trkpt lat="49.15064244" lon="-117.90056093">
      </trkpt>
      <trkpt lat="49.15063888" lon="-117.90055502">
      </trkpt>
      <trkpt lat="49.15063352" lon="-117.90054613">
      </trkpt>
      <trkpt lat="49.15061917" lon="-117.90052233">
      </trkpt>
      <trkpt lat="49.15060809" lon="-117.90050119">
      </trkpt>
      <trkpt lat="49.15060759" lon="-117.90049487">
      </trkpt>
      <trkpt lat="49.15060502" lon="-117.9004824">
      </trkpt>
      <trkpt lat="49.15059204" lon="-117.90046431">
      </trkpt>
      <trkpt lat="49.15057502" lon="-117.90044615">
      </trkpt>
      <trkpt lat="49.15056133" lon="-117.90042775">
      </trkpt>
      <trkpt lat="49.15055191" lon="-117.90041864">
      </trkpt>
      <trkpt lat="49.15054217" lon="-117.90040635">
      </trkpt>
      <trkpt lat="49.15053184" lon="-117.90038777">
      </trkpt>
      <trkpt lat="49.15052208" lon="-117.90037544">
      </trkpt>
      <trkpt lat="49.15051432" lon="-117.9003662">
      </trkpt>
      <trkpt lat="49.15050426" lon="-117.90035072">
      </trkpt>
      <trkpt lat="49.15049997" lon="-117.90034142">
      </trkpt>
      <trkpt lat="49.15048815" lon="-117.90032595">
      </trkpt>
      <trkpt lat="49.15048337" lon="-117.9003105">
      </trkpt>
      <trkpt lat="49.1504786" lon="-117.90029509">
      </trkpt>
      <trkpt lat="49.15047386" lon="-117.90027977">
      </trkpt>
      <trkpt lat="49.15046912" lon="-117.9002645">
      </trkpt>
      <trkpt lat="49.15046617" lon="-117.90024934">
      </trkpt>
      <trkpt lat="49.15045995" lon="-117.90023714">
      </trkpt>
      <trkpt lat="49.15044137" lon="-117.90020063">
      </trkpt>
      <trkpt lat="49.15042719" lon="-117.90017627">
      </trkpt>
      <trkpt lat="49.15042085" lon="-117.90016424">
      </trkpt>
      <trkpt lat="49.15041269" lon="-117.90015213">
      </trkpt>
      <trkpt lat="49.15040883" lon="-117.90014902">
      </trkpt>
      <trkpt lat="49.1504045" lon="-117.90013704">
      </trkpt>
      <trkpt lat="49.15039677" lon="-117.90012774">
      </trkpt>
      <trkpt lat="49.15038659" lon="-117.90010962">
      </trkpt>
      <trkpt lat="49.15037838" lon="-117.90009459">
      </trkpt>
      <trkpt lat="49.15037018" lon="-117.90007961">
      </trkpt>
      <trkpt lat="49.15036384" lon="-117.90006481">
      </trkpt>
      <trkpt lat="49.15035552" lon="-117.90004704">
      </trkpt>
      <trkpt lat="49.15034922" lon="-117.90003235">
      </trkpt>
      <trkpt lat="49.15034492" lon="-117.90002071">
      </trkpt>
      <trkpt lat="49.15034462" lon="-117.90001509">
      </trkpt>
      <trkpt lat="49.15034049" lon="-117.90000629">
      </trkpt>
      <trkpt lat="49.15033382" lon="-117.89998342">
      </trkpt>
      <trkpt lat="49.15032548" lon="-117.89996322">
      </trkpt>
      <trkpt lat="49.1503147" lon="-117.89992929">
      </trkpt>
      <trkpt lat="49.15029893" lon="-117.89986329">
      </trkpt>
      <trkpt lat="49.15029221" lon="-117.89983364">
      </trkpt>
      <trkpt lat="49.15028949" lon="-117.89981265">
      </trkpt>
      <trkpt lat="49.15028731" lon="-117.89980185">
      </trkpt>
      <trkpt lat="49.15028341" lon="-117.89979343">
      </trkpt>
      <trkpt lat="49.15028125" lon="-117.89978269">
      </trkpt>
      <trkpt lat="49.15028074" lon="-117.89975552">
      </trkpt>
      <trkpt lat="49.15027977" lon="-117.89972734">
      </trkpt>
      <trkpt lat="49.15027952" lon="-117.89971972">
      </trkpt>
      <trkpt lat="49.15027692" lon="-117.89969677">
      </trkpt>
      <trkpt lat="49.15027428" lon="-117.89967154">
      </trkpt>
      <trkpt lat="49.15027362" lon="-117.89965172">
      </trkpt>
      <trkpt lat="49.15027329" lon="-117.89964188">
      </trkpt>
      <trkpt lat="49.15027297" lon="-117.8996321">
      </trkpt>
      <trkpt lat="49.15027256" lon="-117.8996199">
      </trkpt>
      <trkpt lat="49.15027224" lon="-117.89961022">
      </trkpt>
      <trkpt lat="49.15026836" lon="-117.89959723">
      </trkpt>
      <trkpt lat="49.15025908" lon="-117.89958665">
      </trkpt>
      <trkpt lat="49.1502535" lon="-117.89957595">
      </trkpt>
      <trkpt lat="49.15024616" lon="-117.89956214">
      </trkpt>
      <trkpt lat="49.1502407" lon="-117.89955357">
      </trkpt>
      <trkpt lat="49.15023699" lon="-117.89954546">
      </trkpt>
      <trkpt lat="49.15023147" lon="-117.89953451">
      </trkpt>
      <trkpt lat="49.15022596" lon="-117.89952356">
      </trkpt>
      <trkpt lat="49.15022226" lon="-117.89951548">
      </trkpt>
      <trkpt lat="49.15021489" lon="-117.89949934">
      </trkpt>
      <trkpt lat="49.15021307" lon="-117.89949648">
      </trkpt>
      <trkpt lat="49.15020384" lon="-117.89947516">
      </trkpt>
      <trkpt lat="49.15019815" lon="-117.89945263">
      </trkpt>
      <trkpt lat="49.15019622" lon="-117.89944282">
      </trkpt>
      <trkpt lat="49.15019423" lon="-117.89942845">
      </trkpt>
      <trkpt lat="49.15019047" lon="-117.8994136">
      </trkpt>
      <trkpt lat="49.1501885" lon="-117.89939938">
      </trkpt>
      <trkpt lat="49.15018667" lon="-117.89939427">
      </trkpt>
      <trkpt lat="49.15018292" lon="-117.89937731">
      </trkpt>
      <trkpt lat="49.15018104" lon="-117.89936773">
      </trkpt>
      <trkpt lat="49.15018083" lon="-117.89935205">
      </trkpt>
      <trkpt lat="49.15018057" lon="-117.8993346">
      </trkpt>
      <trkpt lat="49.15017858" lon="-117.89931939">
      </trkpt>
      <trkpt lat="49.15017661" lon="-117.8993043">
      </trkpt>
      <trkpt lat="49.15017305" lon="-117.89929916">
      </trkpt>
      <trkpt lat="49.1501712" lon="-117.89929039">
      </trkpt>
      <trkpt lat="49.15016584" lon="-117.8992786">
      </trkpt>
      <trkpt lat="49.1501588" lon="-117.89927043">
      </trkpt>
      <trkpt lat="49.15015525" lon="-117.89926056">
      </trkpt>
      <trkpt lat="49.15015" lon="-117.899254">
      </trkpt>
      <trkpt lat="49.15014474" lon="-117.89924264">
      </trkpt>
      <trkpt lat="49.15013595" lon="-117.89923244">
      </trkpt>
      <trkpt lat="49.1501289" lon="-117.89922282">
      </trkpt>
      <trkpt lat="49.15012006" lon="-117.89921354">
      </trkpt>
      <trkpt lat="49.15011652" lon="-117.89920806">
      </trkpt>
      <trkpt lat="49.15010944" lon="-117.89919705">
      </trkpt>
      <trkpt lat="49.15010591" lon="-117.89918932">
      </trkpt>
      <trkpt lat="49.15010064" lon="-117.8991699">
      </trkpt>
      <trkpt lat="49.1500936" lon="-117.89915446">
      </trkpt>
      <trkpt lat="49.15009011" lon="-117.89914232">
      </trkpt>
      <trkpt lat="49.15008664" lon="-117.89912799">
      </trkpt>
      <trkpt lat="49.15008495" lon="-117.89911418">
      </trkpt>
      <trkpt lat="49.15008147" lon="-117.89910171">
      </trkpt>
      <trkpt lat="49.15007806" lon="-117.8990858">
      </trkpt>
      <trkpt lat="49.15007809" lon="-117.89908115">
      </trkpt>
      <trkpt lat="49.15007462" lon="-117.89906862">
      </trkpt>
      <trkpt lat="49.15007091" lon="-117.89903255">
      </trkpt>
      <trkpt lat="49.15005527" lon="-117.89900076">
      </trkpt>
      <trkpt lat="49.15001403" lon="-117.89886714">
      </trkpt>
      <trkpt lat="49.14982427" lon="-117.89861234">
      </trkpt>
      <trkpt lat="49.14963996" lon="-117.89841679">
      </trkpt>
      <trkpt lat="49.14944742" lon="-117.898165">
      </trkpt>
      <trkpt lat="49.14931088" lon="-117.89793709">
      </trkpt>
      <trkpt lat="49.14923845" lon="-117.89784364">
      </trkpt>
      <trkpt lat="49.14908683" lon="-117.89759167">
      </trkpt>
      <trkpt lat="49.14884149" lon="-117.89730836">
      </trkpt>
      <trkpt lat="49.1485607" lon="-117.89697284">
      </trkpt>
      <trkpt lat="49.14849615" lon="-117.89688156">
      </trkpt>
      <trkpt lat="49.14833908" lon="-117.89666229">
      </trkpt>
      <trkpt lat="49.14818829" lon="-117.89642609">
      </trkpt>
      <trkpt lat="49.14811059" lon="-117.89634202">
      </trkpt>
      <trkpt lat="49.14807521" lon="-117.89629256">
      </trkpt>
      <trkpt lat="49.14801437" lon="-117.89620522">
      </trkpt>
      <trkpt lat="49.14793448" lon="-117.89614957">
      </trkpt>
      <trkpt lat="49.14773172" lon="-117.89584204">
      </trkpt>
      <trkpt lat="49.1475542" lon="-117.89559569">
      </trkpt>
      <trkpt lat="49.14734758" lon="-117.89534825">
      </trkpt>
      <trkpt lat="49.14710207" lon="-117.89501508">
      </trkpt>
      <trkpt lat="49.14702312" lon="-117.89494433">
      </trkpt>
      <trkpt lat="49.1467715" lon="-117.89472876">
      </trkpt>
      <trkpt lat="49.14670645" lon="-117.89464862">
      </trkpt>
      <trkpt lat="49.14668064" lon="-117.89459925">
      </trkpt>
      <trkpt lat="49.14656806" lon="-117.89435232">
      </trkpt>
      <trkpt lat="49.14637789" lon="-117.8940422">
      </trkpt>
      <trkpt lat="49.14617235" lon="-117.89368252">
      </trkpt>
      <trkpt lat="49.14613866" lon="-117.89363642">
      </trkpt>
      <trkpt lat="49.14605158" lon="-117.89348329">
      </trkpt>
      <trkpt lat="49.14602542" lon="-117.89343157">
      </trkpt>
      <trkpt lat="49.14583985" lon="-117.89314575">
      </trkpt>
      <trkpt lat="49.14568629" lon="-117.89286596">
      </trkpt>
      <trkpt lat="49.14565745" lon="-117.89282279">
      </trkpt>
      <trkpt lat="49.14561555" lon="-117.89277527">
      </trkpt>
      <trkpt lat="49.14553584" lon="-117.89270217">
      </trkpt>
      <trkpt lat="49.14550289" lon="-117.89265147">
      </trkpt>
      <trkpt lat="49.14547255" lon="-117.89259086">
      </trkpt>
      <trkpt lat="49.14543685" lon="-117.89252934">
      </trkpt>
      <trkpt lat="49.14539947" lon="-117.89246639">
      </trkpt>
      <trkpt lat="49.14533417" lon="-117.89233479">
      </trkpt>
      <trkpt lat="49.14525387" lon="-117.89225978">
      </trkpt>
      <trkpt lat="49.14524809" lon="-117.89232373">
      </trkpt>
      <trkpt lat="49.14519486" lon="-117.89246238">
      </trkpt>
      <trkpt lat="49.14515362" lon="-117.89245868">
      </trkpt>
      <trkpt lat="49.14512068" lon="-117.89243404">
      </trkpt>
      <trkpt lat="49.14508665" lon="-117.89240487">
      </trkpt>
      <trkpt lat="49.14506159" lon="-117.89235348">
      </trkpt>
      <trkpt lat="49.14503343" lon="-117.89229271">
      </trkpt>
      <trkpt lat="49.14496327" lon="-117.89208016">
      </trkpt>
      <trkpt lat="49.14488708" lon="-117.89185979">
      </trkpt>
      <trkpt lat="49.14484474" lon="-117.89183918">
      </trkpt>
      <trkpt lat="49.14480368" lon="-117.89181822">
      </trkpt>
      <trkpt lat="49.14476705" lon="-117.89182535">
      </trkpt>
      <trkpt lat="49.14474517" lon="-117.89188276">
      </trkpt>
      <trkpt lat="49.14475515" lon="-117.89195702">
      </trkpt>
      <trkpt lat="49.14474039" lon="-117.89200967">
      </trkpt>
      <trkpt lat="49.14471206" lon="-117.89205115">
      </trkpt>
      <trkpt lat="49.14466227" lon="-117.89206616">
      </trkpt>
      <trkpt lat="49.14461709" lon="-117.89206087">
      </trkpt>
      <trkpt lat="49.14457837" lon="-117.89199676">
      </trkpt>
      <trkpt lat="49.14454074" lon="-117.89193975">
      </trkpt>
      <trkpt lat="49.14450603" lon="-117.89190346">
      </trkpt>
      <trkpt lat="49.14446136" lon="-117.89189038">
      </trkpt>
      <trkpt lat="49.14441694" lon="-117.89188595">
      </trkpt>
      <trkpt lat="49.14437796" lon="-117.89192685">
      </trkpt>
      <trkpt lat="49.14433663" lon="-117.89197236">
      </trkpt>
      <trkpt lat="49.14432189" lon="-117.89203003">
      </trkpt>
      <trkpt lat="49.14430806" lon="-117.89209205">
      </trkpt>
      <trkpt lat="49.1442866" lon="-117.89215927">
      </trkpt>
      <trkpt lat="49.14426069" lon="-117.89222407">
      </trkpt>
      <trkpt lat="49.14423488" lon="-117.892254">
      </trkpt>
      <trkpt lat="49.14420554" lon="-117.8922773">
      </trkpt>
      <trkpt lat="49.14417537" lon="-117.89228919">
      </trkpt>
      <trkpt lat="49.14413723" lon="-117.89229632">
      </trkpt>
      <trkpt lat="49.14409507" lon="-117.89230437">
      </trkpt>
      <trkpt lat="49.14405266" lon="-117.89229013">
      </trkpt>
      <trkpt lat="49.14400656" lon="-117.89226137">
      </trkpt>
      <trkpt lat="49.14397932" lon="-117.89219826">
      </trkpt>
      <trkpt lat="49.14395778" lon="-117.89213195">
      </trkpt>
      <trkpt lat="49.14392969" lon="-117.89206348">
      </trkpt>
      <trkpt lat="49.14390849" lon="-117.89200363">
      </trkpt>
      <trkpt lat="49.14389323" lon="-117.89197169">
      </trkpt>
      <trkpt lat="49.14387496" lon="-117.8919437">
      </trkpt>
      <trkpt lat="49.14383196" lon="-117.89196582">
      </trkpt>
      <trkpt lat="49.14379273" lon="-117.89199558">
      </trkpt>
      <trkpt lat="49.14375015" lon="-117.89202743">
      </trkpt>
      <trkpt lat="49.14370967" lon="-117.89207168">
      </trkpt>
      <trkpt lat="49.14367295" lon="-117.89211419">
      </trkpt>
      <trkpt lat="49.14362108" lon="-117.89212827">
      </trkpt>
      <trkpt lat="49.14350289" lon="-117.89213255">
      </trkpt>
      <trkpt lat="49.14337322" lon="-117.89211855">
      </trkpt>
      <trkpt lat="49.14318647" lon="-117.89213555">
      </trkpt>
      <trkpt lat="49.14313366" lon="-117.8920986">
      </trkpt>
      <trkpt lat="49.14307525" lon="-117.89207328">
      </trkpt>
      <trkpt lat="49.14301808" lon="-117.8920815">
      </trkpt>
      <trkpt lat="49.14296226" lon="-117.89209306">
      </trkpt>
      <trkpt lat="49.14291138" lon="-117.89207965">
      </trkpt>
      <trkpt lat="49.14286117" lon="-117.89206859">
      </trkpt>
      <trkpt lat="49.14270267" lon="-117.89206884">
      </trkpt>
      <trkpt lat="49.14266109" lon="-117.89207403">
      </trkpt>
      <trkpt lat="49.14264584" lon="-117.89207714">
      </trkpt>
      <trkpt lat="49.14262288" lon="-117.89210094">
      </trkpt>
      <trkpt lat="49.1426129" lon="-117.8921136">
      </trkpt>
      <trkpt lat="49.14259966" lon="-117.89212575">
      </trkpt>
      <trkpt lat="49.14257099" lon="-117.89213473">
      </trkpt>
      <trkpt lat="49.14252472" lon="-117.89214813">
      </trkpt>
      <trkpt lat="49.14248508" lon="-117.89217437">
      </trkpt>
      <trkpt lat="49.1424259" lon="-117.89219976">
      </trkpt>
      <trkpt lat="49.14236588" lon="-117.89221694">
      </trkpt>
      <trkpt lat="49.14230713" lon="-117.89223572">
      </trkpt>
      <trkpt lat="49.14219305" lon="-117.89225517">
      </trkpt>
      <trkpt lat="49.14193874" lon="-117.89225416">
      </trkpt>
      <trkpt lat="49.1418939" lon="-117.89222901">
      </trkpt>
      <trkpt lat="49.14184855" lon="-117.89217185">
      </trkpt>
      <trkpt lat="49.14181528" lon="-117.89209859">
      </trkpt>
      <trkpt lat="49.14176616" lon="-117.89204126">
      </trkpt>
      <trkpt lat="49.14170522" lon="-117.89200974">
      </trkpt>
      <trkpt lat="49.14164957" lon="-117.89196784">
      </trkpt>
      <trkpt lat="49.14155343" lon="-117.89189474">
      </trkpt>
      <trkpt lat="49.14147674" lon="-117.89177673">
      </trkpt>
      <trkpt lat="49.14144806" lon="-117.89176616">
      </trkpt>
      <trkpt lat="49.14141613" lon="-117.89175552">
      </trkpt>
      <trkpt lat="49.14138076" lon="-117.89174135">
      </trkpt>
      <trkpt lat="49.14135746" lon="-117.89170858">
      </trkpt>
      <trkpt lat="49.141192" lon="-117.89158185">
      </trkpt>
      <trkpt lat="49.14116484" lon="-117.89154614">
      </trkpt>
      <trkpt lat="49.14113559" lon="-117.89150742">
      </trkpt>
      <trkpt lat="49.14111488" lon="-117.89147925">
      </trkpt>
      <trkpt lat="49.14109016" lon="-117.8914464">
      </trkpt>
      <trkpt lat="49.14098329" lon="-117.89132477">
      </trkpt>
      <trkpt lat="49.14082864" lon="-117.89110484">
      </trkpt>
      <trkpt lat="49.14079587" lon="-117.89110559">
      </trkpt>
      <trkpt lat="49.14076897" lon="-117.89109939">
      </trkpt>
      <trkpt lat="49.14073577" lon="-117.89108397">
      </trkpt>
      <trkpt lat="49.1406999" lon="-117.89106745">
      </trkpt>
      <trkpt lat="49.14066678" lon="-117.89105815">
      </trkpt>
      <trkpt lat="49.14063326" lon="-117.89106419">
      </trkpt>
      <trkpt lat="49.14060015" lon="-117.89107617">
      </trkpt>
      <trkpt lat="49.1405533" lon="-117.89108456">
      </trkpt>
      <trkpt lat="49.14051097" lon="-117.89108472">
      </trkpt>
      <trkpt lat="49.14045917" lon="-117.89108153">
      </trkpt>
      <trkpt lat="49.14030142" lon="-117.89097895">
      </trkpt>
      <trkpt lat="49.14025934" lon="-117.89093469">
      </trkpt>
      <trkpt lat="49.14019053" lon="-117.89082437">
      </trkpt>
      <trkpt lat="49.14014678" lon="-117.89079371">
      </trkpt>
      <trkpt lat="49.14011577" lon="-117.89075439">
      </trkpt>
      <trkpt lat="49.14008794" lon="-117.89070259">
      </trkpt>
      <trkpt lat="49.14005658" lon="-117.89065548">
      </trkpt>
      <trkpt lat="49.14002155" lon="-117.89061273">
      </trkpt>
      <trkpt lat="49.13991535" lon="-117.89047846">
      </trkpt>
      <trkpt lat="49.13987428" lon="-117.89042725">
      </trkpt>
      <trkpt lat="49.13975156" lon="-117.89026387">
      </trkpt>
      <trkpt lat="49.13960187" lon="-117.89017185">
      </trkpt>
      <trkpt lat="49.13955719" lon="-117.89014763">
      </trkpt>
      <trkpt lat="49.13938654" lon="-117.89003974">
      </trkpt>
      <trkpt lat="49.13934429" lon="-117.89004076">
      </trkpt>
      <trkpt lat="49.13921529" lon="-117.89004302">
      </trkpt>
      <trkpt lat="49.13905503" lon="-117.89002793">
      </trkpt>
      <trkpt lat="49.13892688" lon="-117.88999994">
      </trkpt>
      <trkpt lat="49.13879955" lon="-117.88994378">
      </trkpt>
      <trkpt lat="49.13875806" lon="-117.88996557">
      </trkpt>
      <trkpt lat="49.13871289" lon="-117.88998946">
      </trkpt>
      <trkpt lat="49.13866418" lon="-117.88998384">
      </trkpt>
      <trkpt lat="49.1386227" lon="-117.88995216">
      </trkpt>
      <trkpt lat="49.13857584" lon="-117.88994612">
      </trkpt>
      <trkpt lat="49.13852446" lon="-117.88991569">
      </trkpt>
      <trkpt lat="49.13847568" lon="-117.88988024">
      </trkpt>
      <trkpt lat="49.13841323" lon="-117.88988334">
      </trkpt>
      <trkpt lat="49.13834835" lon="-117.88987605">
      </trkpt>
      <trkpt lat="49.13828407" lon="-117.88984269">
      </trkpt>
      <trkpt lat="49.13800394" lon="-117.88975669">
      </trkpt>
      <trkpt lat="49.13795189" lon="-117.88973037">
      </trkpt>
      <trkpt lat="49.13789372" lon="-117.88962794">
      </trkpt>
      <trkpt lat="49.1377721" lon="-117.88958888">
      </trkpt>
      <trkpt lat="49.13771653" lon="-117.88954806">
      </trkpt>
      <trkpt lat="49.13765508" lon="-117.88949777">
      </trkpt>
      <trkpt lat="49.13759063" lon="-117.88944664">
      </trkpt>
      <trkpt lat="49.1375323" lon="-117.88941094">
      </trkpt>
      <trkpt lat="49.13741738" lon="-117.88933408">
      </trkpt>
      <trkpt lat="49.13736088" lon="-117.88931689">
      </trkpt>
      <trkpt lat="49.13730347" lon="-117.88930306">
      </trkpt>
      <trkpt lat="49.13711336" lon="-117.88918639">
      </trkpt>
      <trkpt lat="49.13704882" lon="-117.88912319">
      </trkpt>
      <trkpt lat="49.13698503" lon="-117.8890517">
      </trkpt>
      <trkpt lat="49.13692628" lon="-117.88899553">
      </trkpt>
      <trkpt lat="49.13686543" lon="-117.88894733">
      </trkpt>
      <trkpt lat="49.13680248" lon="-117.88891263">
      </trkpt>
      <trkpt lat="49.13666477" lon="-117.88883636">
      </trkpt>
      <trkpt lat="49.13654825" lon="-117.88870518">
      </trkpt>
      <trkpt lat="49.13650719" lon="-117.88864768">
      </trkpt>
      <trkpt lat="49.13636788" lon="-117.88851198">
      </trkpt>
      <trkpt lat="49.13627182" lon="-117.88840116">
      </trkpt>
      <trkpt lat="49.13606538" lon="-117.88815944">
      </trkpt>
      <trkpt lat="49.13592707" lon="-117.88803663">
      </trkpt>
      <trkpt lat="49.13566824" lon="-117.88779675">
      </trkpt>
      <trkpt lat="49.13561963" lon="-117.88773807">
      </trkpt>
      <trkpt lat="49.13557336" lon="-117.88770337">
      </trkpt>
      <trkpt lat="49.13548518" lon="-117.88759617">
      </trkpt>
      <trkpt lat="49.13542433" lon="-117.88755879">
      </trkpt>
      <trkpt lat="49.13528527" lon="-117.88742048">
      </trkpt>
      <trkpt lat="49.13523515" lon="-117.88736148">
      </trkpt>
      <trkpt lat="49.13497036" lon="-117.88701832">
      </trkpt>
      <trkpt lat="49.13467708" lon="-117.88671615">
      </trkpt>
      <trkpt lat="49.13451179" lon="-117.88654685">
      </trkpt>
      <trkpt lat="49.13445672" lon="-117.88651408">
      </trkpt>
      <trkpt lat="49.13440928" lon="-117.88646663">
      </trkpt>
      <trkpt lat="49.13438045" lon="-117.88639605">
      </trkpt>
      <trkpt lat="49.13436242" lon="-117.88633067">
      </trkpt>
      <trkpt lat="49.13434465" lon="-117.88627226">
      </trkpt>
      <trkpt lat="49.13430651" lon="-117.88623202">
      </trkpt>
      <trkpt lat="49.13402505" lon="-117.88588149">
      </trkpt>
      <trkpt lat="49.13389932" lon="-117.88571627">
      </trkpt>
      <trkpt lat="49.13386412" lon="-117.88564377">
      </trkpt>
      <trkpt lat="49.13379967" lon="-117.88550958">
      </trkpt>
      <trkpt lat="49.13371266" lon="-117.88544756">
      </trkpt>
      <trkpt lat="49.13369598" lon="-117.88551536">
      </trkpt>
      <trkpt lat="49.13369438" lon="-117.88558376">
      </trkpt>
      <trkpt lat="49.13370805" lon="-117.88582012">
      </trkpt>
      <trkpt lat="49.13372557" lon="-117.88589272">
      </trkpt>
      <trkpt lat="49.13374292" lon="-117.88596404">
      </trkpt>
      <trkpt lat="49.13375356" lon="-117.88602465">
      </trkpt>
      <trkpt lat="49.13376236" lon="-117.88609623">
      </trkpt>
      <trkpt lat="49.13379187" lon="-117.88615004">
      </trkpt>
      <trkpt lat="49.13376675" lon="-117.88620635">
      </trkpt>
      <trkpt lat="49.13371493" lon="-117.88619261">
      </trkpt>
      <trkpt lat="49.13367436" lon="-117.88611358">
      </trkpt>
      <trkpt lat="49.13356363" lon="-117.88602365">
      </trkpt>
      <trkpt lat="49.13350806" lon="-117.88596917">
      </trkpt>
      <trkpt lat="49.13344369" lon="-117.8859198">
      </trkpt>
      <trkpt lat="49.13338132" lon="-117.88588727">
      </trkpt>
      <trkpt lat="49.13332114" lon="-117.8858436">
      </trkpt>
      <trkpt lat="49.13327286" lon="-117.88579775">
      </trkpt>
      <trkpt lat="49.13305216" lon="-117.88554989">
      </trkpt>
      <trkpt lat="49.13303457" lon="-117.88549676">
      </trkpt>
      <trkpt lat="49.13300456" lon="-117.88546733">
      </trkpt>
      <trkpt lat="49.13296868" lon="-117.88542802">
      </trkpt>
      <trkpt lat="49.13294202" lon="-117.88538209">
      </trkpt>
      <trkpt lat="49.13291461" lon="-117.88534094">
      </trkpt>
      <trkpt lat="49.13288109" lon="-117.88530213">
      </trkpt>
      <trkpt lat="49.13272586" lon="-117.8851013">
      </trkpt>
      <trkpt lat="49.13268789" lon="-117.88505075">
      </trkpt>
      <trkpt lat="49.13265788" lon="-117.88500466">
      </trkpt>
      <trkpt lat="49.13263349" lon="-117.88495344">
      </trkpt>
      <trkpt lat="49.13259929" lon="-117.88490901">
      </trkpt>
      <trkpt lat="49.13255897" lon="-117.88486417">
      </trkpt>
      <trkpt lat="49.13251522" lon="-117.88481648">
      </trkpt>
      <trkpt lat="49.13246669" lon="-117.88477483">
      </trkpt>
      <trkpt lat="49.13236183" lon="-117.88466176">
      </trkpt>
      <trkpt lat="49.13224222" lon="-117.88456988">
      </trkpt>
      <trkpt lat="49.13219587" lon="-117.88454005">
      </trkpt>
      <trkpt lat="49.13216368" lon="-117.88449126">
      </trkpt>
      <trkpt lat="49.13212705" lon="-117.88443099">
      </trkpt>
      <trkpt lat="49.13208472" lon="-117.88436654">
      </trkpt>
      <trkpt lat="49.13204332" lon="-117.88431633">
      </trkpt>
      <trkpt lat="49.13199554" lon="-117.88428238">
      </trkpt>
      <trkpt lat="49.13194198" lon="-117.88424986">
      </trkpt>
      <trkpt lat="49.13189027" lon="-117.88421567">
      </trkpt>
      <trkpt lat="49.13174978" lon="-117.88411684">
      </trkpt>
      <trkpt lat="49.13152826" lon="-117.8839078">
      </trkpt>
      <trkpt lat="49.13144862" lon="-117.88380386">
      </trkpt>
      <trkpt lat="49.13126648" lon="-117.88359524">
      </trkpt>
      <trkpt lat="49.13124578" lon="-117.88352943">
      </trkpt>
      <trkpt lat="49.13122692" lon="-117.88346943">
      </trkpt>
      <trkpt lat="49.13120178" lon="-117.88341603">
      </trkpt>
      <trkpt lat="49.13116632" lon="-117.88337354">
      </trkpt>
      <trkpt lat="49.13113305" lon="-117.88332928">
      </trkpt>
      <trkpt lat="49.13108326" lon="-117.88328938">
      </trkpt>
      <trkpt lat="49.13102927" lon="-117.88325216">
      </trkpt>
      <trkpt lat="49.13097606" lon="-117.88318947">
      </trkpt>
      <trkpt lat="49.13093029" lon="-117.88314387">
      </trkpt>
      <trkpt lat="49.13088226" lon="-117.88314404">
      </trkpt>
      <trkpt lat="49.13082341" lon="-117.88314932">
      </trkpt>
      <trkpt lat="49.13076659" lon="-117.88312274">
      </trkpt>
      <trkpt lat="49.13071587" lon="-117.88306366">
      </trkpt>
      <trkpt lat="49.13067187" lon="-117.88299199">
      </trkpt>
      <trkpt lat="49.13062024" lon="-117.88293239">
      </trkpt>
      <trkpt lat="49.13056727" lon="-117.88288278">
      </trkpt>
      <trkpt lat="49.13024758" lon="-117.88265957">
      </trkpt>
      <trkpt lat="49.13018346" lon="-117.88260348">
      </trkpt>
      <trkpt lat="49.13002387" lon="-117.88246326">
      </trkpt>
      <trkpt lat="49.12998246" lon="-117.88241155">
      </trkpt>
      <trkpt lat="49.12993594" lon="-117.88239285">
      </trkpt>
      <trkpt lat="49.12988389" lon="-117.88236879">
      </trkpt>
      <trkpt lat="49.12982036" lon="-117.88232287">
      </trkpt>
      <trkpt lat="49.12975355" lon="-117.88226066">
      </trkpt>
      <trkpt lat="49.12968868" lon="-117.88220015">
      </trkpt>
      <trkpt lat="49.12957074" lon="-117.88205666">
      </trkpt>
      <trkpt lat="49.12947795" lon="-117.88189807">
      </trkpt>
      <trkpt lat="49.12941979" lon="-117.88183688">
      </trkpt>
      <trkpt lat="49.12938818" lon="-117.88174133">
      </trkpt>
      <trkpt lat="49.12926572" lon="-117.88130614">
      </trkpt>
      <trkpt lat="49.12926262" lon="-117.88123665">
      </trkpt>
      <trkpt lat="49.12926304" lon="-117.88118117">
      </trkpt>
      <trkpt lat="49.12926774" lon="-117.88113799">
      </trkpt>
      <trkpt lat="49.12927234" lon="-117.88109693">
      </trkpt>
      <trkpt lat="49.1292788" lon="-117.88089661">
      </trkpt>
      <trkpt lat="49.12927896" lon="-117.88087908">
      </trkpt>
      <trkpt lat="49.12926816" lon="-117.88086618">
      </trkpt>
      <trkpt lat="49.12926723" lon="-117.88086148">
      </trkpt>
      <trkpt lat="49.12926883" lon="-117.88085293">
      </trkpt>
      <trkpt lat="49.12926547" lon="-117.88083517">
      </trkpt>
      <trkpt lat="49.12926413" lon="-117.88080457">
      </trkpt>
      <trkpt lat="49.12925106" lon="-117.88073105">
      </trkpt>
      <trkpt lat="49.12923102" lon="-117.88068454">
      </trkpt>
      <trkpt lat="49.12919548" lon="-117.88064439">
      </trkpt>
      <trkpt lat="49.12915684" lon="-117.88061053">
      </trkpt>
      <trkpt lat="49.12911427" lon="-117.88061094">
      </trkpt>
      <trkpt lat="49.12908887" lon="-117.88066416">
      </trkpt>
      <trkpt lat="49.12906984" lon="-117.88079912">
      </trkpt>
      <trkpt lat="49.12905458" lon="-117.88082125">
      </trkpt>
      <trkpt lat="49.12903857" lon="-117.88080523">
      </trkpt>
      <trkpt lat="49.12902273" lon="-117.88074463">
      </trkpt>
      <trkpt lat="49.12902172" lon="-117.88067012">
      </trkpt>
      <trkpt lat="49.12900538" lon="-117.88059209">
      </trkpt>
      <trkpt lat="49.12898493" lon="-117.88051464">
      </trkpt>
      <trkpt lat="49.12896205" lon="-117.88044306">
      </trkpt>
      <trkpt lat="49.12893439" lon="-117.8803869">
      </trkpt>
      <trkpt lat="49.12890136" lon="-117.88031875">
      </trkpt>
      <trkpt lat="49.12885753" lon="-117.88018966">
      </trkpt>
      <trkpt lat="49.12882399" lon="-117.8801512">
      </trkpt>
      <trkpt lat="49.12878536" lon="-117.88011825">
      </trkpt>
      <trkpt lat="49.12875753" lon="-117.88007475">
      </trkpt>
      <trkpt lat="49.12875945" lon="-117.88002078">
      </trkpt>
      <trkpt lat="49.12876163" lon="-117.87995724">
      </trkpt>
      <trkpt lat="49.1287577" lon="-117.87989773">
      </trkpt>
      <trkpt lat="49.12876482" lon="-117.87983729">
      </trkpt>
      <trkpt lat="49.12876356" lon="-117.87977225">
      </trkpt>
      <trkpt lat="49.12874412" lon="-117.87970855">
      </trkpt>
      <trkpt lat="49.1286862" lon="-117.87968785">
      </trkpt>
      <trkpt lat="49.12864395" lon="-117.87971995">
      </trkpt>
      <trkpt lat="49.12860313" lon="-117.87975825">
      </trkpt>
      <trkpt lat="49.12856994" lon="-117.87981952">
      </trkpt>
      <trkpt lat="49.12855653" lon="-117.87990368">
      </trkpt>
      <trkpt lat="49.12850683" lon="-117.88008422">
      </trkpt>
      <trkpt lat="49.12848747" lon="-117.88006713">
      </trkpt>
      <trkpt lat="49.12846123" lon="-117.88001005">
      </trkpt>
      <trkpt lat="49.12844279" lon="-117.87994107">
      </trkpt>
      <trkpt lat="49.12840708" lon="-117.87989144">
      </trkpt>
      <trkpt lat="49.12832989" lon="-117.87973344">
      </trkpt>
      <trkpt lat="49.12831546" lon="-117.87966605">
      </trkpt>
      <trkpt lat="49.12829074" lon="-117.87954234">
      </trkpt>
      <trkpt lat="49.12825746" lon="-117.87949078">
      </trkpt>
      <trkpt lat="49.12823106" lon="-117.87942767">
      </trkpt>
      <trkpt lat="49.12821756" lon="-117.87936112">
      </trkpt>
      <trkpt lat="49.12819409" lon="-117.87929557">
      </trkpt>
      <trkpt lat="49.12817892" lon="-117.87923254">
      </trkpt>
      <trkpt lat="49.12815915" lon="-117.87919565">
      </trkpt>
      <trkpt lat="49.12812126" lon="-117.87917428">
      </trkpt>
      <trkpt lat="49.12808798" lon="-117.87911863">
      </trkpt>
      <trkpt lat="49.12807449" lon="-117.87904152">
      </trkpt>
      <trkpt lat="49.12805437" lon="-117.87897899">
      </trkpt>
      <trkpt lat="49.12804155" lon="-117.87891645">
      </trkpt>
      <trkpt lat="49.12803392" lon="-117.87886046">
      </trkpt>
      <trkpt lat="49.1280133" lon="-117.87883616">
      </trkpt>
      <trkpt lat="49.12798253" lon="-117.87889567">
      </trkpt>
      <trkpt lat="49.1279615" lon="-117.87893759">
      </trkpt>
      <trkpt lat="49.12793057" lon="-117.87895812">
      </trkpt>
      <trkpt lat="49.12791104" lon="-117.87893013">
      </trkpt>
      <trkpt lat="49.12788715" lon="-117.87887019">
      </trkpt>
      <trkpt lat="49.12787592" lon="-117.87880565">
      </trkpt>
      <trkpt lat="49.12787257" lon="-117.87873776">
      </trkpt>
      <trkpt lat="49.12786327" lon="-117.87850659">
      </trkpt>
      <trkpt lat="49.12783887" lon="-117.87842964">
      </trkpt>
      <trkpt lat="49.12781213" lon="-117.87837264">
      </trkpt>
      <trkpt lat="49.12780316" lon="-117.87830608">
      </trkpt>
      <trkpt lat="49.12781658" lon="-117.87821757">
      </trkpt>
      <trkpt lat="49.12781557" lon="-117.87812847">
      </trkpt>
      <trkpt lat="49.12781239" lon="-117.87803443">
      </trkpt>
      <trkpt lat="49.12780358" lon="-117.87793334">
      </trkpt>
      <trkpt lat="49.12779604" lon="-117.87784189">
      </trkpt>
      <trkpt lat="49.12778212" lon="-117.87777434">
      </trkpt>
      <trkpt lat="49.12774172" lon="-117.87772204">
      </trkpt>
      <trkpt lat="49.12769227" lon="-117.87769253">
      </trkpt>
      <trkpt lat="49.12762866" lon="-117.87772003">
      </trkpt>
      <trkpt lat="49.12758817" lon="-117.87778037">
      </trkpt>
      <trkpt lat="49.12755163" lon="-117.87783075">
      </trkpt>
      <trkpt lat="49.12745565" lon="-117.87783704">
      </trkpt>
      <trkpt lat="49.12741919" lon="-117.87779345">
      </trkpt>
      <trkpt lat="49.12739513" lon="-117.87771851">
      </trkpt>
      <trkpt lat="49.12738516" lon="-117.8776508">
      </trkpt>
      <trkpt lat="49.12741064" lon="-117.87757183">
      </trkpt>
      <trkpt lat="49.12743025" lon="-117.87748039">
      </trkpt>
      <trkpt lat="49.12742749" lon="-117.87739187">
      </trkpt>
      <trkpt lat="49.12740955" lon="-117.87728384">
      </trkpt>
      <trkpt lat="49.12740494" lon="-117.87719322">
      </trkpt>
      <trkpt lat="49.12741098" lon="-117.87709734">
      </trkpt>
      <trkpt lat="49.12741785" lon="-117.87700664">
      </trkpt>
      <trkpt lat="49.12741583" lon="-117.87691587">
      </trkpt>
      <trkpt lat="49.12740083" lon="-117.8768339">
      </trkpt>
      <trkpt lat="49.12741424" lon="-117.87674906">
      </trkpt>
      <trkpt lat="49.12744979" lon="-117.87668244">
      </trkpt>
      <trkpt lat="49.12746915" lon="-117.87661236">
      </trkpt>
      <trkpt lat="49.12750393" lon="-117.87654798">
      </trkpt>
      <trkpt lat="49.12753922" lon="-117.87648647">
      </trkpt>
      <trkpt lat="49.12756219" lon="-117.8764226">
      </trkpt>
      <trkpt lat="49.12759906" lon="-117.87634389">
      </trkpt>
      <trkpt lat="49.12763653" lon="-117.8762532">
      </trkpt>
      <trkpt lat="49.12765649" lon="-117.8761646">
      </trkpt>
      <trkpt lat="49.12768515" lon="-117.87608338">
      </trkpt>
      <trkpt lat="49.12771776" lon="-117.87600978">
      </trkpt>
      <trkpt lat="49.12775279" lon="-117.87595136">
      </trkpt>
      <trkpt lat="49.12778615" lon="-117.87588087">
      </trkpt>
      <trkpt lat="49.12778498" lon="-117.87581809">
      </trkpt>
      <trkpt lat="49.12780157" lon="-117.87577107">
      </trkpt>
      <trkpt lat="49.12781767" lon="-117.87575975">
      </trkpt>
      <trkpt lat="49.12785379" lon="-117.87575087">
      </trkpt>
      <trkpt lat="49.12807424" lon="-117.87573293">
      </trkpt>
      <trkpt lat="49.12813584" lon="-117.87573361">
      </trkpt>
      <trkpt lat="49.12817474" lon="-117.87573259">
      </trkpt>
      <trkpt lat="49.12818867" lon="-117.87572661">
      </trkpt>
      <trkpt lat="49.128195" lon="-117.87578">
      </trkpt>
      <trkpt lat="49.128269" lon="-117.87564501">
      </trkpt>
      <trkpt lat="49.128322" lon="-117.875586">
      </trkpt>
      <trkpt lat="49.128407" lon="-117.87547">
      </trkpt>
      <trkpt lat="49.128454" lon="-117.875408">
      </trkpt>
      <trkpt lat="49.128569" lon="-117.87536501">
      </trkpt>
      <trkpt lat="49.128624" lon="-117.875359">
      </trkpt>
      <trkpt lat="49.128725" lon="-117.87528001">
      </trkpt>
      <trkpt lat="49.128784" lon="-117.87525999">
      </trkpt>
      <trkpt lat="49.128901" lon="-117.875243">
      </trkpt>
      <trkpt lat="49.128955" lon="-117.875209">
      </trkpt>
      <trkpt lat="49.129075" lon="-117.87521401">
      </trkpt>
      <trkpt lat="49.129135" lon="-117.87523">
      </trkpt>
      <trkpt lat="49.12926" lon="-117.875222">
      </trkpt>
      <trkpt lat="49.129323" lon="-117.875213">
      </trkpt>
      <trkpt lat="49.129432" lon="-117.87512499">
      </trkpt>
      <trkpt lat="49.129479" lon="-117.875075">
      </trkpt>
      <trkpt lat="49.129569" lon="-117.87496901">
      </trkpt>
      <trkpt lat="49.129616" lon="-117.87491">
      </trkpt>
      <trkpt lat="49.129718" lon="-117.87482999">
      </trkpt>
      <trkpt lat="49.129758" lon="-117.874773">
      </trkpt>
      <trkpt lat="49.129864" lon="-117.874677">
      </trkpt>
      <trkpt lat="49.129907" lon="-117.874618">
      </trkpt>
      <trkpt lat="49.129985" lon="-117.87448301">
      </trkpt>
      <trkpt lat="49.130031" lon="-117.874418">
      </trkpt>
      <trkpt lat="49.130108" lon="-117.8743">
      </trkpt>
      <trkpt lat="49.13013" lon="-117.874209">
      </trkpt>
      <trkpt lat="49.130221" lon="-117.87407901">
      </trkpt>
      <trkpt lat="49.130265" lon="-117.874021">
      </trkpt>
      <trkpt lat="49.130376" lon="-117.873938">
      </trkpt>
      <trkpt lat="49.130437" lon="-117.87392499">
      </trkpt>
      <trkpt lat="49.130558" lon="-117.873894">
      </trkpt>
      <trkpt lat="49.130618" lon="-117.873862">
      </trkpt>
      <trkpt lat="49.130731" lon="-117.87379">
      </trkpt>
      <trkpt lat="49.130796" lon="-117.87380799">
      </trkpt>
      <trkpt lat="49.130911" lon="-117.873819">
      </trkpt>
      <trkpt lat="49.130964" lon="-117.873794">
      </trkpt>
      <trkpt lat="49.131086" lon="-117.87384">
      </trkpt>
      <trkpt lat="49.131153" lon="-117.87385199">
      </trkpt>
      <trkpt lat="49.131265" lon="-117.87389001">
      </trkpt>
      <trkpt lat="49.131321" lon="-117.873917">
      </trkpt>
      <trkpt lat="49.131446" lon="-117.873924">
      </trkpt>
      <trkpt lat="49.131501" lon="-117.873919">
      </trkpt>
      <trkpt lat="49.131616" lon="-117.873927">
      </trkpt>
      <trkpt lat="49.131671" lon="-117.873931">
      </trkpt>
      <trkpt lat="49.13178" lon="-117.873851">
      </trkpt>
      <trkpt lat="49.131836" lon="-117.87383899">
      </trkpt>
      <trkpt lat="49.131952" lon="-117.873812">
      </trkpt>
      <trkpt lat="49.132008" lon="-117.873793">
      </trkpt>
      <trkpt lat="49.132122" lon="-117.873764">
      </trkpt>
      <trkpt lat="49.132191" lon="-117.873757">
      </trkpt>
      <trkpt lat="49.132305" lon="-117.87378799">
      </trkpt>
      <trkpt lat="49.132368" lon="-117.873793">
      </trkpt>
      <trkpt lat="49.132483" lon="-117.87376399">
      </trkpt>
      <trkpt lat="49.132539" lon="-117.873734">
      </trkpt>
      <trkpt lat="49.132655" lon="-117.873703">
      </trkpt>
      <trkpt lat="49.132712" lon="-117.87369701">
      </trkpt>
      <trkpt lat="49.132843" lon="-117.873691">
      </trkpt>
      <trkpt lat="49.132905" lon="-117.873712">
      </trkpt>
      <trkpt lat="49.133008" lon="-117.873768">
      </trkpt>
      <trkpt lat="49.133065" lon="-117.87378601">
      </trkpt>
      <trkpt lat="49.133182" lon="-117.873772">
      </trkpt>
      <trkpt lat="49.133236" lon="-117.873802">
      </trkpt>
      <trkpt lat="49.133357" lon="-117.873814">
      </trkpt>
      <trkpt lat="49.133416" lon="-117.873827">
      </trkpt>
      <trkpt lat="49.133519" lon="-117.87391999">
      </trkpt>
      <trkpt lat="49.13358" lon="-117.87393">
      </trkpt>
      <trkpt lat="49.133689" lon="-117.873899">
      </trkpt>
      <trkpt lat="49.133744" lon="-117.873885">
      </trkpt>
      <trkpt lat="49.133852" lon="-117.873811">
      </trkpt>
      <trkpt lat="49.133913" lon="-117.873821">
      </trkpt>
      <trkpt lat="49.134014" lon="-117.873851">
      </trkpt>
      <trkpt lat="49.134073" lon="-117.87382">
      </trkpt>
      <trkpt lat="49.134185" lon="-117.87380701">
      </trkpt>
      <trkpt lat="49.134238" lon="-117.873776">
      </trkpt>
      <trkpt lat="49.134342" lon="-117.873709">
      </trkpt>
      <trkpt lat="49.134397" lon="-117.873692">
      </trkpt>
      <trkpt lat="49.134507" lon="-117.87364301">
      </trkpt>
      <trkpt lat="49.134559" lon="-117.87361899">
      </trkpt>
      <trkpt lat="49.134669" lon="-117.87357">
      </trkpt>
      <trkpt lat="49.134723" lon="-117.87353">
      </trkpt>
      <trkpt lat="49.134824" lon="-117.87347101">
      </trkpt>
      <trkpt lat="49.134884" lon="-117.87349">
      </trkpt>
      <trkpt lat="49.134991" lon="-117.87344">
      </trkpt>
      <trkpt lat="49.13504" lon="-117.87339501">
      </trkpt>
      <trkpt lat="49.135121" lon="-117.873259">
      </trkpt>
      <trkpt lat="49.135175" lon="-117.873224">
      </trkpt>
      <trkpt lat="49.135291" lon="-117.87314201">
      </trkpt>
      <trkpt lat="49.135336" lon="-117.87307599">
      </trkpt>
      <trkpt lat="49.135406" lon="-117.872941">
      </trkpt>
      <trkpt lat="49.135457" lon="-117.872889">
      </trkpt>
      <trkpt lat="49.13555" lon="-117.872801">
      </trkpt>
      <trkpt lat="49.135593" lon="-117.872742">
      </trkpt>
      <trkpt lat="49.135689" lon="-117.872631">
      </trkpt>
      <trkpt lat="49.135735" lon="-117.87256499">
      </trkpt>
      <trkpt lat="49.135865" lon="-117.87253799">
      </trkpt>
      <trkpt lat="49.135926" lon="-117.8725">
      </trkpt>
      <trkpt lat="49.13602" lon="-117.872375">
      </trkpt>
      <trkpt lat="49.136061" lon="-117.87230501">
      </trkpt>
      <trkpt lat="49.136147" lon="-117.87218499">
      </trkpt>
      <trkpt lat="49.136197" lon="-117.872148">
      </trkpt>
      <trkpt lat="49.136303" lon="-117.872096">
      </trkpt>
      <trkpt lat="49.13636" lon="-117.87204901">
      </trkpt>
      <trkpt lat="49.136486" lon="-117.871992">
      </trkpt>
      <trkpt lat="49.136538" lon="-117.871947">
      </trkpt>
      <trkpt lat="49.13661" lon="-117.871815">
      </trkpt>
      <trkpt lat="49.136653" lon="-117.87176">
      </trkpt>
      <trkpt lat="49.136763" lon="-117.871674">
      </trkpt>
      <trkpt lat="49.136819" lon="-117.871637">
      </trkpt>
      <trkpt lat="49.136927" lon="-117.87155899">
      </trkpt>
      <trkpt lat="49.136966" lon="-117.87148999">
      </trkpt>
      <trkpt lat="49.137043" lon="-117.871356">
      </trkpt>
      <trkpt lat="49.137104" lon="-117.871302">
      </trkpt>
      <trkpt lat="49.137215" lon="-117.871211">
      </trkpt>
      <trkpt lat="49.137259" lon="-117.87115599">
      </trkpt>
      <trkpt lat="49.137328" lon="-117.87100599">
      </trkpt>
      <trkpt lat="49.137378" lon="-117.87095">
      </trkpt>
      <trkpt lat="49.137475" lon="-117.87082701">
      </trkpt>
      <trkpt lat="49.137517" lon="-117.87077">
      </trkpt>
      <trkpt lat="49.137627" lon="-117.870689">
      </trkpt>
      <trkpt lat="49.137676" lon="-117.87065">
      </trkpt>
      <trkpt lat="49.137772" lon="-117.87054301">
      </trkpt>
      <trkpt lat="49.137822" lon="-117.87049099">
      </trkpt>
      <trkpt lat="49.137911" lon="-117.870395">
      </trkpt>
      <trkpt lat="49.137968" lon="-117.87032999">
      </trkpt>
      <trkpt lat="49.138082" lon="-117.870266">
      </trkpt>
      <trkpt lat="49.138136" lon="-117.87022001">
      </trkpt>
      <trkpt lat="49.138246" lon="-117.87019">
      </trkpt>
      <trkpt lat="49.138312" lon="-117.870185">
      </trkpt>
      <trkpt lat="49.13842" lon="-117.870103">
      </trkpt>
      <trkpt lat="49.138471" lon="-117.870051">
      </trkpt>
      <trkpt lat="49.138579" lon="-117.869977">
      </trkpt>
      <trkpt lat="49.138641" lon="-117.869973">
      </trkpt>
      <trkpt lat="49.138753" lon="-117.869914">
      </trkpt>
      <trkpt lat="49.138807" lon="-117.869874">
      </trkpt>
      <trkpt lat="49.13892" lon="-117.869841">
      </trkpt>
      <trkpt lat="49.138981" lon="-117.869848">
      </trkpt>
      <trkpt lat="49.139098" lon="-117.86981">
      </trkpt>
      <trkpt lat="49.139149" lon="-117.86977">
      </trkpt>
      <trkpt lat="49.139253" lon="-117.869685">
      </trkpt>
      <trkpt lat="49.13931" lon="-117.86965701">
      </trkpt>
      <trkpt lat="49.139435" lon="-117.869613">
      </trkpt>
      <trkpt lat="49.139499" lon="-117.86959501">
      </trkpt>
      <trkpt lat="49.139622" lon="-117.86954401">
      </trkpt>
      <trkpt lat="49.139681" lon="-117.869498">
      </trkpt>
      <trkpt lat="49.139775" lon="-117.86940101">
      </trkpt>
      <trkpt lat="49.139835" lon="-117.869358">
      </trkpt>
      <trkpt lat="49.139948" lon="-117.86933099">
      </trkpt>
      <trkpt lat="49.140006" lon="-117.869342">
      </trkpt>
      <trkpt lat="49.140114" lon="-117.869375">
      </trkpt>
      <trkpt lat="49.140169" lon="-117.86936201">
      </trkpt>
      <trkpt lat="49.140288" lon="-117.869304">
      </trkpt>
      <trkpt lat="49.140347" lon="-117.869284">
      </trkpt>
      <trkpt lat="49.140456" lon="-117.869262">
      </trkpt>
      <trkpt lat="49.140517" lon="-117.869268">
      </trkpt>
      <trkpt lat="49.140628" lon="-117.869175">
      </trkpt>
      <trkpt lat="49.140685" lon="-117.869119">
      </trkpt>
      <trkpt lat="49.140813" lon="-117.86909101">
      </trkpt>
      <trkpt lat="49.140884" lon="-117.86909599">
      </trkpt>
      <trkpt lat="49.141006" lon="-117.869068">
      </trkpt>
      <trkpt lat="49.141069" lon="-117.869063">
      </trkpt>
      <trkpt lat="49.14119" lon="-117.86906799">
      </trkpt>
      <trkpt lat="49.141249" lon="-117.86906601">
      </trkpt>
      <trkpt lat="49.141371" lon="-117.869091">
      </trkpt>
      <trkpt lat="49.14143" lon="-117.86908099">
      </trkpt>
      <trkpt lat="49.141543" lon="-117.869047">
      </trkpt>
      <trkpt lat="49.1416" lon="-117.86903101">
      </trkpt>
      <trkpt lat="49.141712" lon="-117.868998">
      </trkpt>
      <trkpt lat="49.141774" lon="-117.868971">
      </trkpt>
      <trkpt lat="49.141893" lon="-117.86894301">
      </trkpt>
      <trkpt lat="49.141948" lon="-117.868957">
      </trkpt>
      <trkpt lat="49.142062" lon="-117.868923">
      </trkpt>
      <trkpt lat="49.14212" lon="-117.868908">
      </trkpt>
      <trkpt lat="49.14223" lon="-117.868889">
      </trkpt>
      <trkpt lat="49.142278" lon="-117.868848">
      </trkpt>
      <trkpt lat="49.142403" lon="-117.86880699">
      </trkpt>
      <trkpt lat="49.142465" lon="-117.86879601">
      </trkpt>
      <trkpt lat="49.142586" lon="-117.86874999">
      </trkpt>
      <trkpt lat="49.142647" lon="-117.86875">
      </trkpt>
      <trkpt lat="49.142768" lon="-117.868708">
      </trkpt>
      <trkpt lat="49.142824" lon="-117.868681">
      </trkpt>
      <trkpt lat="49.142937" lon="-117.868623">
      </trkpt>
      <trkpt lat="49.142985" lon="-117.86856399">
      </trkpt>
      <trkpt lat="49.143089" lon="-117.86848201">
      </trkpt>
      <trkpt lat="49.143146" lon="-117.868431">
      </trkpt>
      <trkpt lat="49.143265" lon="-117.868374">
      </trkpt>
      <trkpt lat="49.14332" lon="-117.868359">
      </trkpt>
      <trkpt lat="49.143431" lon="-117.868281">
      </trkpt>
      <trkpt lat="49.143479" lon="-117.86822501">
      </trkpt>
      <trkpt lat="49.143573" lon="-117.86808899">
      </trkpt>
      <trkpt lat="49.143622" lon="-117.868035">
      </trkpt>
      <trkpt lat="49.143724" lon="-117.86795899">
      </trkpt>
      <trkpt lat="49.143777" lon="-117.86789501">
      </trkpt>
      <trkpt lat="49.143884" lon="-117.86780999">
      </trkpt>
      <trkpt lat="49.143916" lon="-117.867728">
      </trkpt>
      <trkpt lat="49.144013" lon="-117.86760099">
      </trkpt>
      <trkpt lat="49.144061" lon="-117.867552">
      </trkpt>
      <trkpt lat="49.144124" lon="-117.8674">
      </trkpt>
      <trkpt lat="49.144156" lon="-117.86732001">
      </trkpt>
      <trkpt lat="49.144234" lon="-117.867182">
      </trkpt>
      <trkpt lat="49.144266" lon="-117.867106">
      </trkpt>
      <trkpt lat="49.144335" lon="-117.866954">
      </trkpt>
      <trkpt lat="49.144372" lon="-117.866884">
      </trkpt>
      <trkpt lat="49.144368" lon="-117.86671099">
      </trkpt>
      <trkpt lat="49.144409" lon="-117.866638">
      </trkpt>
      <trkpt lat="49.144409" lon="-117.866443">
      </trkpt>
      <trkpt lat="49.144413" lon="-117.866352">
      </trkpt>
      <trkpt lat="49.144405" lon="-117.86616199">
      </trkpt>
      <trkpt lat="49.144368" lon="-117.86606401">
      </trkpt>
      <trkpt lat="49.144452" lon="-117.865911">
      </trkpt>
      <trkpt lat="49.144486" lon="-117.865834">
      </trkpt>
      <trkpt lat="49.144542" lon="-117.865672">
      </trkpt>
      <trkpt lat="49.144533" lon="-117.86557499">
      </trkpt>
      <trkpt lat="49.144537" lon="-117.865393">
      </trkpt>
      <trkpt lat="49.144529" lon="-117.865294">
      </trkpt>
      <trkpt lat="49.144584" lon="-117.865126">
      </trkpt>
      <trkpt lat="49.144559" lon="-117.86504201">
      </trkpt>
      <trkpt lat="49.144569" lon="-117.864877">
      </trkpt>
      <trkpt lat="49.144595" lon="-117.86478399">
      </trkpt>
      <trkpt lat="49.14462" lon="-117.86459299">
      </trkpt>
      <trkpt lat="49.14458" lon="-117.864511">
      </trkpt>
      <trkpt lat="49.144647" lon="-117.864346">
      </trkpt>
      <trkpt lat="49.144671" lon="-117.864264">
      </trkpt>
      <trkpt lat="49.144742" lon="-117.864129">
      </trkpt>
      <trkpt lat="49.144742" lon="-117.864033">
      </trkpt>
      <trkpt lat="49.144794" lon="-117.86386501">
      </trkpt>
      <trkpt lat="49.144808" lon="-117.86377799">
      </trkpt>
      <trkpt lat="49.144857" lon="-117.86362299">
      </trkpt>
      <trkpt lat="49.144885" lon="-117.86354799">
      </trkpt>
      <trkpt lat="49.144908" lon="-117.86336099">
      </trkpt>
      <trkpt lat="49.144891" lon="-117.863273">
      </trkpt>
      <trkpt lat="49.144936" lon="-117.863093">
      </trkpt>
      <trkpt lat="49.144965" lon="-117.863011">
      </trkpt>
      <trkpt lat="49.145001" lon="-117.862838">
      </trkpt>
      <trkpt lat="49.145033" lon="-117.862748">
      </trkpt>
      <trkpt lat="49.145074" lon="-117.862578">
      </trkpt>
      <trkpt lat="49.1451" lon="-117.8625">
      </trkpt>
      <trkpt lat="49.145111" lon="-117.862317">
      </trkpt>
      <trkpt lat="49.145136" lon="-117.86223">
      </trkpt>
      <trkpt lat="49.145179" lon="-117.862071">
      </trkpt>
      <trkpt lat="49.145211" lon="-117.86199201">
      </trkpt>
      <trkpt lat="49.145235" lon="-117.86181399">
      </trkpt>
      <trkpt lat="49.145271" lon="-117.861745">
      </trkpt>
      <trkpt lat="49.145296" lon="-117.86157">
      </trkpt>
      <trkpt lat="49.145338" lon="-117.861514">
      </trkpt>
      <trkpt lat="49.145379" lon="-117.861347">
      </trkpt>
      <trkpt lat="49.145379" lon="-117.86125101">
      </trkpt>
      <trkpt lat="49.145413" lon="-117.861082">
      </trkpt>
      <trkpt lat="49.145434" lon="-117.861005">
      </trkpt>
      <trkpt lat="49.145489" lon="-117.860818">
      </trkpt>
      <trkpt lat="49.145515" lon="-117.860731">
      </trkpt>
      <trkpt lat="49.145552" lon="-117.860548">
      </trkpt>
      <trkpt lat="49.145559" lon="-117.86045501">
      </trkpt>
      <trkpt lat="49.145637" lon="-117.86033601">
      </trkpt>
      <trkpt lat="49.14563" lon="-117.860251">
      </trkpt>
      <trkpt lat="49.145644" lon="-117.860064">
      </trkpt>
      <trkpt lat="49.145664" lon="-117.859976">
      </trkpt>
      <trkpt lat="49.145706" lon="-117.859792">
      </trkpt>
      <trkpt lat="49.145705" lon="-117.85969501">
      </trkpt>
      <trkpt lat="49.145713" lon="-117.85951999">
      </trkpt>
      <trkpt lat="49.14571" lon="-117.85943601">
      </trkpt>
      <trkpt lat="49.145761" lon="-117.85926799">
      </trkpt>
      <trkpt lat="49.145785" lon="-117.859188">
      </trkpt>
      <trkpt lat="49.145791" lon="-117.859005">
      </trkpt>
      <trkpt lat="49.145825" lon="-117.85892399">
      </trkpt>
      <trkpt lat="49.145887" lon="-117.858784">
      </trkpt>
      <trkpt lat="49.145873" lon="-117.858686">
      </trkpt>
      <trkpt lat="49.145867" lon="-117.85851401">
      </trkpt>
      <trkpt lat="49.14587" lon="-117.858414">
      </trkpt>
      <trkpt lat="49.145848" lon="-117.858239">
      </trkpt>
      <trkpt lat="49.145872" lon="-117.858148">
      </trkpt>
      <trkpt lat="49.145895" lon="-117.857988">
      </trkpt>
      <trkpt lat="49.145891" lon="-117.8579">
      </trkpt>
      <trkpt lat="49.145853" lon="-117.857729">
      </trkpt>
      <trkpt lat="49.145863" lon="-117.857635">
      </trkpt>
      <trkpt lat="49.145875" lon="-117.85745901">
      </trkpt>
      <trkpt lat="49.145873" lon="-117.857359">
      </trkpt>
      <trkpt lat="49.145867" lon="-117.857192">
      </trkpt>
      <trkpt lat="49.145846" lon="-117.857113">
      </trkpt>
      <trkpt lat="49.145774" lon="-117.85697501">
      </trkpt>
      <trkpt lat="49.14574" lon="-117.856885">
      </trkpt>
      <trkpt lat="49.145667" lon="-117.856727">
      </trkpt>
      <trkpt lat="49.145631" lon="-117.856643">
      </trkpt>
      <trkpt lat="49.14553" lon="-117.856532">
      </trkpt>
      <trkpt lat="49.145473" lon="-117.85654">
      </trkpt>
      <trkpt lat="49.145355" lon="-117.856496">
      </trkpt>
      <trkpt lat="49.145317" lon="-117.856426">
      </trkpt>
      <trkpt lat="49.145202" lon="-117.856326">
      </trkpt>
      <trkpt lat="49.14515" lon="-117.856298">
      </trkpt>
      <trkpt lat="49.145102" lon="-117.856132">
      </trkpt>
      <trkpt lat="49.145054" lon="-117.856058">
      </trkpt>
      <trkpt lat="49.144965" lon="-117.855923">
      </trkpt>
      <trkpt lat="49.144917" lon="-117.855869">
      </trkpt>
      <trkpt lat="49.144796" lon="-117.855844">
      </trkpt>
      <trkpt lat="49.144748" lon="-117.855778">
      </trkpt>
      <trkpt lat="49.14468" lon="-117.855631">
      </trkpt>
      <trkpt lat="49.144652" lon="-117.855547">
      </trkpt>
      <trkpt lat="49.144525" lon="-117.855467">
      </trkpt>
      <trkpt lat="49.144441" lon="-117.85534199">
      </trkpt>
      <trkpt lat="49.144414" lon="-117.855261">
      </trkpt>
      <trkpt lat="49.144455" lon="-117.855101">
      </trkpt>
      <trkpt lat="49.144483" lon="-117.855026">
      </trkpt>
      <trkpt lat="49.144492" lon="-117.854844">
      </trkpt>
      <trkpt lat="49.144492" lon="-117.85475699">
      </trkpt>
      <trkpt lat="49.144499" lon="-117.854565">
      </trkpt>
      <trkpt lat="49.144492" lon="-117.854474">
      </trkpt>
      <trkpt lat="49.144463" lon="-117.85430199">
      </trkpt>
      <trkpt lat="49.144508" lon="-117.854254">
      </trkpt>
      <trkpt lat="49.144548" lon="-117.854091">
      </trkpt>
      <trkpt lat="49.144579" lon="-117.853996">
      </trkpt>
      <trkpt lat="49.144564" lon="-117.853838">
      </trkpt>
      <trkpt lat="49.144552" lon="-117.853752">
      </trkpt>
      <trkpt lat="49.144665" lon="-117.853638">
      </trkpt>
      <trkpt lat="49.144739" lon="-117.85348">
      </trkpt>
      <trkpt lat="49.144793" lon="-117.85343101">
      </trkpt>
      <trkpt lat="49.144891" lon="-117.853343">
      </trkpt>
      <trkpt lat="49.144946" lon="-117.853301">
      </trkpt>
      <trkpt lat="49.145047" lon="-117.853198">
      </trkpt>
      <trkpt lat="49.1451" lon="-117.853156">
      </trkpt>
      <trkpt lat="49.145215" lon="-117.853077">
      </trkpt>
      <trkpt lat="49.145279" lon="-117.853058">
      </trkpt>
      <trkpt lat="49.145395" lon="-117.853028">
      </trkpt>
      <trkpt lat="49.145451" lon="-117.85299901">
      </trkpt>
      <trkpt lat="49.145573" lon="-117.853015">
      </trkpt>
      <trkpt lat="49.14563" lon="-117.853006">
      </trkpt>
      <trkpt lat="49.145713" lon="-117.852886">
      </trkpt>
      <trkpt lat="49.145768" lon="-117.85284">
      </trkpt>
      <trkpt lat="49.14600611" lon="-117.85304483">
      </trkpt>
    </trkseg>
  </trk>
</gpx>