<?xml version="1.0" encoding="UTF-8"?>
<gpx xmlns="http://www.topografix.com/GPX/1/1" xmlns:xsi="http://www.w3.org/2001/XMLSchema-instance" xsi:schemaLocation="http://www.topografix.com/GPX/1/1 http://www.topografix.com/GPX/1/1/gpx.xsd" version="1.1" creator="gpx.py -- https://github.com/tkrajina/gpxpy">
  <trk>
    <name>Prospect Snowmobile Trails</name>
    <trkseg>
      <trkpt lat="50.02229167" lon="-121.28875815">
      </trkpt>
      <trkpt lat="50.02207188" lon="-121.28854771">
      </trkpt>
      <trkpt lat="50.02196892" lon="-121.2884411">
      </trkpt>
      <trkpt lat="50.02191616" lon="-121.28830111">
      </trkpt>
      <trkpt lat="50.02193315" lon="-121.28807985">
      </trkpt>
      <trkpt lat="50.02202629" lon="-121.28752477">
      </trkpt>
      <trkpt lat="50.02209242" lon="-121.2871914">
      </trkpt>
      <trkpt lat="50.02209861" lon="-121.28692317">
      </trkpt>
      <trkpt lat="50.02208446" lon="-121.2866557">
      </trkpt>
      <trkpt lat="50.02203102" lon="-121.28646842">
      </trkpt>
      <trkpt lat="50.02201883" lon="-121.28632706">
      </trkpt>
      <trkpt lat="50.02204546" lon="-121.28607377">
      </trkpt>
      <trkpt lat="50.02210902" lon="-121.28589687">
      </trkpt>
      <trkpt lat="50.02216964" lon="-121.28575231">
      </trkpt>
      <trkpt lat="50.02221631" lon="-121.28564556">
      </trkpt>
      <trkpt lat="50.02224874" lon="-121.28555453">
      </trkpt>
      <trkpt lat="50.02225649" lon="-121.28542674">
      </trkpt>
      <trkpt lat="50.02227399" lon="-121.2853061">
      </trkpt>
      <trkpt lat="50.02230553" lon="-121.28515498">
      </trkpt>
      <trkpt lat="50.02233746" lon="-121.28503375">
      </trkpt>
      <trkpt lat="50.02238393" lon="-121.28491221">
      </trkpt>
      <trkpt lat="50.02246419" lon="-121.2847893">
      </trkpt>
      <trkpt lat="50.02254938" lon="-121.28468118">
      </trkpt>
      <trkpt lat="50.02262522" lon="-121.28458862">
      </trkpt>
      <trkpt lat="50.02266718" lon="-121.28448949">
      </trkpt>
      <trkpt lat="50.02269862" lon="-121.2843309">
      </trkpt>
      <trkpt lat="50.0227164" lon="-121.28423285">
      </trkpt>
      <trkpt lat="50.02275353" lon="-121.28413403">
      </trkpt>
      <trkpt lat="50.0228573" lon="-121.28397269">
      </trkpt>
      <trkpt lat="50.02296124" lon="-121.28381897">
      </trkpt>
      <trkpt lat="50.02302746" lon="-121.28373418">
      </trkpt>
      <trkpt lat="50.02306027" lon="-121.28366556">
      </trkpt>
      <trkpt lat="50.02310625" lon="-121.28351382">
      </trkpt>
      <trkpt lat="50.02316167" lon="-121.28334684">
      </trkpt>
      <trkpt lat="50.0232318" lon="-121.28319435">
      </trkpt>
      <trkpt lat="50.02335462" lon="-121.28301746">
      </trkpt>
      <trkpt lat="50.02345396" lon="-121.28288647">
      </trkpt>
      <trkpt lat="50.02355337" lon="-121.28275547">
      </trkpt>
      <trkpt lat="50.02364651" lon="-121.28253466">
      </trkpt>
      <trkpt lat="50.02370251" lon="-121.28240504">
      </trkpt>
      <trkpt lat="50.02373002" lon="-121.28230668">
      </trkpt>
      <trkpt lat="50.02373375" lon="-121.28223149">
      </trkpt>
      <trkpt lat="50.02370388" lon="-121.28217248">
      </trkpt>
      <trkpt lat="50.02361135" lon="-121.28210829">
      </trkpt>
      <trkpt lat="50.02351849" lon="-121.28202914">
      </trkpt>
      <trkpt lat="50.02345935" lon="-121.28194877">
      </trkpt>
      <trkpt lat="50.02345345" lon="-121.28187389">
      </trkpt>
      <trkpt lat="50.02346172" lon="-121.28178362">
      </trkpt>
      <trkpt lat="50.02350316" lon="-121.28164713">
      </trkpt>
      <trkpt lat="50.02355917" lon="-121.28151766">
      </trkpt>
      <trkpt lat="50.02366213" lon="-121.28130403">
      </trkpt>
      <trkpt lat="50.02377501" lon="-121.28111248">
      </trkpt>
      <trkpt lat="50.02387405" lon="-121.28095892">
      </trkpt>
      <trkpt lat="50.02394027" lon="-121.28086651">
      </trkpt>
      <trkpt lat="50.0239776" lon="-121.28078264">
      </trkpt>
      <trkpt lat="50.02403262" lon="-121.28058576">
      </trkpt>
      <trkpt lat="50.02409097" lon="-121.28029115">
      </trkpt>
      <trkpt lat="50.02413086" lon="-121.28005722">
      </trkpt>
      <trkpt lat="50.02416702" lon="-121.27989084">
      </trkpt>
      <trkpt lat="50.02418696" lon="-121.27978989">
      </trkpt>
      <trkpt lat="50.02424689" lon="-121.27968238">
      </trkpt>
      <trkpt lat="50.02434052" lon="-121.27958799">
      </trkpt>
      <trkpt lat="50.02445301" lon="-121.27952715">
      </trkpt>
      <trkpt lat="50.0245763" lon="-121.2794602">
      </trkpt>
      <trkpt lat="50.02472495" lon="-121.27936961">
      </trkpt>
      <trkpt lat="50.02480433" lon="-121.27929856">
      </trkpt>
      <trkpt lat="50.02488312" lon="-121.27918768">
      </trkpt>
      <trkpt lat="50.02495711" lon="-121.27899753">
      </trkpt>
      <trkpt lat="50.02503795" lon="-121.27877854">
      </trkpt>
      <trkpt lat="50.02512991" lon="-121.27857054">
      </trkpt>
      <trkpt lat="50.02522304" lon="-121.2784365">
      </trkpt>
      <trkpt lat="50.02534231" lon="-121.27834134">
      </trkpt>
      <trkpt lat="50.02551188" lon="-121.27818747">
      </trkpt>
      <trkpt lat="50.02568185" lon="-121.27805618">
      </trkpt>
      <trkpt lat="50.02586201" lon="-121.27787928">
      </trkpt>
      <trkpt lat="50.02601322" lon="-121.27772038">
      </trkpt>
      <trkpt lat="50.026153" lon="-121.27752778">
      </trkpt>
      <trkpt lat="50.02627482" lon="-121.2773585">
      </trkpt>
      <trkpt lat="50.02640421" lon="-121.27720601">
      </trkpt>
      <trkpt lat="50.02655167" lon="-121.27703598">
      </trkpt>
      <trkpt lat="50.02662781" lon="-121.27699343">
      </trkpt>
      <trkpt lat="50.02679107" lon="-121.27690788">
      </trkpt>
      <trkpt lat="50.02695052" lon="-121.27681121">
      </trkpt>
      <trkpt lat="50.02701644" lon="-121.27681455">
      </trkpt>
      <trkpt lat="50.02713315" lon="-121.27679901">
      </trkpt>
      <trkpt lat="50.02723149" lon="-121.27677278">
      </trkpt>
      <trkpt lat="50.02731479" lon="-121.27671863">
      </trkpt>
      <trkpt lat="50.02737315" lon="-121.27670522">
      </trkpt>
      <trkpt lat="50.0274761" lon="-121.27674136">
      </trkpt>
      <trkpt lat="50.02767543" lon="-121.27687067">
      </trkpt>
      <trkpt lat="50.02781561" lon="-121.2769509">
      </trkpt>
      <trkpt lat="50.02788172" lon="-121.27697133">
      </trkpt>
      <trkpt lat="50.02792937" lon="-121.27697528">
      </trkpt>
      <trkpt lat="50.02799116" lon="-121.27695028">
      </trkpt>
      <trkpt lat="50.02808105" lon="-121.27685039">
      </trkpt>
      <trkpt lat="50.02814903" lon="-121.27675127">
      </trkpt>
      <trkpt lat="50.02815277" lon="-121.27675112">
      </trkpt>
      <trkpt lat="50.02821996" lon="-121.2766009">
      </trkpt>
      <trkpt lat="50.02826612" lon="-121.27650834">
      </trkpt>
      <trkpt lat="50.02831603" lon="-121.27642127">
      </trkpt>
      <trkpt lat="50.0283843" lon="-121.27633923">
      </trkpt>
      <trkpt lat="50.02848924" lon="-121.27626161">
      </trkpt>
      <trkpt lat="50.02857626" lon="-121.27621296">
      </trkpt>
      <trkpt lat="50.02865898" lon="-121.27611903">
      </trkpt>
      <trkpt lat="50.02872656" lon="-121.27599154">
      </trkpt>
      <trkpt lat="50.02877951" lon="-121.27586451">
      </trkpt>
      <trkpt lat="50.02881124" lon="-121.27578384">
      </trkpt>
      <trkpt lat="50.02886163" lon="-121.27573077">
      </trkpt>
      <trkpt lat="50.02894386" lon="-121.27560282">
      </trkpt>
      <trkpt lat="50.02901547" lon="-121.27550355">
      </trkpt>
      <trkpt lat="50.02908679" lon="-121.27538171">
      </trkpt>
      <trkpt lat="50.02915459" lon="-121.2752655">
      </trkpt>
      <trkpt lat="50.02922177" lon="-121.2751153">
      </trkpt>
      <trkpt lat="50.02930301" lon="-121.27491904">
      </trkpt>
      <trkpt lat="50.02935998" lon="-121.27481458">
      </trkpt>
      <trkpt lat="50.02942069" lon="-121.27472155">
      </trkpt>
      <trkpt lat="50.0294704" lon="-121.2746174">
      </trkpt>
      <trkpt lat="50.0295204" lon="-121.27454161">
      </trkpt>
      <trkpt lat="50.02959241" lon="-121.27446521">
      </trkpt>
      <trkpt lat="50.02966058" lon="-121.27437738">
      </trkpt>
      <trkpt lat="50.02968524" lon="-121.2743141">
      </trkpt>
      <trkpt lat="50.02972728" lon="-121.27418737">
      </trkpt>
      <trkpt lat="50.02975832" lon="-121.27406126">
      </trkpt>
      <trkpt lat="50.02978661" lon="-121.27399766">
      </trkpt>
      <trkpt lat="50.0298542" lon="-121.27387018">
      </trkpt>
      <trkpt lat="50.02992159" lon="-121.27373126">
      </trkpt>
      <trkpt lat="50.02993917" lon="-121.2736852">
      </trkpt>
      <trkpt lat="50.02994565" lon="-121.27362802">
      </trkpt>
      <trkpt lat="50.02997032" lon="-121.27356458">
      </trkpt>
      <trkpt lat="50.02999536" lon="-121.27352965">
      </trkpt>
      <trkpt lat="50.03003152" lon="-121.27349993">
      </trkpt>
      <trkpt lat="50.03009723" lon="-121.27349183">
      </trkpt>
      <trkpt lat="50.03015912" lon="-121.27347262">
      </trkpt>
      <trkpt lat="50.03020961" lon="-121.27342535">
      </trkpt>
      <trkpt lat="50.03032493" lon="-121.27331311">
      </trkpt>
      <trkpt lat="50.03053869" lon="-121.27318044">
      </trkpt>
      <trkpt lat="50.030749" lon="-121.27305906">
      </trkpt>
      <trkpt lat="50.03082504" lon="-121.27300523">
      </trkpt>
      <trkpt lat="50.03091522" lon="-121.27292243">
      </trkpt>
      <trkpt lat="50.03100843" lon="-121.27279966">
      </trkpt>
      <trkpt lat="50.03108377" lon="-121.27270023">
      </trkpt>
      <trkpt lat="50.03113358" lon="-121.27260752">
      </trkpt>
      <trkpt lat="50.03117267" lon="-121.27253219">
      </trkpt>
      <trkpt lat="50.03120479" lon="-121.27247988">
      </trkpt>
      <trkpt lat="50.03126315" lon="-121.27246646">
      </trkpt>
      <trkpt lat="50.03141599" lon="-121.27241552">
      </trkpt>
      <trkpt lat="50.03151078" lon="-121.27240073">
      </trkpt>
      <trkpt lat="50.03159133" lon="-121.27240347">
      </trkpt>
      <trkpt lat="50.0316716" lon="-121.27239494">
      </trkpt>
      <trkpt lat="50.03174036" lon="-121.2723469">
      </trkpt>
      <trkpt lat="50.03182699" lon="-121.27226989">
      </trkpt>
      <trkpt lat="50.03188092" lon="-121.27220538">
      </trkpt>
      <trkpt lat="50.03192454" lon="-121.27218678">
      </trkpt>
      <trkpt lat="50.03202354" lon="-121.27220599">
      </trkpt>
      <trkpt lat="50.03207099" lon="-121.27220432">
      </trkpt>
      <trkpt lat="50.0321258" lon="-121.2721967">
      </trkpt>
      <trkpt lat="50.03217638" lon="-121.27215506">
      </trkpt>
      <trkpt lat="50.03224771" lon="-121.27203307">
      </trkpt>
      <trkpt lat="50.03233679" lon="-121.27187629">
      </trkpt>
      <trkpt lat="50.03246871" lon="-121.27164985">
      </trkpt>
      <trkpt lat="50.03251146" lon="-121.27157436">
      </trkpt>
      <trkpt lat="50.03255142" lon="-121.27155591">
      </trkpt>
      <trkpt lat="50.03264238" lon="-121.27152418">
      </trkpt>
      <trkpt lat="50.03276556" lon="-121.2714516">
      </trkpt>
      <trkpt lat="50.03283451" lon="-121.27141501">
      </trkpt>
      <trkpt lat="50.032885" lon="-121.27136757">
      </trkpt>
      <trkpt lat="50.0329459" lon="-121.27128019">
      </trkpt>
      <trkpt lat="50.03298541" lon="-121.27123323">
      </trkpt>
      <trkpt lat="50.03306122" lon="-121.27116795">
      </trkpt>
      <trkpt lat="50.03311506" lon="-121.27109782">
      </trkpt>
      <trkpt lat="50.03321909" lon="-121.27096331">
      </trkpt>
      <trkpt lat="50.03328096" lon="-121.27094409">
      </trkpt>
      <trkpt lat="50.03333617" lon="-121.27097048">
      </trkpt>
      <trkpt lat="50.03343901" lon="-121.27100082">
      </trkpt>
      <trkpt lat="50.03353045" lon="-121.27100326">
      </trkpt>
      <trkpt lat="50.03364342" lon="-121.27097643">
      </trkpt>
      <trkpt lat="50.03374527" lon="-121.27093875">
      </trkpt>
      <trkpt lat="50.03384302" lon="-121.27087257">
      </trkpt>
      <trkpt lat="50.03390066" lon="-121.27081372">
      </trkpt>
      <trkpt lat="50.03393318" lon="-121.27078978">
      </trkpt>
      <trkpt lat="50.03397718" lon="-121.27079389">
      </trkpt>
      <trkpt lat="50.03399565" lon="-121.27081036">
      </trkpt>
      <trkpt lat="50.03401433" lon="-121.27083231">
      </trkpt>
      <trkpt lat="50.03406991" lon="-121.27088157">
      </trkpt>
      <trkpt lat="50.03413228" lon="-121.27089637">
      </trkpt>
      <trkpt lat="50.03419063" lon="-121.27088295">
      </trkpt>
      <trkpt lat="50.0342415" lon="-121.27086404">
      </trkpt>
      <trkpt lat="50.03429602" lon="-121.27083934">
      </trkpt>
      <trkpt lat="50.03434357" lon="-121.2708433">
      </trkpt>
      <trkpt lat="50.03440987" lon="-121.27087502">
      </trkpt>
      <trkpt lat="50.03449158" lon="-121.27095737">
      </trkpt>
      <trkpt lat="50.03454355" lon="-121.27101242">
      </trkpt>
      <trkpt lat="50.03458804" lon="-121.27105053">
      </trkpt>
      <trkpt lat="50.03463175" lon="-121.27104336">
      </trkpt>
      <trkpt lat="50.03469698" lon="-121.27100113">
      </trkpt>
      <trkpt lat="50.03478665" lon="-121.27088416">
      </trkpt>
      <trkpt lat="50.03485845" lon="-121.27079069">
      </trkpt>
      <trkpt lat="50.0349778" lon="-121.27070681">
      </trkpt>
      <trkpt lat="50.03504684" lon="-121.27067585">
      </trkpt>
      <trkpt lat="50.03515204" lon="-121.27062096">
      </trkpt>
      <trkpt lat="50.03521746" lon="-121.27059015">
      </trkpt>
      <trkpt lat="50.03528219" lon="-121.27051955">
      </trkpt>
      <trkpt lat="50.03532177" lon="-121.27047273">
      </trkpt>
      <trkpt lat="50.03535733" lon="-121.27040883">
      </trkpt>
      <trkpt lat="50.03538993" lon="-121.2703849">
      </trkpt>
      <trkpt lat="50.03545545" lon="-121.27036553">
      </trkpt>
      <trkpt lat="50.0355137" lon="-121.27034631">
      </trkpt>
      <trkpt lat="50.03558913" lon="-121.27025833">
      </trkpt>
      <trkpt lat="50.03563883" lon="-121.27015981">
      </trkpt>
      <trkpt lat="50.0357396" lon="-121.27004819">
      </trkpt>
      <trkpt lat="50.03580816" lon="-121.26998887">
      </trkpt>
      <trkpt lat="50.03588389" lon="-121.26991231">
      </trkpt>
      <trkpt lat="50.03593479" lon="-121.2698934">
      </trkpt>
      <trkpt lat="50.03599321" lon="-121.26989127">
      </trkpt>
      <trkpt lat="50.03603349" lon="-121.26988975">
      </trkpt>
      <trkpt lat="50.03608142" lon="-121.26992223">
      </trkpt>
      <trkpt lat="50.03613013" lon="-121.27">
      </trkpt>
      <trkpt lat="50.03619408" lon="-121.27011712">
      </trkpt>
      <trkpt lat="50.03625419" lon="-121.2702231">
      </trkpt>
      <trkpt lat="50.03632824" lon="-121.27028867">
      </trkpt>
      <trkpt lat="50.03638747" lon="-121.27033197">
      </trkpt>
      <trkpt lat="50.03643884" lon="-121.27034723">
      </trkpt>
      <trkpt lat="50.03647547" lon="-121.27035165">
      </trkpt>
      <trkpt lat="50.03652989" lon="-121.27032115">
      </trkpt>
      <trkpt lat="50.03661299" lon="-121.27025573">
      </trkpt>
      <trkpt lat="50.03670757" lon="-121.27021822">
      </trkpt>
      <trkpt lat="50.03679852" lon="-121.2701865">
      </trkpt>
      <trkpt lat="50.03688957" lon="-121.27016607">
      </trkpt>
      <trkpt lat="50.03697738" lon="-121.27016865">
      </trkpt>
      <trkpt lat="50.03707992" lon="-121.27017629">
      </trkpt>
      <trkpt lat="50.03720102" lon="-121.27020617">
      </trkpt>
      <trkpt lat="50.03727479" lon="-121.27024902">
      </trkpt>
      <trkpt lat="50.03736673" lon="-121.27028547">
      </trkpt>
      <trkpt lat="50.03754243" lon="-121.27029615">
      </trkpt>
      <trkpt lat="50.03764516" lon="-121.2703152">
      </trkpt>
      <trkpt lat="50.03775115" lon="-121.2703114">
      </trkpt>
      <trkpt lat="50.03792734" lon="-121.27036202">
      </trkpt>
      <trkpt lat="50.03803402" lon="-121.27039802">
      </trkpt>
      <trkpt lat="50.0381337" lon="-121.27046266">
      </trkpt>
      <trkpt lat="50.03817809" lon="-121.2705008">
      </trkpt>
      <trkpt lat="50.03826324" lon="-121.27057171">
      </trkpt>
      <trkpt lat="50.03837462" lon="-121.27068149">
      </trkpt>
      <trkpt lat="50.0384638" lon="-121.27077482">
      </trkpt>
      <trkpt lat="50.03855976" lon="-121.270834">
      </trkpt>
      <trkpt lat="50.03865532" lon="-121.27087044">
      </trkpt>
      <trkpt lat="50.03881345" lon="-121.27092732">
      </trkpt>
      <trkpt lat="50.03887945" lon="-121.27094197">
      </trkpt>
      <trkpt lat="50.03899632" lon="-121.27092641">
      </trkpt>
      <trkpt lat="50.03907362" lon="-121.27096331">
      </trkpt>
      <trkpt lat="50.03916555" lon="-121.27099426">
      </trkpt>
      <trkpt lat="50.0392287" lon="-121.27106594">
      </trkpt>
      <trkpt lat="50.0393063" lon="-121.27111993">
      </trkpt>
      <trkpt lat="50.03938407" lon="-121.27118534">
      </trkpt>
      <trkpt lat="50.0394659" lon="-121.27127348">
      </trkpt>
      <trkpt lat="50.03959484" lon="-121.27133708">
      </trkpt>
      <trkpt lat="50.03967195" lon="-121.2713627">
      </trkpt>
      <trkpt lat="50.03975278" lon="-121.27138253">
      </trkpt>
      <trkpt lat="50.03986287" lon="-121.27141271">
      </trkpt>
      <trkpt lat="50.03995086" lon="-121.27142659">
      </trkpt>
      <trkpt lat="50.04001627" lon="-121.27140158">
      </trkpt>
      <trkpt lat="50.04001981" lon="-121.27139578">
      </trkpt>
      <trkpt lat="50.04007353" lon="-121.2713142">
      </trkpt>
      <trkpt lat="50.0401197" lon="-121.27122728">
      </trkpt>
      <trkpt lat="50.04017224" lon="-121.2710661">
      </trkpt>
      <trkpt lat="50.04021781" lon="-121.27093937">
      </trkpt>
      <trkpt lat="50.04026377" lon="-121.27082973">
      </trkpt>
      <trkpt lat="50.04039243" lon="-121.27063164">
      </trkpt>
      <trkpt lat="50.04054701" lon="-121.2704555">
      </trkpt>
      <trkpt lat="50.04068373" lon="-121.27030271">
      </trkpt>
      <trkpt lat="50.04071996" lon="-121.27027861">
      </trkpt>
      <trkpt lat="50.04078115" lon="-121.27021395">
      </trkpt>
      <trkpt lat="50.04086365" lon="-121.27010293">
      </trkpt>
      <trkpt lat="50.04095724" lon="-121.27000853">
      </trkpt>
      <trkpt lat="50.04104416" lon="-121.26994861">
      </trkpt>
      <trkpt lat="50.04119305" lon="-121.26988059">
      </trkpt>
      <trkpt lat="50.04132377" lon="-121.26981914">
      </trkpt>
      <trkpt lat="50.04146135" lon="-121.26972306">
      </trkpt>
      <trkpt lat="50.04155171" lon="-121.2696517">
      </trkpt>
      <trkpt lat="50.04163903" lon="-121.26962578">
      </trkpt>
      <trkpt lat="50.04171159" lon="-121.26958903">
      </trkpt>
      <trkpt lat="50.04177268" lon="-121.26951293">
      </trkpt>
      <trkpt lat="50.04186195" lon="-121.26936745">
      </trkpt>
      <trkpt lat="50.04192609" lon="-121.26925719">
      </trkpt>
      <trkpt lat="50.04200868" lon="-121.26915746">
      </trkpt>
      <trkpt lat="50.04209059" lon="-121.26900664">
      </trkpt>
      <trkpt lat="50.04216925" lon="-121.2688845">
      </trkpt>
      <trkpt lat="50.04227002" lon="-121.26877836">
      </trkpt>
      <trkpt lat="50.0423638" lon="-121.26869539">
      </trkpt>
      <trkpt lat="50.04248292" lon="-121.2685888">
      </trkpt>
      <trkpt lat="50.0425664" lon="-121.26854596">
      </trkpt>
      <trkpt lat="50.04266873" lon="-121.26854229">
      </trkpt>
      <trkpt lat="50.0427638" lon="-121.26853879">
      </trkpt>
      <trkpt lat="50.04281114" lon="-121.26852582">
      </trkpt>
      <trkpt lat="50.04286927" lon="-121.26850097">
      </trkpt>
      <trkpt lat="50.04289079" lon="-121.26847748">
      </trkpt>
      <trkpt lat="50.04289804" lon="-121.26847138">
      </trkpt>
      <trkpt lat="50.04295157" lon="-121.26838416">
      </trkpt>
      <trkpt lat="50.04309112" lon="-121.26817448">
      </trkpt>
      <trkpt lat="50.04322665" lon="-121.26794772">
      </trkpt>
      <trkpt lat="50.04335462" lon="-121.26769868">
      </trkpt>
      <trkpt lat="50.04346902" lon="-121.26752393">
      </trkpt>
      <trkpt lat="50.04356881" lon="-121.26734962">
      </trkpt>
      <trkpt lat="50.04365177" lon="-121.26727277">
      </trkpt>
      <trkpt lat="50.04371375" lon="-121.26726484">
      </trkpt>
      <trkpt lat="50.04377266" lon="-121.26729122">
      </trkpt>
      <trkpt lat="50.04382443" lon="-121.26732339">
      </trkpt>
      <trkpt lat="50.04387677" lon="-121.26740118">
      </trkpt>
      <trkpt lat="50.04389916" lon="-121.26743442">
      </trkpt>
      <trkpt lat="50.04392862" lon="-121.26744479">
      </trkpt>
      <trkpt lat="50.04396112" lon="-121.26742084">
      </trkpt>
      <trkpt lat="50.04401141" lon="-121.26736213">
      </trkpt>
      <trkpt lat="50.04409517" lon="-121.26733637">
      </trkpt>
      <trkpt lat="50.04419338" lon="-121.2672987">
      </trkpt>
      <trkpt lat="50.04426606" lon="-121.26727339">
      </trkpt>
      <trkpt lat="50.04435639" lon="-121.26720187">
      </trkpt>
      <trkpt lat="50.04445028" lon="-121.26711891">
      </trkpt>
      <trkpt lat="50.04452276" lon="-121.2670765">
      </trkpt>
      <trkpt lat="50.04461025" lon="-121.26705622">
      </trkpt>
      <trkpt lat="50.04470943" lon="-121.26708673">
      </trkpt>
      <trkpt lat="50.04481923" lon="-121.2670942">
      </trkpt>
      <trkpt lat="50.04492137" lon="-121.26707346">
      </trkpt>
      <trkpt lat="50.04499423" lon="-121.26705944">
      </trkpt>
      <trkpt lat="50.04506031" lon="-121.26707422">
      </trkpt>
      <trkpt lat="50.04515979" lon="-121.26712744">
      </trkpt>
      <trkpt lat="50.04523679" lon="-121.26714178">
      </trkpt>
      <trkpt lat="50.04532035" lon="-121.26710457">
      </trkpt>
      <trkpt lat="50.04538173" lon="-121.2670512">
      </trkpt>
      <trkpt lat="50.04545774" lon="-121.26699722">
      </trkpt>
      <trkpt lat="50.04552972" lon="-121.26692082">
      </trkpt>
      <trkpt lat="50.04563068" lon="-121.26682611">
      </trkpt>
      <trkpt lat="50.0456781" lon="-121.2668188">
      </trkpt>
      <trkpt lat="50.04573673" lon="-121.2668223">
      </trkpt>
      <trkpt lat="50.04582815" lon="-121.26682474">
      </trkpt>
      <trkpt lat="50.04589395" lon="-121.26682231">
      </trkpt>
      <trkpt lat="50.04596742" lon="-121.26684243">
      </trkpt>
      <trkpt lat="50.04609948" lon="-121.26687186">
      </trkpt>
      <trkpt lat="50.0461911" lon="-121.26688559">
      </trkpt>
      <trkpt lat="50.04628204" lon="-121.26685387">
      </trkpt>
      <trkpt lat="50.04633998" lon="-121.26681758">
      </trkpt>
      <trkpt lat="50.04637621" lon="-121.26679363">
      </trkpt>
      <trkpt lat="50.04642689" lon="-121.26675765">
      </trkpt>
      <trkpt lat="50.04648512" lon="-121.26673842">
      </trkpt>
      <trkpt lat="50.04654669" lon="-121.26670213">
      </trkpt>
      <trkpt lat="50.04658636" lon="-121.26666081">
      </trkpt>
      <trkpt lat="50.04665382" lon="-121.26652767">
      </trkpt>
      <trkpt lat="50.04677529" lon="-121.26633553">
      </trkpt>
      <trkpt lat="50.04687486" lon="-121.26614995">
      </trkpt>
      <trkpt lat="50.04695647" lon="-121.26598205">
      </trkpt>
      <trkpt lat="50.04701706" lon="-121.2658718">
      </trkpt>
      <trkpt lat="50.04707764" lon="-121.26576718">
      </trkpt>
      <trkpt lat="50.04714609" lon="-121.26569657">
      </trkpt>
      <trkpt lat="50.04723625" lon="-121.26561362">
      </trkpt>
      <trkpt lat="50.04733031" lon="-121.26554775">
      </trkpt>
      <trkpt lat="50.04740209" lon="-121.26545976">
      </trkpt>
      <trkpt lat="50.04743066" lon="-121.26541324">
      </trkpt>
      <trkpt lat="50.04746601" lon="-121.26532662">
      </trkpt>
      <trkpt lat="50.04748585" lon="-121.26518938">
      </trkpt>
      <trkpt lat="50.04750637" lon="-121.26509209">
      </trkpt>
      <trkpt lat="50.04754163" lon="-121.26500547">
      </trkpt>
      <trkpt lat="50.04760192" lon="-121.26487813">
      </trkpt>
      <trkpt lat="50.04763246" lon="-121.2647235">
      </trkpt>
      <trkpt lat="50.04764867" lon="-121.26458641">
      </trkpt>
      <trkpt lat="50.04767145" lon="-121.26439777">
      </trkpt>
      <trkpt lat="50.04768067" lon="-121.26427806">
      </trkpt>
      <trkpt lat="50.04768706" lon="-121.26421524">
      </trkpt>
      <trkpt lat="50.0477119" lon="-121.26416324">
      </trkpt>
      <trkpt lat="50.04775482" lon="-121.26409904">
      </trkpt>
      <trkpt lat="50.04779026" lon="-121.26402385">
      </trkpt>
      <trkpt lat="50.04780637" lon="-121.26388112">
      </trkpt>
      <trkpt lat="50.04783721" lon="-121.26374342">
      </trkpt>
      <trkpt lat="50.0478755" lon="-121.26361121">
      </trkpt>
      <trkpt lat="50.04788886" lon="-121.2635255">
      </trkpt>
      <trkpt lat="50.04789456" lon="-121.26342287">
      </trkpt>
      <trkpt lat="50.04790388" lon="-121.2633088">
      </trkpt>
      <trkpt lat="50.04788738" lon="-121.26318422">
      </trkpt>
      <trkpt lat="50.04788267" lon="-121.26311605">
      </trkpt>
      <trkpt lat="50.04788945" lon="-121.2630761">
      </trkpt>
      <trkpt lat="50.04790633" lon="-121.26298445">
      </trkpt>
      <trkpt lat="50.047941" lon="-121.26285803">
      </trkpt>
      <trkpt lat="50.04800159" lon="-121.26275357">
      </trkpt>
      <trkpt lat="50.04804411" lon="-121.26266101">
      </trkpt>
      <trkpt lat="50.04806777" lon="-121.26253504">
      </trkpt>
      <trkpt lat="50.04809487" lon="-121.26239185">
      </trkpt>
      <trkpt lat="50.04810008" lon="-121.26224942">
      </trkpt>
      <trkpt lat="50.04808711" lon="-121.26211339">
      </trkpt>
      <trkpt lat="50.04806335" lon="-121.26199475">
      </trkpt>
      <trkpt lat="50.04802958" lon="-121.2619391">
      </trkpt>
      <trkpt lat="50.04794041" lon="-121.26184561">
      </trkpt>
      <trkpt lat="50.04788099" lon="-121.26177959">
      </trkpt>
      <trkpt lat="50.04783553" lon="-121.26167878">
      </trkpt>
      <trkpt lat="50.04783357" lon="-121.2615481">
      </trkpt>
      <trkpt lat="50.0478538" lon="-121.26143357">
      </trkpt>
      <trkpt lat="50.04789278" lon="-121.26134681">
      </trkpt>
      <trkpt lat="50.04792117" lon="-121.26128901">
      </trkpt>
      <trkpt lat="50.04796751" lon="-121.26120757">
      </trkpt>
      <trkpt lat="50.04804577" lon="-121.26106254">
      </trkpt>
      <trkpt lat="50.04814583" lon="-121.26091112">
      </trkpt>
      <trkpt lat="50.04818148" lon="-121.26084722">
      </trkpt>
      <trkpt lat="50.04819866" lon="-121.26077265">
      </trkpt>
      <trkpt lat="50.04821487" lon="-121.26063556">
      </trkpt>
      <trkpt lat="50.04823126" lon="-121.26050991">
      </trkpt>
      <trkpt lat="50.04825473" lon="-121.26036687">
      </trkpt>
      <trkpt lat="50.04827143" lon="-121.26025814">
      </trkpt>
      <trkpt lat="50.04829549" lon="-121.26016053">
      </trkpt>
      <trkpt lat="50.048338" lon="-121.26006797">
      </trkpt>
      <trkpt lat="50.04840517" lon="-121.25991197">
      </trkpt>
      <trkpt lat="50.04844415" lon="-121.259831">
      </trkpt>
      <trkpt lat="50.04847126" lon="-121.2596878">
      </trkpt>
      <trkpt lat="50.04849954" lon="-121.25962422">
      </trkpt>
      <trkpt lat="50.04855285" lon="-121.25951991">
      </trkpt>
      <trkpt lat="50.04861354" lon="-121.25942109">
      </trkpt>
      <trkpt lat="50.04866991" lon="-121.25927683">
      </trkpt>
      <trkpt lat="50.04871556" lon="-121.25915575">
      </trkpt>
      <trkpt lat="50.048768" lon="-121.25898877">
      </trkpt>
      <trkpt lat="50.04882485" lon="-121.25888446">
      </trkpt>
      <trkpt lat="50.04886718" lon="-121.25878045">
      </trkpt>
      <trkpt lat="50.04889968" lon="-121.25875087">
      </trkpt>
      <trkpt lat="50.04895771" lon="-121.25872037">
      </trkpt>
      <trkpt lat="50.04899404" lon="-121.25870192">
      </trkpt>
      <trkpt lat="50.04902252" lon="-121.25864977">
      </trkpt>
      <trkpt lat="50.04906495" lon="-121.25855156">
      </trkpt>
      <trkpt lat="50.04907456" lon="-121.25846586">
      </trkpt>
      <trkpt lat="50.04911001" lon="-121.25839053">
      </trkpt>
      <trkpt lat="50.04917492" lon="-121.25833136">
      </trkpt>
      <trkpt lat="50.04925171" lon="-121.25832861">
      </trkpt>
      <trkpt lat="50.04933242" lon="-121.25834265">
      </trkpt>
      <trkpt lat="50.04939448" lon="-121.2583405">
      </trkpt>
      <trkpt lat="50.0494637" lon="-121.25832099">
      </trkpt>
      <trkpt lat="50.04952203" lon="-121.25830741">
      </trkpt>
      <trkpt lat="50.04958419" lon="-121.25831078">
      </trkpt>
      <trkpt lat="50.04967335" lon="-121.25839861">
      </trkpt>
      <trkpt lat="50.04978481" lon="-121.25851969">
      </trkpt>
      <trkpt lat="50.04985834" lon="-121.25854546">
      </trkpt>
      <trkpt lat="50.04993876" lon="-121.25854257">
      </trkpt>
      <trkpt lat="50.05002586" lon="-121.25849971">
      </trkpt>
      <trkpt lat="50.05008703" lon="-121.2584349">
      </trkpt>
      <trkpt lat="50.05015576" lon="-121.25838123">
      </trkpt>
      <trkpt lat="50.05021409" lon="-121.25836765">
      </trkpt>
      <trkpt lat="50.05026496" lon="-121.25834874">
      </trkpt>
      <trkpt lat="50.05032279" lon="-121.25830116">
      </trkpt>
      <trkpt lat="50.05037748" lon="-121.25829355">
      </trkpt>
      <trkpt lat="50.05045407" lon="-121.25827935">
      </trkpt>
      <trkpt lat="50.05053037" lon="-121.25824826">
      </trkpt>
      <trkpt lat="50.0506097" lon="-121.25817139">
      </trkpt>
      <trkpt lat="50.05071035" lon="-121.25805397">
      </trkpt>
      <trkpt lat="50.05079864" lon="-121.25793807">
      </trkpt>
      <trkpt lat="50.05109457" lon="-121.25775889">
      </trkpt>
      <trkpt lat="50.05133503" lon="-121.25767502">
      </trkpt>
      <trkpt lat="50.05152719" lon="-121.25759282">
      </trkpt>
      <trkpt lat="50.05170728" lon="-121.25751109">
      </trkpt>
      <trkpt lat="50.05198456" lon="-121.25746351">
      </trkpt>
      <trkpt lat="50.05215393" lon="-121.25747617">
      </trkpt>
      <trkpt lat="50.05217809" lon="-121.25747525">
      </trkpt>
      <trkpt lat="50.05244447" lon="-121.25750332">
      </trkpt>
      <trkpt lat="50.05271104" lon="-121.25754998">
      </trkpt>
      <trkpt lat="50.05295886" lon="-121.25757255">
      </trkpt>
      <trkpt lat="50.05314779" lon="-121.25756568">
      </trkpt>
      <trkpt lat="50.0533468" lon="-121.25751643">
      </trkpt>
      <trkpt lat="50.05356262" lon="-121.25750026">
      </trkpt>
      <trkpt lat="50.05373453" lon="-121.25741212">
      </trkpt>
      <trkpt lat="50.05385187" lon="-121.25738726">
      </trkpt>
      <trkpt lat="50.05405029" lon="-121.25736438">
      </trkpt>
      <trkpt lat="50.05426777" lon="-121.2573438">
      </trkpt>
      <trkpt lat="50.05432109" lon="-121.25735692">
      </trkpt>
      <trkpt lat="50.05447415" lon="-121.2573653">
      </trkpt>
      <trkpt lat="50.05453747" lon="-121.25739108">
      </trkpt>
      <trkpt lat="50.05474474" lon="-121.25741135">
      </trkpt>
      <trkpt lat="50.0548714" lon="-121.25746274">
      </trkpt>
      <trkpt lat="50.05491696" lon="-121.257503">
      </trkpt>
      <trkpt lat="50.05511764" lon="-121.25769133">
      </trkpt>
      <trkpt lat="50.05522809" lon="-121.25785497">
      </trkpt>
      <trkpt lat="50.05526697" lon="-121.25804909">
      </trkpt>
      <trkpt lat="50.05526275" lon="-121.25837056">
      </trkpt>
      <trkpt lat="50.05527327" lon="-121.25846799">
      </trkpt>
      <trkpt lat="50.0552655" lon="-121.25855218">
      </trkpt>
      <trkpt lat="50.0552705" lon="-121.2588872">
      </trkpt>
      <trkpt lat="50.05526471" lon="-121.25909704">
      </trkpt>
      <trkpt lat="50.05526766" lon="-121.25929254">
      </trkpt>
      <trkpt lat="50.05529731" lon="-121.2594731">
      </trkpt>
      <trkpt lat="50.05531576" lon="-121.25950023">
      </trkpt>
      <trkpt lat="50.05535229" lon="-121.25954095">
      </trkpt>
      <trkpt lat="50.05541543" lon="-121.25955254">
      </trkpt>
      <trkpt lat="50.055487" lon="-121.25952204">
      </trkpt>
      <trkpt lat="50.05555808" lon="-121.25946364">
      </trkpt>
      <trkpt lat="50.05571714" lon="-121.25927623">
      </trkpt>
      <trkpt lat="50.05586706" lon="-121.25907523">
      </trkpt>
      <trkpt lat="50.0560798" lon="-121.25887196">
      </trkpt>
      <trkpt lat="50.05619546" lon="-121.25878397">
      </trkpt>
      <trkpt lat="50.05628452" lon="-121.2587248">
      </trkpt>
      <trkpt lat="50.05648902" lon="-121.25856377">
      </trkpt>
      <trkpt lat="50.05664934" lon="-121.25846006">
      </trkpt>
      <trkpt lat="50.0568458" lon="-121.25836918">
      </trkpt>
      <trkpt lat="50.05701644" lon="-121.25834905">
      </trkpt>
      <trkpt lat="50.0571693" lon="-121.25834356">
      </trkpt>
      <trkpt lat="50.05738548" lon="-121.25836353">
      </trkpt>
      <trkpt lat="50.05746718" lon="-121.2584166">
      </trkpt>
      <trkpt lat="50.0575303" lon="-121.25842819">
      </trkpt>
      <trkpt lat="50.05761079" lon="-121.2583974">
      </trkpt>
      <trkpt lat="50.05782512" lon="-121.25829171">
      </trkpt>
      <trkpt lat="50.05802207" lon="-121.25822873">
      </trkpt>
      <trkpt lat="50.05822901" lon="-121.25823529">
      </trkpt>
      <trkpt lat="50.05842802" lon="-121.25831184">
      </trkpt>
      <trkpt lat="50.05854642" lon="-121.25840532">
      </trkpt>
      <trkpt lat="50.05864733" lon="-121.2585415">
      </trkpt>
      <trkpt lat="50.05866706" lon="-121.25865251">
      </trkpt>
      <trkpt lat="50.05873432" lon="-121.25894347">
      </trkpt>
      <trkpt lat="50.05880854" lon="-121.25909445">
      </trkpt>
      <trkpt lat="50.05891751" lon="-121.25916032">
      </trkpt>
      <trkpt lat="50.05902579" lon="-121.25918442">
      </trkpt>
      <trkpt lat="50.05915165" lon="-121.25917985">
      </trkpt>
      <trkpt lat="50.05927771" lon="-121.25918929">
      </trkpt>
      <trkpt lat="50.0593321" lon="-121.25921522">
      </trkpt>
      <trkpt lat="50.05941486" lon="-121.25933799">
      </trkpt>
      <trkpt lat="50.05951853" lon="-121.25965563">
      </trkpt>
      <trkpt lat="50.05960384" lon="-121.25994583">
      </trkpt>
      <trkpt lat="50.05974206" lon="-121.2601645">
      </trkpt>
      <trkpt lat="50.05988737" lon="-121.26025708">
      </trkpt>
      <trkpt lat="50.06002166" lon="-121.26026515">
      </trkpt>
      <trkpt lat="50.06003138" lon="-121.26026576">
      </trkpt>
      <trkpt lat="50.0601748" lon="-121.26023268">
      </trkpt>
      <trkpt lat="50.06037203" lon="-121.26018356">
      </trkpt>
      <trkpt lat="50.06058712" lon="-121.26013386">
      </trkpt>
      <trkpt lat="50.06065045" lon="-121.26015947">
      </trkpt>
      <trkpt lat="50.06074165" lon="-121.26024014">
      </trkpt>
      <trkpt lat="50.06093356" lon="-121.26044266">
      </trkpt>
      <trkpt lat="50.06114326" lon="-121.26063069">
      </trkpt>
      <trkpt lat="50.06133478" lon="-121.26080545">
      </trkpt>
      <trkpt lat="50.06150825" lon="-121.26098082">
      </trkpt>
      <trkpt lat="50.06167297" lon="-121.26117052">
      </trkpt>
      <trkpt lat="50.06189257" lon="-121.26141405">
      </trkpt>
      <trkpt lat="50.06206545" lon="-121.26154749">
      </trkpt>
      <trkpt lat="50.0621919" lon="-121.26158485">
      </trkpt>
      <trkpt lat="50.06231803" lon="-121.26159431">
      </trkpt>
      <trkpt lat="50.06246186" lon="-121.26158911">
      </trkpt>
      <trkpt lat="50.06251555" lon="-121.26157311">
      </trkpt>
      <trkpt lat="50.06273023" lon="-121.26149548">
      </trkpt>
      <trkpt lat="50.06286492" lon="-121.26147672">
      </trkpt>
      <trkpt lat="50.06307185" lon="-121.26148314">
      </trkpt>
      <trkpt lat="50.06327054" lon="-121.26153193">
      </trkpt>
      <trkpt lat="50.06332423" lon="-121.26151591">
      </trkpt>
      <trkpt lat="50.06345744" lon="-121.26139942">
      </trkpt>
      <trkpt lat="50.06366123" lon="-121.26119645">
      </trkpt>
      <trkpt lat="50.06382998" lon="-121.2610505">
      </trkpt>
      <trkpt lat="50.06394641" lon="-121.26101833">
      </trkpt>
      <trkpt lat="50.0640639" lon="-121.26105599">
      </trkpt>
      <trkpt lat="50.06428045" lon="-121.26110419">
      </trkpt>
      <trkpt lat="50.06445272" lon="-121.26119569">
      </trkpt>
      <trkpt lat="50.06457042" lon="-121.26124737">
      </trkpt>
      <trkpt lat="50.06463364" lon="-121.26125896">
      </trkpt>
      <trkpt lat="50.06472375" lon="-121.26126979">
      </trkpt>
      <trkpt lat="50.0649401" lon="-121.26130379">
      </trkpt>
      <trkpt lat="50.06509392" lon="-121.26136815">
      </trkpt>
      <trkpt lat="50.06529298" lon="-121.26144485">
      </trkpt>
      <trkpt lat="50.06549137" lon="-121.26147947">
      </trkpt>
      <trkpt lat="50.06569044" lon="-121.26155617">
      </trkpt>
      <trkpt lat="50.06580814" lon="-121.26160788">
      </trkpt>
      <trkpt lat="50.06592583" lon="-121.26165941">
      </trkpt>
      <trkpt lat="50.06604371" lon="-121.26172514">
      </trkpt>
      <trkpt lat="50.0661619" lon="-121.2618046">
      </trkpt>
      <trkpt lat="50.06627998" lon="-121.26188419">
      </trkpt>
      <trkpt lat="50.06647983" lon="-121.26201671">
      </trkpt>
      <trkpt lat="50.06659802" lon="-121.26209631">
      </trkpt>
      <trkpt lat="50.06675203" lon="-121.26217454">
      </trkpt>
      <trkpt lat="50.06681583" lon="-121.26222822">
      </trkpt>
      <trkpt lat="50.06687002" lon="-121.26224028">
      </trkpt>
      <trkpt lat="50.06707006" lon="-121.26238667">
      </trkpt>
      <trkpt lat="50.06717087" lon="-121.26250882">
      </trkpt>
      <trkpt lat="50.06726362" lon="-121.26270112">
      </trkpt>
      <trkpt lat="50.06730946" lon="-121.26275526">
      </trkpt>
      <trkpt lat="50.06746691" lon="-121.26305703">
      </trkpt>
      <trkpt lat="50.06766028" lon="-121.26335745">
      </trkpt>
      <trkpt lat="50.06781791" lon="-121.26367327">
      </trkpt>
      <trkpt lat="50.06792078" lon="-121.26393496">
      </trkpt>
      <trkpt lat="50.06802423" lon="-121.26423873">
      </trkpt>
      <trkpt lat="50.06811895" lon="-121.26455667">
      </trkpt>
      <trkpt lat="50.06816656" lon="-121.26473662">
      </trkpt>
      <trkpt lat="50.06821446" lon="-121.2649306">
      </trkpt>
      <trkpt lat="50.06827071" lon="-121.26508217">
      </trkpt>
      <trkpt lat="50.06834471" lon="-121.26521927">
      </trkpt>
      <trkpt lat="50.06841763" lon="-121.26528651">
      </trkpt>
      <trkpt lat="50.06848085" lon="-121.26529826">
      </trkpt>
      <trkpt lat="50.06865144" lon="-121.26527812">
      </trkpt>
      <trkpt lat="50.06875951" lon="-121.2652882">
      </trkpt>
      <trkpt lat="50.06884126" lon="-121.26534111">
      </trkpt>
      <trkpt lat="50.06901353" lon="-121.26543276">
      </trkpt>
      <trkpt lat="50.06906702" lon="-121.26540287">
      </trkpt>
      <trkpt lat="50.06914693" lon="-121.26533013">
      </trkpt>
      <trkpt lat="50.0693153" lon="-121.26517036">
      </trkpt>
      <trkpt lat="50.06931535" lon="-121.26517034">
      </trkpt>
      <trkpt lat="50.06945198" lon="-121.2650407">
      </trkpt>
      <trkpt lat="50.06945452" lon="-121.26484367">
      </trkpt>
      <trkpt lat="50.06944049" lon="-121.26452465">
      </trkpt>
      <trkpt lat="50.06942842" lon="-121.26432686">
      </trkpt>
      <trkpt lat="50.06941586" lon="-121.26412176">
      </trkpt>
      <trkpt lat="50.06940477" lon="-121.26403102">
      </trkpt>
      <trkpt lat="50.06939387" lon="-121.26392946">
      </trkpt>
      <trkpt lat="50.06934215" lon="-121.26358407">
      </trkpt>
      <trkpt lat="50.06929416" lon="-121.26332558">
      </trkpt>
      <trkpt lat="50.06927402" lon="-121.26314945">
      </trkpt>
      <trkpt lat="50.0692432" lon="-121.26294892">
      </trkpt>
      <trkpt lat="50.0692116" lon="-121.26274305">
      </trkpt>
      <trkpt lat="50.06916989" lon="-121.2625628">
      </trkpt>
      <trkpt lat="50.06910206" lon="-121.26229609">
      </trkpt>
      <trkpt lat="50.06901205" lon="-121.26194809">
      </trkpt>
      <trkpt lat="50.06888564" lon="-121.2616187">
      </trkpt>
      <trkpt lat="50.06876864" lon="-121.26130105">
      </trkpt>
      <trkpt lat="50.06872662" lon="-121.2611423">
      </trkpt>
      <trkpt lat="50.06868461" lon="-121.26093278">
      </trkpt>
      <trkpt lat="50.06859707" lon="-121.26070694">
      </trkpt>
      <trkpt lat="50.06842117" lon="-121.2603597">
      </trkpt>
      <trkpt lat="50.06824401" lon="-121.26006935">
      </trkpt>
      <trkpt lat="50.06808047" lon="-121.25977321">
      </trkpt>
      <trkpt lat="50.06790556" lon="-121.25944594">
      </trkpt>
      <trkpt lat="50.06774007" lon="-121.25913272">
      </trkpt>
      <trkpt lat="50.06771406" lon="-121.25908133">
      </trkpt>
      <trkpt lat="50.06761895" lon="-121.25888445">
      </trkpt>
      <trkpt lat="50.06756849" lon="-121.25879562">
      </trkpt>
      <trkpt lat="50.06746376" lon="-121.25861119">
      </trkpt>
      <trkpt lat="50.06722552" lon="-121.25837045">
      </trkpt>
      <trkpt lat="50.06700832" lon="-121.25826654">
      </trkpt>
      <trkpt lat="50.06683625" lon="-121.25818893">
      </trkpt>
      <trkpt lat="50.06661884" lon="-121.25808508">
      </trkpt>
      <trkpt lat="50.06640926" lon="-121.25791093">
      </trkpt>
      <trkpt lat="50.06621717" lon="-121.25769439">
      </trkpt>
      <trkpt lat="50.06605284" lon="-121.25753259">
      </trkpt>
      <trkpt lat="50.06583473" lon="-121.25738681">
      </trkpt>
      <trkpt lat="50.06567091" lon="-121.25725307">
      </trkpt>
      <trkpt lat="50.06547077" lon="-121.25710652">
      </trkpt>
      <trkpt lat="50.06535228" lon="-121.25699916">
      </trkpt>
      <trkpt lat="50.06513309" lon="-121.25678339">
      </trkpt>
      <trkpt lat="50.06503237" lon="-121.25666138">
      </trkpt>
      <trkpt lat="50.06487473" lon="-121.25634572">
      </trkpt>
      <trkpt lat="50.06480925" lon="-121.25618041">
      </trkpt>
      <trkpt lat="50.06462549" lon="-121.25592147">
      </trkpt>
      <trkpt lat="50.06455079" lon="-121.2557426">
      </trkpt>
      <trkpt lat="50.06443015" lon="-121.2554954">
      </trkpt>
      <trkpt lat="50.06427289" lon="-121.2552078">
      </trkpt>
      <trkpt lat="50.06410612" lon="-121.25487841">
      </trkpt>
      <trkpt lat="50.06399569" lon="-121.25471478">
      </trkpt>
      <trkpt lat="50.06377549" lon="-121.25442931">
      </trkpt>
      <trkpt lat="50.06358211" lon="-121.25412889">
      </trkpt>
      <trkpt lat="50.0634069" lon="-121.2538419">
      </trkpt>
      <trkpt lat="50.06322204" lon="-121.25351327">
      </trkpt>
      <trkpt lat="50.06303789" lon="-121.25322643">
      </trkpt>
      <trkpt lat="50.06286305" lon="-121.25296733">
      </trkpt>
      <trkpt lat="50.06275164" lon="-121.25273387">
      </trkpt>
      <trkpt lat="50.06255855" lon="-121.25246135">
      </trkpt>
      <trkpt lat="50.06240265" lon="-121.25225747">
      </trkpt>
      <trkpt lat="50.06224647" lon="-121.25203956">
      </trkpt>
      <trkpt lat="50.06211699" lon="-121.25180684">
      </trkpt>
      <trkpt lat="50.06197769" lon="-121.25151848">
      </trkpt>
      <trkpt lat="50.06184683" lon="-121.25118787">
      </trkpt>
      <trkpt lat="50.06168103" lon="-121.25092847">
      </trkpt>
      <trkpt lat="50.06151503" lon="-121.25065504">
      </trkpt>
      <trkpt lat="50.06134833" lon="-121.25033968">
      </trkpt>
      <trkpt lat="50.0612003" lon="-121.25006566">
      </trkpt>
      <trkpt lat="50.06109692" lon="-121.24977591">
      </trkpt>
      <trkpt lat="50.06100307" lon="-121.24951392">
      </trkpt>
      <trkpt lat="50.06089165" lon="-121.24928045">
      </trkpt>
      <trkpt lat="50.06072702" lon="-121.24910478">
      </trkpt>
      <trkpt lat="50.06055306" lon="-121.2489015">
      </trkpt>
      <trkpt lat="50.06046068" lon="-121.24873726">
      </trkpt>
      <trkpt lat="50.06039541" lon="-121.24858599">
      </trkpt>
      <trkpt lat="50.06035672" lon="-121.24840575">
      </trkpt>
      <trkpt lat="50.06034347" lon="-121.24812682">
      </trkpt>
      <trkpt lat="50.06033954" lon="-121.24786149">
      </trkpt>
      <trkpt lat="50.06032884" lon="-121.24775001">
      </trkpt>
      <trkpt lat="50.06034533" lon="-121.24765166">
      </trkpt>
      <trkpt lat="50.06034346" lon="-121.247526">
      </trkpt>
      <trkpt lat="50.06040198" lon="-121.24723047">
      </trkpt>
      <trkpt lat="50.06046943" lon="-121.24693446">
      </trkpt>
      <trkpt lat="50.06051144" lon="-121.24673745">
      </trkpt>
      <trkpt lat="50.06057829" lon="-121.24639966">
      </trkpt>
      <trkpt lat="50.06067233" lon="-121.24607486">
      </trkpt>
      <trkpt lat="50.06078455" lon="-121.24576331">
      </trkpt>
      <trkpt lat="50.06087898" lon="-121.24546655">
      </trkpt>
      <trkpt lat="50.06092227" lon="-121.2453531">
      </trkpt>
      <trkpt lat="50.06111538" lon="-121.24503865">
      </trkpt>
      <trkpt lat="50.06117722" lon="-121.24496652">
      </trkpt>
      <trkpt lat="50.06121128" lon="-121.24483964">
      </trkpt>
      <trkpt lat="50.06129954" lon="-121.24472466">
      </trkpt>
      <trkpt lat="50.06147468" lon="-121.24441082">
      </trkpt>
      <trkpt lat="50.06160485" lon="-121.24409866">
      </trkpt>
      <trkpt lat="50.06170812" lon="-121.24378757">
      </trkpt>
      <trkpt lat="50.06175966" lon="-121.24363187">
      </trkpt>
      <trkpt lat="50.06192605" lon="-121.24333238">
      </trkpt>
      <trkpt lat="50.06215989" lon="-121.24295159">
      </trkpt>
      <trkpt lat="50.06247549" lon="-121.24236616">
      </trkpt>
      <trkpt lat="50.0628123" lon="-121.24165447">
      </trkpt>
      <trkpt lat="50.06311957" lon="-121.24091106">
      </trkpt>
      <trkpt lat="50.06316854" lon="-121.24078235">
      </trkpt>
      <trkpt lat="50.06338579" lon="-121.24020408">
      </trkpt>
      <trkpt lat="50.06340502" lon="-121.23895789">
      </trkpt>
      <trkpt lat="50.06337783" lon="-121.23882202">
      </trkpt>
      <trkpt lat="50.06337508" lon="-121.23864039">
      </trkpt>
      <trkpt lat="50.06342623" lon="-121.23845695">
      </trkpt>
      <trkpt lat="50.0634866" lon="-121.23828707">
      </trkpt>
      <trkpt lat="50.06353717" lon="-121.23806168">
      </trkpt>
      <trkpt lat="50.06359694" lon="-121.23784986">
      </trkpt>
      <trkpt lat="50.06365917" lon="-121.23780564">
      </trkpt>
      <trkpt lat="50.06370325" lon="-121.23774815">
      </trkpt>
      <trkpt lat="50.06381908" lon="-121.23767404">
      </trkpt>
      <trkpt lat="50.06387278" lon="-121.23765818">
      </trkpt>
      <trkpt lat="50.06387003" lon="-121.23747655">
      </trkpt>
      <trkpt lat="50.06389575" lon="-121.23739177">
      </trkpt>
      <trkpt lat="50.06397408" lon="-121.23722128">
      </trkpt>
      <trkpt lat="50.06410601" lon="-121.23702075">
      </trkpt>
      <trkpt lat="50.0643102" lon="-121.23684553">
      </trkpt>
      <trkpt lat="50.0644436" lon="-121.23674289">
      </trkpt>
      <trkpt lat="50.06458632" lon="-121.23666772">
      </trkpt>
      <trkpt lat="50.06472061" lon="-121.23662091">
      </trkpt>
      <trkpt lat="50.06489946" lon="-121.23655853">
      </trkpt>
      <trkpt lat="50.06497996" lon="-121.23652758">
      </trkpt>
      <trkpt lat="50.06510481" lon="-121.23645316">
      </trkpt>
      <trkpt lat="50.06530064" lon="-121.23632018">
      </trkpt>
      <trkpt lat="50.06530938" lon="-121.23630585">
      </trkpt>
      <trkpt lat="50.06541628" lon="-121.23623219">
      </trkpt>
      <trkpt lat="50.06553231" lon="-121.23617195">
      </trkpt>
      <trkpt lat="50.06564872" lon="-121.23613977">
      </trkpt>
      <trkpt lat="50.06577436" lon="-121.23612117">
      </trkpt>
      <trkpt lat="50.06588156" lon="-121.23607527">
      </trkpt>
      <trkpt lat="50.06605128" lon="-121.23599919">
      </trkpt>
      <trkpt lat="50.06609545" lon="-121.23594168">
      </trkpt>
      <trkpt lat="50.06618065" lon="-121.23563121">
      </trkpt>
      <trkpt lat="50.0662845" lon="-121.23536191">
      </trkpt>
      <trkpt lat="50.06637913" lon="-121.23507887">
      </trkpt>
      <trkpt lat="50.06647316" lon="-121.23475405">
      </trkpt>
      <trkpt lat="50.06651527" lon="-121.23457075">
      </trkpt>
      <trkpt lat="50.06655728" lon="-121.23437357">
      </trkpt>
      <trkpt lat="50.06662492" lon="-121.23409177">
      </trkpt>
      <trkpt lat="50.06665004" lon="-121.23396504">
      </trkpt>
      <trkpt lat="50.06673672" lon="-121.23375216">
      </trkpt>
      <trkpt lat="50.06677137" lon="-121.23366706">
      </trkpt>
      <trkpt lat="50.06684822" lon="-121.23339884">
      </trkpt>
      <trkpt lat="50.0668975" lon="-121.23308956">
      </trkpt>
      <trkpt lat="50.06692007" lon="-121.23279525">
      </trkpt>
      <trkpt lat="50.06698025" lon="-121.23261134">
      </trkpt>
      <trkpt lat="50.06711953" lon="-121.23231275">
      </trkpt>
      <trkpt lat="50.06715448" lon="-121.2322417">
      </trkpt>
      <trkpt lat="50.06726068" lon="-121.23212595">
      </trkpt>
      <trkpt lat="50.06739211" lon="-121.23189752">
      </trkpt>
      <trkpt lat="50.06742715" lon="-121.23184032">
      </trkpt>
      <trkpt lat="50.06755093" lon="-121.23169606">
      </trkpt>
      <trkpt lat="50.06762759" lon="-121.23141379">
      </trkpt>
      <trkpt lat="50.06765282" lon="-121.23130095">
      </trkpt>
      <trkpt lat="50.06766951" lon="-121.23121661">
      </trkpt>
      <trkpt lat="50.06772801" lon="-121.23092093">
      </trkpt>
      <trkpt lat="50.06774449" lon="-121.23082257">
      </trkpt>
      <trkpt lat="50.06774213" lon="-121.23066885">
      </trkpt>
      <trkpt lat="50.06777511" lon="-121.23047198">
      </trkpt>
      <trkpt lat="50.06781733" lon="-121.23028884">
      </trkpt>
      <trkpt lat="50.06785973" lon="-121.23011957">
      </trkpt>
      <trkpt lat="50.06791066" lon="-121.22992209">
      </trkpt>
      <trkpt lat="50.06798752" lon="-121.22965369">
      </trkpt>
      <trkpt lat="50.06801275" lon="-121.229541">
      </trkpt>
      <trkpt lat="50.06804741" lon="-121.22945591">
      </trkpt>
      <trkpt lat="50.0681324" lon="-121.2291314">
      </trkpt>
      <trkpt lat="50.06816734" lon="-121.22906018">
      </trkpt>
      <trkpt lat="50.06827011" lon="-121.22872104">
      </trkpt>
      <trkpt lat="50.06833882" lon="-121.22850892">
      </trkpt>
      <trkpt lat="50.06848762" lon="-121.22823792">
      </trkpt>
      <trkpt lat="50.06858135" lon="-121.22789909">
      </trkpt>
      <trkpt lat="50.06868412" lon="-121.22755978">
      </trkpt>
      <trkpt lat="50.06870956" lon="-121.22746111">
      </trkpt>
      <trkpt lat="50.06875175" lon="-121.22727781">
      </trkpt>
      <trkpt lat="50.06881938" lon="-121.22699586">
      </trkpt>
      <trkpt lat="50.06890458" lon="-121.22668537">
      </trkpt>
      <trkpt lat="50.0690525" lon="-121.22635843">
      </trkpt>
      <trkpt lat="50.06913985" lon="-121.22618748">
      </trkpt>
      <trkpt lat="50.06918354" lon="-121.22610208">
      </trkpt>
      <trkpt lat="50.06920924" lon="-121.22601729">
      </trkpt>
      <trkpt lat="50.06922446" lon="-121.22583506">
      </trkpt>
      <trkpt lat="50.06923959" lon="-121.22565282">
      </trkpt>
      <trkpt lat="50.0693077" lon="-121.22539877">
      </trkpt>
      <trkpt lat="50.06931604" lon="-121.22535653">
      </trkpt>
      <trkpt lat="50.06940143" lon="-121.22505992">
      </trkpt>
      <trkpt lat="50.06947769" lon="-121.2247496">
      </trkpt>
      <trkpt lat="50.06952668" lon="-121.22442646">
      </trkpt>
      <trkpt lat="50.06953266" lon="-121.22423051">
      </trkpt>
      <trkpt lat="50.06954768" lon="-121.22403439">
      </trkpt>
      <trkpt lat="50.06965152" lon="-121.22376494">
      </trkpt>
      <trkpt lat="50.06969509" lon="-121.22367954">
      </trkpt>
      <trkpt lat="50.06972189" lon="-121.2236646">
      </trkpt>
      <trkpt lat="50.06972062" lon="-121.22358073">
      </trkpt>
      <trkpt lat="50.06974604" lon="-121.2234819">
      </trkpt>
      <trkpt lat="50.06985872" lon="-121.22319826">
      </trkpt>
      <trkpt lat="50.06997041" lon="-121.22285881">
      </trkpt>
      <trkpt lat="50.07007357" lon="-121.22254757">
      </trkpt>
      <trkpt lat="50.0701782" lon="-121.22233407">
      </trkpt>
      <trkpt lat="50.07032661" lon="-121.22203502">
      </trkpt>
      <trkpt lat="50.07045646" lon="-121.22170885">
      </trkpt>
      <trkpt lat="50.07056825" lon="-121.22136923">
      </trkpt>
      <trkpt lat="50.07062882" lon="-121.22121338">
      </trkpt>
      <trkpt lat="50.07080449" lon="-121.22094133">
      </trkpt>
      <trkpt lat="50.07090745" lon="-121.22061605">
      </trkpt>
      <trkpt lat="50.07093336" lon="-121.2205453">
      </trkpt>
      <trkpt lat="50.07095732" lon="-121.22034874">
      </trkpt>
      <trkpt lat="50.07103514" lon="-121.22006357">
      </trkpt>
    </trkseg>
    <trkseg>
      <trkpt lat="50.06756849" lon="-121.25879562">
      </trkpt>
      <trkpt lat="50.06760197" lon="-121.25881629">
      </trkpt>
      <trkpt lat="50.06764271" lon="-121.25886646">
      </trkpt>
      <trkpt lat="50.06781604" lon="-121.25906989">
      </trkpt>
      <trkpt lat="50.06794159" lon="-121.25922925">
      </trkpt>
      <trkpt lat="50.06802022" lon="-121.25933234">
      </trkpt>
      <trkpt lat="50.06821927" lon="-121.25953638">
      </trkpt>
      <trkpt lat="50.06844365" lon="-121.25968811">
      </trkpt>
      <trkpt lat="50.06859137" lon="-121.25980842">
      </trkpt>
      <trkpt lat="50.06881792" lon="-121.2599475">
      </trkpt>
      <trkpt lat="50.06898409" lon="-121.26004023">
      </trkpt>
      <trkpt lat="50.06908527" lon="-121.26009406">
      </trkpt>
      <trkpt lat="50.06912601" lon="-121.26011525">
      </trkpt>
      <trkpt lat="50.06912611" lon="-121.26011525">
      </trkpt>
      <trkpt lat="50.06924095" lon="-121.26021574">
      </trkpt>
      <trkpt lat="50.0693922" lon="-121.2603196">
      </trkpt>
      <trkpt lat="50.06949909" lon="-121.26042511">
      </trkpt>
      <trkpt lat="50.06967793" lon="-121.26056313">
      </trkpt>
      <trkpt lat="50.0697855" lon="-121.26064731">
      </trkpt>
      <trkpt lat="50.06981268" lon="-121.26067872">
      </trkpt>
      <trkpt lat="50.07002519" lon="-121.260925">
      </trkpt>
      <trkpt lat="50.07022688" lon="-121.26114109">
      </trkpt>
      <trkpt lat="50.0702581" lon="-121.26117647">
      </trkpt>
      <trkpt lat="50.07041799" lon="-121.26138721">
      </trkpt>
      <trkpt lat="50.07059789" lon="-121.26163807">
      </trkpt>
      <trkpt lat="50.07083551" lon="-121.26188877">
      </trkpt>
      <trkpt lat="50.0709633" lon="-121.26197401">
      </trkpt>
      <trkpt lat="50.07102209" lon="-121.26201702">
      </trkpt>
      <trkpt lat="50.071101" lon="-121.26205972">
      </trkpt>
      <trkpt lat="50.07130114" lon="-121.26216998">
      </trkpt>
      <trkpt lat="50.07153227" lon="-121.26223707">
      </trkpt>
      <trkpt lat="50.0716419" lon="-121.26225842">
      </trkpt>
      <trkpt lat="50.07170049" lon="-121.26228633">
      </trkpt>
      <trkpt lat="50.07183456" lon="-121.26229852">
      </trkpt>
      <trkpt lat="50.07196637" lon="-121.26230844">
      </trkpt>
      <trkpt lat="50.07223049" lon="-121.26229791">
      </trkpt>
      <trkpt lat="50.07243561" lon="-121.26221038">
      </trkpt>
      <trkpt lat="50.07264015" lon="-121.26206429">
      </trkpt>
      <trkpt lat="50.07281553" lon="-121.26189532">
      </trkpt>
      <trkpt lat="50.07285832" lon="-121.26188908">
      </trkpt>
      <trkpt lat="50.07300564" lon="-121.2620193">
      </trkpt>
      <trkpt lat="50.07319211" lon="-121.26217059">
      </trkpt>
      <trkpt lat="50.07336427" lon="-121.26220886">
      </trkpt>
      <trkpt lat="50.07353071" lon="-121.26208336">
      </trkpt>
      <trkpt lat="50.07357115" lon="-121.26203273">
      </trkpt>
      <trkpt lat="50.07362621" lon="-121.26198042">
      </trkpt>
      <trkpt lat="50.07365761" lon="-121.26195023">
      </trkpt>
      <trkpt lat="50.07389561" lon="-121.26182609">
      </trkpt>
      <trkpt lat="50.07406334" lon="-121.26162938">
      </trkpt>
      <trkpt lat="50.07417218" lon="-121.26154063">
      </trkpt>
      <trkpt lat="50.07437994" lon="-121.26141009">
      </trkpt>
      <trkpt lat="50.07449458" lon="-121.2613375">
      </trkpt>
      <trkpt lat="50.07460598" lon="-121.26127116">
      </trkpt>
      <trkpt lat="50.07466063" lon="-121.26125621">
      </trkpt>
      <trkpt lat="50.0747786" lon="-121.26121032">
      </trkpt>
      <trkpt lat="50.07483887" lon="-121.26119156">
      </trkpt>
      <trkpt lat="50.07495054" lon="-121.26112919">
      </trkpt>
      <trkpt lat="50.07516763" lon="-121.26103556">
      </trkpt>
      <trkpt lat="50.07539581" lon="-121.26089145">
      </trkpt>
      <trkpt lat="50.0754966" lon="-121.26085729">
      </trkpt>
      <trkpt lat="50.07557147" lon="-121.26080514">
      </trkpt>
      <trkpt lat="50.07567256" lon="-121.26073545">
      </trkpt>
      <trkpt lat="50.07584126" lon="-121.26064594">
      </trkpt>
      <trkpt lat="50.076034" lon="-121.26051799">
      </trkpt>
      <trkpt lat="50.07622233" lon="-121.26033286">
      </trkpt>
      <trkpt lat="50.07640379" lon="-121.26014026">
      </trkpt>
      <trkpt lat="50.07662725" lon="-121.25988101">
      </trkpt>
      <trkpt lat="50.07703128" lon="-121.25922391">
      </trkpt>
      <trkpt lat="50.07721667" lon="-121.25900707">
      </trkpt>
      <trkpt lat="50.07725454" lon="-121.25894622">
      </trkpt>
      <trkpt lat="50.07747613" lon="-121.25874996">
      </trkpt>
      <trkpt lat="50.07762736" lon="-121.25842545">
      </trkpt>
      <trkpt lat="50.07777672" lon="-121.25818221">
      </trkpt>
      <trkpt lat="50.07787593" lon="-121.25808309">
      </trkpt>
      <trkpt lat="50.07805071" lon="-121.25792512">
      </trkpt>
      <trkpt lat="50.07824934" lon="-121.25774547">
      </trkpt>
      <trkpt lat="50.07842549" lon="-121.25756445">
      </trkpt>
      <trkpt lat="50.07850114" lon="-121.25747205">
      </trkpt>
      <trkpt lat="50.07851842" lon="-121.25745055">
      </trkpt>
      <trkpt lat="50.07856886" lon="-121.25742416">
      </trkpt>
      <trkpt lat="50.07872039" lon="-121.25725169">
      </trkpt>
      <trkpt lat="50.07882332" lon="-121.25700755">
      </trkpt>
      <trkpt lat="50.0788663" lon="-121.25677149">
      </trkpt>
      <trkpt lat="50.07887366" lon="-121.25653527">
      </trkpt>
      <trkpt lat="50.078861" lon="-121.25633993">
      </trkpt>
      <trkpt lat="50.07884952" lon="-121.25615342">
      </trkpt>
      <trkpt lat="50.07884726" lon="-121.25600214">
      </trkpt>
      <trkpt lat="50.07885786" lon="-121.25575922">
      </trkpt>
      <trkpt lat="50.07892429" lon="-121.25560169">
      </trkpt>
      <trkpt lat="50.0789924" lon="-121.25533254">
      </trkpt>
      <trkpt lat="50.07904578" lon="-121.25520246">
      </trkpt>
      <trkpt lat="50.07917875" lon="-121.25500925">
      </trkpt>
      <trkpt lat="50.07932939" lon="-121.25488436">
      </trkpt>
      <trkpt lat="50.07940053" lon="-121.25480917">
      </trkpt>
      <trkpt lat="50.07959218" lon="-121.25449518">
      </trkpt>
      <trkpt lat="50.07967402" lon="-121.25422619">
      </trkpt>
      <trkpt lat="50.07969336" lon="-121.25412859">
      </trkpt>
      <trkpt lat="50.07975538" lon="-121.25382894">
      </trkpt>
      <trkpt lat="50.07980003" lon="-121.25371334">
      </trkpt>
      <trkpt lat="50.07986489" lon="-121.25360919">
      </trkpt>
      <trkpt lat="50.0800742" lon="-121.25331837">
      </trkpt>
      <trkpt lat="50.08008668" lon="-121.25318251">
      </trkpt>
      <trkpt lat="50.0801684" lon="-121.25285678">
      </trkpt>
      <trkpt lat="50.08020197" lon="-121.25267043">
      </trkpt>
      <trkpt lat="50.08024043" lon="-121.25250436">
      </trkpt>
      <trkpt lat="50.0803415" lon="-121.25217009">
      </trkpt>
      <trkpt lat="50.08044435" lon="-121.25179831">
      </trkpt>
      <trkpt lat="50.0804627" lon="-121.25151726">
      </trkpt>
      <trkpt lat="50.08044935" lon="-121.25136446">
      </trkpt>
      <trkpt lat="50.08041834" lon="-121.25108676">
      </trkpt>
      <trkpt lat="50.0803941" lon="-121.25079412">
      </trkpt>
      <trkpt lat="50.08035868" lon="-121.25067366">
      </trkpt>
      <trkpt lat="50.08027772" lon="-121.25035235">
      </trkpt>
      <trkpt lat="50.08023071" lon="-121.25024727">
      </trkpt>
      <trkpt lat="50.0801213" lon="-121.25001136">
      </trkpt>
      <trkpt lat="50.08008921" lon="-121.24986207">
      </trkpt>
      <trkpt lat="50.08003161" lon="-121.24958742">
      </trkpt>
      <trkpt lat="50.07998411" lon="-121.24934359">
      </trkpt>
      <trkpt lat="50.07994761" lon="-121.24912582">
      </trkpt>
      <trkpt lat="50.07992622" lon="-121.24883486">
      </trkpt>
      <trkpt lat="50.07991395" lon="-121.24863509">
      </trkpt>
      <trkpt lat="50.07989207" lon="-121.24843106">
      </trkpt>
      <trkpt lat="50.07987058" lon="-121.24824288">
      </trkpt>
      <trkpt lat="50.07985037" lon="-121.2481166">
      </trkpt>
      <trkpt lat="50.07983633" lon="-121.24800132">
      </trkpt>
      <trkpt lat="50.07979767" lon="-121.24790281">
      </trkpt>
      <trkpt lat="50.07978344" lon="-121.24780354">
      </trkpt>
      <trkpt lat="50.07975311" lon="-121.24749854">
      </trkpt>
      <trkpt lat="50.07973997" lon="-121.24721201">
      </trkpt>
      <trkpt lat="50.07971643" lon="-121.24680531">
      </trkpt>
      <trkpt lat="50.07972113" lon="-121.24665265">
      </trkpt>
      <trkpt lat="50.07977902" lon="-121.24637389">
      </trkpt>
      <trkpt lat="50.07980797" lon="-121.24629002">
      </trkpt>
      <trkpt lat="50.07985007" lon="-121.24616544">
      </trkpt>
      <trkpt lat="50.07996007" lon="-121.24586928">
      </trkpt>
      <trkpt lat="50.08001817" lon="-121.24578328">
      </trkpt>
      <trkpt lat="50.08010707" lon="-121.24574516">
      </trkpt>
      <trkpt lat="50.08021777" lon="-121.24565396">
      </trkpt>
      <trkpt lat="50.08025711" lon="-121.24557253">
      </trkpt>
      <trkpt lat="50.08027939" lon="-121.24554905">
      </trkpt>
      <trkpt lat="50.08039076" lon="-121.24548088">
      </trkpt>
      <trkpt lat="50.08052148" lon="-121.24539839">
      </trkpt>
      <trkpt lat="50.08075866" lon="-121.24514081">
      </trkpt>
      <trkpt lat="50.08097905" lon="-121.24476355">
      </trkpt>
      <trkpt lat="50.08100339" lon="-121.2446632">
      </trkpt>
      <trkpt lat="50.0810191" lon="-121.24460953">
      </trkpt>
      <trkpt lat="50.08104499" lon="-121.24423484">
      </trkpt>
      <trkpt lat="50.08103146" lon="-121.24399908">
      </trkpt>
      <trkpt lat="50.08100869" lon="-121.24372628">
      </trkpt>
      <trkpt lat="50.08096649" lon="-121.24335906">
      </trkpt>
      <trkpt lat="50.08094618" lon="-121.24319238">
      </trkpt>
      <trkpt lat="50.08092627" lon="-121.24300619">
      </trkpt>
      <trkpt lat="50.08091517" lon="-121.24282655">
      </trkpt>
      <trkpt lat="50.08091272" lon="-121.24266307">
      </trkpt>
      <trkpt lat="50.08094628" lon="-121.24241924">
      </trkpt>
      <trkpt lat="50.08097807" lon="-121.2423224">
      </trkpt>
      <trkpt lat="50.08105127" lon="-121.24226612">
      </trkpt>
      <trkpt lat="50.08111525" lon="-121.2422216">
      </trkpt>
      <trkpt lat="50.08142769" lon="-121.24196434">
      </trkpt>
      <trkpt lat="50.08165183" lon="-121.24172889">
      </trkpt>
      <trkpt lat="50.0817526" lon="-121.24148168">
      </trkpt>
      <trkpt lat="50.08177242" lon="-121.24122428">
      </trkpt>
      <trkpt lat="50.08176653" lon="-121.24083861">
      </trkpt>
      <trkpt lat="50.08175347" lon="-121.24060316">
      </trkpt>
      <trkpt lat="50.08172963" lon="-121.24035582">
      </trkpt>
      <trkpt lat="50.08166663" lon="-121.24006928">
      </trkpt>
      <trkpt lat="50.08157802" lon="-121.23972678">
      </trkpt>
      <trkpt lat="50.08148304" lon="-121.2394073">
      </trkpt>
      <trkpt lat="50.08140679" lon="-121.23911787">
      </trkpt>
      <trkpt lat="50.08131995" lon="-121.23882263">
      </trkpt>
      <trkpt lat="50.08128325" lon="-121.23870109">
      </trkpt>
      <trkpt lat="50.08120044" lon="-121.2383865">
      </trkpt>
      <trkpt lat="50.0811653" lon="-121.23832062">
      </trkpt>
      <trkpt lat="50.08114165" lon="-121.23821828">
      </trkpt>
      <trkpt lat="50.08104107" lon="-121.23790918">
      </trkpt>
      <trkpt lat="50.08097375" lon="-121.23773839">
      </trkpt>
      <trkpt lat="50.08090791" lon="-121.23755966">
      </trkpt>
      <trkpt lat="50.08084099" lon="-121.23739055">
      </trkpt>
      <trkpt lat="50.08082038" lon="-121.23733992">
      </trkpt>
      <trkpt lat="50.08080154" lon="-121.23725894">
      </trkpt>
      <trkpt lat="50.08072764" lon="-121.23706756">
      </trkpt>
      <trkpt lat="50.08066455" lon="-121.23677126">
      </trkpt>
      <trkpt lat="50.08062402" lon="-121.23658278">
      </trkpt>
      <trkpt lat="50.08060439" lon="-121.2365111">
      </trkpt>
      <trkpt lat="50.08057487" lon="-121.23638393">
      </trkpt>
      <trkpt lat="50.08054797" lon="-121.23629258">
      </trkpt>
      <trkpt lat="50.08049273" lon="-121.23600437">
      </trkpt>
      <trkpt lat="50.08044532" lon="-121.2357253">
      </trkpt>
      <trkpt lat="50.08041315" lon="-121.235438">
      </trkpt>
      <trkpt lat="50.0803313" lon="-121.23508376">
      </trkpt>
      <trkpt lat="50.0802424" lon="-121.23474048">
      </trkpt>
      <trkpt lat="50.08013426" lon="-121.23442293">
      </trkpt>
      <trkpt lat="50.08010198" lon="-121.23428056">
      </trkpt>
      <trkpt lat="50.08009618" lon="-121.23390298">
      </trkpt>
      <trkpt lat="50.08006929" lon="-121.23376818">
      </trkpt>
      <trkpt lat="50.07998736" lon="-121.23345799">
      </trkpt>
      <trkpt lat="50.07987058" lon="-121.23314035">
      </trkpt>
      <trkpt lat="50.07987548" lon="-121.23299701">
      </trkpt>
      <trkpt lat="50.07987324" lon="-121.23285107">
      </trkpt>
      <trkpt lat="50.07987578" lon="-121.23283611">
      </trkpt>
      <trkpt lat="50.08002935" lon="-121.23293112">
      </trkpt>
      <trkpt lat="50.08022955" lon="-121.23300112">
      </trkpt>
      <trkpt lat="50.08042472" lon="-121.23302674">
      </trkpt>
      <trkpt lat="50.08053413" lon="-121.23300387">
      </trkpt>
      <trkpt lat="50.08074795" lon="-121.23288522">
      </trkpt>
      <trkpt lat="50.08083265" lon="-121.23286815">
      </trkpt>
      <trkpt lat="50.08112625" lon="-121.23274157">
      </trkpt>
      <trkpt lat="50.08123163" lon="-121.2327004">
      </trkpt>
      <trkpt lat="50.08133319" lon="-121.23268378">
      </trkpt>
      <trkpt lat="50.08154819" lon="-121.23267661">
      </trkpt>
      <trkpt lat="50.08168332" lon="-121.23268485">
      </trkpt>
      <trkpt lat="50.08175338" lon="-121.23268241">
      </trkpt>
      <trkpt lat="50.08190321" lon="-121.23263544">
      </trkpt>
      <trkpt lat="50.08192304" lon="-121.23263574">
      </trkpt>
      <trkpt lat="50.08210143" lon="-121.23257216">
      </trkpt>
      <trkpt lat="50.08224941" lon="-121.23239662">
      </trkpt>
      <trkpt lat="50.08235901" lon="-121.23200959">
      </trkpt>
      <trkpt lat="50.0823698" lon="-121.23200349">
      </trkpt>
      <trkpt lat="50.08243232" lon="-121.2319733">
      </trkpt>
      <trkpt lat="50.08247648" lon="-121.23191566">
      </trkpt>
      <trkpt lat="50.08251091" lon="-121.23181653">
      </trkpt>
      <trkpt lat="50.08254172" lon="-121.23147997">
      </trkpt>
      <trkpt lat="50.08254782" lon="-121.23128402">
      </trkpt>
      <trkpt lat="50.08254457" lon="-121.2310745">
      </trkpt>
      <trkpt lat="50.08253427" lon="-121.23099092">
      </trkpt>
      <trkpt lat="50.08245105" lon="-121.23084026">
      </trkpt>
      <trkpt lat="50.08241406" lon="-121.23077179">
      </trkpt>
      <trkpt lat="50.08237677" lon="-121.23068929">
      </trkpt>
      <trkpt lat="50.08234901" lon="-121.23063439">
      </trkpt>
      <trkpt lat="50.08223645" lon="-121.23033093">
      </trkpt>
      <trkpt lat="50.08216836" lon="-121.22999803">
      </trkpt>
      <trkpt lat="50.08213912" lon="-121.22987176">
      </trkpt>
      <trkpt lat="50.08223027" lon="-121.22991705">
      </trkpt>
      <trkpt lat="50.08235343" lon="-121.2299843">
      </trkpt>
      <trkpt lat="50.0824434" lon="-121.23001892">
      </trkpt>
      <trkpt lat="50.08263415" lon="-121.23007947">
      </trkpt>
      <trkpt lat="50.08283825" lon="-121.23012674">
      </trkpt>
      <trkpt lat="50.08303391" lon="-121.23014916">
      </trkpt>
      <trkpt lat="50.0831182" lon="-121.23016288">
      </trkpt>
      <trkpt lat="50.08318033" lon="-121.23014793">
      </trkpt>
      <trkpt lat="50.08322584" lon="-121.23010828">
      </trkpt>
      <trkpt lat="50.08326774" lon="-121.23004774">
      </trkpt>
      <trkpt lat="50.08346508" lon="-121.22961222">
      </trkpt>
      <trkpt lat="50.08359225" lon="-121.22973787">
      </trkpt>
      <trkpt lat="50.08374738" lon="-121.22986445">
      </trkpt>
      <trkpt lat="50.08396177" lon="-121.23000764">
      </trkpt>
      <trkpt lat="50.08418834" lon="-121.23016593">
      </trkpt>
      <trkpt lat="50.08440912" lon="-121.23044834">
      </trkpt>
      <trkpt lat="50.08460996" lon="-121.2307602">
      </trkpt>
      <trkpt lat="50.08477196" lon="-121.23104262">
      </trkpt>
      <trkpt lat="50.08492522" lon="-121.23134029">
      </trkpt>
      <trkpt lat="50.08500029" lon="-121.23150667">
      </trkpt>
      <trkpt lat="50.0851246" lon="-121.2317563">
      </trkpt>
      <trkpt lat="50.08525618" lon="-121.23197727">
      </trkpt>
      <trkpt lat="50.08544869" lon="-121.23226274">
      </trkpt>
      <trkpt lat="50.08563915" lon="-121.23257307">
      </trkpt>
      <trkpt lat="50.08580251" lon="-121.23288614">
      </trkpt>
      <trkpt lat="50.08591368" lon="-121.23312631">
      </trkpt>
      <trkpt lat="50.08606576" lon="-121.23330398">
      </trkpt>
      <trkpt lat="50.08626808" lon="-121.23349368">
      </trkpt>
      <trkpt lat="50.08640525" lon="-121.2336631">
      </trkpt>
      <trkpt lat="50.08648364" lon="-121.23387705">
      </trkpt>
      <trkpt lat="50.08660845" lon="-121.23421346">
      </trkpt>
      <trkpt lat="50.08664543" lon="-121.23457198">
      </trkpt>
      <trkpt lat="50.08664868" lon="-121.23478775">
      </trkpt>
      <trkpt lat="50.08665937" lon="-121.23495183">
      </trkpt>
      <trkpt lat="50.08667576" lon="-121.23508481">
      </trkpt>
      <trkpt lat="50.08672512" lon="-121.23525287">
      </trkpt>
      <trkpt lat="50.0867829" lon="-121.23543616">
      </trkpt>
      <trkpt lat="50.0868349" lon="-121.23563228">
      </trkpt>
      <trkpt lat="50.08689612" lon="-121.23595099">
      </trkpt>
      <trkpt lat="50.08694646" lon="-121.23624836">
      </trkpt>
      <trkpt lat="50.08697678" lon="-121.23644538">
      </trkpt>
      <trkpt lat="50.08700866" lon="-121.23665263">
      </trkpt>
      <trkpt lat="50.08703309" lon="-121.23699528">
      </trkpt>
      <trkpt lat="50.08703653" lon="-121.23722402">
      </trkpt>
      <trkpt lat="50.0870223" lon="-121.23753283">
      </trkpt>
      <trkpt lat="50.08700749" lon="-121.23772726">
      </trkpt>
      <trkpt lat="50.08700121" lon="-121.2379104">
      </trkpt>
      <trkpt lat="50.08698474" lon="-121.23810819">
      </trkpt>
      <trkpt lat="50.08695971" lon="-121.23829622">
      </trkpt>
      <trkpt lat="50.08692085" lon="-121.2386253">
      </trkpt>
      <trkpt lat="50.08689986" lon="-121.23888423">
      </trkpt>
      <trkpt lat="50.08690349" lon="-121.23912518">
      </trkpt>
      <trkpt lat="50.08689897" lon="-121.23941888">
      </trkpt>
      <trkpt lat="50.08690143" lon="-121.23958054">
      </trkpt>
      <trkpt lat="50.08692007" lon="-121.23975377">
      </trkpt>
      <trkpt lat="50.08694862" lon="-121.23993966">
      </trkpt>
      <trkpt lat="50.08697777" lon="-121.24011686">
      </trkpt>
      <trkpt lat="50.08702407" lon="-121.24037839">
      </trkpt>
      <trkpt lat="50.08710423" lon="-121.24066355">
      </trkpt>
      <trkpt lat="50.0871993" lon="-121.24095603">
      </trkpt>
      <trkpt lat="50.08727201" lon="-121.24123267">
      </trkpt>
      <trkpt lat="50.08730763" lon="-121.24131166">
      </trkpt>
      <trkpt lat="50.08740044" lon="-121.24162763">
      </trkpt>
      <trkpt lat="50.08742595" lon="-121.24173757">
      </trkpt>
      <trkpt lat="50.08754193" lon="-121.24201405">
      </trkpt>
      <trkpt lat="50.08764298" lon="-121.24231051">
      </trkpt>
      <trkpt lat="50.08771352" lon="-121.24260146">
      </trkpt>
      <trkpt lat="50.08774424" lon="-121.24273429">
      </trkpt>
      <trkpt lat="50.08780036" lon="-121.24303927">
      </trkpt>
      <trkpt lat="50.08782567" lon="-121.24311355">
      </trkpt>
      <trkpt lat="50.08790573" lon="-121.24343211">
      </trkpt>
      <trkpt lat="50.0879759" lon="-121.24373557">
      </trkpt>
      <trkpt lat="50.0880276" lon="-121.24405399">
      </trkpt>
      <trkpt lat="50.08806635" lon="-121.24432207">
      </trkpt>
      <trkpt lat="50.08813572" lon="-121.24462203">
      </trkpt>
      <trkpt lat="50.08818644" lon="-121.24475012">
      </trkpt>
      <trkpt lat="50.08825316" lon="-121.244859">
      </trkpt>
      <trkpt lat="50.08844459" lon="-121.24501226">
      </trkpt>
      <trkpt lat="50.08856614" lon="-121.24515973">
      </trkpt>
      <trkpt lat="50.08873695" lon="-121.24547235">
      </trkpt>
      <trkpt lat="50.08886402" lon="-121.24576086">
      </trkpt>
      <trkpt lat="50.08896889" lon="-121.24602789">
      </trkpt>
      <trkpt lat="50.08904011" lon="-121.24621164">
      </trkpt>
      <trkpt lat="50.0891035" lon="-121.2463405">
      </trkpt>
      <trkpt lat="50.0891709" lon="-121.24644054">
      </trkpt>
      <trkpt lat="50.08924978" lon="-121.24652532">
      </trkpt>
      <trkpt lat="50.0893422" lon="-121.24658128">
      </trkpt>
      <trkpt lat="50.08945395" lon="-121.2466435">
      </trkpt>
      <trkpt lat="50.0895659" lon="-121.24669261">
      </trkpt>
      <trkpt lat="50.08969128" lon="-121.24674324">
      </trkpt>
      <trkpt lat="50.08981068" lon="-121.24679157">
      </trkpt>
      <trkpt lat="50.08986611" lon="-121.24680393">
      </trkpt>
      <trkpt lat="50.08998276" lon="-121.24685502">
      </trkpt>
      <trkpt lat="50.09014318" lon="-121.24688643">
      </trkpt>
      <trkpt lat="50.09034891" lon="-121.24687896">
      </trkpt>
      <trkpt lat="50.09046576" lon="-121.24687469">
      </trkpt>
      <trkpt lat="50.09058605" lon="-121.24687042">
      </trkpt>
      <trkpt lat="50.09068346" lon="-121.2468541">
      </trkpt>
      <trkpt lat="50.09080031" lon="-121.24682177">
      </trkpt>
      <trkpt lat="50.09092019" lon="-121.24680302">
      </trkpt>
      <trkpt lat="50.09109051" lon="-121.24676885">
      </trkpt>
      <trkpt lat="50.0912206" lon="-121.24674857">
      </trkpt>
      <trkpt lat="50.09142418" lon="-121.24677114">
      </trkpt>
      <trkpt lat="50.09162794" lon="-121.24680682">
      </trkpt>
      <trkpt lat="50.09179875" lon="-121.24684724">
      </trkpt>
      <trkpt lat="50.09191961" lon="-121.24692044">
      </trkpt>
      <trkpt lat="50.09210916" lon="-121.2470249">
      </trkpt>
      <trkpt lat="50.09228801" lon="-121.24712845">
      </trkpt>
      <trkpt lat="50.092526" lon="-121.24724235">
      </trkpt>
      <trkpt lat="50.09260086" lon="-121.24733477">
      </trkpt>
      <trkpt lat="50.0926551" lon="-121.24748055">
      </trkpt>
      <trkpt lat="50.09253679" lon="-121.2479696">
      </trkpt>
      <trkpt lat="50.0925005" lon="-121.24808931">
      </trkpt>
      <trkpt lat="50.0923918" lon="-121.24839126">
      </trkpt>
      <trkpt lat="50.09232656" lon="-121.24868236">
      </trkpt>
      <trkpt lat="50.09232224" lon="-121.24887085">
      </trkpt>
      <trkpt lat="50.09233421" lon="-121.24900809">
      </trkpt>
      <trkpt lat="50.09229988" lon="-121.24936448">
      </trkpt>
      <trkpt lat="50.09227427" lon="-121.249574">
      </trkpt>
      <trkpt lat="50.09223924" lon="-121.24976661">
      </trkpt>
      <trkpt lat="50.09218784" lon="-121.25004232">
      </trkpt>
      <trkpt lat="50.0921691" lon="-121.2501201">
      </trkpt>
      <trkpt lat="50.09214438" lon="-121.25022334">
      </trkpt>
      <trkpt lat="50.09214614" lon="-121.25034227">
      </trkpt>
      <trkpt lat="50.09217998" lon="-121.25047937">
      </trkpt>
      <trkpt lat="50.09232196" lon="-121.25080099">
      </trkpt>
      <trkpt lat="50.09239317" lon="-121.2511502">
      </trkpt>
      <trkpt lat="50.09246076" lon="-121.25137224">
      </trkpt>
      <trkpt lat="50.09251217" lon="-121.25149163">
      </trkpt>
      <trkpt lat="50.09270033" lon="-121.25177071">
      </trkpt>
      <trkpt lat="50.0928157" lon="-121.25209445">
      </trkpt>
      <trkpt lat="50.09289291" lon="-121.25234821">
      </trkpt>
      <trkpt lat="50.09294726" lon="-121.25252052">
      </trkpt>
      <trkpt lat="50.09306303" lon="-121.25283497">
      </trkpt>
      <trkpt lat="50.09316515" lon="-121.25304892">
      </trkpt>
      <trkpt lat="50.09331642" lon="-121.25329993">
      </trkpt>
      <trkpt lat="50.09348565" lon="-121.25357868">
      </trkpt>
      <trkpt lat="50.09363133" lon="-121.25385623">
      </trkpt>
      <trkpt lat="50.09369324" lon="-121.25409549">
      </trkpt>
      <trkpt lat="50.09379125" lon="-121.25437059">
      </trkpt>
      <trkpt lat="50.09390563" lon="-121.25466553">
      </trkpt>
      <trkpt lat="50.09399236" lon="-121.25494734">
      </trkpt>
      <trkpt lat="50.09405062" lon="-121.25511812">
      </trkpt>
      <trkpt lat="50.09410253" lon="-121.25531424">
      </trkpt>
      <trkpt lat="50.09414423" lon="-121.25550852">
      </trkpt>
      <trkpt lat="50.09417354" lon="-121.25568694">
      </trkpt>
      <trkpt lat="50.09420513" lon="-121.25582388">
      </trkpt>
      <trkpt lat="50.09429166" lon="-121.25604408">
      </trkpt>
      <trkpt lat="50.09446019" lon="-121.25629402">
      </trkpt>
      <trkpt lat="50.09463589" lon="-121.25652704">
      </trkpt>
      <trkpt lat="50.09481238" lon="-121.25680274">
      </trkpt>
      <trkpt lat="50.09500044" lon="-121.257069">
      </trkpt>
      <trkpt lat="50.09508225" lon="-121.25713931">
      </trkpt>
      <trkpt lat="50.09517054" lon="-121.25717803">
      </trkpt>
      <trkpt lat="50.09525785" lon="-121.25718536">
      </trkpt>
      <trkpt lat="50.09542893" lon="-121.25714098">
      </trkpt>
      <trkpt lat="50.09547996" lon="-121.25712463">
      </trkpt>
      <trkpt lat="50.09562022" lon="-121.25707968">
      </trkpt>
      <trkpt lat="50.09573893" lon="-121.25703255">
      </trkpt>
      <trkpt lat="50.09596248" lon="-121.25697462">
      </trkpt>
      <trkpt lat="50.09611376" lon="-121.25704094">
      </trkpt>
      <trkpt lat="50.09623549" lon="-121.2571088">
      </trkpt>
      <trkpt lat="50.09645925" lon="-121.25723004">
      </trkpt>
      <trkpt lat="50.09657294" lon="-121.2573133">
      </trkpt>
      <trkpt lat="50.09668507" lon="-121.25738878">
      </trkpt>
      <trkpt lat="50.09679317" lon="-121.25744902">
      </trkpt>
      <trkpt lat="50.0969924" lon="-121.25752969">
      </trkpt>
      <trkpt lat="50.09718673" lon="-121.25768843">
      </trkpt>
      <trkpt lat="50.09728325" lon="-121.25783164">
      </trkpt>
      <trkpt lat="50.09739734" lon="-121.2580009">
      </trkpt>
      <trkpt lat="50.09741883" lon="-121.25817611">
      </trkpt>
      <trkpt lat="50.09741185" lon="-121.25835698">
      </trkpt>
      <trkpt lat="50.0974256" lon="-121.25867584">
      </trkpt>
      <trkpt lat="50.0974201" lon="-121.25889483">
      </trkpt>
      <trkpt lat="50.09744109" lon="-121.2591803">
      </trkpt>
      <trkpt lat="50.09747208" lon="-121.25946943">
      </trkpt>
      <trkpt lat="50.09747915" lon="-121.25954385">
      </trkpt>
      <trkpt lat="50.09752339" lon="-121.25966478">
      </trkpt>
      <trkpt lat="50.09769801" lon="-121.25993668">
      </trkpt>
      <trkpt lat="50.09778717" lon="-121.26009542">
      </trkpt>
      <trkpt lat="50.09786201" lon="-121.26019638">
      </trkpt>
      <trkpt lat="50.09794529" lon="-121.26024274">
      </trkpt>
      <trkpt lat="50.09807487" lon="-121.26027811">
      </trkpt>
      <trkpt lat="50.09820681" lon="-121.26033164">
      </trkpt>
      <trkpt lat="50.09834562" lon="-121.26038791">
      </trkpt>
      <trkpt lat="50.09850257" lon="-121.26050273">
      </trkpt>
      <trkpt lat="50.09862262" lon="-121.26059074">
      </trkpt>
      <trkpt lat="50.0987423" lon="-121.2607237">
      </trkpt>
      <trkpt lat="50.09894663" lon="-121.26100079">
      </trkpt>
      <trkpt lat="50.09916654" lon="-121.26112827">
      </trkpt>
      <trkpt lat="50.09928494" lon="-121.26119431">
      </trkpt>
      <trkpt lat="50.09943159" lon="-121.261282">
      </trkpt>
      <trkpt lat="50.09951212" lon="-121.26131021">
      </trkpt>
      <trkpt lat="50.09974086" lon="-121.26150036">
      </trkpt>
      <trkpt lat="50.09994764" lon="-121.26169464">
      </trkpt>
      <trkpt lat="50.10007456" lon="-121.26182884">
      </trkpt>
      <trkpt lat="50.10023258" lon="-121.26197111">
      </trkpt>
      <trkpt lat="50.10043515" lon="-121.26213947">
      </trkpt>
      <trkpt lat="50.10052479" lon="-121.26220001">
      </trkpt>
      <trkpt lat="50.10064436" lon="-121.26220657">
      </trkpt>
      <trkpt lat="50.10080139" lon="-121.26218659">
      </trkpt>
      <trkpt lat="50.10103348" lon="-121.26222303">
      </trkpt>
      <trkpt lat="50.10120012" lon="-121.26226269">
      </trkpt>
      <trkpt lat="50.1014112" lon="-121.26236364">
      </trkpt>
      <trkpt lat="50.10150958" lon="-121.26237173">
      </trkpt>
      <trkpt lat="50.10170821" lon="-121.26237858">
      </trkpt>
      <trkpt lat="50.10190791" lon="-121.26239841">
      </trkpt>
      <trkpt lat="50.10202247" lon="-121.26238224">
      </trkpt>
      <trkpt lat="50.10214479" lon="-121.26233696">
      </trkpt>
      <trkpt lat="50.10230927" lon="-121.26230248">
      </trkpt>
      <trkpt lat="50.10246474" lon="-121.26225628">
      </trkpt>
      <trkpt lat="50.10260048" lon="-121.26220901">
      </trkpt>
      <trkpt lat="50.10272888" lon="-121.26217576">
      </trkpt>
      <trkpt lat="50.10284608" lon="-121.26214329">
      </trkpt>
      <trkpt lat="50.10308327" lon="-121.26208641">
      </trkpt>
      <trkpt lat="50.1032038" lon="-121.26205057">
      </trkpt>
    </trkseg>
    <trkseg>
      <trkpt lat="50.04257613" lon="-121.15033477">
      </trkpt>
      <trkpt lat="50.04247733" lon="-121.15093743">
      </trkpt>
      <trkpt lat="50.04228926" lon="-121.15122885">
      </trkpt>
      <trkpt lat="50.04215265" lon="-121.15141276">
      </trkpt>
      <trkpt lat="50.04212279" lon="-121.15149115">
      </trkpt>
      <trkpt lat="50.04201594" lon="-121.15181626">
      </trkpt>
      <trkpt lat="50.04200091" lon="-121.15187482">
      </trkpt>
      <trkpt lat="50.04198954" lon="-121.15215815">
      </trkpt>
      <trkpt lat="50.04198628" lon="-121.15249181">
      </trkpt>
      <trkpt lat="50.04199767" lon="-121.1526951">
      </trkpt>
      <trkpt lat="50.04202587" lon="-121.15294458">
      </trkpt>
      <trkpt lat="50.04207743" lon="-121.15315471">
      </trkpt>
      <trkpt lat="50.04209107" lon="-121.15320077">
      </trkpt>
      <trkpt lat="50.04210178" lon="-121.15321449">
      </trkpt>
      <trkpt lat="50.04211219" lon="-121.15321678">
      </trkpt>
      <trkpt lat="50.04222179" lon="-121.15322394">
      </trkpt>
      <trkpt lat="50.04231587" lon="-121.15318872">
      </trkpt>
      <trkpt lat="50.04233247" lon="-121.15317698">
      </trkpt>
      <trkpt lat="50.0423745" lon="-121.15308243">
      </trkpt>
      <trkpt lat="50.04240201" lon="-121.15299155">
      </trkpt>
      <trkpt lat="50.04244334" lon="-121.15282594">
      </trkpt>
      <trkpt lat="50.0424893" lon="-121.15265788">
      </trkpt>
      <trkpt lat="50.04253959" lon="-121.15251621">
      </trkpt>
      <trkpt lat="50.04254637" lon="-121.15241114">
      </trkpt>
      <trkpt lat="50.04260942" lon="-121.15220238">
      </trkpt>
      <trkpt lat="50.04273954" lon="-121.15209502">
      </trkpt>
      <trkpt lat="50.04284806" lon="-121.15206665">
      </trkpt>
      <trkpt lat="50.04299939" lon="-121.15211286">
      </trkpt>
      <trkpt lat="50.04314081" lon="-121.15236814">
      </trkpt>
      <trkpt lat="50.04316173" lon="-121.15268671">
      </trkpt>
      <trkpt lat="50.04310123" lon="-121.15283554">
      </trkpt>
      <trkpt lat="50.04295324" lon="-121.15317744">
      </trkpt>
      <trkpt lat="50.04285012" lon="-121.15342433">
      </trkpt>
      <trkpt lat="50.04282793" lon="-121.15352344">
      </trkpt>
      <trkpt lat="50.04273689" lon="-121.15382463">
      </trkpt>
      <trkpt lat="50.0426984" lon="-121.154077">
      </trkpt>
      <trkpt lat="50.04263741" lon="-121.15438641">
      </trkpt>
      <trkpt lat="50.04254548" lon="-121.15475409">
      </trkpt>
      <trkpt lat="50.04245493" lon="-121.15496162">
      </trkpt>
      <trkpt lat="50.04239758" lon="-121.15513715">
      </trkpt>
      <trkpt lat="50.04230194" lon="-121.15540478">
      </trkpt>
      <trkpt lat="50.04220755" lon="-121.15555865">
      </trkpt>
      <trkpt lat="50.04216335" lon="-121.15562041">
      </trkpt>
      <trkpt lat="50.04210954" lon="-121.15580783">
      </trkpt>
      <trkpt lat="50.0421173" lon="-121.15585159">
      </trkpt>
      <trkpt lat="50.04216346" lon="-121.15592739">
      </trkpt>
      <trkpt lat="50.04216718" lon="-121.15593059">
      </trkpt>
      <trkpt lat="50.04225911" lon="-121.15594615">
      </trkpt>
      <trkpt lat="50.04239827" lon="-121.15591915">
      </trkpt>
      <trkpt lat="50.04245769" lon="-121.15587005">
      </trkpt>
      <trkpt lat="50.04259174" lon="-121.1557238">
      </trkpt>
      <trkpt lat="50.04267482" lon="-121.15554721">
      </trkpt>
      <trkpt lat="50.04279484" lon="-121.15538694">
      </trkpt>
      <trkpt lat="50.04288362" lon="-121.15531359">
      </trkpt>
      <trkpt lat="50.04308651" lon="-121.15517558">
      </trkpt>
      <trkpt lat="50.04318874" lon="-121.15511336">
      </trkpt>
      <trkpt lat="50.04327419" lon="-121.15506548">
      </trkpt>
      <trkpt lat="50.04347726" lon="-121.15497108">
      </trkpt>
      <trkpt lat="50.0435628" lon="-121.15493815">
      </trkpt>
      <trkpt lat="50.043749" lon="-121.15487562">
      </trkpt>
      <trkpt lat="50.04382866" lon="-121.15484146">
      </trkpt>
      <trkpt lat="50.04396907" lon="-121.15482241">
      </trkpt>
      <trkpt lat="50.04405078" lon="-121.15478092">
      </trkpt>
      <trkpt lat="50.04415753" lon="-121.15474645">
      </trkpt>
      <trkpt lat="50.04431682" lon="-121.15469888">
      </trkpt>
      <trkpt lat="50.04449447" lon="-121.15463377">
      </trkpt>
      <trkpt lat="50.04470659" lon="-121.15460983">
      </trkpt>
      <trkpt lat="50.04480146" lon="-121.15462721">
      </trkpt>
      <trkpt lat="50.04500239" lon="-121.15475836">
      </trkpt>
      <trkpt lat="50.04523227" lon="-121.15491909">
      </trkpt>
      <trkpt lat="50.04532104" lon="-121.15498374">
      </trkpt>
      <trkpt lat="50.04540628" lon="-121.15509156">
      </trkpt>
      <trkpt lat="50.04548366" lon="-121.15522499">
      </trkpt>
      <trkpt lat="50.04552991" lon="-121.15539273">
      </trkpt>
      <trkpt lat="50.0455693" lon="-121.15552617">
      </trkpt>
      <trkpt lat="50.04557136" lon="-121.15565304">
      </trkpt>
      <trkpt lat="50.04557402" lon="-121.15582048">
      </trkpt>
      <trkpt lat="50.04557754" lon="-121.15604389">
      </trkpt>
      <trkpt lat="50.04558295" lon="-121.1563838">
      </trkpt>
      <trkpt lat="50.04557863" lon="-121.15667735">
      </trkpt>
      <trkpt lat="50.04558059" lon="-121.1568027">
      </trkpt>
      <trkpt lat="50.04557647" lon="-121.15711014">
      </trkpt>
      <trkpt lat="50.0455799" lon="-121.1573218">
      </trkpt>
      <trkpt lat="50.04559012" lon="-121.15750525">
      </trkpt>
      <trkpt lat="50.04561673" lon="-121.15773064">
      </trkpt>
      <trkpt lat="50.04565512" lon="-121.15782733">
      </trkpt>
      <trkpt lat="50.04575529" lon="-121.15794093">
      </trkpt>
      <trkpt lat="50.04591702" lon="-121.15814208">
      </trkpt>
      <trkpt lat="50.04598115" lon="-121.15818355">
      </trkpt>
      <trkpt lat="50.04613868" lon="-121.15828512">
      </trkpt>
      <trkpt lat="50.04621575" lon="-121.15832171">
      </trkpt>
      <trkpt lat="50.04642001" lon="-121.1584283">
      </trkpt>
      <trkpt lat="50.04664047" lon="-121.15856113">
      </trkpt>
      <trkpt lat="50.04684285" lon="-121.15868083">
      </trkpt>
      <trkpt lat="50.0469936" lon="-121.15878301">
      </trkpt>
      <trkpt lat="50.04706547" lon="-121.15885865">
      </trkpt>
      <trkpt lat="50.04726599" lon="-121.15905034">
      </trkpt>
      <trkpt lat="50.0474615" lon="-121.15943508">
      </trkpt>
      <trkpt lat="50.04748536" lon="-121.15953786">
      </trkpt>
      <trkpt lat="50.047587" lon="-121.15984789">
      </trkpt>
      <trkpt lat="50.04766095" lon="-121.16010286">
      </trkpt>
      <trkpt lat="50.04775304" lon="-121.16033663">
      </trkpt>
      <trkpt lat="50.04780224" lon="-121.16042142">
      </trkpt>
      <trkpt lat="50.0479684" lon="-121.1607348">
      </trkpt>
      <trkpt lat="50.04811343" lon="-121.16097604">
      </trkpt>
      <trkpt lat="50.04825394" lon="-121.16121135">
      </trkpt>
      <trkpt lat="50.04833761" lon="-121.16136247">
      </trkpt>
      <trkpt lat="50.04852301" lon="-121.16167753">
      </trkpt>
      <trkpt lat="50.04859409" lon="-121.16180882">
      </trkpt>
      <trkpt lat="50.04879943" lon="-121.16211229">
      </trkpt>
      <trkpt lat="50.04885166" lon="-121.16222025">
      </trkpt>
      <trkpt lat="50.04891392" lon="-121.16234271">
      </trkpt>
      <trkpt lat="50.04895594" lon="-121.16246577">
      </trkpt>
      <trkpt lat="50.04899867" lon="-121.16257847">
      </trkpt>
      <trkpt lat="50.04906484" lon="-121.16272472">
      </trkpt>
      <trkpt lat="50.04910255" lon="-121.16293667">
      </trkpt>
      <trkpt lat="50.04913692" lon="-121.16325417">
      </trkpt>
      <trkpt lat="50.0491381" lon="-121.16332981">
      </trkpt>
      <trkpt lat="50.04917511" lon="-121.16356131">
      </trkpt>
      <trkpt lat="50.04921597" lon="-121.16386705">
      </trkpt>
      <trkpt lat="50.04923364" lon="-121.16397761">
      </trkpt>
      <trkpt lat="50.04924866" lon="-121.16404227">
      </trkpt>
      <trkpt lat="50.04926859" lon="-121.16410997">
      </trkpt>
      <trkpt lat="50.04938702" lon="-121.16435183">
      </trkpt>
      <trkpt lat="50.04946734" lon="-121.16458683">
      </trkpt>
      <trkpt lat="50.04950318" lon="-121.16486208">
      </trkpt>
      <trkpt lat="50.04952507" lon="-121.16516707">
      </trkpt>
      <trkpt lat="50.04956248" lon="-121.16532811">
      </trkpt>
      <trkpt lat="50.04960561" lon="-121.16542951">
      </trkpt>
      <trkpt lat="50.04969093" lon="-121.16570904">
      </trkpt>
      <trkpt lat="50.04973786" lon="-121.16598765">
      </trkpt>
      <trkpt lat="50.04974199" lon="-121.16624705">
      </trkpt>
      <trkpt lat="50.04972116" lon="-121.16639131">
      </trkpt>
      <trkpt lat="50.04965106" lon="-121.16676233">
      </trkpt>
      <trkpt lat="50.04958733" lon="-121.16698894">
      </trkpt>
      <trkpt lat="50.04951329" lon="-121.16723354">
      </trkpt>
      <trkpt lat="50.04951241" lon="-121.16731635">
      </trkpt>
      <trkpt lat="50.04955227" lon="-121.16731787">
      </trkpt>
      <trkpt lat="50.04976447" lon="-121.16729484">
      </trkpt>
      <trkpt lat="50.04989761" lon="-121.16734577">
      </trkpt>
      <trkpt lat="50.05010854" lon="-121.16749965">
      </trkpt>
      <trkpt lat="50.05022941" lon="-121.16779076">
      </trkpt>
      <trkpt lat="50.050333" lon="-121.16801965">
      </trkpt>
      <trkpt lat="50.0503658" lon="-121.16816117">
      </trkpt>
      <trkpt lat="50.05044042" lon="-121.16840547">
      </trkpt>
      <trkpt lat="50.05048461" lon="-121.16857153">
      </trkpt>
      <trkpt lat="50.05056916" lon="-121.1687707">
      </trkpt>
      <trkpt lat="50.05065065" lon="-121.16894423">
      </trkpt>
      <trkpt lat="50.05080716" lon="-121.16927026">
      </trkpt>
      <trkpt lat="50.05086088" lon="-121.16937594">
      </trkpt>
      <trkpt lat="50.05102555" lon="-121.16968672">
      </trkpt>
      <trkpt lat="50.05109162" lon="-121.16980384">
      </trkpt>
      <trkpt lat="50.05112746" lon="-121.17002039">
      </trkpt>
      <trkpt lat="50.05120376" lon="-121.17032294">
      </trkpt>
      <trkpt lat="50.05125432" lon="-121.17060765">
      </trkpt>
      <trkpt lat="50.05129233" lon="-121.17079644">
      </trkpt>
      <trkpt lat="50.05133112" lon="-121.17097654">
      </trkpt>
      <trkpt lat="50.05134889" lon="-121.17106453">
      </trkpt>
      <trkpt lat="50.05143253" lon="-121.17136144">
      </trkpt>
      <trkpt lat="50.05150166" lon="-121.17163227">
      </trkpt>
      <trkpt lat="50.05156077" lon="-121.17190005">
      </trkpt>
      <trkpt lat="50.05163275" lon="-121.17222349">
      </trkpt>
      <trkpt lat="50.0516574" lon="-121.17249219">
      </trkpt>
      <trkpt lat="50.05166329" lon="-121.17286351">
      </trkpt>
      <trkpt lat="50.05162224" lon="-121.17304712">
      </trkpt>
      <trkpt lat="50.051581" lon="-121.17312566">
      </trkpt>
      <trkpt lat="50.05157885" lon="-121.17316393">
      </trkpt>
      <trkpt lat="50.05160751" lon="-121.1731836">
      </trkpt>
      <trkpt lat="50.05166054" lon="-121.17316881">
      </trkpt>
      <trkpt lat="50.0517385" lon="-121.17309973">
      </trkpt>
      <trkpt lat="50.05182647" lon="-121.17295638">
      </trkpt>
      <trkpt lat="50.0519442" lon="-121.17280252">
      </trkpt>
      <trkpt lat="50.05208048" lon="-121.17274991">
      </trkpt>
      <trkpt lat="50.0521776" lon="-121.1727714">
      </trkpt>
      <trkpt lat="50.05229836" lon="-121.17284933">
      </trkpt>
      <trkpt lat="50.05246617" lon="-121.17309729">
      </trkpt>
      <trkpt lat="50.05253647" lon="-121.17317522">
      </trkpt>
      <trkpt lat="50.05273481" lon="-121.17343903">
      </trkpt>
      <trkpt lat="50.05279274" lon="-121.1735531">
      </trkpt>
      <trkpt lat="50.05296908" lon="-121.17381387">
      </trkpt>
      <trkpt lat="50.05309171" lon="-121.1742041">
      </trkpt>
      <trkpt lat="50.05310507" lon="-121.17431161">
      </trkpt>
      <trkpt lat="50.0531518" lon="-121.17463368">
      </trkpt>
      <trkpt lat="50.05321425" lon="-121.17484153">
      </trkpt>
      <trkpt lat="50.0532981" lon="-121.17518815">
      </trkpt>
      <trkpt lat="50.05330695" lon="-121.17527996">
      </trkpt>
      <trkpt lat="50.05336526" lon="-121.17542971">
      </trkpt>
      <trkpt lat="50.05349231" lon="-121.17570466">
      </trkpt>
      <trkpt lat="50.05365687" lon="-121.17592349">
      </trkpt>
      <trkpt lat="50.05385756" lon="-121.17612508">
      </trkpt>
      <trkpt lat="50.05394289" lon="-121.17623732">
      </trkpt>
      <trkpt lat="50.05413846" lon="-121.17645722">
      </trkpt>
      <trkpt lat="50.05421357" lon="-121.17656839">
      </trkpt>
      <trkpt lat="50.05435672" lon="-121.1767401">
      </trkpt>
      <trkpt lat="50.05443557" lon="-121.17684212">
      </trkpt>
      <trkpt lat="50.0546497" lon="-121.17715901">
      </trkpt>
      <trkpt lat="50.05475682" lon="-121.17738272">
      </trkpt>
      <trkpt lat="50.05493757" lon="-121.17759636">
      </trkpt>
      <trkpt lat="50.0550764" lon="-121.17786002">
      </trkpt>
      <trkpt lat="50.05526079" lon="-121.17819307">
      </trkpt>
      <trkpt lat="50.05538705" lon="-121.17854641">
      </trkpt>
      <trkpt lat="50.05550319" lon="-121.17882699">
      </trkpt>
      <trkpt lat="50.05568582" lon="-121.17904781">
      </trkpt>
      <trkpt lat="50.05590623" lon="-121.17930552">
      </trkpt>
      <trkpt lat="50.05613243" lon="-121.17958414">
      </trkpt>
      <trkpt lat="50.05622895" lon="-121.17972688">
      </trkpt>
      <trkpt lat="50.0564631" lon="-121.18007319">
      </trkpt>
      <trkpt lat="50.05651474" lon="-121.18020602">
      </trkpt>
      <trkpt lat="50.05659908" lon="-121.18051162">
      </trkpt>
      <trkpt lat="50.0566252" lon="-121.1806754">
      </trkpt>
      <trkpt lat="50.05662952" lon="-121.18095309">
      </trkpt>
      <trkpt lat="50.05661086" lon="-121.18115758">
      </trkpt>
      <trkpt lat="50.05656589" lon="-121.18136559">
      </trkpt>
      <trkpt lat="50.05647843" lon="-121.18153684">
      </trkpt>
      <trkpt lat="50.05642688" lon="-121.18177168">
      </trkpt>
      <trkpt lat="50.05638328" lon="-121.18196138">
      </trkpt>
      <trkpt lat="50.05634549" lon="-121.18210245">
      </trkpt>
      <trkpt lat="50.05626929" lon="-121.18232539">
      </trkpt>
      <trkpt lat="50.0561878" lon="-121.1826656">
      </trkpt>
      <trkpt lat="50.05610741" lon="-121.18299333">
      </trkpt>
      <trkpt lat="50.05607284" lon="-121.18308406">
      </trkpt>
      <trkpt lat="50.0560691" lon="-121.18313377">
      </trkpt>
      <trkpt lat="50.05606272" lon="-121.18326538">
      </trkpt>
      <trkpt lat="50.05605792" lon="-121.18346027">
      </trkpt>
      <trkpt lat="50.05608472" lon="-121.18366675">
      </trkpt>
      <trkpt lat="50.05611339" lon="-121.18384012">
      </trkpt>
      <trkpt lat="50.05613067" lon="-121.18393789">
      </trkpt>
      <trkpt lat="50.05621089" lon="-121.18424698">
      </trkpt>
      <trkpt lat="50.056312" lon="-121.18453094">
      </trkpt>
      <trkpt lat="50.05635265" lon="-121.18459955">
      </trkpt>
      <trkpt lat="50.05656491" lon="-121.18479826">
      </trkpt>
      <trkpt lat="50.05663334" lon="-121.18497073">
      </trkpt>
      <trkpt lat="50.05667194" lon="-121.18501343">
      </trkpt>
      <trkpt lat="50.05674242" lon="-121.18505887">
      </trkpt>
      <trkpt lat="50.05691267" lon="-121.18518331">
      </trkpt>
      <trkpt lat="50.05708271" lon="-121.18532773">
      </trkpt>
      <trkpt lat="50.05729771" lon="-121.18546329">
      </trkpt>
      <trkpt lat="50.05742868" lon="-121.18560129">
      </trkpt>
      <trkpt lat="50.05750791" lon="-121.18565909">
      </trkpt>
      <trkpt lat="50.05771221" lon="-121.18579421">
      </trkpt>
      <trkpt lat="50.05791494" lon="-121.18597018">
      </trkpt>
      <trkpt lat="50.05813486" lon="-121.18613076">
      </trkpt>
      <trkpt lat="50.05826956" lon="-121.18625444">
      </trkpt>
      <trkpt lat="50.05840013" lon="-121.18630552">
      </trkpt>
      <trkpt lat="50.05852796" lon="-121.18631391">
      </trkpt>
      <trkpt lat="50.05864508" lon="-121.18633968">
      </trkpt>
      <trkpt lat="50.05883789" lon="-121.18639214">
      </trkpt>
      <trkpt lat="50.05895473" lon="-121.18645313">
      </trkpt>
      <trkpt lat="50.05912583" lon="-121.18657803">
      </trkpt>
      <trkpt lat="50.05937412" lon="-121.18693014">
      </trkpt>
      <trkpt lat="50.05943213" lon="-121.18706677">
      </trkpt>
      <trkpt lat="50.05953571" lon="-121.18734325">
      </trkpt>
      <trkpt lat="50.05964625" lon="-121.18760966">
      </trkpt>
      <trkpt lat="50.05968021" lon="-121.187771">
      </trkpt>
      <trkpt lat="50.05973608" lon="-121.18801149">
      </trkpt>
      <trkpt lat="50.05977044" lon="-121.18813608">
      </trkpt>
      <trkpt lat="50.05981099" lon="-121.18825487">
      </trkpt>
      <trkpt lat="50.05981304" lon="-121.18838815">
      </trkpt>
      <trkpt lat="50.05981746" lon="-121.18867209">
      </trkpt>
      <trkpt lat="50.05981333" lon="-121.18897968">
      </trkpt>
      <trkpt lat="50.05981639" lon="-121.18917762">
      </trkpt>
      <trkpt lat="50.05982964" lon="-121.18926896">
      </trkpt>
      <trkpt lat="50.05986831" lon="-121.18938212">
      </trkpt>
      <trkpt lat="50.0599869" lon="-121.18972934">
      </trkpt>
      <trkpt lat="50.05998975" lon="-121.18990959">
      </trkpt>
      <trkpt lat="50.05998505" lon="-121.19018928">
      </trkpt>
      <trkpt lat="50.05999026" lon="-121.19051912">
      </trkpt>
      <trkpt lat="50.0599933" lon="-121.19071462">
      </trkpt>
      <trkpt lat="50.05999643" lon="-121.19091546">
      </trkpt>
      <trkpt lat="50.05999181" lon="-121.19118919">
      </trkpt>
      <trkpt lat="50.06000428" lon="-121.19143074">
      </trkpt>
      <trkpt lat="50.06001832" lon="-121.1917705">
      </trkpt>
      <trkpt lat="50.06002735" lon="-121.19185422">
      </trkpt>
      <trkpt lat="50.06006623" lon="-121.19215798">
      </trkpt>
      <trkpt lat="50.06010255" lon="-121.19232619">
      </trkpt>
      <trkpt lat="50.06016234" lon="-121.19261074">
      </trkpt>
      <trkpt lat="50.06019336" lon="-121.19279908">
      </trkpt>
      <trkpt lat="50.06024284" lon="-121.19311505">
      </trkpt>
      <trkpt lat="50.06028181" lon="-121.19332229">
      </trkpt>
      <trkpt lat="50.06033217" lon="-121.1936311">
      </trkpt>
      <trkpt lat="50.06036339" lon="-121.19382064">
      </trkpt>
      <trkpt lat="50.06039815" lon="-121.19415584">
      </trkpt>
      <trkpt lat="50.06039284" lon="-121.19444724">
      </trkpt>
      <trkpt lat="50.06038155" lon="-121.19464946">
      </trkpt>
      <trkpt lat="50.06043448" lon="-121.19482573">
      </trkpt>
      <trkpt lat="50.06045833" lon="-121.19492028">
      </trkpt>
      <trkpt lat="50.06047796" lon="-121.19493965">
      </trkpt>
      <trkpt lat="50.06067539" lon="-121.19515147">
      </trkpt>
      <trkpt lat="50.06078583" lon="-121.19524403">
      </trkpt>
      <trkpt lat="50.060953" lon="-121.19532867">
      </trkpt>
      <trkpt lat="50.06106011" lon="-121.19546729">
      </trkpt>
      <trkpt lat="50.06121267" lon="-121.19580492">
      </trkpt>
      <trkpt lat="50.06129287" lon="-121.19619683">
      </trkpt>
      <trkpt lat="50.06129827" lon="-121.19654437">
      </trkpt>
      <trkpt lat="50.06128423" lon="-121.1968335">
      </trkpt>
      <trkpt lat="50.06127197" lon="-121.19713833">
      </trkpt>
      <trkpt lat="50.06128168" lon="-121.19731233">
      </trkpt>
      <trkpt lat="50.06128413" lon="-121.19732148">
      </trkpt>
      <trkpt lat="50.06144041" lon="-121.19760695">
      </trkpt>
      <trkpt lat="50.06148822" lon="-121.1977692">
      </trkpt>
      <trkpt lat="50.06149205" lon="-121.19801305">
      </trkpt>
      <trkpt lat="50.06151414" lon="-121.19833268">
      </trkpt>
      <trkpt lat="50.06154339" lon="-121.19860397">
      </trkpt>
      <trkpt lat="50.06158718" lon="-121.19881578">
      </trkpt>
      <trkpt lat="50.06160681" lon="-121.198887">
      </trkpt>
      <trkpt lat="50.06171096" lon="-121.19899344">
      </trkpt>
      <trkpt lat="50.0618378" lon="-121.19925284">
      </trkpt>
      <trkpt lat="50.06197593" lon="-121.1994436">
      </trkpt>
      <trkpt lat="50.06202981" lon="-121.19955507">
      </trkpt>
      <trkpt lat="50.06218904" lon="-121.19987319">
      </trkpt>
      <trkpt lat="50.06231911" lon="-121.2001611">
      </trkpt>
      <trkpt lat="50.06246097" lon="-121.20044062">
      </trkpt>
      <trkpt lat="50.06256924" lon="-121.20071572">
      </trkpt>
      <trkpt lat="50.06263698" lon="-121.20090039">
      </trkpt>
      <trkpt lat="50.06267506" lon="-121.20101186">
      </trkpt>
      <trkpt lat="50.06278079" lon="-121.20130771">
      </trkpt>
      <trkpt lat="50.06287827" lon="-121.20164793">
      </trkpt>
      <trkpt lat="50.06297369" lon="-121.20198113">
      </trkpt>
      <trkpt lat="50.06302984" lon="-121.20218441">
      </trkpt>
      <trkpt lat="50.06309453" lon="-121.20238692">
      </trkpt>
      <trkpt lat="50.06319691" lon="-121.2027131">
      </trkpt>
      <trkpt lat="50.06326004" lon="-121.20288512">
      </trkpt>
      <trkpt lat="50.06330578" lon="-121.20300605">
      </trkpt>
      <trkpt lat="50.06343723" lon="-121.20333772">
      </trkpt>
      <trkpt lat="50.06350515" lon="-121.2035227">
      </trkpt>
      <trkpt lat="50.06354844" lon="-121.20364958">
      </trkpt>
      <trkpt lat="50.06364445" lon="-121.20385026">
      </trkpt>
      <trkpt lat="50.06383155" lon="-121.20422449">
      </trkpt>
      <trkpt lat="50.06401668" lon="-121.20449852">
      </trkpt>
      <trkpt lat="50.06420987" lon="-121.20468426">
      </trkpt>
      <trkpt lat="50.06431951" lon="-121.20477072">
      </trkpt>
      <trkpt lat="50.06444654" lon="-121.20485612">
      </trkpt>
      <trkpt lat="50.06465073" lon="-121.20507892">
      </trkpt>
      <trkpt lat="50.06473288" lon="-121.20511811">
      </trkpt>
      <trkpt lat="50.06485342" lon="-121.20515669">
      </trkpt>
      <trkpt lat="50.06498388" lon="-121.20522898">
      </trkpt>
      <trkpt lat="50.06517274" lon="-121.20535264">
      </trkpt>
      <trkpt lat="50.065378" lon="-121.20551003">
      </trkpt>
      <trkpt lat="50.0655218" lon="-121.2056735">
      </trkpt>
      <trkpt lat="50.06568494" lon="-121.2060009">
      </trkpt>
      <trkpt lat="50.0657035" lon="-121.20619305">
      </trkpt>
      <trkpt lat="50.06568633" lon="-121.20643841">
      </trkpt>
      <trkpt lat="50.0656605" lon="-121.20664993">
      </trkpt>
      <trkpt lat="50.06562605" lon="-121.20685565">
      </trkpt>
      <trkpt lat="50.06559503" lon="-121.20702704">
      </trkpt>
      <trkpt lat="50.06558167" lon="-121.20717223">
      </trkpt>
      <trkpt lat="50.06557696" lon="-121.20731099">
      </trkpt>
      <trkpt lat="50.06558394" lon="-121.20735003">
      </trkpt>
      <trkpt lat="50.06564037" lon="-121.2074647">
      </trkpt>
      <trkpt lat="50.06570262" lon="-121.20757969">
      </trkpt>
      <trkpt lat="50.06585859" lon="-121.20776177">
      </trkpt>
      <trkpt lat="50.06602791" lon="-121.2079193">
      </trkpt>
      <trkpt lat="50.06624475" lon="-121.20813722">
      </trkpt>
      <trkpt lat="50.0664123" lon="-121.20841461">
      </trkpt>
      <trkpt lat="50.0666152" lon="-121.20874217">
      </trkpt>
      <trkpt lat="50.06677548" lon="-121.20900598">
      </trkpt>
      <trkpt lat="50.06697337" lon="-121.20925485">
      </trkpt>
      <trkpt lat="50.06705033" lon="-121.20948023">
      </trkpt>
      <trkpt lat="50.06708429" lon="-121.20968626">
      </trkpt>
      <trkpt lat="50.06713553" lon="-121.21001443">
      </trkpt>
      <trkpt lat="50.06716852" lon="-121.21032079">
      </trkpt>
      <trkpt lat="50.06718029" lon="-121.21050104">
      </trkpt>
      <trkpt lat="50.067201" lon="-121.2106819">
      </trkpt>
      <trkpt lat="50.06721386" lon="-121.21087909">
      </trkpt>
      <trkpt lat="50.0672178" lon="-121.21113374">
      </trkpt>
      <trkpt lat="50.06723094" lon="-121.21142837">
      </trkpt>
      <trkpt lat="50.06725136" lon="-121.21165117">
      </trkpt>
      <trkpt lat="50.06726961" lon="-121.21178978">
      </trkpt>
      <trkpt lat="50.06728974" lon="-121.21191559">
      </trkpt>
      <trkpt lat="50.06732762" lon="-121.21216172">
      </trkpt>
      <trkpt lat="50.0672964" lon="-121.21234823">
      </trkpt>
      <trkpt lat="50.06719913" lon="-121.21256018">
      </trkpt>
      <trkpt lat="50.0670361" lon="-121.21284078">
      </trkpt>
      <trkpt lat="50.06687266" lon="-121.21312046">
      </trkpt>
      <trkpt lat="50.06684243" lon="-121.21321165">
      </trkpt>
      <trkpt lat="50.0668387" lon="-121.21331977">
      </trkpt>
      <trkpt lat="50.066855" lon="-121.21343185">
      </trkpt>
      <trkpt lat="50.06687983" lon="-121.21361362">
      </trkpt>
      <trkpt lat="50.06690124" lon="-121.21366106">
      </trkpt>
      <trkpt lat="50.06702599" lon="-121.21381325">
      </trkpt>
      <trkpt lat="50.06716154" lon="-121.21399562">
      </trkpt>
      <trkpt lat="50.06719276" lon="-121.21423031">
      </trkpt>
      <trkpt lat="50.06720689" lon="-121.21448376">
      </trkpt>
      <trkpt lat="50.06719776" lon="-121.21464678">
      </trkpt>
      <trkpt lat="50.06713955" lon="-121.21497663">
      </trkpt>
      <trkpt lat="50.0670945" lon="-121.21508734">
      </trkpt>
      <trkpt lat="50.06696964" lon="-121.21540087">
      </trkpt>
      <trkpt lat="50.06688395" lon="-121.21569717">
      </trkpt>
      <trkpt lat="50.06685235" lon="-121.21588596">
      </trkpt>
      <trkpt lat="50.06680316" lon="-121.21609976">
      </trkpt>
      <trkpt lat="50.06672582" lon="-121.21628977">
      </trkpt>
      <trkpt lat="50.06662256" lon="-121.21654321">
      </trkpt>
      <trkpt lat="50.06651782" lon="-121.21681282">
      </trkpt>
      <trkpt lat="50.06651617" lon="-121.21683905">
      </trkpt>
      <trkpt lat="50.06652234" lon="-121.21687397">
      </trkpt>
      <trkpt lat="50.06654266" lon="-121.21691606">
      </trkpt>
      <trkpt lat="50.06660538" lon="-121.216992">
      </trkpt>
      <trkpt lat="50.06665161" lon="-121.21700817">
      </trkpt>
      <trkpt lat="50.06667262" lon="-121.21699917">
      </trkpt>
      <trkpt lat="50.06677961" lon="-121.21689884">
      </trkpt>
      <trkpt lat="50.066956" lon="-121.21672545">
      </trkpt>
      <trkpt lat="50.06715771" lon="-121.21652995">
      </trkpt>
      <trkpt lat="50.06735" lon="-121.21638675">
      </trkpt>
      <trkpt lat="50.06757389" lon="-121.21627177">
      </trkpt>
      <trkpt lat="50.06772486" lon="-121.21623486">
      </trkpt>
      <trkpt lat="50.06792235" lon="-121.2162129">
      </trkpt>
      <trkpt lat="50.06812897" lon="-121.21620513">
      </trkpt>
      <trkpt lat="50.06824184" lon="-121.21621565">
      </trkpt>
      <trkpt lat="50.06836709" lon="-121.21622481">
      </trkpt>
      <trkpt lat="50.06848841" lon="-121.21623379">
      </trkpt>
      <trkpt lat="50.06860521" lon="-121.21622938">
      </trkpt>
      <trkpt lat="50.06874007" lon="-121.21623945">
      </trkpt>
      <trkpt lat="50.06895317" lon="-121.21627451">
      </trkpt>
      <trkpt lat="50.06912111" lon="-121.21630944">
      </trkpt>
      <trkpt lat="50.06924095" lon="-121.21631919">
      </trkpt>
      <trkpt lat="50.0694082" lon="-121.21636479">
      </trkpt>
      <trkpt lat="50.06958222" lon="-121.21652232">
      </trkpt>
      <trkpt lat="50.06968392" lon="-121.21683631">
      </trkpt>
      <trkpt lat="50.0697742" lon="-121.21708807">
      </trkpt>
      <trkpt lat="50.06989141" lon="-121.21736714">
      </trkpt>
      <trkpt lat="50.0700243" lon="-121.21765505">
      </trkpt>
      <trkpt lat="50.07015425" lon="-121.21787312">
      </trkpt>
      <trkpt lat="50.07035124" lon="-121.21816485">
      </trkpt>
      <trkpt lat="50.07054283" lon="-121.2184215">
      </trkpt>
      <trkpt lat="50.07074914" lon="-121.21871261">
      </trkpt>
      <trkpt lat="50.07085867" lon="-121.21896377">
      </trkpt>
      <trkpt lat="50.07087712" lon="-121.21913579">
      </trkpt>
      <trkpt lat="50.07085161" lon="-121.21947067">
      </trkpt>
      <trkpt lat="50.07082492" lon="-121.21965518">
      </trkpt>
      <trkpt lat="50.07079203" lon="-121.21983635">
      </trkpt>
      <trkpt lat="50.07077888" lon="-121.21993563">
      </trkpt>
      <trkpt lat="50.07078152" lon="-121.21993822">
      </trkpt>
      <trkpt lat="50.07096536" lon="-121.22001249">
      </trkpt>
      <trkpt lat="50.07103514" lon="-121.22006357">
      </trkpt>
      <trkpt lat="50.07115705" lon="-121.22016803">
      </trkpt>
      <trkpt lat="50.07127119" lon="-121.22030298">
      </trkpt>
      <trkpt lat="50.07140144" lon="-121.22056955">
      </trkpt>
      <trkpt lat="50.0715677" lon="-121.22088399">
      </trkpt>
      <trkpt lat="50.07172777" lon="-121.22120424">
      </trkpt>
      <trkpt lat="50.07187059" lon="-121.22150755">
      </trkpt>
      <trkpt lat="50.07195048" lon="-121.22162588">
      </trkpt>
      <trkpt lat="50.07215786" lon="-121.22189305">
      </trkpt>
      <trkpt lat="50.07236623" lon="-121.2221613">
      </trkpt>
      <trkpt lat="50.07258843" lon="-121.2224184">
      </trkpt>
      <trkpt lat="50.0726483" lon="-121.22253644">
      </trkpt>
      <trkpt lat="50.07285822" lon="-121.22283456">
      </trkpt>
      <trkpt lat="50.07305481" lon="-121.22308587">
      </trkpt>
      <trkpt lat="50.07325738" lon="-121.22332041">
      </trkpt>
      <trkpt lat="50.0734211" lon="-121.2234726">
      </trkpt>
      <trkpt lat="50.07362778" lon="-121.22363684">
      </trkpt>
      <trkpt lat="50.07372318" lon="-121.22368976">
      </trkpt>
      <trkpt lat="50.07385606" lon="-121.22371431">
      </trkpt>
      <trkpt lat="50.07405961" lon="-121.22386315">
      </trkpt>
      <trkpt lat="50.07418219" lon="-121.22395997">
      </trkpt>
      <trkpt lat="50.07439988" lon="-121.22414922">
      </trkpt>
      <trkpt lat="50.0744095" lon="-121.2241634">
      </trkpt>
      <trkpt lat="50.07459184" lon="-121.22432429">
      </trkpt>
      <trkpt lat="50.07466023" lon="-121.22442569">
      </trkpt>
      <trkpt lat="50.07477026" lon="-121.2246767">
      </trkpt>
      <trkpt lat="50.07490481" lon="-121.22497468">
      </trkpt>
      <trkpt lat="50.07496712" lon="-121.22504163">
      </trkpt>
      <trkpt lat="50.07505752" lon="-121.22508112">
      </trkpt>
      <trkpt lat="50.0751904" lon="-121.22512032">
      </trkpt>
      <trkpt lat="50.07530914" lon="-121.22519214">
      </trkpt>
      <trkpt lat="50.07541759" lon="-121.22525238">
      </trkpt>
      <trkpt lat="50.07553251" lon="-121.22529248">
      </trkpt>
      <trkpt lat="50.07566874" lon="-121.22539205">
      </trkpt>
      <trkpt lat="50.07579258" lon="-121.22554212">
      </trkpt>
      <trkpt lat="50.07588797" lon="-121.22571871">
      </trkpt>
      <trkpt lat="50.07595422" lon="-121.22595004">
      </trkpt>
      <trkpt lat="50.07595745" lon="-121.2261617">
      </trkpt>
      <trkpt lat="50.07597109" lon="-121.22623887">
      </trkpt>
      <trkpt lat="50.07604686" lon="-121.22655286">
      </trkpt>
      <trkpt lat="50.07609652" lon="-121.22678952">
      </trkpt>
      <trkpt lat="50.07625413" lon="-121.2270477">
      </trkpt>
      <trkpt lat="50.07642607" lon="-121.22737282">
      </trkpt>
      <trkpt lat="50.07653715" lon="-121.22760538">
      </trkpt>
      <trkpt lat="50.07668524" lon="-121.22787956">
      </trkpt>
      <trkpt lat="50.07680675" lon="-121.22813392">
      </trkpt>
      <trkpt lat="50.07690782" lon="-121.22845875">
      </trkpt>
      <trkpt lat="50.07700077" lon="-121.22878372">
      </trkpt>
      <trkpt lat="50.07704766" lon="-121.22890998">
      </trkpt>
      <trkpt lat="50.07710607" lon="-121.22901809">
      </trkpt>
      <trkpt lat="50.07729546" lon="-121.22926025">
      </trkpt>
      <trkpt lat="50.07749811" lon="-121.22949189">
      </trkpt>
      <trkpt lat="50.07769742" lon="-121.22975907">
      </trkpt>
      <trkpt lat="50.07789536" lon="-121.23005247">
      </trkpt>
      <trkpt lat="50.07808908" lon="-121.23036677">
      </trkpt>
      <trkpt lat="50.07828426" lon="-121.23065635">
      </trkpt>
      <trkpt lat="50.07848514" lon="-121.23098102">
      </trkpt>
      <trkpt lat="50.07867739" lon="-121.23126603">
      </trkpt>
      <trkpt lat="50.07889613" lon="-121.23160563">
      </trkpt>
      <trkpt lat="50.07893893" lon="-121.23182874">
      </trkpt>
      <trkpt lat="50.07895216" lon="-121.23204375">
      </trkpt>
      <trkpt lat="50.07896346" lon="-121.23221775">
      </trkpt>
      <trkpt lat="50.0789827" lon="-121.23239708">
      </trkpt>
      <trkpt lat="50.07900731" lon="-121.23254684">
      </trkpt>
      <trkpt lat="50.07910005" lon="-121.23283048">
      </trkpt>
      <trkpt lat="50.07924833" lon="-121.23315911">
      </trkpt>
      <trkpt lat="50.07927806" lon="-121.23324618">
      </trkpt>
      <trkpt lat="50.07941977" lon="-121.23344183">
      </trkpt>
      <trkpt lat="50.07936991" lon="-121.23355589">
      </trkpt>
      <trkpt lat="50.07936355" lon="-121.23363764">
      </trkpt>
      <trkpt lat="50.07940936" lon="-121.23369192">
      </trkpt>
      <trkpt lat="50.07944656" lon="-121.23377443">
      </trkpt>
      <trkpt lat="50.07951976" lon="-121.23385556">
      </trkpt>
      <trkpt lat="50.07967491" lon="-121.23400363">
      </trkpt>
      <trkpt lat="50.07988461" lon="-121.23419165">
      </trkpt>
      <trkpt lat="50.08013426" lon="-121.23442293">
      </trkpt>
    </trkseg>
    <trkseg>
      <trkpt lat="49.97592581" lon="-121.16520093">
      </trkpt>
      <trkpt lat="49.9758907" lon="-121.16525689">
      </trkpt>
      <trkpt lat="49.97569274" lon="-121.16548183">
      </trkpt>
      <trkpt lat="49.97524016" lon="-121.16608921">
      </trkpt>
      <trkpt lat="49.97457779" lon="-121.16695311">
      </trkpt>
      <trkpt lat="49.97410581" lon="-121.1676221">
      </trkpt>
      <trkpt lat="49.9733979" lon="-121.16843124">
      </trkpt>
      <trkpt lat="49.97292778" lon="-121.16912463">
      </trkpt>
      <trkpt lat="49.97270729" lon="-121.16942643">
      </trkpt>
      <trkpt lat="49.97249494" lon="-121.1697433">
      </trkpt>
      <trkpt lat="49.97217274" lon="-121.17021147">
      </trkpt>
      <trkpt lat="49.97172112" lon="-121.17080589">
      </trkpt>
      <trkpt lat="49.97138169" lon="-121.17118516">
      </trkpt>
      <trkpt lat="49.97103449" lon="-121.1717047">
      </trkpt>
      <trkpt lat="49.97089896" lon="-121.17209433">
      </trkpt>
      <trkpt lat="49.9709273" lon="-121.17234031">
      </trkpt>
      <trkpt lat="49.97093948" lon="-121.17250286">
      </trkpt>
      <trkpt lat="49.97098838" lon="-121.17277781">
      </trkpt>
      <trkpt lat="49.9710103" lon="-121.1731409">
      </trkpt>
      <trkpt lat="49.97097017" lon="-121.17366793">
      </trkpt>
      <trkpt lat="49.97094283" lon="-121.1737489">
      </trkpt>
      <trkpt lat="49.97078605" lon="-121.17409522">
      </trkpt>
      <trkpt lat="49.97071641" lon="-121.17451138">
      </trkpt>
      <trkpt lat="49.97063754" lon="-121.17481256">
      </trkpt>
      <trkpt lat="49.97054724" lon="-121.17507485">
      </trkpt>
      <trkpt lat="49.97013573" lon="-121.17547912">
      </trkpt>
      <trkpt lat="49.97008291" lon="-121.17560004">
      </trkpt>
      <trkpt lat="49.97005753" lon="-121.17564121">
      </trkpt>
      <trkpt lat="49.96998868" lon="-121.17579127">
      </trkpt>
      <trkpt lat="49.96986486" lon="-121.17634377">
      </trkpt>
      <trkpt lat="49.96976246" lon="-121.17653956">
      </trkpt>
      <trkpt lat="49.96974918" lon="-121.17654704">
      </trkpt>
      <trkpt lat="49.96973305" lon="-121.1765504">
      </trkpt>
      <trkpt lat="49.96969793" lon="-121.1765141">
      </trkpt>
      <trkpt lat="49.96939125" lon="-121.17599287">
      </trkpt>
      <trkpt lat="49.96921018" lon="-121.17582086">
      </trkpt>
      <trkpt lat="49.96867747" lon="-121.17548583">
      </trkpt>
      <trkpt lat="49.96863134" lon="-121.17568254">
      </trkpt>
      <trkpt lat="49.9682498" lon="-121.17544252">
      </trkpt>
      <trkpt lat="49.96805091" lon="-121.1753803">
      </trkpt>
      <trkpt lat="49.96784436" lon="-121.1754021">
      </trkpt>
      <trkpt lat="49.96748789" lon="-121.17561072">
      </trkpt>
      <trkpt lat="49.96728183" lon="-121.17566044">
      </trkpt>
      <trkpt lat="49.96666214" lon="-121.1757257">
      </trkpt>
      <trkpt lat="49.96647319" lon="-121.17571884">
      </trkpt>
      <trkpt lat="49.96645518" lon="-121.1757196">
      </trkpt>
      <trkpt lat="49.96619294" lon="-121.17563176">
      </trkpt>
      <trkpt lat="49.96577479" lon="-121.17535483">
      </trkpt>
      <trkpt lat="49.96538369" lon="-121.17507683">
      </trkpt>
      <trkpt lat="49.96524007" lon="-121.1750962">
      </trkpt>
      <trkpt lat="49.96499052" lon="-121.17524504">
      </trkpt>
      <trkpt lat="49.96460817" lon="-121.1755244">
      </trkpt>
      <trkpt lat="49.96348204" lon="-121.1765571">
      </trkpt>
      <trkpt lat="49.96321566" lon="-121.17677625">
      </trkpt>
      <trkpt lat="49.96208693" lon="-121.1776415">
      </trkpt>
      <trkpt lat="49.96189068" lon="-121.17774657">
      </trkpt>
      <trkpt lat="49.96171154" lon="-121.17779521">
      </trkpt>
      <trkpt lat="49.96150387" lon="-121.17774718">
      </trkpt>
      <trkpt lat="49.96143137" lon="-121.17770813">
      </trkpt>
      <trkpt lat="49.96130417" lon="-121.1776293">
      </trkpt>
      <trkpt lat="49.96107653" lon="-121.17745668">
      </trkpt>
      <trkpt lat="49.96087704" lon="-121.17735268">
      </trkpt>
      <trkpt lat="49.96068767" lon="-121.17731791">
      </trkpt>
      <trkpt lat="49.96047211" lon="-121.17734002">
      </trkpt>
      <trkpt lat="49.96025697" lon="-121.17739004">
      </trkpt>
      <trkpt lat="49.9600423" lon="-121.1774678">
      </trkpt>
      <trkpt lat="49.95960561" lon="-121.17772125">
      </trkpt>
      <trkpt lat="49.95956105" lon="-121.17775084">
      </trkpt>
      <trkpt lat="49.95901032" lon="-121.17819003">
      </trkpt>
      <trkpt lat="49.95811023" lon="-121.1787259">
      </trkpt>
      <trkpt lat="49.95770086" lon="-121.17900619">
      </trkpt>
      <trkpt lat="49.95673986" lon="-121.17966985">
      </trkpt>
      <trkpt lat="49.95587545" lon="-121.18019046">
      </trkpt>
      <trkpt lat="49.95541068" lon="-121.18037528">
      </trkpt>
      <trkpt lat="49.9552146" lon="-121.18049422">
      </trkpt>
      <trkpt lat="49.9550741" lon="-121.18070864">
      </trkpt>
      <trkpt lat="49.95497807" lon="-121.18089346">
      </trkpt>
      <trkpt lat="49.95480304" lon="-121.18120684">
      </trkpt>
      <trkpt lat="49.95462674" lon="-121.1814365">
      </trkpt>
      <trkpt lat="49.9542014" lon="-121.1818429">
      </trkpt>
      <trkpt lat="49.95404308" lon="-121.18207195">
      </trkpt>
      <trkpt lat="49.95390337" lon="-121.18234201">
      </trkpt>
      <trkpt lat="49.9537913" lon="-121.18265296">
      </trkpt>
      <trkpt lat="49.95375992" lon="-121.18294696">
      </trkpt>
      <trkpt lat="49.95382722" lon="-121.18322314">
      </trkpt>
      <trkpt lat="49.95396644" lon="-121.18349671">
      </trkpt>
      <trkpt lat="49.95413242" lon="-121.18375549">
      </trkpt>
      <trkpt lat="49.95428935" lon="-121.18401443">
      </trkpt>
      <trkpt lat="49.95442857" lon="-121.184288">
      </trkpt>
      <trkpt lat="49.95447787" lon="-121.18456494">
      </trkpt>
      <trkpt lat="49.95447" lon="-121.18463494">
      </trkpt>
      <trkpt lat="49.95442129" lon="-121.18497134">
      </trkpt>
      <trkpt lat="49.95432654" lon="-121.18523989">
      </trkpt>
      <trkpt lat="49.95418664" lon="-121.18549608">
      </trkpt>
      <trkpt lat="49.95402852" lon="-121.185739">
      </trkpt>
      <trkpt lat="49.95384325" lon="-121.18596897">
      </trkpt>
      <trkpt lat="49.95367639" lon="-121.18622622">
      </trkpt>
      <trkpt lat="49.9535101" lon="-121.18652527">
      </trkpt>
      <trkpt lat="49.95323137" lon="-121.18710734">
      </trkpt>
      <trkpt lat="49.95267102" lon="-121.18866188">
      </trkpt>
      <trkpt lat="49.95254095" lon="-121.18897343">
      </trkpt>
      <trkpt lat="49.95240142" lon="-121.18925753">
      </trkpt>
      <trkpt lat="49.95240172" lon="-121.18927141">
      </trkpt>
      <trkpt lat="49.9522804" lon="-121.18956877">
      </trkpt>
      <trkpt lat="49.9522128" lon="-121.18985012">
      </trkpt>
      <trkpt lat="49.95221547" lon="-121.19001726">
      </trkpt>
      <trkpt lat="49.95221566" lon="-121.19003113">
      </trkpt>
      <trkpt lat="49.95221606" lon="-121.19005904">
      </trkpt>
      <trkpt lat="49.95221822" lon="-121.19019842">
      </trkpt>
      <trkpt lat="49.95226475" lon="-121.19029419">
      </trkpt>
      <trkpt lat="49.95242957" lon="-121.19048328">
      </trkpt>
      <trkpt lat="49.95263836" lon="-121.19060086">
      </trkpt>
      <trkpt lat="49.95290096" lon="-121.19071645">
      </trkpt>
      <trkpt lat="49.95405096" lon="-121.19120321">
      </trkpt>
      <trkpt lat="49.95406916" lon="-121.19121649">
      </trkpt>
      <trkpt lat="49.95521105" lon="-121.19118751">
      </trkpt>
      <trkpt lat="49.95565349" lon="-121.19129639">
      </trkpt>
      <trkpt lat="49.95589878" lon="-121.19145452">
      </trkpt>
      <trkpt lat="49.95613451" lon="-121.19157118">
      </trkpt>
      <trkpt lat="49.9561527" lon="-121.19158446">
      </trkpt>
      <trkpt lat="49.95641382" lon="-121.1916026">
      </trkpt>
      <trkpt lat="49.95661993" lon="-121.19155303">
      </trkpt>
      <trkpt lat="49.95701347" lon="-121.19141274">
      </trkpt>
      <trkpt lat="49.95743228" lon="-121.19116007">
      </trkpt>
      <trkpt lat="49.95767204" lon="-121.19095587">
      </trkpt>
      <trkpt lat="49.95788553" lon="-121.19080856">
      </trkpt>
      <trkpt lat="49.95824984" lon="-121.19051592">
      </trkpt>
      <trkpt lat="49.95844434" lon="-121.19029953">
      </trkpt>
      <trkpt lat="49.95871537" lon="-121.18980133">
      </trkpt>
      <trkpt lat="49.95891823" lon="-121.18954285">
      </trkpt>
      <trkpt lat="49.95912307" lon="-121.18940971">
      </trkpt>
      <trkpt lat="49.95917677" lon="-121.18939371">
      </trkpt>
      <trkpt lat="49.95931991" lon="-121.18934643">
      </trkpt>
      <trkpt lat="49.95949995" lon="-121.18935375">
      </trkpt>
      <trkpt lat="49.96012347" lon="-121.18953948">
      </trkpt>
      <trkpt lat="49.96020394" lon="-121.18950854">
      </trkpt>
      <trkpt lat="49.96060197" lon="-121.18907529">
      </trkpt>
      <trkpt lat="49.96100235" lon="-121.18879531">
      </trkpt>
      <trkpt lat="49.96161454" lon="-121.18825655">
      </trkpt>
      <trkpt lat="49.96175581" lon="-121.18808393">
      </trkpt>
      <trkpt lat="49.96189482" lon="-121.18777191">
      </trkpt>
      <trkpt lat="49.9619924" lon="-121.18768454">
      </trkpt>
      <trkpt lat="49.96206323" lon="-121.18761225">
      </trkpt>
      <trkpt lat="49.96227708" lon="-121.18747867">
      </trkpt>
      <trkpt lat="49.96251082" lon="-121.18746983">
      </trkpt>
      <trkpt lat="49.96274368" lon="-121.18740532">
      </trkpt>
      <trkpt lat="49.9631883" lon="-121.18708188">
      </trkpt>
      <trkpt lat="49.96342055" lon="-121.18697559">
      </trkpt>
      <trkpt lat="49.96362507" lon="-121.18682842">
      </trkpt>
      <trkpt lat="49.96419522" lon="-121.18647235">
      </trkpt>
      <trkpt lat="49.96475267" lon="-121.1858796">
      </trkpt>
      <trkpt lat="49.96480608" lon="-121.18584971">
      </trkpt>
      <trkpt lat="49.96500547" lon="-121.18593983">
      </trkpt>
      <trkpt lat="49.96506941" lon="-121.18600724">
      </trkpt>
      <trkpt lat="49.96517929" lon="-121.18612863">
      </trkpt>
      <trkpt lat="49.96520132" lon="-121.18696445">
      </trkpt>
      <trkpt lat="49.96516187" lon="-121.18731458">
      </trkpt>
      <trkpt lat="49.96489254" lon="-121.18792426">
      </trkpt>
      <trkpt lat="49.96490307" lon="-121.18802139">
      </trkpt>
      <trkpt lat="49.9649679" lon="-121.18814447">
      </trkpt>
    </trkseg>
    <trkseg>
      <trkpt lat="49.96710192" lon="-121.19183027">
      </trkpt>
      <trkpt lat="49.9672115" lon="-121.191722">
      </trkpt>
      <trkpt lat="49.96727524" lon="-121.19161129">
      </trkpt>
      <trkpt lat="49.9673256" lon="-121.19148747">
      </trkpt>
      <trkpt lat="49.96734586" lon="-121.19138514">
      </trkpt>
      <trkpt lat="49.96734449" lon="-121.19129715">
      </trkpt>
      <trkpt lat="49.96732599" lon="-121.19123021">
      </trkpt>
      <trkpt lat="49.96733337" lon="-121.19114862">
      </trkpt>
      <trkpt lat="49.96736653" lon="-121.19103227">
      </trkpt>
      <trkpt lat="49.96740822" lon="-121.19091561">
      </trkpt>
      <trkpt lat="49.96751898" lon="-121.19074222">
      </trkpt>
      <trkpt lat="49.96764498" lon="-121.19055953">
      </trkpt>
      <trkpt lat="49.96776045" lon="-121.19032529">
      </trkpt>
      <trkpt lat="49.96777393" lon="-121.19026506">
      </trkpt>
      <trkpt lat="49.96783186" lon="-121.19017327">
      </trkpt>
      <trkpt lat="49.96786225" lon="-121.18998157">
      </trkpt>
      <trkpt lat="49.9678899" lon="-121.18984295">
      </trkpt>
      <trkpt lat="49.96793013" lon="-121.18975634">
      </trkpt>
      <trkpt lat="49.96801255" lon="-121.189681">
      </trkpt>
      <trkpt lat="49.9680697" lon="-121.18966346">
      </trkpt>
      <trkpt lat="49.96811634" lon="-121.18962398">
      </trkpt>
      <trkpt lat="49.96828609" lon="-121.18960416">
      </trkpt>
      <trkpt lat="49.96845607" lon="-121.18957762">
      </trkpt>
      <trkpt lat="49.96854538" lon="-121.18954788">
      </trkpt>
      <trkpt lat="49.96858461" lon="-121.18955672">
      </trkpt>
      <trkpt lat="49.96862544" lon="-121.18955642">
      </trkpt>
      <trkpt lat="49.9686814" lon="-121.18952287">
      </trkpt>
      <trkpt lat="49.96869802" lon="-121.18951007">
      </trkpt>
      <trkpt lat="49.96872556" lon="-121.18948321">
      </trkpt>
      <trkpt lat="49.96879315" lon="-121.18940789">
      </trkpt>
      <trkpt lat="49.96885756" lon="-121.1893446">
      </trkpt>
      <trkpt lat="49.96890065" lon="-121.18930907">
      </trkpt>
      <trkpt lat="49.96897009" lon="-121.18928619">
      </trkpt>
      <trkpt lat="49.96915225" lon="-121.1892252">
      </trkpt>
      <trkpt lat="49.96942539" lon="-121.18912683">
      </trkpt>
      <trkpt lat="49.96956152" lon="-121.18905853">
      </trkpt>
      <trkpt lat="49.96960913" lon="-121.18898593">
      </trkpt>
      <trkpt lat="49.9696283" lon="-121.18891686">
      </trkpt>
      <trkpt lat="49.96965643" lon="-121.18876679">
      </trkpt>
      <trkpt lat="49.96967383" lon="-121.18862803">
      </trkpt>
      <trkpt lat="49.96969646" lon="-121.18860516">
      </trkpt>
      <trkpt lat="49.96970995" lon="-121.18856626">
      </trkpt>
      <trkpt lat="49.96972065" lon="-121.18848606">
      </trkpt>
      <trkpt lat="49.96982069" lon="-121.1884365">
      </trkpt>
    </trkseg>
    <trkseg>
      <trkpt lat="49.97251825" lon="-121.17403987">
      </trkpt>
      <trkpt lat="49.97260008" lon="-121.17409247">
      </trkpt>
      <trkpt lat="49.97264591" lon="-121.17414661">
      </trkpt>
      <trkpt lat="49.97269125" lon="-121.17417269">
      </trkpt>
      <trkpt lat="49.97274505" lon="-121.17415668">
      </trkpt>
      <trkpt lat="49.97280701" lon="-121.17409858">
      </trkpt>
      <trkpt lat="49.97297323" lon="-121.17379938">
      </trkpt>
      <trkpt lat="49.97311396" lon="-121.17359885">
      </trkpt>
      <trkpt lat="49.97347844" lon="-121.17332009">
      </trkpt>
      <trkpt lat="49.97388817" lon="-121.1730674">
      </trkpt>
      <trkpt lat="49.9742793" lon="-121.17277369">
      </trkpt>
      <trkpt lat="49.97448563" lon="-121.17273801">
      </trkpt>
      <trkpt lat="49.97454819" lon="-121.17270766">
      </trkpt>
      <trkpt lat="49.97491364" lon="-121.17249859">
      </trkpt>
      <trkpt lat="49.97529847" lon="-121.17237248">
      </trkpt>
      <trkpt lat="49.97575597" lon="-121.17229928">
      </trkpt>
      <trkpt lat="49.97614257" lon="-121.17228464">
      </trkpt>
      <trkpt lat="49.97632233" lon="-121.17227794">
      </trkpt>
      <trkpt lat="49.97647447" lon="-121.1722302">
      </trkpt>
      <trkpt lat="49.97694898" lon="-121.17208671">
      </trkpt>
      <trkpt lat="49.9773336" lon="-121.17194672">
      </trkpt>
      <trkpt lat="49.97755811" lon="-121.17192414">
      </trkpt>
      <trkpt lat="49.97770985" lon="-121.17184865">
      </trkpt>
      <trkpt lat="49.97774555" lon="-121.17183341">
      </trkpt>
      <trkpt lat="49.97813488" lon="-121.17142808">
      </trkpt>
      <trkpt lat="49.97833047" lon="-121.17128122">
      </trkpt>
      <trkpt lat="49.97850965" lon="-121.17123257">
      </trkpt>
      <trkpt lat="49.9786368" lon="-121.17131141">
      </trkpt>
      <trkpt lat="49.97870013" lon="-121.17133689">
      </trkpt>
      <trkpt lat="49.97878569" lon="-121.17162663">
      </trkpt>
      <trkpt lat="49.97879995" lon="-121.17196074">
      </trkpt>
      <trkpt lat="49.97878677" lon="-121.17226818">
      </trkpt>
      <trkpt lat="49.97874714" lon="-121.17260442">
      </trkpt>
      <trkpt lat="49.97868007" lon="-121.17291384">
      </trkpt>
      <trkpt lat="49.97849057" lon="-121.17345108">
      </trkpt>
      <trkpt lat="49.97813605" lon="-121.1743572">
      </trkpt>
      <trkpt lat="49.9780155" lon="-121.17469651">
      </trkpt>
      <trkpt lat="49.97792168" lon="-121.17502086">
      </trkpt>
      <trkpt lat="49.97786375" lon="-121.17534386">
      </trkpt>
      <trkpt lat="49.97779344" lon="-121.17601605">
      </trkpt>
      <trkpt lat="49.97773729" lon="-121.17702236">
      </trkpt>
      <trkpt lat="49.97764386" lon="-121.17794648">
      </trkpt>
      <trkpt lat="49.97765045" lon="-121.17836478">
      </trkpt>
      <trkpt lat="49.97776286" lon="-121.17865346">
      </trkpt>
      <trkpt lat="49.97794401" lon="-121.17873031">
      </trkpt>
      <trkpt lat="49.97820401" lon="-121.17867862">
      </trkpt>
      <trkpt lat="49.97844671" lon="-121.17866947">
      </trkpt>
      <trkpt lat="49.9786903" lon="-121.17871598">
      </trkpt>
      <trkpt lat="49.97892631" lon="-121.17884651">
      </trkpt>
      <trkpt lat="49.97919969" lon="-121.17907343">
      </trkpt>
      <trkpt lat="49.97936824" lon="-121.17892749">
      </trkpt>
      <trkpt lat="49.97953738" lon="-121.17880962">
      </trkpt>
      <trkpt lat="49.97961822" lon="-121.17880656">
      </trkpt>
      <trkpt lat="49.97973484" lon="-121.17878811">
      </trkpt>
      <trkpt lat="49.98016831" lon="-121.1788973">
      </trkpt>
      <trkpt lat="49.98056391" lon="-121.17888236">
      </trkpt>
      <trkpt lat="49.98076166" lon="-121.17887488">
      </trkpt>
      <trkpt lat="49.98102196" lon="-121.17883722">
      </trkpt>
      <trkpt lat="49.98109403" lon="-121.17884851">
      </trkpt>
      <trkpt lat="49.98133023" lon="-121.17899291">
      </trkpt>
      <trkpt lat="49.98150212" lon="-121.1790562">
      </trkpt>
      <trkpt lat="49.98173841" lon="-121.17921464">
      </trkpt>
      <trkpt lat="49.98223263" lon="-121.17975401">
      </trkpt>
      <trkpt lat="49.98240559" lon="-121.179887">
      </trkpt>
      <trkpt lat="49.98262241" lon="-121.17994845">
      </trkpt>
      <trkpt lat="49.98281958" lon="-121.17989919">
      </trkpt>
      <trkpt lat="49.98308771" lon="-121.17979152">
      </trkpt>
      <trkpt lat="49.98329401" lon="-121.17975584">
      </trkpt>
      <trkpt lat="49.98349314" lon="-121.17983194">
      </trkpt>
      <trkpt lat="49.98368429" lon="-121.17997818">
      </trkpt>
      <trkpt lat="49.9838768" lon="-121.18020815">
      </trkpt>
      <trkpt lat="49.98400659" lon="-121.18045428">
      </trkpt>
      <trkpt lat="49.98402891" lon="-121.18073243">
      </trkpt>
      <trkpt lat="49.98398005" lon="-121.1810551">
      </trkpt>
      <trkpt lat="49.98398024" lon="-121.18106914">
      </trkpt>
      <trkpt lat="49.98381141" lon="-121.1817729">
      </trkpt>
      <trkpt lat="49.98375438" lon="-121.1821517">
      </trkpt>
      <trkpt lat="49.98370149" lon="-121.18279539">
      </trkpt>
      <trkpt lat="49.98367149" lon="-121.18317327">
      </trkpt>
      <trkpt lat="49.98359204" lon="-121.18384577">
      </trkpt>
      <trkpt lat="49.98354022" lon="-121.18455914">
      </trkpt>
      <trkpt lat="49.9835237" lon="-121.18522936">
      </trkpt>
      <trkpt lat="49.98353422" lon="-121.18589866">
      </trkpt>
      <trkpt lat="49.98352164" lon="-121.18624788">
      </trkpt>
      <trkpt lat="49.98348171" lon="-121.1865701">
      </trkpt>
      <trkpt lat="49.9834065" lon="-121.18693563">
      </trkpt>
      <trkpt lat="49.98297857" lon="-121.18833279">
      </trkpt>
      <trkpt lat="49.98287483" lon="-121.1886018">
      </trkpt>
      <trkpt lat="49.98279016" lon="-121.18893972">
      </trkpt>
      <trkpt lat="49.98274129" lon="-121.1892624">
      </trkpt>
      <trkpt lat="49.98272762" lon="-121.18954193">
      </trkpt>
      <trkpt lat="49.98268702" lon="-121.18982237">
      </trkpt>
      <trkpt lat="49.98261987" lon="-121.19013179">
      </trkpt>
      <trkpt lat="49.9825346" lon="-121.19042792">
      </trkpt>
      <trkpt lat="49.98240363" lon="-121.19068397">
      </trkpt>
      <trkpt lat="49.98197865" lon="-121.19169029">
      </trkpt>
      <trkpt lat="49.98188492" lon="-121.19202867">
      </trkpt>
      <trkpt lat="49.98176388" lon="-121.19234006">
      </trkpt>
      <trkpt lat="49.9814678" lon="-121.19296499">
      </trkpt>
      <trkpt lat="49.98112402" lon="-121.19399602">
      </trkpt>
      <trkpt lat="49.98103012" lon="-121.19432037">
      </trkpt>
      <trkpt lat="49.98096276" lon="-121.19461591">
      </trkpt>
      <trkpt lat="49.98085656" lon="-121.19530336">
      </trkpt>
      <trkpt lat="49.98086649" lon="-121.19594461">
      </trkpt>
      <trkpt lat="49.98089363" lon="-121.19652957">
      </trkpt>
      <trkpt lat="49.98095272" lon="-121.19686202">
      </trkpt>
      <trkpt lat="49.9811609" lon="-121.19752384">
      </trkpt>
      <trkpt lat="49.98125648" lon="-121.19788297">
      </trkpt>
      <trkpt lat="49.98131686" lon="-121.19829913">
      </trkpt>
      <trkpt lat="49.98129995" lon="-121.19836958">
      </trkpt>
      <trkpt lat="49.98116002" lon="-121.19862577">
      </trkpt>
      <trkpt lat="49.98104309" lon="-121.19920221">
      </trkpt>
      <trkpt lat="49.98090464" lon="-121.199556">
      </trkpt>
      <trkpt lat="49.98082803" lon="-121.19983781">
      </trkpt>
      <trkpt lat="49.98081269" lon="-121.20000585">
      </trkpt>
      <trkpt lat="49.98080562" lon="-121.20013167">
      </trkpt>
      <trkpt lat="49.98074683" lon="-121.20039884">
      </trkpt>
      <trkpt lat="49.9805885" lon="-121.20062789">
      </trkpt>
      <trkpt lat="49.98013094" lon="-121.20128666">
      </trkpt>
      <trkpt lat="49.97996386" lon="-121.20153004">
      </trkpt>
      <trkpt lat="49.97979798" lon="-121.20185699">
      </trkpt>
      <trkpt lat="49.97960327" lon="-121.20205951">
      </trkpt>
      <trkpt lat="49.97938948" lon="-121.20219309">
      </trkpt>
      <trkpt lat="49.97855754" lon="-121.20248909">
      </trkpt>
      <trkpt lat="49.97834326" lon="-121.20259477">
      </trkpt>
      <trkpt lat="49.97814854" lon="-121.20279728">
      </trkpt>
      <trkpt lat="49.9778493" lon="-121.20322687">
      </trkpt>
      <trkpt lat="49.97768182" lon="-121.20344234">
      </trkpt>
      <trkpt lat="49.97739201" lon="-121.20389952">
      </trkpt>
      <trkpt lat="49.97733871" lon="-121.20394329">
      </trkpt>
      <trkpt lat="49.9772861" lon="-121.20402899">
      </trkpt>
      <trkpt lat="49.97725168" lon="-121.20412781">
      </trkpt>
      <trkpt lat="49.97725336" lon="-121.20423943">
      </trkpt>
      <trkpt lat="49.97728167" lon="-121.20432209">
      </trkpt>
      <trkpt lat="49.9773277" lon="-121.2043901">
      </trkpt>
      <trkpt lat="49.97733792" lon="-121.20447336">
      </trkpt>
      <trkpt lat="49.97713593" lon="-121.20478766">
      </trkpt>
      <trkpt lat="49.97694141" lon="-121.2050042">
      </trkpt>
      <trkpt lat="49.97657803" lon="-121.20535249">
      </trkpt>
      <trkpt lat="49.97641959" lon="-121.20558154">
      </trkpt>
      <trkpt lat="49.97626215" lon="-121.20586625">
      </trkpt>
      <trkpt lat="49.97593732" lon="-121.20638046">
      </trkpt>
      <trkpt lat="49.97559961" lon="-121.20722986">
      </trkpt>
      <trkpt lat="49.97534843" lon="-121.20785296">
      </trkpt>
      <trkpt lat="49.97529917" lon="-121.20816161">
      </trkpt>
      <trkpt lat="49.97529945" lon="-121.20876137">
      </trkpt>
      <trkpt lat="49.97535837" lon="-121.20907994">
      </trkpt>
      <trkpt lat="49.97539612" lon="-121.20977593">
      </trkpt>
      <trkpt lat="49.97550843" lon="-121.2100646">
      </trkpt>
      <trkpt lat="49.97574073" lon="-121.2105442">
      </trkpt>
      <trkpt lat="49.97583475" lon="-121.21080573">
      </trkpt>
      <trkpt lat="49.97595503" lon="-121.2110244">
      </trkpt>
      <trkpt lat="49.97626668" lon="-121.21140336">
      </trkpt>
      <trkpt lat="49.97641399" lon="-121.21162112">
      </trkpt>
      <trkpt lat="49.97645167" lon="-121.21173122">
      </trkpt>
      <trkpt lat="49.97643819" lon="-121.21202462">
      </trkpt>
      <trkpt lat="49.97632735" lon="-121.21241928">
      </trkpt>
      <trkpt lat="49.976307" lon="-121.21285252">
      </trkpt>
      <trkpt lat="49.97630769" lon="-121.2128943">
      </trkpt>
      <trkpt lat="49.97633444" lon="-121.21346509">
      </trkpt>
      <trkpt lat="49.97639826" lon="-121.21410435">
      </trkpt>
      <trkpt lat="49.97638911" lon="-121.21467651">
      </trkpt>
      <trkpt lat="49.97638183" lon="-121.21478845">
      </trkpt>
      <trkpt lat="49.97635961" lon="-121.21509603">
      </trkpt>
      <trkpt lat="49.97635578" lon="-121.21543106">
      </trkpt>
      <trkpt lat="49.97632539" lon="-121.21579477">
      </trkpt>
      <trkpt lat="49.97630887" lon="-121.21589297">
      </trkpt>
      <trkpt lat="49.97625861" lon="-121.21613193">
      </trkpt>
      <trkpt lat="49.9761282" lon="-121.21642961">
      </trkpt>
      <trkpt lat="49.97595227" lon="-121.21668716">
      </trkpt>
      <trkpt lat="49.9757665" lon="-121.21688937">
      </trkpt>
      <trkpt lat="49.97574899" lon="-121.2169179">
      </trkpt>
      <trkpt lat="49.97562636" lon="-121.2171317">
      </trkpt>
      <trkpt lat="49.97551375" lon="-121.21741473">
      </trkpt>
      <trkpt lat="49.97545572" lon="-121.2177377">
      </trkpt>
      <trkpt lat="49.97545022" lon="-121.21796111">
      </trkpt>
      <trkpt lat="49.97545149" lon="-121.21804468">
      </trkpt>
      <trkpt lat="49.97547136" lon="-121.21816958">
      </trkpt>
      <trkpt lat="49.97561947" lon="-121.218443">
      </trkpt>
      <trkpt lat="49.97595079" lon="-121.21893281">
      </trkpt>
      <trkpt lat="49.97621112" lon="-121.21948119">
      </trkpt>
      <trkpt lat="49.97623934" lon="-121.21956384">
      </trkpt>
      <trkpt lat="49.97631497" lon="-121.21979808">
      </trkpt>
      <trkpt lat="49.97633739" lon="-121.22009025">
      </trkpt>
      <trkpt lat="49.97627877" lon="-121.22037131">
      </trkpt>
      <trkpt lat="49.97623571" lon="-121.22049848">
      </trkpt>
      <trkpt lat="49.97616489" lon="-121.22057077">
      </trkpt>
      <trkpt lat="49.97610214" lon="-121.22058709">
      </trkpt>
      <trkpt lat="49.97589416" lon="-121.22051099">
      </trkpt>
      <trkpt lat="49.9758492" lon="-121.22051267">
      </trkpt>
    </trkseg>
    <trkseg>
      <trkpt lat="49.95984162" lon="-121.21779855">
      </trkpt>
      <trkpt lat="49.96023158" lon="-121.21742158">
      </trkpt>
      <trkpt lat="49.96044437" lon="-121.21721846">
      </trkpt>
      <trkpt lat="49.96058564" lon="-121.21704599">
      </trkpt>
      <trkpt lat="49.96083" lon="-121.21656289">
      </trkpt>
      <trkpt lat="49.96099852" lon="-121.21640323">
      </trkpt>
      <trkpt lat="49.96114835" lon="-121.21620254">
      </trkpt>
      <trkpt lat="49.96128784" lon="-121.21591843">
      </trkpt>
      <trkpt lat="49.96154087" lon="-121.21540712">
      </trkpt>
      <trkpt lat="49.96202604" lon="-121.21420409">
      </trkpt>
      <trkpt lat="49.96218353" lon="-121.21391937">
      </trkpt>
      <trkpt lat="49.96251771" lon="-121.21341889">
      </trkpt>
      <trkpt lat="49.96265789" lon="-121.21317673">
      </trkpt>
      <trkpt lat="49.96277938" lon="-121.2128934">
      </trkpt>
      <trkpt lat="49.96287332" lon="-121.21256919">
      </trkpt>
      <trkpt lat="49.96297927" lon="-121.21185414">
      </trkpt>
      <trkpt lat="49.9629653" lon="-121.2115339">
      </trkpt>
      <trkpt lat="49.96292487" lon="-121.21124263">
      </trkpt>
      <trkpt lat="49.96298369" lon="-121.21097545">
      </trkpt>
      <trkpt lat="49.96307813" lon="-121.21067916">
      </trkpt>
      <trkpt lat="49.96307704" lon="-121.21060946">
      </trkpt>
      <trkpt lat="49.96307616" lon="-121.21055365">
      </trkpt>
      <trkpt lat="49.96298064" lon="-121.21019468">
      </trkpt>
      <trkpt lat="49.9630196" lon="-121.20980277">
      </trkpt>
      <trkpt lat="49.96304458" lon="-121.20967635">
      </trkpt>
      <trkpt lat="49.96339105" lon="-121.20881292">
      </trkpt>
      <trkpt lat="49.96353065" lon="-121.20852898">
      </trkpt>
      <trkpt lat="49.96385929" lon="-121.20768004">
      </trkpt>
      <trkpt lat="49.96394486" lon="-121.20739806">
      </trkpt>
      <trkpt lat="49.96426368" lon="-121.20649377">
      </trkpt>
      <trkpt lat="49.96432338" lon="-121.20628242">
      </trkpt>
      <trkpt lat="49.96443376" lon="-121.20585985">
      </trkpt>
      <trkpt lat="49.96453695" lon="-121.20554936">
      </trkpt>
      <trkpt lat="49.96467624" lon="-121.20525124">
      </trkpt>
      <trkpt lat="49.96495462" lon="-121.20464126">
      </trkpt>
      <trkpt lat="49.9650944" lon="-121.20437119">
      </trkpt>
      <trkpt lat="49.96521746" lon="-121.20418529">
      </trkpt>
      <trkpt lat="49.96545432" lon="-121.20379994">
      </trkpt>
      <trkpt lat="49.96574302" lon="-121.20327337">
      </trkpt>
      <trkpt lat="49.96591034" lon="-121.20304402">
      </trkpt>
      <trkpt lat="49.96643099" lon="-121.20239699">
      </trkpt>
      <trkpt lat="49.96661718" lon="-121.20222284">
      </trkpt>
      <trkpt lat="49.96678519" lon="-121.20203527">
      </trkpt>
      <trkpt lat="49.96690677" lon="-121.20175177">
      </trkpt>
      <trkpt lat="49.96708579" lon="-121.20111754">
      </trkpt>
      <trkpt lat="49.96736818" lon="-121.20018672">
      </trkpt>
      <trkpt lat="49.96741029" lon="-121.20000388">
      </trkpt>
      <trkpt lat="49.96750225" lon="-121.19955417">
      </trkpt>
      <trkpt lat="49.96755105" lon="-121.19921761">
      </trkpt>
      <trkpt lat="49.9675535" lon="-121.19879915">
      </trkpt>
      <trkpt lat="49.96753354" lon="-121.19808869">
      </trkpt>
      <trkpt lat="49.9675712" lon="-121.19704149">
      </trkpt>
      <trkpt lat="49.96763573" lon="-121.19656495">
      </trkpt>
      <trkpt lat="49.96770773" lon="-121.1959905">
      </trkpt>
      <trkpt lat="49.96785891" lon="-121.19530153">
      </trkpt>
      <trkpt lat="49.96791537" lon="-121.19488095">
      </trkpt>
      <trkpt lat="49.96798168" lon="-121.19451587">
      </trkpt>
      <trkpt lat="49.96815911" lon="-121.1937842">
      </trkpt>
      <trkpt lat="49.96828895" lon="-121.19345847">
      </trkpt>
      <trkpt lat="49.96883484" lon="-121.19269904">
      </trkpt>
      <trkpt lat="49.9693351" lon="-121.1918992">
      </trkpt>
      <trkpt lat="49.96975105" lon="-121.19146536">
      </trkpt>
      <trkpt lat="49.96993616" lon="-121.19122136">
      </trkpt>
      <trkpt lat="49.97001159" lon="-121.19086986">
      </trkpt>
      <trkpt lat="49.96991108" lon="-121.19019019">
      </trkpt>
      <trkpt lat="49.9699096" lon="-121.19009275">
      </trkpt>
      <trkpt lat="49.96991697" lon="-121.18999485">
      </trkpt>
      <trkpt lat="49.96992673" lon="-121.18946446">
      </trkpt>
      <trkpt lat="49.96990675" lon="-121.18933973">
      </trkpt>
      <trkpt lat="49.96987586" lon="-121.18908978">
      </trkpt>
      <trkpt lat="49.9698075" lon="-121.18874376">
      </trkpt>
      <trkpt lat="49.96981351" lon="-121.18854827">
      </trkpt>
      <trkpt lat="49.96982069" lon="-121.1884365">
      </trkpt>
      <trkpt lat="49.97009923" lon="-121.18784024">
      </trkpt>
      <trkpt lat="49.97022051" lon="-121.18754287">
      </trkpt>
      <trkpt lat="49.97038939" lon="-121.18683926">
      </trkpt>
      <trkpt lat="49.97059603" lon="-121.18624574">
      </trkpt>
      <trkpt lat="49.97074474" lon="-121.18597507">
      </trkpt>
      <trkpt lat="49.97110787" lon="-121.18561273">
      </trkpt>
      <trkpt lat="49.97126642" lon="-121.18539772">
      </trkpt>
      <trkpt lat="49.97133419" lon="-121.18513009">
      </trkpt>
      <trkpt lat="49.97133388" lon="-121.18511621">
      </trkpt>
      <trkpt lat="49.97134185" lon="-121.18447436">
      </trkpt>
      <trkpt lat="49.9713277" lon="-121.18414024">
      </trkpt>
      <trkpt lat="49.97140884" lon="-121.18357921">
      </trkpt>
      <trkpt lat="49.97142594" lon="-121.18352279">
      </trkpt>
      <trkpt lat="49.97150287" lon="-121.18326889">
      </trkpt>
      <trkpt lat="49.97186647" lon="-121.1823626">
      </trkpt>
      <trkpt lat="49.97193297" lon="-121.18201141">
      </trkpt>
      <trkpt lat="49.97195529" lon="-121.1817177">
      </trkpt>
      <trkpt lat="49.97202197" lon="-121.18138053">
      </trkpt>
      <trkpt lat="49.97221887" lon="-121.18074554">
      </trkpt>
      <trkpt lat="49.97229499" lon="-121.18043583">
      </trkpt>
      <trkpt lat="49.97232991" lon="-121.1797929">
      </trkpt>
      <trkpt lat="49.97236934" lon="-121.17944278">
      </trkpt>
      <trkpt lat="49.97236364" lon="-121.17908045">
      </trkpt>
      <trkpt lat="49.97236326" lon="-121.17848068">
      </trkpt>
      <trkpt lat="49.97233079" lon="-121.1781333">
      </trkpt>
      <trkpt lat="49.97212317" lon="-121.17751355">
      </trkpt>
      <trkpt lat="49.97202777" lon="-121.17716846">
      </trkpt>
      <trkpt lat="49.97200525" lon="-121.17687643">
      </trkpt>
      <trkpt lat="49.97202757" lon="-121.17658273">
      </trkpt>
      <trkpt lat="49.97210389" lon="-121.17628689">
      </trkpt>
      <trkpt lat="49.97210301" lon="-121.17623122">
      </trkpt>
      <trkpt lat="49.9721394" lon="-121.1756859">
      </trkpt>
      <trkpt lat="49.97220589" lon="-121.17533471">
      </trkpt>
      <trkpt lat="49.97229115" lon="-121.17503855">
      </trkpt>
      <trkpt lat="49.97242049" lon="-121.17468507">
      </trkpt>
      <trkpt lat="49.97247842" lon="-121.17436208">
      </trkpt>
      <trkpt lat="49.97251825" lon="-121.17403987">
      </trkpt>
      <trkpt lat="49.97260362" lon="-121.17374372">
      </trkpt>
      <trkpt lat="49.97274347" lon="-121.17348738">
      </trkpt>
      <trkpt lat="49.9728917" lon="-121.17318894">
      </trkpt>
      <trkpt lat="49.97300411" lon="-121.1729056">
      </trkpt>
      <trkpt lat="49.97310629" lon="-121.17253916">
      </trkpt>
      <trkpt lat="49.973183" lon="-121.17227138">
      </trkpt>
      <trkpt lat="49.97330447" lon="-121.17198774">
      </trkpt>
      <trkpt lat="49.97347136" lon="-121.17173033">
      </trkpt>
      <trkpt lat="49.97367436" lon="-121.17148557">
      </trkpt>
      <trkpt lat="49.97382326" lon="-121.17122891">
      </trkpt>
      <trkpt lat="49.9739458" lon="-121.17101512">
      </trkpt>
      <trkpt lat="49.97403088" lon="-121.17070495">
      </trkpt>
      <trkpt lat="49.97410582" lon="-121.17032554">
      </trkpt>
      <trkpt lat="49.97414546" lon="-121.16998928">
      </trkpt>
      <trkpt lat="49.97421233" lon="-121.16966599">
      </trkpt>
      <trkpt lat="49.97433252" lon="-121.16929879">
      </trkpt>
      <trkpt lat="49.97460188" lon="-121.16870283">
      </trkpt>
      <trkpt lat="49.97472314" lon="-121.16840531">
      </trkpt>
      <trkpt lat="49.97508791" lon="-121.1675826">
      </trkpt>
      <trkpt lat="49.97530427" lon="-121.16704429">
      </trkpt>
      <trkpt lat="49.97578194" lon="-121.16596614">
      </trkpt>
      <trkpt lat="49.9760154" lon="-121.16537143">
      </trkpt>
      <trkpt lat="49.9760152" lon="-121.16535754">
      </trkpt>
      <trkpt lat="49.97592581" lon="-121.16520093">
      </trkpt>
      <trkpt lat="49.97626421" lon="-121.16473642">
      </trkpt>
      <trkpt lat="49.97696658" lon="-121.16391341">
      </trkpt>
      <trkpt lat="49.97798717" lon="-121.16310137">
      </trkpt>
      <trkpt lat="49.97837266" lon="-121.16276238">
      </trkpt>
      <trkpt lat="49.97897646" lon="-121.16236101">
      </trkpt>
      <trkpt lat="49.97922201" lon="-121.16231846">
      </trkpt>
      <trkpt lat="49.97977722" lon="-121.16247157">
      </trkpt>
      <trkpt lat="49.97982521" lon="-121.16248834">
      </trkpt>
      <trkpt lat="49.98004775" lon="-121.1626166">
      </trkpt>
      <trkpt lat="49.9802099" lon="-121.16290709">
      </trkpt>
      <trkpt lat="49.98030824" lon="-121.16319424">
      </trkpt>
      <trkpt lat="49.98041061" lon="-121.16343244">
      </trkpt>
      <trkpt lat="49.98052586" lon="-121.16362519">
      </trkpt>
      <trkpt lat="49.98067042" lon="-121.1637414">
      </trkpt>
      <trkpt lat="49.98084318" lon="-121.16379538">
      </trkpt>
      <trkpt lat="49.98164224" lon="-121.16390091">
      </trkpt>
      <trkpt lat="49.98180085" lon="-121.1638724">
      </trkpt>
      <trkpt lat="49.98198051" lon="-121.16372447">
      </trkpt>
      <trkpt lat="49.98222555" lon="-121.16318128">
      </trkpt>
      <trkpt lat="49.98227206" lon="-121.16302772">
      </trkpt>
      <trkpt lat="49.98241572" lon="-121.16259448">
      </trkpt>
      <trkpt lat="49.98243263" lon="-121.16230428">
      </trkpt>
      <trkpt lat="49.98240362" lon="-121.16210527">
      </trkpt>
      <trkpt lat="49.98227088" lon="-121.16184436">
      </trkpt>
      <trkpt lat="49.98211168" lon="-121.16169674">
      </trkpt>
      <trkpt lat="49.9817574" lon="-121.16127051">
      </trkpt>
      <trkpt lat="49.98171097" lon="-121.16121577">
      </trkpt>
      <trkpt lat="49.98166418" lon="-121.16115828">
      </trkpt>
      <trkpt lat="49.98159465" lon="-121.16109773">
      </trkpt>
      <trkpt lat="49.98142601" lon="-121.16090438">
      </trkpt>
      <trkpt lat="49.98108351" lon="-121.16045238">
      </trkpt>
      <trkpt lat="49.98094171" lon="-121.16033008">
      </trkpt>
      <trkpt lat="49.98088783" lon="-121.16028509">
      </trkpt>
      <trkpt lat="49.98071221" lon="-121.16019222">
      </trkpt>
      <trkpt lat="49.98045889" lon="-121.15995417">
      </trkpt>
      <trkpt lat="49.98025868" lon="-121.15965865">
      </trkpt>
      <trkpt lat="49.98008276" lon="-121.15943614">
      </trkpt>
      <trkpt lat="49.97995452" lon="-121.15934282">
      </trkpt>
      <trkpt lat="49.97965323" lon="-121.1592681">
      </trkpt>
      <trkpt lat="49.9794652" lon="-121.15913116">
      </trkpt>
      <trkpt lat="49.97925496" lon="-121.15886749">
      </trkpt>
      <trkpt lat="49.97890743" lon="-121.15860779">
      </trkpt>
      <trkpt lat="49.97858833" lon="-121.1582996">
      </trkpt>
      <trkpt lat="49.97851644" lon="-121.1582473">
      </trkpt>
      <trkpt lat="49.97840295" lon="-121.15814132">
      </trkpt>
      <trkpt lat="49.9780747" lon="-121.15774269">
      </trkpt>
      <trkpt lat="49.97791716" lon="-121.15746392">
      </trkpt>
      <trkpt lat="49.97777554" lon="-121.15705052">
      </trkpt>
      <trkpt lat="49.97773827" lon="-121.15658738">
      </trkpt>
      <trkpt lat="49.97772048" lon="-121.1560323">
      </trkpt>
      <trkpt lat="49.9776358" lon="-121.15513516">
      </trkpt>
      <trkpt lat="49.97753677" lon="-121.1545165">
      </trkpt>
      <trkpt lat="49.97749389" lon="-121.15418299">
      </trkpt>
      <trkpt lat="49.97746842" lon="-121.15380648">
      </trkpt>
      <trkpt lat="49.97750413" lon="-121.1531079">
      </trkpt>
      <trkpt lat="49.97757738" lon="-121.15240702">
      </trkpt>
      <trkpt lat="49.97773532" lon="-121.15174778">
      </trkpt>
      <trkpt lat="49.97784064" lon="-121.15138485">
      </trkpt>
      <trkpt lat="49.97792197" lon="-121.15113186">
      </trkpt>
      <trkpt lat="49.97805031" lon="-121.15081665">
      </trkpt>
      <trkpt lat="49.97820656" lon="-121.15050511">
      </trkpt>
      <trkpt lat="49.97870643" lon="-121.14923421">
      </trkpt>
      <trkpt lat="49.97899308" lon="-121.14861004">
      </trkpt>
      <trkpt lat="49.97911335" lon="-121.14830018">
      </trkpt>
      <trkpt lat="49.97958931" lon="-121.14721974">
      </trkpt>
      <trkpt lat="49.97974566" lon="-121.14694907">
      </trkpt>
      <trkpt lat="49.98044444" lon="-121.14619209">
      </trkpt>
      <trkpt lat="49.98092677" lon="-121.145766">
      </trkpt>
      <trkpt lat="49.98147232" lon="-121.1452463">
      </trkpt>
      <trkpt lat="49.98183173" lon="-121.14487849">
      </trkpt>
      <trkpt lat="49.98251789" lon="-121.14435603">
      </trkpt>
      <trkpt lat="49.98274955" lon="-121.14420186">
      </trkpt>
      <trkpt lat="49.98325153" lon="-121.14395437">
      </trkpt>
      <trkpt lat="49.98376255" lon="-121.1437668">
      </trkpt>
      <trkpt lat="49.98398172" lon="-121.1436663">
      </trkpt>
      <trkpt lat="49.98443049" lon="-121.14334346">
      </trkpt>
      <trkpt lat="49.98461907" lon="-121.14311946">
      </trkpt>
      <trkpt lat="49.98503509" lon="-121.14273334">
      </trkpt>
      <trkpt lat="49.9852053" lon="-121.14258587">
      </trkpt>
      <trkpt lat="49.98594558" lon="-121.1419402">
      </trkpt>
      <trkpt lat="49.98707285" lon="-121.14111688">
      </trkpt>
      <trkpt lat="49.98713804" lon="-121.14105574">
      </trkpt>
      <trkpt lat="49.98719337" lon="-121.14102087">
      </trkpt>
      <trkpt lat="49.98719345" lon="-121.14102083">
      </trkpt>
      <trkpt lat="49.98763082" lon="-121.14074525">
      </trkpt>
      <trkpt lat="49.98812381" lon="-121.14058132">
      </trkpt>
      <trkpt lat="49.98837422" lon="-121.14054167">
      </trkpt>
      <trkpt lat="49.9886623" lon="-121.14056134">
      </trkpt>
      <trkpt lat="49.98890545" lon="-121.14067678">
      </trkpt>
      <trkpt lat="49.98893023" lon="-121.14069478">
      </trkpt>
      <trkpt lat="49.98915241" lon="-121.1408424">
      </trkpt>
      <trkpt lat="49.99031598" lon="-121.14183483">
      </trkpt>
      <trkpt lat="49.99093556" lon="-121.14235469">
      </trkpt>
      <trkpt lat="49.99106415" lon="-121.14245473">
      </trkpt>
      <trkpt lat="49.99131387" lon="-121.14261546">
      </trkpt>
      <trkpt lat="49.99155434" lon="-121.14283597">
      </trkpt>
      <trkpt lat="49.99175402" lon="-121.14313073">
      </trkpt>
      <trkpt lat="49.99192802" lon="-121.14334057">
      </trkpt>
      <trkpt lat="49.99214579" lon="-121.14342475">
      </trkpt>
      <trkpt lat="49.99297709" lon="-121.14340644">
      </trkpt>
      <trkpt lat="49.9935411" lon="-121.14344106">
      </trkpt>
      <trkpt lat="49.99381618" lon="-121.14347171">
      </trkpt>
      <trkpt lat="49.99396333" lon="-121.14346608">
      </trkpt>
      <trkpt lat="49.99461874" lon="-121.14345479">
      </trkpt>
      <trkpt lat="49.99574178" lon="-121.14338357">
      </trkpt>
      <trkpt lat="49.99653243" lon="-121.14336725">
      </trkpt>
      <trkpt lat="49.99678712" lon="-121.14339959">
      </trkpt>
      <trkpt lat="49.99755957" lon="-121.14342566">
      </trkpt>
      <trkpt lat="49.99809019" lon="-121.14347476">
      </trkpt>
      <trkpt lat="49.99834656" lon="-121.14347828">
      </trkpt>
      <trkpt lat="49.99903111" lon="-121.14332731">
      </trkpt>
      <trkpt lat="49.99921217" lon="-121.14330626">
      </trkpt>
      <trkpt lat="49.99940276" lon="-121.14327058">
      </trkpt>
      <trkpt lat="49.99997818" lon="-121.14323474">
      </trkpt>
      <trkpt lat="50.00017193" lon="-121.14315848">
      </trkpt>
      <trkpt lat="50.00032891" lon="-121.14313806">
      </trkpt>
      <trkpt lat="50.00054436" lon="-121.14307614">
      </trkpt>
      <trkpt lat="50.00069436" lon="-121.14302643">
      </trkpt>
      <trkpt lat="50.00086834" lon="-121.14300462">
      </trkpt>
      <trkpt lat="50.00107947" lon="-121.14299654">
      </trkpt>
      <trkpt lat="50.00114258" lon="-121.14300813">
      </trkpt>
      <trkpt lat="50.00132786" lon="-121.14300096">
      </trkpt>
      <trkpt lat="50.00153437" lon="-121.14297901">
      </trkpt>
      <trkpt lat="50.00163522" lon="-121.14297519">
      </trkpt>
      <trkpt lat="50.00181971" lon="-121.14308148">
      </trkpt>
      <trkpt lat="50.00198525" lon="-121.14331144">
      </trkpt>
      <trkpt lat="50.00203753" lon="-121.14335933">
      </trkpt>
      <trkpt lat="50.00218674" lon="-121.14345022">
      </trkpt>
      <trkpt lat="50.00237859" lon="-121.14349917">
      </trkpt>
      <trkpt lat="50.00260771" lon="-121.14365166">
      </trkpt>
      <trkpt lat="50.00279908" lon="-121.14375627">
      </trkpt>
      <trkpt lat="50.00297492" lon="-121.14387736">
      </trkpt>
      <trkpt lat="50.00310544" lon="-121.14396">
      </trkpt>
      <trkpt lat="50.00331196" lon="-121.14401857">
      </trkpt>
      <trkpt lat="50.00347904" lon="-121.14407986">
      </trkpt>
      <trkpt lat="50.00362117" lon="-121.14410381">
      </trkpt>
      <trkpt lat="50.00378049" lon="-121.14418951">
      </trkpt>
      <trkpt lat="50.00395052" lon="-121.14427932">
      </trkpt>
      <trkpt lat="50.00404734" lon="-121.14432523">
      </trkpt>
      <trkpt lat="50.00420607" lon="-121.14448077">
      </trkpt>
      <trkpt lat="50.00438505" lon="-121.14453674">
      </trkpt>
      <trkpt lat="50.00448992" lon="-121.14458111">
      </trkpt>
      <trkpt lat="50.00467529" lon="-121.14470875">
      </trkpt>
      <trkpt lat="50.00489525" lon="-121.14488275">
      </trkpt>
      <trkpt lat="50.00494066" lon="-121.14491585">
      </trkpt>
      <trkpt lat="50.00516061" lon="-121.14502931">
      </trkpt>
      <trkpt lat="50.00537035" lon="-121.14514215">
      </trkpt>
      <trkpt lat="50.00544829" lon="-121.14516594">
      </trkpt>
      <trkpt lat="50.00566353" lon="-121.14526307">
      </trkpt>
      <trkpt lat="50.00573715" lon="-121.14531676">
      </trkpt>
      <trkpt lat="50.00591337" lon="-121.14540032">
      </trkpt>
      <trkpt lat="50.00599515" lon="-121.14542884">
      </trkpt>
      <trkpt lat="50.00617579" lon="-121.14556029">
      </trkpt>
      <trkpt lat="50.00625275" lon="-121.1456248">
      </trkpt>
      <trkpt lat="50.00636507" lon="-121.14576021">
      </trkpt>
      <trkpt lat="50.00654779" lon="-121.14600283">
      </trkpt>
      <trkpt lat="50.00675997" lon="-121.14624774">
      </trkpt>
      <trkpt lat="50.00694297" lon="-121.14650438">
      </trkpt>
      <trkpt lat="50.00705905" lon="-121.14663249">
      </trkpt>
      <trkpt lat="50.00720597" lon="-121.1468902">
      </trkpt>
      <trkpt lat="50.00725344" lon="-121.14693991">
      </trkpt>
      <trkpt lat="50.00741688" lon="-121.14709532">
      </trkpt>
      <trkpt lat="50.00762582" lon="-121.14739039">
      </trkpt>
      <trkpt lat="50.00768547" lon="-121.14744026">
      </trkpt>
      <trkpt lat="50.00775466" lon="-121.14752534">
      </trkpt>
      <trkpt lat="50.00786582" lon="-121.14768944">
      </trkpt>
      <trkpt lat="50.00797049" lon="-121.14788234">
      </trkpt>
      <trkpt lat="50.00813313" lon="-121.14805893">
      </trkpt>
      <trkpt lat="50.0081809" lon="-121.14811764">
      </trkpt>
      <trkpt lat="50.0083867" lon="-121.1482805">
      </trkpt>
      <trkpt lat="50.00857598" lon="-121.14842522">
      </trkpt>
      <trkpt lat="50.00873293" lon="-121.14853944">
      </trkpt>
      <trkpt lat="50.0089111" lon="-121.14863917">
      </trkpt>
      <trkpt lat="50.00896348" lon="-121.14870352">
      </trkpt>
      <trkpt lat="50.00915669" lon="-121.14879533">
      </trkpt>
      <trkpt lat="50.00920417" lon="-121.14881789">
      </trkpt>
      <trkpt lat="50.00941045" lon="-121.14887919">
      </trkpt>
      <trkpt lat="50.00954439" lon="-121.1489376">
      </trkpt>
      <trkpt lat="50.00962528" lon="-121.14899647">
      </trkpt>
      <trkpt lat="50.00981583" lon="-121.14924657">
      </trkpt>
      <trkpt lat="50.00992619" lon="-121.14947409">
      </trkpt>
      <trkpt lat="50.00999391" lon="-121.14969551">
      </trkpt>
      <trkpt lat="50.01004353" lon="-121.14975406">
      </trkpt>
      <trkpt lat="50.01009965" lon="-121.1497864">
      </trkpt>
      <trkpt lat="50.01018455" lon="-121.14992578">
      </trkpt>
      <trkpt lat="50.01036636" lon="-121.15004289">
      </trkpt>
      <trkpt lat="50.0104954" lon="-121.15042001">
      </trkpt>
      <trkpt lat="50.01055849" lon="-121.15064814">
      </trkpt>
      <trkpt lat="50.01057323" lon="-121.1507308">
      </trkpt>
      <trkpt lat="50.01064703" lon="-121.15087231">
      </trkpt>
      <trkpt lat="50.01081223" lon="-121.15117029">
      </trkpt>
      <trkpt lat="50.01097379" lon="-121.15145881">
      </trkpt>
      <trkpt lat="50.01112955" lon="-121.15160323">
      </trkpt>
      <trkpt lat="50.01129572" lon="-121.15176197">
      </trkpt>
      <trkpt lat="50.01144785" lon="-121.15182313">
      </trkpt>
      <trkpt lat="50.01155763" lon="-121.15181885">
      </trkpt>
      <trkpt lat="50.01164489" lon="-121.15189906">
      </trkpt>
      <trkpt lat="50.0118091" lon="-121.15195304">
      </trkpt>
      <trkpt lat="50.01202913" lon="-121.15200382">
      </trkpt>
      <trkpt lat="50.01209693" lon="-121.15204744">
      </trkpt>
      <trkpt lat="50.01225966" lon="-121.15202976">
      </trkpt>
      <trkpt lat="50.01243626" lon="-121.15199788">
      </trkpt>
      <trkpt lat="50.01259438" lon="-121.15190059">
      </trkpt>
      <trkpt lat="50.01280781" lon="-121.15180147">
      </trkpt>
      <trkpt lat="50.01302616" lon="-121.15176213">
      </trkpt>
      <trkpt lat="50.01319675" lon="-121.15176822">
      </trkpt>
      <trkpt lat="50.01326496" lon="-121.15172552">
      </trkpt>
      <trkpt lat="50.01336126" lon="-121.15172187">
      </trkpt>
      <trkpt lat="50.01342611" lon="-121.15171928">
      </trkpt>
      <trkpt lat="50.01357902" lon="-121.15168847">
      </trkpt>
      <trkpt lat="50.01369792" lon="-121.15163418">
      </trkpt>
      <trkpt lat="50.0138633" lon="-121.1515372">
      </trkpt>
      <trkpt lat="50.01399625" lon="-121.15142771">
      </trkpt>
      <trkpt lat="50.01404697" lon="-121.15134506">
      </trkpt>
      <trkpt lat="50.01413719" lon="-121.15129442">
      </trkpt>
      <trkpt lat="50.01434992" lon="-121.15121406">
      </trkpt>
      <trkpt lat="50.01455902" lon="-121.15109145">
      </trkpt>
      <trkpt lat="50.01460777" lon="-121.15104356">
      </trkpt>
      <trkpt lat="50.01467519" lon="-121.15098805">
      </trkpt>
      <trkpt lat="50.01482464" lon="-121.15090922">
      </trkpt>
      <trkpt lat="50.01503197" lon="-121.15077929">
      </trkpt>
      <trkpt lat="50.01509427" lon="-121.15073507">
      </trkpt>
      <trkpt lat="50.01518802" lon="-121.15067636">
      </trkpt>
      <trkpt lat="50.01539053" lon="-121.15065364">
      </trkpt>
      <trkpt lat="50.01550669" lon="-121.15062131">
      </trkpt>
      <trkpt lat="50.01568375" lon="-121.15059996">
      </trkpt>
      <trkpt lat="50.01584472" lon="-121.15057998">
      </trkpt>
      <trkpt lat="50.01599505" lon="-121.15055955">
      </trkpt>
      <trkpt lat="50.01619728" lon="-121.15056595">
      </trkpt>
      <trkpt lat="50.01628414" lon="-121.15056275">
      </trkpt>
      <trkpt lat="50.01641935" lon="-121.15058547">
      </trkpt>
      <trkpt lat="50.01654502" lon="-121.15058059">
      </trkpt>
      <trkpt lat="50.01675245" lon="-121.15061445">
      </trkpt>
      <trkpt lat="50.01692294" lon="-121.15060804">
      </trkpt>
      <trkpt lat="50.01697462" lon="-121.15059447">
      </trkpt>
      <trkpt lat="50.01707514" lon="-121.15056442">
      </trkpt>
      <trkpt lat="50.01712957" lon="-121.15054109">
      </trkpt>
      <trkpt lat="50.01721733" lon="-121.15047506">
      </trkpt>
      <trkpt lat="50.01743093" lon="-121.15032104">
      </trkpt>
      <trkpt lat="50.01749266" lon="-121.15029115">
      </trkpt>
      <trkpt lat="50.01765909" lon="-121.15016718">
      </trkpt>
      <trkpt lat="50.01773612" lon="-121.15010359">
      </trkpt>
      <trkpt lat="50.01782948" lon="-121.15005128">
      </trkpt>
      <trkpt lat="50.01800586" lon="-121.14997198">
      </trkpt>
      <trkpt lat="50.01817151" lon="-121.14990809">
      </trkpt>
      <trkpt lat="50.01831822" lon="-121.14985959">
      </trkpt>
      <trkpt lat="50.01854538" lon="-121.14979189">
      </trkpt>
      <trkpt lat="50.01860748" lon="-121.14978944">
      </trkpt>
      <trkpt lat="50.01880733" lon="-121.14976824">
      </trkpt>
      <trkpt lat="50.01899795" lon="-121.14973118">
      </trkpt>
      <trkpt lat="50.01907008" lon="-121.14974248">
      </trkpt>
      <trkpt lat="50.01924103" lon="-121.14970924">
      </trkpt>
      <trkpt lat="50.0193557" lon="-121.14970482">
      </trkpt>
      <trkpt lat="50.01950848" lon="-121.14969902">
      </trkpt>
      <trkpt lat="50.01971521" lon="-121.14969109">
      </trkpt>
      <trkpt lat="50.01979617" lon="-121.14968789">
      </trkpt>
      <trkpt lat="50.01994415" lon="-121.14968224">
      </trkpt>
      <trkpt lat="50.02008828" lon="-121.14969062">
      </trkpt>
      <trkpt lat="50.02020835" lon="-121.14968606">
      </trkpt>
      <trkpt lat="50.02037803" lon="-121.14970877">
      </trkpt>
      <trkpt lat="50.02046557" lon="-121.14972036">
      </trkpt>
      <trkpt lat="50.02068105" lon="-121.14978151">
      </trkpt>
      <trkpt lat="50.02078804" lon="-121.1497925">
      </trkpt>
      <trkpt lat="50.02088698" lon="-121.14983946">
      </trkpt>
      <trkpt lat="50.02097216" lon="-121.14988537">
      </trkpt>
      <trkpt lat="50.02103878" lon="-121.14994102">
      </trkpt>
      <trkpt lat="50.02108721" lon="-121.14997107">
      </trkpt>
      <trkpt lat="50.02115816" lon="-121.14999958">
      </trkpt>
      <trkpt lat="50.02123715" lon="-121.15006576">
      </trkpt>
      <trkpt lat="50.02142835" lon="-121.15023137">
      </trkpt>
      <trkpt lat="50.0214814" lon="-121.15025989">
      </trkpt>
      <trkpt lat="50.02154694" lon="-121.15028079">
      </trkpt>
      <trkpt lat="50.0215656" lon="-121.15026751">
      </trkpt>
      <trkpt lat="50.02157258" lon="-121.15026172">
      </trkpt>
      <trkpt lat="50.02158142" lon="-121.15022879">
      </trkpt>
      <trkpt lat="50.02159479" lon="-121.15008148">
      </trkpt>
      <trkpt lat="50.02160923" lon="-121.14996755">
      </trkpt>
      <trkpt lat="50.02161296" lon="-121.14968316">
      </trkpt>
      <trkpt lat="50.02160933" lon="-121.14945076">
      </trkpt>
      <trkpt lat="50.02160559" lon="-121.1492159">
      </trkpt>
      <trkpt lat="50.02161218" lon="-121.14909651">
      </trkpt>
      <trkpt lat="50.02160197" lon="-121.14891443">
      </trkpt>
      <trkpt lat="50.02158574" lon="-121.14883391">
      </trkpt>
      <trkpt lat="50.02155284" lon="-121.14863536">
      </trkpt>
      <trkpt lat="50.02153063" lon="-121.14836026">
      </trkpt>
      <trkpt lat="50.021487" lon="-121.14812664">
      </trkpt>
      <trkpt lat="50.02144044" lon="-121.14796453">
      </trkpt>
      <trkpt lat="50.02137166" lon="-121.14764246">
      </trkpt>
      <trkpt lat="50.02128608" lon="-121.14731337">
      </trkpt>
      <trkpt lat="50.02125425" lon="-121.14717643">
      </trkpt>
      <trkpt lat="50.02120306" lon="-121.14687602">
      </trkpt>
      <trkpt lat="50.02116425" lon="-121.14664606">
      </trkpt>
      <trkpt lat="50.02113604" lon="-121.14651232">
      </trkpt>
      <trkpt lat="50.02111198" lon="-121.14639276">
      </trkpt>
      <trkpt lat="50.02109656" lon="-121.14613124">
      </trkpt>
      <trkpt lat="50.02114686" lon="-121.14574328">
      </trkpt>
      <trkpt lat="50.02127429" lon="-121.14549365">
      </trkpt>
      <trkpt lat="50.02136242" lon="-121.14543098">
      </trkpt>
      <trkpt lat="50.02154752" lon="-121.14527832">
      </trkpt>
      <trkpt lat="50.02161384" lon="-121.14524601">
      </trkpt>
      <trkpt lat="50.02168685" lon="-121.14519415">
      </trkpt>
      <trkpt lat="50.02188444" lon="-121.1451542">
      </trkpt>
      <trkpt lat="50.02196343" lon="-121.14515115">
      </trkpt>
      <trkpt lat="50.02213408" lon="-121.14514444">
      </trkpt>
      <trkpt lat="50.02224529" lon="-121.14523761">
      </trkpt>
      <trkpt lat="50.02233873" lon="-121.14537563">
      </trkpt>
      <trkpt lat="50.02241507" lon="-121.14559856">
      </trkpt>
      <trkpt lat="50.02243522" lon="-121.14565743">
      </trkpt>
      <trkpt lat="50.02249023" lon="-121.1457503">
      </trkpt>
      <trkpt lat="50.02251578" lon="-121.14579728">
      </trkpt>
      <trkpt lat="50.02268654" lon="-121.1459647">
      </trkpt>
      <trkpt lat="50.02279098" lon="-121.14605392">
      </trkpt>
      <trkpt lat="50.02297872" lon="-121.14620489">
      </trkpt>
      <trkpt lat="50.0230416" lon="-121.14627108">
      </trkpt>
      <trkpt lat="50.02322062" lon="-121.14640786">
      </trkpt>
      <trkpt lat="50.02329783" lon="-121.14645772">
      </trkpt>
      <trkpt lat="50.0235239" lon="-121.14660001">
      </trkpt>
      <trkpt lat="50.02368826" lon="-121.14679963">
      </trkpt>
      <trkpt lat="50.02377718" lon="-121.14688274">
      </trkpt>
      <trkpt lat="50.02391423" lon="-121.14698947">
      </trkpt>
      <trkpt lat="50.024084" lon="-121.14715097">
      </trkpt>
      <trkpt lat="50.02420395" lon="-121.14731322">
      </trkpt>
      <trkpt lat="50.0244085" lon="-121.14760175">
      </trkpt>
      <trkpt lat="50.02446823" lon="-121.14768989">
      </trkpt>
      <trkpt lat="50.0246549" lon="-121.14800494">
      </trkpt>
      <trkpt lat="50.02488961" lon="-121.14825382">
      </trkpt>
      <trkpt lat="50.02501025" lon="-121.14850558">
      </trkpt>
      <trkpt lat="50.02507214" lon="-121.14860836">
      </trkpt>
      <trkpt lat="50.0251082" lon="-121.14865274">
      </trkpt>
      <trkpt lat="50.02526244" lon="-121.14877199">
      </trkpt>
      <trkpt lat="50.02539675" lon="-121.14893409">
      </trkpt>
      <trkpt lat="50.02549273" lon="-121.14921438">
      </trkpt>
      <trkpt lat="50.0255109" lon="-121.14931641">
      </trkpt>
      <trkpt lat="50.02556561" lon="-121.14944724">
      </trkpt>
      <trkpt lat="50.02562556" lon="-121.14953569">
      </trkpt>
      <trkpt lat="50.02564981" lon="-121.14965586">
      </trkpt>
      <trkpt lat="50.02576495" lon="-121.1499241">
      </trkpt>
      <trkpt lat="50.02580013" lon="-121.15016519">
      </trkpt>
      <trkpt lat="50.02582164" lon="-121.15028613">
      </trkpt>
      <trkpt lat="50.02583214" lon="-121.15041727">
      </trkpt>
      <trkpt lat="50.02588382" lon="-121.1506393">
      </trkpt>
      <trkpt lat="50.02596349" lon="-121.15093377">
      </trkpt>
      <trkpt lat="50.02607392" lon="-121.15119073">
      </trkpt>
      <trkpt lat="50.02611803" lon="-121.15133529">
      </trkpt>
      <trkpt lat="50.02619662" lon="-121.15164622">
      </trkpt>
      <trkpt lat="50.02627531" lon="-121.15195809">
      </trkpt>
      <trkpt lat="50.02633111" lon="-121.15224263">
      </trkpt>
      <trkpt lat="50.02633455" lon="-121.15245902">
      </trkpt>
      <trkpt lat="50.02632895" lon="-121.15269143">
      </trkpt>
      <trkpt lat="50.02632129" lon="-121.15289531">
      </trkpt>
      <trkpt lat="50.02628868" lon="-121.15302189">
      </trkpt>
      <trkpt lat="50.02625165" lon="-121.15318338">
      </trkpt>
      <trkpt lat="50.02623768" lon="-121.15331621">
      </trkpt>
      <trkpt lat="50.02625204" lon="-121.1533554">
      </trkpt>
      <trkpt lat="50.02632158" lon="-121.15335814">
      </trkpt>
      <trkpt lat="50.02647278" lon="-121.15323934">
      </trkpt>
      <trkpt lat="50.0265665" lon="-121.15314953">
      </trkpt>
      <trkpt lat="50.02675886" lon="-121.15290371">
      </trkpt>
      <trkpt lat="50.02693657" lon="-121.15264614">
      </trkpt>
      <trkpt lat="50.0270464" lon="-121.15259277">
      </trkpt>
      <trkpt lat="50.02724062" lon="-121.15258529">
      </trkpt>
      <trkpt lat="50.02734849" lon="-121.15279757">
      </trkpt>
      <trkpt lat="50.02744102" lon="-121.15311948">
      </trkpt>
      <trkpt lat="50.02761944" lon="-121.15340693">
      </trkpt>
      <trkpt lat="50.02775717" lon="-121.15356218">
      </trkpt>
      <trkpt lat="50.02793301" lon="-121.15370248">
      </trkpt>
      <trkpt lat="50.02812437" lon="-121.15376896">
      </trkpt>
      <trkpt lat="50.0281948" lon="-121.15377842">
      </trkpt>
      <trkpt lat="50.02839973" lon="-121.15379825">
      </trkpt>
      <trkpt lat="50.02851103" lon="-121.15380725">
      </trkpt>
      <trkpt lat="50.02866762" lon="-121.15380114">
      </trkpt>
      <trkpt lat="50.02881144" lon="-121.15379565">
      </trkpt>
      <trkpt lat="50.02891045" lon="-121.15379184">
      </trkpt>
      <trkpt lat="50.02912441" lon="-121.1538289">
      </trkpt>
      <trkpt lat="50.0292758" lon="-121.15387799">
      </trkpt>
      <trkpt lat="50.02945694" lon="-121.1538992">
      </trkpt>
      <trkpt lat="50.02964221" lon="-121.15396355">
      </trkpt>
      <trkpt lat="50.02969938" lon="-121.15397605">
      </trkpt>
      <trkpt lat="50.02978603" lon="-121.15401281">
      </trkpt>
      <trkpt lat="50.0299376" lon="-121.15403172">
      </trkpt>
      <trkpt lat="50.02999723" lon="-121.15402943">
      </trkpt>
      <trkpt lat="50.03015922" lon="-121.1540372">
      </trkpt>
      <trkpt lat="50.03023064" lon="-121.15403445">
      </trkpt>
      <trkpt lat="50.0302989" lon="-121.15400823">
      </trkpt>
      <trkpt lat="50.03042375" lon="-121.15396691">
      </trkpt>
      <trkpt lat="50.03050756" lon="-121.15389249">
      </trkpt>
      <trkpt lat="50.03057474" lon="-121.15379672">
      </trkpt>
      <trkpt lat="50.03064635" lon="-121.15372337">
      </trkpt>
      <trkpt lat="50.03081521" lon="-121.15348914">
      </trkpt>
      <trkpt lat="50.03099605" lon="-121.15324056">
      </trkpt>
      <trkpt lat="50.03115489" lon="-121.15311796">
      </trkpt>
      <trkpt lat="50.03123642" lon="-121.15307846">
      </trkpt>
      <trkpt lat="50.03132178" lon="-121.15305621">
      </trkpt>
      <trkpt lat="50.03149202" lon="-121.15306612">
      </trkpt>
      <trkpt lat="50.03158701" lon="-121.15309905">
      </trkpt>
      <trkpt lat="50.03166708" lon="-121.15314877">
      </trkpt>
      <trkpt lat="50.03182826" lon="-121.15327991">
      </trkpt>
      <trkpt lat="50.03198357" lon="-121.15336348">
      </trkpt>
      <trkpt lat="50.03219554" lon="-121.15360824">
      </trkpt>
      <trkpt lat="50.03221126" lon="-121.15361723">
      </trkpt>
      <trkpt lat="50.0323309" lon="-121.15364971">
      </trkpt>
      <trkpt lat="50.0323865" lon="-121.15365978">
      </trkpt>
      <trkpt lat="50.03242825" lon="-121.15359176">
      </trkpt>
      <trkpt lat="50.03244976" lon="-121.15344247">
      </trkpt>
      <trkpt lat="50.03245476" lon="-121.15323401">
      </trkpt>
      <trkpt lat="50.03246321" lon="-121.15305925">
      </trkpt>
      <trkpt lat="50.03250997" lon="-121.15287244">
      </trkpt>
      <trkpt lat="50.03254475" lon="-121.15266414">
      </trkpt>
      <trkpt lat="50.03259346" lon="-121.15251956">
      </trkpt>
      <trkpt lat="50.03265731" lon="-121.15230852">
      </trkpt>
      <trkpt lat="50.03269995" lon="-121.15211149">
      </trkpt>
      <trkpt lat="50.03276389" lon="-121.15202442">
      </trkpt>
      <trkpt lat="50.03278698" lon="-121.15196387">
      </trkpt>
      <trkpt lat="50.03284228" lon="-121.15165461">
      </trkpt>
      <trkpt lat="50.03288491" lon="-121.15149542">
      </trkpt>
      <trkpt lat="50.03303795" lon="-121.15115108">
      </trkpt>
      <trkpt lat="50.03309266" lon="-121.15106186">
      </trkpt>
      <trkpt lat="50.03313333" lon="-121.15097876">
      </trkpt>
      <trkpt lat="50.03328037" lon="-121.15079851">
      </trkpt>
      <trkpt lat="50.03331641" lon="-121.1507398">
      </trkpt>
      <trkpt lat="50.03338627" lon="-121.15056153">
      </trkpt>
      <trkpt lat="50.03346396" lon="-121.1503575">
      </trkpt>
      <trkpt lat="50.03347987" lon="-121.15027698">
      </trkpt>
      <trkpt lat="50.03352181" lon="-121.15015605">
      </trkpt>
      <trkpt lat="50.03361129" lon="-121.14992105">
      </trkpt>
      <trkpt lat="50.03367632" lon="-121.14976901">
      </trkpt>
      <trkpt lat="50.033788" lon="-121.14954088">
      </trkpt>
      <trkpt lat="50.0338657" lon="-121.14941415">
      </trkpt>
      <trkpt lat="50.03403091" lon="-121.14905869">
      </trkpt>
      <trkpt lat="50.03407727" lon="-121.14898306">
      </trkpt>
      <trkpt lat="50.03417088" lon="-121.1488025">
      </trkpt>
      <trkpt lat="50.03433944" lon="-121.14849491">
      </trkpt>
      <trkpt lat="50.03445151" lon="-121.14841241">
      </trkpt>
      <trkpt lat="50.03451301" lon="-121.14837795">
      </trkpt>
      <trkpt lat="50.03467428" lon="-121.14829606">
      </trkpt>
      <trkpt lat="50.03479038" lon="-121.14816933">
      </trkpt>
      <trkpt lat="50.03490334" lon="-121.14804596">
      </trkpt>
      <trkpt lat="50.03510823" lon="-121.14787685">
      </trkpt>
      <trkpt lat="50.03522002" lon="-121.14779282">
      </trkpt>
      <trkpt lat="50.03541606" lon="-121.14771231">
      </trkpt>
      <trkpt lat="50.03551999" lon="-121.14765832">
      </trkpt>
      <trkpt lat="50.03570738" lon="-121.14751849">
      </trkpt>
      <trkpt lat="50.03578519" lon="-121.14749821">
      </trkpt>
      <trkpt lat="50.03588399" lon="-121.14746358">
      </trkpt>
      <trkpt lat="50.03600048" lon="-121.14745901">
      </trkpt>
      <trkpt lat="50.03614447" lon="-121.14746755">
      </trkpt>
      <trkpt lat="50.03630211" lon="-121.14746145">
      </trkpt>
      <trkpt lat="50.03638679" lon="-121.1474581">
      </trkpt>
      <trkpt lat="50.03655622" lon="-121.14746633">
      </trkpt>
      <trkpt lat="50.03671474" lon="-121.14748753">
      </trkpt>
      <trkpt lat="50.03678684" lon="-121.14748463">
      </trkpt>
      <trkpt lat="50.03693053" lon="-121.14753464">
      </trkpt>
      <trkpt lat="50.0370974" lon="-121.14767845">
      </trkpt>
      <trkpt lat="50.0372572" lon="-121.14778856">
      </trkpt>
      <trkpt lat="50.03739893" lon="-121.14785596">
      </trkpt>
      <trkpt lat="50.03745276" lon="-121.14786313">
      </trkpt>
      <trkpt lat="50.03753125" lon="-121.14784986">
      </trkpt>
      <trkpt lat="50.03753958" lon="-121.14784528">
      </trkpt>
      <trkpt lat="50.03757897" lon="-121.14778093">
      </trkpt>
      <trkpt lat="50.03761039" lon="-121.14772968">
      </trkpt>
      <trkpt lat="50.03770625" lon="-121.14745352">
      </trkpt>
      <trkpt lat="50.03775173" lon="-121.14733396">
      </trkpt>
      <trkpt lat="50.03780418" lon="-121.14720526">
      </trkpt>
      <trkpt lat="50.0379737" lon="-121.14704269">
      </trkpt>
      <trkpt lat="50.03814666" lon="-121.14706053">
      </trkpt>
      <trkpt lat="50.03819429" lon="-121.14710247">
      </trkpt>
      <trkpt lat="50.03826462" lon="-121.1471133">
      </trkpt>
      <trkpt lat="50.03848796" lon="-121.14729813">
      </trkpt>
      <trkpt lat="50.03855819" lon="-121.14733472">
      </trkpt>
      <trkpt lat="50.03870985" lon="-121.14734205">
      </trkpt>
      <trkpt lat="50.0388382" lon="-121.14737667">
      </trkpt>
      <trkpt lat="50.03894348" lon="-121.14748753">
      </trkpt>
      <trkpt lat="50.03903247" lon="-121.14766259">
      </trkpt>
      <trkpt lat="50.03913688" lon="-121.14780563">
      </trkpt>
      <trkpt lat="50.03935422" lon="-121.14795751">
      </trkpt>
      <trkpt lat="50.03942454" lon="-121.14802644">
      </trkpt>
      <trkpt lat="50.03958178" lon="-121.14822957">
      </trkpt>
      <trkpt lat="50.0396251" lon="-121.14829362">
      </trkpt>
      <trkpt lat="50.03969227" lon="-121.14840693">
      </trkpt>
      <trkpt lat="50.03978823" lon="-121.14856445">
      </trkpt>
      <trkpt lat="50.03986287" lon="-121.1487932">
      </trkpt>
      <trkpt lat="50.04000164" lon="-121.14884139">
      </trkpt>
      <trkpt lat="50.04002354" lon="-121.14884047">
      </trkpt>
      <trkpt lat="50.04013325" lon="-121.1487967">
      </trkpt>
      <trkpt lat="50.04034342" lon="-121.14875598">
      </trkpt>
      <trkpt lat="50.04054102" lon="-121.14882018">
      </trkpt>
      <trkpt lat="50.04065996" lon="-121.14892937">
      </trkpt>
      <trkpt lat="50.04074001" lon="-121.1491174">
      </trkpt>
      <trkpt lat="50.04076505" lon="-121.14936322">
      </trkpt>
      <trkpt lat="50.04080226" lon="-121.14960767">
      </trkpt>
      <trkpt lat="50.04084057" lon="-121.14977221">
      </trkpt>
      <trkpt lat="50.04088457" lon="-121.15004182">
      </trkpt>
      <trkpt lat="50.04096216" lon="-121.15018746">
      </trkpt>
      <trkpt lat="50.04097924" lon="-121.15021293">
      </trkpt>
      <trkpt lat="50.04098848" lon="-121.15021719">
      </trkpt>
      <trkpt lat="50.04116437" lon="-121.15023642">
      </trkpt>
      <trkpt lat="50.0413106" lon="-121.15025913">
      </trkpt>
      <trkpt lat="50.04151232" lon="-121.15024465">
      </trkpt>
      <trkpt lat="50.04168331" lon="-121.15031723">
      </trkpt>
      <trkpt lat="50.04188494" lon="-121.150352">
      </trkpt>
      <trkpt lat="50.04204913" lon="-121.15043495">
      </trkpt>
      <trkpt lat="50.04212319" lon="-121.15046637">
      </trkpt>
      <trkpt lat="50.042386" lon="-121.15049169">
      </trkpt>
      <trkpt lat="50.04257613" lon="-121.15033477">
      </trkpt>
      <trkpt lat="50.04278806" lon="-121.15022573">
      </trkpt>
      <trkpt lat="50.04285543" lon="-121.1501835">
      </trkpt>
      <trkpt lat="50.04313698" lon="-121.15017373">
      </trkpt>
      <trkpt lat="50.04328488" lon="-121.15015376">
      </trkpt>
      <trkpt lat="50.04347226" lon="-121.15014644">
      </trkpt>
      <trkpt lat="50.04364924" lon="-121.15015344">
      </trkpt>
      <trkpt lat="50.04397664" lon="-121.15023366">
      </trkpt>
    </trkseg>
    <trkseg>
      <trkpt lat="50.03157287" lon="-121.30141389">
      </trkpt>
      <trkpt lat="50.03165706" lon="-121.30182303">
      </trkpt>
      <trkpt lat="50.03181333" lon="-121.30198255">
      </trkpt>
      <trkpt lat="50.03307674" lon="-121.30168777">
      </trkpt>
      <trkpt lat="50.03318234" lon="-121.30162387">
      </trkpt>
      <trkpt lat="50.03371856" lon="-121.30132971">
      </trkpt>
      <trkpt lat="50.03426567" lon="-121.30108876">
      </trkpt>
      <trkpt lat="50.03441281" lon="-121.30103372">
      </trkpt>
      <trkpt lat="50.03533248" lon="-121.30070235">
      </trkpt>
      <trkpt lat="50.03598074" lon="-121.30067947">
      </trkpt>
      <trkpt lat="50.03727724" lon="-121.30063372">
      </trkpt>
      <trkpt lat="50.03878457" lon="-121.30168762">
      </trkpt>
    </trkseg>
    <trkseg>
      <trkpt lat="50.08346508" lon="-121.22961222">
      </trkpt>
      <trkpt lat="50.08339276" lon="-121.22954954">
      </trkpt>
      <trkpt lat="50.08329895" lon="-121.22950486">
      </trkpt>
      <trkpt lat="50.08313527" lon="-121.22943502">
      </trkpt>
      <trkpt lat="50.08309269" lon="-121.22939308">
      </trkpt>
      <trkpt lat="50.08290204" lon="-121.22923922">
      </trkpt>
      <trkpt lat="50.08268891" lon="-121.22909023">
      </trkpt>
      <trkpt lat="50.08255154" lon="-121.22899675">
      </trkpt>
      <trkpt lat="50.08232634" lon="-121.22884624">
      </trkpt>
      <trkpt lat="50.08219083" lon="-121.22878158">
      </trkpt>
      <trkpt lat="50.08207337" lon="-121.22870167">
      </trkpt>
      <trkpt lat="50.08193717" lon="-121.22855633">
      </trkpt>
      <trkpt lat="50.08183119" lon="-121.22833919">
      </trkpt>
      <trkpt lat="50.08175818" lon="-121.22817739">
      </trkpt>
      <trkpt lat="50.08168312" lon="-121.22801132">
      </trkpt>
      <trkpt lat="50.08158009" lon="-121.22778974">
      </trkpt>
      <trkpt lat="50.08142485" lon="-121.22746005">
      </trkpt>
      <trkpt lat="50.0812126" lon="-121.22713112">
      </trkpt>
      <trkpt lat="50.08101968" lon="-121.22685831">
      </trkpt>
      <trkpt lat="50.08090634" lon="-121.2266009">
      </trkpt>
      <trkpt lat="50.08082459" lon="-121.22642629">
      </trkpt>
      <trkpt lat="50.08076523" lon="-121.22627654">
      </trkpt>
      <trkpt lat="50.08071136" lon="-121.22610589">
      </trkpt>
      <trkpt lat="50.0806566" lon="-121.22593236">
      </trkpt>
      <trkpt lat="50.0806089" lon="-121.22575241">
      </trkpt>
      <trkpt lat="50.08054827" lon="-121.22556072">
      </trkpt>
      <trkpt lat="50.08042354" lon="-121.22522218">
      </trkpt>
      <trkpt lat="50.08030295" lon="-121.2249082">
      </trkpt>
      <trkpt lat="50.08024318" lon="-121.22473313">
      </trkpt>
      <trkpt lat="50.08007223" lon="-121.22437629">
      </trkpt>
      <trkpt lat="50.07987118" lon="-121.22407847">
      </trkpt>
      <trkpt lat="50.07976303" lon="-121.22383875">
      </trkpt>
      <trkpt lat="50.07961995" lon="-121.22358453">
      </trkpt>
      <trkpt lat="50.07954832" lon="-121.22345476">
      </trkpt>
      <trkpt lat="50.07949935" lon="-121.22329967">
      </trkpt>
      <trkpt lat="50.07940279" lon="-121.22298965">
      </trkpt>
      <trkpt lat="50.07928699" lon="-121.22267535">
      </trkpt>
      <trkpt lat="50.07923155" lon="-121.2223629">
      </trkpt>
      <trkpt lat="50.07920143" lon="-121.22221924">
      </trkpt>
      <trkpt lat="50.07913037" lon="-121.22188497">
      </trkpt>
      <trkpt lat="50.07902842" lon="-121.22157205">
      </trkpt>
      <trkpt lat="50.07894716" lon="-121.22137228">
      </trkpt>
      <trkpt lat="50.07890761" lon="-121.22122314">
      </trkpt>
      <trkpt lat="50.07886394" lon="-121.2209549">
      </trkpt>
      <trkpt lat="50.0788611" lon="-121.22076276">
      </trkpt>
      <trkpt lat="50.07884873" lon="-121.22053173">
      </trkpt>
      <trkpt lat="50.07885384" lon="-121.22030466">
      </trkpt>
      <trkpt lat="50.07885786" lon="-121.21998686">
      </trkpt>
      <trkpt lat="50.07887032" lon="-121.21971619">
      </trkpt>
      <trkpt lat="50.07891546" lon="-121.21943208">
      </trkpt>
      <trkpt lat="50.07895855" lon="-121.21922927">
      </trkpt>
      <trkpt lat="50.07898465" lon="-121.21901592">
      </trkpt>
      <trkpt lat="50.07901546" lon="-121.21871078">
      </trkpt>
      <trkpt lat="50.0790344" lon="-121.21857979">
      </trkpt>
      <trkpt lat="50.07903126" lon="-121.2183724">
      </trkpt>
      <trkpt lat="50.07903008" lon="-121.2183027">
      </trkpt>
      <trkpt lat="50.07888994" lon="-121.21794175">
      </trkpt>
      <trkpt lat="50.07886198" lon="-121.21790027">
      </trkpt>
      <trkpt lat="50.07874834" lon="-121.21770614">
      </trkpt>
      <trkpt lat="50.07860624" lon="-121.21742585">
      </trkpt>
      <trkpt lat="50.0785297" lon="-121.2173124">
      </trkpt>
      <trkpt lat="50.07837957" lon="-121.21719391">
      </trkpt>
      <trkpt lat="50.0782201" lon="-121.21713414">
      </trkpt>
      <trkpt lat="50.0780674" lon="-121.21710821">
      </trkpt>
      <trkpt lat="50.07790331" lon="-121.21711431">
      </trkpt>
      <trkpt lat="50.07769477" lon="-121.21727108">
      </trkpt>
      <trkpt lat="50.07755769" lon="-121.21732125">
      </trkpt>
      <trkpt lat="50.07747416" lon="-121.21731515">
      </trkpt>
      <trkpt lat="50.07744894" lon="-121.21729882">
      </trkpt>
      <trkpt lat="50.07732107" lon="-121.21702708">
      </trkpt>
      <trkpt lat="50.07718045" lon="-121.21674984">
      </trkpt>
      <trkpt lat="50.07709517" lon="-121.21658164">
      </trkpt>
      <trkpt lat="50.0770036" lon="-121.21641603">
      </trkpt>
      <trkpt lat="50.07679516" lon="-121.21613544">
      </trkpt>
      <trkpt lat="50.07660232" lon="-121.21586339">
      </trkpt>
      <trkpt lat="50.07638308" lon="-121.21556572">
      </trkpt>
      <trkpt lat="50.07627797" lon="-121.21541002">
      </trkpt>
      <trkpt lat="50.0762184" lon="-121.21530922">
      </trkpt>
      <trkpt lat="50.07606962" lon="-121.21503397">
      </trkpt>
      <trkpt lat="50.0759763" lon="-121.2148804">
      </trkpt>
      <trkpt lat="50.07592045" lon="-121.21481437">
      </trkpt>
      <trkpt lat="50.07573066" lon="-121.21460057">
      </trkpt>
      <trkpt lat="50.07566421" lon="-121.21451442">
      </trkpt>
      <trkpt lat="50.07563526" lon="-121.21447171">
      </trkpt>
      <trkpt lat="50.07554567" lon="-121.21423214">
      </trkpt>
      <trkpt lat="50.07546607" lon="-121.21394942">
      </trkpt>
      <trkpt lat="50.07542937" lon="-121.21376628">
      </trkpt>
      <trkpt lat="50.0753904" lon="-121.213572">
      </trkpt>
      <trkpt lat="50.07535204" lon="-121.21338107">
      </trkpt>
      <trkpt lat="50.07532475" lon="-121.2132272">
      </trkpt>
      <trkpt lat="50.07530424" lon="-121.21304817">
      </trkpt>
      <trkpt lat="50.0752746" lon="-121.21286868">
      </trkpt>
      <trkpt lat="50.07524417" lon="-121.2125858">
      </trkpt>
      <trkpt lat="50.07521257" lon="-121.21228035">
      </trkpt>
      <trkpt lat="50.07519157" lon="-121.21207342">
      </trkpt>
      <trkpt lat="50.07517116" lon="-121.21185047">
      </trkpt>
      <trkpt lat="50.07517018" lon="-121.21178552">
      </trkpt>
      <trkpt lat="50.07517607" lon="-121.21154853">
      </trkpt>
      <trkpt lat="50.07516468" lon="-121.21143066">
      </trkpt>
      <trkpt lat="50.07516194" lon="-121.21125345">
      </trkpt>
      <trkpt lat="50.07514938" lon="-121.21107138">
      </trkpt>
      <trkpt lat="50.07512602" lon="-121.21085407">
      </trkpt>
      <trkpt lat="50.0750789" lon="-121.2106354">
      </trkpt>
      <trkpt lat="50.07499099" lon="-121.21041336">
      </trkpt>
      <trkpt lat="50.07478263" lon="-121.21018248">
      </trkpt>
      <trkpt lat="50.0747467" lon="-121.21014725">
      </trkpt>
      <trkpt lat="50.07463011" lon="-121.21005515">
      </trkpt>
      <trkpt lat="50.07442695" lon="-121.20984287">
      </trkpt>
      <trkpt lat="50.07435757" lon="-121.20973993">
      </trkpt>
      <trkpt lat="50.07430664" lon="-121.20960132">
      </trkpt>
      <trkpt lat="50.0742661" lon="-121.20943739">
      </trkpt>
      <trkpt lat="50.07422822" lon="-121.20916366">
      </trkpt>
      <trkpt lat="50.07418709" lon="-121.2088297">
      </trkpt>
      <trkpt lat="50.07414705" lon="-121.20854103">
      </trkpt>
      <trkpt lat="50.07412663" lon="-121.20834018">
      </trkpt>
      <trkpt lat="50.07410593" lon="-121.20810321">
      </trkpt>
      <trkpt lat="50.07410565" lon="-121.20808277">
      </trkpt>
      <trkpt lat="50.07406196" lon="-121.20774119">
      </trkpt>
      <trkpt lat="50.07403026" lon="-121.20753578">
      </trkpt>
      <trkpt lat="50.07398737" lon="-121.20732212">
      </trkpt>
      <trkpt lat="50.07390071" lon="-121.20702765">
      </trkpt>
      <trkpt lat="50.07387726" lon="-121.20692641">
      </trkpt>
      <trkpt lat="50.07384605" lon="-121.20685732">
      </trkpt>
      <trkpt lat="50.0737852" lon="-121.2067373">
      </trkpt>
      <trkpt lat="50.073653" lon="-121.20651145">
      </trkpt>
      <trkpt lat="50.07348026" lon="-121.20631291">
      </trkpt>
      <trkpt lat="50.07328486" lon="-121.20606312">
      </trkpt>
      <trkpt lat="50.07321587" lon="-121.20596095">
      </trkpt>
      <trkpt lat="50.07310977" lon="-121.20572016">
      </trkpt>
      <trkpt lat="50.07305589" lon="-121.20552999">
      </trkpt>
      <trkpt lat="50.07303754" lon="-121.20532002">
      </trkpt>
      <trkpt lat="50.07303253" lon="-121.20499642">
      </trkpt>
      <trkpt lat="50.0730291" lon="-121.20477286">
      </trkpt>
      <trkpt lat="50.07302694" lon="-121.20463317">
      </trkpt>
      <trkpt lat="50.07302419" lon="-121.20445689">
      </trkpt>
      <trkpt lat="50.073029" lon="-121.20416959">
      </trkpt>
      <trkpt lat="50.07301575" lon="-121.20395442">
      </trkpt>
      <trkpt lat="50.0729922" lon="-121.20373604">
      </trkpt>
      <trkpt lat="50.07294568" lon="-121.20351981">
      </trkpt>
      <trkpt lat="50.07283575" lon="-121.2032261">
      </trkpt>
      <trkpt lat="50.07271856" lon="-121.20290845">
      </trkpt>
      <trkpt lat="50.07263828" lon="-121.20259858">
      </trkpt>
      <trkpt lat="50.07258312" lon="-121.20231189">
      </trkpt>
      <trkpt lat="50.07255231" lon="-121.20207415">
      </trkpt>
      <trkpt lat="50.07251119" lon="-121.20186966">
      </trkpt>
      <trkpt lat="50.0724679" lon="-121.20165372">
      </trkpt>
      <trkpt lat="50.0723885" lon="-121.20143733">
      </trkpt>
      <trkpt lat="50.07228604" lon="-121.20125205">
      </trkpt>
      <trkpt lat="50.07208258" lon="-121.20102666">
      </trkpt>
      <trkpt lat="50.07187461" lon="-121.20085419">
      </trkpt>
      <trkpt lat="50.07168283" lon="-121.20062971">
      </trkpt>
      <trkpt lat="50.07158978" lon="-121.20040143">
      </trkpt>
      <trkpt lat="50.07151205" lon="-121.20011367">
      </trkpt>
      <trkpt lat="50.07148624" lon="-121.19995721">
      </trkpt>
      <trkpt lat="50.07146238" lon="-121.19972664">
      </trkpt>
      <trkpt lat="50.07153385" lon="-121.19950278">
      </trkpt>
      <trkpt lat="50.07155337" lon="-121.19940411">
      </trkpt>
      <trkpt lat="50.07159842" lon="-121.19919184">
      </trkpt>
      <trkpt lat="50.07163287" lon="-121.19883362">
      </trkpt>
      <trkpt lat="50.07162924" lon="-121.19860061">
      </trkpt>
      <trkpt lat="50.07159223" lon="-121.1983304">
      </trkpt>
      <trkpt lat="50.07151372" lon="-121.19810043">
      </trkpt>
      <trkpt lat="50.0712601" lon="-121.19778537">
      </trkpt>
      <trkpt lat="50.07107077" lon="-121.19757218">
      </trkpt>
      <trkpt lat="50.07092768" lon="-121.19737454">
      </trkpt>
      <trkpt lat="50.0707565" lon="-121.19722068">
      </trkpt>
      <trkpt lat="50.07061458" lon="-121.19706712">
      </trkpt>
      <trkpt lat="50.07041327" lon="-121.19691995">
      </trkpt>
      <trkpt lat="50.07027596" lon="-121.19677692">
      </trkpt>
      <trkpt lat="50.07018026" lon="-121.19663525">
      </trkpt>
      <trkpt lat="50.07001773" lon="-121.1964919">
      </trkpt>
      <trkpt lat="50.06982122" lon="-121.19638912">
      </trkpt>
      <trkpt lat="50.06970923" lon="-121.19627917">
      </trkpt>
      <trkpt lat="50.06952834" lon="-121.19601124">
      </trkpt>
      <trkpt lat="50.06938052" lon="-121.19576679">
      </trkpt>
      <trkpt lat="50.06928434" lon="-121.19555391">
      </trkpt>
      <trkpt lat="50.0690735" lon="-121.19525532">
      </trkpt>
      <trkpt lat="50.06898575" lon="-121.1950554">
      </trkpt>
      <trkpt lat="50.06892146" lon="-121.19484481">
      </trkpt>
      <trkpt lat="50.0688926" lon="-121.194622">
      </trkpt>
      <trkpt lat="50.06884186" lon="-121.19437588">
      </trkpt>
      <trkpt lat="50.06879926" lon="-121.19416391">
      </trkpt>
      <trkpt lat="50.0687333" lon="-121.1939707">
      </trkpt>
      <trkpt lat="50.0686748" lon="-121.19367943">
      </trkpt>
      <trkpt lat="50.0686318" lon="-121.19355362">
      </trkpt>
      <trkpt lat="50.06853915" lon="-121.19326922">
      </trkpt>
      <trkpt lat="50.06847535" lon="-121.19305267">
      </trkpt>
      <trkpt lat="50.06839437" lon="-121.19290628">
      </trkpt>
      <trkpt lat="50.06833716" lon="-121.19268197">
      </trkpt>
      <trkpt lat="50.06827737" lon="-121.1923974">
      </trkpt>
      <trkpt lat="50.06822133" lon="-121.19221731">
      </trkpt>
      <trkpt lat="50.0681062" lon="-121.1919628">
      </trkpt>
      <trkpt lat="50.06797977" lon="-121.19163111">
      </trkpt>
      <trkpt lat="50.0678774" lon="-121.19131805">
      </trkpt>
      <trkpt lat="50.06784216" lon="-121.19121512">
      </trkpt>
      <trkpt lat="50.0676692" lon="-121.19088831">
      </trkpt>
      <trkpt lat="50.06759343" lon="-121.19072682">
      </trkpt>
      <trkpt lat="50.06749252" lon="-121.19043128">
      </trkpt>
      <trkpt lat="50.06745031" lon="-121.1903227">
      </trkpt>
      <trkpt lat="50.0673289" lon="-121.19006103">
      </trkpt>
      <trkpt lat="50.06720267" lon="-121.18974277">
      </trkpt>
      <trkpt lat="50.06711609" lon="-121.18948917">
      </trkpt>
      <trkpt lat="50.06688454" lon="-121.18920385">
      </trkpt>
      <trkpt lat="50.06678687" lon="-121.18902345">
      </trkpt>
      <trkpt lat="50.06666889" lon="-121.18875018">
      </trkpt>
      <trkpt lat="50.06661167" lon="-121.18851671">
      </trkpt>
      <trkpt lat="50.06647346" lon="-121.18818243">
      </trkpt>
      <trkpt lat="50.06644029" lon="-121.188101">
      </trkpt>
      <trkpt lat="50.0662574" lon="-121.1877736">
      </trkpt>
      <trkpt lat="50.06600494" lon="-121.18732907">
      </trkpt>
      <trkpt lat="50.06592887" lon="-121.18696689">
      </trkpt>
      <trkpt lat="50.065911" lon="-121.18687783">
      </trkpt>
      <trkpt lat="50.06588293" lon="-121.18669652">
      </trkpt>
      <trkpt lat="50.06585162" lon="-121.18641821">
      </trkpt>
      <trkpt lat="50.06582325" lon="-121.18623476">
      </trkpt>
      <trkpt lat="50.06580912" lon="-121.18590141">
      </trkpt>
      <trkpt lat="50.06576525" lon="-121.18559855">
      </trkpt>
      <trkpt lat="50.06569662" lon="-121.18526367">
      </trkpt>
      <trkpt lat="50.06563684" lon="-121.18488915">
      </trkpt>
      <trkpt lat="50.06561398" lon="-121.18477507">
      </trkpt>
      <trkpt lat="50.06552191" lon="-121.18444843">
      </trkpt>
      <trkpt lat="50.06542845" lon="-121.18420445">
      </trkpt>
      <trkpt lat="50.06524901" lon="-121.18385553">
      </trkpt>
      <trkpt lat="50.06520102" lon="-121.18374939">
      </trkpt>
      <trkpt lat="50.06511248" lon="-121.18347886">
      </trkpt>
      <trkpt lat="50.06509352" lon="-121.18322405">
      </trkpt>
      <trkpt lat="50.06509765" lon="-121.18294864">
      </trkpt>
      <trkpt lat="50.0651105" lon="-121.18260781">
      </trkpt>
      <trkpt lat="50.06510757" lon="-121.18241902">
      </trkpt>
      <trkpt lat="50.06507341" lon="-121.18205273">
      </trkpt>
      <trkpt lat="50.06504003" lon="-121.18179562">
      </trkpt>
      <trkpt lat="50.06500411" lon="-121.1816407">
      </trkpt>
      <trkpt lat="50.06489053" lon="-121.18132167">
      </trkpt>
      <trkpt lat="50.06484871" lon="-121.18115301">
      </trkpt>
      <trkpt lat="50.06480228" lon="-121.180868">
      </trkpt>
      <trkpt lat="50.06478372" lon="-121.18069613">
      </trkpt>
      <trkpt lat="50.0647794" lon="-121.18041783">
      </trkpt>
      <trkpt lat="50.0647742" lon="-121.18008707">
      </trkpt>
      <trkpt lat="50.06477784" lon="-121.17975798">
      </trkpt>
      <trkpt lat="50.06478265" lon="-121.17956127">
      </trkpt>
      <trkpt lat="50.06480738" lon="-121.17942462">
      </trkpt>
      <trkpt lat="50.06483989" lon="-121.17933115">
      </trkpt>
      <trkpt lat="50.06492056" lon="-121.17897034">
      </trkpt>
      <trkpt lat="50.06497249" lon="-121.17867527">
      </trkpt>
      <trkpt lat="50.06501716" lon="-121.17833184">
      </trkpt>
      <trkpt lat="50.06500028" lon="-121.17794467">
      </trkpt>
      <trkpt lat="50.06492439" lon="-121.17768725">
      </trkpt>
      <trkpt lat="50.06484862" lon="-121.17755656">
      </trkpt>
      <trkpt lat="50.0646196" lon="-121.17726011">
      </trkpt>
      <trkpt lat="50.06457287" lon="-121.17720262">
      </trkpt>
      <trkpt lat="50.06450142" lon="-121.17707589">
      </trkpt>
      <trkpt lat="50.06447029" lon="-121.17697022">
      </trkpt>
      <trkpt lat="50.06442309" lon="-121.17690053">
      </trkpt>
      <trkpt lat="50.06438137" lon="-121.17676663">
      </trkpt>
      <trkpt lat="50.064209" lon="-121.17639271">
      </trkpt>
      <trkpt lat="50.06405585" lon="-121.17616611">
      </trkpt>
      <trkpt lat="50.06389948" lon="-121.17598388">
      </trkpt>
      <trkpt lat="50.06385137" lon="-121.17584297">
      </trkpt>
      <trkpt lat="50.06375056" lon="-121.17564442">
      </trkpt>
      <trkpt lat="50.06364346" lon="-121.17551251">
      </trkpt>
      <trkpt lat="50.06361745" lon="-121.17545487">
      </trkpt>
      <trkpt lat="50.06357612" lon="-121.17530177">
      </trkpt>
      <trkpt lat="50.0635136" lon="-121.17516986">
      </trkpt>
      <trkpt lat="50.06343565" lon="-121.17507089">
      </trkpt>
      <trkpt lat="50.06341513" lon="-121.17478526">
      </trkpt>
      <trkpt lat="50.0634223" lon="-121.17473525">
      </trkpt>
      <trkpt lat="50.06343467" lon="-121.17469986">
      </trkpt>
      <trkpt lat="50.06346814" lon="-121.17465869">
      </trkpt>
      <trkpt lat="50.06352067" lon="-121.1746259">
      </trkpt>
      <trkpt lat="50.06374192" lon="-121.17449247">
      </trkpt>
      <trkpt lat="50.06394973" lon="-121.17437123">
      </trkpt>
      <trkpt lat="50.064112" lon="-121.17426022">
      </trkpt>
      <trkpt lat="50.06425808" lon="-121.17412526">
      </trkpt>
      <trkpt lat="50.06442435" lon="-121.17398802">
      </trkpt>
      <trkpt lat="50.06449671" lon="-121.1739476">
      </trkpt>
      <trkpt lat="50.0646571" lon="-121.1738526">
      </trkpt>
      <trkpt lat="50.06476292" lon="-121.17376537">
      </trkpt>
      <trkpt lat="50.0649878" lon="-121.17350064">
      </trkpt>
      <trkpt lat="50.06511473" lon="-121.17337574">
      </trkpt>
      <trkpt lat="50.06529377" lon="-121.17320755">
      </trkpt>
      <trkpt lat="50.06537308" lon="-121.17314913">
      </trkpt>
      <trkpt lat="50.06555155" lon="-121.17298612">
      </trkpt>
      <trkpt lat="50.06569505" lon="-121.17277155">
      </trkpt>
      <trkpt lat="50.0657779" lon="-121.17230797">
      </trkpt>
      <trkpt lat="50.06567974" lon="-121.17204385">
      </trkpt>
      <trkpt lat="50.06557922" lon="-121.17192506">
      </trkpt>
      <trkpt lat="50.06540744" lon="-121.17191103">
      </trkpt>
      <trkpt lat="50.06521878" lon="-121.17195281">
      </trkpt>
      <trkpt lat="50.06515645" lon="-121.17200435">
      </trkpt>
      <trkpt lat="50.06497583" lon="-121.17208823">
      </trkpt>
      <trkpt lat="50.06481632" lon="-121.17214968">
      </trkpt>
      <trkpt lat="50.06470156" lon="-121.17219895">
      </trkpt>
      <trkpt lat="50.06448935" lon="-121.17232277">
      </trkpt>
      <trkpt lat="50.06428722" lon="-121.17244934">
      </trkpt>
      <trkpt lat="50.06412829" lon="-121.17249249">
      </trkpt>
      <trkpt lat="50.06397673" lon="-121.1725114">
      </trkpt>
      <trkpt lat="50.06391764" lon="-121.17251369">
      </trkpt>
      <trkpt lat="50.06374683" lon="-121.17252009">
      </trkpt>
      <trkpt lat="50.06353048" lon="-121.17252834">
      </trkpt>
      <trkpt lat="50.06348964" lon="-121.17252192">
      </trkpt>
      <trkpt lat="50.06348404" lon="-121.17251781">
      </trkpt>
      <trkpt lat="50.06342417" lon="-121.17240283">
      </trkpt>
      <trkpt lat="50.06339218" lon="-121.17227381">
      </trkpt>
      <trkpt lat="50.06339069" lon="-121.17218079">
      </trkpt>
      <trkpt lat="50.06340375" lon="-121.17191072">
      </trkpt>
      <trkpt lat="50.06341739" lon="-121.17161077">
      </trkpt>
      <trkpt lat="50.06342123" lon="-121.17126979">
      </trkpt>
      <trkpt lat="50.06342466" lon="-121.17095062">
      </trkpt>
      <trkpt lat="50.0634383" lon="-121.17082984">
      </trkpt>
      <trkpt lat="50.06346873" lon="-121.17060384">
      </trkpt>
      <trkpt lat="50.06349092" lon="-121.17049129">
      </trkpt>
      <trkpt lat="50.06357426" lon="-121.17013491">
      </trkpt>
      <trkpt lat="50.06356965" lon="-121.16984258">
      </trkpt>
      <trkpt lat="50.06354756" lon="-121.16973248">
      </trkpt>
      <trkpt lat="50.06351546" lon="-121.16941224">
      </trkpt>
      <trkpt lat="50.06345705" lon="-121.16912159">
      </trkpt>
      <trkpt lat="50.06344697" lon="-121.16901702">
      </trkpt>
      <trkpt lat="50.06343713" lon="-121.1689148">
      </trkpt>
      <trkpt lat="50.06336752" lon="-121.16879037">
      </trkpt>
      <trkpt lat="50.06334318" lon="-121.16874554">
      </trkpt>
      <trkpt lat="50.06324482" lon="-121.16871716">
      </trkpt>
      <trkpt lat="50.06319102" lon="-121.1686917">
      </trkpt>
      <trkpt lat="50.0630264" lon="-121.16851633">
      </trkpt>
      <trkpt lat="50.06291587" lon="-121.16846371">
      </trkpt>
      <trkpt lat="50.06279503" lon="-121.16843428">
      </trkpt>
      <trkpt lat="50.06264612" lon="-121.16843993">
      </trkpt>
      <trkpt lat="50.06255217" lon="-121.16838792">
      </trkpt>
      <trkpt lat="50.06235229" lon="-121.16827508">
      </trkpt>
      <trkpt lat="50.0622825" lon="-121.16821836">
      </trkpt>
      <trkpt lat="50.06207184" lon="-121.16801615">
      </trkpt>
      <trkpt lat="50.06182916" lon="-121.16782369">
      </trkpt>
      <trkpt lat="50.06162124" lon="-121.16777322">
      </trkpt>
      <trkpt lat="50.06142884" lon="-121.16766937">
      </trkpt>
      <trkpt lat="50.061248" lon="-121.16749644">
      </trkpt>
      <trkpt lat="50.0610979" lon="-121.16740708">
      </trkpt>
      <trkpt lat="50.061039" lon="-121.16734197">
      </trkpt>
      <trkpt lat="50.06079888" lon="-121.16707265">
      </trkpt>
      <trkpt lat="50.0606366" lon="-121.16696134">
      </trkpt>
      <trkpt lat="50.06046735" lon="-121.16681769">
      </trkpt>
      <trkpt lat="50.0603846" lon="-121.16675028">
      </trkpt>
      <trkpt lat="50.06023401" lon="-121.16662615">
      </trkpt>
      <trkpt lat="50.06011993" lon="-121.16655082">
      </trkpt>
      <trkpt lat="50.05995107" lon="-121.16648066">
      </trkpt>
      <trkpt lat="50.05978232" lon="-121.16643493">
      </trkpt>
      <trkpt lat="50.05974089" lon="-121.16640472">
      </trkpt>
      <trkpt lat="50.05970564" lon="-121.1663602">
      </trkpt>
      <trkpt lat="50.05958853" lon="-121.16608174">
      </trkpt>
      <trkpt lat="50.05947445" lon="-121.1658989">
      </trkpt>
      <trkpt lat="50.05936008" lon="-121.16566512">
      </trkpt>
      <trkpt lat="50.05930805" lon="-121.16555029">
      </trkpt>
      <trkpt lat="50.05920418" lon="-121.16528663">
      </trkpt>
      <trkpt lat="50.05912859" lon="-121.16512743">
      </trkpt>
      <trkpt lat="50.05892409" lon="-121.16482502">
      </trkpt>
      <trkpt lat="50.05867316" lon="-121.16460071">
      </trkpt>
      <trkpt lat="50.05853052" lon="-121.16458607">
      </trkpt>
      <trkpt lat="50.05832708" lon="-121.16462251">
      </trkpt>
      <trkpt lat="50.05818945" lon="-121.16462785">
      </trkpt>
      <trkpt lat="50.0580686" lon="-121.16463243">
      </trkpt>
      <trkpt lat="50.05794107" lon="-121.16464889">
      </trkpt>
      <trkpt lat="50.05787509" lon="-121.16461246">
      </trkpt>
      <trkpt lat="50.05775826" lon="-121.16445202">
      </trkpt>
      <trkpt lat="50.0575518" lon="-121.16424479">
      </trkpt>
      <trkpt lat="50.05740629" lon="-121.16408055">
      </trkpt>
      <trkpt lat="50.05725952" lon="-121.16386339">
      </trkpt>
      <trkpt lat="50.05719914" lon="-121.16376138">
      </trkpt>
      <trkpt lat="50.05700191" lon="-121.16340865">
      </trkpt>
      <trkpt lat="50.05679996" lon="-121.16329199">
      </trkpt>
      <trkpt lat="50.05660567" lon="-121.16311022">
      </trkpt>
      <trkpt lat="50.0564635" lon="-121.16299829">
      </trkpt>
      <trkpt lat="50.05632095" lon="-121.16296473">
      </trkpt>
      <trkpt lat="50.05617033" lon="-121.16279547">
      </trkpt>
      <trkpt lat="50.05612811" lon="-121.16271236">
      </trkpt>
      <trkpt lat="50.05599783" lon="-121.16243069">
      </trkpt>
      <trkpt lat="50.05597308" lon="-121.16234697">
      </trkpt>
      <trkpt lat="50.05586666" lon="-121.16203574">
      </trkpt>
      <trkpt lat="50.05582317" lon="-121.16197139">
      </trkpt>
      <trkpt lat="50.05566627" lon="-121.16163131">
      </trkpt>
      <trkpt lat="50.0555352" lon="-121.16142255">
      </trkpt>
      <trkpt lat="50.05531557" lon="-121.16112748">
      </trkpt>
      <trkpt lat="50.05510272" lon="-121.16096461">
      </trkpt>
      <trkpt lat="50.0550064" lon="-121.16090895">
      </trkpt>
      <trkpt lat="50.05478843" lon="-121.16077764">
      </trkpt>
      <trkpt lat="50.05456831" lon="-121.16065047">
      </trkpt>
      <trkpt lat="50.05441514" lon="-121.16052725">
      </trkpt>
      <trkpt lat="50.05438559" lon="-121.16047617">
      </trkpt>
      <trkpt lat="50.05427808" lon="-121.16018718">
      </trkpt>
      <trkpt lat="50.05415054" lon="-121.15988433">
      </trkpt>
      <trkpt lat="50.05407081" lon="-121.15973275">
      </trkpt>
      <trkpt lat="50.05385304" lon="-121.15947839">
      </trkpt>
      <trkpt lat="50.05381486" lon="-121.15939939">
      </trkpt>
      <trkpt lat="50.05366572" lon="-121.15913771">
      </trkpt>
      <trkpt lat="50.05356742" lon="-121.15894434">
      </trkpt>
      <trkpt lat="50.05345462" lon="-121.15854284">
      </trkpt>
      <trkpt lat="50.05331205" lon="-121.15838516">
      </trkpt>
      <trkpt lat="50.05315642" lon="-121.15822747">
      </trkpt>
      <trkpt lat="50.05299402" lon="-121.15780583">
      </trkpt>
      <trkpt lat="50.05284458" lon="-121.15753789">
      </trkpt>
      <trkpt lat="50.05275239" lon="-121.15744272">
      </trkpt>
      <trkpt lat="50.05266637" lon="-121.15729253">
      </trkpt>
      <trkpt lat="50.05259783" lon="-121.15714826">
      </trkpt>
      <trkpt lat="50.05239302" lon="-121.15684541">
      </trkpt>
      <trkpt lat="50.05232134" lon="-121.15670801">
      </trkpt>
      <trkpt lat="50.05230308" lon="-121.15662093">
      </trkpt>
      <trkpt lat="50.05229582" lon="-121.15655368">
      </trkpt>
      <trkpt lat="50.05229168" lon="-121.15629993">
      </trkpt>
      <trkpt lat="50.05228029" lon="-121.15620721">
      </trkpt>
      <trkpt lat="50.05225939" lon="-121.15592738">
      </trkpt>
      <trkpt lat="50.05226371" lon="-121.15582567">
      </trkpt>
      <trkpt lat="50.05231152" lon="-121.15563992">
      </trkpt>
      <trkpt lat="50.05234039" lon="-121.15540173">
      </trkpt>
      <trkpt lat="50.05233675" lon="-121.1551736">
      </trkpt>
      <trkpt lat="50.05228874" lon="-121.15488844">
      </trkpt>
      <trkpt lat="50.05214303" lon="-121.15448295">
      </trkpt>
      <trkpt lat="50.0519283" lon="-121.15451695">
      </trkpt>
      <trkpt lat="50.05172524" lon="-121.15459686">
      </trkpt>
      <trkpt lat="50.05158787" lon="-121.15464002">
      </trkpt>
      <trkpt lat="50.05145149" lon="-121.1546452">
      </trkpt>
      <trkpt lat="50.05135114" lon="-121.15468043">
      </trkpt>
      <trkpt lat="50.05125177" lon="-121.15471002">
      </trkpt>
      <trkpt lat="50.05113876" lon="-121.15472786">
      </trkpt>
      <trkpt lat="50.05098558" lon="-121.15476033">
      </trkpt>
      <trkpt lat="50.05080343" lon="-121.15475454">
      </trkpt>
      <trkpt lat="50.05076553" lon="-121.15474859">
      </trkpt>
      <trkpt lat="50.05062641" lon="-121.15462385">
      </trkpt>
      <trkpt lat="50.05046016" lon="-121.15447457">
      </trkpt>
      <trkpt lat="50.05025209" lon="-121.15430239">
      </trkpt>
      <trkpt lat="50.05009391" lon="-121.15415188">
      </trkpt>
      <trkpt lat="50.04988466" lon="-121.15399923">
      </trkpt>
      <trkpt lat="50.0496759" lon="-121.15386153">
      </trkpt>
      <trkpt lat="50.04959666" lon="-121.15382387">
      </trkpt>
      <trkpt lat="50.04954569" lon="-121.15378665">
      </trkpt>
      <trkpt lat="50.04934862" lon="-121.1536729">
      </trkpt>
      <trkpt lat="50.04925995" lon="-121.1536459">
      </trkpt>
      <trkpt lat="50.0491104" lon="-121.15358749">
      </trkpt>
      <trkpt lat="50.04896675" lon="-121.15349371">
      </trkpt>
      <trkpt lat="50.04890646" lon="-121.15338665">
      </trkpt>
      <trkpt lat="50.04886129" lon="-121.15324408">
      </trkpt>
      <trkpt lat="50.04880698" lon="-121.1529984">
      </trkpt>
      <trkpt lat="50.04875366" lon="-121.15271034">
      </trkpt>
      <trkpt lat="50.04875229" lon="-121.15262555">
      </trkpt>
      <trkpt lat="50.04875112" lon="-121.15254717">
      </trkpt>
      <trkpt lat="50.04877056" lon="-121.15236005">
      </trkpt>
      <trkpt lat="50.04879441" lon="-121.15225332">
      </trkpt>
      <trkpt lat="50.04885853" lon="-121.15180848">
      </trkpt>
      <trkpt lat="50.04869141" lon="-121.15147223">
      </trkpt>
      <trkpt lat="50.04859596" lon="-121.15142694">
      </trkpt>
      <trkpt lat="50.04849345" lon="-121.15137829">
      </trkpt>
      <trkpt lat="50.04833083" lon="-121.15138454">
      </trkpt>
      <trkpt lat="50.04814819" lon="-121.1513786">
      </trkpt>
      <trkpt lat="50.0480714" lon="-121.1513542">
      </trkpt>
      <trkpt lat="50.04799196" lon="-121.15126407">
      </trkpt>
      <trkpt lat="50.04786539" lon="-121.15100544">
      </trkpt>
      <trkpt lat="50.04777397" lon="-121.15092889">
      </trkpt>
      <trkpt lat="50.04762323" lon="-121.15081239">
      </trkpt>
      <trkpt lat="50.04758071" lon="-121.15077075">
      </trkpt>
      <trkpt lat="50.04746927" lon="-121.15063153">
      </trkpt>
      <trkpt lat="50.04727129" lon="-121.15036557">
      </trkpt>
      <trkpt lat="50.04711261" lon="-121.15013103">
      </trkpt>
      <trkpt lat="50.04699202" lon="-121.14998266">
      </trkpt>
      <trkpt lat="50.04693821" lon="-121.1499299">
      </trkpt>
      <trkpt lat="50.04674082" lon="-121.14967813">
      </trkpt>
      <trkpt lat="50.04666865" lon="-121.14959288">
      </trkpt>
      <trkpt lat="50.04656652" lon="-121.14931838">
      </trkpt>
      <trkpt lat="50.04648079" lon="-121.14912914">
      </trkpt>
      <trkpt lat="50.04644151" lon="-121.14907104">
      </trkpt>
      <trkpt lat="50.04640224" lon="-121.14887081">
      </trkpt>
      <trkpt lat="50.0463383" lon="-121.14858168">
      </trkpt>
      <trkpt lat="50.04623707" lon="-121.1483287">
      </trkpt>
      <trkpt lat="50.04618552" lon="-121.14819648">
      </trkpt>
      <trkpt lat="50.04600482" lon="-121.14799672">
      </trkpt>
      <trkpt lat="50.04584848" lon="-121.14789072">
      </trkpt>
      <trkpt lat="50.04575971" lon="-121.14784849">
      </trkpt>
      <trkpt lat="50.04562046" lon="-121.14787349">
      </trkpt>
      <trkpt lat="50.04552206" lon="-121.14792138">
      </trkpt>
      <trkpt lat="50.04537476" lon="-121.14810194">
      </trkpt>
      <trkpt lat="50.04532074" lon="-121.14825748">
      </trkpt>
      <trkpt lat="50.04528648" lon="-121.14843163">
      </trkpt>
      <trkpt lat="50.04528146" lon="-121.1487694">
      </trkpt>
      <trkpt lat="50.04529522" lon="-121.1489405">
      </trkpt>
      <trkpt lat="50.04534864" lon="-121.14922627">
      </trkpt>
      <trkpt lat="50.04538232" lon="-121.14937131">
      </trkpt>
      <trkpt lat="50.04550076" lon="-121.14971746">
      </trkpt>
      <trkpt lat="50.04559463" lon="-121.14997716">
      </trkpt>
      <trkpt lat="50.04571021" lon="-121.15016351">
      </trkpt>
      <trkpt lat="50.04577542" lon="-121.15025975">
      </trkpt>
      <trkpt lat="50.04590545" lon="-121.15046393">
      </trkpt>
      <trkpt lat="50.04596996" lon="-121.15067513">
      </trkpt>
      <trkpt lat="50.04605314" lon="-121.15099065">
      </trkpt>
      <trkpt lat="50.04611589" lon="-121.1511064">
      </trkpt>
      <trkpt lat="50.04631857" lon="-121.15131958">
      </trkpt>
      <trkpt lat="50.04650564" lon="-121.15155641">
      </trkpt>
      <trkpt lat="50.04667621" lon="-121.15178195">
      </trkpt>
      <trkpt lat="50.04671637" lon="-121.15184127">
      </trkpt>
      <trkpt lat="50.04677853" lon="-121.15194619">
      </trkpt>
      <trkpt lat="50.04693437" lon="-121.15220375">
      </trkpt>
      <trkpt lat="50.04712203" lon="-121.15253619">
      </trkpt>
      <trkpt lat="50.04726629" lon="-121.15274953">
      </trkpt>
      <trkpt lat="50.04728239" lon="-121.15295724">
      </trkpt>
      <trkpt lat="50.04728691" lon="-121.15323751">
      </trkpt>
      <trkpt lat="50.04724909" lon="-121.15329913">
      </trkpt>
      <trkpt lat="50.04721708" lon="-121.15331926">
      </trkpt>
      <trkpt lat="50.04719558" lon="-121.15332566">
      </trkpt>
      <trkpt lat="50.04716603" lon="-121.15332109">
      </trkpt>
      <trkpt lat="50.04715464" lon="-121.1533127">
      </trkpt>
      <trkpt lat="50.04707529" lon="-121.15318566">
      </trkpt>
      <trkpt lat="50.04697945" lon="-121.15289211">
      </trkpt>
      <trkpt lat="50.04676803" lon="-121.15257966">
      </trkpt>
      <trkpt lat="50.0465683" lon="-121.1522986">
      </trkpt>
      <trkpt lat="50.04643464" lon="-121.15214687">
      </trkpt>
      <trkpt lat="50.04629393" lon="-121.15203616">
      </trkpt>
      <trkpt lat="50.04610763" lon="-121.15195884">
      </trkpt>
      <trkpt lat="50.04596742" lon="-121.15196418">
      </trkpt>
      <trkpt lat="50.04580234" lon="-121.15198568">
      </trkpt>
      <trkpt lat="50.04566308" lon="-121.15203174">
      </trkpt>
      <trkpt lat="50.04558147" lon="-121.15203494">
      </trkpt>
      <trkpt lat="50.04544114" lon="-121.15205385">
      </trkpt>
      <trkpt lat="50.04528215" lon="-121.1520482">
      </trkpt>
      <trkpt lat="50.04512454" lon="-121.15195732">
      </trkpt>
      <trkpt lat="50.04495858" lon="-121.15184889">
      </trkpt>
      <trkpt lat="50.04480116" lon="-121.15167794">
      </trkpt>
      <trkpt lat="50.04467065" lon="-121.15150929">
      </trkpt>
      <trkpt lat="50.04462862" lon="-121.15142252">
      </trkpt>
      <trkpt lat="50.04442927" lon="-121.15110121">
      </trkpt>
      <trkpt lat="50.04434559" lon="-121.15089625">
      </trkpt>
      <trkpt lat="50.04426477" lon="-121.15076191">
      </trkpt>
      <trkpt lat="50.04413769" lon="-121.15053408">
      </trkpt>
      <trkpt lat="50.04397664" lon="-121.15023366">
      </trkpt>
      <trkpt lat="50.04392734" lon="-121.15003496">
      </trkpt>
      <trkpt lat="50.0438696" lon="-121.14993752">
      </trkpt>
      <trkpt lat="50.0438423" lon="-121.14974964">
      </trkpt>
      <trkpt lat="50.04376403" lon="-121.14955262">
      </trkpt>
      <trkpt lat="50.04368949" lon="-121.14937481">
      </trkpt>
      <trkpt lat="50.04361662" lon="-121.1491877">
      </trkpt>
      <trkpt lat="50.04355004" lon="-121.1490047">
      </trkpt>
      <trkpt lat="50.04351292" lon="-121.1488086">
      </trkpt>
      <trkpt lat="50.04341962" lon="-121.1484635">
      </trkpt>
      <trkpt lat="50.0433882" lon="-121.14838679">
      </trkpt>
      <trkpt lat="50.04327634" lon="-121.1480597">
      </trkpt>
      <trkpt lat="50.04314798" lon="-121.14771474">
      </trkpt>
      <trkpt lat="50.04292878" lon="-121.14746862">
      </trkpt>
      <trkpt lat="50.04276124" lon="-121.14730438">
      </trkpt>
      <trkpt lat="50.04253214" lon="-121.14707503">
      </trkpt>
      <trkpt lat="50.04234328" lon="-121.14689463">
      </trkpt>
      <trkpt lat="50.04220922" lon="-121.14679017">
      </trkpt>
      <trkpt lat="50.04215805" lon="-121.14673634">
      </trkpt>
      <trkpt lat="50.04194887" lon="-121.14646611">
      </trkpt>
      <trkpt lat="50.04178673" lon="-121.14620002">
      </trkpt>
      <trkpt lat="50.04158383" lon="-121.14588648">
      </trkpt>
      <trkpt lat="50.0414093" lon="-121.14559994">
      </trkpt>
      <trkpt lat="50.04130569" lon="-121.14548893">
      </trkpt>
      <trkpt lat="50.04126228" lon="-121.14542488">
      </trkpt>
      <trkpt lat="50.04118371" lon="-121.14522007">
      </trkpt>
      <trkpt lat="50.04106105" lon="-121.14496403">
      </trkpt>
      <trkpt lat="50.04087573" lon="-121.14469015">
      </trkpt>
      <trkpt lat="50.04076573" lon="-121.14454025">
      </trkpt>
      <trkpt lat="50.0406028" lon="-121.14418737">
      </trkpt>
      <trkpt lat="50.04044399" lon="-121.14401582">
      </trkpt>
      <trkpt lat="50.0403774" lon="-121.14395055">
      </trkpt>
      <trkpt lat="50.04018413" lon="-121.14382291">
      </trkpt>
      <trkpt lat="50.04010624" lon="-121.14372714">
      </trkpt>
      <trkpt lat="50.04007736" lon="-121.14365653">
      </trkpt>
      <trkpt lat="50.03995922" lon="-121.14351701">
      </trkpt>
      <trkpt lat="50.03982044" lon="-121.14339501">
      </trkpt>
      <trkpt lat="50.03976073" lon="-121.14332898">
      </trkpt>
      <trkpt lat="50.03971741" lon="-121.14326494">
      </trkpt>
      <trkpt lat="50.03959818" lon="-121.14304839">
      </trkpt>
      <trkpt lat="50.03942582" lon="-121.14277953">
      </trkpt>
      <trkpt lat="50.03926053" lon="-121.14254897">
      </trkpt>
      <trkpt lat="50.0391187" lon="-121.14232556">
      </trkpt>
      <trkpt lat="50.03890764" lon="-121.14207075">
      </trkpt>
      <trkpt lat="50.03882101" lon="-121.14197498">
      </trkpt>
      <trkpt lat="50.03864815" lon="-121.14185588">
      </trkpt>
      <trkpt lat="50.03860484" lon="-121.14180799">
      </trkpt>
      <trkpt lat="50.03854474" lon="-121.14167532">
      </trkpt>
      <trkpt lat="50.03836294" lon="-121.14151535">
      </trkpt>
      <trkpt lat="50.03820942" lon="-121.14146656">
      </trkpt>
      <trkpt lat="50.03809058" lon="-121.14147113">
      </trkpt>
      <trkpt lat="50.03798293" lon="-121.141442">
      </trkpt>
      <trkpt lat="50.03792372" lon="-121.14140388">
      </trkpt>
      <trkpt lat="50.03777736" lon="-121.14126953">
      </trkpt>
      <trkpt lat="50.03762189" lon="-121.14117102">
      </trkpt>
      <trkpt lat="50.0374617" lon="-121.14107342">
      </trkpt>
      <trkpt lat="50.03725731" lon="-121.14086419">
      </trkpt>
      <trkpt lat="50.03722656" lon="-121.14083949">
      </trkpt>
      <trkpt lat="50.03715457" lon="-121.14078154">
      </trkpt>
      <trkpt lat="50.03708405" lon="-121.14072482">
      </trkpt>
      <trkpt lat="50.03693908" lon="-121.1405226">
      </trkpt>
      <trkpt lat="50.03677357" lon="-121.14020679">
      </trkpt>
      <trkpt lat="50.03655081" lon="-121.13999329">
      </trkpt>
      <trkpt lat="50.03645622" lon="-121.13987695">
      </trkpt>
      <trkpt lat="50.03632098" lon="-121.13963996">
      </trkpt>
      <trkpt lat="50.03622442" lon="-121.13942663">
      </trkpt>
      <trkpt lat="50.03616078" lon="-121.13933268">
      </trkpt>
      <trkpt lat="50.03607503" lon="-121.13913658">
      </trkpt>
      <trkpt lat="50.0359549" lon="-121.13897386">
      </trkpt>
      <trkpt lat="50.03574462" lon="-121.1386492">
      </trkpt>
      <trkpt lat="50.03564384" lon="-121.13855039">
      </trkpt>
      <trkpt lat="50.03548079" lon="-121.13842503">
      </trkpt>
      <trkpt lat="50.03535487" lon="-121.13825165">
      </trkpt>
      <trkpt lat="50.03519408" lon="-121.13804212">
      </trkpt>
      <trkpt lat="50.03510165" lon="-121.13793614">
      </trkpt>
      <trkpt lat="50.03501365" lon="-121.13785882">
      </trkpt>
      <trkpt lat="50.03480689" lon="-121.13759332">
      </trkpt>
      <trkpt lat="50.03462812" lon="-121.13740332">
      </trkpt>
      <trkpt lat="50.03446861" lon="-121.13728696">
      </trkpt>
      <trkpt lat="50.03444552" lon="-121.13725875">
      </trkpt>
      <trkpt lat="50.03442902" lon="-121.13721529">
      </trkpt>
      <trkpt lat="50.03442696" lon="-121.13708719">
      </trkpt>
      <trkpt lat="50.03441074" lon="-121.1369379">
      </trkpt>
      <trkpt lat="50.03432667" lon="-121.13671205">
      </trkpt>
      <trkpt lat="50.03422491" lon="-121.13660501">
      </trkpt>
      <trkpt lat="50.03413779" lon="-121.13655102">
      </trkpt>
      <trkpt lat="50.03404466" lon="-121.13651868">
      </trkpt>
      <trkpt lat="50.03395017" lon="-121.13650893">
      </trkpt>
      <trkpt lat="50.03390774" lon="-121.13639852">
      </trkpt>
      <trkpt lat="50.03387729" lon="-121.13609582">
      </trkpt>
      <trkpt lat="50.03381147" lon="-121.13583506">
      </trkpt>
      <trkpt lat="50.03365549" lon="-121.13574508">
      </trkpt>
      <trkpt lat="50.03347623" lon="-121.13568286">
      </trkpt>
      <trkpt lat="50.03339118" lon="-121.1356301">
      </trkpt>
      <trkpt lat="50.03325149" lon="-121.1353669">
      </trkpt>
      <trkpt lat="50.03323253" lon="-121.13532068">
      </trkpt>
      <trkpt lat="50.03313314" lon="-121.13498824">
      </trkpt>
      <trkpt lat="50.03308893" lon="-121.13491002">
      </trkpt>
      <trkpt lat="50.03302429" lon="-121.13466541">
      </trkpt>
      <trkpt lat="50.03297066" lon="-121.13434167">
      </trkpt>
      <trkpt lat="50.03296712" lon="-121.13411811">
      </trkpt>
      <trkpt lat="50.03286713" lon="-121.13390782">
      </trkpt>
      <trkpt lat="50.03269994" lon="-121.13369006">
      </trkpt>
      <trkpt lat="50.03257431" lon="-121.13351788">
      </trkpt>
      <trkpt lat="50.03236685" lon="-121.13321138">
      </trkpt>
      <trkpt lat="50.03215144" lon="-121.13297027">
      </trkpt>
      <trkpt lat="50.03212845" lon="-121.13291386">
      </trkpt>
      <trkpt lat="50.03190312" lon="-121.1325811">
      </trkpt>
      <trkpt lat="50.03178062" lon="-121.13246552">
      </trkpt>
      <trkpt lat="50.03171362" lon="-121.13234688">
      </trkpt>
      <trkpt lat="50.03162985" lon="-121.13207864">
      </trkpt>
      <trkpt lat="50.03159428" lon="-121.13192598">
      </trkpt>
      <trkpt lat="50.03153101" lon="-121.13162588">
      </trkpt>
      <trkpt lat="50.03145636" lon="-121.13144776">
      </trkpt>
      <trkpt lat="50.03141019" lon="-121.13122481">
      </trkpt>
      <trkpt lat="50.03136049" lon="-121.13106576">
      </trkpt>
      <trkpt lat="50.03128594" lon="-121.13078334">
      </trkpt>
      <trkpt lat="50.03120931" lon="-121.13047712">
      </trkpt>
      <trkpt lat="50.03121128" lon="-121.13018937">
      </trkpt>
      <trkpt lat="50.03124497" lon="-121.1301122">
      </trkpt>
      <trkpt lat="50.03126972" lon="-121.12996368">
      </trkpt>
      <trkpt lat="50.03129626" lon="-121.12957192">
      </trkpt>
      <trkpt lat="50.03125234" lon="-121.12941318">
      </trkpt>
      <trkpt lat="50.03113348" lon="-121.12923765">
      </trkpt>
      <trkpt lat="50.03105294" lon="-121.12917893">
      </trkpt>
      <trkpt lat="50.03087975" lon="-121.12908424">
      </trkpt>
      <trkpt lat="50.0308153" lon="-121.12899868">
      </trkpt>
      <trkpt lat="50.03079548" lon="-121.12896194">
      </trkpt>
      <trkpt lat="50.03070902" lon="-121.12869767">
      </trkpt>
      <trkpt lat="50.03068781" lon="-121.12862569">
      </trkpt>
      <trkpt lat="50.03065952" lon="-121.12841997">
      </trkpt>
      <trkpt lat="50.03060657" lon="-121.12812291">
      </trkpt>
      <trkpt lat="50.0305599" lon="-121.12795409">
      </trkpt>
      <trkpt lat="50.0304485" lon="-121.12769501">
      </trkpt>
      <trkpt lat="50.03042984" lon="-121.12762318">
      </trkpt>
      <trkpt lat="50.03041874" lon="-121.12753367">
      </trkpt>
      <trkpt lat="50.03033819" lon="-121.1272703">
      </trkpt>
      <trkpt lat="50.0302882" lon="-121.12705529">
      </trkpt>
      <trkpt lat="50.03022925" lon="-121.12689531">
      </trkpt>
      <trkpt lat="50.03021108" lon="-121.12669829">
      </trkpt>
      <trkpt lat="50.03018937" lon="-121.12646299">
      </trkpt>
      <trkpt lat="50.0301656" lon="-121.12618012">
      </trkpt>
      <trkpt lat="50.03008888" lon="-121.12582144">
      </trkpt>
      <trkpt lat="50.03002316" lon="-121.12564806">
      </trkpt>
      <trkpt lat="50.02985282" lon="-121.12542314">
      </trkpt>
      <trkpt lat="50.02981412" lon="-121.12529945">
      </trkpt>
      <trkpt lat="50.02971156" lon="-121.12505288">
      </trkpt>
      <trkpt lat="50.02967788" lon="-121.12494277">
      </trkpt>
      <trkpt lat="50.0295989" lon="-121.12467087">
      </trkpt>
      <trkpt lat="50.02950694" lon="-121.12443511">
      </trkpt>
      <trkpt lat="50.0294312" lon="-121.12434208">
      </trkpt>
      <trkpt lat="50.02923238" lon="-121.12411273">
      </trkpt>
      <trkpt lat="50.02916302" lon="-121.12397976">
      </trkpt>
      <trkpt lat="50.02911734" lon="-121.12380424">
      </trkpt>
      <trkpt lat="50.02907717" lon="-121.12351649">
      </trkpt>
      <trkpt lat="50.02905987" lon="-121.12344222">
      </trkpt>
      <trkpt lat="50.02903738" lon="-121.12316375">
      </trkpt>
      <trkpt lat="50.02896076" lon="-121.12283468">
      </trkpt>
      <trkpt lat="50.02886812" lon="-121.12258077">
      </trkpt>
      <trkpt lat="50.02876094" lon="-121.12243834">
      </trkpt>
      <trkpt lat="50.0285796" lon="-121.12217071">
      </trkpt>
      <trkpt lat="50.02850445" lon="-121.1220048">
      </trkpt>
      <trkpt lat="50.02849129" lon="-121.12194806">
      </trkpt>
      <trkpt lat="50.02841142" lon="-121.1216051">
      </trkpt>
      <trkpt lat="50.02835503" lon="-121.1214276">
      </trkpt>
      <trkpt lat="50.02831161" lon="-121.12122936">
      </trkpt>
      <trkpt lat="50.0282679" lon="-121.12092939">
      </trkpt>
      <trkpt lat="50.02821731" lon="-121.12079948">
      </trkpt>
      <trkpt lat="50.02807211" lon="-121.12046627">
      </trkpt>
      <trkpt lat="50.02804706" lon="-121.12038148">
      </trkpt>
      <trkpt lat="50.02794382" lon="-121.12006567">
      </trkpt>
      <trkpt lat="50.02786601" lon="-121.11992521">
      </trkpt>
      <trkpt lat="50.0278551" lon="-121.11987855">
      </trkpt>
      <trkpt lat="50.02779488" lon="-121.11961992">
      </trkpt>
      <trkpt lat="50.02779243" lon="-121.11946849">
      </trkpt>
      <trkpt lat="50.02780559" lon="-121.11917478">
      </trkpt>
      <trkpt lat="50.02780019" lon="-121.11884143">
      </trkpt>
      <trkpt lat="50.0277668" lon="-121.11855932">
      </trkpt>
      <trkpt lat="50.02773565" lon="-121.1183202">
      </trkpt>
      <trkpt lat="50.02770421" lon="-121.11809222">
      </trkpt>
      <trkpt lat="50.02766069" lon="-121.11783405">
      </trkpt>
      <trkpt lat="50.02762159" lon="-121.11770169">
      </trkpt>
      <trkpt lat="50.0275265" lon="-121.11749962">
      </trkpt>
      <trkpt lat="50.02734653" lon="-121.11717527">
      </trkpt>
      <trkpt lat="50.02720044" lon="-121.11700615">
      </trkpt>
      <trkpt lat="50.02706133" lon="-121.11687866">
      </trkpt>
      <trkpt lat="50.02697657" lon="-121.11675347">
      </trkpt>
      <trkpt lat="50.0268566" lon="-121.11653235">
      </trkpt>
      <trkpt lat="50.02667928" lon="-121.1163588">
      </trkpt>
      <trkpt lat="50.02661012" lon="-121.11627722">
      </trkpt>
      <trkpt lat="50.02657249" lon="-121.1161903">
      </trkpt>
      <trkpt lat="50.02656356" lon="-121.11611786">
      </trkpt>
      <trkpt lat="50.0264544" lon="-121.1157996">
      </trkpt>
      <trkpt lat="50.02632031" lon="-121.11552618">
      </trkpt>
      <trkpt lat="50.02619761" lon="-121.11534501">
      </trkpt>
      <trkpt lat="50.02605339" lon="-121.11508501">
      </trkpt>
      <trkpt lat="50.02600259" lon="-121.1148337">
      </trkpt>
      <trkpt lat="50.02593775" lon="-121.11453054">
      </trkpt>
      <trkpt lat="50.02591919" lon="-121.1143387">
      </trkpt>
      <trkpt lat="50.0259135" lon="-121.11399101">
      </trkpt>
      <trkpt lat="50.02587999" lon="-121.11380314">
      </trkpt>
      <trkpt lat="50.02570571" lon="-121.11352757">
      </trkpt>
      <trkpt lat="50.02554312" lon="-121.11343105">
      </trkpt>
      <trkpt lat="50.02551738" lon="-121.11339949">
      </trkpt>
      <trkpt lat="50.02546403" lon="-121.11329122">
      </trkpt>
      <trkpt lat="50.02542887" lon="-121.1131596">
      </trkpt>
      <trkpt lat="50.02540096" lon="-121.11289168">
      </trkpt>
      <trkpt lat="50.02540018" lon="-121.11284806">
      </trkpt>
      <trkpt lat="50.02541314" lon="-121.11275809">
      </trkpt>
      <trkpt lat="50.02544733" lon="-121.1124868">
      </trkpt>
      <trkpt lat="50.02545323" lon="-121.11224021">
      </trkpt>
      <trkpt lat="50.0254488" lon="-121.11196862">
      </trkpt>
      <trkpt lat="50.0254833" lon="-121.11189344">
      </trkpt>
      <trkpt lat="50.02566091" lon="-121.11174002">
      </trkpt>
      <trkpt lat="50.02577035" lon="-121.11156146">
      </trkpt>
      <trkpt lat="50.02584943" lon="-121.11127995">
      </trkpt>
      <trkpt lat="50.02585671" lon="-121.11100683">
      </trkpt>
      <trkpt lat="50.02583952" lon="-121.11086852">
      </trkpt>
      <trkpt lat="50.02578597" lon="-121.11071221">
      </trkpt>
      <trkpt lat="50.02566828" lon="-121.11058854">
      </trkpt>
      <trkpt lat="50.02556876" lon="-121.11056688">
      </trkpt>
      <trkpt lat="50.02537219" lon="-121.11058975">
      </trkpt>
      <trkpt lat="50.02518463" lon="-121.11062254">
      </trkpt>
      <trkpt lat="50.02510702" lon="-121.11059799">
      </trkpt>
      <trkpt lat="50.02499462" lon="-121.11050557">
      </trkpt>
      <trkpt lat="50.02496151" lon="-121.11045663">
      </trkpt>
      <trkpt lat="50.02488273" lon="-121.11037947">
      </trkpt>
      <trkpt lat="50.02472406" lon="-121.11029194">
      </trkpt>
      <trkpt lat="50.02448631" lon="-121.110318">
      </trkpt>
      <trkpt lat="50.02426683" lon="-121.11040463">
      </trkpt>
      <trkpt lat="50.02416711" lon="-121.1104737">
      </trkpt>
      <trkpt lat="50.02411298" lon="-121.11048514">
      </trkpt>
      <trkpt lat="50.02410297" lon="-121.1104856">
      </trkpt>
      <trkpt lat="50.02404077" lon="-121.11043253">
      </trkpt>
      <trkpt lat="50.02403438" lon="-121.11042308">
      </trkpt>
      <trkpt lat="50.02401907" lon="-121.11033753">
      </trkpt>
      <trkpt lat="50.02401768" lon="-121.11025243">
      </trkpt>
      <trkpt lat="50.02403959" lon="-121.10996285">
      </trkpt>
      <trkpt lat="50.02404352" lon="-121.10959015">
      </trkpt>
      <trkpt lat="50.02399086" lon="-121.10925543">
      </trkpt>
      <trkpt lat="50.0239662" lon="-121.1089759">
      </trkpt>
      <trkpt lat="50.0238711" lon="-121.10871528">
      </trkpt>
      <trkpt lat="50.02370979" lon="-121.10843256">
      </trkpt>
      <trkpt lat="50.02361094" lon="-121.10828677">
      </trkpt>
      <trkpt lat="50.02345326" lon="-121.10814556">
      </trkpt>
      <trkpt lat="50.02339352" lon="-121.10803546">
      </trkpt>
      <trkpt lat="50.0233611" lon="-121.10797812">
      </trkpt>
      <trkpt lat="50.02330245" lon="-121.10775593">
      </trkpt>
      <trkpt lat="50.02330088" lon="-121.10766002">
      </trkpt>
      <trkpt lat="50.02330452" lon="-121.10740046">
      </trkpt>
      <trkpt lat="50.02336278" lon="-121.10710463">
      </trkpt>
      <trkpt lat="50.02346976" lon="-121.10675053">
      </trkpt>
      <trkpt lat="50.02348117" lon="-121.10662457">
      </trkpt>
      <trkpt lat="50.02348686" lon="-121.10638378">
      </trkpt>
      <trkpt lat="50.02348233" lon="-121.10610715">
      </trkpt>
      <trkpt lat="50.02346889" lon="-121.1058194">
      </trkpt>
      <trkpt lat="50.02347301" lon="-121.10553102">
      </trkpt>
      <trkpt lat="50.02347124" lon="-121.10542367">
      </trkpt>
      <trkpt lat="50.0234568" lon="-121.105108">
      </trkpt>
      <trkpt lat="50.02343361" lon="-121.10478777">
      </trkpt>
      <trkpt lat="50.02341789" lon="-121.10444449">
      </trkpt>
      <trkpt lat="50.02335904" lon="-121.10425907">
      </trkpt>
      <trkpt lat="50.02335325" lon="-121.1041938">
      </trkpt>
      <trkpt lat="50.02335668" lon="-121.10414789">
      </trkpt>
      <trkpt lat="50.02342624" lon="-121.10386365">
      </trkpt>
      <trkpt lat="50.02345296" lon="-121.10375964">
      </trkpt>
      <trkpt lat="50.02351928" lon="-121.10343772">
      </trkpt>
      <trkpt lat="50.02359827" lon="-121.1031457">
      </trkpt>
      <trkpt lat="50.02364297" lon="-121.10281768">
      </trkpt>
      <trkpt lat="50.02365751" lon="-121.1025136">
      </trkpt>
      <trkpt lat="50.02365556" lon="-121.10239146">
      </trkpt>
      <trkpt lat="50.02365054" lon="-121.10208447">
      </trkpt>
      <trkpt lat="50.02364621" lon="-121.10181944">
      </trkpt>
      <trkpt lat="50.02364435" lon="-121.10170538">
      </trkpt>
      <trkpt lat="50.0236073" lon="-121.10139322">
      </trkpt>
      <trkpt lat="50.02355239" lon="-121.10123295">
      </trkpt>
      <trkpt lat="50.02349708" lon="-121.1011352">
      </trkpt>
      <trkpt lat="50.02333831" lon="-121.10083616">
      </trkpt>
      <trkpt lat="50.02323064" lon="-121.10054992">
      </trkpt>
      <trkpt lat="50.02313808" lon="-121.10041343">
      </trkpt>
      <trkpt lat="50.02301174" lon="-121.10008314">
      </trkpt>
      <trkpt lat="50.02285808" lon="-121.09977707">
      </trkpt>
      <trkpt lat="50.0228396" lon="-121.0997147">
      </trkpt>
      <trkpt lat="50.02280365" lon="-121.09953674">
      </trkpt>
      <trkpt lat="50.02278055" lon="-121.09940758">
      </trkpt>
      <trkpt lat="50.02279225" lon="-121.09911189">
      </trkpt>
      <trkpt lat="50.02278743" lon="-121.09881376">
      </trkpt>
      <trkpt lat="50.02281641" lon="-121.09850968">
      </trkpt>
      <trkpt lat="50.02283695" lon="-121.09829741">
      </trkpt>
      <trkpt lat="50.02290523" lon="-121.09804473">
      </trkpt>
      <trkpt lat="50.02301792" lon="-121.09768651">
      </trkpt>
      <trkpt lat="50.02307707" lon="-121.09743124">
      </trkpt>
      <trkpt lat="50.02309652" lon="-121.09736703">
      </trkpt>
      <trkpt lat="50.02312413" lon="-121.09729918">
      </trkpt>
      <trkpt lat="50.02327111" lon="-121.09698762">
      </trkpt>
      <trkpt lat="50.02335365" lon="-121.09679213">
      </trkpt>
      <trkpt lat="50.02347212" lon="-121.09646228">
      </trkpt>
      <trkpt lat="50.02349924" lon="-121.09635675">
      </trkpt>
      <trkpt lat="50.02359189" lon="-121.09604963">
      </trkpt>
      <trkpt lat="50.02367814" lon="-121.09574921">
      </trkpt>
      <trkpt lat="50.02374957" lon="-121.09548478">
      </trkpt>
      <trkpt lat="50.023888" lon="-121.09517293">
      </trkpt>
      <trkpt lat="50.02395235" lon="-121.09494144">
      </trkpt>
      <trkpt lat="50.02397003" lon="-121.09468617">
      </trkpt>
      <trkpt lat="50.02396777" lon="-121.09455151">
      </trkpt>
      <trkpt lat="50.02394449" lon="-121.09423142">
      </trkpt>
      <trkpt lat="50.02394312" lon="-121.09414283">
      </trkpt>
      <trkpt lat="50.02393801" lon="-121.09383585">
      </trkpt>
      <trkpt lat="50.02393446" lon="-121.09362129">
      </trkpt>
      <trkpt lat="50.02394695" lon="-121.09328565">
      </trkpt>
      <trkpt lat="50.02394273" lon="-121.09302672">
      </trkpt>
      <trkpt lat="50.02395677" lon="-121.09284021">
      </trkpt>
      <trkpt lat="50.02396856" lon="-121.09255916">
      </trkpt>
      <trkpt lat="50.02400756" lon="-121.0924027">
      </trkpt>
      <trkpt lat="50.02402438" lon="-121.09227018">
      </trkpt>
      <trkpt lat="50.02403861" lon="-121.09220049">
      </trkpt>
      <trkpt lat="50.02397799" lon="-121.09216801">
      </trkpt>
      <trkpt lat="50.02398212" lon="-121.09214468">
      </trkpt>
      <trkpt lat="50.02410297" lon="-121.09183267">
      </trkpt>
      <trkpt lat="50.02421614" lon="-121.09160485">
      </trkpt>
      <trkpt lat="50.02432214" lon="-121.09148895">
      </trkpt>
      <trkpt lat="50.02444691" lon="-121.09141423">
      </trkpt>
      <trkpt lat="50.02460685" lon="-121.0912962">
      </trkpt>
      <trkpt lat="50.0248115" lon="-121.09116246">
      </trkpt>
      <trkpt lat="50.02497753" lon="-121.09086265">
      </trkpt>
      <trkpt lat="50.0249849" lon="-121.09076461">
      </trkpt>
      <trkpt lat="50.0249902" lon="-121.09054105">
      </trkpt>
      <trkpt lat="50.02492448" lon="-121.09037604">
      </trkpt>
      <trkpt lat="50.02483881" lon="-121.0900863">
      </trkpt>
      <trkpt lat="50.02473762" lon="-121.08995074">
      </trkpt>
      <trkpt lat="50.02464301" lon="-121.08986991">
      </trkpt>
      <trkpt lat="50.02470687" lon="-121.08968051">
      </trkpt>
      <trkpt lat="50.02473978" lon="-121.08945131">
      </trkpt>
      <trkpt lat="50.02478842" lon="-121.08929028">
      </trkpt>
      <trkpt lat="50.02485502" lon="-121.08896652">
      </trkpt>
      <trkpt lat="50.02492497" lon="-121.08873442">
      </trkpt>
      <trkpt lat="50.02498107" lon="-121.08839009">
      </trkpt>
      <trkpt lat="50.02506909" lon="-121.08814366">
      </trkpt>
      <trkpt lat="50.02509435" lon="-121.08793475">
      </trkpt>
      <trkpt lat="50.02514572" lon="-121.08773894">
      </trkpt>
      <trkpt lat="50.02517952" lon="-121.08764134">
      </trkpt>
      <trkpt lat="50.02526873" lon="-121.08731774">
      </trkpt>
      <trkpt lat="50.0252812" lon="-121.08729212">
      </trkpt>
      <trkpt lat="50.02549792" lon="-121.08705058">
      </trkpt>
      <trkpt lat="50.02562741" lon="-121.08682275">
      </trkpt>
      <trkpt lat="50.02571829" lon="-121.08661399">
      </trkpt>
      <trkpt lat="50.02583342" lon="-121.08635809">
      </trkpt>
      <trkpt lat="50.02587381" lon="-121.08629206">
      </trkpt>
      <trkpt lat="50.02604612" lon="-121.08606668">
      </trkpt>
      <trkpt lat="50.02624172" lon="-121.08579051">
      </trkpt>
      <trkpt lat="50.02645215" lon="-121.08548963">
      </trkpt>
      <trkpt lat="50.0265551" lon="-121.08534721">
      </trkpt>
      <trkpt lat="50.02667663" lon="-121.08523924">
      </trkpt>
      <trkpt lat="50.02686152" lon="-121.08492281">
      </trkpt>
      <trkpt lat="50.02689443" lon="-121.084892">
      </trkpt>
      <trkpt lat="50.02707008" lon="-121.08479807">
      </trkpt>
      <trkpt lat="50.02728483" lon="-121.08454889">
      </trkpt>
      <trkpt lat="50.02735026" lon="-121.08450786">
      </trkpt>
      <trkpt lat="50.0275432" lon="-121.0843241">
      </trkpt>
      <trkpt lat="50.02762915" lon="-121.08418351">
      </trkpt>
      <trkpt lat="50.02779243" lon="-121.08386952">
      </trkpt>
      <trkpt lat="50.0278498" lon="-121.08366258">
      </trkpt>
      <trkpt lat="50.02793035" lon="-121.08339557">
      </trkpt>
      <trkpt lat="50.02796141" lon="-121.0832237">
      </trkpt>
      <trkpt lat="50.02802633" lon="-121.08305764">
      </trkpt>
      <trkpt lat="50.02807506" lon="-121.08295485">
      </trkpt>
      <trkpt lat="50.02823008" lon="-121.08274167">
      </trkpt>
      <trkpt lat="50.02843726" lon="-121.08247312">
      </trkpt>
      <trkpt lat="50.02861821" lon="-121.08226162">
      </trkpt>
      <trkpt lat="50.02878874" lon="-121.08207496">
      </trkpt>
      <trkpt lat="50.02890103" lon="-121.08187488">
      </trkpt>
      <trkpt lat="50.02904308" lon="-121.0815487">
      </trkpt>
      <trkpt lat="50.02912412" lon="-121.08124889">
      </trkpt>
      <trkpt lat="50.02915555" lon="-121.08123121">
      </trkpt>
      <trkpt lat="50.02936568" lon="-121.0810909">
      </trkpt>
      <trkpt lat="50.02942825" lon="-121.08107626">
      </trkpt>
      <trkpt lat="50.02961403" lon="-121.08099621">
      </trkpt>
      <trkpt lat="50.02978554" lon="-121.08092561">
      </trkpt>
      <trkpt lat="50.02993151" lon="-121.08091981">
      </trkpt>
      <trkpt lat="50.03007179" lon="-121.08091417">
      </trkpt>
      <trkpt lat="50.03022405" lon="-121.08092056">
      </trkpt>
      <trkpt lat="50.03027906" lon="-121.08094253">
      </trkpt>
      <trkpt lat="50.03049625" lon="-121.08099499">
      </trkpt>
      <trkpt lat="50.03062867" lon="-121.08098965">
      </trkpt>
      <trkpt lat="50.03084783" lon="-121.08100931">
      </trkpt>
      <trkpt lat="50.03107906" lon="-121.08098447">
      </trkpt>
      <trkpt lat="50.0313161" lon="-121.08086674">
      </trkpt>
      <trkpt lat="50.03149252" lon="-121.08074306">
      </trkpt>
      <trkpt lat="50.03155411" lon="-121.08069915">
      </trkpt>
      <trkpt lat="50.03175007" lon="-121.08056541">
      </trkpt>
      <trkpt lat="50.0319262" lon="-121.08043823">
      </trkpt>
      <trkpt lat="50.03205193" lon="-121.08044616">
      </trkpt>
      <trkpt lat="50.03218995" lon="-121.08037905">
      </trkpt>
      <trkpt lat="50.03230576" lon="-121.08035024">
      </trkpt>
      <trkpt lat="50.03235074" lon="-121.08034855">
      </trkpt>
      <trkpt lat="50.03253944" lon="-121.08034094">
      </trkpt>
      <trkpt lat="50.0326468" lon="-121.08033666">
      </trkpt>
      <trkpt lat="50.03270574" lon="-121.08034734">
      </trkpt>
      <trkpt lat="50.03285063" lon="-121.08035573">
      </trkpt>
      <trkpt lat="50.0330622" lon="-121.08039003">
      </trkpt>
      <trkpt lat="50.03319304" lon="-121.0803847">
      </trkpt>
      <trkpt lat="50.03335158" lon="-121.08039202">
      </trkpt>
      <trkpt lat="50.03352632" lon="-121.08039934">
      </trkpt>
      <trkpt lat="50.03361974" lon="-121.08039568">
      </trkpt>
      <trkpt lat="50.03382356" lon="-121.08038759">
      </trkpt>
      <trkpt lat="50.03402738" lon="-121.08039324">
      </trkpt>
      <trkpt lat="50.03422451" lon="-121.08039979">
      </trkpt>
      <trkpt lat="50.03434425" lon="-121.08038074">
      </trkpt>
      <trkpt lat="50.0345459" lon="-121.08037266">
      </trkpt>
      <trkpt lat="50.03472565" lon="-121.08036549">
      </trkpt>
      <trkpt lat="50.03492338" lon="-121.08035755">
      </trkpt>
      <trkpt lat="50.03504665" lon="-121.08035268">
      </trkpt>
      <trkpt lat="50.03523828" lon="-121.08031669">
      </trkpt>
      <trkpt lat="50.03540565" lon="-121.08029702">
      </trkpt>
      <trkpt lat="50.03559944" lon="-121.08031531">
      </trkpt>
      <trkpt lat="50.03577311" lon="-121.0803487">
      </trkpt>
      <trkpt lat="50.03596611" lon="-121.08039781">
      </trkpt>
      <trkpt lat="50.03614074" lon="-121.08041795">
      </trkpt>
      <trkpt lat="50.03629555" lon="-121.08047817">
      </trkpt>
      <trkpt lat="50.03648716" lon="-121.0805378">
      </trkpt>
      <trkpt lat="50.03664363" lon="-121.08062778">
      </trkpt>
      <trkpt lat="50.03670187" lon="-121.08068893">
      </trkpt>
      <trkpt lat="50.03689774" lon="-121.08083913">
      </trkpt>
      <trkpt lat="50.03697807" lon="-121.08086689">
      </trkpt>
      <trkpt lat="50.03717735" lon="-121.08097577">
      </trkpt>
      <trkpt lat="50.03735022" lon="-121.08099864">
      </trkpt>
      <trkpt lat="50.03751886" lon="-121.08104668">
      </trkpt>
      <trkpt lat="50.03769791" lon="-121.08108343">
      </trkpt>
      <trkpt lat="50.0378918" lon="-121.08110433">
      </trkpt>
      <trkpt lat="50.03809951" lon="-121.081124">
      </trkpt>
      <trkpt lat="50.03830587" lon="-121.08114351">
      </trkpt>
      <trkpt lat="50.03846272" lon="-121.08116166">
      </trkpt>
      <trkpt lat="50.03854434" lon="-121.08121625">
      </trkpt>
      <trkpt lat="50.03863696" lon="-121.08132773">
      </trkpt>
      <trkpt lat="50.0387558" lon="-121.08144423">
      </trkpt>
      <trkpt lat="50.03894957" lon="-121.08160816">
      </trkpt>
      <trkpt lat="50.03903915" lon="-121.08163912">
      </trkpt>
      <trkpt lat="50.03923685" lon="-121.08171445">
      </trkpt>
      <trkpt lat="50.03944115" lon="-121.08179224">
      </trkpt>
      <trkpt lat="50.03970406" lon="-121.08185918">
      </trkpt>
      <trkpt lat="50.03972281" lon="-121.08203104">
      </trkpt>
      <trkpt lat="50.03976849" lon="-121.08216447">
      </trkpt>
      <trkpt lat="50.0398776" lon="-121.08236104">
      </trkpt>
      <trkpt lat="50.04001775" lon="-121.0824806">
      </trkpt>
      <trkpt lat="50.04021202" lon="-121.08258901">
      </trkpt>
      <trkpt lat="50.04043525" lon="-121.08259588">
      </trkpt>
      <trkpt lat="50.04060486" lon="-121.08258917">
      </trkpt>
      <trkpt lat="50.04074001" lon="-121.08256873">
      </trkpt>
      <trkpt lat="50.04093652" lon="-121.08251703">
      </trkpt>
      <trkpt lat="50.04108452" lon="-121.08246504">
      </trkpt>
      <trkpt lat="50.04126525" lon="-121.08235341">
      </trkpt>
      <trkpt lat="50.04143847" lon="-121.08223767">
      </trkpt>
      <trkpt lat="50.04166976" lon="-121.08212498">
      </trkpt>
      <trkpt lat="50.04185743" lon="-121.08222592">
      </trkpt>
      <trkpt lat="50.04188572" lon="-121.08225078">
      </trkpt>
      <trkpt lat="50.04204275" lon="-121.08242737">
      </trkpt>
      <trkpt lat="50.04220215" lon="-121.08256051">
      </trkpt>
      <trkpt lat="50.04237421" lon="-121.08258704">
      </trkpt>
      <trkpt lat="50.0424461" lon="-121.0825965">
      </trkpt>
      <trkpt lat="50.04255669" lon="-121.08263767">
      </trkpt>
      <trkpt lat="50.04265095" lon="-121.08271162">
      </trkpt>
      <trkpt lat="50.04279837" lon="-121.08288044">
      </trkpt>
      <trkpt lat="50.0429332" lon="-121.08309271">
      </trkpt>
      <trkpt lat="50.04314454" lon="-121.08337589">
      </trkpt>
      <trkpt lat="50.04329273" lon="-121.08353938">
      </trkpt>
      <trkpt lat="50.04339566" lon="-121.08366945">
      </trkpt>
      <trkpt lat="50.0434703" lon="-121.0838988">
      </trkpt>
      <trkpt lat="50.04350565" lon="-121.08398954">
      </trkpt>
      <trkpt lat="50.04360504" lon="-121.0843482">
      </trkpt>
      <trkpt lat="50.04369931" lon="-121.0845286">
      </trkpt>
      <trkpt lat="50.04376256" lon="-121.08473844">
      </trkpt>
      <trkpt lat="50.04380606" lon="-121.08484472">
      </trkpt>
      <trkpt lat="50.0440062" lon="-121.08511175">
      </trkpt>
      <trkpt lat="50.04405108" lon="-121.08519456">
      </trkpt>
      <trkpt lat="50.04428932" lon="-121.08541278">
      </trkpt>
      <trkpt lat="50.04442759" lon="-121.08554316">
      </trkpt>
      <trkpt lat="50.04458315" lon="-121.08563267">
      </trkpt>
      <trkpt lat="50.04470767" lon="-121.0856801">
      </trkpt>
      <trkpt lat="50.04481786" lon="-121.08567568">
      </trkpt>
      <trkpt lat="50.04490083" lon="-121.08565082">
      </trkpt>
      <trkpt lat="50.04504147" lon="-121.08554118">
      </trkpt>
      <trkpt lat="50.04513722" lon="-121.08553736">
      </trkpt>
      <trkpt lat="50.04524505" lon="-121.08553309">
      </trkpt>
      <trkpt lat="50.04548564" lon="-121.08552348">
      </trkpt>
      <trkpt lat="50.04570089" lon="-121.08543474">
      </trkpt>
      <trkpt lat="50.04588874" lon="-121.08529444">
      </trkpt>
      <trkpt lat="50.04598596" lon="-121.08522688">
      </trkpt>
      <trkpt lat="50.0462072" lon="-121.0851212">
      </trkpt>
      <trkpt lat="50.04633369" lon="-121.08503977">
      </trkpt>
      <trkpt lat="50.04653745" lon="-121.08487844">
      </trkpt>
      <trkpt lat="50.04659745" lon="-121.08484076">
      </trkpt>
      <trkpt lat="50.04678992" lon="-121.08475094">
      </trkpt>
      <trkpt lat="50.04690334" lon="-121.08469178">
      </trkpt>
      <trkpt lat="50.04702098" lon="-121.0846445">
      </trkpt>
      <trkpt lat="50.04718645" lon="-121.08455148">
      </trkpt>
      <trkpt lat="50.04734631" lon="-121.08446608">
      </trkpt>
      <trkpt lat="50.04754585" lon="-121.08440401">
      </trkpt>
      <trkpt lat="50.04768815" lon="-121.08435064">
      </trkpt>
      <trkpt lat="50.0478264" lon="-121.08424482">
      </trkpt>
      <trkpt lat="50.04802535" lon="-121.0840272">
      </trkpt>
      <trkpt lat="50.04808426" lon="-121.08395004">
      </trkpt>
      <trkpt lat="50.04812739" lon="-121.08386541">
      </trkpt>
      <trkpt lat="50.04830845" lon="-121.08363346">
      </trkpt>
      <trkpt lat="50.04834311" lon="-121.08360479">
      </trkpt>
      <trkpt lat="50.04849788" lon="-121.08350917">
      </trkpt>
      <trkpt lat="50.04867708" lon="-121.08343537">
      </trkpt>
      <trkpt lat="50.0488824" lon="-121.08335424">
      </trkpt>
      <trkpt lat="50.04901653" lon="-121.08326792">
      </trkpt>
      <trkpt lat="50.04921184" lon="-121.08308418">
      </trkpt>
      <trkpt lat="50.04930493" lon="-121.08299466">
      </trkpt>
      <trkpt lat="50.04949827" lon="-121.08289614">
      </trkpt>
      <trkpt lat="50.04967177" lon="-121.0826302">
      </trkpt>
      <trkpt lat="50.04980925" lon="-121.08229928">
      </trkpt>
      <trkpt lat="50.04993641" lon="-121.08199902">
      </trkpt>
      <trkpt lat="50.0501328" lon="-121.08174465">
      </trkpt>
      <trkpt lat="50.05018169" lon="-121.08168076">
      </trkpt>
      <trkpt lat="50.05039201" lon="-121.08135106">
      </trkpt>
      <trkpt lat="50.05042393" lon="-121.08130928">
      </trkpt>
      <trkpt lat="50.05062748" lon="-121.08111393">
      </trkpt>
      <trkpt lat="50.05069876" lon="-121.08104683">
      </trkpt>
      <trkpt lat="50.05084939" lon="-121.08084371">
      </trkpt>
      <trkpt lat="50.05101356" lon="-121.08068175">
      </trkpt>
      <trkpt lat="50.05107945" lon="-121.08062717">
      </trkpt>
      <trkpt lat="50.05121485" lon="-121.08042068">
      </trkpt>
      <trkpt lat="50.05139081" lon="-121.080247">
      </trkpt>
      <trkpt lat="50.05147476" lon="-121.08012347">
      </trkpt>
      <trkpt lat="50.05160742" lon="-121.08001368">
      </trkpt>
      <trkpt lat="50.0517762" lon="-121.07983359">
      </trkpt>
      <trkpt lat="50.05184974" lon="-121.07979225">
      </trkpt>
      <trkpt lat="50.05200135" lon="-121.0797738">
      </trkpt>
      <trkpt lat="50.05221333" lon="-121.07975154">
      </trkpt>
      <trkpt lat="50.05232419" lon="-121.07974712">
      </trkpt>
      <trkpt lat="50.05253715" lon="-121.07970976">
      </trkpt>
      <trkpt lat="50.05271812" lon="-121.07967437">
      </trkpt>
      <trkpt lat="50.05287276" lon="-121.07964144">
      </trkpt>
      <trkpt lat="50.05296073" lon="-121.07963793">
      </trkpt>
      <trkpt lat="50.05319127" lon="-121.07955039">
      </trkpt>
      <trkpt lat="50.05339246" lon="-121.07941589">
      </trkpt>
      <trkpt lat="50.05344086" lon="-121.07936298">
      </trkpt>
      <trkpt lat="50.05358019" lon="-121.07929024">
      </trkpt>
      <trkpt lat="50.05375093" lon="-121.07891159">
      </trkpt>
      <trkpt lat="50.05378529" lon="-121.07884403">
      </trkpt>
      <trkpt lat="50.05391254" lon="-121.07866364">
      </trkpt>
      <trkpt lat="50.05403753" lon="-121.07845929">
      </trkpt>
      <trkpt lat="50.05423164" lon="-121.07825143">
      </trkpt>
      <trkpt lat="50.05430704" lon="-121.07816315">
      </trkpt>
      <trkpt lat="50.05448348" lon="-121.07784718">
      </trkpt>
      <trkpt lat="50.05451765" lon="-121.07781881">
      </trkpt>
      <trkpt lat="50.05472855" lon="-121.0776224">
      </trkpt>
      <trkpt lat="50.05479648" lon="-121.07754797">
      </trkpt>
      <trkpt lat="50.05488131" lon="-121.07740951">
      </trkpt>
      <trkpt lat="50.05507847" lon="-121.07722011">
      </trkpt>
      <trkpt lat="50.05514759" lon="-121.077155">
      </trkpt>
      <trkpt lat="50.0552979" lon="-121.07696682">
      </trkpt>
      <trkpt lat="50.05550202" lon="-121.07677072">
      </trkpt>
      <trkpt lat="50.05566373" lon="-121.07662264">
      </trkpt>
      <trkpt lat="50.05577957" lon="-121.0765014">
      </trkpt>
      <trkpt lat="50.05585782" lon="-121.07635928">
      </trkpt>
      <trkpt lat="50.05599007" lon="-121.07622341">
      </trkpt>
      <trkpt lat="50.05605606" lon="-121.07613694">
      </trkpt>
      <trkpt lat="50.05618437" lon="-121.07582066">
      </trkpt>
      <trkpt lat="50.05626105" lon="-121.07567">
      </trkpt>
      <trkpt lat="50.0563286" lon="-121.07557073">
      </trkpt>
      <trkpt lat="50.05638063" lon="-121.07552756">
      </trkpt>
      <trkpt lat="50.05652997" lon="-121.0753159">
      </trkpt>
      <trkpt lat="50.05669549" lon="-121.07503013">
      </trkpt>
      <trkpt lat="50.05672749" lon="-121.07496471">
      </trkpt>
      <trkpt lat="50.05683225" lon="-121.07480763">
      </trkpt>
      <trkpt lat="50.05700406" lon="-121.07446361">
      </trkpt>
      <trkpt lat="50.05711274" lon="-121.07410311">
      </trkpt>
      <trkpt lat="50.05713483" lon="-121.07403007">
      </trkpt>
      <trkpt lat="50.05723546" lon="-121.07378195">
      </trkpt>
      <trkpt lat="50.05732825" lon="-121.07353171">
      </trkpt>
      <trkpt lat="50.05739904" lon="-121.07337677">
      </trkpt>
      <trkpt lat="50.05756318" lon="-121.07308017">
      </trkpt>
      <trkpt lat="50.05763622" lon="-121.07293393">
      </trkpt>
      <trkpt lat="50.0577561" lon="-121.07276573">
      </trkpt>
      <trkpt lat="50.05787813" lon="-121.07255086">
      </trkpt>
      <trkpt lat="50.05791593" lon="-121.0724734">
      </trkpt>
      <trkpt lat="50.05796011" lon="-121.07238281">
      </trkpt>
      <trkpt lat="50.0580524" lon="-121.07206074">
      </trkpt>
      <trkpt lat="50.05810963" lon="-121.07184222">
      </trkpt>
      <trkpt lat="50.05820801" lon="-121.07155811">
      </trkpt>
      <trkpt lat="50.05833917" lon="-121.07121256">
      </trkpt>
      <trkpt lat="50.05836901" lon="-121.0711136">
      </trkpt>
      <trkpt lat="50.05844961" lon="-121.07080418">
      </trkpt>
      <trkpt lat="50.05849742" lon="-121.07069423">
      </trkpt>
      <trkpt lat="50.05855348" lon="-121.07037445">
      </trkpt>
      <trkpt lat="50.05856801" lon="-121.07027304">
      </trkpt>
      <trkpt lat="50.05862485" lon="-121.07004703">
      </trkpt>
      <trkpt lat="50.05864066" lon="-121.07001472">
      </trkpt>
      <trkpt lat="50.05881257" lon="-121.06977346">
      </trkpt>
      <trkpt lat="50.05893823" lon="-121.06961913">
      </trkpt>
      <trkpt lat="50.05909953" lon="-121.06949989">
      </trkpt>
      <trkpt lat="50.05925091" lon="-121.06930515">
      </trkpt>
      <trkpt lat="50.05933376" lon="-121.06911239">
      </trkpt>
      <trkpt lat="50.05947926" lon="-121.06907245">
      </trkpt>
      <trkpt lat="50.05962553" lon="-121.06894252">
      </trkpt>
      <trkpt lat="50.05971047" lon="-121.06883135">
      </trkpt>
      <trkpt lat="50.05976485" lon="-121.06853382">
      </trkpt>
      <trkpt lat="50.05978339" lon="-121.0683673">
      </trkpt>
      <trkpt lat="50.05978811" lon="-121.06806704">
      </trkpt>
      <trkpt lat="50.05978674" lon="-121.06798484">
      </trkpt>
      <trkpt lat="50.0598045" lon="-121.06782549">
      </trkpt>
      <trkpt lat="50.05984917" lon="-121.06768824">
      </trkpt>
      <trkpt lat="50.0598692" lon="-121.0676489">
      </trkpt>
      <trkpt lat="50.05995039" lon="-121.06757249">
      </trkpt>
      <trkpt lat="50.06011738" lon="-121.06752857">
      </trkpt>
      <trkpt lat="50.06028731" lon="-121.06746591">
      </trkpt>
      <trkpt lat="50.06033335" lon="-121.0674537">
      </trkpt>
      <trkpt lat="50.06053224" lon="-121.06745859">
      </trkpt>
      <trkpt lat="50.06062011" lon="-121.06747017">
      </trkpt>
      <trkpt lat="50.06078022" lon="-121.06744913">
      </trkpt>
      <trkpt lat="50.06089685" lon="-121.06744439">
      </trkpt>
      <trkpt lat="50.06109289" lon="-121.06737822">
      </trkpt>
      <trkpt lat="50.06116083" lon="-121.06736221">
      </trkpt>
      <trkpt lat="50.06128324" lon="-121.06733187">
      </trkpt>
      <trkpt lat="50.06143904" lon="-121.06733903">
      </trkpt>
      <trkpt lat="50.06165835" lon="-121.067316">
      </trkpt>
      <trkpt lat="50.06180521" lon="-121.06731005">
      </trkpt>
      <trkpt lat="50.06198937" lon="-121.0673157">
      </trkpt>
      <trkpt lat="50.06219984" lon="-121.06737502">
      </trkpt>
      <trkpt lat="50.06225952" lon="-121.06738584">
      </trkpt>
      <trkpt lat="50.06242386" lon="-121.06744608">
      </trkpt>
      <trkpt lat="50.0626034" lon="-121.0675118">
      </trkpt>
      <trkpt lat="50.06266221" lon="-121.06752233">
      </trkpt>
      <trkpt lat="50.06282222" lon="-121.06759811">
      </trkpt>
      <trkpt lat="50.06291371" lon="-121.06769236">
      </trkpt>
      <trkpt lat="50.06305331" lon="-121.06775839">
      </trkpt>
      <trkpt lat="50.06326897" lon="-121.06779529">
      </trkpt>
      <trkpt lat="50.06339756" lon="-121.06780338">
      </trkpt>
      <trkpt lat="50.06354795" lon="-121.06785202">
      </trkpt>
      <trkpt lat="50.06371405" lon="-121.06787565">
      </trkpt>
      <trkpt lat="50.06394424" lon="-121.06788069">
      </trkpt>
      <trkpt lat="50.06417188" lon="-121.06788573">
      </trkpt>
      <trkpt lat="50.06423804" lon="-121.06788298">
      </trkpt>
      <trkpt lat="50.06429969" lon="-121.06789243">
      </trkpt>
      <trkpt lat="50.06446087" lon="-121.06792537">
      </trkpt>
      <trkpt lat="50.06452428" lon="-121.06795084">
      </trkpt>
      <trkpt lat="50.06470883" lon="-121.0679885">
      </trkpt>
      <trkpt lat="50.06492439" lon="-121.06800772">
      </trkpt>
      <trkpt lat="50.06496778" lon="-121.06801717">
      </trkpt>
      <trkpt lat="50.06518491" lon="-121.06809236">
      </trkpt>
      <trkpt lat="50.06525274" lon="-121.068107">
      </trkpt>
      <trkpt lat="50.06549225" lon="-121.06811232">
      </trkpt>
      <trkpt lat="50.06566884" lon="-121.06809144">
      </trkpt>
      <trkpt lat="50.06576406" lon="-121.06809998">
      </trkpt>
      <trkpt lat="50.06580832" lon="-121.06810791">
      </trkpt>
      <trkpt lat="50.0659804" lon="-121.06820199">
      </trkpt>
      <trkpt lat="50.06609152" lon="-121.06827627">
      </trkpt>
      <trkpt lat="50.06631474" lon="-121.06844538">
      </trkpt>
      <trkpt lat="50.06643468" lon="-121.06854267">
      </trkpt>
      <trkpt lat="50.06649634" lon="-121.06876516">
      </trkpt>
      <trkpt lat="50.06659311" lon="-121.06900641">
      </trkpt>
      <trkpt lat="50.06662776" lon="-121.06910736">
      </trkpt>
      <trkpt lat="50.06665897" lon="-121.0694058">
      </trkpt>
      <trkpt lat="50.06673279" lon="-121.06966504">
      </trkpt>
      <trkpt lat="50.06681269" lon="-121.06994731">
      </trkpt>
      <trkpt lat="50.06682398" lon="-121.07003865">
      </trkpt>
      <trkpt lat="50.06695394" lon="-121.0704176">
      </trkpt>
      <trkpt lat="50.0670887" lon="-121.07066191">
      </trkpt>
      <trkpt lat="50.06715457" lon="-121.0707592">
      </trkpt>
      <trkpt lat="50.06734805" lon="-121.07090849">
      </trkpt>
      <trkpt lat="50.06750214" lon="-121.07093899">
      </trkpt>
      <trkpt lat="50.06768668" lon="-121.07091458">
      </trkpt>
      <trkpt lat="50.06776599" lon="-121.07087006">
      </trkpt>
      <trkpt lat="50.06790164" lon="-121.07075766">
      </trkpt>
      <trkpt lat="50.06809883" lon="-121.07041973">
      </trkpt>
      <trkpt lat="50.06825716" lon="-121.07017437">
      </trkpt>
      <trkpt lat="50.06845552" lon="-121.06993404">
      </trkpt>
      <trkpt lat="50.06850725" lon="-121.06986618">
      </trkpt>
      <trkpt lat="50.06864231" lon="-121.06964536">
      </trkpt>
      <trkpt lat="50.0687332" lon="-121.06932604">
      </trkpt>
      <trkpt lat="50.06877197" lon="-121.06907458">
      </trkpt>
      <trkpt lat="50.06877609" lon="-121.06874442">
      </trkpt>
      <trkpt lat="50.06878051" lon="-121.06842632">
      </trkpt>
      <trkpt lat="50.06873585" lon="-121.06810653">
      </trkpt>
      <trkpt lat="50.06868354" lon="-121.06778752">
      </trkpt>
      <trkpt lat="50.06866018" lon="-121.06768733">
      </trkpt>
      <trkpt lat="50.06858726" lon="-121.06743677">
      </trkpt>
      <trkpt lat="50.06856281" lon="-121.06726918">
      </trkpt>
      <trkpt lat="50.06855859" lon="-121.06701711">
      </trkpt>
      <trkpt lat="50.0685635" lon="-121.06680819">
      </trkpt>
      <trkpt lat="50.06856595" lon="-121.06677525">
      </trkpt>
      <trkpt lat="50.06858057" lon="-121.06674521">
      </trkpt>
      <trkpt lat="50.06874891" lon="-121.06636169">
      </trkpt>
      <trkpt lat="50.06880622" lon="-121.06609894">
      </trkpt>
      <trkpt lat="50.06888583" lon="-121.06593577">
      </trkpt>
      <trkpt lat="50.06901235" lon="-121.06578937">
      </trkpt>
      <trkpt lat="50.06918412" lon="-121.06564709">
      </trkpt>
      <trkpt lat="50.06920827" lon="-121.06562437">
      </trkpt>
      <trkpt lat="50.06924183" lon="-121.06563169">
      </trkpt>
      <trkpt lat="50.06945129" lon="-121.06554523">
      </trkpt>
      <trkpt lat="50.06948555" lon="-121.06553501">
      </trkpt>
      <trkpt lat="50.0696426" lon="-121.06554293">
      </trkpt>
      <trkpt lat="50.06985391" lon="-121.06545937">
      </trkpt>
      <trkpt lat="50.06989788" lon="-121.0654461">
      </trkpt>
      <trkpt lat="50.07000349" lon="-121.06542932">
      </trkpt>
      <trkpt lat="50.07006788" lon="-121.06542673">
      </trkpt>
      <trkpt lat="50.07025142" lon="-121.06539074">
      </trkpt>
      <trkpt lat="50.07038481" lon="-121.06537229">
      </trkpt>
      <trkpt lat="50.07055156" lon="-121.06537931">
      </trkpt>
      <trkpt lat="50.07072903" lon="-121.06537214">
      </trkpt>
      <trkpt lat="50.07093621" lon="-121.06539181">
      </trkpt>
      <trkpt lat="50.07107833" lon="-121.06538601">
      </trkpt>
      <trkpt lat="50.07121791" lon="-121.06543436">
      </trkpt>
      <trkpt lat="50.07134637" lon="-121.06544458">
      </trkpt>
      <trkpt lat="50.07141027" lon="-121.06545449">
      </trkpt>
      <trkpt lat="50.07151951" lon="-121.06547614">
      </trkpt>
      <trkpt lat="50.07159861" lon="-121.06550359">
      </trkpt>
      <trkpt lat="50.07177498" lon="-121.06551015">
      </trkpt>
      <trkpt lat="50.07186705" lon="-121.0655501">
      </trkpt>
      <trkpt lat="50.0720496" lon="-121.06567637">
      </trkpt>
      <trkpt lat="50.07219368" lon="-121.06577382">
      </trkpt>
      <trkpt lat="50.07243031" lon="-121.0658859">
      </trkpt>
      <trkpt lat="50.07254112" lon="-121.06590588">
      </trkpt>
      <trkpt lat="50.07267803" lon="-121.06602848">
      </trkpt>
      <trkpt lat="50.07278354" lon="-121.06613584">
      </trkpt>
      <trkpt lat="50.07281151" lon="-121.06617702">
      </trkpt>
      <trkpt lat="50.07288875" lon="-121.06643458">
      </trkpt>
      <trkpt lat="50.07292909" lon="-121.06676991">
      </trkpt>
      <trkpt lat="50.07298846" lon="-121.06705096">
      </trkpt>
      <trkpt lat="50.07303008" lon="-121.06733582">
      </trkpt>
      <trkpt lat="50.07312243" lon="-121.06769037">
      </trkpt>
      <trkpt lat="50.07322892" lon="-121.06802801">
      </trkpt>
      <trkpt lat="50.07328202" lon="-121.06819788">
      </trkpt>
      <trkpt lat="50.07332795" lon="-121.06829242">
      </trkpt>
      <trkpt lat="50.07341873" lon="-121.06859497">
      </trkpt>
      <trkpt lat="50.07353012" lon="-121.06891995">
      </trkpt>
      <trkpt lat="50.07367086" lon="-121.06919641">
      </trkpt>
      <trkpt lat="50.07372768" lon="-121.06935059">
      </trkpt>
      <trkpt lat="50.07379393" lon="-121.06959656">
      </trkpt>
      <trkpt lat="50.07383801" lon="-121.06972497">
      </trkpt>
      <trkpt lat="50.07391102" lon="-121.06989348">
      </trkpt>
      <trkpt lat="50.07408856" lon="-121.0702279">
      </trkpt>
      <trkpt lat="50.07430958" lon="-121.07053914">
      </trkpt>
      <trkpt lat="50.0743823" lon="-121.07060303">
      </trkpt>
      <trkpt lat="50.07453973" lon="-121.07067257">
      </trkpt>
      <trkpt lat="50.07465101" lon="-121.07073037">
      </trkpt>
      <trkpt lat="50.07475062" lon="-121.07074577">
      </trkpt>
      <trkpt lat="50.07493337" lon="-121.07072168">
      </trkpt>
      <trkpt lat="50.07509696" lon="-121.07062957">
      </trkpt>
      <trkpt lat="50.07532475" lon="-121.07041059">
      </trkpt>
      <trkpt lat="50.07538795" lon="-121.0703415">
      </trkpt>
      <trkpt lat="50.07558521" lon="-121.07006244">
      </trkpt>
      <trkpt lat="50.07573685" lon="-121.06986649">
      </trkpt>
      <trkpt lat="50.07591997" lon="-121.06973397">
      </trkpt>
      <trkpt lat="50.0761238" lon="-121.06961914">
      </trkpt>
      <trkpt lat="50.07639044" lon="-121.06950065">
      </trkpt>
      <trkpt lat="50.07655374" lon="-121.0694517">
      </trkpt>
      <trkpt lat="50.07671547" lon="-121.06937057">
      </trkpt>
      <trkpt lat="50.07685512" lon="-121.06929204">
      </trkpt>
      <trkpt lat="50.07701145" lon="-121.06918742">
      </trkpt>
      <trkpt lat="50.07716455" lon="-121.0689811">
      </trkpt>
      <trkpt lat="50.07738476" lon="-121.06880572">
      </trkpt>
      <trkpt lat="50.07748477" lon="-121.06867824">
      </trkpt>
      <trkpt lat="50.07763177" lon="-121.06840757">
      </trkpt>
      <trkpt lat="50.07772413" lon="-121.06824272">
      </trkpt>
      <trkpt lat="50.07789742" lon="-121.06797325">
      </trkpt>
      <trkpt lat="50.07794354" lon="-121.06789777">
      </trkpt>
      <trkpt lat="50.07811067" lon="-121.06760985">
      </trkpt>
      <trkpt lat="50.07830733" lon="-121.06727407">
      </trkpt>
      <trkpt lat="50.07849575" lon="-121.0670075">
      </trkpt>
      <trkpt lat="50.07860242" lon="-121.06685775">
      </trkpt>
      <trkpt lat="50.0787925" lon="-121.06672798">
      </trkpt>
      <trkpt lat="50.07885521" lon="-121.06665448">
      </trkpt>
      <trkpt lat="50.07896129" lon="-121.06657868">
      </trkpt>
      <trkpt lat="50.07906452" lon="-121.06652058">
      </trkpt>
      <trkpt lat="50.07919534" lon="-121.06644206">
      </trkpt>
      <trkpt lat="50.07937678" lon="-121.06630633">
      </trkpt>
      <trkpt lat="50.07943046" lon="-121.0662679">
      </trkpt>
      <trkpt lat="50.07964596" lon="-121.06616069">
      </trkpt>
      <trkpt lat="50.07974212" lon="-121.06608811">
      </trkpt>
      <trkpt lat="50.07990492" lon="-121.06601445">
      </trkpt>
      <trkpt lat="50.08009981" lon="-121.06590481">
      </trkpt>
      <trkpt lat="50.08023691" lon="-121.06581301">
      </trkpt>
      <trkpt lat="50.08031579" lon="-121.06576025">
      </trkpt>
      <trkpt lat="50.08046467" lon="-121.0657026">
      </trkpt>
      <trkpt lat="50.08063855" lon="-121.0656413">
      </trkpt>
      <trkpt lat="50.08068516" lon="-121.06562894">
      </trkpt>
      <trkpt lat="50.08086591" lon="-121.06563398">
      </trkpt>
      <trkpt lat="50.08091262" lon="-121.06565014">
      </trkpt>
      <trkpt lat="50.08102988" lon="-121.06572852">
      </trkpt>
      <trkpt lat="50.08119415" lon="-121.06578952">
      </trkpt>
      <trkpt lat="50.08129277" lon="-121.06578556">
      </trkpt>
      <trkpt lat="50.08151718" lon="-121.06577656">
      </trkpt>
      <trkpt lat="50.08174023" lon="-121.06572211">
      </trkpt>
      <trkpt lat="50.08194257" lon="-121.06563138">
      </trkpt>
      <trkpt lat="50.0821455" lon="-121.06559692">
      </trkpt>
      <trkpt lat="50.0822811" lon="-121.06557634">
      </trkpt>
      <trkpt lat="50.08243908" lon="-121.06551183">
      </trkpt>
      <trkpt lat="50.08253555" lon="-121.06548285">
      </trkpt>
      <trkpt lat="50.08265575" lon="-121.06546547">
      </trkpt>
      <trkpt lat="50.08283119" lon="-121.06547203">
      </trkpt>
      <trkpt lat="50.08296945" lon="-121.06546653">
      </trkpt>
      <trkpt lat="50.08316403" lon="-121.06545861">
      </trkpt>
      <trkpt lat="50.08334899" lon="-121.06546486">
      </trkpt>
      <trkpt lat="50.0835053" lon="-121.06547294">
      </trkpt>
      <trkpt lat="50.08368006" lon="-121.06546577">
      </trkpt>
      <trkpt lat="50.08376994" lon="-121.06546226">
      </trkpt>
      <trkpt lat="50.08387316" lon="-121.06545799">
      </trkpt>
      <trkpt lat="50.08401741" lon="-121.06540722">
      </trkpt>
      <trkpt lat="50.08412612" lon="-121.06537657">
      </trkpt>
      <trkpt lat="50.08434072" lon="-121.06534012">
      </trkpt>
      <trkpt lat="50.08453117" lon="-121.06528995">
      </trkpt>
      <trkpt lat="50.08476294" lon="-121.06523734">
      </trkpt>
      <trkpt lat="50.08494446" lon="-121.06515514">
      </trkpt>
      <trkpt lat="50.08510282" lon="-121.06507112">
      </trkpt>
      <trkpt lat="50.08529493" lon="-121.06489665">
      </trkpt>
      <trkpt lat="50.08536196" lon="-121.06482773">
      </trkpt>
      <trkpt lat="50.0854952" lon="-121.06472465">
      </trkpt>
      <trkpt lat="50.08564522" lon="-121.06457032">
      </trkpt>
      <trkpt lat="50.08575188" lon="-121.06445351">
      </trkpt>
      <trkpt lat="50.0858654" lon="-121.06433349">
      </trkpt>
      <trkpt lat="50.0859334" lon="-121.06428484">
      </trkpt>
      <trkpt lat="50.08614132" lon="-121.06401814">
      </trkpt>
      <trkpt lat="50.08628476" lon="-121.06388669">
      </trkpt>
      <trkpt lat="50.08647599" lon="-121.063756">
      </trkpt>
      <trkpt lat="50.08660521" lon="-121.06365581">
      </trkpt>
      <trkpt lat="50.08668184" lon="-121.06361265">
      </trkpt>
      <trkpt lat="50.08683048" lon="-121.06351323">
      </trkpt>
      <trkpt lat="50.08693243" lon="-121.06340663">
      </trkpt>
      <trkpt lat="50.08702928" lon="-121.06332641">
      </trkpt>
      <trkpt lat="50.08714985" lon="-121.06315928">
      </trkpt>
      <trkpt lat="50.08722844" lon="-121.06307313">
      </trkpt>
      <trkpt lat="50.08731881" lon="-121.06295204">
      </trkpt>
      <trkpt lat="50.08735306" lon="-121.06292368">
      </trkpt>
      <trkpt lat="50.08745666" lon="-121.06285689">
      </trkpt>
      <trkpt lat="50.08761109" lon="-121.06278338">
      </trkpt>
      <trkpt lat="50.08788326" lon="-121.06268105">
      </trkpt>
    </trkseg>
    <trkseg>
      <trkpt lat="50.04121092" lon="-121.3123725">
      </trkpt>
      <trkpt lat="50.04088673" lon="-121.31238394">
      </trkpt>
      <trkpt lat="50.04023853" lon="-121.31240667">
      </trkpt>
      <trkpt lat="50.03983428" lon="-121.31242085">
      </trkpt>
      <trkpt lat="50.03965583" lon="-121.31242435">
      </trkpt>
      <trkpt lat="50.03908738" lon="-121.31239889">
      </trkpt>
      <trkpt lat="50.03873429" lon="-121.31236564">
      </trkpt>
      <trkpt lat="50.03862802" lon="-121.31235665">
      </trkpt>
      <trkpt lat="50.03809235" lon="-121.31231608">
      </trkpt>
      <trkpt lat="50.03802026" lon="-121.31231105">
      </trkpt>
      <trkpt lat="50.03745158" lon="-121.31230313">
      </trkpt>
      <trkpt lat="50.0365404" lon="-121.31233514">
      </trkpt>
      <trkpt lat="50.03645761" lon="-121.31231669">
      </trkpt>
      <trkpt lat="50.03504654" lon="-121.31182002">
      </trkpt>
      <trkpt lat="50.03497573" lon="-121.31178616">
      </trkpt>
      <trkpt lat="50.03359676" lon="-121.31062674">
      </trkpt>
      <trkpt lat="50.03282401" lon="-121.3094045">
      </trkpt>
      <trkpt lat="50.03277637" lon="-121.30932855">
      </trkpt>
      <trkpt lat="50.03239426" lon="-121.3086748">
      </trkpt>
      <trkpt lat="50.03173455" lon="-121.30747161">
      </trkpt>
      <trkpt lat="50.03137945" lon="-121.30537068">
      </trkpt>
      <trkpt lat="50.03139968" lon="-121.30399243">
      </trkpt>
      <trkpt lat="50.03142551" lon="-121.30320418">
      </trkpt>
      <trkpt lat="50.03148849" lon="-121.30232687">
      </trkpt>
      <trkpt lat="50.03157287" lon="-121.30141389">
      </trkpt>
      <trkpt lat="50.03144575" lon="-121.30104088">
      </trkpt>
      <trkpt lat="50.0314265" lon="-121.29973323">
      </trkpt>
      <trkpt lat="50.03094173" lon="-121.29763688">
      </trkpt>
      <trkpt lat="50.0300827" lon="-121.29656027">
      </trkpt>
      <trkpt lat="50.02974516" lon="-121.29566648">
      </trkpt>
      <trkpt lat="50.02912078" lon="-121.29474099">
      </trkpt>
      <trkpt lat="50.02905683" lon="-121.29464706">
      </trkpt>
      <trkpt lat="50.0286296" lon="-121.29406437">
      </trkpt>
      <trkpt lat="50.02751716" lon="-121.29264129">
      </trkpt>
      <trkpt lat="50.02734231" lon="-121.29241193">
      </trkpt>
      <trkpt lat="50.02524495" lon="-121.28958696">
      </trkpt>
      <trkpt lat="50.02282997" lon="-121.28939268">
      </trkpt>
      <trkpt lat="50.0224019" lon="-121.28875768">
      </trkpt>
      <trkpt lat="50.02229167" lon="-121.28875815">
      </trkpt>
      <trkpt lat="50.0219309" lon="-121.28875936">
      </trkpt>
      <trkpt lat="50.02138384" lon="-121.28819284">
      </trkpt>
      <trkpt lat="50.02132164" lon="-121.28815869">
      </trkpt>
      <trkpt lat="50.02079198" lon="-121.28783737">
      </trkpt>
      <trkpt lat="50.02027643" lon="-121.28746483">
      </trkpt>
      <trkpt lat="50.0198176" lon="-121.28707917">
      </trkpt>
      <trkpt lat="50.01980826" lon="-121.28707078">
      </trkpt>
      <trkpt lat="50.01895178" lon="-121.28592295">
      </trkpt>
      <trkpt lat="50.0186345" lon="-121.28508331">
      </trkpt>
      <trkpt lat="50.01844418" lon="-121.28455355">
      </trkpt>
      <trkpt lat="50.01824314" lon="-121.28396384">
      </trkpt>
      <trkpt lat="50.01822929" lon="-121.28303424">
      </trkpt>
      <trkpt lat="50.01844142" lon="-121.28116632">
      </trkpt>
      <trkpt lat="50.01930019" lon="-121.27977144">
      </trkpt>
      <trkpt lat="50.01937586" lon="-121.2793433">
      </trkpt>
      <trkpt lat="50.01938999" lon="-121.27928667">
      </trkpt>
      <trkpt lat="50.0194959" lon="-121.27911068">
      </trkpt>
      <trkpt lat="50.01968358" lon="-121.27884594">
      </trkpt>
      <trkpt lat="50.01987104" lon="-121.27857114">
      </trkpt>
      <trkpt lat="50.02002727" lon="-121.27833723">
      </trkpt>
      <trkpt lat="50.02015225" lon="-121.27815407">
      </trkpt>
      <trkpt lat="50.02028872" lon="-121.27788111">
      </trkpt>
      <trkpt lat="50.02038756" lon="-121.27765923">
      </trkpt>
      <trkpt lat="50.0205485" lon="-121.27731596">
      </trkpt>
      <trkpt lat="50.02074609" lon="-121.27686213">
      </trkpt>
      <trkpt lat="50.02091989" lon="-121.27651842">
      </trkpt>
      <trkpt lat="50.02112505" lon="-121.27614373">
      </trkpt>
      <trkpt lat="50.02132312" lon="-121.27571964">
      </trkpt>
      <trkpt lat="50.02141666" lon="-121.27556746">
      </trkpt>
      <trkpt lat="50.02155558" lon="-121.27546314">
      </trkpt>
      <trkpt lat="50.02170639" lon="-121.2752989">
      </trkpt>
      <trkpt lat="50.02183245" lon="-121.27518514">
      </trkpt>
      <trkpt lat="50.02193887" lon="-121.27504241">
      </trkpt>
      <trkpt lat="50.02205126" lon="-121.27486963">
      </trkpt>
      <trkpt lat="50.02214488" lon="-121.27472719">
      </trkpt>
      <trkpt lat="50.02222653" lon="-121.27463495">
      </trkpt>
      <trkpt lat="50.02229039" lon="-121.27463266">
      </trkpt>
      <trkpt lat="50.02234876" lon="-121.27469014">
      </trkpt>
      <trkpt lat="50.02238226" lon="-121.27479812">
      </trkpt>
      <trkpt lat="50.02239866" lon="-121.27504577">
      </trkpt>
      <trkpt lat="50.02238893" lon="-121.27524462">
      </trkpt>
      <trkpt lat="50.02236722" lon="-121.27550355">
      </trkpt>
      <trkpt lat="50.02238245" lon="-121.27567176">
      </trkpt>
      <trkpt lat="50.02241007" lon="-121.27580976">
      </trkpt>
      <trkpt lat="50.02247746" lon="-121.27604568">
      </trkpt>
      <trkpt lat="50.02253082" lon="-121.2762026">
      </trkpt>
      <trkpt lat="50.02257198" lon="-121.2763897">
      </trkpt>
      <trkpt lat="50.02261245" lon="-121.27653732">
      </trkpt>
      <trkpt lat="50.02265922" lon="-121.27667456">
      </trkpt>
      <trkpt lat="50.02268653" lon="-121.27679275">
      </trkpt>
      <trkpt lat="50.0227" lon="-121.27684186">
      </trkpt>
      <trkpt lat="50.02272809" lon="-121.27688852">
      </trkpt>
      <trkpt lat="50.02278753" lon="-121.27695455">
      </trkpt>
      <trkpt lat="50.02284343" lon="-121.27702653">
      </trkpt>
      <trkpt lat="50.0228849" lon="-121.27711024">
      </trkpt>
      <trkpt lat="50.02292017" lon="-121.27726824">
      </trkpt>
      <trkpt lat="50.02294001" lon="-121.2773698">
      </trkpt>
      <trkpt lat="50.02295555" lon="-121.27743185">
      </trkpt>
      <trkpt lat="50.02300043" lon="-121.27750413">
      </trkpt>
      <trkpt lat="50.02304916" lon="-121.27758192">
      </trkpt>
      <trkpt lat="50.02309064" lon="-121.27766563">
      </trkpt>
      <trkpt lat="50.02310664" lon="-121.27775606">
      </trkpt>
      <trkpt lat="50.02312659" lon="-121.27786907">
      </trkpt>
      <trkpt lat="50.02315871" lon="-121.2780612">
      </trkpt>
      <trkpt lat="50.02317189" lon="-121.27821431">
      </trkpt>
      <trkpt lat="50.02318563" lon="-121.27840142">
      </trkpt>
      <trkpt lat="50.02319457" lon="-121.27850908">
      </trkpt>
      <trkpt lat="50.02321384" lon="-121.27857084">
      </trkpt>
      <trkpt lat="50.02324772" lon="-121.27864358">
      </trkpt>
      <trkpt lat="50.02330707" lon="-121.27869833">
      </trkpt>
      <trkpt lat="50.02337368" lon="-121.27874713">
      </trkpt>
      <trkpt lat="50.02344334" lon="-121.27876162">
      </trkpt>
      <trkpt lat="50.02354934" lon="-121.27875781">
      </trkpt>
      <trkpt lat="50.02363326" lon="-121.27874347">
      </trkpt>
      <trkpt lat="50.02368768" lon="-121.27871877">
      </trkpt>
      <trkpt lat="50.02372422" lon="-121.2787119">
      </trkpt>
      <trkpt lat="50.02375753" lon="-121.27873905">
      </trkpt>
      <trkpt lat="50.02377669" lon="-121.27880097">
      </trkpt>
      <trkpt lat="50.0237815" lon="-121.27888026">
      </trkpt>
      <trkpt lat="50.02379025" lon="-121.27897664">
      </trkpt>
      <trkpt lat="50.02381018" lon="-121.27908964">
      </trkpt>
      <trkpt lat="50.02384114" lon="-121.27920218">
      </trkpt>
      <trkpt lat="50.02388309" lon="-121.27932006">
      </trkpt>
      <trkpt lat="50.02393958" lon="-121.27942619">
      </trkpt>
      <trkpt lat="50.02398093" lon="-121.27950426">
      </trkpt>
      <trkpt lat="50.02405953" lon="-121.27962641">
      </trkpt>
      <trkpt lat="50.02411229" lon="-121.27973255">
      </trkpt>
      <trkpt lat="50.02418696" lon="-121.27978989">
      </trkpt>
    </trkseg>
    <trkseg>
      <trkpt lat="50.10162338" lon="-121.27214509">
      </trkpt>
      <trkpt lat="50.10154431" lon="-121.2720596">
      </trkpt>
      <trkpt lat="50.10062955" lon="-121.27077818">
      </trkpt>
      <trkpt lat="50.10046074" lon="-121.26946993">
      </trkpt>
      <trkpt lat="50.10099737" lon="-121.26875487">
      </trkpt>
      <trkpt lat="50.10217696" lon="-121.26778454">
      </trkpt>
      <trkpt lat="50.10206829" lon="-121.26716998">
      </trkpt>
      <trkpt lat="50.1020214" lon="-121.26712713">
      </trkpt>
      <trkpt lat="50.1019701" lon="-121.26707987">
      </trkpt>
      <trkpt lat="50.10149104" lon="-121.26660347">
      </trkpt>
      <trkpt lat="50.1010323" lon="-121.26608087">
      </trkpt>
      <trkpt lat="50.10059571" lon="-121.26551434">
      </trkpt>
      <trkpt lat="50.10018305" lon="-121.26490605">
      </trkpt>
      <trkpt lat="50.10014283" lon="-121.26484276">
      </trkpt>
      <trkpt lat="50.10018099" lon="-121.26406839">
      </trkpt>
      <trkpt lat="50.1006216" lon="-121.26358863">
      </trkpt>
      <trkpt lat="50.10074421" lon="-121.26274351">
      </trkpt>
      <trkpt lat="50.10078329" lon="-121.2623992">
      </trkpt>
    </trkseg>
  </trk>
</gpx>