<?xml version="1.0" encoding="UTF-8"?>
<gpx xmlns="http://www.topografix.com/GPX/1/1" xmlns:xsi="http://www.w3.org/2001/XMLSchema-instance" xsi:schemaLocation="http://www.topografix.com/GPX/1/1 http://www.topografix.com/GPX/1/1/gpx.xsd" version="1.1" creator="gpx.py -- https://github.com/tkrajina/gpxpy">
  <trk>
    <name>Cypress Creek Trail</name>
    <trkseg>
      <trkpt lat="56.89750963" lon="-122.87763223">
      </trkpt>
      <trkpt lat="56.89744805" lon="-122.87772977">
      </trkpt>
      <trkpt lat="56.8973846" lon="-122.87779662">
      </trkpt>
      <trkpt lat="56.89730399" lon="-122.8778957">
      </trkpt>
      <trkpt lat="56.89717778" lon="-122.87801082">
      </trkpt>
      <trkpt lat="56.89703459" lon="-122.87830625">
      </trkpt>
      <trkpt lat="56.89684632" lon="-122.87868556">
      </trkpt>
      <trkpt lat="56.89677466" lon="-122.87878391">
      </trkpt>
      <trkpt lat="56.89666786" lon="-122.8788666">
      </trkpt>
      <trkpt lat="56.89666714" lon="-122.87888312">
      </trkpt>
      <trkpt lat="56.89668444" lon="-122.87894959">
      </trkpt>
      <trkpt lat="56.89665872" lon="-122.87904629">
      </trkpt>
      <trkpt lat="56.8965866" lon="-122.8793586">
      </trkpt>
      <trkpt lat="56.89658667" lon="-122.87940795">
      </trkpt>
      <trkpt lat="56.89657784" lon="-122.8795074">
      </trkpt>
      <trkpt lat="56.89650691" lon="-122.87986897">
      </trkpt>
      <trkpt lat="56.89647072" lon="-122.88022979">
      </trkpt>
      <trkpt lat="56.89647073" lon="-122.88055683">
      </trkpt>
      <trkpt lat="56.89648882" lon="-122.88093588">
      </trkpt>
      <trkpt lat="56.89648928" lon="-122.88100167">
      </trkpt>
      <trkpt lat="56.89656108" lon="-122.88132907">
      </trkpt>
      <trkpt lat="56.89671468" lon="-122.88160667">
      </trkpt>
      <trkpt lat="56.89684919" lon="-122.88183645">
      </trkpt>
      <trkpt lat="56.89693987" lon="-122.8820163">
      </trkpt>
      <trkpt lat="56.89702048" lon="-122.88219696">
      </trkpt>
      <trkpt lat="56.89716466" lon="-122.88240951">
      </trkpt>
      <trkpt lat="56.89737135" lon="-122.88265609">
      </trkpt>
      <trkpt lat="56.89750637" lon="-122.88300102">
      </trkpt>
      <trkpt lat="56.89756099" lon="-122.88303363">
      </trkpt>
      <trkpt lat="56.89794092" lon="-122.9057755">
      </trkpt>
      <trkpt lat="56.89826732" lon="-122.92776531">
      </trkpt>
      <trkpt lat="56.89840512" lon="-122.93027248">
      </trkpt>
      <trkpt lat="56.89840673" lon="-122.93199909">
      </trkpt>
      <trkpt lat="56.8984305" lon="-122.93300446">
      </trkpt>
      <trkpt lat="56.89841736" lon="-122.938195">
      </trkpt>
      <trkpt lat="56.89841295" lon="-122.93906064">
      </trkpt>
      <trkpt lat="56.89842758" lon="-122.93998134">
      </trkpt>
      <trkpt lat="56.89836448" lon="-122.94011181">
      </trkpt>
      <trkpt lat="56.89830966" lon="-122.94026014">
      </trkpt>
      <trkpt lat="56.89828317" lon="-122.94037331">
      </trkpt>
      <trkpt lat="56.8982743" lon="-122.94047275">
      </trkpt>
      <trkpt lat="56.89828342" lon="-122.94066948">
      </trkpt>
      <trkpt lat="56.89829285" lon="-122.94078392">
      </trkpt>
      <trkpt lat="56.89831068" lon="-122.9410643">
      </trkpt>
      <trkpt lat="56.89833811" lon="-122.94122873">
      </trkpt>
      <trkpt lat="56.89834753" lon="-122.94134317">
      </trkpt>
      <trkpt lat="56.89837384" lon="-122.94150769">
      </trkpt>
      <trkpt lat="56.89831555" lon="-122.9423018">
      </trkpt>
      <trkpt lat="56.89823568" lon="-122.94312787">
      </trkpt>
      <trkpt lat="56.89816545" lon="-122.94436304">
      </trkpt>
      <trkpt lat="56.89717223" lon="-122.9581036">
      </trkpt>
      <trkpt lat="56.89677033" lon="-122.96533045">
      </trkpt>
      <trkpt lat="56.89664666" lon="-122.9665456">
      </trkpt>
      <trkpt lat="56.89664984" lon="-122.96656778">
      </trkpt>
      <trkpt lat="56.89664975" lon="-122.96656944">
      </trkpt>
      <trkpt lat="56.89663022" lon="-122.96692606">
      </trkpt>
      <trkpt lat="56.89661236" lon="-122.96731239">
      </trkpt>
      <trkpt lat="56.89663315" lon="-122.96736326">
      </trkpt>
      <trkpt lat="56.89662812" lon="-122.96762947">
      </trkpt>
      <trkpt lat="56.89659745" lon="-122.96783759">
      </trkpt>
      <trkpt lat="56.89660775" lon="-122.96817907">
      </trkpt>
      <trkpt lat="56.89659795" lon="-122.96825074">
      </trkpt>
      <trkpt lat="56.8965946" lon="-122.96831947">
      </trkpt>
      <trkpt lat="56.89660247" lon="-122.96843261">
      </trkpt>
      <trkpt lat="56.89655855" lon="-122.9688534">
      </trkpt>
      <trkpt lat="56.89651706" lon="-122.96924659">
      </trkpt>
      <trkpt lat="56.89649795" lon="-122.96956687">
      </trkpt>
      <trkpt lat="56.89645328" lon="-122.96986274">
      </trkpt>
      <trkpt lat="56.89645177" lon="-122.96999652">
      </trkpt>
      <trkpt lat="56.8964568" lon="-122.97026792">
      </trkpt>
      <trkpt lat="56.89642268" lon="-122.97067277">
      </trkpt>
      <trkpt lat="56.89637776" lon="-122.97104022">
      </trkpt>
      <trkpt lat="56.89635898" lon="-122.97134583">
      </trkpt>
      <trkpt lat="56.89636057" lon="-122.97143309">
      </trkpt>
      <trkpt lat="56.89634356" lon="-122.97181983">
      </trkpt>
      <trkpt lat="56.89630064" lon="-122.97213995">
      </trkpt>
      <trkpt lat="56.89628799" lon="-122.97235703">
      </trkpt>
      <trkpt lat="56.89628975" lon="-122.97248108">
      </trkpt>
      <trkpt lat="56.89629603" lon="-122.97255333">
      </trkpt>
      <trkpt lat="56.89630894" lon="-122.97281242">
      </trkpt>
      <trkpt lat="56.89634934" lon="-122.97291735">
      </trkpt>
      <trkpt lat="56.89635177" lon="-122.9729778">
      </trkpt>
      <trkpt lat="56.8963304" lon="-122.97302783">
      </trkpt>
      <trkpt lat="56.89634209" lon="-122.97307542">
      </trkpt>
      <trkpt lat="56.89635479" lon="-122.97307184">
      </trkpt>
      <trkpt lat="56.89639519" lon="-122.973055">
      </trkpt>
      <trkpt lat="56.89640475" lon="-122.97306213">
      </trkpt>
      <trkpt lat="56.89646015" lon="-122.97317745">
      </trkpt>
      <trkpt lat="56.89658848" lon="-122.9733145">
      </trkpt>
      <trkpt lat="56.89665285" lon="-122.97338935">
      </trkpt>
      <trkpt lat="56.89671714" lon="-122.97350484">
      </trkpt>
      <trkpt lat="56.89669543" lon="-122.97367281">
      </trkpt>
      <trkpt lat="56.89652553" lon="-122.97397616">
      </trkpt>
      <trkpt lat="56.89644992" lon="-122.97424958">
      </trkpt>
      <trkpt lat="56.89641698" lon="-122.97471521">
      </trkpt>
      <trkpt lat="56.8964664" lon="-122.97513286">
      </trkpt>
      <trkpt lat="56.896479" lon="-122.97549924">
      </trkpt>
      <trkpt lat="56.89647413" lon="-122.97563864">
      </trkpt>
      <trkpt lat="56.8964654" lon="-122.97572869">
      </trkpt>
      <trkpt lat="56.89644604" lon="-122.97582702">
      </trkpt>
      <trkpt lat="56.89637063" lon="-122.97608749">
      </trkpt>
      <trkpt lat="56.89639016" lon="-122.97642537">
      </trkpt>
      <trkpt lat="56.89634046" lon="-122.97671538">
      </trkpt>
      <trkpt lat="56.89623124" lon="-122.97706941">
      </trkpt>
      <trkpt lat="56.89620273" lon="-122.97709704">
      </trkpt>
      <trkpt lat="56.89619857" lon="-122.97709848">
      </trkpt>
      <trkpt lat="56.89605172" lon="-122.97714959">
      </trkpt>
      <trkpt lat="56.89598299" lon="-122.97718688">
      </trkpt>
      <trkpt lat="56.89595347" lon="-122.9772006">
      </trkpt>
      <trkpt lat="56.89593756" lon="-122.97721096">
      </trkpt>
      <trkpt lat="56.89592552" lon="-122.97722786">
      </trkpt>
      <trkpt lat="56.8959151" lon="-122.97726058">
      </trkpt>
      <trkpt lat="56.89590763" lon="-122.9773136">
      </trkpt>
      <trkpt lat="56.89589613" lon="-122.97735325">
      </trkpt>
      <trkpt lat="56.89588953" lon="-122.97741573">
      </trkpt>
      <trkpt lat="56.895825" lon="-122.97770843">
      </trkpt>
      <trkpt lat="56.89576456" lon="-122.97786316">
      </trkpt>
      <trkpt lat="56.89573547" lon="-122.97802368">
      </trkpt>
      <trkpt lat="56.89577697" lon="-122.97816374">
      </trkpt>
      <trkpt lat="56.89578801" lon="-122.97818667">
      </trkpt>
      <trkpt lat="56.89579553" lon="-122.97821155">
      </trkpt>
      <trkpt lat="56.89579792" lon="-122.97826443">
      </trkpt>
      <trkpt lat="56.89580358" lon="-122.97830854">
      </trkpt>
      <trkpt lat="56.8958053" lon="-122.97835768">
      </trkpt>
      <trkpt lat="56.89575249" lon="-122.97850044">
      </trkpt>
      <trkpt lat="56.895711" lon="-122.978579">
      </trkpt>
      <trkpt lat="56.89567926" lon="-122.97865225">
      </trkpt>
      <trkpt lat="56.89561211" lon="-122.97875187">
      </trkpt>
      <trkpt lat="56.89556759" lon="-122.97887713">
      </trkpt>
      <trkpt lat="56.8955603" lon="-122.97903345">
      </trkpt>
      <trkpt lat="56.89553717" lon="-122.97911901">
      </trkpt>
      <trkpt lat="56.89548678" lon="-122.97927426">
      </trkpt>
      <trkpt lat="56.89545627" lon="-122.97940946">
      </trkpt>
      <trkpt lat="56.89543405" lon="-122.97949998">
      </trkpt>
      <trkpt lat="56.8954232" lon="-122.97955083">
      </trkpt>
      <trkpt lat="56.89541522" lon="-122.97958675">
      </trkpt>
      <trkpt lat="56.89541119" lon="-122.97962404">
      </trkpt>
      <trkpt lat="56.89538478" lon="-122.9797019">
      </trkpt>
      <trkpt lat="56.89534561" lon="-122.97986626">
      </trkpt>
      <trkpt lat="56.89533504" lon="-122.97989743">
      </trkpt>
      <trkpt lat="56.89533496" lon="-122.97989767">
      </trkpt>
      <trkpt lat="56.89533486" lon="-122.9798979">
      </trkpt>
      <trkpt lat="56.89532403" lon="-122.97992483">
      </trkpt>
      <trkpt lat="56.89531483" lon="-122.97995862">
      </trkpt>
      <trkpt lat="56.89529976" lon="-122.98000227">
      </trkpt>
      <trkpt lat="56.8952997" lon="-122.98000247">
      </trkpt>
      <trkpt lat="56.89529949" lon="-122.98000249">
      </trkpt>
      <trkpt lat="56.8952914" lon="-122.98002569">
      </trkpt>
      <trkpt lat="56.89522383" lon="-122.98015076">
      </trkpt>
      <trkpt lat="56.89517623" lon="-122.98027925">
      </trkpt>
      <trkpt lat="56.89517305" lon="-122.98031386">
      </trkpt>
      <trkpt lat="56.89514632" lon="-122.98044126">
      </trkpt>
      <trkpt lat="56.89513308" lon="-122.98056994">
      </trkpt>
      <trkpt lat="56.89515403" lon="-122.98060851">
      </trkpt>
      <trkpt lat="56.89519216" lon="-122.98070882">
      </trkpt>
      <trkpt lat="56.89517907" lon="-122.98086533">
      </trkpt>
      <trkpt lat="56.89517204" lon="-122.98100277">
      </trkpt>
      <trkpt lat="56.89515332" lon="-122.98107016">
      </trkpt>
      <trkpt lat="56.8951251" lon="-122.98118843">
      </trkpt>
      <trkpt lat="56.89512837" lon="-122.98120738">
      </trkpt>
      <trkpt lat="56.89514497" lon="-122.98124308">
      </trkpt>
      <trkpt lat="56.89514661" lon="-122.9812735">
      </trkpt>
      <trkpt lat="56.8951471" lon="-122.98129444">
      </trkpt>
      <trkpt lat="56.89512536" lon="-122.98138884">
      </trkpt>
      <trkpt lat="56.895093" lon="-122.98148925">
      </trkpt>
      <trkpt lat="56.89507002" lon="-122.98158722">
      </trkpt>
      <trkpt lat="56.89505746" lon="-122.98161038">
      </trkpt>
      <trkpt lat="56.89505813" lon="-122.98174089">
      </trkpt>
      <trkpt lat="56.89501723" lon="-122.98190643">
      </trkpt>
      <trkpt lat="56.89494959" lon="-122.98209503">
      </trkpt>
      <trkpt lat="56.89490246" lon="-122.98208989">
      </trkpt>
      <trkpt lat="56.89486107" lon="-122.98211413">
      </trkpt>
      <trkpt lat="56.89480129" lon="-122.98216775">
      </trkpt>
      <trkpt lat="56.8947641" lon="-122.98231655">
      </trkpt>
      <trkpt lat="56.89475479" lon="-122.98241185">
      </trkpt>
      <trkpt lat="56.89473385" lon="-122.98259299">
      </trkpt>
      <trkpt lat="56.89467961" lon="-122.98282198">
      </trkpt>
      <trkpt lat="56.89461776" lon="-122.98296489">
      </trkpt>
      <trkpt lat="56.89461071" lon="-122.98301418">
      </trkpt>
      <trkpt lat="56.89458858" lon="-122.98321509">
      </trkpt>
      <trkpt lat="56.89445331" lon="-122.98347879">
      </trkpt>
      <trkpt lat="56.89441281" lon="-122.9835776">
      </trkpt>
      <trkpt lat="56.8943848" lon="-122.98372693">
      </trkpt>
      <trkpt lat="56.89437938" lon="-122.98386167">
      </trkpt>
      <trkpt lat="56.89439744" lon="-122.98389785">
      </trkpt>
      <trkpt lat="56.89440025" lon="-122.98396787">
      </trkpt>
      <trkpt lat="56.89434642" lon="-122.98409163">
      </trkpt>
      <trkpt lat="56.89433249" lon="-122.98414867">
      </trkpt>
      <trkpt lat="56.89430699" lon="-122.98419961">
      </trkpt>
      <trkpt lat="56.89430463" lon="-122.98426275">
      </trkpt>
      <trkpt lat="56.89428268" lon="-122.9843279">
      </trkpt>
      <trkpt lat="56.89427202" lon="-122.98435115">
      </trkpt>
      <trkpt lat="56.89426405" lon="-122.98435925">
      </trkpt>
      <trkpt lat="56.89425919" lon="-122.98436896">
      </trkpt>
      <trkpt lat="56.89425514" lon="-122.98437119">
      </trkpt>
      <trkpt lat="56.89424928" lon="-122.98438096">
      </trkpt>
      <trkpt lat="56.89424845" lon="-122.98438548">
      </trkpt>
      <trkpt lat="56.89424988" lon="-122.98439485">
      </trkpt>
      <trkpt lat="56.89420771" lon="-122.98450724">
      </trkpt>
      <trkpt lat="56.89419739" lon="-122.9845158">
      </trkpt>
      <trkpt lat="56.89419147" lon="-122.98452373">
      </trkpt>
      <trkpt lat="56.89418718" lon="-122.9845302">
      </trkpt>
      <trkpt lat="56.89418099" lon="-122.98453299">
      </trkpt>
      <trkpt lat="56.89417347" lon="-122.98453822">
      </trkpt>
      <trkpt lat="56.89416232" lon="-122.98454095">
      </trkpt>
      <trkpt lat="56.89415619" lon="-122.98454258">
      </trkpt>
      <trkpt lat="56.89414715" lon="-122.98454587">
      </trkpt>
      <trkpt lat="56.89412674" lon="-122.98456734">
      </trkpt>
      <trkpt lat="56.89411695" lon="-122.98457623">
      </trkpt>
      <trkpt lat="56.89411335" lon="-122.98458214">
      </trkpt>
      <trkpt lat="56.89411141" lon="-122.98458604">
      </trkpt>
      <trkpt lat="56.89410852" lon="-122.98459374">
      </trkpt>
      <trkpt lat="56.89410256" lon="-122.98459981">
      </trkpt>
      <trkpt lat="56.89409676" lon="-122.98461333">
      </trkpt>
      <trkpt lat="56.89409699" lon="-122.98462341">
      </trkpt>
      <trkpt lat="56.8940938" lon="-122.98463054">
      </trkpt>
      <trkpt lat="56.89409304" lon="-122.98465745">
      </trkpt>
      <trkpt lat="56.89409126" lon="-122.98467306">
      </trkpt>
      <trkpt lat="56.8940788" lon="-122.98481788">
      </trkpt>
      <trkpt lat="56.89409098" lon="-122.98502583">
      </trkpt>
      <trkpt lat="56.89408953" lon="-122.98510427">
      </trkpt>
      <trkpt lat="56.89408887" lon="-122.98511638">
      </trkpt>
      <trkpt lat="56.89408878" lon="-122.98513027">
      </trkpt>
      <trkpt lat="56.89408835" lon="-122.98521007">
      </trkpt>
      <trkpt lat="56.89405247" lon="-122.98533244">
      </trkpt>
      <trkpt lat="56.89403429" lon="-122.98539532">
      </trkpt>
      <trkpt lat="56.89402105" lon="-122.98544116">
      </trkpt>
      <trkpt lat="56.89400528" lon="-122.98556765">
      </trkpt>
      <trkpt lat="56.8940106" lon="-122.98559235">
      </trkpt>
      <trkpt lat="56.89402665" lon="-122.98574202">
      </trkpt>
      <trkpt lat="56.8940288" lon="-122.9857766">
      </trkpt>
      <trkpt lat="56.89402748" lon="-122.98583626">
      </trkpt>
      <trkpt lat="56.89402512" lon="-122.98585134">
      </trkpt>
      <trkpt lat="56.89402364" lon="-122.98587251">
      </trkpt>
      <trkpt lat="56.89402257" lon="-122.98591606">
      </trkpt>
      <trkpt lat="56.89402401" lon="-122.98597801">
      </trkpt>
      <trkpt lat="56.89402431" lon="-122.98615362">
      </trkpt>
      <trkpt lat="56.89401333" lon="-122.98629049">
      </trkpt>
      <trkpt lat="56.89401869" lon="-122.98631036">
      </trkpt>
      <trkpt lat="56.89401559" lon="-122.98637329">
      </trkpt>
      <trkpt lat="56.89401662" lon="-122.98641789">
      </trkpt>
      <trkpt lat="56.89402056" lon="-122.98653073">
      </trkpt>
      <trkpt lat="56.89402213" lon="-122.98669326">
      </trkpt>
      <trkpt lat="56.89403788" lon="-122.98680838">
      </trkpt>
      <trkpt lat="56.89404903" lon="-122.98693905">
      </trkpt>
      <trkpt lat="56.89405257" lon="-122.98703308">
      </trkpt>
      <trkpt lat="56.8940679" lon="-122.98720253">
      </trkpt>
      <trkpt lat="56.89405415" lon="-122.98738626">
      </trkpt>
      <trkpt lat="56.89406067" lon="-122.9876003">
      </trkpt>
      <trkpt lat="56.89405466" lon="-122.98770243">
      </trkpt>
      <trkpt lat="56.89404099" lon="-122.98775993">
      </trkpt>
      <trkpt lat="56.89401769" lon="-122.98789824">
      </trkpt>
      <trkpt lat="56.89398233" lon="-122.98801666">
      </trkpt>
      <trkpt lat="56.89397163" lon="-122.98804053">
      </trkpt>
      <trkpt lat="56.89395566" lon="-122.98807888">
      </trkpt>
      <trkpt lat="56.89395122" lon="-122.98809293">
      </trkpt>
      <trkpt lat="56.89393193" lon="-122.98815394">
      </trkpt>
      <trkpt lat="56.89392507" lon="-122.98819782">
      </trkpt>
      <trkpt lat="56.89392524" lon="-122.98825349">
      </trkpt>
      <trkpt lat="56.89392271" lon="-122.98831735">
      </trkpt>
      <trkpt lat="56.89392598" lon="-122.98840059">
      </trkpt>
      <trkpt lat="56.89391989" lon="-122.98848455">
      </trkpt>
      <trkpt lat="56.89392188" lon="-122.98861201">
      </trkpt>
      <trkpt lat="56.8939078" lon="-122.98887025">
      </trkpt>
      <trkpt lat="56.89385139" lon="-122.9891928">
      </trkpt>
      <trkpt lat="56.89382289" lon="-122.98942875">
      </trkpt>
      <trkpt lat="56.89380026" lon="-122.98967911">
      </trkpt>
      <trkpt lat="56.89377595" lon="-122.98993166">
      </trkpt>
      <trkpt lat="56.89372801" lon="-122.99018252">
      </trkpt>
      <trkpt lat="56.89366758" lon="-122.99039661">
      </trkpt>
      <trkpt lat="56.89360882" lon="-122.99051353">
      </trkpt>
      <trkpt lat="56.89357278" lon="-122.99069893">
      </trkpt>
      <trkpt lat="56.89356814" lon="-122.99071379">
      </trkpt>
      <trkpt lat="56.8935457" lon="-122.99078561">
      </trkpt>
      <trkpt lat="56.89353467" lon="-122.99086335">
      </trkpt>
      <trkpt lat="56.8935245" lon="-122.99097982">
      </trkpt>
      <trkpt lat="56.89351734" lon="-122.9910722">
      </trkpt>
      <trkpt lat="56.89349298" lon="-122.99117553">
      </trkpt>
      <trkpt lat="56.89346649" lon="-122.99134862">
      </trkpt>
      <trkpt lat="56.89344222" lon="-122.99146862">
      </trkpt>
      <trkpt lat="56.89340019" lon="-122.99161165">
      </trkpt>
      <trkpt lat="56.89337633" lon="-122.99171448">
      </trkpt>
      <trkpt lat="56.89336483" lon="-122.99177895">
      </trkpt>
      <trkpt lat="56.89333741" lon="-122.99194113">
      </trkpt>
      <trkpt lat="56.89333658" lon="-122.99194577">
      </trkpt>
      <trkpt lat="56.89333494" lon="-122.99195491">
      </trkpt>
      <trkpt lat="56.89332188" lon="-122.99208377">
      </trkpt>
      <trkpt lat="56.89334116" lon="-122.99228568">
      </trkpt>
      <trkpt lat="56.89335792" lon="-122.99249774">
      </trkpt>
      <trkpt lat="56.8933617" lon="-122.9927663">
      </trkpt>
      <trkpt lat="56.89337142" lon="-122.99291448">
      </trkpt>
      <trkpt lat="56.89337084" lon="-122.9930405">
      </trkpt>
      <trkpt lat="56.89336086" lon="-122.99314834">
      </trkpt>
      <trkpt lat="56.89335249" lon="-122.99330595">
      </trkpt>
      <trkpt lat="56.89334149" lon="-122.99346048">
      </trkpt>
      <trkpt lat="56.89335524" lon="-122.99357984">
      </trkpt>
      <trkpt lat="56.89334753" lon="-122.99376257">
      </trkpt>
      <trkpt lat="56.89332616" lon="-122.99393616">
      </trkpt>
      <trkpt lat="56.8932873" lon="-122.99408647">
      </trkpt>
      <trkpt lat="56.89326715" lon="-122.99419013">
      </trkpt>
      <trkpt lat="56.89323605" lon="-122.99429758">
      </trkpt>
      <trkpt lat="56.89323555" lon="-122.99431745">
      </trkpt>
      <trkpt lat="56.89323178" lon="-122.99432348">
      </trkpt>
      <trkpt lat="56.89322565" lon="-122.99438623">
      </trkpt>
      <trkpt lat="56.89314553" lon="-122.99453757">
      </trkpt>
      <trkpt lat="56.89304545" lon="-122.99476488">
      </trkpt>
      <trkpt lat="56.89300999" lon="-122.99480711">
      </trkpt>
      <trkpt lat="56.89299147" lon="-122.99483394">
      </trkpt>
      <trkpt lat="56.89297538" lon="-122.99486659">
      </trkpt>
      <trkpt lat="56.89295509" lon="-122.99491256">
      </trkpt>
      <trkpt lat="56.89293045" lon="-122.99494675">
      </trkpt>
      <trkpt lat="56.89285283" lon="-122.99508313">
      </trkpt>
      <trkpt lat="56.89276256" lon="-122.99527281">
      </trkpt>
      <trkpt lat="56.89272132" lon="-122.99537842">
      </trkpt>
      <trkpt lat="56.89266264" lon="-122.99553978">
      </trkpt>
      <trkpt lat="56.89264578" lon="-122.99556906">
      </trkpt>
      <trkpt lat="56.89256443" lon="-122.99570927">
      </trkpt>
      <trkpt lat="56.89252743" lon="-122.9957426">
      </trkpt>
      <trkpt lat="56.89252149" lon="-122.99574899">
      </trkpt>
      <trkpt lat="56.89245276" lon="-122.99584389">
      </trkpt>
      <trkpt lat="56.89226786" lon="-122.99619466">
      </trkpt>
      <trkpt lat="56.89221304" lon="-122.99631476">
      </trkpt>
      <trkpt lat="56.89218546" lon="-122.99639038">
      </trkpt>
      <trkpt lat="56.89210072" lon="-122.99654804">
      </trkpt>
      <trkpt lat="56.89196326" lon="-122.99681777">
      </trkpt>
      <trkpt lat="56.89181792" lon="-122.99711197">
      </trkpt>
      <trkpt lat="56.89166436" lon="-122.99738598">
      </trkpt>
      <trkpt lat="56.89156746" lon="-122.99759185">
      </trkpt>
      <trkpt lat="56.89155062" lon="-122.99766207">
      </trkpt>
      <trkpt lat="56.89154123" lon="-122.99768639">
      </trkpt>
      <trkpt lat="56.89153637" lon="-122.99769442">
      </trkpt>
      <trkpt lat="56.89149932" lon="-122.99768497">
      </trkpt>
      <trkpt lat="56.89142774" lon="-122.99759788">
      </trkpt>
      <trkpt lat="56.89140117" lon="-122.99749125">
      </trkpt>
      <trkpt lat="56.89136474" lon="-122.99747372">
      </trkpt>
      <trkpt lat="56.89119464" lon="-122.99748908">
      </trkpt>
      <trkpt lat="56.89118847" lon="-122.99749451">
      </trkpt>
      <trkpt lat="56.89113119" lon="-122.99754498">
      </trkpt>
      <trkpt lat="56.89102105" lon="-122.99758934">
      </trkpt>
      <trkpt lat="56.89088518" lon="-122.99767868">
      </trkpt>
      <trkpt lat="56.8907245" lon="-122.99770273">
      </trkpt>
      <trkpt lat="56.89061486" lon="-122.99772024">
      </trkpt>
      <trkpt lat="56.89045385" lon="-122.99779292">
      </trkpt>
      <trkpt lat="56.89027078" lon="-122.99778605">
      </trkpt>
      <trkpt lat="56.89012142" lon="-122.99795519">
      </trkpt>
      <trkpt lat="56.8899822" lon="-122.99812083">
      </trkpt>
      <trkpt lat="56.88987164" lon="-122.99830162">
      </trkpt>
      <trkpt lat="56.88974138" lon="-122.99857251">
      </trkpt>
      <trkpt lat="56.88956436" lon="-122.99871157">
      </trkpt>
      <trkpt lat="56.88940502" lon="-122.9987597">
      </trkpt>
      <trkpt lat="56.8893559" lon="-122.9989275">
      </trkpt>
      <trkpt lat="56.88935137" lon="-122.99898676">
      </trkpt>
      <trkpt lat="56.88933352" lon="-122.99927878">
      </trkpt>
      <trkpt lat="56.88930728" lon="-122.99948405">
      </trkpt>
      <trkpt lat="56.88929454" lon="-122.99986033">
      </trkpt>
      <trkpt lat="56.88923227" lon="-123.00006794">
      </trkpt>
      <trkpt lat="56.88911006" lon="-123.00030363">
      </trkpt>
      <trkpt lat="56.88908977" lon="-123.00044043">
      </trkpt>
      <trkpt lat="56.88901023" lon="-123.00070671">
      </trkpt>
      <trkpt lat="56.88900126" lon="-123.00087017">
      </trkpt>
      <trkpt lat="56.88892582" lon="-123.00117015">
      </trkpt>
      <trkpt lat="56.88885449" lon="-123.00144742">
      </trkpt>
      <trkpt lat="56.88882692" lon="-123.00149722">
      </trkpt>
      <trkpt lat="56.88874528" lon="-123.00164223">
      </trkpt>
      <trkpt lat="56.88867579" lon="-123.00194631">
      </trkpt>
      <trkpt lat="56.88866439" lon="-123.00209627">
      </trkpt>
      <trkpt lat="56.88856792" lon="-123.00237246">
      </trkpt>
      <trkpt lat="56.88851696" lon="-123.00247019">
      </trkpt>
      <trkpt lat="56.88843716" lon="-123.00270431">
      </trkpt>
      <trkpt lat="56.88843138" lon="-123.00271653">
      </trkpt>
      <trkpt lat="56.88832585" lon="-123.00294268">
      </trkpt>
      <trkpt lat="56.88821345" lon="-123.00318056">
      </trkpt>
      <trkpt lat="56.88811932" lon="-123.00342338">
      </trkpt>
      <trkpt lat="56.88804145" lon="-123.00373727">
      </trkpt>
      <trkpt lat="56.88801798" lon="-123.00378799">
      </trkpt>
      <trkpt lat="56.88788203" lon="-123.00402428">
      </trkpt>
      <trkpt lat="56.88774733" lon="-123.00425042">
      </trkpt>
      <trkpt lat="56.88768673" lon="-123.00435629">
      </trkpt>
      <trkpt lat="56.88756377" lon="-123.00451798">
      </trkpt>
      <trkpt lat="56.88754792" lon="-123.00456382">
      </trkpt>
      <trkpt lat="56.88742513" lon="-123.00468587">
      </trkpt>
      <trkpt lat="56.88728347" lon="-123.00487689">
      </trkpt>
      <trkpt lat="56.88725816" lon="-123.00489147">
      </trkpt>
      <trkpt lat="56.88710687" lon="-123.00500253">
      </trkpt>
      <trkpt lat="56.88707057" lon="-123.00504067">
      </trkpt>
      <trkpt lat="56.88705104" lon="-123.00508819">
      </trkpt>
      <trkpt lat="56.88691484" lon="-123.00530805">
      </trkpt>
      <trkpt lat="56.88684787" lon="-123.00545968">
      </trkpt>
      <trkpt lat="56.88687117" lon="-123.00576763">
      </trkpt>
      <trkpt lat="56.88688617" lon="-123.00591683">
      </trkpt>
      <trkpt lat="56.88691408" lon="-123.00630021">
      </trkpt>
      <trkpt lat="56.88693763" lon="-123.00646655">
      </trkpt>
      <trkpt lat="56.88694126" lon="-123.00647077">
      </trkpt>
      <trkpt lat="56.88694092" lon="-123.00647154">
      </trkpt>
      <trkpt lat="56.88660404" lon="-123.00722549">
      </trkpt>
      <trkpt lat="56.88648937" lon="-123.00743235">
      </trkpt>
      <trkpt lat="56.88646859" lon="-123.00745826">
      </trkpt>
      <trkpt lat="56.88632752" lon="-123.00778063">
      </trkpt>
      <trkpt lat="56.88622518" lon="-123.008017">
      </trkpt>
      <trkpt lat="56.8861831" lon="-123.00810048">
      </trkpt>
      <trkpt lat="56.88614035" lon="-123.00815546">
      </trkpt>
      <trkpt lat="56.88602431" lon="-123.00838953">
      </trkpt>
      <trkpt lat="56.88602317" lon="-123.0083997">
      </trkpt>
      <trkpt lat="56.88602275" lon="-123.00840344">
      </trkpt>
      <trkpt lat="56.88580828" lon="-123.01850821">
      </trkpt>
      <trkpt lat="56.88550785" lon="-123.01893286">
      </trkpt>
      <trkpt lat="56.88476513" lon="-123.01996031">
      </trkpt>
      <trkpt lat="56.88432645" lon="-123.01992729">
      </trkpt>
      <trkpt lat="56.88405479" lon="-123.02001516">
      </trkpt>
      <trkpt lat="56.88364277" lon="-123.02034804">
      </trkpt>
      <trkpt lat="56.88340158" lon="-123.02096877">
      </trkpt>
      <trkpt lat="56.88320583" lon="-123.02118458">
      </trkpt>
      <trkpt lat="56.88283485" lon="-123.02171496">
      </trkpt>
      <trkpt lat="56.881838" lon="-123.02308452">
      </trkpt>
      <trkpt lat="56.88183472" lon="-123.02308902">
      </trkpt>
      <trkpt lat="56.88181956" lon="-123.02319053">
      </trkpt>
      <trkpt lat="56.88092968" lon="-123.02649095">
      </trkpt>
      <trkpt lat="56.87971965" lon="-123.03133918">
      </trkpt>
      <trkpt lat="56.87954419" lon="-123.03257794">
      </trkpt>
      <trkpt lat="56.87945028" lon="-123.03324092">
      </trkpt>
      <trkpt lat="56.87952975" lon="-123.03446004">
      </trkpt>
      <trkpt lat="56.87952977" lon="-123.03607997">
      </trkpt>
      <trkpt lat="56.87940024" lon="-123.03688961">
      </trkpt>
      <trkpt lat="56.87866973" lon="-123.0396695">
      </trkpt>
      <trkpt lat="56.87780979" lon="-123.04498971">
      </trkpt>
      <trkpt lat="56.87726024" lon="-123.04809055">
      </trkpt>
      <trkpt lat="56.87601004" lon="-123.05238976">
      </trkpt>
      <trkpt lat="56.87526011" lon="-123.05580983">
      </trkpt>
      <trkpt lat="56.87458021" lon="-123.0579706">
      </trkpt>
      <trkpt lat="56.87346985" lon="-123.06108078">
      </trkpt>
      <trkpt lat="56.87270054" lon="-123.0632091">
      </trkpt>
      <trkpt lat="56.87226986" lon="-123.06608028">
      </trkpt>
      <trkpt lat="56.87239965" lon="-123.06934046">
      </trkpt>
      <trkpt lat="56.87241901" lon="-123.0694515">
      </trkpt>
      <trkpt lat="56.87244279" lon="-123.06957303">
      </trkpt>
      <trkpt lat="56.87246683" lon="-123.06970612">
      </trkpt>
      <trkpt lat="56.87281479" lon="-123.07025616">
      </trkpt>
      <trkpt lat="56.87281527" lon="-123.07025613">
      </trkpt>
      <trkpt lat="56.87281639" lon="-123.07025607">
      </trkpt>
      <trkpt lat="56.87281883" lon="-123.07038899">
      </trkpt>
      <trkpt lat="56.87273224" lon="-123.07060986">
      </trkpt>
      <trkpt lat="56.87267013" lon="-123.07076939">
      </trkpt>
      <trkpt lat="56.87264085" lon="-123.07085491">
      </trkpt>
      <trkpt lat="56.87263087" lon="-123.07092818">
      </trkpt>
      <trkpt lat="56.87262168" lon="-123.07097582">
      </trkpt>
      <trkpt lat="56.87257826" lon="-123.07107925">
      </trkpt>
      <trkpt lat="56.8725413" lon="-123.07117916">
      </trkpt>
      <trkpt lat="56.87252026" lon="-123.07125878">
      </trkpt>
      <trkpt lat="56.87243954" lon="-123.07128746">
      </trkpt>
      <trkpt lat="56.87235584" lon="-123.07132762">
      </trkpt>
      <trkpt lat="56.87235472" lon="-123.07133104">
      </trkpt>
      <trkpt lat="56.87223385" lon="-123.07155939">
      </trkpt>
      <trkpt lat="56.87225078" lon="-123.07178459">
      </trkpt>
      <trkpt lat="56.87219814" lon="-123.07191384">
      </trkpt>
      <trkpt lat="56.8721204" lon="-123.07187446">
      </trkpt>
      <trkpt lat="56.87211449" lon="-123.07188978">
      </trkpt>
      <trkpt lat="56.87211743" lon="-123.07189875">
      </trkpt>
      <trkpt lat="56.87204953" lon="-123.07190227">
      </trkpt>
      <trkpt lat="56.87205154" lon="-123.07196337">
      </trkpt>
      <trkpt lat="56.8719715" lon="-123.07205843">
      </trkpt>
      <trkpt lat="56.87183546" lon="-123.07212347">
      </trkpt>
      <trkpt lat="56.87172869" lon="-123.07214965">
      </trkpt>
      <trkpt lat="56.87172063" lon="-123.07215163">
      </trkpt>
      <trkpt lat="56.87161342" lon="-123.07217988">
      </trkpt>
      <trkpt lat="56.87150764" lon="-123.07222096">
      </trkpt>
      <trkpt lat="56.87149499" lon="-123.07216672">
      </trkpt>
      <trkpt lat="56.87139239" lon="-123.07220368">
      </trkpt>
      <trkpt lat="56.87134083" lon="-123.07219687">
      </trkpt>
      <trkpt lat="56.87132993" lon="-123.07226538">
      </trkpt>
      <trkpt lat="56.87129055" lon="-123.07226891">
      </trkpt>
      <trkpt lat="56.8711862" lon="-123.07226378">
      </trkpt>
      <trkpt lat="56.87108079" lon="-123.07227087">
      </trkpt>
      <trkpt lat="56.87107036" lon="-123.07227158">
      </trkpt>
      <trkpt lat="56.87095938" lon="-123.07233084">
      </trkpt>
      <trkpt lat="56.87089107" lon="-123.07241969">
      </trkpt>
      <trkpt lat="56.87083064" lon="-123.07247282">
      </trkpt>
      <trkpt lat="56.87072787" lon="-123.07253118">
      </trkpt>
      <trkpt lat="56.8706542" lon="-123.07258943">
      </trkpt>
      <trkpt lat="56.87059049" lon="-123.07265363">
      </trkpt>
      <trkpt lat="56.87049695" lon="-123.07261817">
      </trkpt>
      <trkpt lat="56.87040433" lon="-123.07264364">
      </trkpt>
      <trkpt lat="56.87030149" lon="-123.0726776">
      </trkpt>
      <trkpt lat="56.87022563" lon="-123.07267173">
      </trkpt>
      <trkpt lat="56.87012999" lon="-123.07274918">
      </trkpt>
      <trkpt lat="56.87010904" lon="-123.07279134">
      </trkpt>
      <trkpt lat="56.86994836" lon="-123.07294993">
      </trkpt>
      <trkpt lat="56.86986445" lon="-123.07308018">
      </trkpt>
      <trkpt lat="56.86979556" lon="-123.07317766">
      </trkpt>
      <trkpt lat="56.86969254" lon="-123.07328185">
      </trkpt>
      <trkpt lat="56.86963848" lon="-123.07334706">
      </trkpt>
      <trkpt lat="56.86953404" lon="-123.07353549">
      </trkpt>
      <trkpt lat="56.86947252" lon="-123.0736665">
      </trkpt>
      <trkpt lat="56.86940496" lon="-123.07392073">
      </trkpt>
      <trkpt lat="56.86933137" lon="-123.07411015">
      </trkpt>
      <trkpt lat="56.86930808" lon="-123.07418398">
      </trkpt>
      <trkpt lat="56.86928476" lon="-123.07425792">
      </trkpt>
      <trkpt lat="56.86924294" lon="-123.07448893">
      </trkpt>
      <trkpt lat="56.86924243" lon="-123.07450334">
      </trkpt>
      <trkpt lat="56.86922927" lon="-123.07462597">
      </trkpt>
      <trkpt lat="56.8692193" lon="-123.07467719">
      </trkpt>
      <trkpt lat="56.86921509" lon="-123.07472491">
      </trkpt>
      <trkpt lat="56.86919357" lon="-123.07496929">
      </trkpt>
      <trkpt lat="56.86915594" lon="-123.07519292">
      </trkpt>
      <trkpt lat="56.86914562" lon="-123.0752542">
      </trkpt>
      <trkpt lat="56.86909676" lon="-123.07548864">
      </trkpt>
      <trkpt lat="56.86908879" lon="-123.07551823">
      </trkpt>
      <trkpt lat="56.86903096" lon="-123.07571495">
      </trkpt>
      <trkpt lat="56.86899609" lon="-123.07583282">
      </trkpt>
      <trkpt lat="56.86895502" lon="-123.07590329">
      </trkpt>
      <trkpt lat="56.86886776" lon="-123.07613974">
      </trkpt>
      <trkpt lat="56.86883318" lon="-123.07623616">
      </trkpt>
      <trkpt lat="56.86880649" lon="-123.07632188">
      </trkpt>
      <trkpt lat="56.86872778" lon="-123.07651433">
      </trkpt>
      <trkpt lat="56.86861916" lon="-123.07671164">
      </trkpt>
      <trkpt lat="56.868578" lon="-123.07683335">
      </trkpt>
      <trkpt lat="56.86857173" lon="-123.07687184">
      </trkpt>
      <trkpt lat="56.86856922" lon="-123.07688723">
      </trkpt>
      <trkpt lat="56.86855821" lon="-123.07689647">
      </trkpt>
      <trkpt lat="56.86854405" lon="-123.07690836">
      </trkpt>
      <trkpt lat="56.86853031" lon="-123.07692818">
      </trkpt>
      <trkpt lat="56.86847826" lon="-123.07700326">
      </trkpt>
      <trkpt lat="56.86843678" lon="-123.07706475">
      </trkpt>
      <trkpt lat="56.86839905" lon="-123.07712067">
      </trkpt>
      <trkpt lat="56.86832436" lon="-123.07717927">
      </trkpt>
      <trkpt lat="56.86828075" lon="-123.07733534">
      </trkpt>
      <trkpt lat="56.86828036" lon="-123.07733676">
      </trkpt>
      <trkpt lat="56.86823099" lon="-123.07746752">
      </trkpt>
      <trkpt lat="56.86822368" lon="-123.07748373">
      </trkpt>
      <trkpt lat="56.86818189" lon="-123.07757651">
      </trkpt>
      <trkpt lat="56.86810518" lon="-123.07766743">
      </trkpt>
      <trkpt lat="56.86797358" lon="-123.07785066">
      </trkpt>
      <trkpt lat="56.86787493" lon="-123.07794244">
      </trkpt>
      <trkpt lat="56.86779798" lon="-123.07812575">
      </trkpt>
      <trkpt lat="56.86773717" lon="-123.07819773">
      </trkpt>
      <trkpt lat="56.86766705" lon="-123.07828073">
      </trkpt>
      <trkpt lat="56.86755449" lon="-123.07854686">
      </trkpt>
      <trkpt lat="56.86751719" lon="-123.0786612">
      </trkpt>
      <trkpt lat="56.86739523" lon="-123.07874954">
      </trkpt>
      <trkpt lat="56.86737862" lon="-123.07880242">
      </trkpt>
      <trkpt lat="56.86737478" lon="-123.07882513">
      </trkpt>
      <trkpt lat="56.86732524" lon="-123.07899294">
      </trkpt>
      <trkpt lat="56.86722399" lon="-123.07921566">
      </trkpt>
      <trkpt lat="56.86713816" lon="-123.07936368">
      </trkpt>
      <trkpt lat="56.86709784" lon="-123.07952436">
      </trkpt>
      <trkpt lat="56.86708308" lon="-123.07956561">
      </trkpt>
      <trkpt lat="56.8670333" lon="-123.07970475">
      </trkpt>
      <trkpt lat="56.8670288" lon="-123.07975197">
      </trkpt>
      <trkpt lat="56.86702582" lon="-123.07978312">
      </trkpt>
      <trkpt lat="56.86701042" lon="-123.07994463">
      </trkpt>
      <trkpt lat="56.86697974" lon="-123.08021503">
      </trkpt>
      <trkpt lat="56.86694822" lon="-123.08029935">
      </trkpt>
      <trkpt lat="56.86692358" lon="-123.08039775">
      </trkpt>
      <trkpt lat="56.86693819" lon="-123.08040023">
      </trkpt>
      <trkpt lat="56.8669208" lon="-123.08043058">
      </trkpt>
      <trkpt lat="56.86689788" lon="-123.08050359">
      </trkpt>
      <trkpt lat="56.86689139" lon="-123.08057913">
      </trkpt>
      <trkpt lat="56.86687354" lon="-123.08071475">
      </trkpt>
      <trkpt lat="56.86686608" lon="-123.08085037">
      </trkpt>
      <trkpt lat="56.8668292" lon="-123.08105414">
      </trkpt>
      <trkpt lat="56.86680213" lon="-123.08129914">
      </trkpt>
      <trkpt lat="56.86676994" lon="-123.08143324">
      </trkpt>
      <trkpt lat="56.86677465" lon="-123.08158891">
      </trkpt>
      <trkpt lat="56.86677344" lon="-123.08168179">
      </trkpt>
      <trkpt lat="56.86677338" lon="-123.08168593">
      </trkpt>
      <trkpt lat="56.86677338" lon="-123.08168636">
      </trkpt>
      <trkpt lat="56.86677337" lon="-123.08168723">
      </trkpt>
      <trkpt lat="56.86670982" lon="-123.08195243">
      </trkpt>
      <trkpt lat="56.86670783" lon="-123.08209408">
      </trkpt>
      <trkpt lat="56.86670484" lon="-123.08215767">
      </trkpt>
      <trkpt lat="56.86670206" lon="-123.08221677">
      </trkpt>
      <trkpt lat="56.86669459" lon="-123.0823758">
      </trkpt>
      <trkpt lat="56.86665989" lon="-123.08277277">
      </trkpt>
      <trkpt lat="56.86662049" lon="-123.08312355">
      </trkpt>
      <trkpt lat="56.8666112" lon="-123.0831527">
      </trkpt>
      <trkpt lat="56.86661197" lon="-123.08318721">
      </trkpt>
      <trkpt lat="56.86660029" lon="-123.0833015">
      </trkpt>
      <trkpt lat="56.86658529" lon="-123.0835066">
      </trkpt>
      <trkpt lat="56.86661848" lon="-123.08387507">
      </trkpt>
      <trkpt lat="56.86664094" lon="-123.08392083">
      </trkpt>
      <trkpt lat="56.86670884" lon="-123.08418024">
      </trkpt>
      <trkpt lat="56.86672987" lon="-123.08453506">
      </trkpt>
      <trkpt lat="56.86669735" lon="-123.08478801">
      </trkpt>
      <trkpt lat="56.86666994" lon="-123.08485793">
      </trkpt>
      <trkpt lat="56.86666106" lon="-123.08494828">
      </trkpt>
      <trkpt lat="56.86665773" lon="-123.08504405">
      </trkpt>
      <trkpt lat="56.86661898" lon="-123.08524274">
      </trkpt>
      <trkpt lat="56.86658143" lon="-123.08557357">
      </trkpt>
      <trkpt lat="56.86661085" lon="-123.08588748">
      </trkpt>
      <trkpt lat="56.86663273" lon="-123.08606133">
      </trkpt>
      <trkpt lat="56.86659014" lon="-123.08624543">
      </trkpt>
      <trkpt lat="56.86657523" lon="-123.08630983">
      </trkpt>
      <trkpt lat="56.86646475" lon="-123.08670246">
      </trkpt>
      <trkpt lat="56.86645077" lon="-123.08676753">
      </trkpt>
      <trkpt lat="56.86641539" lon="-123.08709472">
      </trkpt>
      <trkpt lat="56.86643056" lon="-123.08720026">
      </trkpt>
      <trkpt lat="56.86641857" lon="-123.08754365">
      </trkpt>
      <trkpt lat="56.86644263" lon="-123.08792729">
      </trkpt>
      <trkpt lat="56.86640816" lon="-123.08809593">
      </trkpt>
      <trkpt lat="56.86640599" lon="-123.08808204">
      </trkpt>
      <trkpt lat="56.86639962" lon="-123.08810805">
      </trkpt>
      <trkpt lat="56.86639224" lon="-123.08813416">
      </trkpt>
      <trkpt lat="56.86637537" lon="-123.08818102">
      </trkpt>
      <trkpt lat="56.86635043" lon="-123.08824874">
      </trkpt>
      <trkpt lat="56.86623434" lon="-123.08842393">
      </trkpt>
      <trkpt lat="56.86607718" lon="-123.08857363">
      </trkpt>
      <trkpt lat="56.86593602" lon="-123.08858084">
      </trkpt>
      <trkpt lat="56.8659326" lon="-123.08858473">
      </trkpt>
      <trkpt lat="56.86582337" lon="-123.08861686">
      </trkpt>
      <trkpt lat="56.86582313" lon="-123.08861692">
      </trkpt>
      <trkpt lat="56.86575401" lon="-123.0886983">
      </trkpt>
      <trkpt lat="56.86562198" lon="-123.08882562">
      </trkpt>
      <trkpt lat="56.86549508" lon="-123.08891229">
      </trkpt>
      <trkpt lat="56.86540549" lon="-123.08906392">
      </trkpt>
      <trkpt lat="56.86534655" lon="-123.08913491">
      </trkpt>
      <trkpt lat="56.86522527" lon="-123.08931797">
      </trkpt>
      <trkpt lat="56.86509878" lon="-123.08942225">
      </trkpt>
      <trkpt lat="56.86505704" lon="-123.08957639">
      </trkpt>
      <trkpt lat="56.8649977" lon="-123.0897048">
      </trkpt>
      <trkpt lat="56.86495773" lon="-123.08991301">
      </trkpt>
      <trkpt lat="56.86482964" lon="-123.09021091">
      </trkpt>
      <trkpt lat="56.86470014" lon="-123.0904072">
      </trkpt>
      <trkpt lat="56.86456712" lon="-123.09071531">
      </trkpt>
      <trkpt lat="56.86452447" lon="-123.09072504">
      </trkpt>
      <trkpt lat="56.86451499" lon="-123.09073351">
      </trkpt>
      <trkpt lat="56.86433629" lon="-123.09088791">
      </trkpt>
      <trkpt lat="56.86417191" lon="-123.09095102">
      </trkpt>
      <trkpt lat="56.86402189" lon="-123.09104901">
      </trkpt>
      <trkpt lat="56.863898" lon="-123.09112344">
      </trkpt>
      <trkpt lat="56.86372642" lon="-123.09129854">
      </trkpt>
      <trkpt lat="56.86354705" lon="-123.0915282">
      </trkpt>
      <trkpt lat="56.8634121" lon="-123.0917172">
      </trkpt>
      <trkpt lat="56.8631971" lon="-123.09189332">
      </trkpt>
      <trkpt lat="56.86299995" lon="-123.09213336">
      </trkpt>
      <trkpt lat="56.86283441" lon="-123.09239137">
      </trkpt>
      <trkpt lat="56.86267935" lon="-123.0926906">
      </trkpt>
      <trkpt lat="56.86259997" lon="-123.09272237">
      </trkpt>
      <trkpt lat="56.86248388" lon="-123.09285203">
      </trkpt>
      <trkpt lat="56.86243828" lon="-123.0929869">
      </trkpt>
      <trkpt lat="56.86243661" lon="-123.09306041">
      </trkpt>
      <trkpt lat="56.86243502" lon="-123.09313334">
      </trkpt>
      <trkpt lat="56.86242388" lon="-123.09326979">
      </trkpt>
      <trkpt lat="56.86239278" lon="-123.0936557">
      </trkpt>
      <trkpt lat="56.86238254" lon="-123.09405751">
      </trkpt>
      <trkpt lat="56.8622388" lon="-123.09442918">
      </trkpt>
      <trkpt lat="56.86214937" lon="-123.094573">
      </trkpt>
      <trkpt lat="56.86203176" lon="-123.09487409">
      </trkpt>
      <trkpt lat="56.86201065" lon="-123.0949015">
      </trkpt>
      <trkpt lat="56.86194401" lon="-123.09517567">
      </trkpt>
      <trkpt lat="56.86193017" lon="-123.09548262">
      </trkpt>
      <trkpt lat="56.86183529" lon="-123.09570182">
      </trkpt>
      <trkpt lat="56.8618081" lon="-123.09579796">
      </trkpt>
      <trkpt lat="56.86180048" lon="-123.09578509">
      </trkpt>
      <trkpt lat="56.86176421" lon="-123.09591251">
      </trkpt>
      <trkpt lat="56.86175291" lon="-123.09592391">
      </trkpt>
      <trkpt lat="56.86169842" lon="-123.09613631">
      </trkpt>
      <trkpt lat="56.86165231" lon="-123.09640663">
      </trkpt>
      <trkpt lat="56.86153321" lon="-123.09660084">
      </trkpt>
      <trkpt lat="56.8615213" lon="-123.0966861">
      </trkpt>
      <trkpt lat="56.86149851" lon="-123.0968611">
      </trkpt>
      <trkpt lat="56.86147622" lon="-123.09691181">
      </trkpt>
      <trkpt lat="56.86140833" lon="-123.0973102">
      </trkpt>
      <trkpt lat="56.86138712" lon="-123.09743593">
      </trkpt>
      <trkpt lat="56.86141619" lon="-123.09760113">
      </trkpt>
      <trkpt lat="56.86141158" lon="-123.09796097">
      </trkpt>
      <trkpt lat="56.86136582" lon="-123.0983442">
      </trkpt>
      <trkpt lat="56.86129701" lon="-123.0986513">
      </trkpt>
      <trkpt lat="56.86123808" lon="-123.09901977">
      </trkpt>
      <trkpt lat="56.8611649" lon="-123.09937802">
      </trkpt>
      <trkpt lat="56.86107867" lon="-123.09980853">
      </trkpt>
      <trkpt lat="56.86092275" lon="-123.10014931">
      </trkpt>
      <trkpt lat="56.86081625" lon="-123.10032187">
      </trkpt>
      <trkpt lat="56.86076677" lon="-123.10040622">
      </trkpt>
      <trkpt lat="56.86072955" lon="-123.10051678">
      </trkpt>
      <trkpt lat="56.86063056" lon="-123.10065996">
      </trkpt>
      <trkpt lat="56.86050491" lon="-123.10095323">
      </trkpt>
      <trkpt lat="56.86041196" lon="-123.10123058">
      </trkpt>
      <trkpt lat="56.86027015" lon="-123.10149915">
      </trkpt>
      <trkpt lat="56.86005372" lon="-123.1019159">
      </trkpt>
      <trkpt lat="56.85990671" lon="-123.10227573">
      </trkpt>
      <trkpt lat="56.85977091" lon="-123.10255159">
      </trkpt>
      <trkpt lat="56.8596249" lon="-123.10284452">
      </trkpt>
      <trkpt lat="56.85944981" lon="-123.10319597">
      </trkpt>
      <trkpt lat="56.85929718" lon="-123.10353871">
      </trkpt>
      <trkpt lat="56.85916021" lon="-123.10388153">
      </trkpt>
      <trkpt lat="56.85913011" lon="-123.10396352">
      </trkpt>
      <trkpt lat="56.85912067" lon="-123.10398928">
      </trkpt>
      <trkpt lat="56.85910958" lon="-123.10400005">
      </trkpt>
      <trkpt lat="56.85898634" lon="-123.10433579">
      </trkpt>
      <trkpt lat="56.85884745" lon="-123.10465406">
      </trkpt>
      <trkpt lat="56.85869004" lon="-123.10491524">
      </trkpt>
      <trkpt lat="56.85853958" lon="-123.1051817">
      </trkpt>
      <trkpt lat="56.85835342" lon="-123.10549108">
      </trkpt>
      <trkpt lat="56.85831922" lon="-123.10563675">
      </trkpt>
      <trkpt lat="56.85824797" lon="-123.10589165">
      </trkpt>
      <trkpt lat="56.85823205" lon="-123.1059292">
      </trkpt>
      <trkpt lat="56.8580826" lon="-123.10623194">
      </trkpt>
      <trkpt lat="56.85801907" lon="-123.10632682">
      </trkpt>
      <trkpt lat="56.85798906" lon="-123.10636765">
      </trkpt>
      <trkpt lat="56.85796718" lon="-123.10646085">
      </trkpt>
      <trkpt lat="56.85786953" lon="-123.10673545">
      </trkpt>
      <trkpt lat="56.85775596" lon="-123.10702362">
      </trkpt>
      <trkpt lat="56.85760802" lon="-123.10736175">
      </trkpt>
      <trkpt lat="56.85750643" lon="-123.10765855">
      </trkpt>
      <trkpt lat="56.85736494" lon="-123.10795493">
      </trkpt>
      <trkpt lat="56.85724022" lon="-123.10823984">
      </trkpt>
      <trkpt lat="56.85707409" lon="-123.10854209">
      </trkpt>
      <trkpt lat="56.85696429" lon="-123.10878943">
      </trkpt>
      <trkpt lat="56.85684417" lon="-123.10912086">
      </trkpt>
      <trkpt lat="56.85673186" lon="-123.10944339">
      </trkpt>
      <trkpt lat="56.85671526" lon="-123.10978177">
      </trkpt>
      <trkpt lat="56.8566042" lon="-123.10987984">
      </trkpt>
      <trkpt lat="56.85645936" lon="-123.11015963">
      </trkpt>
      <trkpt lat="56.85644595" lon="-123.11018175">
      </trkpt>
      <trkpt lat="56.85624168" lon="-123.11043162">
      </trkpt>
      <trkpt lat="56.85622735" lon="-123.11048376">
      </trkpt>
      <trkpt lat="56.85610766" lon="-123.11074016">
      </trkpt>
      <trkpt lat="56.85595066" lon="-123.11101768">
      </trkpt>
      <trkpt lat="56.85578772" lon="-123.11134424">
      </trkpt>
      <trkpt lat="56.85572586" lon="-123.11159612">
      </trkpt>
      <trkpt lat="56.8556288" lon="-123.11180004">
      </trkpt>
      <trkpt lat="56.85552612" lon="-123.11206852">
      </trkpt>
      <trkpt lat="56.85541439" lon="-123.11235074">
      </trkpt>
      <trkpt lat="56.85529444" lon="-123.11261485">
      </trkpt>
      <trkpt lat="56.85510954" lon="-123.11298324">
      </trkpt>
      <trkpt lat="56.85496663" lon="-123.11333084">
      </trkpt>
      <trkpt lat="56.85487694" lon="-123.11371147">
      </trkpt>
      <trkpt lat="56.85496252" lon="-123.11399493">
      </trkpt>
      <trkpt lat="56.8550279" lon="-123.11434119">
      </trkpt>
      <trkpt lat="56.85503586" lon="-123.11442065">
      </trkpt>
      <trkpt lat="56.85505145" lon="-123.11457815">
      </trkpt>
      <trkpt lat="56.85513678" lon="-123.11494176">
      </trkpt>
      <trkpt lat="56.85514365" lon="-123.11495635">
      </trkpt>
      <trkpt lat="56.85514307" lon="-123.11537837">
      </trkpt>
      <trkpt lat="56.8551776" lon="-123.11552128">
      </trkpt>
      <trkpt lat="56.85517953" lon="-123.11553745">
      </trkpt>
      <trkpt lat="56.85511515" lon="-123.11585554">
      </trkpt>
      <trkpt lat="56.85513217" lon="-123.11601446">
      </trkpt>
      <trkpt lat="56.85516779" lon="-123.11627456">
      </trkpt>
      <trkpt lat="56.85523535" lon="-123.11655493">
      </trkpt>
      <trkpt lat="56.85537323" lon="-123.11681897">
      </trkpt>
      <trkpt lat="56.85545404" lon="-123.11706958">
      </trkpt>
      <trkpt lat="56.85551128" lon="-123.11744182">
      </trkpt>
      <trkpt lat="56.85550994" lon="-123.11750258">
      </trkpt>
      <trkpt lat="56.85553358" lon="-123.11768205">
      </trkpt>
      <trkpt lat="56.85554071" lon="-123.1177676">
      </trkpt>
      <trkpt lat="56.85556428" lon="-123.11792214">
      </trkpt>
      <trkpt lat="56.85557047" lon="-123.11807503">
      </trkpt>
      <trkpt lat="56.85557655" lon="-123.11822282">
      </trkpt>
      <trkpt lat="56.85557882" lon="-123.1183249">
      </trkpt>
      <trkpt lat="56.85558506" lon="-123.11860559">
      </trkpt>
      <trkpt lat="56.8555888" lon="-123.118774">
      </trkpt>
      <trkpt lat="56.85559141" lon="-123.11889138">
      </trkpt>
      <trkpt lat="56.85559368" lon="-123.11899345">
      </trkpt>
      <trkpt lat="56.85559828" lon="-123.11907489">
      </trkpt>
      <trkpt lat="56.85560032" lon="-123.11916676">
      </trkpt>
      <trkpt lat="56.85561878" lon="-123.11936986">
      </trkpt>
      <trkpt lat="56.85564437" lon="-123.1195162">
      </trkpt>
      <trkpt lat="56.85567073" lon="-123.11969826">
      </trkpt>
      <trkpt lat="56.85568102" lon="-123.1197844">
      </trkpt>
      <trkpt lat="56.85566924" lon="-123.11988239">
      </trkpt>
      <trkpt lat="56.85561665" lon="-123.11990167">
      </trkpt>
      <trkpt lat="56.85557777" lon="-123.11990968">
      </trkpt>
      <trkpt lat="56.85553" lon="-123.12002058">
      </trkpt>
      <trkpt lat="56.85548013" lon="-123.12016232">
      </trkpt>
      <trkpt lat="56.85545926" lon="-123.12035302">
      </trkpt>
      <trkpt lat="56.85540308" lon="-123.12058725">
      </trkpt>
      <trkpt lat="56.85535497" lon="-123.12068284">
      </trkpt>
      <trkpt lat="56.85533944" lon="-123.12086293">
      </trkpt>
      <trkpt lat="56.85532067" lon="-123.12102279">
      </trkpt>
      <trkpt lat="56.85532384" lon="-123.12116569">
      </trkpt>
      <trkpt lat="56.85535157" lon="-123.12140899">
      </trkpt>
      <trkpt lat="56.85537225" lon="-123.12158636">
      </trkpt>
      <trkpt lat="56.85541948" lon="-123.12182822">
      </trkpt>
      <trkpt lat="56.85546101" lon="-123.12206538">
      </trkpt>
      <trkpt lat="56.85546998" lon="-123.12221807">
      </trkpt>
      <trkpt lat="56.85549465" lon="-123.12232359">
      </trkpt>
      <trkpt lat="56.85552335" lon="-123.12248502">
      </trkpt>
      <trkpt lat="56.85552908" lon="-123.12261751">
      </trkpt>
      <trkpt lat="56.85553565" lon="-123.12291351">
      </trkpt>
      <trkpt lat="56.85553382" lon="-123.12308235">
      </trkpt>
      <trkpt lat="56.8555047" lon="-123.12327876">
      </trkpt>
      <trkpt lat="56.85546631" lon="-123.12343498">
      </trkpt>
      <trkpt lat="56.85541301" lon="-123.1236741">
      </trkpt>
      <trkpt lat="56.8553587" lon="-123.12386727">
      </trkpt>
      <trkpt lat="56.85530195" lon="-123.12407598">
      </trkpt>
      <trkpt lat="56.855254" lon="-123.12430448">
      </trkpt>
      <trkpt lat="56.85521497" lon="-123.12440289">
      </trkpt>
      <trkpt lat="56.85522032" lon="-123.12464395">
      </trkpt>
      <trkpt lat="56.85519931" lon="-123.12476316">
      </trkpt>
      <trkpt lat="56.8551674" lon="-123.1250008">
      </trkpt>
      <trkpt lat="56.85513764" lon="-123.12518256">
      </trkpt>
      <trkpt lat="56.85510071" lon="-123.12534627">
      </trkpt>
      <trkpt lat="56.8550715" lon="-123.12555277">
      </trkpt>
      <trkpt lat="56.85506304" lon="-123.12565909">
      </trkpt>
      <trkpt lat="56.85506785" lon="-123.12575466">
      </trkpt>
      <trkpt lat="56.8550916" lon="-123.12591768">
      </trkpt>
      <trkpt lat="56.85510333" lon="-123.12602257">
      </trkpt>
      <trkpt lat="56.8551023" lon="-123.12615792">
      </trkpt>
      <trkpt lat="56.85509069" lon="-123.12623996">
      </trkpt>
      <trkpt lat="56.85508337" lon="-123.12633396">
      </trkpt>
      <trkpt lat="56.85506578" lon="-123.12644841">
      </trkpt>
      <trkpt lat="56.85506689" lon="-123.12655902">
      </trkpt>
      <trkpt lat="56.8550689" lon="-123.12664987">
      </trkpt>
      <trkpt lat="56.8550743" lon="-123.12677245">
      </trkpt>
      <trkpt lat="56.85509343" lon="-123.12690876">
      </trkpt>
      <trkpt lat="56.85512222" lon="-123.12705665">
      </trkpt>
      <trkpt lat="56.85514451" lon="-123.12715339">
      </trkpt>
      <trkpt lat="56.8551592" lon="-123.12733185">
      </trkpt>
      <trkpt lat="56.85516998" lon="-123.12751551">
      </trkpt>
      <trkpt lat="56.85519169" lon="-123.12764672">
      </trkpt>
      <trkpt lat="56.85521443" lon="-123.12782458">
      </trkpt>
      <trkpt lat="56.85519775" lon="-123.12798077">
      </trkpt>
      <trkpt lat="56.85516933" lon="-123.1281526">
      </trkpt>
      <trkpt lat="56.85515116" lon="-123.12824643">
      </trkpt>
      <trkpt lat="56.85512336" lon="-123.12833178">
      </trkpt>
      <trkpt lat="56.85509997" lon="-123.12840658">
      </trkpt>
      <trkpt lat="56.85508971" lon="-123.1285297">
      </trkpt>
      <trkpt lat="56.85509286" lon="-123.12862972">
      </trkpt>
      <trkpt lat="56.85510649" lon="-123.12874257">
      </trkpt>
      <trkpt lat="56.85512322" lon="-123.128828">
      </trkpt>
      <trkpt lat="56.85512587" lon="-123.12890597">
      </trkpt>
      <trkpt lat="56.85512993" lon="-123.12908919">
      </trkpt>
      <trkpt lat="56.85512933" lon="-123.1291878">
      </trkpt>
      <trkpt lat="56.85512486" lon="-123.12932069">
      </trkpt>
      <trkpt lat="56.85511624" lon="-123.12947597">
      </trkpt>
      <trkpt lat="56.85510348" lon="-123.12957038">
      </trkpt>
      <trkpt lat="56.85507338" lon="-123.12971877">
      </trkpt>
      <trkpt lat="56.85501032" lon="-123.12994529">
      </trkpt>
      <trkpt lat="56.85504256" lon="-123.13011017">
      </trkpt>
      <trkpt lat="56.85505894" lon="-123.13027636">
      </trkpt>
      <trkpt lat="56.85506702" lon="-123.13046517">
      </trkpt>
      <trkpt lat="56.85507921" lon="-123.13066909">
      </trkpt>
      <trkpt lat="56.85508318" lon="-123.13082768">
      </trkpt>
      <trkpt lat="56.85509537" lon="-123.13104672">
      </trkpt>
      <trkpt lat="56.85512415" lon="-123.13121294">
      </trkpt>
      <trkpt lat="56.85513225" lon="-123.13137911">
      </trkpt>
      <trkpt lat="56.85513621" lon="-123.13154525">
      </trkpt>
      <trkpt lat="56.85514021" lon="-123.13168119">
      </trkpt>
      <trkpt lat="56.85514422" lon="-123.13179448">
      </trkpt>
      <trkpt lat="56.85515647" lon="-123.13196064">
      </trkpt>
      <trkpt lat="56.85517284" lon="-123.13212683">
      </trkpt>
      <trkpt lat="56.85518919" lon="-123.13230812">
      </trkpt>
      <trkpt lat="56.85520143" lon="-123.13247429">
      </trkpt>
      <trkpt lat="56.85520956" lon="-123.13261026">
      </trkpt>
      <trkpt lat="56.85521766" lon="-123.13277641">
      </trkpt>
      <trkpt lat="56.85521745" lon="-123.13296519">
      </trkpt>
      <trkpt lat="56.85522966" lon="-123.13315402">
      </trkpt>
      <trkpt lat="56.85524604" lon="-123.13332021">
      </trkpt>
      <trkpt lat="56.85525829" lon="-123.13347128">
      </trkpt>
      <trkpt lat="56.8552581" lon="-123.13364497">
      </trkpt>
      <trkpt lat="56.85527033" lon="-123.13381114">
      </trkpt>
      <trkpt lat="56.85527013" lon="-123.13399993">
      </trkpt>
      <trkpt lat="56.85523689" lon="-123.13412818">
      </trkpt>
      <trkpt lat="56.85520372" lon="-123.13420357">
      </trkpt>
      <trkpt lat="56.85515397" lon="-123.13429402">
      </trkpt>
      <trkpt lat="56.85512488" lon="-123.13441474">
      </trkpt>
      <trkpt lat="56.85510438" lon="-123.13453993">
      </trkpt>
      <trkpt lat="56.85508771" lon="-123.13466063">
      </trkpt>
      <trkpt lat="56.85506113" lon="-123.13476921">
      </trkpt>
      <trkpt lat="56.85504449" lon="-123.13486577">
      </trkpt>
      <trkpt lat="56.85504106" lon="-123.13498047">
      </trkpt>
      <trkpt lat="56.85503764" lon="-123.13507707">
      </trkpt>
      <trkpt lat="56.85502763" lon="-123.13516156">
      </trkpt>
      <trkpt lat="56.85501429" lon="-123.13526415">
      </trkpt>
      <trkpt lat="56.85500757" lon="-123.13535471">
      </trkpt>
      <trkpt lat="56.8549942" lon="-123.13548146">
      </trkpt>
      <trkpt lat="56.85496425" lon="-123.13564436">
      </trkpt>
      <trkpt lat="56.8549178" lon="-123.13577703">
      </trkpt>
      <trkpt lat="56.8548779" lon="-123.13595803">
      </trkpt>
      <trkpt lat="56.85486111" lon="-123.13619345">
      </trkpt>
      <trkpt lat="56.85483772" lon="-123.13640469">
      </trkpt>
      <trkpt lat="56.85481441" lon="-123.13654348">
      </trkpt>
      <trkpt lat="56.85479108" lon="-123.13670037">
      </trkpt>
      <trkpt lat="56.85475122" lon="-123.13685722">
      </trkpt>
      <trkpt lat="56.85471461" lon="-123.13705633">
      </trkpt>
      <trkpt lat="56.85467143" lon="-123.13721921">
      </trkpt>
      <trkpt lat="56.85461493" lon="-123.13746051">
      </trkpt>
      <trkpt lat="56.85456512" lon="-123.13763543">
      </trkpt>
      <trkpt lat="56.85445559" lon="-123.13796711">
      </trkpt>
      <trkpt lat="56.85444554" lon="-123.1380818">
      </trkpt>
      <trkpt lat="56.8543692" lon="-123.13831094">
      </trkpt>
      <trkpt lat="56.85429948" lon="-123.13854013">
      </trkpt>
      <trkpt lat="56.85420664" lon="-123.13873904">
      </trkpt>
      <trkpt lat="56.85412378" lon="-123.13887759">
      </trkpt>
      <trkpt lat="56.85408056" lon="-123.13907668">
      </trkpt>
      <trkpt lat="56.85410684" lon="-123.13924584">
      </trkpt>
      <trkpt lat="56.85410992" lon="-123.13945113">
      </trkpt>
      <trkpt lat="56.85410643" lon="-123.13960811">
      </trkpt>
      <trkpt lat="56.85408638" lon="-123.13978312">
      </trkpt>
      <trkpt lat="56.85409596" lon="-123.14009713">
      </trkpt>
      <trkpt lat="56.85388018" lon="-123.14077859">
      </trkpt>
      <trkpt lat="56.85379041" lon="-123.14117674">
      </trkpt>
      <trkpt lat="56.85372383" lon="-123.14155083">
      </trkpt>
      <trkpt lat="56.85366727" lon="-123.1418344">
      </trkpt>
      <trkpt lat="56.85360418" lon="-123.14204548">
      </trkpt>
      <trkpt lat="56.8535411" lon="-123.14225052">
      </trkpt>
      <trkpt lat="56.85346484" lon="-123.14240118">
      </trkpt>
      <trkpt lat="56.85339499" lon="-123.14273902">
      </trkpt>
      <trkpt lat="56.85332506" lon="-123.14313724">
      </trkpt>
      <trkpt lat="56.85326529" lon="-123.14334229">
      </trkpt>
      <trkpt lat="56.85314921" lon="-123.14360147">
      </trkpt>
      <trkpt lat="56.85298646" lon="-123.14416837">
      </trkpt>
      <trkpt lat="56.85288348" lon="-123.14454836">
      </trkpt>
      <trkpt lat="56.85278062" lon="-123.14481966">
      </trkpt>
      <trkpt lat="56.85268775" lon="-123.14503061">
      </trkpt>
      <trkpt lat="56.85263785" lon="-123.14527191">
      </trkpt>
      <trkpt lat="56.85261451" lon="-123.14543483">
      </trkpt>
      <trkpt lat="56.85257786" lon="-123.14565808">
      </trkpt>
      <trkpt lat="56.85251799" lon="-123.14593558">
      </trkpt>
      <trkpt lat="56.8524319" lon="-123.14601374">
      </trkpt>
      <trkpt lat="56.85236574" lon="-123.14600744">
      </trkpt>
      <trkpt lat="56.85231287" lon="-123.14595894">
      </trkpt>
      <trkpt lat="56.8523117" lon="-123.14595786">
      </trkpt>
      <trkpt lat="56.85198106" lon="-123.14649918">
      </trkpt>
      <trkpt lat="56.8513196" lon="-123.14793379">
      </trkpt>
      <trkpt lat="56.8509899" lon="-123.14996951">
      </trkpt>
      <trkpt lat="56.85048988" lon="-123.15329087">
      </trkpt>
      <trkpt lat="56.85015016" lon="-123.15640931">
      </trkpt>
      <trkpt lat="56.84993029" lon="-123.15885953">
      </trkpt>
      <trkpt lat="56.84990979" lon="-123.16212078">
      </trkpt>
      <trkpt lat="56.84997968" lon="-123.16352061">
      </trkpt>
      <trkpt lat="56.85036984" lon="-123.16484968">
      </trkpt>
      <trkpt lat="56.85067034" lon="-123.16654072">
      </trkpt>
      <trkpt lat="56.85066996" lon="-123.16760064">
      </trkpt>
      <trkpt lat="56.85056019" lon="-123.17233096">
      </trkpt>
      <trkpt lat="56.85027039" lon="-123.17565096">
      </trkpt>
      <trkpt lat="56.85007962" lon="-123.17930053">
      </trkpt>
      <trkpt lat="56.84974961" lon="-123.18341003">
      </trkpt>
      <trkpt lat="56.84975035" lon="-123.185199">
      </trkpt>
      <trkpt lat="56.85016973" lon="-123.18746508">
      </trkpt>
      <trkpt lat="56.85025677" lon="-123.18799238">
      </trkpt>
      <trkpt lat="56.85024376" lon="-123.18803128">
      </trkpt>
      <trkpt lat="56.85026539" lon="-123.18819087">
      </trkpt>
      <trkpt lat="56.85026497" lon="-123.18837678">
      </trkpt>
      <trkpt lat="56.85030084" lon="-123.18872245">
      </trkpt>
      <trkpt lat="56.85035164" lon="-123.18902941">
      </trkpt>
      <trkpt lat="56.8504285" lon="-123.18934707">
      </trkpt>
      <trkpt lat="56.85049312" lon="-123.18965284">
      </trkpt>
      <trkpt lat="56.85056428" lon="-123.19015233">
      </trkpt>
      <trkpt lat="56.85062354" lon="-123.19045103">
      </trkpt>
      <trkpt lat="56.85063436" lon="-123.19050553">
      </trkpt>
      <trkpt lat="56.85064006" lon="-123.19049993">
      </trkpt>
      <trkpt lat="56.85062438" lon="-123.19054543">
      </trkpt>
      <trkpt lat="56.85069605" lon="-123.19076503">
      </trkpt>
      <trkpt lat="56.85072438" lon="-123.19091717">
      </trkpt>
      <trkpt lat="56.85073712" lon="-123.19108363">
      </trkpt>
      <trkpt lat="56.85082236" lon="-123.19136652">
      </trkpt>
      <trkpt lat="56.85084684" lon="-123.19147842">
      </trkpt>
      <trkpt lat="56.85090962" lon="-123.19173087">
      </trkpt>
      <trkpt lat="56.85092026" lon="-123.19179836">
      </trkpt>
      <trkpt lat="56.85096209" lon="-123.19201729">
      </trkpt>
      <trkpt lat="56.85104557" lon="-123.19232054">
      </trkpt>
      <trkpt lat="56.85108698" lon="-123.19274368">
      </trkpt>
      <trkpt lat="56.85103719" lon="-123.19328899">
      </trkpt>
      <trkpt lat="56.85095999" lon="-123.19362083">
      </trkpt>
      <trkpt lat="56.85085078" lon="-123.19405392">
      </trkpt>
      <trkpt lat="56.85074994" lon="-123.1945436">
      </trkpt>
      <trkpt lat="56.85065573" lon="-123.19488515">
      </trkpt>
      <trkpt lat="56.85057736" lon="-123.19516687">
      </trkpt>
      <trkpt lat="56.85040025" lon="-123.1955128">
      </trkpt>
      <trkpt lat="56.85034904" lon="-123.19581287">
      </trkpt>
      <trkpt lat="56.85033294" lon="-123.19582159">
      </trkpt>
      <trkpt lat="56.85032498" lon="-123.19583366">
      </trkpt>
      <trkpt lat="56.85025248" lon="-123.19584765">
      </trkpt>
      <trkpt lat="56.85014779" lon="-123.1960863">
      </trkpt>
      <trkpt lat="56.84999239" lon="-123.19644603">
      </trkpt>
      <trkpt lat="56.84991854" lon="-123.19659724">
      </trkpt>
      <trkpt lat="56.84983414" lon="-123.19672373">
      </trkpt>
      <trkpt lat="56.84975208" lon="-123.19688692">
      </trkpt>
      <trkpt lat="56.8497178" lon="-123.1969508">
      </trkpt>
      <trkpt lat="56.84962668" lon="-123.19715892">
      </trkpt>
      <trkpt lat="56.84948578" lon="-123.19758044">
      </trkpt>
      <trkpt lat="56.84941982" lon="-123.19782485">
      </trkpt>
      <trkpt lat="56.84941047" lon="-123.19791061">
      </trkpt>
      <trkpt lat="56.8493579" lon="-123.19795">
      </trkpt>
      <trkpt lat="56.84893978" lon="-123.19886955">
      </trkpt>
      <trkpt lat="56.8479898" lon="-123.20103956">
      </trkpt>
      <trkpt lat="56.84741973" lon="-123.20398091">
      </trkpt>
      <trkpt lat="56.84705947" lon="-123.20510989">
      </trkpt>
      <trkpt lat="56.84664016" lon="-123.20578923">
      </trkpt>
      <trkpt lat="56.84650029" lon="-123.20601088">
      </trkpt>
      <trkpt lat="56.84603032" lon="-123.20766941">
      </trkpt>
      <trkpt lat="56.84600014" lon="-123.20887099">
      </trkpt>
      <trkpt lat="56.84615955" lon="-123.21164029">
      </trkpt>
      <trkpt lat="56.84606018" lon="-123.21431941">
      </trkpt>
      <trkpt lat="56.84529032" lon="-123.21857067">
      </trkpt>
      <trkpt lat="56.84503142" lon="-123.22071084">
      </trkpt>
      <trkpt lat="56.84503019" lon="-123.22072102">
      </trkpt>
      <trkpt lat="56.84503407" lon="-123.22073478">
      </trkpt>
      <trkpt lat="56.84498512" lon="-123.22088732">
      </trkpt>
      <trkpt lat="56.84489007" lon="-123.22122873">
      </trkpt>
      <trkpt lat="56.84488455" lon="-123.22125923">
      </trkpt>
      <trkpt lat="56.84485639" lon="-123.22141472">
      </trkpt>
      <trkpt lat="56.84485277" lon="-123.22143476">
      </trkpt>
      <trkpt lat="56.84484107" lon="-123.22147167">
      </trkpt>
      <trkpt lat="56.84481492" lon="-123.22155441">
      </trkpt>
      <trkpt lat="56.84481466" lon="-123.22155524">
      </trkpt>
      <trkpt lat="56.84481456" lon="-123.22155531">
      </trkpt>
      <trkpt lat="56.8447713" lon="-123.22169175">
      </trkpt>
      <trkpt lat="56.84473434" lon="-123.22188267">
      </trkpt>
      <trkpt lat="56.84470674" lon="-123.22196064">
      </trkpt>
      <trkpt lat="56.84469821" lon="-123.22198472">
      </trkpt>
      <trkpt lat="56.84469745" lon="-123.22198687">
      </trkpt>
      <trkpt lat="56.8446527" lon="-123.22222038">
      </trkpt>
      <trkpt lat="56.84461892" lon="-123.22235224">
      </trkpt>
      <trkpt lat="56.84454365" lon="-123.22258147">
      </trkpt>
      <trkpt lat="56.84452085" lon="-123.22268258">
      </trkpt>
      <trkpt lat="56.84451817" lon="-123.22280075">
      </trkpt>
      <trkpt lat="56.844507" lon="-123.22296358">
      </trkpt>
      <trkpt lat="56.84450325" lon="-123.22301818">
      </trkpt>
      <trkpt lat="56.84449427" lon="-123.22308098">
      </trkpt>
      <trkpt lat="56.84448424" lon="-123.22315116">
      </trkpt>
      <trkpt lat="56.84447383" lon="-123.22322395">
      </trkpt>
      <trkpt lat="56.84447295" lon="-123.22322679">
      </trkpt>
      <trkpt lat="56.84439545" lon="-123.22347608">
      </trkpt>
      <trkpt lat="56.84436897" lon="-123.22370316">
      </trkpt>
      <trkpt lat="56.84436335" lon="-123.22376282">
      </trkpt>
      <trkpt lat="56.84436101" lon="-123.22376452">
      </trkpt>
      <trkpt lat="56.84435732" lon="-123.22380893">
      </trkpt>
      <trkpt lat="56.84436268" lon="-123.22386978">
      </trkpt>
      <trkpt lat="56.84436897" lon="-123.22394337">
      </trkpt>
      <trkpt lat="56.84434709" lon="-123.22396073">
      </trkpt>
      <trkpt lat="56.84430325" lon="-123.22414965">
      </trkpt>
      <trkpt lat="56.84427074" lon="-123.22424719">
      </trkpt>
      <trkpt lat="56.84425355" lon="-123.22429877">
      </trkpt>
      <trkpt lat="56.84424145" lon="-123.22435241">
      </trkpt>
      <trkpt lat="56.84421005" lon="-123.22441729">
      </trkpt>
      <trkpt lat="56.84420754" lon="-123.22444318">
      </trkpt>
      <trkpt lat="56.84419228" lon="-123.22447914">
      </trkpt>
      <trkpt lat="56.84419219" lon="-123.22447425">
      </trkpt>
      <trkpt lat="56.84419203" lon="-123.22446658">
      </trkpt>
      <trkpt lat="56.84419171" lon="-123.22447657">
      </trkpt>
      <trkpt lat="56.84412933" lon="-123.22477913">
      </trkpt>
      <trkpt lat="56.84407686" lon="-123.22511969">
      </trkpt>
      <trkpt lat="56.84405438" lon="-123.22522407">
      </trkpt>
      <trkpt lat="56.84401567" lon="-123.22540385">
      </trkpt>
      <trkpt lat="56.84403042" lon="-123.2255206">
      </trkpt>
      <trkpt lat="56.84398533" lon="-123.22562453">
      </trkpt>
      <trkpt lat="56.84388885" lon="-123.22600894">
      </trkpt>
      <trkpt lat="56.84379615" lon="-123.22625736">
      </trkpt>
      <trkpt lat="56.84377042" lon="-123.22632047">
      </trkpt>
      <trkpt lat="56.84371962" lon="-123.22663765">
      </trkpt>
      <trkpt lat="56.84365994" lon="-123.22696596">
      </trkpt>
      <trkpt lat="56.8436317" lon="-123.22727383">
      </trkpt>
      <trkpt lat="56.84357428" lon="-123.22746017">
      </trkpt>
      <trkpt lat="56.84353706" lon="-123.22776804">
      </trkpt>
      <trkpt lat="56.84348962" lon="-123.22795949">
      </trkpt>
      <trkpt lat="56.84341033" lon="-123.22833675">
      </trkpt>
      <trkpt lat="56.84338108" lon="-123.22871863">
      </trkpt>
      <trkpt lat="56.84337934" lon="-123.22874241">
      </trkpt>
      <trkpt lat="56.84337001" lon="-123.22880037">
      </trkpt>
      <trkpt lat="56.84274946" lon="-123.23008935">
      </trkpt>
      <trkpt lat="56.84242046" lon="-123.23033061">
      </trkpt>
      <trkpt lat="56.8422501" lon="-123.23043934">
      </trkpt>
      <trkpt lat="56.84161965" lon="-123.23179057">
      </trkpt>
      <trkpt lat="56.84134049" lon="-123.23405093">
      </trkpt>
      <trkpt lat="56.8411297" lon="-123.23610102">
      </trkpt>
      <trkpt lat="56.84116052" lon="-123.23659986">
      </trkpt>
      <trkpt lat="56.84079056" lon="-123.23818079">
      </trkpt>
      <trkpt lat="56.84040958" lon="-123.23871933">
      </trkpt>
      <trkpt lat="56.83993987" lon="-123.23961944">
      </trkpt>
      <trkpt lat="56.83914956" lon="-123.24220975">
      </trkpt>
      <trkpt lat="56.83882019" lon="-123.24332975">
      </trkpt>
      <trkpt lat="56.83857952" lon="-123.24566924">
      </trkpt>
      <trkpt lat="56.83794985" lon="-123.2479091">
      </trkpt>
      <trkpt lat="56.83788946" lon="-123.24818033">
      </trkpt>
      <trkpt lat="56.83702013" lon="-123.24937974">
      </trkpt>
      <trkpt lat="56.83634993" lon="-123.25024051">
      </trkpt>
      <trkpt lat="56.83586043" lon="-123.25221971">
      </trkpt>
      <trkpt lat="56.83520036" lon="-123.25392969">
      </trkpt>
      <trkpt lat="56.83483027" lon="-123.25435019">
      </trkpt>
      <trkpt lat="56.83400991" lon="-123.25564033">
      </trkpt>
      <trkpt lat="56.83391677" lon="-123.25574905">
      </trkpt>
      <trkpt lat="56.83391633" lon="-123.25574958">
      </trkpt>
      <trkpt lat="56.83388898" lon="-123.25586923">
      </trkpt>
      <trkpt lat="56.83377743" lon="-123.25626352">
      </trkpt>
      <trkpt lat="56.83371708" lon="-123.25658393">
      </trkpt>
      <trkpt lat="56.83364269" lon="-123.25669459">
      </trkpt>
      <trkpt lat="56.83364677" lon="-123.25688749">
      </trkpt>
      <trkpt lat="56.83361971" lon="-123.25696844">
      </trkpt>
      <trkpt lat="56.83357042" lon="-123.25735831">
      </trkpt>
      <trkpt lat="56.83352056" lon="-123.25772187">
      </trkpt>
      <trkpt lat="56.833404" lon="-123.25787942">
      </trkpt>
      <trkpt lat="56.83326869" lon="-123.25828416">
      </trkpt>
      <trkpt lat="56.83319155" lon="-123.2584916">
      </trkpt>
      <trkpt lat="56.83320079" lon="-123.25870169">
      </trkpt>
      <trkpt lat="56.83319385" lon="-123.25905343">
      </trkpt>
      <trkpt lat="56.83313419" lon="-123.25918059">
      </trkpt>
      <trkpt lat="56.83300493" lon="-123.25941806">
      </trkpt>
      <trkpt lat="56.83300023" lon="-123.25945871">
      </trkpt>
      <trkpt lat="56.83300026" lon="-123.25945925">
      </trkpt>
      <trkpt lat="56.83301048" lon="-123.25966654">
      </trkpt>
      <trkpt lat="56.83297486" lon="-123.25992822">
      </trkpt>
      <trkpt lat="56.83293924" lon="-123.26012654">
      </trkpt>
      <trkpt lat="56.83294754" lon="-123.26024179">
      </trkpt>
      <trkpt lat="56.83295617" lon="-123.26036332">
      </trkpt>
      <trkpt lat="56.83299967" lon="-123.26056735">
      </trkpt>
      <trkpt lat="56.83310118" lon="-123.26074998">
      </trkpt>
      <trkpt lat="56.83313043" lon="-123.26098074">
      </trkpt>
      <trkpt lat="56.83326655" lon="-123.26116666">
      </trkpt>
      <trkpt lat="56.83327736" lon="-123.26144326">
      </trkpt>
      <trkpt lat="56.83325557" lon="-123.26158256">
      </trkpt>
      <trkpt lat="56.83317259" lon="-123.2615845">
      </trkpt>
      <trkpt lat="56.83316865" lon="-123.2617844">
      </trkpt>
      <trkpt lat="56.83318156" lon="-123.26189563">
      </trkpt>
      <trkpt lat="56.83323286" lon="-123.26214877">
      </trkpt>
      <trkpt lat="56.83319145" lon="-123.26236099">
      </trkpt>
      <trkpt lat="56.83316018" lon="-123.26248068">
      </trkpt>
      <trkpt lat="56.83304066" lon="-123.26255688">
      </trkpt>
      <trkpt lat="56.83297494" lon="-123.26272778">
      </trkpt>
      <trkpt lat="56.83294955" lon="-123.26292133">
      </trkpt>
      <trkpt lat="56.83287285" lon="-123.26313028">
      </trkpt>
      <trkpt lat="56.83281519" lon="-123.26331218">
      </trkpt>
      <trkpt lat="56.83275073" lon="-123.26352012">
      </trkpt>
      <trkpt lat="56.83267345" lon="-123.26374342">
      </trkpt>
      <trkpt lat="56.83258594" lon="-123.26389169">
      </trkpt>
      <trkpt lat="56.83249936" lon="-123.26393075">
      </trkpt>
      <trkpt lat="56.83242098" lon="-123.26401498">
      </trkpt>
      <trkpt lat="56.83235745" lon="-123.26423468">
      </trkpt>
      <trkpt lat="56.83233297" lon="-123.26448101">
      </trkpt>
      <trkpt lat="56.83226516" lon="-123.26465368">
      </trkpt>
      <trkpt lat="56.83223566" lon="-123.2648309">
      </trkpt>
      <trkpt lat="56.83218629" lon="-123.26499676">
      </trkpt>
      <trkpt lat="56.83219392" lon="-123.2652587">
      </trkpt>
      <trkpt lat="56.83218193" lon="-123.26531762">
      </trkpt>
      <trkpt lat="56.83200608" lon="-123.26550092">
      </trkpt>
      <trkpt lat="56.83196635" lon="-123.26552239">
      </trkpt>
      <trkpt lat="56.8318822" lon="-123.26566103">
      </trkpt>
      <trkpt lat="56.8318568" lon="-123.26567579">
      </trkpt>
      <trkpt lat="56.83171883" lon="-123.26571845">
      </trkpt>
      <trkpt lat="56.83159838" lon="-123.26598616">
      </trkpt>
      <trkpt lat="56.83158237" lon="-123.26601416">
      </trkpt>
      <trkpt lat="56.83143242" lon="-123.26615204">
      </trkpt>
      <trkpt lat="56.83137643" lon="-123.26621389">
      </trkpt>
      <trkpt lat="56.83135388" lon="-123.2661901">
      </trkpt>
      <trkpt lat="56.83135724" lon="-123.26619429">
      </trkpt>
      <trkpt lat="56.83134869" lon="-123.26621667">
      </trkpt>
      <trkpt lat="56.83128783" lon="-123.26631785">
      </trkpt>
      <trkpt lat="56.83125498" lon="-123.26638548">
      </trkpt>
      <trkpt lat="56.83134818" lon="-123.26634583">
      </trkpt>
      <trkpt lat="56.83135151" lon="-123.26634566">
      </trkpt>
      <trkpt lat="56.83132698" lon="-123.2664755">
      </trkpt>
      <trkpt lat="56.83128918" lon="-123.26652513">
      </trkpt>
      <trkpt lat="56.83118868" lon="-123.26661857">
      </trkpt>
      <trkpt lat="56.83101886" lon="-123.26684305">
      </trkpt>
      <trkpt lat="56.83091903" lon="-123.26698335">
      </trkpt>
      <trkpt lat="56.83083278" lon="-123.26708444">
      </trkpt>
      <trkpt lat="56.83072633" lon="-123.26721478">
      </trkpt>
      <trkpt lat="56.83054502" lon="-123.2675167">
      </trkpt>
      <trkpt lat="56.83054436" lon="-123.26751778">
      </trkpt>
      <trkpt lat="56.83051452" lon="-123.26757226">
      </trkpt>
      <trkpt lat="56.83050639" lon="-123.26765249">
      </trkpt>
      <trkpt lat="56.83047697" lon="-123.26775767">
      </trkpt>
      <trkpt lat="56.83041159" lon="-123.26801769">
      </trkpt>
      <trkpt lat="56.8303178" lon="-123.2681782">
      </trkpt>
      <trkpt lat="56.83026449" lon="-123.26846528">
      </trkpt>
      <trkpt lat="56.83020858" lon="-123.26857567">
      </trkpt>
      <trkpt lat="56.83014479" lon="-123.26874012">
      </trkpt>
      <trkpt lat="56.83012074" lon="-123.26883836">
      </trkpt>
      <trkpt lat="56.83011286" lon="-123.26906215">
      </trkpt>
      <trkpt lat="56.83010096" lon="-123.26911948">
      </trkpt>
      <trkpt lat="56.83008336" lon="-123.26928712">
      </trkpt>
      <trkpt lat="56.8300158" lon="-123.26952852">
      </trkpt>
      <trkpt lat="56.82999199" lon="-123.26953136">
      </trkpt>
      <trkpt lat="56.82986685" lon="-123.26971811">
      </trkpt>
      <trkpt lat="56.82974464" lon="-123.26998299">
      </trkpt>
      <trkpt lat="56.82975562" lon="-123.27025347">
      </trkpt>
      <trkpt lat="56.82975814" lon="-123.27051825">
      </trkpt>
      <trkpt lat="56.8296905" lon="-123.27061498">
      </trkpt>
      <trkpt lat="56.82964616" lon="-123.27066385">
      </trkpt>
      <trkpt lat="56.82961095" lon="-123.27080877">
      </trkpt>
      <trkpt lat="56.82952403" lon="-123.27119979">
      </trkpt>
      <trkpt lat="56.82950635" lon="-123.27123198">
      </trkpt>
      <trkpt lat="56.82937106" lon="-123.27148092">
      </trkpt>
      <trkpt lat="56.82935287" lon="-123.27151217">
      </trkpt>
      <trkpt lat="56.82918054" lon="-123.27170119">
      </trkpt>
      <trkpt lat="56.82906822" lon="-123.27178015">
      </trkpt>
      <trkpt lat="56.82890402" lon="-123.27183707">
      </trkpt>
      <trkpt lat="56.82875072" lon="-123.27191308">
      </trkpt>
      <trkpt lat="56.82860579" lon="-123.27203957">
      </trkpt>
      <trkpt lat="56.82848115" lon="-123.27239975">
      </trkpt>
      <trkpt lat="56.82843472" lon="-123.27259043">
      </trkpt>
      <trkpt lat="56.82830874" lon="-123.27288774">
      </trkpt>
      <trkpt lat="56.82822903" lon="-123.27317105">
      </trkpt>
      <trkpt lat="56.82819173" lon="-123.2732195">
      </trkpt>
      <trkpt lat="56.82815267" lon="-123.27333877">
      </trkpt>
      <trkpt lat="56.82804806" lon="-123.27361579">
      </trkpt>
      <trkpt lat="56.82794974" lon="-123.27385694">
      </trkpt>
      <trkpt lat="56.82792904" lon="-123.27400078">
      </trkpt>
      <trkpt lat="56.82800598" lon="-123.27419607">
      </trkpt>
      <trkpt lat="56.82796609" lon="-123.27428492">
      </trkpt>
      <trkpt lat="56.82790088" lon="-123.27452522">
      </trkpt>
      <trkpt lat="56.82787045" lon="-123.2747844">
      </trkpt>
      <trkpt lat="56.82780574" lon="-123.27499578">
      </trkpt>
      <trkpt lat="56.82776777" lon="-123.27518766">
      </trkpt>
      <trkpt lat="56.82772444" lon="-123.27526435">
      </trkpt>
      <trkpt lat="56.82768655" lon="-123.27538604">
      </trkpt>
      <trkpt lat="56.82767197" lon="-123.27547573">
      </trkpt>
      <trkpt lat="56.82772829" lon="-123.27576868">
      </trkpt>
      <trkpt lat="56.82770985" lon="-123.27588426">
      </trkpt>
      <trkpt lat="56.82765663" lon="-123.27604059">
      </trkpt>
      <trkpt lat="56.82759368" lon="-123.27624813">
      </trkpt>
      <trkpt lat="56.82759879" lon="-123.27636689">
      </trkpt>
      <trkpt lat="56.82760089" lon="-123.27652874">
      </trkpt>
      <trkpt lat="56.82756107" lon="-123.27659238">
      </trkpt>
      <trkpt lat="56.82745529" lon="-123.27677653">
      </trkpt>
      <trkpt lat="56.82742956" lon="-123.27687904">
      </trkpt>
      <trkpt lat="56.82738815" lon="-123.27716175">
      </trkpt>
      <trkpt lat="56.82737994" lon="-123.27722436">
      </trkpt>
      <trkpt lat="56.82734348" lon="-123.2773791">
      </trkpt>
      <trkpt lat="56.82736435" lon="-123.27769166">
      </trkpt>
      <trkpt lat="56.82730299" lon="-123.27768764">
      </trkpt>
      <trkpt lat="56.82724298" lon="-123.27770439">
      </trkpt>
      <trkpt lat="56.82716486" lon="-123.27774781">
      </trkpt>
      <trkpt lat="56.82713443" lon="-123.27779979">
      </trkpt>
      <trkpt lat="56.82703595" lon="-123.27805468">
      </trkpt>
      <trkpt lat="56.82691768" lon="-123.27827185">
      </trkpt>
      <trkpt lat="56.82683042" lon="-123.27847553">
      </trkpt>
      <trkpt lat="56.82677602" lon="-123.27854217">
      </trkpt>
      <trkpt lat="56.82659489" lon="-123.27870889">
      </trkpt>
      <trkpt lat="56.82651074" lon="-123.27892363">
      </trkpt>
      <trkpt lat="56.82640119" lon="-123.27918783">
      </trkpt>
      <trkpt lat="56.82639062" lon="-123.27928388">
      </trkpt>
      <trkpt lat="56.82639775" lon="-123.27936594">
      </trkpt>
      <trkpt lat="56.82644217" lon="-123.27954273">
      </trkpt>
      <trkpt lat="56.82645617" lon="-123.27978444">
      </trkpt>
      <trkpt lat="56.82643052" lon="-123.27997682">
      </trkpt>
      <trkpt lat="56.82640756" lon="-123.28007387">
      </trkpt>
      <trkpt lat="56.82641326" lon="-123.28018083">
      </trkpt>
      <trkpt lat="56.82638853" lon="-123.28033992">
      </trkpt>
      <trkpt lat="56.82633304" lon="-123.28047589">
      </trkpt>
      <trkpt lat="56.82622416" lon="-123.28073252">
      </trkpt>
      <trkpt lat="56.82620538" lon="-123.28076606">
      </trkpt>
      <trkpt lat="56.82611939" lon="-123.28090837">
      </trkpt>
      <trkpt lat="56.82600606" lon="-123.28108323">
      </trkpt>
      <trkpt lat="56.82591914" lon="-123.28130962">
      </trkpt>
      <trkpt lat="56.82578788" lon="-123.28155479">
      </trkpt>
      <trkpt lat="56.82570239" lon="-123.28174867">
      </trkpt>
      <trkpt lat="56.8256899" lon="-123.28191714">
      </trkpt>
      <trkpt lat="56.82560264" lon="-123.28213785">
      </trkpt>
      <trkpt lat="56.82556174" lon="-123.28239483">
      </trkpt>
      <trkpt lat="56.82550164" lon="-123.28244404">
      </trkpt>
      <trkpt lat="56.82543224" lon="-123.28265375">
      </trkpt>
      <trkpt lat="56.82538966" lon="-123.28280252">
      </trkpt>
      <trkpt lat="56.82531472" lon="-123.28285574">
      </trkpt>
      <trkpt lat="56.82526502" lon="-123.28287117">
      </trkpt>
      <trkpt lat="56.82511004" lon="-123.28293672">
      </trkpt>
      <trkpt lat="56.82495296" lon="-123.28298071">
      </trkpt>
      <trkpt lat="56.82482807" lon="-123.28302608">
      </trkpt>
      <trkpt lat="56.82475188" lon="-123.28301777">
      </trkpt>
      <trkpt lat="56.82455683" lon="-123.28337375">
      </trkpt>
      <trkpt lat="56.82445767" lon="-123.28357994">
      </trkpt>
      <trkpt lat="56.82438825" lon="-123.28375474">
      </trkpt>
      <trkpt lat="56.82390978" lon="-123.28427998">
      </trkpt>
      <trkpt lat="56.82345034" lon="-123.28530976">
      </trkpt>
      <trkpt lat="56.82272168" lon="-123.28718504">
      </trkpt>
      <trkpt lat="56.82272117" lon="-123.28718632">
      </trkpt>
      <trkpt lat="56.82272116" lon="-123.28718844">
      </trkpt>
      <trkpt lat="56.82245041" lon="-123.28789011">
      </trkpt>
      <trkpt lat="56.8217104" lon="-123.28998005">
      </trkpt>
      <trkpt lat="56.82131227" lon="-123.29230805">
      </trkpt>
      <trkpt lat="56.82128979" lon="-123.29243954">
      </trkpt>
      <trkpt lat="56.82125358" lon="-123.29254428">
      </trkpt>
      <trkpt lat="56.82125346" lon="-123.29254489">
      </trkpt>
      <trkpt lat="56.82119342" lon="-123.29284052">
      </trkpt>
      <trkpt lat="56.8211169" lon="-123.2930831">
      </trkpt>
      <trkpt lat="56.82100802" lon="-123.29332659">
      </trkpt>
      <trkpt lat="56.8209553" lon="-123.29353479">
      </trkpt>
      <trkpt lat="56.82088179" lon="-123.29363034">
      </trkpt>
      <trkpt lat="56.82074332" lon="-123.29401726">
      </trkpt>
      <trkpt lat="56.82064424" lon="-123.29421943">
      </trkpt>
      <trkpt lat="56.82056378" lon="-123.29448229">
      </trkpt>
      <trkpt lat="56.82049287" lon="-123.29472024">
      </trkpt>
      <trkpt lat="56.82039295" lon="-123.29500464">
      </trkpt>
      <trkpt lat="56.82029958" lon="-123.29524177">
      </trkpt>
      <trkpt lat="56.82017326" lon="-123.29550497">
      </trkpt>
      <trkpt lat="56.82008735" lon="-123.29576815">
      </trkpt>
      <trkpt lat="56.81999322" lon="-123.29600486">
      </trkpt>
      <trkpt lat="56.81992583" lon="-123.29630008">
      </trkpt>
      <trkpt lat="56.81983916" lon="-123.29656427">
      </trkpt>
      <trkpt lat="56.81980915" lon="-123.29665773">
      </trkpt>
      <trkpt lat="56.81974185" lon="-123.29688436">
      </trkpt>
      <trkpt lat="56.81971028" lon="-123.29698542">
      </trkpt>
      <trkpt lat="56.81947909" lon="-123.29768117">
      </trkpt>
      <trkpt lat="56.81947904" lon="-123.29768539">
      </trkpt>
      <trkpt lat="56.81947898" lon="-123.29769014">
      </trkpt>
      <trkpt lat="56.81947455" lon="-123.29769628">
      </trkpt>
      <trkpt lat="56.81927909" lon="-123.29792828">
      </trkpt>
      <trkpt lat="56.81926333" lon="-123.29800826">
      </trkpt>
      <trkpt lat="56.81922074" lon="-123.29815167">
      </trkpt>
      <trkpt lat="56.81918219" lon="-123.29832937">
      </trkpt>
      <trkpt lat="56.81907717" lon="-123.29872693">
      </trkpt>
      <trkpt lat="56.81890474" lon="-123.29913839">
      </trkpt>
      <trkpt lat="56.81877567" lon="-123.29952186">
      </trkpt>
      <trkpt lat="56.8186797" lon="-123.29983602">
      </trkpt>
      <trkpt lat="56.81856829" lon="-123.30019266">
      </trkpt>
      <trkpt lat="56.81840954" lon="-123.30059507">
      </trkpt>
      <trkpt lat="56.81830359" lon="-123.30094778">
      </trkpt>
      <trkpt lat="56.81828944" lon="-123.30140626">
      </trkpt>
      <trkpt lat="56.81826496" lon="-123.30177198">
      </trkpt>
      <trkpt lat="56.81805733" lon="-123.30202712">
      </trkpt>
      <trkpt lat="56.81794325" lon="-123.30226307">
      </trkpt>
      <trkpt lat="56.81790965" lon="-123.3023934">
      </trkpt>
      <trkpt lat="56.81787545" lon="-123.30253732">
      </trkpt>
      <trkpt lat="56.81783287" lon="-123.30259516">
      </trkpt>
      <trkpt lat="56.81766808" lon="-123.30278971">
      </trkpt>
      <trkpt lat="56.81752618" lon="-123.30314795">
      </trkpt>
      <trkpt lat="56.81739659" lon="-123.30347401">
      </trkpt>
      <trkpt lat="56.81735075" lon="-123.30367802">
      </trkpt>
      <trkpt lat="56.81727237" lon="-123.3040444">
      </trkpt>
      <trkpt lat="56.817394" lon="-123.30447355">
      </trkpt>
      <trkpt lat="56.81742853" lon="-123.30453725">
      </trkpt>
      <trkpt lat="56.81741126" lon="-123.30472678">
      </trkpt>
      <trkpt lat="56.81739366" lon="-123.30480991">
      </trkpt>
      <trkpt lat="56.81735442" lon="-123.30478309">
      </trkpt>
      <trkpt lat="56.81720649" lon="-123.30477865">
      </trkpt>
      <trkpt lat="56.81703004" lon="-123.30490472">
      </trkpt>
      <trkpt lat="56.81690406" lon="-123.30499449">
      </trkpt>
      <trkpt lat="56.81675696" lon="-123.30535097">
      </trkpt>
      <trkpt lat="56.8167076" lon="-123.30555246">
      </trkpt>
      <trkpt lat="56.81666996" lon="-123.30563118">
      </trkpt>
      <trkpt lat="56.81654441" lon="-123.30596595">
      </trkpt>
      <trkpt lat="56.81642195" lon="-123.3063423">
      </trkpt>
      <trkpt lat="56.81626789" lon="-123.30649248">
      </trkpt>
      <trkpt lat="56.81602222" lon="-123.30679235">
      </trkpt>
      <trkpt lat="56.81601907" lon="-123.3067962">
      </trkpt>
      <trkpt lat="56.8160132" lon="-123.30679564">
      </trkpt>
      <trkpt lat="56.81571623" lon="-123.30723806">
      </trkpt>
      <trkpt lat="56.81453648" lon="-123.30981749">
      </trkpt>
      <trkpt lat="56.81356667" lon="-123.31208874">
      </trkpt>
      <trkpt lat="56.81298465" lon="-123.31278954">
      </trkpt>
      <trkpt lat="56.81298275" lon="-123.31278911">
      </trkpt>
      <trkpt lat="56.8126604" lon="-123.31271762">
      </trkpt>
      <trkpt lat="56.81249804" lon="-123.31243322">
      </trkpt>
      <trkpt lat="56.81220224" lon="-123.3124096">
      </trkpt>
      <trkpt lat="56.81167862" lon="-123.31205888">
      </trkpt>
      <trkpt lat="56.81151358" lon="-123.31218427">
      </trkpt>
      <trkpt lat="56.81124285" lon="-123.31220247">
      </trkpt>
      <trkpt lat="56.81103749" lon="-123.31245291">
      </trkpt>
      <trkpt lat="56.8106821" lon="-123.3132143">
      </trkpt>
      <trkpt lat="56.81065368" lon="-123.31323743">
      </trkpt>
      <trkpt lat="56.81062669" lon="-123.31326094">
      </trkpt>
      <trkpt lat="56.81037933" lon="-123.31329528">
      </trkpt>
      <trkpt lat="56.81030305" lon="-123.31328926">
      </trkpt>
      <trkpt lat="56.81030288" lon="-123.31328925">
      </trkpt>
      <trkpt lat="56.81024363" lon="-123.31333621">
      </trkpt>
      <trkpt lat="56.81018279" lon="-123.31333597">
      </trkpt>
      <trkpt lat="56.80983829" lon="-123.31315685">
      </trkpt>
      <trkpt lat="56.80961315" lon="-123.31317368">
      </trkpt>
      <trkpt lat="56.80947347" lon="-123.31328758">
      </trkpt>
      <trkpt lat="56.80901268" lon="-123.31366329">
      </trkpt>
      <trkpt lat="56.80896019" lon="-123.31374911">
      </trkpt>
      <trkpt lat="56.80847562" lon="-123.31454142">
      </trkpt>
      <trkpt lat="56.80834254" lon="-123.31556418">
      </trkpt>
      <trkpt lat="56.80828873" lon="-123.31620721">
      </trkpt>
      <trkpt lat="56.80816084" lon="-123.31644339">
      </trkpt>
      <trkpt lat="56.80806316" lon="-123.31662382">
      </trkpt>
      <trkpt lat="56.80801598" lon="-123.31671095">
      </trkpt>
      <trkpt lat="56.80783548" lon="-123.31678582">
      </trkpt>
      <trkpt lat="56.80769169" lon="-123.31733986">
      </trkpt>
      <trkpt lat="56.80746487" lon="-123.31762601">
      </trkpt>
      <trkpt lat="56.80728405" lon="-123.31774819">
      </trkpt>
      <trkpt lat="56.80719213" lon="-123.31800269">
      </trkpt>
      <trkpt lat="56.80709314" lon="-123.31914639">
      </trkpt>
      <trkpt lat="56.80684017" lon="-123.31970389">
      </trkpt>
      <trkpt lat="56.80643667" lon="-123.32015532">
      </trkpt>
      <trkpt lat="56.80642475" lon="-123.32046295">
      </trkpt>
      <trkpt lat="56.80607993" lon="-123.32063076">
      </trkpt>
      <trkpt lat="56.80582445" lon="-123.32105303">
      </trkpt>
      <trkpt lat="56.80548146" lon="-123.32111264">
      </trkpt>
      <trkpt lat="56.80518223" lon="-123.32128153">
      </trkpt>
      <trkpt lat="56.80523704" lon="-123.32182141">
      </trkpt>
      <trkpt lat="56.80553092" lon="-123.32244325">
      </trkpt>
      <trkpt lat="56.80558748" lon="-123.32311423">
      </trkpt>
      <trkpt lat="56.80547006" lon="-123.32328681">
      </trkpt>
      <trkpt lat="56.80545732" lon="-123.3235464">
      </trkpt>
      <trkpt lat="56.80520242" lon="-123.32382132">
      </trkpt>
      <trkpt lat="56.80510677" lon="-123.32377227">
      </trkpt>
      <trkpt lat="56.80504946" lon="-123.32374287">
      </trkpt>
      <trkpt lat="56.80501947" lon="-123.32372748">
      </trkpt>
      <trkpt lat="56.8050192" lon="-123.32372742">
      </trkpt>
      <trkpt lat="56.80501877" lon="-123.32372702">
      </trkpt>
      <trkpt lat="56.80501803" lon="-123.32372612">
      </trkpt>
      <trkpt lat="56.8050148" lon="-123.32371727">
      </trkpt>
      <trkpt lat="56.80501344" lon="-123.32371416">
      </trkpt>
      <trkpt lat="56.80501245" lon="-123.32371006">
      </trkpt>
      <trkpt lat="56.80500709" lon="-123.32370098">
      </trkpt>
      <trkpt lat="56.80500222" lon="-123.32369736">
      </trkpt>
      <trkpt lat="56.80500489" lon="-123.32368275">
      </trkpt>
      <trkpt lat="56.80500519" lon="-123.32368229">
      </trkpt>
      <trkpt lat="56.80500523" lon="-123.32368205">
      </trkpt>
      <trkpt lat="56.80500662" lon="-123.32367518">
      </trkpt>
      <trkpt lat="56.80500587" lon="-123.32364933">
      </trkpt>
      <trkpt lat="56.80500491" lon="-123.32364502">
      </trkpt>
      <trkpt lat="56.80500285" lon="-123.32364078">
      </trkpt>
      <trkpt lat="56.8050006" lon="-123.32363695">
      </trkpt>
      <trkpt lat="56.80496541" lon="-123.32362294">
      </trkpt>
      <trkpt lat="56.80494601" lon="-123.32361959">
      </trkpt>
      <trkpt lat="56.80491539" lon="-123.32361427">
      </trkpt>
      <trkpt lat="56.8049153" lon="-123.32361426">
      </trkpt>
      <trkpt lat="56.80491486" lon="-123.32361511">
      </trkpt>
      <trkpt lat="56.8048514" lon="-123.32360413">
      </trkpt>
      <trkpt lat="56.80450246" lon="-123.32461992">
      </trkpt>
      <trkpt lat="56.80416483" lon="-123.32519207">
      </trkpt>
      <trkpt lat="56.80388899" lon="-123.32608155">
      </trkpt>
      <trkpt lat="56.80300235" lon="-123.32785149">
      </trkpt>
      <trkpt lat="56.80277235" lon="-123.32903157">
      </trkpt>
      <trkpt lat="56.80256926" lon="-123.32915386">
      </trkpt>
      <trkpt lat="56.80249547" lon="-123.329239">
      </trkpt>
      <trkpt lat="56.80246348" lon="-123.32929619">
      </trkpt>
      <trkpt lat="56.80228603" lon="-123.3293423">
      </trkpt>
      <trkpt lat="56.80216156" lon="-123.33014484">
      </trkpt>
      <trkpt lat="56.80203298" lon="-123.33052624">
      </trkpt>
      <trkpt lat="56.80187456" lon="-123.33062672">
      </trkpt>
      <trkpt lat="56.80159184" lon="-123.33218736">
      </trkpt>
      <trkpt lat="56.80141716" lon="-123.33225056">
      </trkpt>
      <trkpt lat="56.80122119" lon="-123.33252129">
      </trkpt>
      <trkpt lat="56.8011875" lon="-123.33293812">
      </trkpt>
      <trkpt lat="56.80089606" lon="-123.33361974">
      </trkpt>
      <trkpt lat="56.80072415" lon="-123.3347016">
      </trkpt>
      <trkpt lat="56.80086178" lon="-123.33531876">
      </trkpt>
      <trkpt lat="56.80069959" lon="-123.33595962">
      </trkpt>
      <trkpt lat="56.8005773" lon="-123.33720535">
      </trkpt>
      <trkpt lat="56.80060714" lon="-123.33968648">
      </trkpt>
      <trkpt lat="56.80036808" lon="-123.34072675">
      </trkpt>
      <trkpt lat="56.80050764" lon="-123.34124123">
      </trkpt>
      <trkpt lat="56.80047747" lon="-123.34134894">
      </trkpt>
      <trkpt lat="56.8004773" lon="-123.34136303">
      </trkpt>
      <trkpt lat="56.80047713" lon="-123.34136488">
      </trkpt>
      <trkpt lat="56.80036172" lon="-123.34183609">
      </trkpt>
      <trkpt lat="56.8002494" lon="-123.34229467">
      </trkpt>
      <trkpt lat="56.80016083" lon="-123.34341268">
      </trkpt>
      <trkpt lat="56.80013758" lon="-123.34359513">
      </trkpt>
      <trkpt lat="56.79976953" lon="-123.34507488">
      </trkpt>
      <trkpt lat="56.79943291" lon="-123.34564477">
      </trkpt>
      <trkpt lat="56.79928487" lon="-123.34589539">
      </trkpt>
      <trkpt lat="56.79922739" lon="-123.34599268">
      </trkpt>
      <trkpt lat="56.79911717" lon="-123.34636979">
      </trkpt>
      <trkpt lat="56.79900435" lon="-123.34712885">
      </trkpt>
      <trkpt lat="56.79895046" lon="-123.34750089">
      </trkpt>
      <trkpt lat="56.79876043" lon="-123.34805967">
      </trkpt>
      <trkpt lat="56.79853588" lon="-123.34899845">
      </trkpt>
      <trkpt lat="56.79849713" lon="-123.34949504">
      </trkpt>
      <trkpt lat="56.79838199" lon="-123.35000225">
      </trkpt>
      <trkpt lat="56.79802442" lon="-123.3517576">
      </trkpt>
      <trkpt lat="56.79745613" lon="-123.35380344">
      </trkpt>
      <trkpt lat="56.79739697" lon="-123.35392415">
      </trkpt>
      <trkpt lat="56.79718871" lon="-123.35434908">
      </trkpt>
      <trkpt lat="56.79715083" lon="-123.35442638">
      </trkpt>
      <trkpt lat="56.79712622" lon="-123.35444892">
      </trkpt>
      <trkpt lat="56.79705234" lon="-123.35456175">
      </trkpt>
      <trkpt lat="56.79704038" lon="-123.35458507">
      </trkpt>
      <trkpt lat="56.79674855" lon="-123.35500369">
      </trkpt>
      <trkpt lat="56.79673813" lon="-123.35501864">
      </trkpt>
      <trkpt lat="56.79660394" lon="-123.35548074">
      </trkpt>
      <trkpt lat="56.79641694" lon="-123.35572501">
      </trkpt>
      <trkpt lat="56.79623413" lon="-123.35576397">
      </trkpt>
      <trkpt lat="56.79609499" lon="-123.35603169">
      </trkpt>
      <trkpt lat="56.79567497" lon="-123.35633337">
      </trkpt>
      <trkpt lat="56.79563525" lon="-123.35665919">
      </trkpt>
      <trkpt lat="56.79561774" lon="-123.35680284">
      </trkpt>
      <trkpt lat="56.79555677" lon="-123.35685262">
      </trkpt>
      <trkpt lat="56.7953532" lon="-123.35701884">
      </trkpt>
      <trkpt lat="56.79522838" lon="-123.35729023">
      </trkpt>
      <trkpt lat="56.79534355" lon="-123.35977999">
      </trkpt>
      <trkpt lat="56.79529945" lon="-123.35991493">
      </trkpt>
      <trkpt lat="56.79531623" lon="-123.36003975">
      </trkpt>
      <trkpt lat="56.79510814" lon="-123.36054662">
      </trkpt>
      <trkpt lat="56.7950437" lon="-123.36128677">
      </trkpt>
      <trkpt lat="56.79499562" lon="-123.36195107">
      </trkpt>
      <trkpt lat="56.79503461" lon="-123.36266705">
      </trkpt>
      <trkpt lat="56.79510702" lon="-123.36399703">
      </trkpt>
      <trkpt lat="56.79512294" lon="-123.36428954">
      </trkpt>
      <trkpt lat="56.7950962" lon="-123.36459072">
      </trkpt>
      <trkpt lat="56.79494733" lon="-123.36626715">
      </trkpt>
      <trkpt lat="56.79492051" lon="-123.36656926">
      </trkpt>
      <trkpt lat="56.79492582" lon="-123.3666122">
      </trkpt>
      <trkpt lat="56.79524809" lon="-123.3692178">
      </trkpt>
      <trkpt lat="56.79534297" lon="-123.36998497">
      </trkpt>
      <trkpt lat="56.79511338" lon="-123.37056985">
      </trkpt>
      <trkpt lat="56.79511781" lon="-123.37063666">
      </trkpt>
      <trkpt lat="56.79517549" lon="-123.37132858">
      </trkpt>
      <trkpt lat="56.79516643" lon="-123.37136997">
      </trkpt>
      <trkpt lat="56.79516896" lon="-123.37140812">
      </trkpt>
      <trkpt lat="56.79504052" lon="-123.37194501">
      </trkpt>
      <trkpt lat="56.79499763" lon="-123.37214087">
      </trkpt>
      <trkpt lat="56.79472341" lon="-123.37524344">
      </trkpt>
      <trkpt lat="56.79481115" lon="-123.37639583">
      </trkpt>
      <trkpt lat="56.79481675" lon="-123.37646937">
      </trkpt>
      <trkpt lat="56.79480448" lon="-123.37651366">
      </trkpt>
      <trkpt lat="56.79480519" lon="-123.37651958">
      </trkpt>
      <trkpt lat="56.79485866" lon="-123.37696415">
      </trkpt>
      <trkpt lat="56.79500182" lon="-123.37750704">
      </trkpt>
      <trkpt lat="56.79503395" lon="-123.37763668">
      </trkpt>
      <trkpt lat="56.7951299" lon="-123.37800568">
      </trkpt>
      <trkpt lat="56.79547984" lon="-123.37949423">
      </trkpt>
      <trkpt lat="56.79552418" lon="-123.38024852">
      </trkpt>
      <trkpt lat="56.79576659" lon="-123.38114001">
      </trkpt>
      <trkpt lat="56.7960157" lon="-123.38159918">
      </trkpt>
      <trkpt lat="56.79607772" lon="-123.38223579">
      </trkpt>
      <trkpt lat="56.79648768" lon="-123.3827662">
      </trkpt>
      <trkpt lat="56.79696693" lon="-123.38386504">
      </trkpt>
      <trkpt lat="56.79697042" lon="-123.38387307">
      </trkpt>
      <trkpt lat="56.79708739" lon="-123.38446724">
      </trkpt>
      <trkpt lat="56.79717774" lon="-123.38540746">
      </trkpt>
      <trkpt lat="56.79711724" lon="-123.38594452">
      </trkpt>
      <trkpt lat="56.79714686" lon="-123.38711726">
      </trkpt>
      <trkpt lat="56.79697195" lon="-123.38817326">
      </trkpt>
      <trkpt lat="56.79679173" lon="-123.38955595">
      </trkpt>
      <trkpt lat="56.79681166" lon="-123.39010993">
      </trkpt>
      <trkpt lat="56.79681199" lon="-123.39011885">
      </trkpt>
      <trkpt lat="56.79674038" lon="-123.39111098">
      </trkpt>
      <trkpt lat="56.79675988" lon="-123.39658981">
      </trkpt>
      <trkpt lat="56.79668055" lon="-123.40290999">
      </trkpt>
      <trkpt lat="56.79665014" lon="-123.40748971">
      </trkpt>
      <trkpt lat="56.79668254" lon="-123.41076992">
      </trkpt>
      <trkpt lat="56.79669053" lon="-123.41158066">
      </trkpt>
      <trkpt lat="56.79671936" lon="-123.41471856">
      </trkpt>
      <trkpt lat="56.79671945" lon="-123.41472798">
      </trkpt>
      <trkpt lat="56.79674008" lon="-123.41697949">
      </trkpt>
      <trkpt lat="56.79693008" lon="-123.42156089">
      </trkpt>
      <trkpt lat="56.79711998" lon="-123.42327102">
      </trkpt>
      <trkpt lat="56.79746053" lon="-123.42443994">
      </trkpt>
      <trkpt lat="56.79762615" lon="-123.4258642">
      </trkpt>
      <trkpt lat="56.79785004" lon="-123.42778991">
      </trkpt>
      <trkpt lat="56.79816009" lon="-123.43166001">
      </trkpt>
      <trkpt lat="56.79813131" lon="-123.43343115">
      </trkpt>
      <trkpt lat="56.79813793" lon="-123.43352207">
      </trkpt>
      <trkpt lat="56.79844922" lon="-123.43780227">
      </trkpt>
      <trkpt lat="56.79856409" lon="-123.44011343">
      </trkpt>
      <trkpt lat="56.79863704" lon="-123.44263815">
      </trkpt>
      <trkpt lat="56.79859793" lon="-123.44415848">
      </trkpt>
      <trkpt lat="56.79848418" lon="-123.44656906">
      </trkpt>
      <trkpt lat="56.79816241" lon="-123.44895119">
      </trkpt>
      <trkpt lat="56.79791048" lon="-123.45137084">
      </trkpt>
      <trkpt lat="56.79769128" lon="-123.45311376">
      </trkpt>
      <trkpt lat="56.79707238" lon="-123.46032124">
      </trkpt>
      <trkpt lat="56.79708024" lon="-123.46660216">
      </trkpt>
      <trkpt lat="56.79692224" lon="-123.46836732">
      </trkpt>
    </trkseg>
  </trk>
</gpx>