<?xml version="1.0" encoding="UTF-8"?>
<gpx xmlns="http://www.topografix.com/GPX/1/1" xmlns:xsi="http://www.w3.org/2001/XMLSchema-instance" xsi:schemaLocation="http://www.topografix.com/GPX/1/1 http://www.topografix.com/GPX/1/1/gpx.xsd" version="1.1" creator="gpx.py -- https://github.com/tkrajina/gpxpy">
  <trk>
    <name>Fly Hills Snowmobile</name>
    <trkseg>
      <trkpt lat="50.62923787" lon="-119.46098831">
      </trkpt>
      <trkpt lat="50.62926012" lon="-119.46110266">
      </trkpt>
      <trkpt lat="50.62926995" lon="-119.46116138">
      </trkpt>
      <trkpt lat="50.62928237" lon="-119.46123726">
      </trkpt>
      <trkpt lat="50.62929439" lon="-119.46133325">
      </trkpt>
      <trkpt lat="50.62932408" lon="-119.46145925">
      </trkpt>
      <trkpt lat="50.6293732" lon="-119.46161751">
      </trkpt>
      <trkpt lat="50.62941409" lon="-119.46174439">
      </trkpt>
      <trkpt lat="50.62946934" lon="-119.46187166">
      </trkpt>
      <trkpt lat="50.62947361" lon="-119.4619713">
      </trkpt>
      <trkpt lat="50.62950614" lon="-119.4620643">
      </trkpt>
      <trkpt lat="50.62952401" lon="-119.46212436">
      </trkpt>
      <trkpt lat="50.62954178" lon="-119.46223705">
      </trkpt>
      <trkpt lat="50.62955695" lon="-119.46233259">
      </trkpt>
      <trkpt lat="50.62957805" lon="-119.46247487">
      </trkpt>
      <trkpt lat="50.62961745" lon="-119.46254934">
      </trkpt>
      <trkpt lat="50.62967811" lon="-119.46263323">
      </trkpt>
      <trkpt lat="50.62974478" lon="-119.46271123">
      </trkpt>
      <trkpt lat="50.62979065" lon="-119.46278725">
      </trkpt>
      <trkpt lat="50.62982707" lon="-119.46289222">
      </trkpt>
      <trkpt lat="50.62986331" lon="-119.46296714">
      </trkpt>
      <trkpt lat="50.6298914" lon="-119.46306581">
      </trkpt>
      <trkpt lat="50.62988018" lon="-119.46317271">
      </trkpt>
      <trkpt lat="50.62984998" lon="-119.4632548">
      </trkpt>
      <trkpt lat="50.62981921" lon="-119.46332697">
      </trkpt>
      <trkpt lat="50.62980217" lon="-119.46336202">
      </trkpt>
    </trkseg>
    <trkseg>
      <trkpt lat="50.6787785" lon="-119.37551678">
      </trkpt>
      <trkpt lat="50.67877827" lon="-119.37553104">
      </trkpt>
      <trkpt lat="50.67879325" lon="-119.3756888">
      </trkpt>
      <trkpt lat="50.67880065" lon="-119.3757463">
      </trkpt>
      <trkpt lat="50.67881753" lon="-119.37580253">
      </trkpt>
      <trkpt lat="50.67882546" lon="-119.37585995">
      </trkpt>
      <trkpt lat="50.67885138" lon="-119.37591655">
      </trkpt>
      <trkpt lat="50.6788856" lon="-119.37598971">
      </trkpt>
      <trkpt lat="50.67893006" lon="-119.37603475">
      </trkpt>
      <trkpt lat="50.67896539" lon="-119.37605086">
      </trkpt>
      <trkpt lat="50.67900158" lon="-119.37605261">
      </trkpt>
      <trkpt lat="50.67904628" lon="-119.37605482">
      </trkpt>
      <trkpt lat="50.67915512" lon="-119.37601739">
      </trkpt>
      <trkpt lat="50.67924586" lon="-119.37597908">
      </trkpt>
      <trkpt lat="50.67932797" lon="-119.37592783">
      </trkpt>
      <trkpt lat="50.67942811" lon="-119.37584731">
      </trkpt>
      <trkpt lat="50.67955593" lon="-119.37576967">
      </trkpt>
      <trkpt lat="50.67968265" lon="-119.37571893">
      </trkpt>
      <trkpt lat="50.67976421" lon="-119.3756962">
      </trkpt>
      <trkpt lat="50.67986333" lon="-119.37568509">
      </trkpt>
      <trkpt lat="50.67996233" lon="-119.37569007">
      </trkpt>
      <trkpt lat="50.68006124" lon="-119.37569492">
      </trkpt>
      <trkpt lat="50.68016898" lon="-119.3756861">
      </trkpt>
      <trkpt lat="50.68024988" lon="-119.3756902">
      </trkpt>
      <trkpt lat="50.68032173" lon="-119.37569379">
      </trkpt>
      <trkpt lat="50.68040241" lon="-119.37571385">
      </trkpt>
      <trkpt lat="50.68047359" lon="-119.37574414">
      </trkpt>
      <trkpt lat="50.68049137" lon="-119.37575929">
      </trkpt>
      <trkpt lat="50.68051796" lon="-119.3757892">
      </trkpt>
      <trkpt lat="50.68053528" lon="-119.37580441">
      </trkpt>
      <trkpt lat="50.6805355" lon="-119.3758186">
      </trkpt>
      <trkpt lat="50.68056075" lon="-119.37589124">
      </trkpt>
      <trkpt lat="50.6805677" lon="-119.37598976">
      </trkpt>
      <trkpt lat="50.68056603" lon="-119.37607533">
      </trkpt>
      <trkpt lat="50.68052737" lon="-119.37620193">
      </trkpt>
      <trkpt lat="50.68045343" lon="-119.37629649">
      </trkpt>
      <trkpt lat="50.6803714" lon="-119.37634773">
      </trkpt>
      <trkpt lat="50.68021618" lon="-119.37646839">
      </trkpt>
      <trkpt lat="50.68005943" lon="-119.37665867">
      </trkpt>
      <trkpt lat="50.67991988" lon="-119.37689092">
      </trkpt>
      <trkpt lat="50.67983539" lon="-119.37707222">
      </trkpt>
      <trkpt lat="50.67975924" lon="-119.37725243">
      </trkpt>
      <trkpt lat="50.67969275" lon="-119.37743292">
      </trkpt>
      <trkpt lat="50.67964548" lon="-119.37755723">
      </trkpt>
      <trkpt lat="50.6795884" lon="-119.37769722">
      </trkpt>
      <trkpt lat="50.67952247" lon="-119.37784918">
      </trkpt>
      <trkpt lat="50.6794474" lon="-119.37800064">
      </trkpt>
      <trkpt lat="50.67938147" lon="-119.3781526">
      </trkpt>
      <trkpt lat="50.67930651" lon="-119.37827574">
      </trkpt>
      <trkpt lat="50.67922312" lon="-119.37842843">
      </trkpt>
      <trkpt lat="50.67912035" lon="-119.37860717">
      </trkpt>
      <trkpt lat="50.67902728" lon="-119.37875787">
      </trkpt>
      <trkpt lat="50.67892483" lon="-119.37892234">
      </trkpt>
      <trkpt lat="50.67880382" lon="-119.37911443">
      </trkpt>
      <trkpt lat="50.67867397" lon="-119.37932021">
      </trkpt>
      <trkpt lat="50.67854382" lon="-119.37951194">
      </trkpt>
      <trkpt lat="50.67843262" lon="-119.37969007">
      </trkpt>
      <trkpt lat="50.67833922" lon="-119.37985504">
      </trkpt>
      <trkpt lat="50.67824447" lon="-119.38009117">
      </trkpt>
      <trkpt lat="50.67814828" lon="-119.38039876">
      </trkpt>
      <trkpt lat="50.67808" lon="-119.38066297">
      </trkpt>
      <trkpt lat="50.67801233" lon="-119.38087206">
      </trkpt>
      <trkpt lat="50.67792718" lon="-119.38108018">
      </trkpt>
      <trkpt lat="50.67783243" lon="-119.38131645">
      </trkpt>
      <trkpt lat="50.67774751" lon="-119.3815103">
      </trkpt>
      <trkpt lat="50.67767197" lon="-119.38169026">
      </trkpt>
      <trkpt lat="50.67760603" lon="-119.38184221">
      </trkpt>
      <trkpt lat="50.67752961" lon="-119.3820651">
      </trkpt>
      <trkpt lat="50.67743453" lon="-119.38231549">
      </trkpt>
      <trkpt lat="50.67735799" lon="-119.38253655">
      </trkpt>
      <trkpt lat="50.67730067" lon="-119.38269078">
      </trkpt>
      <trkpt lat="50.67722514" lon="-119.38287087">
      </trkpt>
      <trkpt lat="50.6771495" lon="-119.38305084">
      </trkpt>
      <trkpt lat="50.67702647" lon="-119.38334275">
      </trkpt>
      <trkpt lat="50.67692231" lon="-119.38361951">
      </trkpt>
      <trkpt lat="50.67681785" lon="-119.38388379">
      </trkpt>
      <trkpt lat="50.67670499" lon="-119.38411902">
      </trkpt>
      <trkpt lat="50.67659147" lon="-119.38438109">
      </trkpt>
      <trkpt lat="50.67649737" lon="-119.38459051">
      </trkpt>
      <trkpt lat="50.67639313" lon="-119.38483883">
      </trkpt>
      <trkpt lat="50.67626182" lon="-119.38511589">
      </trkpt>
      <trkpt lat="50.67612036" lon="-119.38541947">
      </trkpt>
      <trkpt lat="50.67598961" lon="-119.385668">
      </trkpt>
      <trkpt lat="50.67585909" lon="-119.38590057">
      </trkpt>
      <trkpt lat="50.67573785" lon="-119.38610874">
      </trkpt>
      <trkpt lat="50.67563571" lon="-119.38625891">
      </trkpt>
      <trkpt lat="50.6755242" lon="-119.38642283">
      </trkpt>
      <trkpt lat="50.67542284" lon="-119.38655866">
      </trkpt>
      <trkpt lat="50.67530205" lon="-119.38673647">
      </trkpt>
      <trkpt lat="50.67520015" lon="-119.38687238">
      </trkpt>
      <trkpt lat="50.67516369" lon="-119.38691331">
      </trkpt>
      <trkpt lat="50.67501616" lon="-119.38710573">
      </trkpt>
      <trkpt lat="50.67484063" lon="-119.3873219">
      </trkpt>
      <trkpt lat="50.67467457" lon="-119.38752587">
      </trkpt>
      <trkpt lat="50.67454529" lon="-119.38767477">
      </trkpt>
      <trkpt lat="50.67437811" lon="-119.38793578">
      </trkpt>
      <trkpt lat="50.67418144" lon="-119.38830792">
      </trkpt>
      <trkpt lat="50.67399437" lon="-119.38865191">
      </trkpt>
      <trkpt lat="50.67382686" lon="-119.38892717">
      </trkpt>
      <trkpt lat="50.67364178" lon="-119.38919977">
      </trkpt>
      <trkpt lat="50.67345571" lon="-119.38950279">
      </trkpt>
      <trkpt lat="50.67323145" lon="-119.38988596">
      </trkpt>
      <trkpt lat="50.67302602" lon="-119.39027174">
      </trkpt>
      <trkpt lat="50.6728574" lon="-119.39060417">
      </trkpt>
      <trkpt lat="50.67266071" lon="-119.39097615">
      </trkpt>
      <trkpt lat="50.67244481" lon="-119.39140442">
      </trkpt>
      <trkpt lat="50.67226629" lon="-119.3918057">
      </trkpt>
      <trkpt lat="50.67211366" lon="-119.39220856">
      </trkpt>
      <trkpt lat="50.67196029" lon="-119.39268261">
      </trkpt>
      <trkpt lat="50.67179744" lon="-119.39316873">
      </trkpt>
      <trkpt lat="50.67166323" lon="-119.3935582">
      </trkpt>
      <trkpt lat="50.6715302" lon="-119.39391905">
      </trkpt>
      <trkpt lat="50.67142436" lon="-119.39425457">
      </trkpt>
      <trkpt lat="50.67137508" lon="-119.39445023">
      </trkpt>
      <trkpt lat="50.67132554" lon="-119.39468858">
      </trkpt>
      <trkpt lat="50.67128498" lon="-119.39489901">
      </trkpt>
      <trkpt lat="50.67125436" lon="-119.39506704">
      </trkpt>
      <trkpt lat="50.67123255" lon="-119.39524968">
      </trkpt>
      <trkpt lat="50.67121119" lon="-119.39543241">
      </trkpt>
      <trkpt lat="50.67118533" lon="-119.39581299">
      </trkpt>
      <trkpt lat="50.67115972" lon="-119.39617933">
      </trkpt>
      <trkpt lat="50.67113434" lon="-119.39653141">
      </trkpt>
      <trkpt lat="50.67110414" lon="-119.39668686">
      </trkpt>
      <trkpt lat="50.67107405" lon="-119.3968548">
      </trkpt>
      <trkpt lat="50.67104399" lon="-119.3969943">
      </trkpt>
      <trkpt lat="50.67097747" lon="-119.39717472">
      </trkpt>
      <trkpt lat="50.67088324" lon="-119.3973824">
      </trkpt>
      <trkpt lat="50.67077083" lon="-119.39758906">
      </trkpt>
      <trkpt lat="50.67065827" lon="-119.39781011">
      </trkpt>
      <trkpt lat="50.67056371" lon="-119.39803191">
      </trkpt>
      <trkpt lat="50.6704963" lon="-119.39825511">
      </trkpt>
      <trkpt lat="50.67043907" lon="-119.39842179">
      </trkpt>
      <trkpt lat="50.67039123" lon="-119.39854613">
      </trkpt>
      <trkpt lat="50.67027742" lon="-119.39885252">
      </trkpt>
      <trkpt lat="50.67016566" lon="-119.39903079">
      </trkpt>
      <trkpt lat="50.67008161" lon="-119.3991818">
      </trkpt>
      <trkpt lat="50.67007441" lon="-119.39953645">
      </trkpt>
      <trkpt lat="50.67011789" lon="-119.39959402">
      </trkpt>
      <trkpt lat="50.67021632" lon="-119.39962757">
      </trkpt>
      <trkpt lat="50.67028049" lon="-119.3995594">
      </trkpt>
      <trkpt lat="50.67040299" lon="-119.39929609">
      </trkpt>
      <trkpt lat="50.67074868" lon="-119.39867828">
      </trkpt>
      <trkpt lat="50.67099914" lon="-119.39830896">
      </trkpt>
      <trkpt lat="50.67110065" lon="-119.39815722">
      </trkpt>
      <trkpt lat="50.67121219" lon="-119.39799505">
      </trkpt>
      <trkpt lat="50.67135108" lon="-119.39781633">
      </trkpt>
      <trkpt lat="50.67147023" lon="-119.39769568">
      </trkpt>
      <trkpt lat="50.67158019" lon="-119.39760128">
      </trkpt>
      <trkpt lat="50.67168211" lon="-119.3974654">
      </trkpt>
      <trkpt lat="50.67175655" lon="-119.39734253">
      </trkpt>
      <trkpt lat="50.6718129" lon="-119.39721863">
      </trkpt>
      <trkpt lat="50.6718689" lon="-119.39710729">
      </trkpt>
      <trkpt lat="50.6719725" lon="-119.39688585">
      </trkpt>
      <trkpt lat="50.67208516" lon="-119.39666664">
      </trkpt>
      <trkpt lat="50.67222522" lon="-119.39640428">
      </trkpt>
      <trkpt lat="50.67239398" lon="-119.3960737">
      </trkpt>
      <trkpt lat="50.67253513" lon="-119.39578274">
      </trkpt>
      <trkpt lat="50.67272894" lon="-119.39552311">
      </trkpt>
      <trkpt lat="50.67292215" lon="-119.39532044">
      </trkpt>
      <trkpt lat="50.67310544" lon="-119.39516019">
      </trkpt>
      <trkpt lat="50.67327944" lon="-119.39501367">
      </trkpt>
      <trkpt lat="50.67345399" lon="-119.39483863">
      </trkpt>
      <trkpt lat="50.67363739" lon="-119.39464978">
      </trkpt>
      <trkpt lat="50.67385841" lon="-119.39442167">
      </trkpt>
      <trkpt lat="50.67410642" lon="-119.3941647">
      </trkpt>
      <trkpt lat="50.67431719" lon="-119.39396298">
      </trkpt>
      <trkpt lat="50.67456384" lon="-119.3937773">
      </trkpt>
      <trkpt lat="50.67480096" lon="-119.39361976">
      </trkpt>
      <trkpt lat="50.67502914" lon="-119.39347405">
      </trkpt>
      <trkpt lat="50.67524752" lon="-119.39334415">
      </trkpt>
      <trkpt lat="50.67551169" lon="-119.39318787">
      </trkpt>
      <trkpt lat="50.67578414" lon="-119.3930463">
      </trkpt>
      <trkpt lat="50.67608395" lon="-119.3929203">
      </trkpt>
      <trkpt lat="50.67615636" lon="-119.3928954">
      </trkpt>
      <trkpt lat="50.67622868" lon="-119.39287051">
      </trkpt>
      <trkpt lat="50.67631895" lon="-119.39286075">
      </trkpt>
      <trkpt lat="50.67638199" lon="-119.39284974">
      </trkpt>
      <trkpt lat="50.67644479" lon="-119.39285285">
      </trkpt>
      <trkpt lat="50.67649908" lon="-119.39285551">
      </trkpt>
      <trkpt lat="50.67657823" lon="-119.39291678">
      </trkpt>
      <trkpt lat="50.67666639" lon="-119.39300501">
      </trkpt>
      <trkpt lat="50.67676281" lon="-119.39313839">
      </trkpt>
      <trkpt lat="50.67694772" lon="-119.39334574">
      </trkpt>
      <trkpt lat="50.67708785" lon="-119.3935223">
      </trkpt>
      <trkpt lat="50.67725578" lon="-119.39367172">
      </trkpt>
      <trkpt lat="50.67745057" lon="-119.39381007">
      </trkpt>
      <trkpt lat="50.67764578" lon="-119.39393414">
      </trkpt>
      <trkpt lat="50.67783284" lon="-119.39402742">
      </trkpt>
      <trkpt lat="50.67792222" lon="-119.39406045">
      </trkpt>
      <trkpt lat="50.6779667" lon="-119.39407877">
      </trkpt>
      <trkpt lat="50.6780294" lon="-119.39408019">
      </trkpt>
      <trkpt lat="50.6781466" lon="-119.39408779">
      </trkpt>
      <trkpt lat="50.67830876" lon="-119.39406571">
      </trkpt>
      <trkpt lat="50.67844421" lon="-119.39402966">
      </trkpt>
      <trkpt lat="50.67858991" lon="-119.39396736">
      </trkpt>
      <trkpt lat="50.6786717" lon="-119.39392856">
      </trkpt>
      <trkpt lat="50.67873497" lon="-119.3939033">
      </trkpt>
      <trkpt lat="50.67880781" lon="-119.39386582">
      </trkpt>
      <trkpt lat="50.67886236" lon="-119.39382578">
      </trkpt>
      <trkpt lat="50.67891691" lon="-119.39378573">
      </trkpt>
      <trkpt lat="50.67897265" lon="-119.39371708">
      </trkpt>
      <trkpt lat="50.67902787" lon="-119.39365034">
      </trkpt>
      <trkpt lat="50.67908352" lon="-119.39358169">
      </trkpt>
      <trkpt lat="50.67912096" lon="-119.39349966">
      </trkpt>
      <trkpt lat="50.67914018" lon="-119.3934435">
      </trkpt>
      <trkpt lat="50.6791594" lon="-119.39338734">
      </trkpt>
      <trkpt lat="50.67916968" lon="-119.3933325">
      </trkpt>
      <trkpt lat="50.67918893" lon="-119.39324789">
      </trkpt>
      <trkpt lat="50.67918916" lon="-119.39323363">
      </trkpt>
      <trkpt lat="50.67918299" lon="-119.39311907">
      </trkpt>
      <trkpt lat="50.6791859" lon="-119.39297814">
      </trkpt>
      <trkpt lat="50.67917363" lon="-119.39269554">
      </trkpt>
      <trkpt lat="50.67916918" lon="-119.39246867">
      </trkpt>
      <trkpt lat="50.67919243" lon="-119.39221467">
      </trkpt>
      <trkpt lat="50.67927226" lon="-119.39182249">
      </trkpt>
      <trkpt lat="50.67937796" lon="-119.39150286">
      </trkpt>
      <trkpt lat="50.67947443" lon="-119.39118117">
      </trkpt>
      <trkpt lat="50.67956226" lon="-119.3908464">
      </trkpt>
      <trkpt lat="50.67964991" lon="-119.39050994">
      </trkpt>
      <trkpt lat="50.67977394" lon="-119.39017707">
      </trkpt>
      <trkpt lat="50.67986759" lon="-119.38999786">
      </trkpt>
      <trkpt lat="50.67996952" lon="-119.38983349">
      </trkpt>
      <trkpt lat="50.6800816" lon="-119.38964104">
      </trkpt>
      <trkpt lat="50.68017468" lon="-119.38949035">
      </trkpt>
      <trkpt lat="50.68021256" lon="-119.38940654">
      </trkpt>
      <trkpt lat="50.68024968" lon="-119.38933892">
      </trkpt>
      <trkpt lat="50.68032433" lon="-119.38919991">
      </trkpt>
      <trkpt lat="50.68052012" lon="-119.38887051">
      </trkpt>
      <trkpt lat="50.68074337" lon="-119.38852824">
      </trkpt>
      <trkpt lat="50.68098451" lon="-119.38817266">
      </trkpt>
      <trkpt lat="50.68118838" lon="-119.38785643">
      </trkpt>
      <trkpt lat="50.68138393" lon="-119.38754128">
      </trkpt>
      <trkpt lat="50.68162474" lon="-119.38719996">
      </trkpt>
      <trkpt lat="50.68184776" lon="-119.38687193">
      </trkpt>
      <trkpt lat="50.68203262" lon="-119.38659575">
      </trkpt>
      <trkpt lat="50.68221767" lon="-119.38635154">
      </trkpt>
      <trkpt lat="50.68236564" lon="-119.38614665">
      </trkpt>
      <trkpt lat="50.68253201" lon="-119.38592824">
      </trkpt>
      <trkpt lat="50.68270746" lon="-119.38571218">
      </trkpt>
      <trkpt lat="50.68300277" lon="-119.38535738">
      </trkpt>
      <trkpt lat="50.68328707" lon="-119.38507546">
      </trkpt>
      <trkpt lat="50.68365369" lon="-119.38475463">
      </trkpt>
      <trkpt lat="50.68402902" lon="-119.38444674">
      </trkpt>
      <trkpt lat="50.68433085" lon="-119.38419407">
      </trkpt>
      <trkpt lat="50.68463179" lon="-119.38398249">
      </trkpt>
      <trkpt lat="50.68492342" lon="-119.38381325">
      </trkpt>
      <trkpt lat="50.68524157" lon="-119.38364534">
      </trkpt>
      <trkpt lat="50.68557758" lon="-119.38349258">
      </trkpt>
      <trkpt lat="50.68584913" lon="-119.38339371">
      </trkpt>
      <trkpt lat="50.68611239" lon="-119.38327843">
      </trkpt>
      <trkpt lat="50.6863837" lon="-119.38319381">
      </trkpt>
      <trkpt lat="50.6866481" lon="-119.38302318">
      </trkpt>
      <trkpt lat="50.68693917" lon="-119.38288245">
      </trkpt>
      <trkpt lat="50.68723864" lon="-119.38274033">
      </trkpt>
      <trkpt lat="50.68742927" lon="-119.38266593">
      </trkpt>
      <trkpt lat="50.68761028" lon="-119.38261784">
      </trkpt>
      <trkpt lat="50.68783601" lon="-119.38257381">
      </trkpt>
      <trkpt lat="50.68799772" lon="-119.38258192">
      </trkpt>
      <trkpt lat="50.6881325" lon="-119.38257266">
      </trkpt>
      <trkpt lat="50.68825821" lon="-119.38258082">
      </trkpt>
      <trkpt lat="50.68836681" lon="-119.38255766">
      </trkpt>
      <trkpt lat="50.68847598" lon="-119.38250767">
      </trkpt>
      <trkpt lat="50.68858428" lon="-119.38247033">
      </trkpt>
      <trkpt lat="50.68869344" lon="-119.38241863">
      </trkpt>
      <trkpt lat="50.6888026" lon="-119.38236694">
      </trkpt>
      <trkpt lat="50.68893838" lon="-119.38231842">
      </trkpt>
      <trkpt lat="50.68909281" lon="-119.38224055">
      </trkpt>
      <trkpt lat="50.68921101" lon="-119.38218923">
      </trkpt>
      <trkpt lat="50.68932846" lon="-119.38215408">
      </trkpt>
      <trkpt lat="50.68944592" lon="-119.38212961">
      </trkpt>
      <trkpt lat="50.68957163" lon="-119.38213777">
      </trkpt>
      <trkpt lat="50.68968895" lon="-119.38212925">
      </trkpt>
      <trkpt lat="50.68984193" lon="-119.38212271">
      </trkpt>
      <trkpt lat="50.68992306" lon="-119.38211242">
      </trkpt>
      <trkpt lat="50.69000396" lon="-119.38211654">
      </trkpt>
      <trkpt lat="50.69019204" lon="-119.38214023">
      </trkpt>
      <trkpt lat="50.69050449" lon="-119.38225591">
      </trkpt>
      <trkpt lat="50.69075412" lon="-119.38236652">
      </trkpt>
      <trkpt lat="50.69097616" lon="-119.38250624">
      </trkpt>
      <trkpt lat="50.69120658" lon="-119.38267303">
      </trkpt>
      <trkpt lat="50.69144539" lon="-119.38286888">
      </trkpt>
      <trkpt lat="50.69169335" lon="-119.38306524">
      </trkpt>
      <trkpt lat="50.69202109" lon="-119.38332263">
      </trkpt>
      <trkpt lat="50.69233074" lon="-119.38358085">
      </trkpt>
      <trkpt lat="50.69268376" lon="-119.38389497">
      </trkpt>
      <trkpt lat="50.69293093" lon="-119.38413412">
      </trkpt>
      <trkpt lat="50.69314259" lon="-119.38432859">
      </trkpt>
      <trkpt lat="50.69334507" lon="-119.38453694">
      </trkpt>
      <trkpt lat="50.69357415" lon="-119.38477693">
      </trkpt>
      <trkpt lat="50.69380301" lon="-119.38501339">
      </trkpt>
      <trkpt lat="50.69404024" lon="-119.38529485">
      </trkpt>
      <trkpt lat="50.69418071" lon="-119.38545732">
      </trkpt>
      <trkpt lat="50.69432085" lon="-119.38563392">
      </trkpt>
      <trkpt lat="50.69447807" lon="-119.3858686">
      </trkpt>
      <trkpt lat="50.69461765" lon="-119.38607373">
      </trkpt>
      <trkpt lat="50.69474042" lon="-119.3862512">
      </trkpt>
      <trkpt lat="50.69484447" lon="-119.38642616">
      </trkpt>
      <trkpt lat="50.69491276" lon="-119.38659916">
      </trkpt>
      <trkpt lat="50.69497186" lon="-119.38678603">
      </trkpt>
      <trkpt lat="50.69503085" lon="-119.38700137">
      </trkpt>
      <trkpt lat="50.69507153" lon="-119.38720163">
      </trkpt>
      <trkpt lat="50.69511244" lon="-119.38738764">
      </trkpt>
      <trkpt lat="50.69517132" lon="-119.38759062">
      </trkpt>
      <trkpt lat="50.69523199" lon="-119.38772036">
      </trkpt>
      <trkpt lat="50.69528382" lon="-119.38782295">
      </trkpt>
      <trkpt lat="50.6953357" lon="-119.38790946">
      </trkpt>
      <trkpt lat="50.69538774" lon="-119.38802625">
      </trkpt>
      <trkpt lat="50.69544852" lon="-119.38812752">
      </trkpt>
      <trkpt lat="50.69549994" lon="-119.3882444">
      </trkpt>
      <trkpt lat="50.69559467" lon="-119.38846158">
      </trkpt>
      <trkpt lat="50.69566217" lon="-119.38867752">
      </trkpt>
      <trkpt lat="50.69575528" lon="-119.38893577">
      </trkpt>
      <trkpt lat="50.69584945" lon="-119.38918148">
      </trkpt>
      <trkpt lat="50.69592666" lon="-119.38937109">
      </trkpt>
      <trkpt lat="50.69600376" lon="-119.38955887">
      </trkpt>
      <trkpt lat="50.69607293" lon="-119.38968906">
      </trkpt>
      <trkpt lat="50.69613315" lon="-119.38981888">
      </trkpt>
      <trkpt lat="50.69620243" lon="-119.38995091">
      </trkpt>
      <trkpt lat="50.69624591" lon="-119.3900085">
      </trkpt>
      <trkpt lat="50.69628042" lon="-119.39009588">
      </trkpt>
      <trkpt lat="50.69631493" lon="-119.39018325">
      </trkpt>
      <trkpt lat="50.69633118" lon="-119.3902396">
      </trkpt>
      <trkpt lat="50.69633942" lon="-119.39028277">
      </trkpt>
      <trkpt lat="50.69634759" lon="-119.39032609">
      </trkpt>
      <trkpt lat="50.69635584" lon="-119.39036926">
      </trkpt>
      <trkpt lat="50.69634567" lon="-119.39042596">
      </trkpt>
      <trkpt lat="50.69634444" lon="-119.3904812">
      </trkpt>
      <trkpt lat="50.69633451" lon="-119.39052363">
      </trkpt>
      <trkpt lat="50.6963249" lon="-119.39055165">
      </trkpt>
      <trkpt lat="50.69630656" lon="-119.39056503">
      </trkpt>
      <trkpt lat="50.6962794" lon="-119.39059223">
      </trkpt>
      <trkpt lat="50.69625225" lon="-119.39059083">
      </trkpt>
      <trkpt lat="50.696225" lon="-119.39058774">
      </trkpt>
      <trkpt lat="50.69617168" lon="-119.39057257">
      </trkpt>
      <trkpt lat="50.69612754" lon="-119.39054167">
      </trkpt>
      <trkpt lat="50.69608263" lon="-119.39052526">
      </trkpt>
      <trkpt lat="50.69602094" lon="-119.39046494">
      </trkpt>
      <trkpt lat="50.69595089" lon="-119.39037755">
      </trkpt>
      <trkpt lat="50.69587256" lon="-119.39024501">
      </trkpt>
      <trkpt lat="50.69579457" lon="-119.39010004">
      </trkpt>
      <trkpt lat="50.69573412" lon="-119.38998449">
      </trkpt>
      <trkpt lat="50.69566428" lon="-119.389881">
      </trkpt>
      <trkpt lat="50.69555128" lon="-119.38970564">
      </trkpt>
      <trkpt lat="50.69541947" lon="-119.38952779">
      </trkpt>
      <trkpt lat="50.69531487" lon="-119.38938135">
      </trkpt>
      <trkpt lat="50.69517441" lon="-119.389219">
      </trkpt>
      <trkpt lat="50.69499831" lon="-119.38902622">
      </trkpt>
      <trkpt lat="50.69476879" lon="-119.38881657">
      </trkpt>
      <trkpt lat="50.69453916" lon="-119.3886051">
      </trkpt>
      <trkpt lat="50.69435313" lon="-119.38845475">
      </trkpt>
      <trkpt lat="50.69417709" lon="-119.38829042">
      </trkpt>
      <trkpt lat="50.69399185" lon="-119.38809558">
      </trkpt>
      <trkpt lat="50.69381598" lon="-119.38788854">
      </trkpt>
      <trkpt lat="50.69363137" lon="-119.38769532">
      </trkpt>
      <trkpt lat="50.69357883" lon="-119.38763551">
      </trkpt>
      <trkpt lat="50.69351695" lon="-119.38756285">
      </trkpt>
      <trkpt lat="50.69342093" lon="-119.38744545">
      </trkpt>
      <trkpt lat="50.69340353" lon="-119.38740008">
      </trkpt>
      <trkpt lat="50.69334195" lon="-119.38734161">
      </trkpt>
      <trkpt lat="50.69327076" lon="-119.38730945">
      </trkpt>
      <trkpt lat="50.69320741" lon="-119.38730629">
      </trkpt>
      <trkpt lat="50.69314395" lon="-119.38732989">
      </trkpt>
      <trkpt lat="50.69309911" lon="-119.38734363">
      </trkpt>
      <trkpt lat="50.69305332" lon="-119.38737002">
      </trkpt>
      <trkpt lat="50.69300706" lon="-119.38743731">
      </trkpt>
      <trkpt lat="50.69296885" lon="-119.38753357">
      </trkpt>
      <trkpt lat="50.69293127" lon="-119.38763158">
      </trkpt>
      <trkpt lat="50.69291117" lon="-119.38773057">
      </trkpt>
      <trkpt lat="50.6929001" lon="-119.38782822">
      </trkpt>
      <trkpt lat="50.6928973" lon="-119.38797088">
      </trkpt>
      <trkpt lat="50.69290368" lon="-119.38809797">
      </trkpt>
      <trkpt lat="50.69290144" lon="-119.3882121">
      </trkpt>
      <trkpt lat="50.69290902" lon="-119.3882821">
      </trkpt>
      <trkpt lat="50.69292471" lon="-119.38836699">
      </trkpt>
      <trkpt lat="50.69295017" lon="-119.38845384">
      </trkpt>
      <trkpt lat="50.69302849" lon="-119.38858452">
      </trkpt>
      <trkpt lat="50.69312494" lon="-119.38868948">
      </trkpt>
      <trkpt lat="50.69323121" lon="-119.38878048">
      </trkpt>
      <trkpt lat="50.69331098" lon="-119.38884153">
      </trkpt>
      <trkpt lat="50.69338194" lon="-119.38888795">
      </trkpt>
      <trkpt lat="50.69344408" lon="-119.38891789">
      </trkpt>
      <trkpt lat="50.6935241" lon="-119.38896483">
      </trkpt>
      <trkpt lat="50.69363045" lon="-119.38905581">
      </trkpt>
      <trkpt lat="50.69373638" lon="-119.38915923">
      </trkpt>
      <trkpt lat="50.69381536" lon="-119.38926322">
      </trkpt>
      <trkpt lat="50.69385862" lon="-119.38933678">
      </trkpt>
      <trkpt lat="50.6938851" lon="-119.38936488">
      </trkpt>
      <trkpt lat="50.6939374" lon="-119.38943895">
      </trkpt>
      <trkpt lat="50.69401651" lon="-119.38952684">
      </trkpt>
      <trkpt lat="50.69409517" lon="-119.3896451">
      </trkpt>
      <trkpt lat="50.69417395" lon="-119.38974727">
      </trkpt>
      <trkpt lat="50.69423394" lon="-119.38989304">
      </trkpt>
      <trkpt lat="50.69425676" lon="-119.39007816">
      </trkpt>
      <trkpt lat="50.69427987" lon="-119.39027746">
      </trkpt>
      <trkpt lat="50.69434221" lon="-119.39074836">
      </trkpt>
      <trkpt lat="50.69441437" lon="-119.39117514">
      </trkpt>
      <trkpt lat="50.69447906" lon="-119.39153375">
      </trkpt>
      <trkpt lat="50.69450306" lon="-119.39169024">
      </trkpt>
      <trkpt lat="50.69451649" lon="-119.39188912">
      </trkpt>
      <trkpt lat="50.6945396" lon="-119.39208842">
      </trkpt>
      <trkpt lat="50.69456228" lon="-119.39228963">
      </trkpt>
      <trkpt lat="50.69459434" lon="-119.39248762">
      </trkpt>
      <trkpt lat="50.69466238" lon="-119.39267488">
      </trkpt>
      <trkpt lat="50.69474896" lon="-119.39285059">
      </trkpt>
      <trkpt lat="50.69483567" lon="-119.39301035">
      </trkpt>
      <trkpt lat="50.69488739" lon="-119.39311111">
      </trkpt>
      <trkpt lat="50.6949912" lon="-119.39330206">
      </trkpt>
      <trkpt lat="50.69518383" lon="-119.39356526">
      </trkpt>
      <trkpt lat="50.69542114" lon="-119.3938486">
      </trkpt>
      <trkpt lat="50.6956588" lon="-119.39409975">
      </trkpt>
      <trkpt lat="50.69586127" lon="-119.39431001">
      </trkpt>
      <trkpt lat="50.69604464" lon="-119.3945585">
      </trkpt>
      <trkpt lat="50.69614063" lon="-119.39470438">
      </trkpt>
      <trkpt lat="50.69622809" lon="-119.39483729">
      </trkpt>
      <trkpt lat="50.6963252" lon="-119.3949261">
      </trkpt>
      <trkpt lat="50.69637826" lon="-119.39497347">
      </trkpt>
      <trkpt lat="50.69642207" lon="-119.3950185">
      </trkpt>
      <trkpt lat="50.69646552" lon="-119.39510456">
      </trkpt>
      <trkpt lat="50.69648273" lon="-119.39514825">
      </trkpt>
      <trkpt lat="50.69649045" lon="-119.39519164">
      </trkpt>
      <trkpt lat="50.6964986" lon="-119.39523482">
      </trkpt>
      <trkpt lat="50.69648865" lon="-119.39527541">
      </trkpt>
      <trkpt lat="50.69648776" lon="-119.39531822">
      </trkpt>
      <trkpt lat="50.69647781" lon="-119.39535881">
      </trkpt>
      <trkpt lat="50.69644103" lon="-119.39541403">
      </trkpt>
      <trkpt lat="50.69637767" lon="-119.39543945">
      </trkpt>
      <trkpt lat="50.69629734" lon="-119.39540678">
      </trkpt>
      <trkpt lat="50.6962172" lon="-119.39537593">
      </trkpt>
      <trkpt lat="50.69616347" lon="-119.39534473">
      </trkpt>
      <trkpt lat="50.69611052" lon="-119.3952992">
      </trkpt>
      <trkpt lat="50.69596078" lon="-119.39515058">
      </trkpt>
      <trkpt lat="50.69581184" lon="-119.39495917">
      </trkpt>
      <trkpt lat="50.69567095" lon="-119.39480925">
      </trkpt>
      <trkpt lat="50.69558278" lon="-119.39471912">
      </trkpt>
      <trkpt lat="50.69545863" lon="-119.39464142">
      </trkpt>
      <trkpt lat="50.6952984" lon="-119.39456377">
      </trkpt>
      <trkpt lat="50.69504877" lon="-119.39445295">
      </trkpt>
      <trkpt lat="50.6948531" lon="-119.39435735">
      </trkpt>
      <trkpt lat="50.69467434" lon="-119.39429126">
      </trkpt>
      <trkpt lat="50.69463847" lon="-119.39427521">
      </trkpt>
      <trkpt lat="50.69457591" lon="-119.39425784">
      </trkpt>
      <trkpt lat="50.69446852" lon="-119.3942239">
      </trkpt>
      <trkpt lat="50.69436158" lon="-119.39418989">
      </trkpt>
      <trkpt lat="50.69432539" lon="-119.39418812">
      </trkpt>
      <trkpt lat="50.69428949" lon="-119.39420053">
      </trkpt>
      <trkpt lat="50.69426178" lon="-119.39422766">
      </trkpt>
      <trkpt lat="50.69424214" lon="-119.39429643">
      </trkpt>
      <trkpt lat="50.69423196" lon="-119.39435298">
      </trkpt>
      <trkpt lat="50.6942314" lon="-119.39438151">
      </trkpt>
      <trkpt lat="50.69423965" lon="-119.39442482">
      </trkpt>
      <trkpt lat="50.69428254" lon="-119.39453941">
      </trkpt>
      <trkpt lat="50.69434309" lon="-119.39465665">
      </trkpt>
      <trkpt lat="50.69440444" lon="-119.39473124">
      </trkpt>
      <trkpt lat="50.69452736" lon="-119.39486418">
      </trkpt>
      <trkpt lat="50.69469463" lon="-119.39504221">
      </trkpt>
      <trkpt lat="50.69475608" lon="-119.39511679">
      </trkpt>
      <trkpt lat="50.69489676" lon="-119.39526489">
      </trkpt>
      <trkpt lat="50.69512634" lon="-119.39550315">
      </trkpt>
      <trkpt lat="50.69531061" lon="-119.39571069">
      </trkpt>
      <trkpt lat="50.69547742" lon="-119.39591895">
      </trkpt>
      <trkpt lat="50.69573095" lon="-119.39625683">
      </trkpt>
      <trkpt lat="50.69597564" lon="-119.39660838">
      </trkpt>
      <trkpt lat="50.69617664" lon="-119.39688814">
      </trkpt>
      <trkpt lat="50.69631594" lon="-119.39713604">
      </trkpt>
      <trkpt lat="50.69649762" lon="-119.3974703">
      </trkpt>
      <trkpt lat="50.69670565" lon="-119.39785032">
      </trkpt>
      <trkpt lat="50.69691594" lon="-119.39811634">
      </trkpt>
      <trkpt lat="50.69710875" lon="-119.39838125">
      </trkpt>
      <trkpt lat="50.6972474" lon="-119.39862754">
      </trkpt>
      <trkpt lat="50.6973342" lon="-119.39878901">
      </trkpt>
      <trkpt lat="50.69745689" lon="-119.39893637">
      </trkpt>
      <trkpt lat="50.69760751" lon="-119.3990422">
      </trkpt>
      <trkpt lat="50.69769667" lon="-119.39909122">
      </trkpt>
      <trkpt lat="50.69776851" lon="-119.39909485">
      </trkpt>
      <trkpt lat="50.69784922" lon="-119.39909717">
      </trkpt>
      <trkpt lat="50.69798453" lon="-119.39907722">
      </trkpt>
      <trkpt lat="50.69812989" lon="-119.39902733">
      </trkpt>
      <trkpt lat="50.69822915" lon="-119.39898965">
      </trkpt>
      <trkpt lat="50.69841944" lon="-119.39892773">
      </trkpt>
      <trkpt lat="50.69868953" lon="-119.39892887">
      </trkpt>
      <trkpt lat="50.69902153" lon="-119.39894564">
      </trkpt>
      <trkpt lat="50.69929127" lon="-119.39895921">
      </trkpt>
      <trkpt lat="50.69950682" lon="-119.3989701">
      </trkpt>
      <trkpt lat="50.69971376" lon="-119.39898056">
      </trkpt>
      <trkpt lat="50.69987555" lon="-119.39898871">
      </trkpt>
      <trkpt lat="50.70000139" lon="-119.39898082">
      </trkpt>
      <trkpt lat="50.70002853" lon="-119.39898208">
      </trkpt>
      <trkpt lat="50.70016375" lon="-119.39896214">
      </trkpt>
      <trkpt lat="50.70029048" lon="-119.39891144">
      </trkpt>
      <trkpt lat="50.70042727" lon="-119.39883265">
      </trkpt>
      <trkpt lat="50.70060951" lon="-119.39872923">
      </trkpt>
      <trkpt lat="50.70079046" lon="-119.39865275">
      </trkpt>
      <trkpt lat="50.70093616" lon="-119.39859043">
      </trkpt>
      <trkpt lat="50.70107104" lon="-119.39858291">
      </trkpt>
      <trkpt lat="50.70120469" lon="-119.39863078">
      </trkpt>
      <trkpt lat="50.70131161" lon="-119.39869326">
      </trkpt>
      <trkpt lat="50.70134694" lon="-119.39870939">
      </trkpt>
      <trkpt lat="50.70149004" lon="-119.39877365">
      </trkpt>
      <trkpt lat="50.70156133" lon="-119.39880582">
      </trkpt>
      <trkpt lat="50.70164123" lon="-119.39885095">
      </trkpt>
      <trkpt lat="50.70170268" lon="-119.39892725">
      </trkpt>
      <trkpt lat="50.70174615" lon="-119.39898486">
      </trkpt>
      <trkpt lat="50.70178122" lon="-119.39904371">
      </trkpt>
      <trkpt lat="50.70179785" lon="-119.39911425">
      </trkpt>
      <trkpt lat="50.70180345" lon="-119.39925741">
      </trkpt>
      <trkpt lat="50.70176464" lon="-119.39941081">
      </trkpt>
      <trkpt lat="50.70169815" lon="-119.39956289">
      </trkpt>
      <trkpt lat="50.70162249" lon="-119.39974293">
      </trkpt>
      <trkpt lat="50.70152982" lon="-119.39988109">
      </trkpt>
      <trkpt lat="50.70146522" lon="-119.39996175">
      </trkpt>
      <trkpt lat="50.70136543" lon="-119.39999966">
      </trkpt>
      <trkpt lat="50.70108337" lon="-119.40016929">
      </trkpt>
      <trkpt lat="50.70102906" lon="-119.40019509">
      </trkpt>
      <trkpt lat="50.70093831" lon="-119.40023336">
      </trkpt>
      <trkpt lat="50.70078466" lon="-119.40026669">
      </trkpt>
      <trkpt lat="50.70066701" lon="-119.4002893">
      </trkpt>
      <trkpt lat="50.70054889" lon="-119.40034058">
      </trkpt>
      <trkpt lat="50.70043946" lon="-119.40043496">
      </trkpt>
      <trkpt lat="50.70031096" lon="-119.40054098">
      </trkpt>
      <trkpt lat="50.70013752" lon="-119.40065903">
      </trkpt>
      <trkpt lat="50.70006488" lon="-119.40069819">
      </trkpt>
      <trkpt lat="50.70000052" lon="-119.40076459">
      </trkpt>
      <trkpt lat="50.69994573" lon="-119.4008189">
      </trkpt>
      <trkpt lat="50.69983477" lon="-119.40095448">
      </trkpt>
      <trkpt lat="50.69968995" lon="-119.40100429">
      </trkpt>
      <trkpt lat="50.69958167" lon="-119.40101314">
      </trkpt>
      <trkpt lat="50.69951943" lon="-119.40098134">
      </trkpt>
      <trkpt lat="50.69941272" lon="-119.40092068">
      </trkpt>
      <trkpt lat="50.69932376" lon="-119.4008857">
      </trkpt>
      <trkpt lat="50.69922478" lon="-119.40088081">
      </trkpt>
      <trkpt lat="50.69905413" lon="-119.40087395">
      </trkpt>
      <trkpt lat="50.69882071" lon="-119.40084605">
      </trkpt>
      <trkpt lat="50.69876707" lon="-119.40084514">
      </trkpt>
      <trkpt lat="50.69857892" lon="-119.40079108">
      </trkpt>
      <trkpt lat="50.69848036" lon="-119.4007736">
      </trkpt>
      <trkpt lat="50.69835498" lon="-119.40075111">
      </trkpt>
      <trkpt lat="50.69817485" lon="-119.40075633">
      </trkpt>
      <trkpt lat="50.69804878" lon="-119.40077847">
      </trkpt>
      <trkpt lat="50.69794041" lon="-119.40078733">
      </trkpt>
      <trkpt lat="50.69774282" lon="-119.40079157">
      </trkpt>
      <trkpt lat="50.69761635" lon="-119.40079954">
      </trkpt>
      <trkpt lat="50.69754516" lon="-119.40076736">
      </trkpt>
      <trkpt lat="50.69744764" lon="-119.40069282">
      </trkpt>
      <trkpt lat="50.69734022" lon="-119.40068732">
      </trkpt>
      <trkpt lat="50.69717833" lon="-119.40067747">
      </trkpt>
      <trkpt lat="50.69700781" lon="-119.40065452">
      </trkpt>
      <trkpt lat="50.69691796" lon="-119.40064999">
      </trkpt>
      <trkpt lat="50.69677539" lon="-119.40058565">
      </trkpt>
      <trkpt lat="50.69658858" lon="-119.40047805">
      </trkpt>
      <trkpt lat="50.69641976" lon="-119.40036964">
      </trkpt>
      <trkpt lat="50.69633137" lon="-119.40029547">
      </trkpt>
      <trkpt lat="50.696108" lon="-119.40022711">
      </trkpt>
      <trkpt lat="50.69591992" lon="-119.4002032">
      </trkpt>
      <trkpt lat="50.69574885" lon="-119.40020893">
      </trkpt>
      <trkpt lat="50.69563175" lon="-119.40020301">
      </trkpt>
      <trkpt lat="50.69554244" lon="-119.40019839">
      </trkpt>
      <trkpt lat="50.69540682" lon="-119.40020416">
      </trkpt>
      <trkpt lat="50.69529046" lon="-119.40019998">
      </trkpt>
      <trkpt lat="50.69519137" lon="-119.40019325">
      </trkpt>
      <trkpt lat="50.69511985" lon="-119.40017534">
      </trkpt>
      <trkpt lat="50.69493916" lon="-119.40020909">
      </trkpt>
      <trkpt lat="50.69480428" lon="-119.4002166">
      </trkpt>
      <trkpt lat="50.69463343" lon="-119.40020793">
      </trkpt>
      <trkpt lat="50.69448926" lon="-119.40022919">
      </trkpt>
      <trkpt lat="50.69437194" lon="-119.40023767">
      </trkpt>
      <trkpt lat="50.69416544" lon="-119.40022714">
      </trkpt>
      <trkpt lat="50.69402207" lon="-119.4002056">
      </trkpt>
      <trkpt lat="50.69395874" lon="-119.40020256">
      </trkpt>
      <trkpt lat="50.69388722" lon="-119.40018466">
      </trkpt>
      <trkpt lat="50.69378004" lon="-119.40016489">
      </trkpt>
      <trkpt lat="50.69356574" lon="-119.40006846">
      </trkpt>
      <trkpt lat="50.69348694" lon="-119.39999473">
      </trkpt>
      <trkpt lat="50.69346897" lon="-119.39997775">
      </trkpt>
      <trkpt lat="50.69346035" lon="-119.3999648">
      </trkpt>
      <trkpt lat="50.69345154" lon="-119.39995016">
      </trkpt>
      <trkpt lat="50.69338963" lon="-119.3999041">
      </trkpt>
      <trkpt lat="50.69329153" lon="-119.3998564">
      </trkpt>
      <trkpt lat="50.69328248" lon="-119.39985588">
      </trkpt>
      <trkpt lat="50.69323722" lon="-119.39988219">
      </trkpt>
      <trkpt lat="50.69320894" lon="-119.39993785">
      </trkpt>
      <trkpt lat="50.69318962" lon="-119.39999233">
      </trkpt>
      <trkpt lat="50.69329272" lon="-119.40023845">
      </trkpt>
      <trkpt lat="50.69346018" lon="-119.40041831">
      </trkpt>
      <trkpt lat="50.6936639" lon="-119.40055542">
      </trkpt>
      <trkpt lat="50.69379765" lon="-119.40060498">
      </trkpt>
      <trkpt lat="50.69405664" lon="-119.40070194">
      </trkpt>
      <trkpt lat="50.69428002" lon="-119.40077044">
      </trkpt>
      <trkpt lat="50.69450339" lon="-119.40083879">
      </trkpt>
      <trkpt lat="50.69466406" lon="-119.40090402">
      </trkpt>
      <trkpt lat="50.69478039" lon="-119.40093666">
      </trkpt>
      <trkpt lat="50.69484249" lon="-119.4009844">
      </trkpt>
      <trkpt lat="50.69501089" lon="-119.40110539">
      </trkpt>
      <trkpt lat="50.69515313" lon="-119.401184">
      </trkpt>
      <trkpt lat="50.69536566" lon="-119.4013359">
      </trkpt>
      <trkpt lat="50.6955242" lon="-119.40149917">
      </trkpt>
      <trkpt lat="50.69568317" lon="-119.40165">
      </trkpt>
      <trkpt lat="50.69578952" lon="-119.40174101">
      </trkpt>
      <trkpt lat="50.69592172" lon="-119.40186023">
      </trkpt>
      <trkpt lat="50.6961081" lon="-119.40196975">
      </trkpt>
      <trkpt lat="50.69622363" lon="-119.40204519">
      </trkpt>
      <trkpt lat="50.69655368" lon="-119.4021903">
      </trkpt>
      <trkpt lat="50.69679225" lon="-119.40237208">
      </trkpt>
      <trkpt lat="50.69694252" lon="-119.40252065">
      </trkpt>
      <trkpt lat="50.69712686" lon="-119.40272821">
      </trkpt>
      <trkpt lat="50.6972585" lon="-119.40287596">
      </trkpt>
      <trkpt lat="50.69740662" lon="-119.4031102">
      </trkpt>
      <trkpt lat="50.69755622" lon="-119.40327495">
      </trkpt>
      <trkpt lat="50.69765375" lon="-119.40335119">
      </trkpt>
      <trkpt lat="50.69775038" lon="-119.40346855">
      </trkpt>
      <trkpt lat="50.69786492" lon="-119.40357444">
      </trkpt>
      <trkpt lat="50.69795217" lon="-119.40370555">
      </trkpt>
      <trkpt lat="50.69808187" lon="-119.40395318">
      </trkpt>
      <trkpt lat="50.69824776" lon="-119.4042026">
      </trkpt>
      <trkpt lat="50.69829972" lon="-119.40428926">
      </trkpt>
      <trkpt lat="50.69822066" lon="-119.40464049">
      </trkpt>
      <trkpt lat="50.69812732" lon="-119.40480547">
      </trkpt>
      <trkpt lat="50.69805254" lon="-119.40494268">
      </trkpt>
      <trkpt lat="50.69797763" lon="-119.40509598">
      </trkpt>
      <trkpt lat="50.69784618" lon="-119.40537142">
      </trkpt>
      <trkpt lat="50.69793323" lon="-119.40548848">
      </trkpt>
      <trkpt lat="50.69797677" lon="-119.40557624">
      </trkpt>
      <trkpt lat="50.69802026" lon="-119.4056357">
      </trkpt>
      <trkpt lat="50.69806323" lon="-119.405752">
      </trkpt>
      <trkpt lat="50.69815017" lon="-119.40586723">
      </trkpt>
      <trkpt lat="50.69824691" lon="-119.40598642">
      </trkpt>
      <trkpt lat="50.69830063" lon="-119.40601763">
      </trkpt>
      <trkpt lat="50.69842557" lon="-119.40605258">
      </trkpt>
      <trkpt lat="50.69849709" lon="-119.40607049">
      </trkpt>
      <trkpt lat="50.69858647" lon="-119.40610356">
      </trkpt>
      <trkpt lat="50.69871151" lon="-119.40613849">
      </trkpt>
      <trkpt lat="50.69887286" lon="-119.40615911">
      </trkpt>
      <trkpt lat="50.69902505" lon="-119.40619715">
      </trkpt>
      <trkpt lat="50.69914182" lon="-119.40621737">
      </trkpt>
      <trkpt lat="50.6993377" lon="-119.40629692">
      </trkpt>
      <trkpt lat="50.69955065" lon="-119.40643627">
      </trkpt>
      <trkpt lat="50.69963904" lon="-119.40651046">
      </trkpt>
      <trkpt lat="50.69983387" lon="-119.40667738">
      </trkpt>
      <trkpt lat="50.69996639" lon="-119.40678235">
      </trkpt>
      <trkpt lat="50.70000234" lon="-119.40679839">
      </trkpt>
      <trkpt lat="50.70003734" lon="-119.4068288">
      </trkpt>
      <trkpt lat="50.7000733" lon="-119.40684485">
      </trkpt>
      <trkpt lat="50.7002961" lon="-119.40694178">
      </trkpt>
      <trkpt lat="50.70039442" lon="-119.40697354">
      </trkpt>
      <trkpt lat="50.7004657" lon="-119.40700572">
      </trkpt>
      <trkpt lat="50.70052852" lon="-119.40701069">
      </trkpt>
      <trkpt lat="50.70075098" lon="-119.4071202">
      </trkpt>
      <trkpt lat="50.70090283" lon="-119.40717081">
      </trkpt>
      <trkpt lat="50.70104653" lon="-119.4071781">
      </trkpt>
      <trkpt lat="50.70124329" lon="-119.40724515">
      </trkpt>
      <trkpt lat="50.70140351" lon="-119.40732285">
      </trkpt>
      <trkpt lat="50.70151894" lon="-119.40738595">
      </trkpt>
      <trkpt lat="50.70159013" lon="-119.40741815">
      </trkpt>
      <trkpt lat="50.7016968" lon="-119.40749492">
      </trkpt>
      <trkpt lat="50.70181066" lon="-119.40762753">
      </trkpt>
      <trkpt lat="50.70192572" lon="-119.40773323">
      </trkpt>
      <trkpt lat="50.70202347" lon="-119.40779352">
      </trkpt>
      <trkpt lat="50.70210315" lon="-119.40785478">
      </trkpt>
      <trkpt lat="50.70222729" lon="-119.40793253">
      </trkpt>
      <trkpt lat="50.70229858" lon="-119.40796471">
      </trkpt>
      <trkpt lat="50.7023789" lon="-119.40799727">
      </trkpt>
      <trkpt lat="50.70248581" lon="-119.40805978">
      </trkpt>
      <trkpt lat="50.70253913" lon="-119.40807512">
      </trkpt>
      <trkpt lat="50.70261913" lon="-119.40812195">
      </trkpt>
      <trkpt lat="50.70270851" lon="-119.40815503">
      </trkpt>
      <trkpt lat="50.70285074" lon="-119.40823368">
      </trkpt>
      <trkpt lat="50.70291298" lon="-119.40826549">
      </trkpt>
      <trkpt lat="50.70300216" lon="-119.40829674">
      </trkpt>
      <trkpt lat="50.70307401" lon="-119.40830039">
      </trkpt>
      <trkpt lat="50.70315468" lon="-119.40832052">
      </trkpt>
      <trkpt lat="50.70326248" lon="-119.40834021">
      </trkpt>
      <trkpt lat="50.70332452" lon="-119.4083702">
      </trkpt>
      <trkpt lat="50.70346708" lon="-119.40843458">
      </trkpt>
      <trkpt lat="50.70360988" lon="-119.40848469">
      </trkpt>
      <trkpt lat="50.70369926" lon="-119.40851776">
      </trkpt>
      <trkpt lat="50.70381546" lon="-119.40856653">
      </trkpt>
      <trkpt lat="50.70388641" lon="-119.40861299">
      </trkpt>
      <trkpt lat="50.7040841" lon="-119.40860878">
      </trkpt>
      <trkpt lat="50.70416522" lon="-119.40859854">
      </trkpt>
      <trkpt lat="50.70427326" lon="-119.40860397">
      </trkpt>
      <trkpt lat="50.7043363" lon="-119.40859297">
      </trkpt>
      <trkpt lat="50.7044619" lon="-119.40859938">
      </trkpt>
      <trkpt lat="50.70455208" lon="-119.40858965">
      </trkpt>
      <trkpt lat="50.7046875" lon="-119.40858209">
      </trkpt>
      <trkpt lat="50.70474984" lon="-119.40861559">
      </trkpt>
      <trkpt lat="50.70482973" lon="-119.40866074">
      </trkpt>
      <trkpt lat="50.7049361" lon="-119.40872333">
      </trkpt>
      <trkpt lat="50.70513253" lon="-119.40880297">
      </trkpt>
      <trkpt lat="50.70523991" lon="-119.40883695">
      </trkpt>
      <trkpt lat="50.70534539" lon="-119.40894236">
      </trkpt>
      <trkpt lat="50.70541667" lon="-119.40897455">
      </trkpt>
      <trkpt lat="50.70557993" lon="-119.40891308">
      </trkpt>
      <trkpt lat="50.70564383" lon="-119.40888774">
      </trkpt>
      <trkpt lat="50.70572496" lon="-119.4088775">
      </trkpt>
      <trkpt lat="50.70581517" lon="-119.40883931">
      </trkpt>
      <trkpt lat="50.70598682" lon="-119.40880521">
      </trkpt>
      <trkpt lat="50.70613221" lon="-119.40872688">
      </trkpt>
      <trkpt lat="50.70629803" lon="-119.40856544">
      </trkpt>
      <trkpt lat="50.70638858" lon="-119.40851482">
      </trkpt>
      <trkpt lat="50.70647028" lon="-119.40847604">
      </trkpt>
      <trkpt lat="50.70654323" lon="-119.40845106">
      </trkpt>
      <trkpt lat="50.7065973" lon="-119.40843954">
      </trkpt>
      <trkpt lat="50.7067142" lon="-119.408433">
      </trkpt>
      <trkpt lat="50.70683109" lon="-119.40843712">
      </trkpt>
      <trkpt lat="50.70697422" lon="-119.40847296">
      </trkpt>
      <trkpt lat="50.7071444" lon="-119.40851022">
      </trkpt>
      <trkpt lat="50.70723321" lon="-119.40857184">
      </trkpt>
      <trkpt lat="50.70737741" lon="-119.4086847">
      </trkpt>
      <trkpt lat="50.70745326" lon="-119.40879647">
      </trkpt>
      <trkpt lat="50.70757058" lon="-119.40891003">
      </trkpt>
      <trkpt lat="50.70766142" lon="-119.40904096">
      </trkpt>
      <trkpt lat="50.70775148" lon="-119.40916428">
      </trkpt>
      <trkpt lat="50.70787481" lon="-119.40928486">
      </trkpt>
      <trkpt lat="50.70794453" lon="-119.40938658">
      </trkpt>
      <trkpt lat="50.70804002" lon="-119.40956105">
      </trkpt>
      <trkpt lat="50.70819742" lon="-119.40978162">
      </trkpt>
      <trkpt lat="50.70832834" lon="-119.40997394">
      </trkpt>
      <trkpt lat="50.70840653" lon="-119.41010472">
      </trkpt>
      <trkpt lat="50.70847635" lon="-119.41020827">
      </trkpt>
      <trkpt lat="50.70860893" lon="-119.41034172">
      </trkpt>
      <trkpt lat="50.70871521" lon="-119.41040433">
      </trkpt>
      <trkpt lat="50.70881296" lon="-119.41046464">
      </trkpt>
      <trkpt lat="50.70886582" lon="-119.41051022">
      </trkpt>
      <trkpt lat="50.70899106" lon="-119.41055937">
      </trkpt>
      <trkpt lat="50.70909823" lon="-119.41057916">
      </trkpt>
      <trkpt lat="50.70922413" lon="-119.41059976">
      </trkpt>
      <trkpt lat="50.7093225" lon="-119.41060491">
      </trkpt>
      <trkpt lat="50.70948259" lon="-119.41069873">
      </trkpt>
      <trkpt lat="50.70962382" lon="-119.41081839">
      </trkpt>
      <trkpt lat="50.7096773" lon="-119.41086387">
      </trkpt>
      <trkpt lat="50.70973888" lon="-119.41092425">
      </trkpt>
      <trkpt lat="50.70980879" lon="-119.41102779">
      </trkpt>
      <trkpt lat="50.7098785" lon="-119.41112952">
      </trkpt>
      <trkpt lat="50.70993893" lon="-119.41124513">
      </trkpt>
      <trkpt lat="50.70999119" lon="-119.41134772">
      </trkpt>
      <trkpt lat="50.71008175" lon="-119.41173468">
      </trkpt>
      <trkpt lat="50.71011544" lon="-119.4118649">
      </trkpt>
      <trkpt lat="50.71014015" lon="-119.4119502">
      </trkpt>
      <trkpt lat="50.71018866" lon="-119.41223648">
      </trkpt>
      <trkpt lat="50.7102104" lon="-119.41247875">
      </trkpt>
      <trkpt lat="50.71023224" lon="-119.41273353">
      </trkpt>
      <trkpt lat="50.71028226" lon="-119.41292183">
      </trkpt>
      <trkpt lat="50.71034031" lon="-119.41314979">
      </trkpt>
      <trkpt lat="50.71038118" lon="-119.41333588">
      </trkpt>
      <trkpt lat="50.71046535" lon="-119.41362417">
      </trkpt>
      <trkpt lat="50.7104727" lon="-119.41371018">
      </trkpt>
      <trkpt lat="50.71057566" lon="-119.41395472">
      </trkpt>
      <trkpt lat="50.71059887" lon="-119.41412747">
      </trkpt>
      <trkpt lat="50.71060588" lon="-119.41422776">
      </trkpt>
      <trkpt lat="50.71062161" lon="-119.41434114">
      </trkpt>
      <trkpt lat="50.71067209" lon="-119.41449906">
      </trkpt>
      <trkpt lat="50.71073782" lon="-119.41479889">
      </trkpt>
      <trkpt lat="50.71075421" lon="-119.41488542">
      </trkpt>
      <trkpt lat="50.71077061" lon="-119.41497195">
      </trkpt>
      <trkpt lat="50.71079451" lon="-119.41510006">
      </trkpt>
      <trkpt lat="50.71082811" lon="-119.4152303">
      </trkpt>
      <trkpt lat="50.71085291" lon="-119.41531559">
      </trkpt>
      <trkpt lat="50.71094963" lon="-119.41543484">
      </trkpt>
      <trkpt lat="50.71102939" lon="-119.41549596">
      </trkpt>
      <trkpt lat="50.7110991" lon="-119.41559784">
      </trkpt>
      <trkpt lat="50.71114287" lon="-119.41567137">
      </trkpt>
      <trkpt lat="50.7112033" lon="-119.41578699">
      </trkpt>
      <trkpt lat="50.71124541" lon="-119.41591784">
      </trkpt>
      <trkpt lat="50.7112705" lon="-119.41601731">
      </trkpt>
      <trkpt lat="50.71126723" lon="-119.41617248">
      </trkpt>
      <trkpt lat="50.71124506" lon="-119.4163697">
      </trkpt>
      <trkpt lat="50.71126089" lon="-119.41648477">
      </trkpt>
      <trkpt lat="50.71131145" lon="-119.41664269">
      </trkpt>
      <trkpt lat="50.71133532" lon="-119.41679927">
      </trkpt>
      <trkpt lat="50.71134858" lon="-119.41701433">
      </trkpt>
      <trkpt lat="50.71137017" lon="-119.41728338">
      </trkpt>
      <trkpt lat="50.71139043" lon="-119.41759702">
      </trkpt>
      <trkpt lat="50.71137867" lon="-119.41772326">
      </trkpt>
      <trkpt lat="50.71137686" lon="-119.41780706">
      </trkpt>
      <trkpt lat="50.71135523" lon="-119.4180042">
      </trkpt>
      <trkpt lat="50.71134366" lon="-119.41813213">
      </trkpt>
      <trkpt lat="50.71134139" lon="-119.4182463">
      </trkpt>
      <trkpt lat="50.71132873" lon="-119.41841366">
      </trkpt>
      <trkpt lat="50.71133496" lon="-119.4185283">
      </trkpt>
      <trkpt lat="50.71127681" lon="-119.41873792">
      </trkpt>
      <trkpt lat="50.71127419" lon="-119.41886453">
      </trkpt>
      <trkpt lat="50.7113054" lon="-119.41910726">
      </trkpt>
      <trkpt lat="50.71136185" lon="-119.4194227">
      </trkpt>
      <trkpt lat="50.71141265" lon="-119.41956635">
      </trkpt>
      <trkpt lat="50.71144546" lon="-119.41971095">
      </trkpt>
      <trkpt lat="50.71146131" lon="-119.41980823">
      </trkpt>
      <trkpt lat="50.71154841" lon="-119.41995551">
      </trkpt>
      <trkpt lat="50.71159198" lon="-119.42001499">
      </trkpt>
      <trkpt lat="50.71164356" lon="-119.4201443">
      </trkpt>
      <trkpt lat="50.71169323" lon="-119.42034519">
      </trkpt>
      <trkpt lat="50.71173565" lon="-119.42046162">
      </trkpt>
      <trkpt lat="50.71177004" lon="-119.42054735">
      </trkpt>
      <trkpt lat="50.7118377" lon="-119.42074901">
      </trkpt>
      <trkpt lat="50.71187141" lon="-119.42085078">
      </trkpt>
      <trkpt lat="50.71193272" lon="-119.4209539">
      </trkpt>
      <trkpt lat="50.71194846" lon="-119.42103868">
      </trkpt>
      <trkpt lat="50.71198262" lon="-119.42114038">
      </trkpt>
      <trkpt lat="50.71204279" lon="-119.42127028">
      </trkpt>
      <trkpt lat="50.71208508" lon="-119.42141349">
      </trkpt>
      <trkpt lat="50.71211813" lon="-119.42154382">
      </trkpt>
      <trkpt lat="50.712142" lon="-119.4217004">
      </trkpt>
      <trkpt lat="50.71214642" lon="-119.42189898">
      </trkpt>
      <trkpt lat="50.71223862" lon="-119.42222881">
      </trkpt>
      <trkpt lat="50.712279" lon="-119.42244344">
      </trkpt>
      <trkpt lat="50.7123549" lon="-119.42268843">
      </trkpt>
      <trkpt lat="50.71241506" lon="-119.42284851">
      </trkpt>
      <trkpt lat="50.71247367" lon="-119.42304809">
      </trkpt>
      <trkpt lat="50.71255057" lon="-119.42325195">
      </trkpt>
      <trkpt lat="50.71261042" lon="-119.42339613">
      </trkpt>
      <trkpt lat="50.71267909" lon="-119.42355681">
      </trkpt>
      <trkpt lat="50.71272084" lon="-119.42370009">
      </trkpt>
      <trkpt lat="50.71273441" lon="-119.42391156">
      </trkpt>
      <trkpt lat="50.71278498" lon="-119.42407134">
      </trkpt>
      <trkpt lat="50.71284288" lon="-119.42431542">
      </trkpt>
      <trkpt lat="50.71288403" lon="-119.42451572">
      </trkpt>
      <trkpt lat="50.71293417" lon="-119.42468808">
      </trkpt>
      <trkpt lat="50.71295879" lon="-119.42481781">
      </trkpt>
      <trkpt lat="50.71300948" lon="-119.42495978">
      </trkpt>
      <trkpt lat="50.71306764" lon="-119.42519145">
      </trkpt>
      <trkpt lat="50.71308106" lon="-119.42541888">
      </trkpt>
      <trkpt lat="50.71312852" lon="-119.42558177">
      </trkpt>
      <trkpt lat="50.71317988" lon="-119.4257488">
      </trkpt>
      <trkpt lat="50.71324498" lon="-119.42594046">
      </trkpt>
      <trkpt lat="50.71328843" lon="-119.42610379">
      </trkpt>
      <trkpt lat="50.71335954" lon="-119.42629584">
      </trkpt>
      <trkpt lat="50.71341917" lon="-119.42645615">
      </trkpt>
      <trkpt lat="50.7134264" lon="-119.42654047">
      </trkpt>
      <trkpt lat="50.71347572" lon="-119.42675551">
      </trkpt>
      <trkpt lat="50.71350035" lon="-119.42688538">
      </trkpt>
      <trkpt lat="50.71356422" lon="-119.42705245">
      </trkpt>
      <trkpt lat="50.71363305" lon="-119.42733328">
      </trkpt>
      <trkpt lat="50.71367682" lon="-119.42752807">
      </trkpt>
      <trkpt lat="50.71368797" lon="-119.42780061">
      </trkpt>
      <trkpt lat="50.71372939" lon="-119.42795818">
      </trkpt>
      <trkpt lat="50.71380366" lon="-119.42828881">
      </trkpt>
      <trkpt lat="50.71391453" lon="-119.42856241">
      </trkpt>
      <trkpt lat="50.71397468" lon="-119.42872264">
      </trkpt>
      <trkpt lat="50.71405229" lon="-119.42888202">
      </trkpt>
      <trkpt lat="50.71414845" lon="-119.42900124">
      </trkpt>
      <trkpt lat="50.71427106" lon="-119.4291772">
      </trkpt>
      <trkpt lat="50.71440323" lon="-119.42929655">
      </trkpt>
      <trkpt lat="50.71451534" lon="-119.4295149">
      </trkpt>
      <trkpt lat="50.71454053" lon="-119.42961608">
      </trkpt>
      <trkpt lat="50.71456553" lon="-119.42971558">
      </trkpt>
      <trkpt lat="50.71461609" lon="-119.42987538">
      </trkpt>
      <trkpt lat="50.71463237" lon="-119.42996022">
      </trkpt>
      <trkpt lat="50.71466631" lon="-119.43004774">
      </trkpt>
      <trkpt lat="50.71472649" lon="-119.43017937">
      </trkpt>
      <trkpt lat="50.71481337" lon="-119.43032315">
      </trkpt>
      <trkpt lat="50.71489141" lon="-119.43047009">
      </trkpt>
      <trkpt lat="50.71497073" lon="-119.43054383">
      </trkpt>
      <trkpt lat="50.71505987" lon="-119.43059293">
      </trkpt>
      <trkpt lat="50.71523679" lon="-119.43074314">
      </trkpt>
      <trkpt lat="50.71536048" lon="-119.43083342">
      </trkpt>
      <trkpt lat="50.71543094" lon="-119.43090847">
      </trkpt>
      <trkpt lat="50.71548345" lon="-119.43096836">
      </trkpt>
      <trkpt lat="50.7155444" lon="-119.43108393">
      </trkpt>
      <trkpt lat="50.71560549" lon="-119.43117288">
      </trkpt>
      <trkpt lat="50.71564871" lon="-119.43124651">
      </trkpt>
      <trkpt lat="50.71569213" lon="-119.43133264">
      </trkpt>
      <trkpt lat="50.71570535" lon="-119.43154602">
      </trkpt>
      <trkpt lat="50.71571087" lon="-119.43171599">
      </trkpt>
      <trkpt lat="50.7156889" lon="-119.43189881">
      </trkpt>
      <trkpt lat="50.71567757" lon="-119.43201262">
      </trkpt>
      <trkpt lat="50.71565762" lon="-119.43212399">
      </trkpt>
      <trkpt lat="50.71565184" lon="-119.4323793">
      </trkpt>
      <trkpt lat="50.71565621" lon="-119.43260636">
      </trkpt>
      <trkpt lat="50.71566058" lon="-119.43283342">
      </trkpt>
      <trkpt lat="50.71567308" lon="-119.43310198">
      </trkpt>
      <trkpt lat="50.71568774" lon="-119.43327416">
      </trkpt>
      <trkpt lat="50.71569353" lon="-119.4334014">
      </trkpt>
      <trkpt lat="50.71570809" lon="-119.43357174">
      </trkpt>
      <trkpt lat="50.7157136" lon="-119.43374171">
      </trkpt>
      <trkpt lat="50.71580825" lon="-119.43396093">
      </trkpt>
      <trkpt lat="50.71592001" lon="-119.43419173">
      </trkpt>
      <trkpt lat="50.71603415" lon="-119.43434049">
      </trkpt>
      <trkpt lat="50.71604964" lon="-119.43443955">
      </trkpt>
      <trkpt lat="50.71612964" lon="-119.43448659">
      </trkpt>
      <trkpt lat="50.71619622" lon="-119.43474536">
      </trkpt>
      <trkpt lat="50.71624401" lon="-119.43505856">
      </trkpt>
      <trkpt lat="50.71625072" lon="-119.43514482">
      </trkpt>
      <trkpt lat="50.7162647" lon="-119.43534372">
      </trkpt>
      <trkpt lat="50.71628716" lon="-119.43557168">
      </trkpt>
      <trkpt lat="50.71630232" lon="-119.43568516">
      </trkpt>
      <trkpt lat="50.71631698" lon="-119.43585734">
      </trkpt>
      <trkpt lat="50.716368" lon="-119.43598677">
      </trkpt>
      <trkpt lat="50.71644626" lon="-119.4361176">
      </trkpt>
      <trkpt lat="50.71649003" lon="-119.43619131">
      </trkpt>
      <trkpt lat="50.71654149" lon="-119.43630828">
      </trkpt>
      <trkpt lat="50.71656648" lon="-119.4364078">
      </trkpt>
      <trkpt lat="50.71659949" lon="-119.4365363">
      </trkpt>
      <trkpt lat="50.71664086" lon="-119.43672236">
      </trkpt>
      <trkpt lat="50.71665431" lon="-119.43692148">
      </trkpt>
      <trkpt lat="50.71664871" lon="-119.43719085">
      </trkpt>
      <trkpt lat="50.7166525" lon="-119.43744647">
      </trkpt>
      <trkpt lat="50.71664757" lon="-119.43768742">
      </trkpt>
      <trkpt lat="50.71664255" lon="-119.43792824">
      </trkpt>
      <trkpt lat="50.71661095" lon="-119.43813753">
      </trkpt>
      <trkpt lat="50.71654322" lon="-119.43837516">
      </trkpt>
      <trkpt lat="50.71650029" lon="-119.43869982">
      </trkpt>
      <trkpt lat="50.71646899" lon="-119.438925">
      </trkpt>
      <trkpt lat="50.71646434" lon="-119.43912321">
      </trkpt>
      <trkpt lat="50.71646055" lon="-119.43930693">
      </trkpt>
      <trkpt lat="50.716428" lon="-119.4395875">
      </trkpt>
      <trkpt lat="50.7163854" lon="-119.43989788">
      </trkpt>
      <trkpt lat="50.71638071" lon="-119.44012456">
      </trkpt>
      <trkpt lat="50.71637601" lon="-119.4403511">
      </trkpt>
      <trkpt lat="50.71637179" lon="-119.4405474">
      </trkpt>
      <trkpt lat="50.71635954" lon="-119.44070404">
      </trkpt>
      <trkpt lat="50.71635427" lon="-119.44095913">
      </trkpt>
      <trkpt lat="50.7163498" lon="-119.44116969">
      </trkpt>
      <trkpt lat="50.7163466" lon="-119.44132671">
      </trkpt>
      <trkpt lat="50.71634306" lon="-119.4414963">
      </trkpt>
      <trkpt lat="50.71634076" lon="-119.44161049">
      </trkpt>
      <trkpt lat="50.71633697" lon="-119.4417942">
      </trkpt>
      <trkpt lat="50.71633805" lon="-119.44214812">
      </trkpt>
      <trkpt lat="50.7163322" lon="-119.44243175">
      </trkpt>
      <trkpt lat="50.7162985" lon="-119.44276942">
      </trkpt>
      <trkpt lat="50.71628157" lon="-119.44312228">
      </trkpt>
      <trkpt lat="50.71624854" lon="-119.44343309">
      </trkpt>
      <trkpt lat="50.71622359" lon="-119.44375696">
      </trkpt>
      <trkpt lat="50.71619059" lon="-119.4440393">
      </trkpt>
      <trkpt lat="50.71615817" lon="-119.4442931">
      </trkpt>
      <trkpt lat="50.71616367" lon="-119.44446307">
      </trkpt>
      <trkpt lat="50.71615829" lon="-119.44471646">
      </trkpt>
      <trkpt lat="50.71614315" lon="-119.44501398">
      </trkpt>
      <trkpt lat="50.7161396" lon="-119.44518357">
      </trkpt>
      <trkpt lat="50.71615438" lon="-119.44533966">
      </trkpt>
      <trkpt lat="50.71621373" lon="-119.44551426">
      </trkpt>
      <trkpt lat="50.71627311" lon="-119.44567093">
      </trkpt>
      <trkpt lat="50.71633279" lon="-119.44583126">
      </trkpt>
      <trkpt lat="50.71639314" lon="-119.4459754">
      </trkpt>
      <trkpt lat="50.71645998" lon="-119.44619146">
      </trkpt>
      <trkpt lat="50.71655336" lon="-119.44646597">
      </trkpt>
      <trkpt lat="50.71656915" lon="-119.44658107">
      </trkpt>
      <trkpt lat="50.71657637" lon="-119.4466654">
      </trkpt>
      <trkpt lat="50.71659173" lon="-119.44679308">
      </trkpt>
      <trkpt lat="50.71660699" lon="-119.44690826">
      </trkpt>
      <trkpt lat="50.71662874" lon="-119.44716294">
      </trkpt>
      <trkpt lat="50.71663492" lon="-119.4473062">
      </trkpt>
      <trkpt lat="50.71663926" lon="-119.44753327">
      </trkpt>
      <trkpt lat="50.71664503" lon="-119.44766051">
      </trkpt>
      <trkpt lat="50.71664753" lon="-119.44797138">
      </trkpt>
      <trkpt lat="50.71664466" lon="-119.44811412">
      </trkpt>
      <trkpt lat="50.71667557" lon="-119.44837116">
      </trkpt>
      <trkpt lat="50.71671531" lon="-119.44861439">
      </trkpt>
      <trkpt lat="50.71673914" lon="-119.44877101">
      </trkpt>
      <trkpt lat="50.71686058" lon="-119.44869507">
      </trkpt>
      <trkpt lat="50.71695698" lon="-119.44869329">
      </trkpt>
      <trkpt lat="50.71702987" lon="-119.44869086">
      </trkpt>
      <trkpt lat="50.71712771" lon="-119.44871356">
      </trkpt>
      <trkpt lat="50.71719193" lon="-119.44874119">
      </trkpt>
      <trkpt lat="50.71727269" lon="-119.44882812">
      </trkpt>
      <trkpt lat="50.71736557" lon="-119.4490326">
      </trkpt>
      <trkpt lat="50.71749173" lon="-119.44933497">
      </trkpt>
      <trkpt lat="50.71750559" lon="-119.44953219">
      </trkpt>
      <trkpt lat="50.71750247" lon="-119.44968919">
      </trkpt>
      <trkpt lat="50.71746499" lon="-119.44979164">
      </trkpt>
      <trkpt lat="50.71746238" lon="-119.44996896">
      </trkpt>
      <trkpt lat="50.71753684" lon="-119.45018767">
      </trkpt>
      <trkpt lat="50.71758899" lon="-119.45026002">
      </trkpt>
      <trkpt lat="50.7176684" lon="-119.45033564">
      </trkpt>
      <trkpt lat="50.71773004" lon="-119.45039592">
      </trkpt>
      <trkpt lat="50.71782744" lon="-119.45047061">
      </trkpt>
      <trkpt lat="50.71790694" lon="-119.45054622">
      </trkpt>
      <trkpt lat="50.71796002" lon="-119.45057758">
      </trkpt>
      <trkpt lat="50.71803152" lon="-119.45059373">
      </trkpt>
      <trkpt lat="50.71811218" lon="-119.45061395">
      </trkpt>
      <trkpt lat="50.71821106" lon="-119.45061726">
      </trkpt>
      <trkpt lat="50.71836612" lon="-119.45051273">
      </trkpt>
      <trkpt lat="50.71853354" lon="-119.4502534">
      </trkpt>
      <trkpt lat="50.71852656" lon="-119.45015309">
      </trkpt>
      <trkpt lat="50.71854879" lon="-119.44995585">
      </trkpt>
      <trkpt lat="50.71856049" lon="-119.44982961">
      </trkpt>
      <trkpt lat="50.71858363" lon="-119.44958969">
      </trkpt>
      <trkpt lat="50.71858949" lon="-119.4493059">
      </trkpt>
      <trkpt lat="50.71859455" lon="-119.44906677">
      </trkpt>
      <trkpt lat="50.71858699" lon="-119.44858399">
      </trkpt>
      <trkpt lat="50.7186183" lon="-119.44835881">
      </trkpt>
      <trkpt lat="50.71867856" lon="-119.44807958">
      </trkpt>
      <trkpt lat="50.71869871" lon="-119.44798056">
      </trkpt>
      <trkpt lat="50.71874024" lon="-119.44770051">
      </trkpt>
      <trkpt lat="50.71884369" lon="-119.44749323">
      </trkpt>
      <trkpt lat="50.71892978" lon="-119.44724223">
      </trkpt>
      <trkpt lat="50.71899876" lon="-119.44694749">
      </trkpt>
      <trkpt lat="50.71903761" lon="-119.44682267">
      </trkpt>
      <trkpt lat="50.71905101" lon="-119.44660894">
      </trkpt>
      <trkpt lat="50.71905114" lon="-119.44617128">
      </trkpt>
      <trkpt lat="50.7190328" lon="-119.44577376">
      </trkpt>
      <trkpt lat="50.71897451" lon="-119.44552967">
      </trkpt>
      <trkpt lat="50.71890072" lon="-119.44518639">
      </trkpt>
      <trkpt lat="50.7188329" lon="-119.44498284">
      </trkpt>
      <trkpt lat="50.71875805" lon="-119.44469678">
      </trkpt>
      <trkpt lat="50.7187002" lon="-119.44445264">
      </trkpt>
      <trkpt lat="50.71866121" lon="-119.44418253">
      </trkpt>
      <trkpt lat="50.71864458" lon="-119.44369937">
      </trkpt>
      <trkpt lat="50.71863622" lon="-119.44323094">
      </trkpt>
      <trkpt lat="50.71863369" lon="-119.44291991">
      </trkpt>
      <trkpt lat="50.71863656" lon="-119.44277716">
      </trkpt>
      <trkpt lat="50.71865846" lon="-119.44259435">
      </trkpt>
      <trkpt lat="50.71870934" lon="-119.44229869">
      </trkpt>
      <trkpt lat="50.71877828" lon="-119.44203411">
      </trkpt>
      <trkpt lat="50.7188633" lon="-119.44184019">
      </trkpt>
      <trkpt lat="50.71895129" lon="-119.44150536">
      </trkpt>
      <trkpt lat="50.71901079" lon="-119.44122438">
      </trkpt>
      <trkpt lat="50.71902601" lon="-119.44092682">
      </trkpt>
      <trkpt lat="50.71902195" lon="-119.44071393">
      </trkpt>
      <trkpt lat="50.71902406" lon="-119.44058739">
      </trkpt>
      <trkpt lat="50.71902732" lon="-119.44046052">
      </trkpt>
      <trkpt lat="50.7190224" lon="-119.44026199">
      </trkpt>
      <trkpt lat="50.71902619" lon="-119.44007827">
      </trkpt>
      <trkpt lat="50.71904897" lon="-119.43985248">
      </trkpt>
      <trkpt lat="50.71911761" lon="-119.439572">
      </trkpt>
      <trkpt lat="50.71918591" lon="-119.4393058">
      </trkpt>
      <trkpt lat="50.71927264" lon="-119.43902623">
      </trkpt>
      <trkpt lat="50.71931387" lon="-119.4387889">
      </trkpt>
      <trkpt lat="50.71935543" lon="-119.4385373">
      </trkpt>
      <trkpt lat="50.71937733" lon="-119.43832416">
      </trkpt>
      <trkpt lat="50.71938384" lon="-119.43801365">
      </trkpt>
      <trkpt lat="50.71938002" lon="-119.43778649">
      </trkpt>
      <trkpt lat="50.71938471" lon="-119.43755993">
      </trkpt>
      <trkpt lat="50.71936078" lon="-119.43740333">
      </trkpt>
      <trkpt lat="50.7193377" lon="-119.43723052">
      </trkpt>
      <trkpt lat="50.71931376" lon="-119.43707391">
      </trkpt>
      <trkpt lat="50.71929074" lon="-119.43687448">
      </trkpt>
      <trkpt lat="50.71929371" lon="-119.43673357">
      </trkpt>
      <trkpt lat="50.7193063" lon="-119.43656449">
      </trkpt>
      <trkpt lat="50.71935415" lon="-119.4364382">
      </trkpt>
      <trkpt lat="50.71939211" lon="-119.43632774">
      </trkpt>
      <trkpt lat="50.71948616" lon="-119.43613419">
      </trkpt>
      <trkpt lat="50.71956902" lon="-119.43603849">
      </trkpt>
      <trkpt lat="50.71968917" lon="-119.43590515">
      </trkpt>
      <trkpt lat="50.71977317" lon="-119.43575235">
      </trkpt>
      <trkpt lat="50.7198845" lon="-119.43560251">
      </trkpt>
      <trkpt lat="50.71999488" lon="-119.43546719">
      </trkpt>
      <trkpt lat="50.7200783" lon="-119.4353428">
      </trkpt>
      <trkpt lat="50.72014382" lon="-119.43521932">
      </trkpt>
      <trkpt lat="50.72019102" lon="-119.43512173">
      </trkpt>
      <trkpt lat="50.72028449" lon="-119.43495672">
      </trkpt>
      <trkpt lat="50.72036778" lon="-119.43484843">
      </trkpt>
      <trkpt lat="50.72043221" lon="-119.4347661">
      </trkpt>
      <trkpt lat="50.72060897" lon="-119.4344928">
      </trkpt>
      <trkpt lat="50.72066329" lon="-119.43446703">
      </trkpt>
      <trkpt lat="50.72081187" lon="-119.43426205">
      </trkpt>
      <trkpt lat="50.72094205" lon="-119.43404184">
      </trkpt>
      <trkpt lat="50.72099082" lon="-119.43387456">
      </trkpt>
      <trkpt lat="50.72098407" lon="-119.43375998">
      </trkpt>
      <trkpt lat="50.72099584" lon="-119.43363371">
      </trkpt>
      <trkpt lat="50.72102541" lon="-119.43349415">
      </trkpt>
      <trkpt lat="50.7210657" lon="-119.4332978">
      </trkpt>
      <trkpt lat="50.72106938" lon="-119.43311223">
      </trkpt>
      <trkpt lat="50.72106501" lon="-119.43288515">
      </trkpt>
      <trkpt lat="50.72106683" lon="-119.43280133">
      </trkpt>
      <trkpt lat="50.72106189" lon="-119.43260279">
      </trkpt>
      <trkpt lat="50.72118052" lon="-119.4320996">
      </trkpt>
      <trkpt lat="50.72121867" lon="-119.43200149">
      </trkpt>
      <trkpt lat="50.72131215" lon="-119.43183661">
      </trkpt>
      <trkpt lat="50.72138548" lon="-119.43177062">
      </trkpt>
      <trkpt lat="50.72146659" lon="-119.43175871">
      </trkpt>
      <trkpt lat="50.72153754" lon="-119.43180522">
      </trkpt>
      <trkpt lat="50.72159096" lon="-119.43182229">
      </trkpt>
      <trkpt lat="50.7217069" lon="-119.4318854">
      </trkpt>
      <trkpt lat="50.72178631" lon="-119.43196085">
      </trkpt>
      <trkpt lat="50.72186506" lon="-119.43206316">
      </trkpt>
      <trkpt lat="50.72196123" lon="-119.43218255">
      </trkpt>
      <trkpt lat="50.72204844" lon="-119.43231379">
      </trkpt>
      <trkpt lat="50.72210101" lon="-119.43240215">
      </trkpt>
      <trkpt lat="50.72213542" lon="-119.43245944">
      </trkpt>
      <trkpt lat="50.72220498" lon="-119.43257733">
      </trkpt>
      <trkpt lat="50.72227548" lon="-119.43263629">
      </trkpt>
      <trkpt lat="50.72233986" lon="-119.43256991">
      </trkpt>
      <trkpt lat="50.72241395" lon="-119.43248787">
      </trkpt>
      <trkpt lat="50.72249691" lon="-119.43239385">
      </trkpt>
      <trkpt lat="50.72254343" lon="-119.43231229">
      </trkpt>
      <trkpt lat="50.72255534" lon="-119.43217006">
      </trkpt>
      <trkpt lat="50.72254192" lon="-119.43194244">
      </trkpt>
      <trkpt lat="50.72247475" lon="-119.43171218">
      </trkpt>
      <trkpt lat="50.72240701" lon="-119.43151033">
      </trkpt>
      <trkpt lat="50.72238541" lon="-119.43126797">
      </trkpt>
      <trkpt lat="50.72237323" lon="-119.43098509">
      </trkpt>
      <trkpt lat="50.72238514" lon="-119.43084286">
      </trkpt>
      <trkpt lat="50.72240619" lon="-119.4307027">
      </trkpt>
      <trkpt lat="50.72243486" lon="-119.43060597">
      </trkpt>
      <trkpt lat="50.72247505" lon="-119.43040792">
      </trkpt>
      <trkpt lat="50.722523" lon="-119.43028345">
      </trkpt>
      <trkpt lat="50.722551" lon="-119.43021358">
      </trkpt>
      <trkpt lat="50.72258957" lon="-119.43010287">
      </trkpt>
      <trkpt lat="50.72263862" lon="-119.42989284">
      </trkpt>
      <trkpt lat="50.72266" lon="-119.42973853">
      </trkpt>
      <trkpt lat="50.72270752" lon="-119.42962651">
      </trkpt>
      <trkpt lat="50.72281847" lon="-119.42946261">
      </trkpt>
      <trkpt lat="50.72289326" lon="-119.42932523">
      </trkpt>
      <trkpt lat="50.72293242" lon="-119.42918611">
      </trkpt>
      <trkpt lat="50.72300046" lon="-119.42893415">
      </trkpt>
      <trkpt lat="50.72304098" lon="-119.42872351">
      </trkpt>
      <trkpt lat="50.72309826" lon="-119.42855682">
      </trkpt>
      <trkpt lat="50.72316426" lon="-119.42840478">
      </trkpt>
      <trkpt lat="50.72323959" lon="-119.42826732">
      </trkpt>
      <trkpt lat="50.72328106" lon="-119.42798552">
      </trkpt>
      <trkpt lat="50.7232751" lon="-119.42782797">
      </trkpt>
      <trkpt lat="50.72327021" lon="-119.42765789">
      </trkpt>
      <trkpt lat="50.72327017" lon="-119.42721849">
      </trkpt>
      <trkpt lat="50.72326094" lon="-119.42679454">
      </trkpt>
      <trkpt lat="50.72330123" lon="-119.42659831">
      </trkpt>
      <trkpt lat="50.72336687" lon="-119.42645871">
      </trkpt>
      <trkpt lat="50.7234781" lon="-119.42630899">
      </trkpt>
      <trkpt lat="50.72358684" lon="-119.42625914">
      </trkpt>
      <trkpt lat="50.72365018" lon="-119.42626236">
      </trkpt>
      <trkpt lat="50.72375724" lon="-119.42628036">
      </trkpt>
      <trkpt lat="50.72384652" lon="-119.4263135">
      </trkpt>
      <trkpt lat="50.72399755" lon="-119.42640703">
      </trkpt>
      <trkpt lat="50.72408635" lon="-119.42646871">
      </trkpt>
      <trkpt lat="50.72420334" lon="-119.42647458">
      </trkpt>
      <trkpt lat="50.72437388" lon="-119.42646917">
      </trkpt>
      <trkpt lat="50.72444573" lon="-119.42647285">
      </trkpt>
      <trkpt lat="50.72454495" lon="-119.42646353">
      </trkpt>
      <trkpt lat="50.72469826" lon="-119.42644285">
      </trkpt>
      <trkpt lat="50.72486267" lon="-119.42632432">
      </trkpt>
      <trkpt lat="50.72496271" lon="-119.42627233">
      </trkpt>
      <trkpt lat="50.72509041" lon="-119.42620901">
      </trkpt>
      <trkpt lat="50.72524648" lon="-119.42604558">
      </trkpt>
      <trkpt lat="50.72532829" lon="-119.42600865">
      </trkpt>
      <trkpt lat="50.72540975" lon="-119.42598415">
      </trkpt>
      <trkpt lat="50.72552687" lon="-119.42596167">
      </trkpt>
      <trkpt lat="50.72559047" lon="-119.425922">
      </trkpt>
      <trkpt lat="50.72565415" lon="-119.42591265">
      </trkpt>
      <trkpt lat="50.72578112" lon="-119.42584772">
      </trkpt>
      <trkpt lat="50.72591067" lon="-119.42568278">
      </trkpt>
      <trkpt lat="50.72605937" lon="-119.42545096">
      </trkpt>
      <trkpt lat="50.72619596" lon="-119.42535801">
      </trkpt>
      <trkpt lat="50.72632414" lon="-119.42526614">
      </trkpt>
      <trkpt lat="50.72647859" lon="-119.42518835">
      </trkpt>
      <trkpt lat="50.72663306" lon="-119.42511227">
      </trkpt>
      <trkpt lat="50.72675217" lon="-119.42501818">
      </trkpt>
      <trkpt lat="50.72690639" lon="-119.42495636">
      </trkpt>
      <trkpt lat="50.72704299" lon="-119.4248634">
      </trkpt>
      <trkpt lat="50.72710716" lon="-119.42479518">
      </trkpt>
      <trkpt lat="50.72722687" lon="-119.42467438">
      </trkpt>
      <trkpt lat="50.72735656" lon="-119.42448278">
      </trkpt>
      <trkpt lat="50.72743012" lon="-119.4244025">
      </trkpt>
      <trkpt lat="50.72747707" lon="-119.42431916">
      </trkpt>
      <trkpt lat="50.72756205" lon="-119.42412516">
      </trkpt>
      <trkpt lat="50.72759966" lon="-119.42402711">
      </trkpt>
      <trkpt lat="50.72765722" lon="-119.42387444">
      </trkpt>
      <trkpt lat="50.72767659" lon="-119.42379159">
      </trkpt>
      <trkpt lat="50.72778072" lon="-119.4235414">
      </trkpt>
      <trkpt lat="50.72790871" lon="-119.42353075">
      </trkpt>
      <trkpt lat="50.72819725" lon="-119.42338817">
      </trkpt>
      <trkpt lat="50.72847488" lon="-119.42331252">
      </trkpt>
      <trkpt lat="50.72863302" lon="-119.42326068">
      </trkpt>
      <trkpt lat="50.72880481" lon="-119.42323955">
      </trkpt>
      <trkpt lat="50.72897628" lon="-119.4232334">
      </trkpt>
      <trkpt lat="50.72910403" lon="-119.42327">
      </trkpt>
      <trkpt lat="50.72930169" lon="-119.42337768">
      </trkpt>
      <trkpt lat="50.72946764" lon="-119.42340875">
      </trkpt>
      <trkpt lat="50.72962025" lon="-119.42339413">
      </trkpt>
      <trkpt lat="50.72982009" lon="-119.42339695">
      </trkpt>
      <trkpt lat="50.7299957" lon="-119.42342101">
      </trkpt>
      <trkpt lat="50.73019429" lon="-119.42348376">
      </trkpt>
      <trkpt lat="50.73040225" lon="-119.42355449">
      </trkpt>
      <trkpt lat="50.73057707" lon="-119.42361601">
      </trkpt>
      <trkpt lat="50.73071987" lon="-119.42361589">
      </trkpt>
      <trkpt lat="50.73085665" lon="-119.42367544">
      </trkpt>
      <trkpt lat="50.73098838" lon="-119.42374974">
      </trkpt>
      <trkpt lat="50.7310692" lon="-119.42375391">
      </trkpt>
      <trkpt lat="50.73127334" lon="-119.42377945">
      </trkpt>
      <trkpt lat="50.73149282" lon="-119.42375329">
      </trkpt>
      <trkpt lat="50.73166336" lon="-119.42379208">
      </trkpt>
      <trkpt lat="50.73182899" lon="-119.42383813">
      </trkpt>
      <trkpt lat="50.73193756" lon="-119.42388124">
      </trkpt>
      <trkpt lat="50.7320498" lon="-119.42397703">
      </trkpt>
      <trkpt lat="50.73214684" lon="-119.42411703">
      </trkpt>
      <trkpt lat="50.73223944" lon="-119.4242418">
      </trkpt>
      <trkpt lat="50.73234693" lon="-119.42433735">
      </trkpt>
      <trkpt lat="50.73245916" lon="-119.42443315">
      </trkpt>
      <trkpt lat="50.73261435" lon="-119.42452366">
      </trkpt>
      <trkpt lat="50.73275495" lon="-119.42462841">
      </trkpt>
      <trkpt lat="50.73290951" lon="-119.42474889">
      </trkpt>
      <trkpt lat="50.73308294" lon="-119.42487784">
      </trkpt>
      <trkpt lat="50.73327397" lon="-119.4250752">
      </trkpt>
      <trkpt lat="50.73349829" lon="-119.42527429">
      </trkpt>
      <trkpt lat="50.73367522" lon="-119.42546342">
      </trkpt>
      <trkpt lat="50.73387195" lon="-119.42561608">
      </trkpt>
      <trkpt lat="50.73400826" lon="-119.42569813">
      </trkpt>
      <trkpt lat="50.7341032" lon="-119.42571054">
      </trkpt>
      <trkpt lat="50.73420336" lon="-119.42570071">
      </trkpt>
      <trkpt lat="50.73429572" lon="-119.42560798">
      </trkpt>
      <trkpt lat="50.73434529" lon="-119.42551305">
      </trkpt>
      <trkpt lat="50.73440546" lon="-119.42536615">
      </trkpt>
      <trkpt lat="50.73444342" lon="-119.42514313">
      </trkpt>
      <trkpt lat="50.73446221" lon="-119.4249266">
      </trkpt>
      <trkpt lat="50.73452316" lon="-119.42474225">
      </trkpt>
      <trkpt lat="50.73457671" lon="-119.42468502">
      </trkpt>
      <trkpt lat="50.73470094" lon="-119.42466144">
      </trkpt>
      <trkpt lat="50.73482012" lon="-119.42465259">
      </trkpt>
      <trkpt lat="50.73499417" lon="-119.42475158">
      </trkpt>
      <trkpt lat="50.73512449" lon="-119.42489331">
      </trkpt>
      <trkpt lat="50.73525528" lon="-119.42501257">
      </trkpt>
      <trkpt lat="50.7354407" lon="-119.42502216">
      </trkpt>
      <trkpt lat="50.73580819" lon="-119.42497364">
      </trkpt>
      <trkpt lat="50.73593291" lon="-119.42492759">
      </trkpt>
      <trkpt lat="50.73607297" lon="-119.42482981">
      </trkpt>
      <trkpt lat="50.73620399" lon="-119.42470909">
      </trkpt>
      <trkpt lat="50.73635832" lon="-119.42461205">
      </trkpt>
      <trkpt lat="50.73647921" lon="-119.42452079">
      </trkpt>
      <trkpt lat="50.73664732" lon="-119.42444698">
      </trkpt>
      <trkpt lat="50.73676494" lon="-119.42451305">
      </trkpt>
      <trkpt lat="50.73689744" lon="-119.4245499">
      </trkpt>
      <trkpt lat="50.73698349" lon="-119.42453185">
      </trkpt>
      <trkpt lat="50.73709534" lon="-119.42441762">
      </trkpt>
      <trkpt lat="50.73714327" lon="-119.42417259">
      </trkpt>
      <trkpt lat="50.73719081" lon="-119.42371752">
      </trkpt>
      <trkpt lat="50.73729836" lon="-119.42312305">
      </trkpt>
      <trkpt lat="50.73737052" lon="-119.42239924">
      </trkpt>
      <trkpt lat="50.7373992" lon="-119.4219357">
      </trkpt>
      <trkpt lat="50.73748438" lon="-119.42127256">
      </trkpt>
      <trkpt lat="50.73754079" lon="-119.42084796">
      </trkpt>
      <trkpt lat="50.73757592" lon="-119.42030223">
      </trkpt>
      <trkpt lat="50.73762485" lon="-119.41977974">
      </trkpt>
      <trkpt lat="50.73770643" lon="-119.41928892">
      </trkpt>
      <trkpt lat="50.73778046" lon="-119.41893271">
      </trkpt>
      <trkpt lat="50.73782518" lon="-119.4186125">
      </trkpt>
      <trkpt lat="50.73785397" lon="-119.41837757">
      </trkpt>
      <trkpt lat="50.73787156" lon="-119.41811702">
      </trkpt>
      <trkpt lat="50.73785152" lon="-119.41793597">
      </trkpt>
      <trkpt lat="50.73783903" lon="-119.41762032">
      </trkpt>
      <trkpt lat="50.73779077" lon="-119.41742283">
      </trkpt>
      <trkpt lat="50.73769223" lon="-119.41712523">
      </trkpt>
      <trkpt lat="50.7376216" lon="-119.41685907">
      </trkpt>
      <trkpt lat="50.73756554" lon="-119.41657868">
      </trkpt>
      <trkpt lat="50.73753434" lon="-119.41624706">
      </trkpt>
      <trkpt lat="50.73747079" lon="-119.41586877">
      </trkpt>
      <trkpt lat="50.73748387" lon="-119.41569693">
      </trkpt>
      <trkpt lat="50.73763147" lon="-119.41546451">
      </trkpt>
      <trkpt lat="50.7377723" lon="-119.41532925">
      </trkpt>
      <trkpt lat="50.73792662" lon="-119.41523219">
      </trkpt>
      <trkpt lat="50.73806326" lon="-119.41529923">
      </trkpt>
      <trkpt lat="50.73822522" lon="-119.41529257">
      </trkpt>
      <trkpt lat="50.7384505" lon="-119.41521958">
      </trkpt>
      <trkpt lat="50.7386287" lon="-119.4148858">
      </trkpt>
      <trkpt lat="50.73872649" lon="-119.4145308">
      </trkpt>
      <trkpt lat="50.73879947" lon="-119.41399452">
      </trkpt>
      <trkpt lat="50.73878144" lon="-119.41354931">
      </trkpt>
      <trkpt lat="50.73894326" lon="-119.41302684">
      </trkpt>
      <trkpt lat="50.73919475" lon="-119.41191467">
      </trkpt>
      <trkpt lat="50.73932725" lon="-119.41126143">
      </trkpt>
      <trkpt lat="50.73950094" lon="-119.41022776">
      </trkpt>
      <trkpt lat="50.73954445" lon="-119.40973495">
      </trkpt>
      <trkpt lat="50.73946088" lon="-119.40963315">
      </trkpt>
      <trkpt lat="50.7393414" lon="-119.40965701">
      </trkpt>
      <trkpt lat="50.73921514" lon="-119.40977804">
      </trkpt>
      <trkpt lat="50.73900833" lon="-119.41011245">
      </trkpt>
      <trkpt lat="50.73880517" lon="-119.41049955">
      </trkpt>
      <trkpt lat="50.73866017" lon="-119.41083712">
      </trkpt>
      <trkpt lat="50.73854725" lon="-119.41100384">
      </trkpt>
      <trkpt lat="50.73839939" lon="-119.41101875">
      </trkpt>
      <trkpt lat="50.7383551" lon="-119.41085896">
      </trkpt>
      <trkpt lat="50.73838109" lon="-119.41052276">
      </trkpt>
      <trkpt lat="50.7384212" lon="-119.41019481">
      </trkpt>
      <trkpt lat="50.73844552" lon="-119.40970852">
      </trkpt>
      <trkpt lat="50.73848846" lon="-119.40901318">
      </trkpt>
      <trkpt lat="50.7385412" lon="-119.40830334">
      </trkpt>
      <trkpt lat="50.73862216" lon="-119.40760995">
      </trkpt>
      <trkpt lat="50.73868302" lon="-119.40696802">
      </trkpt>
      <trkpt lat="50.73883514" lon="-119.40628578">
      </trkpt>
      <trkpt lat="50.73904307" lon="-119.40566638">
      </trkpt>
      <trkpt lat="50.73922614" lon="-119.40509822">
      </trkpt>
      <trkpt lat="50.73941091" lon="-119.40444764">
      </trkpt>
      <trkpt lat="50.73964414" lon="-119.40375452">
      </trkpt>
      <trkpt lat="50.73984944" lon="-119.40326249">
      </trkpt>
      <trkpt lat="50.74007452" lon="-119.40273396">
      </trkpt>
      <trkpt lat="50.74021561" lon="-119.40248222">
      </trkpt>
      <trkpt lat="50.74028668" lon="-119.40236978">
      </trkpt>
      <trkpt lat="50.74052358" lon="-119.40172933">
      </trkpt>
      <trkpt lat="50.74062686" lon="-119.40133708">
      </trkpt>
      <trkpt lat="50.74071204" lon="-119.40089888">
      </trkpt>
      <trkpt lat="50.74078876" lon="-119.40064028">
      </trkpt>
      <trkpt lat="50.7408489" lon="-119.40049334">
      </trkpt>
      <trkpt lat="50.74084325" lon="-119.40030553">
      </trkpt>
      <trkpt lat="50.7407899" lon="-119.40012278">
      </trkpt>
      <trkpt lat="50.74065371" lon="-119.4000333">
      </trkpt>
      <trkpt lat="50.7404936" lon="-119.3999501">
      </trkpt>
      <trkpt lat="50.7403634" lon="-119.39980093">
      </trkpt>
      <trkpt lat="50.74027723" lon="-119.399594">
      </trkpt>
      <trkpt lat="50.74019307" lon="-119.39928968">
      </trkpt>
      <trkpt lat="50.74009986" lon="-119.39896238">
      </trkpt>
      <trkpt lat="50.7400143" lon="-119.39872549">
      </trkpt>
      <trkpt lat="50.74003226" lon="-119.39854638">
      </trkpt>
      <trkpt lat="50.74006573" lon="-119.39830806">
      </trkpt>
      <trkpt lat="50.74009903" lon="-119.39807724">
      </trkpt>
      <trkpt lat="50.74014919" lon="-119.3979523">
      </trkpt>
      <trkpt lat="50.74031838" lon="-119.39782592">
      </trkpt>
      <trkpt lat="50.74043925" lon="-119.39773458">
      </trkpt>
      <trkpt lat="50.7405813" lon="-119.39753933">
      </trkpt>
      <trkpt lat="50.74073177" lon="-119.397397">
      </trkpt>
      <trkpt lat="50.74091935" lon="-119.39730158">
      </trkpt>
      <trkpt lat="50.7411594" lon="-119.39720131">
      </trkpt>
      <trkpt lat="50.74137613" lon="-119.39707738">
      </trkpt>
      <trkpt lat="50.74153089" lon="-119.39695776">
      </trkpt>
      <trkpt lat="50.74164778" lon="-119.39682872">
      </trkpt>
      <trkpt lat="50.74170455" lon="-119.39661409">
      </trkpt>
      <trkpt lat="50.74170241" lon="-119.39648646">
      </trkpt>
      <trkpt lat="50.74170398" lon="-119.396179">
      </trkpt>
      <trkpt lat="50.74175554" lon="-119.39584148">
      </trkpt>
      <trkpt lat="50.74183871" lon="-119.39541327">
      </trkpt>
      <trkpt lat="50.74195514" lon="-119.39507417">
      </trkpt>
      <trkpt lat="50.74215809" lon="-119.39469447">
      </trkpt>
      <trkpt lat="50.74234245" lon="-119.39452385">
      </trkpt>
      <trkpt lat="50.74243674" lon="-119.39448078">
      </trkpt>
      <trkpt lat="50.74262262" lon="-119.39438941">
      </trkpt>
      <trkpt lat="50.74280181" lon="-119.39423463">
      </trkpt>
      <trkpt lat="50.74295754" lon="-119.39405346">
      </trkpt>
      <trkpt lat="50.74312307" lon="-119.3937845">
      </trkpt>
      <trkpt lat="50.74324994" lon="-119.39345054">
      </trkpt>
      <trkpt lat="50.74340514" lon="-119.39329454">
      </trkpt>
      <trkpt lat="50.74361423" lon="-119.39324217">
      </trkpt>
      <trkpt lat="50.74381583" lon="-119.39316419">
      </trkpt>
      <trkpt lat="50.74400043" lon="-119.39313578">
      </trkpt>
      <trkpt lat="50.74411697" lon="-119.39291475">
      </trkpt>
      <trkpt lat="50.74429667" lon="-119.39273479">
      </trkpt>
      <trkpt lat="50.74453927" lon="-119.39260845">
      </trkpt>
      <trkpt lat="50.74476434" lon="-119.39255688">
      </trkpt>
      <trkpt lat="50.74502009" lon="-119.39256993">
      </trkpt>
      <trkpt lat="50.74526062" lon="-119.39254437">
      </trkpt>
      <trkpt lat="50.74554884" lon="-119.39253385">
      </trkpt>
      <trkpt lat="50.74581206" lon="-119.39257248">
      </trkpt>
      <trkpt lat="50.74610369" lon="-119.39257705">
      </trkpt>
      <trkpt lat="50.74618971" lon="-119.39235427">
      </trkpt>
      <trkpt lat="50.74620839" lon="-119.39214447">
      </trkpt>
      <trkpt lat="50.74622359" lon="-119.39186768">
      </trkpt>
      <trkpt lat="50.74621655" lon="-119.39151474">
      </trkpt>
      <trkpt lat="50.74619547" lon="-119.39117662">
      </trkpt>
      <trkpt lat="50.74626386" lon="-119.39135166">
      </trkpt>
      <trkpt lat="50.74630651" lon="-119.39148065">
      </trkpt>
      <trkpt lat="50.7463491" lon="-119.39158117">
      </trkpt>
      <trkpt lat="50.74640999" lon="-119.3916861">
      </trkpt>
      <trkpt lat="50.74660439" lon="-119.39186388">
      </trkpt>
      <trkpt lat="50.7468092" lon="-119.39196179">
      </trkpt>
      <trkpt lat="50.74694027" lon="-119.39213654">
      </trkpt>
      <trkpt lat="50.74696484" lon="-119.39226635">
      </trkpt>
      <trkpt lat="50.74698907" lon="-119.39240875">
      </trkpt>
      <trkpt lat="50.74703153" lon="-119.39252539">
      </trkpt>
      <trkpt lat="50.74708404" lon="-119.39258343">
      </trkpt>
      <trkpt lat="50.74714662" lon="-119.39260266">
      </trkpt>
      <trkpt lat="50.7472359" lon="-119.39263405">
      </trkpt>
      <trkpt lat="50.7473617" lon="-119.39265462">
      </trkpt>
      <trkpt lat="50.74746953" lon="-119.39264752">
      </trkpt>
      <trkpt lat="50.74756965" lon="-119.39259541">
      </trkpt>
      <trkpt lat="50.74771526" lon="-119.39250268">
      </trkpt>
      <trkpt lat="50.7478615" lon="-119.39241156">
      </trkpt>
      <trkpt lat="50.7480156" lon="-119.39234791">
      </trkpt>
      <trkpt lat="50.74814991" lon="-119.39236894">
      </trkpt>
      <trkpt lat="50.74827405" lon="-119.39244673">
      </trkpt>
      <trkpt lat="50.74841649" lon="-119.39253791">
      </trkpt>
      <trkpt lat="50.74860254" lon="-119.39266167">
      </trkpt>
      <trkpt lat="50.74876199" lon="-119.39278409">
      </trkpt>
      <trkpt lat="50.74891293" lon="-119.39287572">
      </trkpt>
      <trkpt lat="50.74903794" lon="-119.39293915">
      </trkpt>
      <trkpt lat="50.74917126" lon="-119.39300134">
      </trkpt>
      <trkpt lat="50.74930389" lon="-119.39310822">
      </trkpt>
      <trkpt lat="50.74940063" lon="-119.39322738">
      </trkpt>
      <trkpt lat="50.7494698" lon="-119.39335787">
      </trkpt>
      <trkpt lat="50.7495288" lon="-119.39354499">
      </trkpt>
      <trkpt lat="50.74960397" lon="-119.39383299">
      </trkpt>
      <trkpt lat="50.74963435" lon="-119.39408843">
      </trkpt>
      <trkpt lat="50.74971312" lon="-119.39378125">
      </trkpt>
      <trkpt lat="50.74977939" lon="-119.39361479">
      </trkpt>
      <trkpt lat="50.74990813" lon="-119.39346572">
      </trkpt>
      <trkpt lat="50.75010826" lon="-119.39336137">
      </trkpt>
      <trkpt lat="50.75027999" lon="-119.39332888">
      </trkpt>
      <trkpt lat="50.75047766" lon="-119.39332459">
      </trkpt>
      <trkpt lat="50.7505676" lon="-119.3933291">
      </trkpt>
      <trkpt lat="50.75064841" lon="-119.39333326">
      </trkpt>
      <trkpt lat="50.75072873" lon="-119.39336583">
      </trkpt>
      <trkpt lat="50.75078166" lon="-119.3934399">
      </trkpt>
      <trkpt lat="50.7508429" lon="-119.39351275">
      </trkpt>
      <trkpt lat="50.7509133" lon="-119.39358781">
      </trkpt>
      <trkpt lat="50.75106547" lon="-119.39362415">
      </trkpt>
      <trkpt lat="50.75120963" lon="-119.39360284">
      </trkpt>
      <trkpt lat="50.75137141" lon="-119.39361098">
      </trkpt>
      <trkpt lat="50.75157499" lon="-119.39376421">
      </trkpt>
      <trkpt lat="50.75173287" lon="-119.39395454">
      </trkpt>
      <trkpt lat="50.75188068" lon="-119.39420333">
      </trkpt>
      <trkpt lat="50.75198534" lon="-119.39438015">
      </trkpt>
      <trkpt lat="50.75209865" lon="-119.39454145">
      </trkpt>
      <trkpt lat="50.7522049" lon="-119.39463258">
      </trkpt>
      <trkpt lat="50.75232164" lon="-119.39465094">
      </trkpt>
      <trkpt lat="50.75244758" lon="-119.39464487">
      </trkpt>
      <trkpt lat="50.75259966" lon="-119.39468108">
      </trkpt>
      <trkpt lat="50.75279552" lon="-119.39478931">
      </trkpt>
      <trkpt lat="50.7529459" lon="-119.39490953">
      </trkpt>
      <trkpt lat="50.75307796" lon="-119.39504485">
      </trkpt>
      <trkpt lat="50.75328055" lon="-119.39523926">
      </trkpt>
      <trkpt lat="50.75349261" lon="-119.39541989">
      </trkpt>
      <trkpt lat="50.75367862" lon="-119.39557216">
      </trkpt>
      <trkpt lat="50.75384654" lon="-119.39572185">
      </trkpt>
      <trkpt lat="50.75404956" lon="-119.39590381">
      </trkpt>
      <trkpt lat="50.75430596" lon="-119.39612945">
      </trkpt>
      <trkpt lat="50.75454519" lon="-119.39629524">
      </trkpt>
      <trkpt lat="50.75474953" lon="-119.39642174">
      </trkpt>
      <trkpt lat="50.75491645" lon="-119.39661261">
      </trkpt>
      <trkpt lat="50.75499387" lon="-119.39678806">
      </trkpt>
      <trkpt lat="50.75506157" lon="-119.39698816">
      </trkpt>
      <trkpt lat="50.75508534" lon="-119.397161">
      </trkpt>
      <trkpt lat="50.75508218" lon="-119.39731631">
      </trkpt>
      <trkpt lat="50.75505123" lon="-119.39749893">
      </trkpt>
      <trkpt lat="50.75501981" lon="-119.39771012">
      </trkpt>
      <trkpt lat="50.75498862" lon="-119.39790703">
      </trkpt>
      <trkpt lat="50.75495853" lon="-119.39807528">
      </trkpt>
      <trkpt lat="50.75495539" lon="-119.39823244">
      </trkpt>
      <trkpt lat="50.75502991" lon="-119.39851886">
      </trkpt>
      <trkpt lat="50.75515935" lon="-119.39880956">
      </trkpt>
      <trkpt lat="50.7552704" lon="-119.39908518">
      </trkpt>
      <trkpt lat="50.75529598" lon="-119.39915618">
      </trkpt>
      <trkpt lat="50.75530446" lon="-119.39918513">
      </trkpt>
      <trkpt lat="50.75533018" lon="-119.39922948">
      </trkpt>
      <trkpt lat="50.75537363" lon="-119.39931565">
      </trkpt>
      <trkpt lat="50.75552199" lon="-119.3995359">
      </trkpt>
      <trkpt lat="50.75564443" lon="-119.39969944">
      </trkpt>
      <trkpt lat="50.7557682" lon="-119.3998182">
      </trkpt>
      <trkpt lat="50.75594576" lon="-119.39991307">
      </trkpt>
      <trkpt lat="50.75615189" lon="-119.39996639">
      </trkpt>
      <trkpt lat="50.75636686" lon="-119.40000588">
      </trkpt>
      <trkpt lat="50.75644765" lon="-119.4000099">
      </trkpt>
      <trkpt lat="50.75652855" lon="-119.40001406">
      </trkpt>
      <trkpt lat="50.7566442" lon="-119.40006279">
      </trkpt>
      <trkpt lat="50.75680452" lon="-119.4001424">
      </trkpt>
      <trkpt lat="50.7569387" lon="-119.40019025">
      </trkpt>
      <trkpt lat="50.75709936" lon="-119.40025556">
      </trkpt>
      <trkpt lat="50.75719692" lon="-119.40030355">
      </trkpt>
      <trkpt lat="50.75728586" lon="-119.40034911">
      </trkpt>
      <trkpt lat="50.75735714" lon="-119.40038132">
      </trkpt>
      <trkpt lat="50.75745623" lon="-119.40038806">
      </trkpt>
      <trkpt lat="50.75757344" lon="-119.40037788">
      </trkpt>
      <trkpt lat="50.75769" lon="-119.4003856">
      </trkpt>
      <trkpt lat="50.75775336" lon="-119.40036029">
      </trkpt>
      <trkpt lat="50.75789046" lon="-119.40026697">
      </trkpt>
      <trkpt lat="50.75795537" lon="-119.40017191">
      </trkpt>
      <trkpt lat="50.7580114" lon="-119.40006221">
      </trkpt>
      <trkpt lat="50.75803966" lon="-119.40000633">
      </trkpt>
      <trkpt lat="50.7581333" lon="-119.39982512">
      </trkpt>
      <trkpt lat="50.75825421" lon="-119.39964885">
      </trkpt>
      <trkpt lat="50.7584108" lon="-119.3994565">
      </trkpt>
      <trkpt lat="50.7585945" lon="-119.39928335">
      </trkpt>
      <trkpt lat="50.75874134" lon="-119.39913531">
      </trkpt>
      <trkpt lat="50.75892347" lon="-119.39903006">
      </trkpt>
      <trkpt lat="50.75907756" lon="-119.39896628">
      </trkpt>
      <trkpt lat="50.7591226" lon="-119.39895606">
      </trkpt>
      <trkpt lat="50.75931289" lon="-119.3988942">
      </trkpt>
      <trkpt lat="50.75947603" lon="-119.39883093">
      </trkpt>
      <trkpt lat="50.75969415" lon="-119.39871495">
      </trkpt>
      <trkpt lat="50.75992188" lon="-119.39857091">
      </trkpt>
      <trkpt lat="50.76020357" lon="-119.39844383">
      </trkpt>
      <trkpt lat="50.76071846" lon="-119.39834114">
      </trkpt>
      <trkpt lat="50.76114943" lon="-119.39836468">
      </trkpt>
      <trkpt lat="50.76162588" lon="-119.39837451">
      </trkpt>
      <trkpt lat="50.76186934" lon="-119.39834383">
      </trkpt>
      <trkpt lat="50.76207716" lon="-119.39831142">
      </trkpt>
      <trkpt lat="50.76228455" lon="-119.39828079">
      </trkpt>
      <trkpt lat="50.76243775" lon="-119.39825987">
      </trkpt>
      <trkpt lat="50.76259976" lon="-119.39825375">
      </trkpt>
      <trkpt lat="50.76276122" lon="-119.3982762">
      </trkpt>
      <trkpt lat="50.76288654" lon="-119.39832536">
      </trkpt>
      <trkpt lat="50.76300244" lon="-119.39835996">
      </trkpt>
      <trkpt lat="50.76314612" lon="-119.39836723">
      </trkpt>
      <trkpt lat="50.76330075" lon="-119.39830336">
      </trkpt>
      <trkpt lat="50.76333675" lon="-119.39829277">
      </trkpt>
      <trkpt lat="50.76350045" lon="-119.39820092">
      </trkpt>
      <trkpt lat="50.76365498" lon="-119.39812467">
      </trkpt>
      <trkpt lat="50.76373666" lon="-119.39808581">
      </trkpt>
      <trkpt lat="50.76381812" lon="-119.39806139">
      </trkpt>
      <trkpt lat="50.76391733" lon="-119.398052">
      </trkpt>
      <trkpt lat="50.76412349" lon="-119.39807683">
      </trkpt>
      <trkpt lat="50.76431176" lon="-119.39811484">
      </trkpt>
      <trkpt lat="50.76452776" lon="-119.39809718">
      </trkpt>
      <trkpt lat="50.76470005" lon="-119.39803611">
      </trkpt>
      <trkpt lat="50.76485471" lon="-119.39794388">
      </trkpt>
      <trkpt lat="50.76500105" lon="-119.39785274">
      </trkpt>
      <trkpt lat="50.76518228" lon="-119.39779034">
      </trkpt>
      <trkpt lat="50.76537148" lon="-119.39775883">
      </trkpt>
      <trkpt lat="50.76556991" lon="-119.39773849">
      </trkpt>
      <trkpt lat="50.76574064" lon="-119.39774704">
      </trkpt>
      <trkpt lat="50.76589348" lon="-119.39775652">
      </trkpt>
      <trkpt lat="50.76609082" lon="-119.39776655">
      </trkpt>
      <trkpt lat="50.76629784" lon="-119.397777">
      </trkpt>
      <trkpt lat="50.76646804" lon="-119.39778562">
      </trkpt>
      <trkpt lat="50.76662244" lon="-119.39773617">
      </trkpt>
      <trkpt lat="50.76674939" lon="-119.39767111">
      </trkpt>
      <trkpt lat="50.76687756" lon="-119.39755058">
      </trkpt>
      <trkpt lat="50.76699747" lon="-119.39741532">
      </trkpt>
      <trkpt lat="50.76709937" lon="-119.39727915">
      </trkpt>
      <trkpt lat="50.76719236" lon="-119.39712649">
      </trkpt>
      <trkpt lat="50.76727796" lon="-119.39690553">
      </trkpt>
      <trkpt lat="50.76729887" lon="-119.39676352">
      </trkpt>
      <trkpt lat="50.76731932" lon="-119.39665178">
      </trkpt>
      <trkpt lat="50.76732839" lon="-119.3966238">
      </trkpt>
      <trkpt lat="50.76736594" lon="-119.39655413">
      </trkpt>
      <trkpt lat="50.76742873" lon="-119.39655725">
      </trkpt>
      <trkpt lat="50.76749945" lon="-119.39661804">
      </trkpt>
      <trkpt lat="50.76756961" lon="-119.39670742">
      </trkpt>
      <trkpt lat="50.76762969" lon="-119.39686596">
      </trkpt>
      <trkpt lat="50.76764388" lon="-119.39703841">
      </trkpt>
      <trkpt lat="50.76764822" lon="-119.39726403">
      </trkpt>
      <trkpt lat="50.76764473" lon="-119.39743368">
      </trkpt>
      <trkpt lat="50.76765064" lon="-119.39759139">
      </trkpt>
      <trkpt lat="50.76767489" lon="-119.39770536">
      </trkpt>
      <trkpt lat="50.76772693" lon="-119.39782235">
      </trkpt>
      <trkpt lat="50.76779697" lon="-119.39790989">
      </trkpt>
      <trkpt lat="50.76785741" lon="-119.39802563">
      </trkpt>
      <trkpt lat="50.76788254" lon="-119.39812707">
      </trkpt>
      <trkpt lat="50.76788005" lon="-119.39825568">
      </trkpt>
      <trkpt lat="50.76784118" lon="-119.39838068">
      </trkpt>
      <trkpt lat="50.76771051" lon="-119.39862981">
      </trkpt>
      <trkpt lat="50.76758146" lon="-119.39876457">
      </trkpt>
      <trkpt lat="50.76746146" lon="-119.39889985">
      </trkpt>
      <trkpt lat="50.76734176" lon="-119.39904933">
      </trkpt>
      <trkpt lat="50.76722164" lon="-119.39920072">
      </trkpt>
      <trkpt lat="50.76709289" lon="-119.39934968">
      </trkpt>
      <trkpt lat="50.76702833" lon="-119.39940196">
      </trkpt>
      <trkpt lat="50.76695536" lon="-119.39945548">
      </trkpt>
      <trkpt lat="50.76687278" lon="-119.39953721">
      </trkpt>
      <trkpt lat="50.76675274" lon="-119.39969913">
      </trkpt>
      <trkpt lat="50.7666507" lon="-119.39985141">
      </trkpt>
      <trkpt lat="50.76657561" lon="-119.40000313">
      </trkpt>
      <trkpt lat="50.76659849" lon="-119.40018854">
      </trkpt>
      <trkpt lat="50.7666794" lon="-119.4001944">
      </trkpt>
      <trkpt lat="50.76676075" lon="-119.40016814">
      </trkpt>
      <trkpt lat="50.76681627" lon="-119.40011549">
      </trkpt>
      <trkpt lat="50.76685328" lon="-119.4000459">
      </trkpt>
      <trkpt lat="50.76687227" lon="-119.40000392">
      </trkpt>
      <trkpt lat="50.76691953" lon="-119.39990789">
      </trkpt>
      <trkpt lat="50.76698378" lon="-119.39983955">
      </trkpt>
      <trkpt lat="50.76706557" lon="-119.39980254">
      </trkpt>
      <trkpt lat="50.76717387" lon="-119.39976517">
      </trkpt>
      <trkpt lat="50.76727285" lon="-119.39977021">
      </trkpt>
      <trkpt lat="50.76739017" lon="-119.39976172">
      </trkpt>
      <trkpt lat="50.76756203" lon="-119.39971326">
      </trkpt>
      <trkpt lat="50.76770718" lon="-119.39965078">
      </trkpt>
      <trkpt lat="50.76783446" lon="-119.39957143">
      </trkpt>
      <trkpt lat="50.76800722" lon="-119.39948009">
      </trkpt>
      <trkpt lat="50.76818063" lon="-119.39936186">
      </trkpt>
      <trkpt lat="50.76833676" lon="-119.39919987">
      </trkpt>
      <trkpt lat="50.76850518" lon="-119.39888289">
      </trkpt>
      <trkpt lat="50.76861169" lon="-119.39851978">
      </trkpt>
      <trkpt lat="50.76872917" lon="-119.39805714">
      </trkpt>
      <trkpt lat="50.76888376" lon="-119.39752491">
      </trkpt>
      <trkpt lat="50.76902792" lon="-119.39709395">
      </trkpt>
      <trkpt lat="50.7691446" lon="-119.39667417">
      </trkpt>
      <trkpt lat="50.76922645" lon="-119.39618117">
      </trkpt>
      <trkpt lat="50.7693011" lon="-119.39563224">
      </trkpt>
      <trkpt lat="50.76936608" lon="-119.39508302">
      </trkpt>
      <trkpt lat="50.76942075" lon="-119.39461712">
      </trkpt>
      <trkpt lat="50.7694837" lon="-119.39416609">
      </trkpt>
      <trkpt lat="50.76952127" lon="-119.39365825">
      </trkpt>
      <trkpt lat="50.76952531" lon="-119.39346002">
      </trkpt>
      <trkpt lat="50.76952911" lon="-119.39327592">
      </trkpt>
      <trkpt lat="50.76951473" lon="-119.3930911">
      </trkpt>
      <trkpt lat="50.76945618" lon="-119.39287348">
      </trkpt>
      <trkpt lat="50.76939842" lon="-119.39263095">
      </trkpt>
      <trkpt lat="50.76939519" lon="-119.39234815">
      </trkpt>
      <trkpt lat="50.76940493" lon="-119.39230396">
      </trkpt>
      <trkpt lat="50.76940549" lon="-119.39227538">
      </trkpt>
      <trkpt lat="50.76942402" lon="-119.39226381">
      </trkpt>
      <trkpt lat="50.76949578" lon="-119.39226745">
      </trkpt>
      <trkpt lat="50.76955734" lon="-119.39232603">
      </trkpt>
      <trkpt lat="50.76961931" lon="-119.39240051">
      </trkpt>
      <trkpt lat="50.76969586" lon="-119.39258868">
      </trkpt>
      <trkpt lat="50.7697546" lon="-119.39281867">
      </trkpt>
      <trkpt lat="50.76981191" lon="-119.39309162">
      </trkpt>
      <trkpt lat="50.76992966" lon="-119.39348032">
      </trkpt>
      <trkpt lat="50.7700491" lon="-119.39378327">
      </trkpt>
      <trkpt lat="50.77017743" lon="-119.39413122">
      </trkpt>
      <trkpt lat="50.77031351" lon="-119.39450653">
      </trkpt>
      <trkpt lat="50.77043214" lon="-119.39485235">
      </trkpt>
      <trkpt lat="50.77052398" lon="-119.39518433">
      </trkpt>
      <trkpt lat="50.77059782" lon="-119.39552794">
      </trkpt>
      <trkpt lat="50.77067119" lon="-119.39589998">
      </trkpt>
      <trkpt lat="50.77075192" lon="-119.39635829">
      </trkpt>
      <trkpt lat="50.77083434" lon="-119.39673085">
      </trkpt>
      <trkpt lat="50.7708998" lon="-119.3970472">
      </trkpt>
      <trkpt lat="50.77095595" lon="-119.39737548">
      </trkpt>
      <trkpt lat="50.77100185" lon="-119.39776056">
      </trkpt>
      <trkpt lat="50.77104785" lon="-119.39814748">
      </trkpt>
      <trkpt lat="50.77110312" lon="-119.39851864">
      </trkpt>
      <trkpt lat="50.77120362" lon="-119.3988921">
      </trkpt>
      <trkpt lat="50.77131265" lon="-119.39926786">
      </trkpt>
      <trkpt lat="50.77143908" lon="-119.39966955">
      </trkpt>
      <trkpt lat="50.77147302" lon="-119.39978566">
      </trkpt>
      <trkpt lat="50.77150633" lon="-119.39990186">
      </trkpt>
      <trkpt lat="50.77153144" lon="-119.40000146">
      </trkpt>
      <trkpt lat="50.77165177" lon="-119.40026341">
      </trkpt>
      <trkpt lat="50.77175438" lon="-119.40053852">
      </trkpt>
      <trkpt lat="50.77182231" lon="-119.40072443">
      </trkpt>
      <trkpt lat="50.7718902" lon="-119.40092815">
      </trkpt>
      <trkpt lat="50.77200793" lon="-119.40131688">
      </trkpt>
      <trkpt lat="50.77205693" lon="-119.40157327">
      </trkpt>
      <trkpt lat="50.77207247" lon="-119.40167429">
      </trkpt>
      <trkpt lat="50.77214582" lon="-119.40204649">
      </trkpt>
      <trkpt lat="50.77221951" lon="-119.40240611">
      </trkpt>
      <trkpt lat="50.77231175" lon="-119.4027362">
      </trkpt>
      <trkpt lat="50.77233543" lon="-119.40287876">
      </trkpt>
      <trkpt lat="50.77235207" lon="-119.40295112">
      </trkpt>
      <trkpt lat="50.7725578" lon="-119.40344443">
      </trkpt>
      <trkpt lat="50.77263543" lon="-119.40360397">
      </trkpt>
      <trkpt lat="50.77265819" lon="-119.40381792">
      </trkpt>
      <trkpt lat="50.77266977" lon="-119.40411732">
      </trkpt>
      <trkpt lat="50.77267387" lon="-119.40435896">
      </trkpt>
      <trkpt lat="50.7726137" lon="-119.40466709">
      </trkpt>
      <trkpt lat="50.77258114" lon="-119.40493552">
      </trkpt>
      <trkpt lat="50.77256973" lon="-119.40504765">
      </trkpt>
      <trkpt lat="50.77254905" lon="-119.40517538">
      </trkpt>
      <trkpt lat="50.77246465" lon="-119.40533918">
      </trkpt>
      <trkpt lat="50.77239055" lon="-119.40544986">
      </trkpt>
      <trkpt lat="50.77227879" lon="-119.40562852">
      </trkpt>
      <trkpt lat="50.77223296" lon="-119.4056833">
      </trkpt>
      <trkpt lat="50.77217841" lon="-119.40572341">
      </trkpt>
      <trkpt lat="50.77208635" lon="-119.40581723">
      </trkpt>
      <trkpt lat="50.77207504" lon="-119.40593104">
      </trkpt>
      <trkpt lat="50.77211625" lon="-119.40610308">
      </trkpt>
      <trkpt lat="50.77218663" lon="-119.4061782">
      </trkpt>
      <trkpt lat="50.77226629" lon="-119.40623769">
      </trkpt>
      <trkpt lat="50.77240183" lon="-119.40620344">
      </trkpt>
      <trkpt lat="50.77251155" lon="-119.40612312">
      </trkpt>
      <trkpt lat="50.77265022" lon="-119.40596016">
      </trkpt>
      <trkpt lat="50.77278995" lon="-119.40571154">
      </trkpt>
      <trkpt lat="50.77283725" lon="-119.405587">
      </trkpt>
      <trkpt lat="50.7729377" lon="-119.40552059">
      </trkpt>
      <trkpt lat="50.77311069" lon="-119.40541483">
      </trkpt>
      <trkpt lat="50.77328161" lon="-119.40542523">
      </trkpt>
      <trkpt lat="50.77338932" lon="-119.40544496">
      </trkpt>
      <trkpt lat="50.77344363" lon="-119.40541913">
      </trkpt>
      <trkpt lat="50.77349955" lon="-119.40530757">
      </trkpt>
      <trkpt lat="50.77355799" lon="-119.40511369">
      </trkpt>
      <trkpt lat="50.77366831" lon="-119.40497628">
      </trkpt>
      <trkpt lat="50.77375972" lon="-119.4049112">
      </trkpt>
      <trkpt lat="50.77382643" lon="-119.40474275">
      </trkpt>
      <trkpt lat="50.77389183" lon="-119.40461909">
      </trkpt>
      <trkpt lat="50.77394816" lon="-119.40449321">
      </trkpt>
      <trkpt lat="50.77403369" lon="-119.40427225">
      </trkpt>
      <trkpt lat="50.77414577" lon="-119.40407928">
      </trkpt>
      <trkpt lat="50.77420212" lon="-119.40395525">
      </trkpt>
      <trkpt lat="50.77427855" lon="-119.40376042">
      </trkpt>
      <trkpt lat="50.77441973" lon="-119.40344031">
      </trkpt>
      <trkpt lat="50.77448601" lon="-119.40327377">
      </trkpt>
      <trkpt lat="50.77457388" lon="-119.40293845">
      </trkpt>
      <trkpt lat="50.77462274" lon="-119.40275481">
      </trkpt>
      <trkpt lat="50.7746821" lon="-119.40248954">
      </trkpt>
      <trkpt lat="50.77475877" lon="-119.40228056">
      </trkpt>
      <trkpt lat="50.77480583" lon="-119.40217029">
      </trkpt>
      <trkpt lat="50.77497368" lon="-119.40101428">
      </trkpt>
      <trkpt lat="50.77504043" lon="-119.40081916">
      </trkpt>
      <trkpt lat="50.77506065" lon="-119.40072183">
      </trkpt>
      <trkpt lat="50.77512014" lon="-119.40044043">
      </trkpt>
      <trkpt lat="50.7751321" lon="-119.40029972">
      </trkpt>
      <trkpt lat="50.77514713" lon="-119.40000179">
      </trkpt>
      <trkpt lat="50.77516758" lon="-119.39989018">
      </trkpt>
      <trkpt lat="50.77517988" lon="-119.39973517">
      </trkpt>
      <trkpt lat="50.77519254" lon="-119.39954974">
      </trkpt>
      <trkpt lat="50.77521511" lon="-119.39933977">
      </trkpt>
      <trkpt lat="50.77522721" lon="-119.39918308">
      </trkpt>
      <trkpt lat="50.77523046" lon="-119.39902755">
      </trkpt>
      <trkpt lat="50.7751905" lon="-119.39877166">
      </trkpt>
      <trkpt lat="50.77511502" lon="-119.39849779">
      </trkpt>
      <trkpt lat="50.77503257" lon="-119.39815185">
      </trkpt>
      <trkpt lat="50.77499081" lon="-119.39797989">
      </trkpt>
      <trkpt lat="50.77498468" lon="-119.39783828">
      </trkpt>
      <trkpt lat="50.77503171" lon="-119.39775652">
      </trkpt>
      <trkpt lat="50.77509464" lon="-119.39774366">
      </trkpt>
      <trkpt lat="50.77515744" lon="-119.39774692">
      </trkpt>
      <trkpt lat="50.77521966" lon="-119.39777862">
      </trkpt>
      <trkpt lat="50.77534199" lon="-119.39796904">
      </trkpt>
      <trkpt lat="50.77542698" lon="-119.39821471">
      </trkpt>
      <trkpt lat="50.77550294" lon="-119.39846001">
      </trkpt>
      <trkpt lat="50.77558011" lon="-119.39864812">
      </trkpt>
      <trkpt lat="50.7756838" lon="-119.39883773">
      </trkpt>
      <trkpt lat="50.77580512" lon="-119.39905851">
      </trkpt>
      <trkpt lat="50.77591715" lon="-119.39930375">
      </trkpt>
      <trkpt lat="50.77600282" lon="-119.39952268">
      </trkpt>
      <trkpt lat="50.77609768" lon="-119.39969578">
      </trkpt>
      <trkpt lat="50.77615931" lon="-119.39978458">
      </trkpt>
      <trkpt lat="50.77622994" lon="-119.39984541">
      </trkpt>
      <trkpt lat="50.77630065" lon="-119.39990622">
      </trkpt>
      <trkpt lat="50.77636245" lon="-119.39995053">
      </trkpt>
      <trkpt lat="50.77642501" lon="-119.39996808">
      </trkpt>
      <trkpt lat="50.77648715" lon="-119.3999998">
      </trkpt>
      <trkpt lat="50.7766022" lon="-119.40010395">
      </trkpt>
      <trkpt lat="50.77671729" lon="-119.40018143">
      </trkpt>
      <trkpt lat="50.77679696" lon="-119.40024263">
      </trkpt>
      <trkpt lat="50.77687672" lon="-119.40030396">
      </trkpt>
      <trkpt lat="50.77694886" lon="-119.40032181">
      </trkpt>
      <trkpt lat="50.77700752" lon="-119.40052335">
      </trkpt>
      <trkpt lat="50.77707418" lon="-119.40078243">
      </trkpt>
      <trkpt lat="50.77715878" lon="-119.40146826">
      </trkpt>
      <trkpt lat="50.77717272" lon="-119.40166572">
      </trkpt>
      <trkpt lat="50.777188" lon="-119.40180954">
      </trkpt>
      <trkpt lat="50.7772236" lon="-119.40224964">
      </trkpt>
      <trkpt lat="50.77722859" lon="-119.40244843">
      </trkpt>
      <trkpt lat="50.77723563" lon="-119.402549">
      </trkpt>
      <trkpt lat="50.77729064" lon="-119.4029345">
      </trkpt>
      <trkpt lat="50.77729574" lon="-119.40313512">
      </trkpt>
      <trkpt lat="50.77730736" lon="-119.40341844">
      </trkpt>
      <trkpt lat="50.77732752" lon="-119.40375921">
      </trkpt>
      <trkpt lat="50.77732639" lon="-119.40381638">
      </trkpt>
      <trkpt lat="50.77747224" lon="-119.40416539">
      </trkpt>
      <trkpt lat="50.7775379" lon="-119.40446567">
      </trkpt>
      <trkpt lat="50.77756125" lon="-119.40462255">
      </trkpt>
      <trkpt lat="50.77760017" lon="-119.40493746">
      </trkpt>
      <trkpt lat="50.77761513" lon="-119.40506537">
      </trkpt>
      <trkpt lat="50.77763789" lon="-119.40527935">
      </trkpt>
      <trkpt lat="50.77761799" lon="-119.40536238">
      </trkpt>
      <trkpt lat="50.77761291" lon="-119.40561966">
      </trkpt>
      <trkpt lat="50.77773288" lon="-119.40589411">
      </trkpt>
      <trkpt lat="50.77777608" lon="-119.40599462">
      </trkpt>
      <trkpt lat="50.777801" lon="-119.40608358">
      </trkpt>
      <trkpt lat="50.77786642" lon="-119.40639815">
      </trkpt>
      <trkpt lat="50.77786236" lon="-119.40659656">
      </trkpt>
      <trkpt lat="50.77780568" lon="-119.4067349">
      </trkpt>
      <trkpt lat="50.77776756" lon="-119.40683316">
      </trkpt>
      <trkpt lat="50.77777947" lon="-119.40713068">
      </trkpt>
      <trkpt lat="50.77781638" lon="-119.40751545">
      </trkpt>
      <trkpt lat="50.7778493" lon="-119.40767263">
      </trkpt>
      <trkpt lat="50.77788326" lon="-119.40776025">
      </trkpt>
      <trkpt lat="50.77789867" lon="-119.4078881">
      </trkpt>
      <trkpt lat="50.77792217" lon="-119.40807517">
      </trkpt>
      <trkpt lat="50.77793524" lon="-119.40828702">
      </trkpt>
      <trkpt lat="50.77793683" lon="-119.40865733">
      </trkpt>
      <trkpt lat="50.7779331" lon="-119.40884144">
      </trkpt>
      <trkpt lat="50.77792846" lon="-119.40906829">
      </trkpt>
      <trkpt lat="50.77793165" lon="-119.40935115">
      </trkpt>
      <trkpt lat="50.77792895" lon="-119.40947796">
      </trkpt>
      <trkpt lat="50.77790892" lon="-119.40957711">
      </trkpt>
      <trkpt lat="50.77790022" lon="-119.41000237">
      </trkpt>
      <trkpt lat="50.77786869" lon="-119.41021367">
      </trkpt>
      <trkpt lat="50.77783974" lon="-119.41029633">
      </trkpt>
      <trkpt lat="50.77777412" lon="-119.41043612">
      </trkpt>
      <trkpt lat="50.77774054" lon="-119.41074563">
      </trkpt>
      <trkpt lat="50.77771053" lon="-119.41091395">
      </trkpt>
      <trkpt lat="50.77767231" lon="-119.41101222">
      </trkpt>
      <trkpt lat="50.77761246" lon="-119.41130607">
      </trkpt>
      <trkpt lat="50.77760706" lon="-119.41154914">
      </trkpt>
      <trkpt lat="50.77765049" lon="-119.41163537">
      </trkpt>
      <trkpt lat="50.77773049" lon="-119.41168243">
      </trkpt>
      <trkpt lat="50.77783852" lon="-119.41168788">
      </trkpt>
      <trkpt lat="50.77796435" lon="-119.41168002">
      </trkpt>
      <trkpt lat="50.77807238" lon="-119.41168546">
      </trkpt>
      <trkpt lat="50.77813516" lon="-119.4116886">
      </trkpt>
      <trkpt lat="50.77813901" lon="-119.41194457">
      </trkpt>
      <trkpt lat="50.7780637" lon="-119.41208222">
      </trkpt>
      <trkpt lat="50.77800001" lon="-119.41212183">
      </trkpt>
      <trkpt lat="50.77791797" lon="-119.41217312">
      </trkpt>
      <trkpt lat="50.77785429" lon="-119.41221286">
      </trkpt>
      <trkpt lat="50.77776274" lon="-119.41229405">
      </trkpt>
      <trkpt lat="50.77770662" lon="-119.4124038">
      </trkpt>
      <trkpt lat="50.77770379" lon="-119.41254673">
      </trkpt>
      <trkpt lat="50.77779273" lon="-119.41259248">
      </trkpt>
      <trkpt lat="50.77765767" lon="-119.41258745">
      </trkpt>
      <trkpt lat="50.77752042" lon="-119.41270745">
      </trkpt>
      <trkpt lat="50.77754058" lon="-119.41301971">
      </trkpt>
      <trkpt lat="50.77770757" lon="-119.41321243">
      </trkpt>
      <trkpt lat="50.77800523" lon="-119.4136122">
      </trkpt>
      <trkpt lat="50.77810208" lon="-119.4137155">
      </trkpt>
      <trkpt lat="50.77818975" lon="-119.4138344">
      </trkpt>
      <trkpt lat="50.77826002" lon="-119.4139077">
      </trkpt>
      <trkpt lat="50.77842384" lon="-119.41425765">
      </trkpt>
      <trkpt lat="50.77851821" lon="-119.41446108">
      </trkpt>
      <trkpt lat="50.77852376" lon="-119.41463129">
      </trkpt>
      <trkpt lat="50.77852816" lon="-119.41485866">
      </trkpt>
      <trkpt lat="50.77853778" lon="-119.41527054">
      </trkpt>
      <trkpt lat="50.7785612" lon="-119.41542742">
      </trkpt>
      <trkpt lat="50.77859479" lon="-119.41555786">
      </trkpt>
      <trkpt lat="50.77861028" lon="-119.4156857">
      </trkpt>
      <trkpt lat="50.7785802" lon="-119.41582552">
      </trkpt>
      <trkpt lat="50.7785413" lon="-119.41595054">
      </trkpt>
      <trkpt lat="50.77850838" lon="-119.4162333">
      </trkpt>
      <trkpt lat="50.77853064" lon="-119.41647586">
      </trkpt>
      <trkpt lat="50.77861471" lon="-119.41676461">
      </trkpt>
      <trkpt lat="50.77862872" lon="-119.41696378">
      </trkpt>
      <trkpt lat="50.77865125" lon="-119.41716355">
      </trkpt>
      <trkpt lat="50.77870759" lon="-119.41747776">
      </trkpt>
      <trkpt lat="50.77883984" lon="-119.41803718">
      </trkpt>
      <trkpt lat="50.77884071" lon="-119.41887434">
      </trkpt>
      <trkpt lat="50.77882857" lon="-119.41947113">
      </trkpt>
      <trkpt lat="50.77887846" lon="-119.41965618">
      </trkpt>
      <trkpt lat="50.7790916" lon="-119.42022166">
      </trkpt>
      <trkpt lat="50.77923006" lon="-119.42048445">
      </trkpt>
      <trkpt lat="50.77927238" lon="-119.42059936">
      </trkpt>
      <trkpt lat="50.77934885" lon="-119.42081612">
      </trkpt>
      <trkpt lat="50.7793763" lon="-119.4212432">
      </trkpt>
      <trkpt lat="50.77935819" lon="-119.4216824">
      </trkpt>
      <trkpt lat="50.77934686" lon="-119.42179623">
      </trkpt>
      <trkpt lat="50.77935239" lon="-119.42196644">
      </trkpt>
      <trkpt lat="50.77935624" lon="-119.4221939">
      </trkpt>
      <trkpt lat="50.77940758" lon="-119.42233784">
      </trkpt>
      <trkpt lat="50.77945837" lon="-119.42248171">
      </trkpt>
      <trkpt lat="50.77949232" lon="-119.42256935">
      </trkpt>
      <trkpt lat="50.77953052" lon="-119.42291119">
      </trkpt>
      <trkpt lat="50.77959476" lon="-119.42328468">
      </trkpt>
      <trkpt lat="50.77962723" lon="-119.42344208">
      </trkpt>
      <trkpt lat="50.77964293" lon="-119.4235555">
      </trkpt>
      <trkpt lat="50.77963148" lon="-119.42410773">
      </trkpt>
      <trkpt lat="50.77964052" lon="-119.42451971">
      </trkpt>
      <trkpt lat="50.77968281" lon="-119.42466313">
      </trkpt>
      <trkpt lat="50.77969862" lon="-119.42477838">
      </trkpt>
      <trkpt lat="50.77969837" lon="-119.42520412">
      </trkpt>
      <trkpt lat="50.7796482" lon="-119.4254716">
      </trkpt>
      <trkpt lat="50.77959911" lon="-119.4256534">
      </trkpt>
      <trkpt lat="50.7795854" lon="-119.42587989">
      </trkpt>
      <trkpt lat="50.77963414" lon="-119.42612212">
      </trkpt>
      <trkpt lat="50.77964757" lon="-119.42635003">
      </trkpt>
      <trkpt lat="50.7794958" lon="-119.42674105">
      </trkpt>
      <trkpt lat="50.77944004" lon="-119.42680811">
      </trkpt>
      <trkpt lat="50.7793565" lon="-119.42695936">
      </trkpt>
      <trkpt lat="50.77923475" lon="-119.42718036">
      </trkpt>
      <trkpt lat="50.77919528" lon="-119.42733395">
      </trkpt>
      <trkpt lat="50.77909987" lon="-119.42759924">
      </trkpt>
      <trkpt lat="50.77901374" lon="-119.42785063">
      </trkpt>
      <trkpt lat="50.77889105" lon="-119.42814117">
      </trkpt>
      <trkpt lat="50.77877673" lon="-119.42844843">
      </trkpt>
      <trkpt lat="50.77875767" lon="-119.42892865">
      </trkpt>
      <trkpt lat="50.77882418" lon="-119.4291878">
      </trkpt>
      <trkpt lat="50.77897691" lon="-119.42919569">
      </trkpt>
      <trkpt lat="50.77902103" lon="-119.42922654">
      </trkpt>
      <trkpt lat="50.77926064" lon="-119.42938014">
      </trkpt>
      <trkpt lat="50.77939876" lon="-119.4296574">
      </trkpt>
      <trkpt lat="50.77949421" lon="-119.4298322">
      </trkpt>
      <trkpt lat="50.77960719" lon="-119.4300382">
      </trkpt>
      <trkpt lat="50.77972743" lon="-119.43029842">
      </trkpt>
      <trkpt lat="50.77976023" lon="-119.43044324">
      </trkpt>
      <trkpt lat="50.77983019" lon="-119.43097096">
      </trkpt>
      <trkpt lat="50.77985175" lon="-119.43124214">
      </trkpt>
      <trkpt lat="50.7798611" lon="-119.43163981">
      </trkpt>
      <trkpt lat="50.77986342" lon="-119.43196555">
      </trkpt>
      <trkpt lat="50.77986507" lon="-119.43231975">
      </trkpt>
      <trkpt lat="50.77985053" lon="-119.43258911">
      </trkpt>
      <trkpt lat="50.77982618" lon="-119.43288485">
      </trkpt>
      <trkpt lat="50.77979183" lon="-119.43323907">
      </trkpt>
      <trkpt lat="50.77978204" lon="-119.43370554">
      </trkpt>
      <trkpt lat="50.77977426" lon="-119.43408963">
      </trkpt>
      <trkpt lat="50.77978323" lon="-119.43453011">
      </trkpt>
      <trkpt lat="50.77978524" lon="-119.43484164">
      </trkpt>
      <trkpt lat="50.77982748" lon="-119.43583662">
      </trkpt>
      <trkpt lat="50.77979643" lon="-119.43604783">
      </trkpt>
      <trkpt lat="50.77980288" lon="-119.43614664">
      </trkpt>
      <trkpt lat="50.77980059" lon="-119.43626099">
      </trkpt>
      <trkpt lat="50.77980667" lon="-119.43640262">
      </trkpt>
      <trkpt lat="50.77980921" lon="-119.43671393">
      </trkpt>
      <trkpt lat="50.77980405" lon="-119.43697121">
      </trkpt>
      <trkpt lat="50.77980569" lon="-119.43732555">
      </trkpt>
      <trkpt lat="50.77979127" lon="-119.43757879">
      </trkpt>
      <trkpt lat="50.779833" lon="-119.4377223">
      </trkpt>
      <trkpt lat="50.78000581" lon="-119.43807288">
      </trkpt>
      <trkpt lat="50.78002772" lon="-119.43830125">
      </trkpt>
      <trkpt lat="50.78005017" lon="-119.43852954">
      </trkpt>
      <trkpt lat="50.77999035" lon="-119.43882507">
      </trkpt>
      <trkpt lat="50.77998329" lon="-119.43913608">
      </trkpt>
      <trkpt lat="50.77996244" lon="-119.43929064">
      </trkpt>
      <trkpt lat="50.77996487" lon="-119.43958957">
      </trkpt>
      <trkpt lat="50.77996889" lon="-119.43983126">
      </trkpt>
      <trkpt lat="50.77998434" lon="-119.43995896">
      </trkpt>
      <trkpt lat="50.7799887" lon="-119.44018635">
      </trkpt>
      <trkpt lat="50.77998242" lon="-119.44048299">
      </trkpt>
      <trkpt lat="50.77995494" lon="-119.44093595">
      </trkpt>
      <trkpt lat="50.77990032" lon="-119.44138762">
      </trkpt>
      <trkpt lat="50.7798603" lon="-119.44159829">
      </trkpt>
      <trkpt lat="50.77983833" lon="-119.44178152">
      </trkpt>
      <trkpt lat="50.77981554" lon="-119.44200747">
      </trkpt>
      <trkpt lat="50.77980466" lon="-119.44209102">
      </trkpt>
      <trkpt lat="50.77978198" lon="-119.44231881">
      </trkpt>
      <trkpt lat="50.77972122" lon="-119.44265551">
      </trkpt>
      <trkpt lat="50.77966856" lon="-119.44300713">
      </trkpt>
      <trkpt lat="50.77965183" lon="-119.44337471">
      </trkpt>
      <trkpt lat="50.77964277" lon="-119.44381427">
      </trkpt>
      <trkpt lat="50.77963749" lon="-119.44406986">
      </trkpt>
      <trkpt lat="50.77964323" lon="-119.44422578">
      </trkpt>
      <trkpt lat="50.77964151" lon="-119.44431154">
      </trkpt>
      <trkpt lat="50.779661" lon="-119.44465243">
      </trkpt>
      <trkpt lat="50.77970879" lon="-119.44493757">
      </trkpt>
      <trkpt lat="50.77976742" lon="-119.44516768">
      </trkpt>
      <trkpt lat="50.7798503" lon="-119.44548516">
      </trkpt>
      <trkpt lat="50.77993438" lon="-119.44577382">
      </trkpt>
      <trkpt lat="50.78000291" lon="-119.44593308">
      </trkpt>
      <trkpt lat="50.7800942" lon="-119.44630619">
      </trkpt>
      <trkpt lat="50.78012698" lon="-119.44645102">
      </trkpt>
      <trkpt lat="50.78016568" lon="-119.44676429">
      </trkpt>
      <trkpt lat="50.78019263" lon="-119.44717535">
      </trkpt>
      <trkpt lat="50.78018688" lon="-119.44746122">
      </trkpt>
      <trkpt lat="50.78015527" lon="-119.44767251">
      </trkpt>
      <trkpt lat="50.78012429" lon="-119.4478837">
      </trkpt>
      <trkpt lat="50.78011923" lon="-119.44812315">
      </trkpt>
      <trkpt lat="50.78021033" lon="-119.4484839">
      </trkpt>
      <trkpt lat="50.78025274" lon="-119.44902465">
      </trkpt>
      <trkpt lat="50.78026588" lon="-119.44926671">
      </trkpt>
      <trkpt lat="50.78029028" lon="-119.44939496">
      </trkpt>
      <trkpt lat="50.78029682" lon="-119.44949562">
      </trkpt>
      <trkpt lat="50.78030313" lon="-119.44962296">
      </trkpt>
      <trkpt lat="50.78030596" lon="-119.44991997">
      </trkpt>
      <trkpt lat="50.7803039" lon="-119.45002004">
      </trkpt>
      <trkpt lat="50.78030856" lon="-119.45023313">
      </trkpt>
      <trkpt lat="50.78034961" lon="-119.45040525">
      </trkpt>
      <trkpt lat="50.7803834" lon="-119.45051973">
      </trkpt>
      <trkpt lat="50.78041674" lon="-119.45063598">
      </trkpt>
      <trkpt lat="50.78045085" lon="-119.45073601">
      </trkpt>
      <trkpt lat="50.7805022" lon="-119.45085319">
      </trkpt>
      <trkpt lat="50.78052784" lon="-119.45092425">
      </trkpt>
      <trkpt lat="50.78058742" lon="-119.45108483">
      </trkpt>
      <trkpt lat="50.78067403" lon="-119.45124486">
      </trkpt>
      <trkpt lat="50.78078816" lon="-119.45136352">
      </trkpt>
      <trkpt lat="50.78085769" lon="-119.4514816">
      </trkpt>
      <trkpt lat="50.7809615" lon="-119.45168558">
      </trkpt>
      <trkpt lat="50.78104728" lon="-119.45188849">
      </trkpt>
      <trkpt lat="50.78111441" lon="-119.45211922">
      </trkpt>
      <trkpt lat="50.78127343" lon="-119.45225439">
      </trkpt>
      <trkpt lat="50.78136246" lon="-119.45230192">
      </trkpt>
      <trkpt lat="50.78146788" lon="-119.45240761">
      </trkpt>
      <trkpt lat="50.78165323" lon="-119.4525871">
      </trkpt>
      <trkpt lat="50.78184735" lon="-119.45275461">
      </trkpt>
      <trkpt lat="50.78198949" lon="-119.45286034">
      </trkpt>
      <trkpt lat="50.78212104" lon="-119.45300853">
      </trkpt>
      <trkpt lat="50.7822268" lon="-119.45309992">
      </trkpt>
      <trkpt lat="50.78237587" lon="-119.4532776">
      </trkpt>
      <trkpt lat="50.78259707" lon="-119.45347323">
      </trkpt>
      <trkpt lat="50.78271188" lon="-119.45356501">
      </trkpt>
      <trkpt lat="50.78284434" lon="-119.4536703">
      </trkpt>
      <trkpt lat="50.78305775" lon="-119.45381006">
      </trkpt>
      <trkpt lat="50.78317294" lon="-119.45387157">
      </trkpt>
      <trkpt lat="50.78329801" lon="-119.45393705">
      </trkpt>
      <trkpt lat="50.78338606" lon="-119.45399712">
      </trkpt>
      <trkpt lat="50.78347459" lon="-119.45407323">
      </trkpt>
      <trkpt lat="50.78356361" lon="-119.45412076">
      </trkpt>
      <trkpt lat="50.78370753" lon="-119.45411392">
      </trkpt>
      <trkpt lat="50.78396006" lon="-119.45408405">
      </trkpt>
      <trkpt lat="50.78383524" lon="-119.45447476">
      </trkpt>
      <trkpt lat="50.78381275" lon="-119.45468642">
      </trkpt>
      <trkpt lat="50.78379202" lon="-119.45481417">
      </trkpt>
      <trkpt lat="50.78367719" lon="-119.45513386">
      </trkpt>
      <trkpt lat="50.7836179" lon="-119.45540095">
      </trkpt>
      <trkpt lat="50.78360344" lon="-119.45565419">
      </trkpt>
      <trkpt lat="50.7836132" lon="-119.45602333">
      </trkpt>
      <trkpt lat="50.78362715" lon="-119.45622267">
      </trkpt>
      <trkpt lat="50.78363122" lon="-119.45646437">
      </trkpt>
      <trkpt lat="50.78360277" lon="-119.45696025">
      </trkpt>
      <trkpt lat="50.78355159" lon="-119.45726876">
      </trkpt>
      <trkpt lat="50.78345133" lon="-119.45773239">
      </trkpt>
      <trkpt lat="50.78337982" lon="-119.45858019">
      </trkpt>
      <trkpt lat="50.78338091" lon="-119.45896314">
      </trkpt>
      <trkpt lat="50.78338584" lon="-119.45913344">
      </trkpt>
      <trkpt lat="50.78338958" lon="-119.45938944">
      </trkpt>
      <trkpt lat="50.78339089" lon="-119.45975796">
      </trkpt>
      <trkpt lat="50.78339976" lon="-119.46019848">
      </trkpt>
      <trkpt lat="50.78340258" lon="-119.46049566">
      </trkpt>
      <trkpt lat="50.78340873" lon="-119.46103449">
      </trkpt>
      <trkpt lat="50.78340957" lon="-119.46143344">
      </trkpt>
      <trkpt lat="50.78341214" lon="-119.46174661">
      </trkpt>
      <trkpt lat="50.7834208" lon="-119.46217291">
      </trkpt>
      <trkpt lat="50.78341945" lon="-119.46266838">
      </trkpt>
      <trkpt lat="50.78342947" lon="-119.46305173">
      </trkpt>
      <trkpt lat="50.78342908" lon="-119.46347764">
      </trkpt>
      <trkpt lat="50.78343667" lon="-119.46397351">
      </trkpt>
      <trkpt lat="50.78342937" lon="-119.46432918">
      </trkpt>
      <trkpt lat="50.78336764" lon="-119.46470877">
      </trkpt>
      <trkpt lat="50.78327788" lon="-119.46510129">
      </trkpt>
      <trkpt lat="50.78319888" lon="-119.46543709">
      </trkpt>
      <trkpt lat="50.78313018" lon="-119.46571793">
      </trkpt>
      <trkpt lat="50.78302379" lon="-119.4660667">
      </trkpt>
      <trkpt lat="50.7829246" lon="-119.46649979">
      </trkpt>
      <trkpt lat="50.7828378" lon="-119.46677971">
      </trkpt>
      <trkpt lat="50.78274172" lon="-119.46707353">
      </trkpt>
      <trkpt lat="50.78267443" lon="-119.4672829">
      </trkpt>
      <trkpt lat="50.78254331" lon="-119.46751756">
      </trkpt>
      <trkpt lat="50.78240276" lon="-119.46779293">
      </trkpt>
      <trkpt lat="50.78237575" lon="-119.46821731">
      </trkpt>
      <trkpt lat="50.78236683" lon="-119.46864261">
      </trkpt>
      <trkpt lat="50.78235874" lon="-119.46902503">
      </trkpt>
      <trkpt lat="50.78231871" lon="-119.46920718">
      </trkpt>
      <trkpt lat="50.78225233" lon="-119.46937365">
      </trkpt>
      <trkpt lat="50.78221685" lon="-119.46976905">
      </trkpt>
      <trkpt lat="50.78206842" lon="-119.46998842">
      </trkpt>
      <trkpt lat="50.78195699" lon="-119.47015435">
      </trkpt>
      <trkpt lat="50.78181784" lon="-119.47035825">
      </trkpt>
      <trkpt lat="50.78165983" lon="-119.4705773">
      </trkpt>
      <trkpt lat="50.78153065" lon="-119.47074041">
      </trkpt>
      <trkpt lat="50.7814379" lon="-119.47087866">
      </trkpt>
      <trkpt lat="50.78129817" lon="-119.47111115">
      </trkpt>
      <trkpt lat="50.78117634" lon="-119.47133203">
      </trkpt>
      <trkpt lat="50.78107411" lon="-119.47148236">
      </trkpt>
      <trkpt lat="50.78097178" lon="-119.4716327">
      </trkpt>
      <trkpt lat="50.78088774" lon="-119.47178564">
      </trkpt>
      <trkpt lat="50.78075796" lon="-119.47197562">
      </trkpt>
      <trkpt lat="50.78065481" lon="-119.47216883">
      </trkpt>
      <trkpt lat="50.7805608" lon="-119.47236427">
      </trkpt>
      <trkpt lat="50.78047574" lon="-119.4725584">
      </trkpt>
      <trkpt lat="50.78037209" lon="-119.47278018">
      </trkpt>
      <trkpt lat="50.78026106" lon="-119.47291583">
      </trkpt>
      <trkpt lat="50.78011354" lon="-119.47309229">
      </trkpt>
      <trkpt lat="50.77994793" lon="-119.47326797">
      </trkpt>
      <trkpt lat="50.7798559" lon="-119.47336151">
      </trkpt>
      <trkpt lat="50.77976422" lon="-119.47344259">
      </trkpt>
      <trkpt lat="50.77961787" lon="-119.47356201">
      </trkpt>
      <trkpt lat="50.7794808" lon="-119.47366754">
      </trkpt>
      <trkpt lat="50.77933455" lon="-119.47378866">
      </trkpt>
      <trkpt lat="50.77922476" lon="-119.47386697">
      </trkpt>
      <trkpt lat="50.77906971" lon="-119.47397341">
      </trkpt>
      <trkpt lat="50.77888808" lon="-119.47404797">
      </trkpt>
      <trkpt lat="50.77877798" lon="-119.47414243">
      </trkpt>
      <trkpt lat="50.77865015" lon="-119.47425016">
      </trkpt>
      <trkpt lat="50.77850405" lon="-119.47435529">
      </trkpt>
      <trkpt lat="50.77835807" lon="-119.47443176">
      </trkpt>
      <trkpt lat="50.77823132" lon="-119.47448234">
      </trkpt>
      <trkpt lat="50.77803973" lon="-119.47459938">
      </trkpt>
      <trkpt lat="50.77790286" lon="-119.47470673">
      </trkpt>
      <trkpt lat="50.77775733" lon="-119.47478313">
      </trkpt>
      <trkpt lat="50.77760197" lon="-119.47487351">
      </trkpt>
      <trkpt lat="50.77753836" lon="-119.47491315">
      </trkpt>
      <trkpt lat="50.77743821" lon="-119.47496511">
      </trkpt>
      <trkpt lat="50.77731146" lon="-119.47501568">
      </trkpt>
      <trkpt lat="50.77715606" lon="-119.47513456">
      </trkpt>
      <trkpt lat="50.77706388" lon="-119.47524421">
      </trkpt>
      <trkpt lat="50.77696155" lon="-119.47539453">
      </trkpt>
      <trkpt lat="50.77690386" lon="-119.47557395">
      </trkpt>
      <trkpt lat="50.77683493" lon="-119.47584052">
      </trkpt>
      <trkpt lat="50.77678733" lon="-119.47598113">
      </trkpt>
      <trkpt lat="50.77671919" lon="-119.47623333">
      </trkpt>
      <trkpt lat="50.77665829" lon="-119.47654147">
      </trkpt>
      <trkpt lat="50.77661543" lon="-119.47687904">
      </trkpt>
      <trkpt lat="50.77661416" lon="-119.47734762">
      </trkpt>
      <trkpt lat="50.77661149" lon="-119.47747626">
      </trkpt>
      <trkpt lat="50.77661275" lon="-119.47784486">
      </trkpt>
      <trkpt lat="50.77662364" lon="-119.47818527">
      </trkpt>
      <trkpt lat="50.77660947" lon="-119.47842417">
      </trkpt>
      <trkpt lat="50.77654623" lon="-119.47884664">
      </trkpt>
      <trkpt lat="50.77654122" lon="-119.47908962">
      </trkpt>
      <trkpt lat="50.77653401" lon="-119.47942911">
      </trkpt>
      <trkpt lat="50.77651266" lon="-119.4795837">
      </trkpt>
      <trkpt lat="50.77648094" lon="-119.47982345">
      </trkpt>
      <trkpt lat="50.7764656" lon="-119.48011952">
      </trkpt>
      <trkpt lat="50.77643452" lon="-119.48030218">
      </trkpt>
      <trkpt lat="50.77641257" lon="-119.48048535">
      </trkpt>
      <trkpt lat="50.77640002" lon="-119.48065633">
      </trkpt>
      <trkpt lat="50.77637846" lon="-119.4808091">
      </trkpt>
      <trkpt lat="50.77635715" lon="-119.48099389">
      </trkpt>
      <trkpt lat="50.77632338" lon="-119.48130348">
      </trkpt>
      <trkpt lat="50.77627523" lon="-119.48144402">
      </trkpt>
      <trkpt lat="50.77619015" lon="-119.48163812">
      </trkpt>
      <trkpt lat="50.77615298" lon="-119.48170595">
      </trkpt>
      <trkpt lat="50.77610599" lon="-119.48178933">
      </trkpt>
      <trkpt lat="50.77601187" lon="-119.48198303">
      </trkpt>
      <trkpt lat="50.77590027" lon="-119.48217557">
      </trkpt>
      <trkpt lat="50.77574374" lon="-119.48232309">
      </trkpt>
      <trkpt lat="50.77556081" lon="-119.48248343">
      </trkpt>
      <trkpt lat="50.77542237" lon="-119.48263187">
      </trkpt>
      <trkpt lat="50.77529395" lon="-119.48276816">
      </trkpt>
      <trkpt lat="50.77522876" lon="-119.48284891">
      </trkpt>
      <trkpt lat="50.77515425" lon="-119.48297377">
      </trkpt>
      <trkpt lat="50.77501507" lon="-119.48317746">
      </trkpt>
      <trkpt lat="50.77484744" lon="-119.48345312">
      </trkpt>
      <trkpt lat="50.77478206" lon="-119.48357836">
      </trkpt>
      <trkpt lat="50.77472559" lon="-119.48367394">
      </trkpt>
      <trkpt lat="50.77462421" lon="-119.48380984">
      </trkpt>
      <trkpt lat="50.77457688" lon="-119.48390751">
      </trkpt>
      <trkpt lat="50.77449272" lon="-119.48405871">
      </trkpt>
      <trkpt lat="50.77441633" lon="-119.48426577">
      </trkpt>
      <trkpt lat="50.77431223" lon="-119.48450181">
      </trkpt>
      <trkpt lat="50.77428334" lon="-119.48458625">
      </trkpt>
      <trkpt lat="50.77417967" lon="-119.48480797">
      </trkpt>
      <trkpt lat="50.77405718" lon="-119.48508588">
      </trkpt>
      <trkpt lat="50.77396221" lon="-119.48532229">
      </trkpt>
      <trkpt lat="50.77384813" lon="-119.48559896">
      </trkpt>
      <trkpt lat="50.77372689" lon="-119.48581968">
      </trkpt>
      <trkpt lat="50.77363291" lon="-119.48599724">
      </trkpt>
      <trkpt lat="50.77352054" lon="-119.48620598">
      </trkpt>
      <trkpt lat="50.77342733" lon="-119.48635678">
      </trkpt>
      <trkpt lat="50.77330664" lon="-119.48652042">
      </trkpt>
      <trkpt lat="50.7731679" lon="-119.48671163">
      </trkpt>
      <trkpt lat="50.77304833" lon="-119.48684661">
      </trkpt>
      <trkpt lat="50.77286494" lon="-119.48700685">
      </trkpt>
      <trkpt lat="50.77275423" lon="-119.48712985">
      </trkpt>
      <trkpt lat="50.77264537" lon="-119.48716708">
      </trkpt>
      <trkpt lat="50.77242867" lon="-119.4872112">
      </trkpt>
      <trkpt lat="50.77230284" lon="-119.48721886">
      </trkpt>
      <trkpt lat="50.77217614" lon="-119.48724088">
      </trkpt>
      <trkpt lat="50.77201342" lon="-119.48727343">
      </trkpt>
      <trkpt lat="50.77190105" lon="-119.48748216">
      </trkpt>
      <trkpt lat="50.77187234" lon="-119.48757896">
      </trkpt>
      <trkpt lat="50.77184275" lon="-119.48769013">
      </trkpt>
      <trkpt lat="50.77181165" lon="-119.48787276">
      </trkpt>
      <trkpt lat="50.7717698" lon="-119.48816924">
      </trkpt>
      <trkpt lat="50.77172965" lon="-119.48835134">
      </trkpt>
      <trkpt lat="50.77170955" lon="-119.48845044">
      </trkpt>
      <trkpt lat="50.77169014" lon="-119.48853349">
      </trkpt>
      <trkpt lat="50.77165938" lon="-119.48870182">
      </trkpt>
      <trkpt lat="50.77163835" lon="-119.48884381">
      </trkpt>
      <trkpt lat="50.77160759" lon="-119.48901214">
      </trkpt>
      <trkpt lat="50.77160915" lon="-119.48936626">
      </trkpt>
      <trkpt lat="50.77161062" lon="-119.48972054">
      </trkpt>
      <trkpt lat="50.77160641" lon="-119.48991878">
      </trkpt>
      <trkpt lat="50.7715936" lon="-119.49010416">
      </trkpt>
      <trkpt lat="50.7715799" lon="-119.49031446">
      </trkpt>
      <trkpt lat="50.77155946" lon="-119.49042786">
      </trkpt>
      <trkpt lat="50.7715483" lon="-119.49052566">
      </trkpt>
      <trkpt lat="50.77154595" lon="-119.49063998">
      </trkpt>
      <trkpt lat="50.77152296" lon="-119.49086418">
      </trkpt>
      <trkpt lat="50.77151676" lon="-119.49116429">
      </trkpt>
      <trkpt lat="50.77151307" lon="-119.49175797">
      </trkpt>
      <trkpt lat="50.77151825" lon="-119.49194244">
      </trkpt>
      <trkpt lat="50.77152191" lon="-119.49219837">
      </trkpt>
      <trkpt lat="50.7715129" lon="-119.49262356">
      </trkpt>
      <trkpt lat="50.77148121" lon="-119.49283477">
      </trkpt>
      <trkpt lat="50.77143176" lon="-119.49303076">
      </trkpt>
      <trkpt lat="50.77139047" lon="-119.4932985">
      </trkpt>
      <trkpt lat="50.7713616" lon="-119.49380851">
      </trkpt>
      <trkpt lat="50.77135552" lon="-119.49409079">
      </trkpt>
      <trkpt lat="50.7713582" lon="-119.4943594">
      </trkpt>
      <trkpt lat="50.77135457" lon="-119.49452905">
      </trkpt>
      <trkpt lat="50.77133329" lon="-119.49468531">
      </trkpt>
      <trkpt lat="50.77129792" lon="-119.49509482">
      </trkpt>
      <trkpt lat="50.77126352" lon="-119.4954328">
      </trkpt>
      <trkpt lat="50.771225" lon="-119.49597099">
      </trkpt>
      <trkpt lat="50.77121222" lon="-119.49613841">
      </trkpt>
      <trkpt lat="50.77119035" lon="-119.49632325">
      </trkpt>
      <trkpt lat="50.77116494" lon="-119.49669027">
      </trkpt>
      <trkpt lat="50.77116019" lon="-119.49688872">
      </trkpt>
      <trkpt lat="50.7711297" lon="-119.49707125">
      </trkpt>
      <trkpt lat="50.77103217" lon="-119.49742026">
      </trkpt>
      <trkpt lat="50.77094784" lon="-119.49758741">
      </trkpt>
      <trkpt lat="50.77089077" lon="-119.49771155">
      </trkpt>
      <trkpt lat="50.7708147" lon="-119.49790598">
      </trkpt>
      <trkpt lat="50.77075013" lon="-119.49798661">
      </trkpt>
      <trkpt lat="50.7706581" lon="-119.49808193">
      </trkpt>
      <trkpt lat="50.77060268" lon="-119.49816479">
      </trkpt>
      <trkpt lat="50.77050065" lon="-119.49830074">
      </trkpt>
      <trkpt lat="50.77038841" lon="-119.49849345">
      </trkpt>
      <trkpt lat="50.77026704" lon="-119.49871228">
      </trkpt>
      <trkpt lat="50.77018263" lon="-119.49887957">
      </trkpt>
      <trkpt lat="50.77009741" lon="-119.49907177">
      </trkpt>
      <trkpt lat="50.77005921" lon="-119.49916994">
      </trkpt>
      <trkpt lat="50.77002986" lon="-119.49926681">
      </trkpt>
      <trkpt lat="50.77000975" lon="-119.49936591">
      </trkpt>
      <trkpt lat="50.769978" lon="-119.49960561">
      </trkpt>
      <trkpt lat="50.76995425" lon="-119.49987449">
      </trkpt>
      <trkpt lat="50.76990435" lon="-119.50008292">
      </trkpt>
      <trkpt lat="50.7698655" lon="-119.50023817">
      </trkpt>
      <trkpt lat="50.76983448" lon="-119.50042077">
      </trkpt>
      <trkpt lat="50.7697651" lon="-119.50073005">
      </trkpt>
      <trkpt lat="50.76968776" lon="-119.50097994">
      </trkpt>
      <trkpt lat="50.76961995" lon="-119.50118927">
      </trkpt>
      <trkpt lat="50.7695722" lon="-119.501328">
      </trkpt>
      <trkpt lat="50.76953425" lon="-119.50141187">
      </trkpt>
      <trkpt lat="50.76944972" lon="-119.50157732">
      </trkpt>
      <trkpt lat="50.76937577" lon="-119.50167185">
      </trkpt>
      <trkpt lat="50.76925628" lon="-119.50180847">
      </trkpt>
      <trkpt lat="50.76915493" lon="-119.50191581">
      </trkpt>
      <trkpt lat="50.76908133" lon="-119.50199775">
      </trkpt>
      <trkpt lat="50.76901638" lon="-119.50206418">
      </trkpt>
      <trkpt lat="50.76892477" lon="-119.50214517">
      </trkpt>
      <trkpt lat="50.76886046" lon="-119.50221336">
      </trkpt>
      <trkpt lat="50.76880577" lon="-119.50225152">
      </trkpt>
      <trkpt lat="50.76865889" lon="-119.50240109">
      </trkpt>
      <trkpt lat="50.76857673" lon="-119.50245222">
      </trkpt>
      <trkpt lat="50.76846727" lon="-119.502518">
      </trkpt>
      <trkpt lat="50.76838544" lon="-119.50255482">
      </trkpt>
      <trkpt lat="50.76827599" lon="-119.5026206">
      </trkpt>
      <trkpt lat="50.76820297" lon="-119.50267396">
      </trkpt>
      <trkpt lat="50.7681478" lon="-119.50274253">
      </trkpt>
      <trkpt lat="50.76807434" lon="-119.50280848">
      </trkpt>
      <trkpt lat="50.76798121" lon="-119.50296092">
      </trkpt>
      <trkpt lat="50.76790632" lon="-119.50309818">
      </trkpt>
      <trkpt lat="50.76782247" lon="-119.50323503">
      </trkpt>
      <trkpt lat="50.76773033" lon="-119.50332863">
      </trkpt>
      <trkpt lat="50.76765563" lon="-119.50346771">
      </trkpt>
      <trkpt lat="50.76756205" lon="-119.50363261">
      </trkpt>
      <trkpt lat="50.76750507" lon="-119.50375842">
      </trkpt>
      <trkpt lat="50.76743652" lon="-119.50402311">
      </trkpt>
      <trkpt lat="50.76735986" lon="-119.5042461">
      </trkpt>
      <trkpt lat="50.76730281" lon="-119.50439871">
      </trkpt>
      <trkpt lat="50.76727272" lon="-119.50454013">
      </trkpt>
      <trkpt lat="50.76722349" lon="-119.50472009">
      </trkpt>
      <trkpt lat="50.7671547" lon="-119.50500077">
      </trkpt>
      <trkpt lat="50.76706899" lon="-119.50522336">
      </trkpt>
      <trkpt lat="50.76703923" lon="-119.50535049">
      </trkpt>
      <trkpt lat="50.76693474" lon="-119.50559903">
      </trkpt>
      <trkpt lat="50.76685866" lon="-119.50579343">
      </trkpt>
      <trkpt lat="50.7667813" lon="-119.5060433">
      </trkpt>
      <trkpt lat="50.76671461" lon="-119.50622394">
      </trkpt>
      <trkpt lat="50.7666945" lon="-119.50632303">
      </trkpt>
      <trkpt lat="50.76666466" lon="-119.50645031">
      </trkpt>
      <trkpt lat="50.76664463" lon="-119.50656177">
      </trkpt>
      <trkpt lat="50.76663323" lon="-119.50667569">
      </trkpt>
      <trkpt lat="50.76663784" lon="-119.50686022">
      </trkpt>
      <trkpt lat="50.76664136" lon="-119.50711428">
      </trkpt>
      <trkpt lat="50.76664041" lon="-119.50758284">
      </trkpt>
      <trkpt lat="50.76663499" lon="-119.5078382">
      </trkpt>
      <trkpt lat="50.76663075" lon="-119.50803655">
      </trkpt>
      <trkpt lat="50.76661747" lon="-119.50823437">
      </trkpt>
      <trkpt lat="50.76661558" lon="-119.50831827">
      </trkpt>
      <trkpt lat="50.76661322" lon="-119.50843258">
      </trkpt>
      <trkpt lat="50.7666024" lon="-119.50851792">
      </trkpt>
      <trkpt lat="50.76660873" lon="-119.50864521">
      </trkpt>
      <trkpt lat="50.76660592" lon="-119.50877199">
      </trkpt>
      <trkpt lat="50.76659803" lon="-119.50913997">
      </trkpt>
      <trkpt lat="50.76660165" lon="-119.50939587">
      </trkpt>
      <trkpt lat="50.76660739" lon="-119.50955175">
      </trkpt>
      <trkpt lat="50.7666125" lon="-119.50970771">
      </trkpt>
      <trkpt lat="50.7666173" lon="-119.50990646">
      </trkpt>
      <trkpt lat="50.76666256" lon="-119.5103059">
      </trkpt>
      <trkpt lat="50.76671928" lon="-119.51062177">
      </trkpt>
      <trkpt lat="50.76675094" lon="-119.51080778">
      </trkpt>
      <trkpt lat="50.76682665" lon="-119.51105322">
      </trkpt>
      <trkpt lat="50.76688529" lon="-119.51125655">
      </trkpt>
      <trkpt lat="50.76690962" lon="-119.51138479">
      </trkpt>
      <trkpt lat="50.76695758" lon="-119.51165563">
      </trkpt>
      <trkpt lat="50.76698772" lon="-119.5119131">
      </trkpt>
      <trkpt lat="50.76700097" lon="-119.51214083">
      </trkpt>
      <trkpt lat="50.76700799" lon="-119.51224138">
      </trkpt>
      <trkpt lat="50.76701091" lon="-119.51252403">
      </trkpt>
      <trkpt lat="50.7669605" lon="-119.51276285">
      </trkpt>
      <trkpt lat="50.76693997" lon="-119.51290302">
      </trkpt>
      <trkpt lat="50.7669288" lon="-119.51300251">
      </trkpt>
      <trkpt lat="50.76691585" lon="-119.51318603">
      </trkpt>
      <trkpt lat="50.7669028" lon="-119.51336956">
      </trkpt>
      <trkpt lat="50.76689796" lon="-119.51359649">
      </trkpt>
      <trkpt lat="50.7668856" lon="-119.51375143">
      </trkpt>
      <trkpt lat="50.76689158" lon="-119.51389302">
      </trkpt>
      <trkpt lat="50.76691454" lon="-119.51406592">
      </trkpt>
      <trkpt lat="50.76694553" lon="-119.51430717">
      </trkpt>
      <trkpt lat="50.76696131" lon="-119.51439391">
      </trkpt>
      <trkpt lat="50.76698563" lon="-119.51452216">
      </trkpt>
      <trkpt lat="50.767011" lon="-119.51460937">
      </trkpt>
      <trkpt lat="50.7670336" lon="-119.51479485">
      </trkpt>
      <trkpt lat="50.76706554" lon="-119.51499494">
      </trkpt>
      <trkpt lat="50.76710632" lon="-119.51518134">
      </trkpt>
      <trkpt lat="50.76713826" lon="-119.51538157">
      </trkpt>
      <trkpt lat="50.76716121" lon="-119.51555446">
      </trkpt>
      <trkpt lat="50.76721035" lon="-119.51576815">
      </trkpt>
      <trkpt lat="50.7672329" lon="-119.51598213">
      </trkpt>
      <trkpt lat="50.76727244" lon="-119.5162542">
      </trkpt>
      <trkpt lat="50.76731339" lon="-119.51642634">
      </trkpt>
      <trkpt lat="50.76734394" lon="-119.5166695">
      </trkpt>
      <trkpt lat="50.76739906" lon="-119.51702649">
      </trkpt>
      <trkpt lat="50.76744029" lon="-119.51721284">
      </trkpt>
      <trkpt lat="50.76745576" lon="-119.51734237">
      </trkpt>
      <trkpt lat="50.76747895" lon="-119.51749928">
      </trkpt>
      <trkpt lat="50.76752695" lon="-119.51780046">
      </trkpt>
      <trkpt lat="50.76755133" lon="-119.51790021">
      </trkpt>
      <trkpt lat="50.7675755" lon="-119.51804444">
      </trkpt>
      <trkpt lat="50.76759903" lon="-119.51818705">
      </trkpt>
      <trkpt lat="50.76763897" lon="-119.51842886">
      </trkpt>
      <trkpt lat="50.76766739" lon="-119.51877192">
      </trkpt>
      <trkpt lat="50.76768909" lon="-119.51902877">
      </trkpt>
      <trkpt lat="50.76770259" lon="-119.51924236">
      </trkpt>
      <trkpt lat="50.76771825" lon="-119.51932727">
      </trkpt>
      <trkpt lat="50.76774029" lon="-119.51956983">
      </trkpt>
      <trkpt lat="50.76775413" lon="-119.51976912">
      </trkpt>
      <trkpt lat="50.76776767" lon="-119.51995407">
      </trkpt>
      <trkpt lat="50.76784192" lon="-119.52027097">
      </trkpt>
      <trkpt lat="50.76790882" lon="-119.52050175">
      </trkpt>
      <trkpt lat="50.76797629" lon="-119.5207021">
      </trkpt>
      <trkpt lat="50.76801736" lon="-119.52090443">
      </trkpt>
      <trkpt lat="50.76803185" lon="-119.52104664">
      </trkpt>
      <trkpt lat="50.76809753" lon="-119.52133273">
      </trkpt>
      <trkpt lat="50.76819917" lon="-119.52163669">
      </trkpt>
      <trkpt lat="50.76832552" lon="-119.52202625">
      </trkpt>
      <trkpt lat="50.76837748" lon="-119.52211488">
      </trkpt>
      <trkpt lat="50.76841119" lon="-119.52222924">
      </trkpt>
      <trkpt lat="50.768445" lon="-119.52234544">
      </trkpt>
      <trkpt lat="50.76846043" lon="-119.52244649">
      </trkpt>
      <trkpt lat="50.76848509" lon="-119.52256045">
      </trkpt>
      <trkpt lat="50.76850105" lon="-119.52266142">
      </trkpt>
      <trkpt lat="50.76853055" lon="-119.52294564">
      </trkpt>
      <trkpt lat="50.76858091" lon="-119.52313252">
      </trkpt>
      <trkpt lat="50.7686297" lon="-119.52336222">
      </trkpt>
      <trkpt lat="50.76866272" lon="-119.52349278">
      </trkpt>
      <trkpt lat="50.76870547" lon="-119.52360768">
      </trkpt>
      <trkpt lat="50.76873925" lon="-119.52369539">
      </trkpt>
      <trkpt lat="50.76877355" lon="-119.52378131">
      </trkpt>
      <trkpt lat="50.76885051" lon="-119.52396961">
      </trkpt>
      <trkpt lat="50.76888463" lon="-119.52404302">
      </trkpt>
      <trkpt lat="50.76893648" lon="-119.52412982">
      </trkpt>
      <trkpt lat="50.76904979" lon="-119.52430573">
      </trkpt>
      <trkpt lat="50.76911899" lon="-119.52443817">
      </trkpt>
      <trkpt lat="50.76918563" lon="-119.52468325">
      </trkpt>
      <trkpt lat="50.76919254" lon="-119.52478368">
      </trkpt>
      <trkpt lat="50.76918887" lon="-119.52495346">
      </trkpt>
      <trkpt lat="50.76920507" lon="-119.52503831">
      </trkpt>
      <trkpt lat="50.76921956" lon="-119.52518053">
      </trkpt>
      <trkpt lat="50.76923527" lon="-119.52529579">
      </trkpt>
      <trkpt lat="50.76927598" lon="-119.52551071">
      </trkpt>
      <trkpt lat="50.76930845" lon="-119.52565374">
      </trkpt>
      <trkpt lat="50.76935708" lon="-119.52589787">
      </trkpt>
      <trkpt lat="50.76938114" lon="-119.52604041">
      </trkpt>
      <trkpt lat="50.76942063" lon="-119.52628401">
      </trkpt>
      <trkpt lat="50.76944375" lon="-119.52646943">
      </trkpt>
      <trkpt lat="50.76944982" lon="-119.52661273">
      </trkpt>
      <trkpt lat="50.76947368" lon="-119.52674105">
      </trkpt>
      <trkpt lat="50.76952275" lon="-119.52698511">
      </trkpt>
      <trkpt lat="50.76955498" lon="-119.52714243">
      </trkpt>
      <trkpt lat="50.76958902" lon="-119.52724264">
      </trkpt>
      <trkpt lat="50.76960803" lon="-119.52759962">
      </trkpt>
      <trkpt lat="50.76961374" lon="-119.52775551">
      </trkpt>
      <trkpt lat="50.76961125" lon="-119.52786799">
      </trkpt>
      <trkpt lat="50.76961758" lon="-119.52799715">
      </trkpt>
      <trkpt lat="50.76961483" lon="-119.52812391">
      </trkpt>
      <trkpt lat="50.76962593" lon="-119.52845183">
      </trkpt>
      <trkpt lat="50.76962733" lon="-119.52877745">
      </trkpt>
      <trkpt lat="50.76962876" lon="-119.5291317">
      </trkpt>
      <trkpt lat="50.76963379" lon="-119.52931618">
      </trkpt>
      <trkpt lat="50.7696295" lon="-119.5295144">
      </trkpt>
      <trkpt lat="50.76963462" lon="-119.52969887">
      </trkpt>
      <trkpt lat="50.76964128" lon="-119.52981373">
      </trkpt>
      <trkpt lat="50.76957297" lon="-119.53003547">
      </trkpt>
      <trkpt lat="50.76946489" lon="-119.53005824">
      </trkpt>
      <trkpt lat="50.76939339" lon="-119.5300401">
      </trkpt>
      <trkpt lat="50.76932136" lon="-119.53002203">
      </trkpt>
      <trkpt lat="50.76924325" lon="-119.52991937">
      </trkpt>
      <trkpt lat="50.76922731" lon="-119.52982024">
      </trkpt>
      <trkpt lat="50.76921135" lon="-119.52971926">
      </trkpt>
      <trkpt lat="50.76917943" lon="-119.52951902">
      </trkpt>
      <trkpt lat="50.76912892" lon="-119.52935893">
      </trkpt>
      <trkpt lat="50.76911524" lon="-119.52918995">
      </trkpt>
      <trkpt lat="50.76910083" lon="-119.52901937">
      </trkpt>
      <trkpt lat="50.76908597" lon="-119.52886125">
      </trkpt>
      <trkpt lat="50.76905261" lon="-119.52873245">
      </trkpt>
      <trkpt lat="50.76900185" lon="-119.52858665">
      </trkpt>
      <trkpt lat="50.7689407" lon="-119.52851358">
      </trkpt>
      <trkpt lat="50.76888814" lon="-119.52845352">
      </trkpt>
      <trkpt lat="50.76882689" lon="-119.52837877">
      </trkpt>
      <trkpt lat="50.76878285" lon="-119.52831918">
      </trkpt>
      <trkpt lat="50.76872101" lon="-119.52827471">
      </trkpt>
      <trkpt lat="50.76864226" lon="-119.52817043">
      </trkpt>
      <trkpt lat="50.76858111" lon="-119.52809737">
      </trkpt>
      <trkpt lat="50.76852044" lon="-119.5279939">
      </trkpt>
      <trkpt lat="50.76846771" lon="-119.52792147">
      </trkpt>
      <trkpt lat="50.76844264" lon="-119.52784845">
      </trkpt>
      <trkpt lat="50.76833734" lon="-119.52771411">
      </trkpt>
      <trkpt lat="50.76825016" lon="-119.52758257">
      </trkpt>
      <trkpt lat="50.76821614" lon="-119.52751085">
      </trkpt>
      <trkpt lat="50.76815554" lon="-119.52737901">
      </trkpt>
      <trkpt lat="50.76807877" lon="-119.52720308">
      </trkpt>
      <trkpt lat="50.76800982" lon="-119.52704396">
      </trkpt>
      <trkpt lat="50.76796631" lon="-119.5269843">
      </trkpt>
      <trkpt lat="50.76787086" lon="-119.52682546">
      </trkpt>
      <trkpt lat="50.76781856" lon="-119.52675112">
      </trkpt>
      <trkpt lat="50.76778391" lon="-119.52667779">
      </trkpt>
      <trkpt lat="50.76773265" lon="-119.52656227">
      </trkpt>
      <trkpt lat="50.76768949" lon="-119.52648845">
      </trkpt>
      <trkpt lat="50.76761084" lon="-119.52638588">
      </trkpt>
      <trkpt lat="50.76754044" lon="-119.5263106">
      </trkpt>
      <trkpt lat="50.76744274" lon="-119.5262481">
      </trkpt>
      <trkpt lat="50.76718627" lon="-119.52603595">
      </trkpt>
      <trkpt lat="50.76701881" lon="-119.52589823">
      </trkpt>
      <trkpt lat="50.76692078" lon="-119.52585188">
      </trkpt>
      <trkpt lat="50.76685867" lon="-119.52581985">
      </trkpt>
      <trkpt lat="50.76677864" lon="-119.52577275">
      </trkpt>
      <trkpt lat="50.76656293" lon="-119.52574701">
      </trkpt>
      <trkpt lat="50.76649213" lon="-119.525702">
      </trkpt>
      <trkpt lat="50.76638677" lon="-119.52559617">
      </trkpt>
      <trkpt lat="50.76624375" lon="-119.52553141">
      </trkpt>
      <trkpt lat="50.7660936" lon="-119.5254107">
      </trkpt>
      <trkpt lat="50.7659792" lon="-119.52530448">
      </trkpt>
      <trkpt lat="50.76591759" lon="-119.52524388">
      </trkpt>
      <trkpt lat="50.76578525" lon="-119.52510992">
      </trkpt>
      <trkpt lat="50.7656624" lon="-119.52497457">
      </trkpt>
      <trkpt lat="50.76559149" lon="-119.52492786">
      </trkpt>
      <trkpt lat="50.76552085" lon="-119.52486687">
      </trkpt>
      <trkpt lat="50.76545031" lon="-119.52480771">
      </trkpt>
      <trkpt lat="50.76534466" lon="-119.52468769">
      </trkpt>
      <trkpt lat="50.76526576" lon="-119.5245994">
      </trkpt>
      <trkpt lat="50.76516856" lon="-119.52450835">
      </trkpt>
      <trkpt lat="50.76507294" lon="-119.52437619">
      </trkpt>
      <trkpt lat="50.76502045" lon="-119.52428764">
      </trkpt>
      <trkpt lat="50.76495084" lon="-119.52418561">
      </trkpt>
      <trkpt lat="50.76487199" lon="-119.52408122">
      </trkpt>
      <trkpt lat="50.76475162" lon="-119.52383341">
      </trkpt>
      <trkpt lat="50.76465769" lon="-119.523603">
      </trkpt>
      <trkpt lat="50.76458823" lon="-119.52348486">
      </trkpt>
      <trkpt lat="50.76453602" lon="-119.52341051">
      </trkpt>
      <trkpt lat="50.76441239" lon="-119.52329139">
      </trkpt>
      <trkpt lat="50.76426386" lon="-119.52311163">
      </trkpt>
      <trkpt lat="50.76411333" lon="-119.52297674">
      </trkpt>
      <trkpt lat="50.76404303" lon="-119.52290146">
      </trkpt>
      <trkpt lat="50.76392931" lon="-119.52276837">
      </trkpt>
      <trkpt lat="50.7637987" lon="-119.52257718">
      </trkpt>
      <trkpt lat="50.76373666" lon="-119.52251851">
      </trkpt>
      <trkpt lat="50.76365756" lon="-119.52242855">
      </trkpt>
      <trkpt lat="50.76359664" lon="-119.52233937">
      </trkpt>
      <trkpt lat="50.76337635" lon="-119.52212913">
      </trkpt>
      <trkpt lat="50.76327984" lon="-119.52200964">
      </trkpt>
      <trkpt lat="50.76318388" lon="-119.52189179">
      </trkpt>
      <trkpt lat="50.76305272" lon="-119.52170068">
      </trkpt>
      <trkpt lat="50.76300921" lon="-119.52164104">
      </trkpt>
      <trkpt lat="50.76289581" lon="-119.52146517">
      </trkpt>
      <trkpt lat="50.76273022" lon="-119.52124345">
      </trkpt>
      <trkpt lat="50.76258151" lon="-119.52105133">
      </trkpt>
      <trkpt lat="50.76244097" lon="-119.52087413">
      </trkpt>
      <trkpt lat="50.76238901" lon="-119.52078551">
      </trkpt>
      <trkpt lat="50.76231024" lon="-119.52068112">
      </trkpt>
      <trkpt lat="50.76226718" lon="-119.52060902">
      </trkpt>
      <trkpt lat="50.76218818" lon="-119.52052076">
      </trkpt>
      <trkpt lat="50.76204747" lon="-119.52037022">
      </trkpt>
      <trkpt lat="50.76187972" lon="-119.52021834">
      </trkpt>
      <trkpt lat="50.76179141" lon="-119.52014382">
      </trkpt>
      <trkpt lat="50.76174737" lon="-119.52008439">
      </trkpt>
      <trkpt lat="50.7616777" lon="-119.52001074">
      </trkpt>
      <trkpt lat="50.76153646" lon="-119.51986028">
      </trkpt>
      <trkpt lat="50.76146615" lon="-119.51978501">
      </trkpt>
      <trkpt lat="50.7614049" lon="-119.51971198">
      </trkpt>
      <trkpt lat="50.76135243" lon="-119.51965193">
      </trkpt>
      <trkpt lat="50.76130874" lon="-119.51957992">
      </trkpt>
      <trkpt lat="50.76106157" lon="-119.51938072">
      </trkpt>
      <trkpt lat="50.76095414" lon="-119.51934644">
      </trkpt>
      <trkpt lat="50.76086525" lon="-119.51930064">
      </trkpt>
      <trkpt lat="50.76071371" lon="-119.5192353">
      </trkpt>
      <trkpt lat="50.7606603" lon="-119.51921811">
      </trkpt>
      <trkpt lat="50.76058793" lon="-119.51921436">
      </trkpt>
      <trkpt lat="50.76049828" lon="-119.5192238">
      </trkpt>
      <trkpt lat="50.76043496" lon="-119.51922059">
      </trkpt>
      <trkpt lat="50.76038085" lon="-119.51923014">
      </trkpt>
      <trkpt lat="50.76032651" lon="-119.51925582">
      </trkpt>
      <trkpt lat="50.76019921" lon="-119.51930633">
      </trkpt>
      <trkpt lat="50.76009992" lon="-119.51934394">
      </trkpt>
      <trkpt lat="50.76003505" lon="-119.51941032">
      </trkpt>
      <trkpt lat="50.75991529" lon="-119.51956115">
      </trkpt>
      <trkpt lat="50.75985938" lon="-119.51962808">
      </trkpt>
      <trkpt lat="50.7597948" lon="-119.51971037">
      </trkpt>
      <trkpt lat="50.75970284" lon="-119.5198056">
      </trkpt>
      <trkpt lat="50.75960172" lon="-119.5198986">
      </trkpt>
      <trkpt lat="50.75955584" lon="-119.51995339">
      </trkpt>
      <trkpt lat="50.75947366" lon="-119.52000448">
      </trkpt>
      <trkpt lat="50.75939311" lon="-119.51998581">
      </trkpt>
      <trkpt lat="50.75928602" lon="-119.51993724">
      </trkpt>
      <trkpt lat="50.75920677" lon="-119.51986327">
      </trkpt>
      <trkpt lat="50.75909246" lon="-119.51975877">
      </trkpt>
      <trkpt lat="50.75904961" lon="-119.5196422">
      </trkpt>
      <trkpt lat="50.75899003" lon="-119.51948162">
      </trkpt>
      <trkpt lat="50.75895636" lon="-119.51939577">
      </trkpt>
      <trkpt lat="50.75885284" lon="-119.51917747">
      </trkpt>
      <trkpt lat="50.75873127" lon="-119.51898686">
      </trkpt>
      <trkpt lat="50.75867094" lon="-119.51886912">
      </trkpt>
      <trkpt lat="50.75855719" lon="-119.51870757">
      </trkpt>
      <trkpt lat="50.75846972" lon="-119.5185885">
      </trkpt>
      <trkpt lat="50.75834662" lon="-119.51846933">
      </trkpt>
      <trkpt lat="50.7581705" lon="-119.51829005">
      </trkpt>
      <trkpt lat="50.75809175" lon="-119.51818752">
      </trkpt>
      <trkpt lat="50.75796888" lon="-119.51805222">
      </trkpt>
      <trkpt lat="50.75793448" lon="-119.51796463">
      </trkpt>
      <trkpt lat="50.75789175" lon="-119.51787824">
      </trkpt>
      <trkpt lat="50.75783144" lon="-119.51776236">
      </trkpt>
      <trkpt lat="50.75774566" lon="-119.51755759">
      </trkpt>
      <trkpt lat="50.7576977" lon="-119.51728509">
      </trkpt>
      <trkpt lat="50.7576685" lon="-119.51695817">
      </trkpt>
      <trkpt lat="50.75767966" lon="-119.51685856">
      </trkpt>
      <trkpt lat="50.75769143" lon="-119.51673223">
      </trkpt>
      <trkpt lat="50.75771354" lon="-119.51654927">
      </trkpt>
      <trkpt lat="50.75775363" lon="-119.51636713">
      </trkpt>
      <trkpt lat="50.75783937" lon="-119.51614461">
      </trkpt>
      <trkpt lat="50.75794863" lon="-119.51606466">
      </trkpt>
      <trkpt lat="50.75810563" lon="-119.51587639">
      </trkpt>
      <trkpt lat="50.75812644" lon="-119.51574874">
      </trkpt>
      <trkpt lat="50.75815937" lon="-119.51548217">
      </trkpt>
      <trkpt lat="50.75818948" lon="-119.51534078">
      </trkpt>
      <trkpt lat="50.75823665" lon="-119.51523068">
      </trkpt>
      <trkpt lat="50.7582584" lon="-119.51506187">
      </trkpt>
      <trkpt lat="50.75827313" lon="-119.51479267">
      </trkpt>
      <trkpt lat="50.75826033" lon="-119.51455239">
      </trkpt>
      <trkpt lat="50.75817677" lon="-119.51424945">
      </trkpt>
      <trkpt lat="50.75815194" lon="-119.51416218">
      </trkpt>
      <trkpt lat="50.75807801" lon="-119.51383107">
      </trkpt>
      <trkpt lat="50.75803525" lon="-119.5137162">
      </trkpt>
      <trkpt lat="50.75800197" lon="-119.51359996">
      </trkpt>
      <trkpt lat="50.7579508" lon="-119.51348632">
      </trkpt>
      <trkpt lat="50.75791698" lon="-119.51337016">
      </trkpt>
      <trkpt lat="50.75786971" lon="-119.51307079">
      </trkpt>
      <trkpt lat="50.75783078" lon="-119.51279869">
      </trkpt>
      <trkpt lat="50.75781531" lon="-119.51266919">
      </trkpt>
      <trkpt lat="50.75778559" lon="-119.51237083">
      </trkpt>
      <trkpt lat="50.75776279" lon="-119.51218371">
      </trkpt>
      <trkpt lat="50.75771404" lon="-119.51192728">
      </trkpt>
      <trkpt lat="50.75763219" lon="-119.51156699">
      </trkpt>
      <trkpt lat="50.75759002" lon="-119.51142355">
      </trkpt>
      <trkpt lat="50.75742966" lon="-119.51093408">
      </trkpt>
      <trkpt lat="50.75737828" lon="-119.51081691">
      </trkpt>
      <trkpt lat="50.75730832" lon="-119.51072921">
      </trkpt>
      <trkpt lat="50.75726489" lon="-119.51066957">
      </trkpt>
      <trkpt lat="50.75723014" lon="-119.51059628">
      </trkpt>
      <trkpt lat="50.75715137" lon="-119.51049206">
      </trkpt>
      <trkpt lat="50.7570902" lon="-119.51041904">
      </trkpt>
      <trkpt lat="50.75695017" lon="-119.51024167">
      </trkpt>
      <trkpt lat="50.756818" lon="-119.51012028">
      </trkpt>
      <trkpt lat="50.75677361" lon="-119.51007502">
      </trkpt>
      <trkpt lat="50.75665988" lon="-119.50994198">
      </trkpt>
      <trkpt lat="50.75654561" lon="-119.50980902">
      </trkpt>
      <trkpt lat="50.75644875" lon="-119.50970387">
      </trkpt>
      <trkpt lat="50.75639688" lon="-119.50961697">
      </trkpt>
      <trkpt lat="50.75631836" lon="-119.50949847">
      </trkpt>
      <trkpt lat="50.75622268" lon="-119.50933604">
      </trkpt>
      <trkpt lat="50.75612833" lon="-119.50914863">
      </trkpt>
      <trkpt lat="50.75602429" lon="-119.50895892">
      </trkpt>
      <trkpt lat="50.75593756" lon="-119.50879704">
      </trkpt>
      <trkpt lat="50.75585137" lon="-119.50862269">
      </trkpt>
      <trkpt lat="50.75560878" lon="-119.50821284">
      </trkpt>
      <trkpt lat="50.75553965" lon="-119.50808216">
      </trkpt>
      <trkpt lat="50.75541741" lon="-119.50788983">
      </trkpt>
      <trkpt lat="50.75536614" lon="-119.5077745">
      </trkpt>
      <trkpt lat="50.75531392" lon="-119.50770019">
      </trkpt>
      <trkpt lat="50.75514768" lon="-119.50747865">
      </trkpt>
      <trkpt lat="50.75499141" lon="-119.50721464">
      </trkpt>
      <trkpt lat="50.7549124" lon="-119.50712642">
      </trkpt>
      <trkpt lat="50.75486922" lon="-119.50705265">
      </trkpt>
      <trkpt lat="50.75478234" lon="-119.50690675">
      </trkpt>
      <trkpt lat="50.75465893" lon="-119.50677157">
      </trkpt>
      <trkpt lat="50.75459732" lon="-119.50671116">
      </trkpt>
      <trkpt lat="50.75450114" lon="-119.50657914">
      </trkpt>
      <trkpt lat="50.75442272" lon="-119.50646235">
      </trkpt>
      <trkpt lat="50.75433662" lon="-119.50630039">
      </trkpt>
      <trkpt lat="50.75427722" lon="-119.50614167">
      </trkpt>
      <trkpt lat="50.75423445" lon="-119.50602682">
      </trkpt>
      <trkpt lat="50.75415687" lon="-119.50586718">
      </trkpt>
      <trkpt lat="50.75409593" lon="-119.50577805">
      </trkpt>
      <trkpt lat="50.75401835" lon="-119.50561841">
      </trkpt>
      <trkpt lat="50.7539058" lon="-119.50542825">
      </trkpt>
      <trkpt lat="50.7538527" lon="-119.50536832">
      </trkpt>
      <trkpt lat="50.75369481" lon="-119.50517406">
      </trkpt>
      <trkpt lat="50.75357247" lon="-119.50502805">
      </trkpt>
      <trkpt lat="50.75349395" lon="-119.50490957">
      </trkpt>
      <trkpt lat="50.75343351" lon="-119.50479188">
      </trkpt>
      <trkpt lat="50.75329441" lon="-119.50457183">
      </trkpt>
      <trkpt lat="50.75316509" lon="-119.5042968">
      </trkpt>
      <trkpt lat="50.75307814" lon="-119.5041777">
      </trkpt>
      <trkpt lat="50.75300824" lon="-119.50406153">
      </trkpt>
      <trkpt lat="50.7528938" lon="-119.50395525">
      </trkpt>
      <trkpt lat="50.75276974" lon="-119.50387714">
      </trkpt>
      <trkpt lat="50.75265453" lon="-119.50378707">
      </trkpt>
      <trkpt lat="50.75252286" lon="-119.50363715">
      </trkpt>
      <trkpt lat="50.75244323" lon="-119.50357566">
      </trkpt>
      <trkpt lat="50.75237327" lon="-119.50348798">
      </trkpt>
      <trkpt lat="50.75229356" lon="-119.50342651">
      </trkpt>
      <trkpt lat="50.7522229" lon="-119.50336557">
      </trkpt>
      <trkpt lat="50.75211684" lon="-119.50327602">
      </trkpt>
      <trkpt lat="50.75198526" lon="-119.5031278">
      </trkpt>
      <trkpt lat="50.75193269" lon="-119.50306779">
      </trkpt>
      <trkpt lat="50.75180007" lon="-119.5029482">
      </trkpt>
      <trkpt lat="50.75169469" lon="-119.50284247">
      </trkpt>
      <trkpt lat="50.75157118" lon="-119.50270732">
      </trkpt>
      <trkpt lat="50.7514566" lon="-119.50261716">
      </trkpt>
      <trkpt lat="50.75135972" lon="-119.50251189">
      </trkpt>
      <trkpt lat="50.75121826" lon="-119.50240613">
      </trkpt>
      <trkpt lat="50.75107635" lon="-119.50231282">
      </trkpt>
      <trkpt lat="50.750987" lon="-119.50227952">
      </trkpt>
      <trkpt lat="50.7508625" lon="-119.5022032">
      </trkpt>
      <trkpt lat="50.75078254" lon="-119.50215614">
      </trkpt>
      <trkpt lat="50.75063217" lon="-119.50203373">
      </trkpt>
      <trkpt lat="50.75056101" lon="-119.50200135">
      </trkpt>
      <trkpt lat="50.75049071" lon="-119.50192797">
      </trkpt>
      <trkpt lat="50.75042097" lon="-119.50182418">
      </trkpt>
      <trkpt lat="50.75029936" lon="-119.50163351">
      </trkpt>
      <trkpt lat="50.75012382" lon="-119.50142589">
      </trkpt>
      <trkpt lat="50.75000093" lon="-119.50129067">
      </trkpt>
      <trkpt lat="50.74989653" lon="-119.50111529">
      </trkpt>
      <trkpt lat="50.74980999" lon="-119.50095527">
      </trkpt>
      <trkpt lat="50.74970461" lon="-119.50084954">
      </trkpt>
      <trkpt lat="50.74957215" lon="-119.50071571">
      </trkpt>
      <trkpt lat="50.74945782" lon="-119.50061128">
      </trkpt>
      <trkpt lat="50.74937878" lon="-119.50052123">
      </trkpt>
      <trkpt lat="50.74926314" lon="-119.50044377">
      </trkpt>
      <trkpt lat="50.7491401" lon="-119.50032451">
      </trkpt>
      <trkpt lat="50.74906943" lon="-119.50026358">
      </trkpt>
      <trkpt lat="50.74899852" lon="-119.50021693">
      </trkpt>
      <trkpt lat="50.7488926" lon="-119.50011128">
      </trkpt>
      <trkpt lat="50.74879549" lon="-119.50002215">
      </trkpt>
      <trkpt lat="50.74868893" lon="-119.49997356">
      </trkpt>
      <trkpt lat="50.74857278" lon="-119.49992465">
      </trkpt>
      <trkpt lat="50.74849307" lon="-119.49986319">
      </trkpt>
      <trkpt lat="50.74836182" lon="-119.4997007">
      </trkpt>
      <trkpt lat="50.74829068" lon="-119.49967017">
      </trkpt>
      <trkpt lat="50.7481754" lon="-119.49960676">
      </trkpt>
      <trkpt lat="50.74812196" lon="-119.49956113">
      </trkpt>
      <trkpt lat="50.74801545" lon="-119.49948405">
      </trkpt>
      <trkpt lat="50.74792733" lon="-119.49942395">
      </trkpt>
      <trkpt lat="50.74782116" lon="-119.49933258">
      </trkpt>
      <trkpt lat="50.74772394" lon="-119.49924162">
      </trkpt>
      <trkpt lat="50.74760961" lon="-119.4991372">
      </trkpt>
      <trkpt lat="50.7475031" lon="-119.49906012">
      </trkpt>
      <trkpt lat="50.7474321" lon="-119.49901349">
      </trkpt>
      <trkpt lat="50.74733438" lon="-119.49895122">
      </trkpt>
      <trkpt lat="50.74727253" lon="-119.49890681">
      </trkpt>
      <trkpt lat="50.74717447" lon="-119.4988587">
      </trkpt>
      <trkpt lat="50.74704077" lon="-119.49880879">
      </trkpt>
      <trkpt lat="50.74691655" lon="-119.49874668">
      </trkpt>
      <trkpt lat="50.74682711" lon="-119.49871169">
      </trkpt>
      <trkpt lat="50.7467468" lon="-119.4986788">
      </trkpt>
      <trkpt lat="50.74661438" lon="-119.49857345">
      </trkpt>
      <trkpt lat="50.74647193" lon="-119.49848024">
      </trkpt>
      <trkpt lat="50.7463664" lon="-119.49839064">
      </trkpt>
      <trkpt lat="50.74624263" lon="-119.4982698">
      </trkpt>
      <trkpt lat="50.74614639" lon="-119.49816631">
      </trkpt>
      <trkpt lat="50.74608398" lon="-119.49812013">
      </trkpt>
      <trkpt lat="50.74596965" lon="-119.49801572">
      </trkpt>
      <trkpt lat="50.74584676" lon="-119.49788051">
      </trkpt>
      <trkpt lat="50.74574964" lon="-119.4977914">
      </trkpt>
      <trkpt lat="50.74565291" lon="-119.49767019">
      </trkpt>
      <trkpt lat="50.74550391" lon="-119.4974925">
      </trkpt>
      <trkpt lat="50.74537232" lon="-119.49734432">
      </trkpt>
      <trkpt lat="50.74526734" lon="-119.49719768">
      </trkpt>
      <trkpt lat="50.74512458" lon="-119.49714724">
      </trkpt>
      <trkpt lat="50.7449629" lon="-119.49713872">
      </trkpt>
      <trkpt lat="50.74480087" lon="-119.49714448">
      </trkpt>
      <trkpt lat="50.74466565" lon="-119.49716585">
      </trkpt>
      <trkpt lat="50.74443143" lon="-119.4971804">
      </trkpt>
      <trkpt lat="50.74426036" lon="-119.49718563">
      </trkpt>
      <trkpt lat="50.74408058" lon="-119.49717618">
      </trkpt>
      <trkpt lat="50.7438742" lon="-119.49716703">
      </trkpt>
      <trkpt lat="50.74370337" lon="-119.49715627">
      </trkpt>
      <trkpt lat="50.74354159" lon="-119.49714776">
      </trkpt>
      <trkpt lat="50.74348706" lon="-119.49715925">
      </trkpt>
      <trkpt lat="50.74338862" lon="-119.49715406">
      </trkpt>
      <trkpt lat="50.74319261" lon="-119.49705968">
      </trkpt>
      <trkpt lat="50.74300667" lon="-119.4969355">
      </trkpt>
      <trkpt lat="50.74277423" lon="-119.49686607">
      </trkpt>
      <trkpt lat="50.74263153" lon="-119.49678715">
      </trkpt>
      <trkpt lat="50.74248135" lon="-119.4966666">
      </trkpt>
      <trkpt lat="50.74234036" lon="-119.49653048">
      </trkpt>
      <trkpt lat="50.74220818" lon="-119.49641088">
      </trkpt>
      <trkpt lat="50.74202111" lon="-119.4963152">
      </trkpt>
      <trkpt lat="50.74178006" lon="-119.49623279">
      </trkpt>
      <trkpt lat="50.7416198" lon="-119.49615287">
      </trkpt>
      <trkpt lat="50.74141528" lon="-119.49605803">
      </trkpt>
      <trkpt lat="50.74125502" lon="-119.49597811">
      </trkpt>
      <trkpt lat="50.74105994" lon="-119.49585342">
      </trkpt>
      <trkpt lat="50.74084481" lon="-119.49579928">
      </trkpt>
      <trkpt lat="50.74069227" lon="-119.49579299">
      </trkpt>
      <trkpt lat="50.74048545" lon="-119.49579459">
      </trkpt>
      <trkpt lat="50.74029603" lon="-119.49581331">
      </trkpt>
      <trkpt lat="50.74007018" lon="-119.49585683">
      </trkpt>
      <trkpt lat="50.73993295" lon="-119.49597817">
      </trkpt>
      <trkpt lat="50.73978544" lon="-119.49612605">
      </trkpt>
      <trkpt lat="50.73964785" lon="-119.49625996">
      </trkpt>
      <trkpt lat="50.73952954" lon="-119.49633939">
      </trkpt>
      <trkpt lat="50.73947501" lon="-119.49635088">
      </trkpt>
      <trkpt lat="50.73938449" lon="-119.49637472">
      </trkpt>
      <trkpt lat="50.73921331" lon="-119.49637825">
      </trkpt>
      <trkpt lat="50.73902478" lon="-119.49638431">
      </trkpt>
      <trkpt lat="50.7388898" lon="-119.49638971">
      </trkpt>
      <trkpt lat="50.73868195" lon="-119.49642178">
      </trkpt>
      <trkpt lat="50.73844783" lon="-119.49643803">
      </trkpt>
      <trkpt lat="50.73829416" lon="-119.49647105">
      </trkpt>
      <trkpt lat="50.7380685" lon="-119.49651625">
      </trkpt>
      <trkpt lat="50.73787816" lon="-119.49657782">
      </trkpt>
      <trkpt lat="50.73771569" lon="-119.49659603">
      </trkpt>
      <trkpt lat="50.73761671" lon="-119.49659092">
      </trkpt>
      <trkpt lat="50.73749992" lon="-119.49659893">
      </trkpt>
      <trkpt lat="50.7373017" lon="-119.49660284">
      </trkpt>
      <trkpt lat="50.73707664" lon="-119.49661962">
      </trkpt>
      <trkpt lat="50.73694234" lon="-119.49659814">
      </trkpt>
      <trkpt lat="50.73681743" lon="-119.49656292">
      </trkpt>
      <trkpt lat="50.73662005" lon="-119.49652399">
      </trkpt>
      <trkpt lat="50.73654821" lon="-119.4965202">
      </trkpt>
      <trkpt lat="50.73641401" lon="-119.49650057">
      </trkpt>
      <trkpt lat="50.73633347" lon="-119.4964821">
      </trkpt>
      <trkpt lat="50.73618131" lon="-119.49644371">
      </trkpt>
      <trkpt lat="50.73596687" lon="-119.49636271">
      </trkpt>
      <trkpt lat="50.73588682" lon="-119.4963157">
      </trkpt>
      <trkpt lat="50.73580685" lon="-119.49626853">
      </trkpt>
      <trkpt lat="50.73570875" lon="-119.49624905">
      </trkpt>
      <trkpt lat="50.73559259" lon="-119.49620003">
      </trkpt>
      <trkpt lat="50.73540437" lon="-119.49616333">
      </trkpt>
      <trkpt lat="50.73531589" lon="-119.49611569">
      </trkpt>
      <trkpt lat="50.73521784" lon="-119.49606774">
      </trkpt>
      <trkpt lat="50.7351639" lon="-119.49605067">
      </trkpt>
      <trkpt lat="50.73506696" lon="-119.49597394">
      </trkpt>
      <trkpt lat="50.73498691" lon="-119.49592692">
      </trkpt>
      <trkpt lat="50.7348624" lon="-119.49585064">
      </trkpt>
      <trkpt lat="50.73474772" lon="-119.49575884">
      </trkpt>
      <trkpt lat="50.73440217" lon="-119.49549945">
      </trkpt>
      <trkpt lat="50.73427794" lon="-119.49543737">
      </trkpt>
      <trkpt lat="50.73411768" lon="-119.49535746">
      </trkpt>
      <trkpt lat="50.73401929" lon="-119.4953238">
      </trkpt>
      <trkpt lat="50.73385844" lon="-119.49527245">
      </trkpt>
      <trkpt lat="50.73362549" lon="-119.49523159">
      </trkpt>
      <trkpt lat="50.7335539" lon="-119.49521352">
      </trkpt>
      <trkpt lat="50.73348181" lon="-119.49522401">
      </trkpt>
      <trkpt lat="50.73340997" lon="-119.49522022">
      </trkpt>
      <trkpt lat="50.73331073" lon="-119.49522924">
      </trkpt>
      <trkpt lat="50.7332296" lon="-119.49523933">
      </trkpt>
      <trkpt lat="50.73315658" lon="-119.49529266">
      </trkpt>
      <trkpt lat="50.73306536" lon="-119.49534322">
      </trkpt>
      <trkpt lat="50.73298398" lon="-119.49536758">
      </trkpt>
      <trkpt lat="50.73290275" lon="-119.49537755">
      </trkpt>
      <trkpt lat="50.73258775" lon="-119.49538962">
      </trkpt>
      <trkpt lat="50.73245286" lon="-119.4953967">
      </trkpt>
      <trkpt lat="50.73213775" lon="-119.49540694">
      </trkpt>
      <trkpt lat="50.7320298" lon="-119.49540128">
      </trkpt>
      <trkpt lat="50.73189492" lon="-119.49540851">
      </trkpt>
      <trkpt lat="50.73174253" lon="-119.49538611">
      </trkpt>
      <trkpt lat="50.73163508" lon="-119.49535191">
      </trkpt>
      <trkpt lat="50.73149233" lon="-119.4953015">
      </trkpt>
      <trkpt lat="50.73137535" lon="-119.49529715">
      </trkpt>
      <trkpt lat="50.73125915" lon="-119.49527676">
      </trkpt>
      <trkpt lat="50.73110666" lon="-119.49525267">
      </trkpt>
      <trkpt lat="50.73098122" lon="-119.49521923">
      </trkpt>
      <trkpt lat="50.73090067" lon="-119.49520077">
      </trkpt>
      <trkpt lat="50.73078505" lon="-119.49515167">
      </trkpt>
      <trkpt lat="50.73070509" lon="-119.49510465">
      </trkpt>
      <trkpt lat="50.73063384" lon="-119.49507231">
      </trkpt>
      <trkpt lat="50.73046428" lon="-119.49500615">
      </trkpt>
      <trkpt lat="50.73037518" lon="-119.49495861">
      </trkpt>
      <trkpt lat="50.73027722" lon="-119.49491236">
      </trkpt>
      <trkpt lat="50.73017912" lon="-119.49489289">
      </trkpt>
      <trkpt lat="50.73003611" lon="-119.49485674">
      </trkpt>
      <trkpt lat="50.72987492" lon="-119.49481969">
      </trkpt>
      <trkpt lat="50.72975818" lon="-119.49479923">
      </trkpt>
      <trkpt lat="50.72968633" lon="-119.49479544">
      </trkpt>
      <trkpt lat="50.72961449" lon="-119.49479165">
      </trkpt>
      <trkpt lat="50.72948812" lon="-119.49479935">
      </trkpt>
      <trkpt lat="50.72923703" lon="-119.49478605">
      </trkpt>
      <trkpt lat="50.72911985" lon="-119.49477818">
      </trkpt>
      <trkpt lat="50.72906596" lon="-119.49479142">
      </trkpt>
      <trkpt lat="50.72900237" lon="-119.49480238">
      </trkpt>
      <trkpt lat="50.7288761" lon="-119.49482259">
      </trkpt>
      <trkpt lat="50.72877686" lon="-119.49483161">
      </trkpt>
      <trkpt lat="50.72861424" lon="-119.49486593">
      </trkpt>
      <trkpt lat="50.72855017" lon="-119.49491795">
      </trkpt>
      <trkpt lat="50.72850474" lon="-119.49496015">
      </trkpt>
      <trkpt lat="50.72843172" lon="-119.49501347">
      </trkpt>
      <trkpt lat="50.72834955" lon="-119.49506456">
      </trkpt>
      <trkpt lat="50.7281302" lon="-119.49520862">
      </trkpt>
      <trkpt lat="50.72807562" lon="-119.49524858">
      </trkpt>
      <trkpt lat="50.72800201" lon="-119.49533046">
      </trkpt>
      <trkpt lat="50.72783787" lon="-119.49543432">
      </trkpt>
      <trkpt lat="50.72773736" lon="-119.49549875">
      </trkpt>
      <trkpt lat="50.72768184" lon="-119.49558155">
      </trkpt>
      <trkpt lat="50.72758051" lon="-119.49569066">
      </trkpt>
      <trkpt lat="50.72753375" lon="-119.49575795">
      </trkpt>
      <trkpt lat="50.7274685" lon="-119.49586708">
      </trkpt>
      <trkpt lat="50.72743108" lon="-119.4959508">
      </trkpt>
      <trkpt lat="50.72727422" lon="-119.49614086">
      </trkpt>
      <trkpt lat="50.72717347" lon="-119.49622127">
      </trkpt>
      <trkpt lat="50.7270738" lon="-119.49624287">
      </trkpt>
      <trkpt lat="50.7269302" lon="-119.49623528">
      </trkpt>
      <trkpt lat="50.72681289" lon="-119.49624522">
      </trkpt>
      <trkpt lat="50.72671389" lon="-119.49623826">
      </trkpt>
      <trkpt lat="50.72659779" lon="-119.49621956">
      </trkpt>
      <trkpt lat="50.72653514" lon="-119.4962002">
      </trkpt>
      <trkpt lat="50.72642745" lon="-119.49618027">
      </trkpt>
      <trkpt lat="50.72633751" lon="-119.49617555">
      </trkpt>
      <trkpt lat="50.72622106" lon="-119.49616942">
      </trkpt>
      <trkpt lat="50.72614922" lon="-119.49616563">
      </trkpt>
      <trkpt lat="50.72608588" lon="-119.49616232">
      </trkpt>
      <trkpt lat="50.72599682" lon="-119.49614324">
      </trkpt>
      <trkpt lat="50.72594298" lon="-119.49612801">
      </trkpt>
      <trkpt lat="50.72588043" lon="-119.49611034">
      </trkpt>
      <trkpt lat="50.72579989" lon="-119.49609188">
      </trkpt>
      <trkpt lat="50.72564808" lon="-119.49604093">
      </trkpt>
      <trkpt lat="50.72548698" lon="-119.49600386">
      </trkpt>
      <trkpt lat="50.72540634" lon="-119.49598541">
      </trkpt>
      <trkpt lat="50.72535258" lon="-119.4959807">
      </trkpt>
      <trkpt lat="50.72528039" lon="-119.49599119">
      </trkpt>
      <trkpt lat="50.72522622" lon="-119.49599024">
      </trkpt>
      <trkpt lat="50.72516317" lon="-119.49600112">
      </trkpt>
      <trkpt lat="50.72507313" lon="-119.49599471">
      </trkpt>
      <trkpt lat="50.724974" lon="-119.49600556">
      </trkpt>
      <trkpt lat="50.72491095" lon="-119.49601644">
      </trkpt>
      <trkpt lat="50.72481949" lon="-119.4960814">
      </trkpt>
      <trkpt lat="50.72477386" lon="-119.49612176">
      </trkpt>
      <trkpt lat="50.72471013" lon="-119.4961595">
      </trkpt>
      <trkpt lat="50.72462748" lon="-119.49624097">
      </trkpt>
      <trkpt lat="50.72455421" lon="-119.49630855">
      </trkpt>
      <trkpt lat="50.7244897" lon="-119.49636234">
      </trkpt>
      <trkpt lat="50.72444431" lon="-119.49638673">
      </trkpt>
      <trkpt lat="50.72437104" lon="-119.49645431">
      </trkpt>
      <trkpt lat="50.72415345" lon="-119.4965127">
      </trkpt>
      <trkpt lat="50.72409955" lon="-119.4965258">
      </trkpt>
      <trkpt lat="50.72391841" lon="-119.49657177">
      </trkpt>
      <trkpt lat="50.72377447" lon="-119.49657846">
      </trkpt>
      <trkpt lat="50.72371176" lon="-119.49657505">
      </trkpt>
      <trkpt lat="50.72365768" lon="-119.49658647">
      </trkpt>
      <trkpt lat="50.72355878" lon="-119.49658135">
      </trkpt>
      <trkpt lat="50.72348694" lon="-119.49657756">
      </trkpt>
      <trkpt lat="50.72336199" lon="-119.49651388">
      </trkpt>
      <trkpt lat="50.72330858" lon="-119.49649674">
      </trkpt>
      <trkpt lat="50.72314714" lon="-119.49647395">
      </trkpt>
      <trkpt lat="50.72303886" lon="-119.49648258">
      </trkpt>
      <trkpt lat="50.72296643" lon="-119.49650734">
      </trkpt>
      <trkpt lat="50.72287527" lon="-119.49658819">
      </trkpt>
      <trkpt lat="50.72278438" lon="-119.49662446">
      </trkpt>
      <trkpt lat="50.72269268" lon="-119.49670539">
      </trkpt>
      <trkpt lat="50.7226106" lon="-119.49675646">
      </trkpt>
      <trkpt lat="50.72251915" lon="-119.49682313">
      </trkpt>
      <trkpt lat="50.72247333" lon="-119.49684943">
      </trkpt>
      <trkpt lat="50.7223825" lon="-119.496916">
      </trkpt>
      <trkpt lat="50.72232694" lon="-119.49696848">
      </trkpt>
      <trkpt lat="50.72226331" lon="-119.49700804">
      </trkpt>
      <trkpt lat="50.72219908" lon="-119.49707602">
      </trkpt>
      <trkpt lat="50.72209764" lon="-119.49718327">
      </trkpt>
      <trkpt lat="50.72202437" lon="-119.49725085">
      </trkpt>
      <trkpt lat="50.72195971" lon="-119.49733141">
      </trkpt>
      <trkpt lat="50.72187706" lon="-119.49741287">
      </trkpt>
      <trkpt lat="50.72180402" lon="-119.49746433">
      </trkpt>
      <trkpt lat="50.72169423" lon="-119.49754433">
      </trkpt>
      <trkpt lat="50.7215748" lon="-119.49765249">
      </trkpt>
      <trkpt lat="50.72141936" lon="-119.49777115">
      </trkpt>
      <trkpt lat="50.72134682" lon="-119.49779407">
      </trkpt>
      <trkpt lat="50.72128294" lon="-119.4978479">
      </trkpt>
      <trkpt lat="50.72118278" lon="-119.49789974">
      </trkpt>
      <trkpt lat="50.72109108" lon="-119.49798067">
      </trkpt>
      <trkpt lat="50.72098821" lon="-119.49815929">
      </trkpt>
      <trkpt lat="50.72083972" lon="-119.4983784">
      </trkpt>
      <trkpt lat="50.72081046" lon="-119.49847516">
      </trkpt>
      <trkpt lat="50.72077304" lon="-119.49855887">
      </trkpt>
      <trkpt lat="50.72071722" lon="-119.49862562">
      </trkpt>
      <trkpt lat="50.72058657" lon="-119.49885993">
      </trkpt>
      <trkpt lat="50.72053072" lon="-119.49895699">
      </trkpt>
      <trkpt lat="50.72048302" lon="-119.4990671">
      </trkpt>
      <trkpt lat="50.72041811" lon="-119.49916192">
      </trkpt>
      <trkpt lat="50.72028933" lon="-119.49931228">
      </trkpt>
      <trkpt lat="50.72016733" lon="-119.49953095">
      </trkpt>
      <trkpt lat="50.72012996" lon="-119.49958619">
      </trkpt>
      <trkpt lat="50.72004588" lon="-119.49973901">
      </trkpt>
      <trkpt lat="50.71995234" lon="-119.4999322">
      </trkpt>
      <trkpt lat="50.71991463" lon="-119.50000172">
      </trkpt>
      <trkpt lat="50.71988596" lon="-119.50006993">
      </trkpt>
      <trkpt lat="50.7198395" lon="-119.50015324">
      </trkpt>
      <trkpt lat="50.71980084" lon="-119.50026375">
      </trkpt>
      <trkpt lat="50.71975427" lon="-119.50034522">
      </trkpt>
      <trkpt lat="50.71968971" lon="-119.50042761">
      </trkpt>
      <trkpt lat="50.71957897" lon="-119.50054858">
      </trkpt>
      <trkpt lat="50.7195057" lon="-119.50061615">
      </trkpt>
      <trkpt lat="50.71945024" lon="-119.50067046">
      </trkpt>
      <trkpt lat="50.71940459" lon="-119.50070911">
      </trkpt>
      <trkpt lat="50.7193041" lon="-119.50077537">
      </trkpt>
      <trkpt lat="50.71915745" lon="-119.50090867">
      </trkpt>
      <trkpt lat="50.7189939" lon="-119.50098579">
      </trkpt>
      <trkpt lat="50.71893027" lon="-119.50102534">
      </trkpt>
      <trkpt lat="50.71877576" lon="-119.50110115">
      </trkpt>
      <trkpt lat="50.71869368" lon="-119.50115392">
      </trkpt>
      <trkpt lat="50.71862066" lon="-119.50120721">
      </trkpt>
      <trkpt lat="50.71851145" lon="-119.50125865">
      </trkpt>
      <trkpt lat="50.71830088" lon="-119.50141731">
      </trkpt>
      <trkpt lat="50.7182462" lon="-119.50145557">
      </trkpt>
      <trkpt lat="50.71815415" lon="-119.50155076">
      </trkpt>
      <trkpt lat="50.71799659" lon="-119.50176747">
      </trkpt>
      <trkpt lat="50.71790429" lon="-119.50187693">
      </trkpt>
      <trkpt lat="50.7178026" lon="-119.50199843">
      </trkpt>
      <trkpt lat="50.71771005" lon="-119.50212216">
      </trkpt>
      <trkpt lat="50.71765443" lon="-119.50220324">
      </trkpt>
      <trkpt lat="50.71759867" lon="-119.50230028">
      </trkpt>
      <trkpt lat="50.71746044" lon="-119.5024342">
      </trkpt>
      <trkpt lat="50.71734144" lon="-119.50254042">
      </trkpt>
      <trkpt lat="50.71725828" lon="-119.50265026">
      </trkpt>
      <trkpt lat="50.71717517" lon="-119.50274415">
      </trkpt>
      <trkpt lat="50.7171288" lon="-119.50282744">
      </trkpt>
      <trkpt lat="50.71702735" lon="-119.50293467">
      </trkpt>
      <trkpt lat="50.71692634" lon="-119.50302931">
      </trkpt>
      <trkpt lat="50.71685263" lon="-119.50310946">
      </trkpt>
      <trkpt lat="50.71677877" lon="-119.50320557">
      </trkpt>
      <trkpt lat="50.71669552" lon="-119.50331542">
      </trkpt>
      <trkpt lat="50.71651318" lon="-119.50341845">
      </trkpt>
      <trkpt lat="50.71644929" lon="-119.50347212">
      </trkpt>
      <trkpt lat="50.71635774" lon="-119.50353707">
      </trkpt>
      <trkpt lat="50.71629385" lon="-119.50359074">
      </trkpt>
      <trkpt lat="50.71623805" lon="-119.50365932">
      </trkpt>
      <trkpt lat="50.7161384" lon="-119.50370937">
      </trkpt>
      <trkpt lat="50.71603824" lon="-119.50376133">
      </trkpt>
      <trkpt lat="50.71594713" lon="-119.50381369">
      </trkpt>
      <trkpt lat="50.71580983" lon="-119.50390478">
      </trkpt>
      <trkpt lat="50.7157009" lon="-119.50397039">
      </trkpt>
      <trkpt lat="50.71557349" lon="-119.50401906">
      </trkpt>
      <trkpt lat="50.7154474" lon="-119.50404092">
      </trkpt>
      <trkpt lat="50.71538427" lon="-119.50405193">
      </trkpt>
      <trkpt lat="50.71530287" lon="-119.50407613">
      </trkpt>
      <trkpt lat="50.715069" lon="-119.50407806">
      </trkpt>
      <trkpt lat="50.71497906" lon="-119.50407333">
      </trkpt>
      <trkpt lat="50.71490697" lon="-119.5040838">
      </trkpt>
      <trkpt lat="50.71484417" lon="-119.50408053">
      </trkpt>
      <trkpt lat="50.714709" lon="-119.5040734">
      </trkpt>
      <trkpt lat="50.71459314" lon="-119.50403871">
      </trkpt>
      <trkpt lat="50.71450309" lon="-119.50403214">
      </trkpt>
      <trkpt lat="50.71439481" lon="-119.50404075">
      </trkpt>
      <trkpt lat="50.71427812" lon="-119.50405057">
      </trkpt>
      <trkpt lat="50.71409799" lon="-119.50405537">
      </trkpt>
      <trkpt lat="50.71399924" lon="-119.50403413">
      </trkpt>
      <trkpt lat="50.71392799" lon="-119.50400179">
      </trkpt>
      <trkpt lat="50.71386589" lon="-119.50397167">
      </trkpt>
      <trkpt lat="50.71375033" lon="-119.50389425">
      </trkpt>
      <trkpt lat="50.71364343" lon="-119.50385996">
      </trkpt>
      <trkpt lat="50.71348173" lon="-119.50385142">
      </trkpt>
      <trkpt lat="50.71336499" lon="-119.50383094">
      </trkpt>
      <trkpt lat="50.71326688" lon="-119.50381146">
      </trkpt>
      <trkpt lat="50.7131051" lon="-119.50380293">
      </trkpt>
      <trkpt lat="50.71303247" lon="-119.50381347">
      </trkpt>
      <trkpt lat="50.71287949" lon="-119.5038196">
      </trkpt>
      <trkpt lat="50.71276211" lon="-119.50385628">
      </trkpt>
      <trkpt lat="50.71265186" lon="-119.50394869">
      </trkpt>
      <trkpt lat="50.71259643" lon="-119.50403144">
      </trkpt>
      <trkpt lat="50.71255847" lon="-119.50411521">
      </trkpt>
      <trkpt lat="50.71251249" lon="-119.50416813">
      </trkpt>
      <trkpt lat="50.71241045" lon="-119.50430389">
      </trkpt>
      <trkpt lat="50.71234529" lon="-119.5044148">
      </trkpt>
      <trkpt lat="50.71232566" lon="-119.50448338">
      </trkpt>
      <trkpt lat="50.71227895" lon="-119.50458095">
      </trkpt>
      <trkpt lat="50.71223183" lon="-119.50466249">
      </trkpt>
      <trkpt lat="50.71216667" lon="-119.50477325">
      </trkpt>
      <trkpt lat="50.71209237" lon="-119.50488193">
      </trkpt>
      <trkpt lat="50.71199923" lon="-119.50503418">
      </trkpt>
      <trkpt lat="50.71192467" lon="-119.50515698">
      </trkpt>
      <trkpt lat="50.71186759" lon="-119.50528095">
      </trkpt>
      <trkpt lat="50.71178339" lon="-119.5054319">
      </trkpt>
      <trkpt lat="50.71170824" lon="-119.50558324">
      </trkpt>
      <trkpt lat="50.71161442" lon="-119.50576404">
      </trkpt>
      <trkpt lat="50.71150337" lon="-119.50592785">
      </trkpt>
      <trkpt lat="50.7114451" lon="-119.50610876">
      </trkpt>
      <trkpt lat="50.71137958" lon="-119.5062321">
      </trkpt>
      <trkpt lat="50.71132347" lon="-119.5063434">
      </trkpt>
      <trkpt lat="50.71124926" lon="-119.50645206">
      </trkpt>
      <trkpt lat="50.71110139" lon="-119.50661395">
      </trkpt>
      <trkpt lat="50.7110643" lon="-119.50668336">
      </trkpt>
      <trkpt lat="50.7109985" lon="-119.5067925">
      </trkpt>
      <trkpt lat="50.71091613" lon="-119.50688812">
      </trkpt>
      <trkpt lat="50.71084187" lon="-119.50696819">
      </trkpt>
      <trkpt lat="50.71078635" lon="-119.50705094">
      </trkpt>
      <trkpt lat="50.71072154" lon="-119.50714756">
      </trkpt>
      <trkpt lat="50.71064688" lon="-119.50727037">
      </trkpt>
      <trkpt lat="50.71056328" lon="-119.50739277">
      </trkpt>
      <trkpt lat="50.71045263" lon="-119.50751554">
      </trkpt>
      <trkpt lat="50.71038796" lon="-119.50759606">
      </trkpt>
      <trkpt lat="50.7103053" lon="-119.50767748">
      </trkpt>
      <trkpt lat="50.71023192" lon="-119.50774319">
      </trkpt>
      <trkpt lat="50.71014831" lon="-119.50786559">
      </trkpt>
      <trkpt lat="50.71004696" lon="-119.50797462">
      </trkpt>
      <trkpt lat="50.70992692" lon="-119.50811113">
      </trkpt>
      <trkpt lat="50.70987164" lon="-119.50817791">
      </trkpt>
      <trkpt lat="50.70975341" lon="-119.50825723">
      </trkpt>
      <trkpt lat="50.70967985" lon="-119.50831059">
      </trkpt>
      <trkpt lat="50.70957023" lon="-119.50840304">
      </trkpt>
      <trkpt lat="50.70953241" lon="-119.5084707">
      </trkpt>
      <trkpt lat="50.70948653" lon="-119.50852544">
      </trkpt>
      <trkpt lat="50.70939398" lon="-119.50864913">
      </trkpt>
      <trkpt lat="50.70931096" lon="-119.50874299">
      </trkpt>
      <trkpt lat="50.70920985" lon="-119.5088359">
      </trkpt>
      <trkpt lat="50.70916396" lon="-119.50889051">
      </trkpt>
      <trkpt lat="50.70910815" lon="-119.50895907">
      </trkpt>
      <trkpt lat="50.70904357" lon="-119.50903958">
      </trkpt>
      <trkpt lat="50.70901491" lon="-119.50910961">
      </trkpt>
      <trkpt lat="50.70892166" lon="-119.50926">
      </trkpt>
      <trkpt lat="50.70886554" lon="-119.50937129">
      </trkpt>
      <trkpt lat="50.70880908" lon="-119.50949515">
      </trkpt>
      <trkpt lat="50.70875232" lon="-119.50960469">
      </trkpt>
      <trkpt lat="50.70871464" lon="-119.50970263">
      </trkpt>
      <trkpt lat="50.70864009" lon="-119.50982726">
      </trkpt>
      <trkpt lat="50.70854708" lon="-119.50996169">
      </trkpt>
      <trkpt lat="50.70849162" lon="-119.51001597">
      </trkpt>
      <trkpt lat="50.70838209" lon="-119.5101101">
      </trkpt>
      <trkpt lat="50.70829933" lon="-119.51018969">
      </trkpt>
      <trkpt lat="50.70824386" lon="-119.51024397">
      </trkpt>
      <trkpt lat="50.70817024" lon="-119.51032578">
      </trkpt>
      <trkpt lat="50.70810616" lon="-119.51037775">
      </trkpt>
      <trkpt lat="50.70801538" lon="-119.51041582">
      </trkpt>
      <trkpt lat="50.70796925" lon="-119.51048482">
      </trkpt>
      <trkpt lat="50.70791336" lon="-119.51058">
      </trkpt>
      <trkpt lat="50.7078005" lon="-119.51080095">
      </trkpt>
      <trkpt lat="50.70773533" lon="-119.5109117">
      </trkpt>
      <trkpt lat="50.70768856" lon="-119.51097895">
      </trkpt>
      <trkpt lat="50.70762399" lon="-119.51106129">
      </trkpt>
      <trkpt lat="50.70756001" lon="-119.51111496">
      </trkpt>
      <trkpt lat="50.70744985" lon="-119.51120747">
      </trkpt>
      <trkpt lat="50.70736777" lon="-119.51126021">
      </trkpt>
      <trkpt lat="50.70731215" lon="-119.51134126">
      </trkpt>
      <trkpt lat="50.70709861" lon="-119.51164253">
      </trkpt>
      <trkpt lat="50.70686587" lon="-119.51201231">
      </trkpt>
      <trkpt lat="50.70682791" lon="-119.51209606">
      </trkpt>
      <trkpt lat="50.70674301" lon="-119.51227383">
      </trkpt>
      <trkpt lat="50.70669568" lon="-119.51239977">
      </trkpt>
      <trkpt lat="50.70660269" lon="-119.51253603">
      </trkpt>
      <trkpt lat="50.70653683" lon="-119.51267362">
      </trkpt>
      <trkpt lat="50.70648897" lon="-119.51279964">
      </trkpt>
      <trkpt lat="50.70641406" lon="-119.51293683">
      </trkpt>
      <trkpt lat="50.70634923" lon="-119.51303329">
      </trkpt>
      <trkpt lat="50.70625554" lon="-119.51319626">
      </trkpt>
      <trkpt lat="50.70616239" lon="-119.51334847">
      </trkpt>
      <trkpt lat="50.70610711" lon="-119.51341694">
      </trkpt>
      <trkpt lat="50.70604253" lon="-119.51349744">
      </trkpt>
      <trkpt lat="50.70596803" lon="-119.51359359">
      </trkpt>
      <trkpt lat="50.70585756" lon="-119.51372882">
      </trkpt>
      <trkpt lat="50.70574612" lon="-119.51387828">
      </trkpt>
      <trkpt lat="50.70562685" lon="-119.5139987">
      </trkpt>
      <trkpt lat="50.7055156" lon="-119.51414998">
      </trkpt>
      <trkpt lat="50.70541389" lon="-119.51427141">
      </trkpt>
      <trkpt lat="50.70536742" lon="-119.51435469">
      </trkpt>
      <trkpt lat="50.70528405" lon="-119.5144628">
      </trkpt>
      <trkpt lat="50.70520953" lon="-119.5145571">
      </trkpt>
      <trkpt lat="50.70509037" lon="-119.51467936">
      </trkpt>
      <trkpt lat="50.70497961" lon="-119.51480026">
      </trkpt>
      <trkpt lat="50.70493328" lon="-119.51486743">
      </trkpt>
      <trkpt lat="50.7048688" lon="-119.51494976">
      </trkpt>
      <trkpt lat="50.70479464" lon="-119.51503163">
      </trkpt>
      <trkpt lat="50.70472996" lon="-119.51511214">
      </trkpt>
      <trkpt lat="50.70450967" lon="-119.51532714">
      </trkpt>
      <trkpt lat="50.70445415" lon="-119.51540988">
      </trkpt>
      <trkpt lat="50.70426038" lon="-119.51562645">
      </trkpt>
      <trkpt lat="50.70417735" lon="-119.51572027">
      </trkpt>
      <trkpt lat="50.70407515" lon="-119.51587208">
      </trkpt>
      <trkpt lat="50.70402891" lon="-119.51593924">
      </trkpt>
      <trkpt lat="50.70394446" lon="-119.51610611">
      </trkpt>
      <trkpt lat="50.70385135" lon="-119.51624052">
      </trkpt>
      <trkpt lat="50.70374904" lon="-119.51639048">
      </trkpt>
      <trkpt lat="50.70366682" lon="-119.5164593">
      </trkpt>
      <trkpt lat="50.70361119" lon="-119.51654034">
      </trkpt>
      <trkpt lat="50.70356476" lon="-119.516595">
      </trkpt>
      <trkpt lat="50.70344456" lon="-119.51675823">
      </trkpt>
      <trkpt lat="50.70339778" lon="-119.51682546">
      </trkpt>
      <trkpt lat="50.70330606" lon="-119.51690632">
      </trkpt>
      <trkpt lat="50.70324149" lon="-119.51698865">
      </trkpt>
      <trkpt lat="50.70319465" lon="-119.51708435">
      </trkpt>
      <trkpt lat="50.70313799" lon="-119.51719569">
      </trkpt>
      <trkpt lat="50.70308151" lon="-119.51731938">
      </trkpt>
      <trkpt lat="50.70300601" lon="-119.51748509">
      </trkpt>
      <trkpt lat="50.70294084" lon="-119.51759582">
      </trkpt>
      <trkpt lat="50.70288502" lon="-119.51766266">
      </trkpt>
      <trkpt lat="50.70276525" lon="-119.5178133">
      </trkpt>
      <trkpt lat="50.70271779" lon="-119.51790908">
      </trkpt>
      <trkpt lat="50.70260756" lon="-119.51803003">
      </trkpt>
      <trkpt lat="50.70254245" lon="-119.51811229">
      </trkpt>
      <trkpt lat="50.70246881" lon="-119.51819237">
      </trkpt>
      <trkpt lat="50.70240423" lon="-119.51827456">
      </trkpt>
      <trkpt lat="50.70233026" lon="-119.51836892">
      </trkpt>
      <trkpt lat="50.7022102" lon="-119.51850537">
      </trkpt>
      <trkpt lat="50.70209998" lon="-119.51862631">
      </trkpt>
      <trkpt lat="50.70200672" lon="-119.51877667">
      </trkpt>
      <trkpt lat="50.70180389" lon="-119.51899281">
      </trkpt>
      <trkpt lat="50.70151951" lon="-119.51925974">
      </trkpt>
      <trkpt lat="50.70144588" lon="-119.51934153">
      </trkpt>
      <trkpt lat="50.70124256" lon="-119.51958619">
      </trkpt>
      <trkpt lat="50.70116857" lon="-119.5196804">
      </trkpt>
      <trkpt lat="50.7010952" lon="-119.51974792">
      </trkpt>
      <trkpt lat="50.70100288" lon="-119.5198556">
      </trkpt>
      <trkpt lat="50.70090176" lon="-119.51995018">
      </trkpt>
      <trkpt lat="50.70082813" lon="-119.52003026">
      </trkpt>
      <trkpt lat="50.70076355" lon="-119.52011244">
      </trkpt>
      <trkpt lat="50.70067098" lon="-119.52023609">
      </trkpt>
      <trkpt lat="50.70060596" lon="-119.52033085">
      </trkpt>
      <trkpt lat="50.70057727" lon="-119.52039901">
      </trkpt>
      <trkpt lat="50.70052174" lon="-119.52048173">
      </trkpt>
      <trkpt lat="50.70047566" lon="-119.52052226">
      </trkpt>
      <trkpt lat="50.70037385" lon="-119.52064368">
      </trkpt>
      <trkpt lat="50.70029067" lon="-119.52075344">
      </trkpt>
      <trkpt lat="50.70024468" lon="-119.52080633">
      </trkpt>
      <trkpt lat="50.70018949" lon="-119.52087478">
      </trkpt>
      <trkpt lat="50.70010682" lon="-119.52095616">
      </trkpt>
      <trkpt lat="50.7000416" lon="-119.52103672">
      </trkpt>
      <trkpt lat="50.70000535" lon="-119.5210633">
      </trkpt>
      <trkpt lat="50.69996857" lon="-119.52108997">
      </trkpt>
      <trkpt lat="50.69987674" lon="-119.52116897">
      </trkpt>
      <trkpt lat="50.69980345" lon="-119.52123648">
      </trkpt>
      <trkpt lat="50.69968547" lon="-119.52130163">
      </trkpt>
      <trkpt lat="50.6995847" lon="-119.52138194">
      </trkpt>
      <trkpt lat="50.69953" lon="-119.52142015">
      </trkpt>
      <trkpt lat="50.69937469" lon="-119.5215119">
      </trkpt>
      <trkpt lat="50.69932" lon="-119.52155011">
      </trkpt>
      <trkpt lat="50.69923792" lon="-119.52160282">
      </trkpt>
      <trkpt lat="50.69915643" lon="-119.52162713">
      </trkpt>
      <trkpt lat="50.69909304" lon="-119.52165223">
      </trkpt>
      <trkpt lat="50.69898416" lon="-119.52168932">
      </trkpt>
      <trkpt lat="50.69880124" lon="-119.52184922">
      </trkpt>
      <trkpt lat="50.69874591" lon="-119.52188738">
      </trkpt>
      <trkpt lat="50.69862649" lon="-119.52202386">
      </trkpt>
      <trkpt lat="50.69856127" lon="-119.52210442">
      </trkpt>
      <trkpt lat="50.69846938" lon="-119.52221188">
      </trkpt>
      <trkpt lat="50.69842281" lon="-119.52228263">
      </trkpt>
      <trkpt lat="50.69835847" lon="-119.52234884">
      </trkpt>
      <trkpt lat="50.69828543" lon="-119.52240208">
      </trkpt>
      <trkpt lat="50.69819276" lon="-119.52252402">
      </trkpt>
      <trkpt lat="50.69803884" lon="-119.52257289">
      </trkpt>
      <trkpt lat="50.6980012" lon="-119.52264234">
      </trkpt>
      <trkpt lat="50.69793677" lon="-119.52270856">
      </trkpt>
      <trkpt lat="50.69788192" lon="-119.52276272">
      </trkpt>
      <trkpt lat="50.69777107" lon="-119.52288374">
      </trkpt>
      <trkpt lat="50.69770717" lon="-119.52293736">
      </trkpt>
      <trkpt lat="50.69764274" lon="-119.52300358">
      </trkpt>
      <trkpt lat="50.69755982" lon="-119.52309921">
      </trkpt>
      <trkpt lat="50.69742097" lon="-119.52326154">
      </trkpt>
      <trkpt lat="50.69735672" lon="-119.52332944">
      </trkpt>
      <trkpt lat="50.69728275" lon="-119.52342378">
      </trkpt>
      <trkpt lat="50.69720841" lon="-119.52353225">
      </trkpt>
      <trkpt lat="50.69716114" lon="-119.52362983">
      </trkpt>
      <trkpt lat="50.69710516" lon="-119.52372498">
      </trkpt>
      <trkpt lat="50.69706693" lon="-119.52382297">
      </trkpt>
      <trkpt lat="50.69702045" lon="-119.52390621">
      </trkpt>
      <trkpt lat="50.69696396" lon="-119.52402988">
      </trkpt>
      <trkpt lat="50.6969166" lon="-119.52412748">
      </trkpt>
      <trkpt lat="50.6968701" lon="-119.52420888">
      </trkpt>
      <trkpt lat="50.69680429" lon="-119.52431797">
      </trkpt>
      <trkpt lat="50.69675805" lon="-119.52438681">
      </trkpt>
      <trkpt lat="50.6967032" lon="-119.52444097">
      </trkpt>
      <trkpt lat="50.69664772" lon="-119.52449523">
      </trkpt>
      <trkpt lat="50.6965646" lon="-119.52458903">
      </trkpt>
      <trkpt lat="50.69650856" lon="-119.52470026">
      </trkpt>
      <trkpt lat="50.69644353" lon="-119.52479501">
      </trkpt>
      <trkpt lat="50.69637919" lon="-119.52486121">
      </trkpt>
      <trkpt lat="50.69622417" lon="-119.52496726">
      </trkpt>
      <trkpt lat="50.69614095" lon="-119.52504857">
      </trkpt>
      <trkpt lat="50.6960681" lon="-119.52511429">
      </trkpt>
      <trkpt lat="50.69597697" lon="-119.52516658">
      </trkpt>
      <trkpt lat="50.69591329" lon="-119.5251775">
      </trkpt>
      <trkpt lat="50.69585014" lon="-119.52518663">
      </trkpt>
      <trkpt lat="50.69569726" lon="-119.52519452">
      </trkpt>
      <trkpt lat="50.69558837" lon="-119.5252316">
      </trkpt>
      <trkpt lat="50.69543409" lon="-119.52529303">
      </trkpt>
      <trkpt lat="50.69537045" lon="-119.52533253">
      </trkpt>
      <trkpt lat="50.69526151" lon="-119.52539807">
      </trkpt>
      <trkpt lat="50.6951066" lon="-119.52545958">
      </trkpt>
      <trkpt lat="50.6950073" lon="-119.52549698">
      </trkpt>
      <trkpt lat="50.69492546" lon="-119.52553371">
      </trkpt>
      <trkpt lat="50.69480703" lon="-119.52560062">
      </trkpt>
      <trkpt lat="50.69462468" lon="-119.52570351">
      </trkpt>
      <trkpt lat="50.69453353" lon="-119.52575395">
      </trkpt>
      <trkpt lat="50.6944698" lon="-119.52579346">
      </trkpt>
      <trkpt lat="50.69436075" lon="-119.52585716">
      </trkpt>
      <trkpt lat="50.69427826" lon="-119.5259402">
      </trkpt>
      <trkpt lat="50.69417585" lon="-119.52609013">
      </trkpt>
      <trkpt lat="50.69413753" lon="-119.52618641">
      </trkpt>
      <trkpt lat="50.69404425" lon="-119.52633672">
      </trkpt>
      <trkpt lat="50.69397897" lon="-119.52644572">
      </trkpt>
      <trkpt lat="50.69392343" lon="-119.52652842">
      </trkpt>
      <trkpt lat="50.6938498" lon="-119.52661018">
      </trkpt>
      <trkpt lat="50.69374807" lon="-119.52673156">
      </trkpt>
      <trkpt lat="50.69370219" lon="-119.52678627">
      </trkpt>
      <trkpt lat="50.69361959" lon="-119.52686747">
      </trkpt>
      <trkpt lat="50.69355462" lon="-119.52693376">
      </trkpt>
      <trkpt lat="50.6934529" lon="-119.52705513">
      </trkpt>
      <trkpt lat="50.69339796" lon="-119.5271093">
      </trkpt>
      <trkpt lat="50.69334242" lon="-119.527192">
      </trkpt>
      <trkpt lat="50.69329504" lon="-119.52728774">
      </trkpt>
      <trkpt lat="50.69326699" lon="-119.52735764">
      </trkpt>
      <trkpt lat="50.69321986" lon="-119.52743912">
      </trkpt>
      <trkpt lat="50.69309785" lon="-119.52768788">
      </trkpt>
      <trkpt lat="50.69301362" lon="-119.52783872">
      </trkpt>
      <trkpt lat="50.69296387" lon="-119.52805029">
      </trkpt>
      <trkpt lat="50.69291677" lon="-119.52816021">
      </trkpt>
      <trkpt lat="50.69285035" lon="-119.52829781">
      </trkpt>
      <trkpt lat="50.69279387" lon="-119.52842331">
      </trkpt>
      <trkpt lat="50.69276547" lon="-119.52850564">
      </trkpt>
      <trkpt lat="50.69273584" lon="-119.52861659">
      </trkpt>
      <trkpt lat="50.69271595" lon="-119.52870124">
      </trkpt>
      <trkpt lat="50.69267728" lon="-119.52881179">
      </trkpt>
      <trkpt lat="50.6926389" lon="-119.52893823">
      </trkpt>
      <trkpt lat="50.69259996" lon="-119.52906289">
      </trkpt>
      <trkpt lat="50.69254134" lon="-119.52928655">
      </trkpt>
      <trkpt lat="50.69249908" lon="-119.52956814">
      </trkpt>
      <trkpt lat="50.69247884" lon="-119.52966536">
      </trkpt>
      <trkpt lat="50.69245044" lon="-119.52974939">
      </trkpt>
      <trkpt lat="50.69243056" lon="-119.52983404">
      </trkpt>
      <trkpt lat="50.69239276" lon="-119.52993024">
      </trkpt>
      <trkpt lat="50.69236289" lon="-119.53005716">
      </trkpt>
      <trkpt lat="50.69231447" lon="-119.530194">
      </trkpt>
      <trkpt lat="50.69226737" lon="-119.53030562">
      </trkpt>
      <trkpt lat="50.69222999" lon="-119.5303608">
      </trkpt>
      <trkpt lat="50.69218374" lon="-119.53042793">
      </trkpt>
      <trkpt lat="50.69205616" lon="-119.53049258">
      </trkpt>
      <trkpt lat="50.69192938" lon="-119.5305429">
      </trkpt>
      <trkpt lat="50.69160376" lon="-119.5306238">
      </trkpt>
      <trkpt lat="50.69154011" lon="-119.53066315">
      </trkpt>
      <trkpt lat="50.69146767" lon="-119.53068784">
      </trkpt>
      <trkpt lat="50.69135023" lon="-119.53069414">
      </trkpt>
      <trkpt lat="50.69125153" lon="-119.53070314">
      </trkpt>
      <trkpt lat="50.69117915" lon="-119.53069937">
      </trkpt>
      <trkpt lat="50.69108055" lon="-119.53071006">
      </trkpt>
      <trkpt lat="50.6909372" lon="-119.53068811">
      </trkpt>
      <trkpt lat="50.69084741" lon="-119.53066724">
      </trkpt>
      <trkpt lat="50.69074006" lon="-119.53063297">
      </trkpt>
      <trkpt lat="50.69068702" lon="-119.53060337">
      </trkpt>
      <trkpt lat="50.69053581" lon="-119.53052382">
      </trkpt>
      <trkpt lat="50.69048238" lon="-119.53047821">
      </trkpt>
      <trkpt lat="50.69032318" lon="-119.53035729">
      </trkpt>
      <trkpt lat="50.69023418" lon="-119.53030971">
      </trkpt>
      <trkpt lat="50.69010013" lon="-119.5302739">
      </trkpt>
      <trkpt lat="50.68998393" lon="-119.53025343">
      </trkpt>
      <trkpt lat="50.68988588" lon="-119.5302053">
      </trkpt>
      <trkpt lat="50.68980534" lon="-119.53018679">
      </trkpt>
      <trkpt lat="50.68972444" lon="-119.53018241">
      </trkpt>
      <trkpt lat="50.68966165" lon="-119.53017911">
      </trkpt>
      <trkpt lat="50.68960721" lon="-119.53019224">
      </trkpt>
      <trkpt lat="50.68951711" lon="-119.53021422">
      </trkpt>
      <trkpt lat="50.68943562" lon="-119.53023837">
      </trkpt>
      <trkpt lat="50.68930958" lon="-119.53023169">
      </trkpt>
      <trkpt lat="50.68918279" lon="-119.53028201">
      </trkpt>
      <trkpt lat="50.689136" lon="-119.53034921">
      </trkpt>
      <trkpt lat="50.68902338" lon="-119.5305842">
      </trkpt>
      <trkpt lat="50.68899196" lon="-119.53078072">
      </trkpt>
      <trkpt lat="50.68896173" lon="-119.53092019">
      </trkpt>
      <trkpt lat="50.68895054" lon="-119.53101951">
      </trkpt>
      <trkpt lat="50.68895685" lon="-119.53114659">
      </trkpt>
      <trkpt lat="50.68895506" lon="-119.53123217">
      </trkpt>
      <trkpt lat="50.68894352" lon="-119.53134405">
      </trkpt>
      <trkpt lat="50.68893223" lon="-119.53144167">
      </trkpt>
      <trkpt lat="50.68889359" lon="-119.53158236">
      </trkpt>
      <trkpt lat="50.68882065" lon="-119.53163556">
      </trkpt>
      <trkpt lat="50.68870263" lon="-119.53167223">
      </trkpt>
      <trkpt lat="50.68859417" lon="-119.53170738">
      </trkpt>
      <trkpt lat="50.68850373" lon="-119.53173111">
      </trkpt>
      <trkpt lat="50.68840415" lon="-119.53175445">
      </trkpt>
      <trkpt lat="50.68826865" lon="-119.53178995">
      </trkpt>
      <trkpt lat="50.68808782" lon="-119.53182148">
      </trkpt>
      <trkpt lat="50.68797919" lon="-119.53184428">
      </trkpt>
      <trkpt lat="50.68787988" lon="-119.53188166">
      </trkpt>
      <trkpt lat="50.68780665" lon="-119.53192068">
      </trkpt>
      <trkpt lat="50.68759802" lon="-119.5320077">
      </trkpt>
      <trkpt lat="50.68743658" lon="-119.5319848">
      </trkpt>
      <trkpt lat="50.68737438" lon="-119.53195297">
      </trkpt>
      <trkpt lat="50.68732167" lon="-119.53190897">
      </trkpt>
      <trkpt lat="50.68725077" lon="-119.53186233">
      </trkpt>
      <trkpt lat="50.68718804" lon="-119.53183057">
      </trkpt>
      <trkpt lat="50.68712549" lon="-119.53181287">
      </trkpt>
      <trkpt lat="50.68704469" lon="-119.53180862">
      </trkpt>
      <trkpt lat="50.6869632" lon="-119.53183276">
      </trkpt>
      <trkpt lat="50.68683676" lon="-119.5318688">
      </trkpt>
      <trkpt lat="50.68676362" lon="-119.53192032">
      </trkpt>
      <trkpt lat="50.68668128" lon="-119.53198725">
      </trkpt>
      <trkpt lat="50.68661665" lon="-119.53203924">
      </trkpt>
      <trkpt lat="50.6865077" lon="-119.53210475">
      </trkpt>
      <trkpt lat="50.68640752" lon="-119.53215662">
      </trkpt>
      <trkpt lat="50.68631639" lon="-119.53220889">
      </trkpt>
      <trkpt lat="50.68619829" lon="-119.53227216">
      </trkpt>
      <trkpt lat="50.68611654" lon="-119.53231056">
      </trkpt>
      <trkpt lat="50.6860441" lon="-119.53233524">
      </trkpt>
      <trkpt lat="50.68589997" lon="-119.53232762">
      </trkpt>
      <trkpt lat="50.68578377" lon="-119.53230714">
      </trkpt>
      <trkpt lat="50.68566728" lon="-119.53227235">
      </trkpt>
      <trkpt lat="50.68556918" lon="-119.53225282">
      </trkpt>
      <trkpt lat="50.68548743" lon="-119.53229122">
      </trkpt>
      <trkpt lat="50.68543195" lon="-119.53234544">
      </trkpt>
      <trkpt lat="50.68536691" lon="-119.53244016">
      </trkpt>
      <trkpt lat="50.68532868" lon="-119.53253811">
      </trkpt>
      <trkpt lat="50.68529183" lon="-119.5325932">
      </trkpt>
      <trkpt lat="50.68521809" lon="-119.53267324">
      </trkpt>
      <trkpt lat="50.6851266" lon="-119.53273793">
      </trkpt>
      <trkpt lat="50.6850005" lon="-119.5327597">
      </trkpt>
      <trkpt lat="50.68491867" lon="-119.53279825">
      </trkpt>
      <trkpt lat="50.68484544" lon="-119.53283726">
      </trkpt>
      <trkpt lat="50.68477229" lon="-119.53288864">
      </trkpt>
      <trkpt lat="50.6846996" lon="-119.53292757">
      </trkpt>
      <trkpt lat="50.68458945" lon="-119.53305013">
      </trkpt>
      <trkpt lat="50.68451399" lon="-119.5331873">
      </trkpt>
      <trkpt lat="50.68445774" lon="-119.53329666">
      </trkpt>
      <trkpt lat="50.68436482" lon="-119.5334345">
      </trkpt>
      <trkpt lat="50.68431856" lon="-119.53350161">
      </trkpt>
      <trkpt lat="50.68425268" lon="-119.5336391">
      </trkpt>
      <trkpt lat="50.68416855" lon="-119.53379174">
      </trkpt>
      <trkpt lat="50.6841127" lon="-119.53385839">
      </trkpt>
      <trkpt lat="50.68403847" lon="-119.53396864">
      </trkpt>
      <trkpt lat="50.68395363" lon="-119.53414797">
      </trkpt>
      <trkpt lat="50.68393375" lon="-119.5342326">
      </trkpt>
      <trkpt lat="50.68392161" lon="-119.534373">
      </trkpt>
      <trkpt lat="50.68385572" lon="-119.53451048">
      </trkpt>
      <trkpt lat="50.68380052" lon="-119.53457889">
      </trkpt>
      <trkpt lat="50.68369869" lon="-119.53470023">
      </trkpt>
      <trkpt lat="50.6836155" lon="-119.53481007">
      </trkpt>
      <trkpt lat="50.68349403" lon="-119.53499995">
      </trkpt>
      <trkpt lat="50.68333831" lon="-119.53513447">
      </trkpt>
      <trkpt lat="50.68327465" lon="-119.53517381">
      </trkpt>
      <trkpt lat="50.68321116" lon="-119.53519719">
      </trkpt>
      <trkpt lat="50.68301933" lon="-119.53532982">
      </trkpt>
      <trkpt lat="50.68296308" lon="-119.53543918">
      </trkpt>
      <trkpt lat="50.68293379" lon="-119.53553583">
      </trkpt>
      <trkpt lat="50.68290539" lon="-119.53561998">
      </trkpt>
      <trkpt lat="50.68285716" lon="-119.53576018">
      </trkpt>
      <trkpt lat="50.68279187" lon="-119.53586914">
      </trkpt>
      <trkpt lat="50.68269039" lon="-119.53597621">
      </trkpt>
      <trkpt lat="50.68261769" lon="-119.53601514">
      </trkpt>
      <trkpt lat="50.68253595" lon="-119.53605367">
      </trkpt>
      <trkpt lat="50.68247255" lon="-119.53607874">
      </trkpt>
      <trkpt lat="50.68238141" lon="-119.536131">
      </trkpt>
      <trkpt lat="50.68229897" lon="-119.53619622">
      </trkpt>
      <trkpt lat="50.68220638" lon="-119.53631978">
      </trkpt>
      <trkpt lat="50.68214143" lon="-119.53641447">
      </trkpt>
      <trkpt lat="50.68207625" lon="-119.53652526">
      </trkpt>
      <trkpt lat="50.68201972" lon="-119.53662043">
      </trkpt>
      <trkpt lat="50.68195511" lon="-119.53670085">
      </trkpt>
      <trkpt lat="50.68187183" lon="-119.53681069">
      </trkpt>
      <trkpt lat="50.68180664" lon="-119.53692134">
      </trkpt>
      <trkpt lat="50.6817665" lon="-119.53710316">
      </trkpt>
      <trkpt lat="50.68175461" lon="-119.53722929">
      </trkpt>
      <trkpt lat="50.68173501" lon="-119.53732809">
      </trkpt>
      <trkpt lat="50.68169597" lon="-119.53745274">
      </trkpt>
      <trkpt lat="50.68165763" lon="-119.53754898">
      </trkpt>
      <trkpt lat="50.68159244" lon="-119.53765963">
      </trkpt>
      <trkpt lat="50.68148313" lon="-119.53773768">
      </trkpt>
      <trkpt lat="50.68135606" lon="-119.53777379">
      </trkpt>
      <trkpt lat="50.68128396" lon="-119.53778419">
      </trkpt>
      <trkpt lat="50.68119402" lon="-119.5377794">
      </trkpt>
      <trkpt lat="50.68112192" lon="-119.5377898">
      </trkpt>
      <trkpt lat="50.68105008" lon="-119.53778595">
      </trkpt>
      <trkpt lat="50.68099607" lon="-119.53779729">
      </trkpt>
      <trkpt lat="50.68094179" lon="-119.53779446">
      </trkpt>
      <trkpt lat="50.68087873" lon="-119.53780527">
      </trkpt>
      <trkpt lat="50.68080663" lon="-119.53781567">
      </trkpt>
      <trkpt lat="50.68068078" lon="-119.53782317">
      </trkpt>
      <trkpt lat="50.68061039" lon="-119.53774801">
      </trkpt>
      <trkpt lat="50.68054886" lon="-119.53765921">
      </trkpt>
      <trkpt lat="50.6803105" lon="-119.53747678">
      </trkpt>
      <trkpt lat="50.68022185" lon="-119.53741492">
      </trkpt>
      <trkpt lat="50.68008692" lon="-119.53739344">
      </trkpt>
      <trkpt lat="50.67999786" lon="-119.5373743">
      </trkpt>
      <trkpt lat="50.67984557" lon="-119.53735363">
      </trkpt>
      <trkpt lat="50.67969264" lon="-119.53733133">
      </trkpt>
      <trkpt lat="50.67955619" lon="-119.53740789">
      </trkpt>
      <trkpt lat="50.6794026" lon="-119.53744243">
      </trkpt>
      <trkpt lat="50.6792857" lon="-119.53744863">
      </trkpt>
      <trkpt lat="50.67912685" lon="-119.53731515">
      </trkpt>
      <trkpt lat="50.67908487" lon="-119.537156">
      </trkpt>
      <trkpt lat="50.67906891" lon="-119.53705522">
      </trkpt>
      <trkpt lat="50.67900956" lon="-119.53689843">
      </trkpt>
      <trkpt lat="50.6789501" lon="-119.53673825">
      </trkpt>
      <trkpt lat="50.67890694" lon="-119.53666443">
      </trkpt>
      <trkpt lat="50.67886445" lon="-119.53653549">
      </trkpt>
      <trkpt lat="50.67883094" lon="-119.5364337">
      </trkpt>
      <trkpt lat="50.67873754" lon="-119.53617533">
      </trkpt>
      <trkpt lat="50.67869532" lon="-119.53605873">
      </trkpt>
      <trkpt lat="50.67859038" lon="-119.53591222">
      </trkpt>
      <trkpt lat="50.67851102" lon="-119.53583652">
      </trkpt>
      <trkpt lat="50.67845012" lon="-119.53574934">
      </trkpt>
      <trkpt lat="50.67838067" lon="-119.5356314">
      </trkpt>
      <trkpt lat="50.67833947" lon="-119.53544541">
      </trkpt>
      <trkpt lat="50.67831655" lon="-119.53527455">
      </trkpt>
      <trkpt lat="50.6783105" lon="-119.53513154">
      </trkpt>
      <trkpt lat="50.67832229" lon="-119.53500544">
      </trkpt>
      <trkpt lat="50.67837497" lon="-119.53464054">
      </trkpt>
      <trkpt lat="50.67839486" lon="-119.53455592">
      </trkpt>
      <trkpt lat="50.67846103" lon="-119.53443263">
      </trkpt>
      <trkpt lat="50.67848944" lon="-119.53435033">
      </trkpt>
      <trkpt lat="50.67852777" lon="-119.53425238">
      </trkpt>
      <trkpt lat="50.67851206" lon="-119.53413735">
      </trkpt>
      <trkpt lat="50.67847862" lon="-119.53400896">
      </trkpt>
      <trkpt lat="50.67845415" lon="-119.53390757">
      </trkpt>
      <trkpt lat="50.67843855" lon="-119.53379437">
      </trkpt>
      <trkpt lat="50.67842329" lon="-119.53366677">
      </trkpt>
      <trkpt lat="50.67843688" lon="-119.53345509">
      </trkpt>
      <trkpt lat="50.67846865" lon="-119.53324435">
      </trkpt>
      <trkpt lat="50.67847974" lon="-119.53314507">
      </trkpt>
      <trkpt lat="50.67849223" lon="-119.53299043">
      </trkpt>
      <trkpt lat="50.67848533" lon="-119.5328919">
      </trkpt>
      <trkpt lat="50.67846031" lon="-119.53279058">
      </trkpt>
      <trkpt lat="50.67843516" lon="-119.53271787">
      </trkpt>
      <trkpt lat="50.67840146" lon="-119.53260359">
      </trkpt>
      <trkpt lat="50.6783948" lon="-119.5324891">
      </trkpt>
      <trkpt lat="50.67838984" lon="-119.5319086">
      </trkpt>
      <trkpt lat="50.67838303" lon="-119.53181006">
      </trkpt>
      <trkpt lat="50.67837603" lon="-119.53170984">
      </trkpt>
      <trkpt lat="50.67837066" lon="-119.53154">
      </trkpt>
      <trkpt lat="50.6784374" lon="-119.53135975">
      </trkpt>
      <trkpt lat="50.67848442" lon="-119.53127647">
      </trkpt>
      <trkpt lat="50.67859561" lon="-119.53111297">
      </trkpt>
      <trkpt lat="50.67865238" lon="-119.5310034">
      </trkpt>
      <trkpt lat="50.67870912" lon="-119.53086369">
      </trkpt>
      <trkpt lat="50.67877611" lon="-119.53066918">
      </trkpt>
      <trkpt lat="50.67882418" lon="-119.53054494">
      </trkpt>
      <trkpt lat="50.67888161" lon="-119.53037854">
      </trkpt>
      <trkpt lat="50.67891259" lon="-119.53019449">
      </trkpt>
      <trkpt lat="50.67894316" lon="-119.53004079">
      </trkpt>
      <trkpt lat="50.67894685" lon="-119.52987149">
      </trkpt>
      <trkpt lat="50.67885094" lon="-119.52972539">
      </trkpt>
      <trkpt lat="50.67868499" lon="-119.52948989">
      </trkpt>
      <trkpt lat="50.67852269" lon="-119.52950978">
      </trkpt>
      <trkpt lat="50.6784767" lon="-119.52956264">
      </trkpt>
      <trkpt lat="50.67840187" lon="-119.52970141">
      </trkpt>
      <trkpt lat="50.67836438" lon="-119.52975474">
      </trkpt>
      <trkpt lat="50.67830918" lon="-119.52982314">
      </trkpt>
      <trkpt lat="50.67822684" lon="-119.5298902">
      </trkpt>
      <trkpt lat="50.67814416" lon="-119.52997138">
      </trkpt>
      <trkpt lat="50.67808858" lon="-119.53002391">
      </trkpt>
      <trkpt lat="50.67798594" lon="-119.53021646">
      </trkpt>
      <trkpt lat="50.67794725" lon="-119.53032683">
      </trkpt>
      <trkpt lat="50.67789197" lon="-119.53039524">
      </trkpt>
      <trkpt lat="50.67775285" lon="-119.53057173">
      </trkpt>
      <trkpt lat="50.67761557" lon="-119.53069293">
      </trkpt>
      <trkpt lat="50.67750669" lon="-119.53072998">
      </trkpt>
      <trkpt lat="50.67740823" lon="-119.53072458">
      </trkpt>
      <trkpt lat="50.67729113" lon="-119.53071661">
      </trkpt>
      <trkpt lat="50.67716435" lon="-119.53076692">
      </trkpt>
      <trkpt lat="50.67705546" lon="-119.53080397">
      </trkpt>
      <trkpt lat="50.67698302" lon="-119.53082865">
      </trkpt>
      <trkpt lat="50.67681098" lon="-119.53087482">
      </trkpt>
      <trkpt lat="50.67654816" lon="-119.53096084">
      </trkpt>
      <trkpt lat="50.67645746" lon="-119.53101119">
      </trkpt>
      <trkpt lat="50.67638363" lon="-119.53107872">
      </trkpt>
      <trkpt lat="50.67629243" lon="-119.53115942">
      </trkpt>
      <trkpt lat="50.67611041" lon="-119.53124798">
      </trkpt>
      <trkpt lat="50.67594718" lon="-119.53131065">
      </trkpt>
      <trkpt lat="50.67581089" lon="-119.53136047">
      </trkpt>
      <trkpt lat="50.67571114" lon="-119.53141042">
      </trkpt>
      <trkpt lat="50.6756381" lon="-119.53146362">
      </trkpt>
      <trkpt lat="50.67542748" lon="-119.53162198">
      </trkpt>
      <trkpt lat="50.67531879" lon="-119.53167322">
      </trkpt>
      <trkpt lat="50.67522705" lon="-119.53175229">
      </trkpt>
      <trkpt lat="50.67511807" lon="-119.53178936">
      </trkpt>
      <trkpt lat="50.67503692" lon="-119.53179923">
      </trkpt>
      <trkpt lat="50.67488393" lon="-119.5318054">
      </trkpt>
      <trkpt lat="50.67472178" lon="-119.53180919">
      </trkpt>
      <trkpt lat="50.67458733" lon="-119.53180373">
      </trkpt>
      <trkpt lat="50.67451515" lon="-119.53181415">
      </trkpt>
      <trkpt lat="50.67431726" lon="-119.53180363">
      </trkpt>
      <trkpt lat="50.67408327" lon="-119.53180373">
      </trkpt>
      <trkpt lat="50.67399318" lon="-119.53181489">
      </trkpt>
      <trkpt lat="50.67385843" lon="-119.53180592">
      </trkpt>
      <trkpt lat="50.67375014" lon="-119.53181444">
      </trkpt>
      <trkpt lat="50.67368769" lon="-119.53179688">
      </trkpt>
      <trkpt lat="50.67360893" lon="-119.53169267">
      </trkpt>
      <trkpt lat="50.67354018" lon="-119.53154807">
      </trkpt>
      <trkpt lat="50.67350641" lon="-119.53146225">
      </trkpt>
      <trkpt lat="50.67348176" lon="-119.53134852">
      </trkpt>
      <trkpt lat="50.67348415" lon="-119.53123445">
      </trkpt>
      <trkpt lat="50.67349533" lon="-119.53113517">
      </trkpt>
      <trkpt lat="50.67358827" lon="-119.53099906">
      </trkpt>
      <trkpt lat="50.67373281" lon="-119.53096397">
      </trkpt>
      <trkpt lat="50.6737963" lon="-119.53094059">
      </trkpt>
      <trkpt lat="50.67389649" lon="-119.53088887">
      </trkpt>
      <trkpt lat="50.67395203" lon="-119.53080621">
      </trkpt>
      <trkpt lat="50.67399976" lon="-119.53069625">
      </trkpt>
      <trkpt lat="50.67400165" lon="-119.53061239">
      </trkpt>
      <trkpt lat="50.67393279" lon="-119.53046595">
      </trkpt>
      <trkpt lat="50.67385284" lon="-119.53041893">
      </trkpt>
      <trkpt lat="50.67377254" lon="-119.53038603">
      </trkpt>
      <trkpt lat="50.6736378" lon="-119.53036639">
      </trkpt>
      <trkpt lat="50.67352209" lon="-119.53031558">
      </trkpt>
      <trkpt lat="50.6733803" lon="-119.53022418">
      </trkpt>
      <trkpt lat="50.67330786" lon="-119.53024886">
      </trkpt>
      <trkpt lat="50.67327037" lon="-119.53030218">
      </trkpt>
      <trkpt lat="50.6731288" lon="-119.53062117">
      </trkpt>
      <trkpt lat="50.67305396" lon="-119.53075821">
      </trkpt>
      <trkpt lat="50.67288193" lon="-119.53080609">
      </trkpt>
      <trkpt lat="50.67281829" lon="-119.53084556">
      </trkpt>
      <trkpt lat="50.67267977" lon="-119.53099351">
      </trkpt>
      <trkpt lat="50.67260662" lon="-119.53104487">
      </trkpt>
      <trkpt lat="50.67256073" lon="-119.53109955">
      </trkpt>
      <trkpt lat="50.67251404" lon="-119.53116841">
      </trkpt>
      <trkpt lat="50.67247659" lon="-119.53125201">
      </trkpt>
      <trkpt lat="50.67242" lon="-119.53137391">
      </trkpt>
      <trkpt lat="50.67240762" lon="-119.53153036">
      </trkpt>
      <trkpt lat="50.67240459" lon="-119.53164268">
      </trkpt>
      <trkpt lat="50.6723482" lon="-119.5317681">
      </trkpt>
      <trkpt lat="50.67230161" lon="-119.53184946">
      </trkpt>
      <trkpt lat="50.67223677" lon="-119.53194597">
      </trkpt>
      <trkpt lat="50.67221583" lon="-119.53207153">
      </trkpt>
      <trkpt lat="50.67214523" lon="-119.53240869">
      </trkpt>
      <trkpt lat="50.67208899" lon="-119.53251817">
      </trkpt>
      <trkpt lat="50.67193146" lon="-119.53273637">
      </trkpt>
      <trkpt lat="50.67183902" lon="-119.53284383">
      </trkpt>
      <trkpt lat="50.67175634" lon="-119.53292514">
      </trkpt>
      <trkpt lat="50.67164615" lon="-119.53301738">
      </trkpt>
      <trkpt lat="50.67158191" lon="-119.53308537">
      </trkpt>
      <trkpt lat="50.67148888" lon="-119.53322133">
      </trkpt>
      <trkpt lat="50.67142359" lon="-119.53333027">
      </trkpt>
      <trkpt lat="50.67136659" lon="-119.5334842">
      </trkpt>
      <trkpt lat="50.6713013" lon="-119.53359314">
      </trkpt>
      <trkpt lat="50.67118028" lon="-119.53377053">
      </trkpt>
      <trkpt lat="50.67106024" lon="-119.53393541">
      </trkpt>
      <trkpt lat="50.67100431" lon="-119.53400205">
      </trkpt>
      <trkpt lat="50.67095876" lon="-119.53404246">
      </trkpt>
      <trkpt lat="50.67079482" lon="-119.5341318">
      </trkpt>
      <trkpt lat="50.67074063" lon="-119.53413081">
      </trkpt>
      <trkpt lat="50.67064192" lon="-119.53413965">
      </trkpt>
      <trkpt lat="50.67054283" lon="-119.53413263">
      </trkpt>
      <trkpt lat="50.67039923" lon="-119.53412493">
      </trkpt>
      <trkpt lat="50.67033609" lon="-119.53413589">
      </trkpt>
      <trkpt lat="50.67025529" lon="-119.53413149">
      </trkpt>
      <trkpt lat="50.6701563" lon="-119.5341263">
      </trkpt>
      <trkpt lat="50.67007575" lon="-119.53410765">
      </trkpt>
      <trkpt lat="50.67002276" lon="-119.53404963">
      </trkpt>
      <trkpt lat="50.67002594" lon="-119.53392123">
      </trkpt>
      <trkpt lat="50.67006443" lon="-119.53379655">
      </trkpt>
      <trkpt lat="50.67012023" lon="-119.53369966">
      </trkpt>
      <trkpt lat="50.67017761" lon="-119.53356173">
      </trkpt>
      <trkpt lat="50.67024469" lon="-119.53336725">
      </trkpt>
      <trkpt lat="50.67032953" lon="-119.53318798">
      </trkpt>
      <trkpt lat="50.67038592" lon="-119.53306256">
      </trkpt>
      <trkpt lat="50.67041496" lon="-119.53298019">
      </trkpt>
      <trkpt lat="50.67049049" lon="-119.53281462">
      </trkpt>
      <trkpt lat="50.67056543" lon="-119.53267771">
      </trkpt>
      <trkpt lat="50.6706053" lon="-119.53251019">
      </trkpt>
      <trkpt lat="50.67061819" lon="-119.53232538">
      </trkpt>
      <trkpt lat="50.67052014" lon="-119.53227727">
      </trkpt>
      <trkpt lat="50.67038285" lon="-119.53239845">
      </trkpt>
      <trkpt lat="50.67013966" lon="-119.53241394">
      </trkpt>
      <trkpt lat="50.67003128" lon="-119.53242248">
      </trkpt>
      <trkpt lat="50.66996012" lon="-119.53239011">
      </trkpt>
      <trkpt lat="50.66991722" lon="-119.5323022">
      </trkpt>
      <trkpt lat="50.66991211" lon="-119.53211814">
      </trkpt>
      <trkpt lat="50.66993542" lon="-119.53187838">
      </trkpt>
      <trkpt lat="50.66998347" lon="-119.53172574">
      </trkpt>
      <trkpt lat="50.67001285" lon="-119.5316291">
      </trkpt>
      <trkpt lat="50.67004204" lon="-119.53153078">
      </trkpt>
      <trkpt lat="50.67008878" lon="-119.53143334">
      </trkpt>
      <trkpt lat="50.67010852" lon="-119.53136481">
      </trkpt>
      <trkpt lat="50.67017586" lon="-119.53115608">
      </trkpt>
      <trkpt lat="50.67022382" lon="-119.53103003">
      </trkpt>
      <trkpt lat="50.67031021" lon="-119.5307813">
      </trkpt>
      <trkpt lat="50.67036754" lon="-119.5306131">
      </trkpt>
      <trkpt lat="50.67040687" lon="-119.53044565">
      </trkpt>
      <trkpt lat="50.67044641" lon="-119.53029253">
      </trkpt>
      <trkpt lat="50.67048781" lon="-119.5300537">
      </trkpt>
      <trkpt lat="50.67051716" lon="-119.52992863">
      </trkpt>
      <trkpt lat="50.67060542" lon="-119.52959433">
      </trkpt>
      <trkpt lat="50.67063461" lon="-119.52949587">
      </trkpt>
      <trkpt lat="50.67064768" lon="-119.52931274">
      </trkpt>
      <trkpt lat="50.67070939" lon="-119.52894844">
      </trkpt>
      <trkpt lat="50.67073012" lon="-119.52882106">
      </trkpt>
      <trkpt lat="50.67075284" lon="-119.52860995">
      </trkpt>
      <trkpt lat="50.67078247" lon="-119.52849906">
      </trkpt>
      <trkpt lat="50.67080302" lon="-119.52835919">
      </trkpt>
      <trkpt lat="50.67085373" lon="-119.52810665">
      </trkpt>
      <trkpt lat="50.67085682" lon="-119.5279659">
      </trkpt>
      <trkpt lat="50.67090484" lon="-119.52781141">
      </trkpt>
      <trkpt lat="50.6709721" lon="-119.5276311">
      </trkpt>
      <trkpt lat="50.67104729" lon="-119.52747993">
      </trkpt>
      <trkpt lat="50.67111281" lon="-119.52735489">
      </trkpt>
      <trkpt lat="50.67114244" lon="-119.52724399">
      </trkpt>
      <trkpt lat="50.67113886" lon="-119.52698863">
      </trkpt>
      <trkpt lat="50.67102366" lon="-119.52689866">
      </trkpt>
      <trkpt lat="50.67096146" lon="-119.52686685">
      </trkpt>
      <trkpt lat="50.67088031" lon="-119.52687673">
      </trkpt>
      <trkpt lat="50.67076068" lon="-119.52701129">
      </trkpt>
      <trkpt lat="50.67067646" lon="-119.52716206">
      </trkpt>
      <trkpt lat="50.67063848" lon="-119.52724574">
      </trkpt>
      <trkpt lat="50.67054546" lon="-119.52738186">
      </trkpt>
      <trkpt lat="50.67047813" lon="-119.5275906">
      </trkpt>
      <trkpt lat="50.67042991" lon="-119.52773076">
      </trkpt>
      <trkpt lat="50.67039237" lon="-119.52781266">
      </trkpt>
      <trkpt lat="50.67030933" lon="-119.5279064">
      </trkpt>
      <trkpt lat="50.6701902" lon="-119.52799995">
      </trkpt>
      <trkpt lat="50.67010786" lon="-119.528067">
      </trkpt>
      <trkpt lat="50.67001571" lon="-119.52818863">
      </trkpt>
      <trkpt lat="50.6699318" lon="-119.5282967">
      </trkpt>
      <trkpt lat="50.66986781" lon="-119.52835044">
      </trkpt>
      <trkpt lat="50.66975767" lon="-119.52847297">
      </trkpt>
      <trkpt lat="50.66969374" lon="-119.52849812">
      </trkpt>
      <trkpt lat="50.66959458" lon="-119.52851955">
      </trkpt>
      <trkpt lat="50.66949535" lon="-119.52852863">
      </trkpt>
      <trkpt lat="50.66941419" lon="-119.52853851">
      </trkpt>
      <trkpt lat="50.66932425" lon="-119.52853373">
      </trkpt>
      <trkpt lat="50.66917186" lon="-119.52851139">
      </trkpt>
      <trkpt lat="50.66911726" lon="-119.52855126">
      </trkpt>
      <trkpt lat="50.66907013" lon="-119.5286327">
      </trkpt>
      <trkpt lat="50.66904173" lon="-119.52871669">
      </trkpt>
      <trkpt lat="50.6690022" lon="-119.52886995">
      </trkpt>
      <trkpt lat="50.66888392" lon="-119.52892072">
      </trkpt>
      <trkpt lat="50.66877821" lon="-119.52882938">
      </trkpt>
      <trkpt lat="50.66875296" lon="-119.52874419">
      </trkpt>
      <trkpt lat="50.66875509" lon="-119.52864438">
      </trkpt>
      <trkpt lat="50.66875699" lon="-119.52856066">
      </trkpt>
      <trkpt lat="50.66878617" lon="-119.52846221">
      </trkpt>
      <trkpt lat="50.66885265" lon="-119.52829624">
      </trkpt>
      <trkpt lat="50.66888193" lon="-119.52819791">
      </trkpt>
      <trkpt lat="50.66891085" lon="-119.5281137">
      </trkpt>
      <trkpt lat="50.66894985" lon="-119.52796066">
      </trkpt>
      <trkpt lat="50.66899042" lon="-119.52776645">
      </trkpt>
      <trkpt lat="50.669048" lon="-119.527584">
      </trkpt>
      <trkpt lat="50.66911413" lon="-119.5274323">
      </trkpt>
      <trkpt lat="50.66915211" lon="-119.52734863">
      </trkpt>
      <trkpt lat="50.66927303" lon="-119.52715873">
      </trkpt>
      <trkpt lat="50.66933945" lon="-119.5270212">
      </trkpt>
      <trkpt lat="50.66940548" lon="-119.5268678">
      </trkpt>
      <trkpt lat="50.6694641" lon="-119.52664426">
      </trkpt>
      <trkpt lat="50.66953117" lon="-119.52644977">
      </trkpt>
      <trkpt lat="50.66956199" lon="-119.52628185">
      </trkpt>
      <trkpt lat="50.66959485" lon="-119.52601412">
      </trkpt>
      <trkpt lat="50.66962627" lon="-119.52581768">
      </trkpt>
      <trkpt lat="50.66967584" lon="-119.52559373">
      </trkpt>
      <trkpt lat="50.66972551" lon="-119.52537162">
      </trkpt>
      <trkpt lat="50.66974718" lon="-119.52520146">
      </trkpt>
      <trkpt lat="50.66974906" lon="-119.5251176">
      </trkpt>
      <trkpt lat="50.66967021" lon="-119.52501357">
      </trkpt>
      <trkpt lat="50.66961725" lon="-119.52498384">
      </trkpt>
      <trkpt lat="50.66955341" lon="-119.5250215">
      </trkpt>
      <trkpt lat="50.66949821" lon="-119.52508989">
      </trkpt>
      <trkpt lat="50.66940623" lon="-119.52518492">
      </trkpt>
      <trkpt lat="50.6693143" lon="-119.52526218">
      </trkpt>
      <trkpt lat="50.66915749" lon="-119.52545372">
      </trkpt>
      <trkpt lat="50.66910976" lon="-119.52556367">
      </trkpt>
      <trkpt lat="50.66904329" lon="-119.52572964">
      </trkpt>
      <trkpt lat="50.6689875" lon="-119.52582655">
      </trkpt>
      <trkpt lat="50.66880274" lon="-119.5260433">
      </trkpt>
      <trkpt lat="50.66864701" lon="-119.52617597">
      </trkpt>
      <trkpt lat="50.66855613" lon="-119.52621398">
      </trkpt>
      <trkpt lat="50.66842909" lon="-119.52627853">
      </trkpt>
      <trkpt lat="50.66830961" lon="-119.52638464">
      </trkpt>
      <trkpt lat="50.66819875" lon="-119.52650557">
      </trkpt>
      <trkpt lat="50.66813484" lon="-119.52655915">
      </trkpt>
      <trkpt lat="50.66806206" lon="-119.5265981">
      </trkpt>
      <trkpt lat="50.66795282" lon="-119.52664771">
      </trkpt>
      <trkpt lat="50.66785317" lon="-119.52669935">
      </trkpt>
      <trkpt lat="50.66762506" lon="-119.52682826">
      </trkpt>
      <trkpt lat="50.66749648" lon="-119.52696411">
      </trkpt>
      <trkpt lat="50.66737694" lon="-119.52709865">
      </trkpt>
      <trkpt lat="50.66728417" lon="-119.52722051">
      </trkpt>
      <trkpt lat="50.66717339" lon="-119.52734127">
      </trkpt>
      <trkpt lat="50.66695403" lon="-119.52751511">
      </trkpt>
      <trkpt lat="50.6668081" lon="-119.52759305">
      </trkpt>
      <trkpt lat="50.66671775" lon="-119.52762927">
      </trkpt>
      <trkpt lat="50.66660006" lon="-119.52765153">
      </trkpt>
      <trkpt lat="50.66652796" lon="-119.52766195">
      </trkpt>
      <trkpt lat="50.66653999" lon="-119.52751991">
      </trkpt>
      <trkpt lat="50.66664446" lon="-119.527272">
      </trkpt>
      <trkpt lat="50.66670034" lon="-119.52717508">
      </trkpt>
      <trkpt lat="50.66680351" lon="-119.5269825">
      </trkpt>
      <trkpt lat="50.66690678" lon="-119.5267899">
      </trkpt>
      <trkpt lat="50.66703854" lon="-119.52651501">
      </trkpt>
      <trkpt lat="50.66715408" lon="-119.52616613">
      </trkpt>
      <trkpt lat="50.66719187" lon="-119.52606998">
      </trkpt>
      <trkpt lat="50.66725819" lon="-119.52593076">
      </trkpt>
      <trkpt lat="50.66731527" lon="-119.52577852">
      </trkpt>
      <trkpt lat="50.66744703" lon="-119.52550362">
      </trkpt>
      <trkpt lat="50.66757017" lon="-119.52522641">
      </trkpt>
      <trkpt lat="50.66764561" lon="-119.525061">
      </trkpt>
      <trkpt lat="50.66773196" lon="-119.52481042">
      </trkpt>
      <trkpt lat="50.66776063" lon="-119.52474047">
      </trkpt>
      <trkpt lat="50.66786202" lon="-119.52463342">
      </trkpt>
      <trkpt lat="50.66793565" lon="-119.5245517">
      </trkpt>
      <trkpt lat="50.66799095" lon="-119.52448514">
      </trkpt>
      <trkpt lat="50.66802903" lon="-119.52440317">
      </trkpt>
      <trkpt lat="50.6680518" lon="-119.52416363">
      </trkpt>
      <trkpt lat="50.66803628" lon="-119.52406282">
      </trkpt>
      <trkpt lat="50.66800127" lon="-119.52400391">
      </trkpt>
      <trkpt lat="50.66788368" lon="-119.52402617">
      </trkpt>
      <trkpt lat="50.66779283" lon="-119.52409261">
      </trkpt>
      <trkpt lat="50.66770945" lon="-119.52420061">
      </trkpt>
      <trkpt lat="50.66761747" lon="-119.52429564">
      </trkpt>
      <trkpt lat="50.66755304" lon="-119.52436181">
      </trkpt>
      <trkpt lat="50.66747045" lon="-119.52444311">
      </trkpt>
      <trkpt lat="50.66741393" lon="-119.52453827">
      </trkpt>
      <trkpt lat="50.66730251" lon="-119.52471614">
      </trkpt>
      <trkpt lat="50.66725548" lon="-119.52479927">
      </trkpt>
      <trkpt lat="50.66715375" lon="-119.52492058">
      </trkpt>
      <trkpt lat="50.66703517" lon="-119.52501419">
      </trkpt>
      <trkpt lat="50.66689003" lon="-119.52507781">
      </trkpt>
      <trkpt lat="50.66685528" lon="-119.52500465">
      </trkpt>
      <trkpt lat="50.66687636" lon="-119.52486302">
      </trkpt>
      <trkpt lat="50.66692235" lon="-119.52481017">
      </trkpt>
      <trkpt lat="50.66698806" lon="-119.52469933">
      </trkpt>
      <trkpt lat="50.66708925" lon="-119.52457809">
      </trkpt>
      <trkpt lat="50.66715542" lon="-119.52445482">
      </trkpt>
      <trkpt lat="50.66723964" lon="-119.52430405">
      </trkpt>
      <trkpt lat="50.66731506" lon="-119.52413679">
      </trkpt>
      <trkpt lat="50.6673625" lon="-119.52401267">
      </trkpt>
      <trkpt lat="50.66741863" lon="-119.5239015">
      </trkpt>
      <trkpt lat="50.66742956" lon="-119.52381819">
      </trkpt>
      <trkpt lat="50.66744109" lon="-119.52370636">
      </trkpt>
      <trkpt lat="50.66744347" lon="-119.5235923">
      </trkpt>
      <trkpt lat="50.66740986" lon="-119.52349055">
      </trkpt>
      <trkpt lat="50.66738435" lon="-119.52341961">
      </trkpt>
      <trkpt lat="50.6673125" lon="-119.52341578">
      </trkpt>
      <trkpt lat="50.66726651" lon="-119.52346863">
      </trkpt>
      <trkpt lat="50.66721864" lon="-119.52359467">
      </trkpt>
      <trkpt lat="50.6671989" lon="-119.52366319">
      </trkpt>
      <trkpt lat="50.66715132" lon="-119.5238034">
      </trkpt>
      <trkpt lat="50.66712239" lon="-119.52388747">
      </trkpt>
      <trkpt lat="50.66702091" lon="-119.52399453">
      </trkpt>
      <trkpt lat="50.66695682" lon="-119.52404643">
      </trkpt>
      <trkpt lat="50.66689284" lon="-119.52410017">
      </trkpt>
      <trkpt lat="50.66682919" lon="-119.52413951">
      </trkpt>
      <trkpt lat="50.66674734" lon="-119.52417621">
      </trkpt>
      <trkpt lat="50.66667405" lon="-119.52424366">
      </trkpt>
      <trkpt lat="50.66649989" lon="-119.52438966">
      </trkpt>
      <trkpt lat="50.66636227" lon="-119.52452511">
      </trkpt>
      <trkpt lat="50.66627993" lon="-119.52459202">
      </trkpt>
      <trkpt lat="50.66619655" lon="-119.52470002">
      </trkpt>
      <trkpt lat="50.66613988" lon="-119.52481126">
      </trkpt>
      <trkpt lat="50.66606411" lon="-119.52499107">
      </trkpt>
      <trkpt lat="50.66599942" lon="-119.52507149">
      </trkpt>
      <trkpt lat="50.66596145" lon="-119.52515516">
      </trkpt>
      <trkpt lat="50.66589686" lon="-119.52523727">
      </trkpt>
      <trkpt lat="50.66578643" lon="-119.52534391">
      </trkpt>
      <trkpt lat="50.66567797" lon="-119.52537906">
      </trkpt>
      <trkpt lat="50.66562507" lon="-119.5253334">
      </trkpt>
      <trkpt lat="50.66558172" lon="-119.52524727">
      </trkpt>
      <trkpt lat="50.66557456" lon="-119.52516303">
      </trkpt>
      <trkpt lat="50.66557729" lon="-119.52503471">
      </trkpt>
      <trkpt lat="50.66556162" lon="-119.52494998">
      </trkpt>
      <trkpt lat="50.665564" lon="-119.52483593">
      </trkpt>
      <trkpt lat="50.66559275" lon="-119.52473939">
      </trkpt>
      <trkpt lat="50.66568686" lon="-119.52454456">
      </trkpt>
      <trkpt lat="50.66576118" lon="-119.52443602">
      </trkpt>
      <trkpt lat="50.66581751" lon="-119.52433905">
      </trkpt>
      <trkpt lat="50.66588373" lon="-119.52418733">
      </trkpt>
      <trkpt lat="50.66591276" lon="-119.52410496">
      </trkpt>
      <trkpt lat="50.66594176" lon="-119.52399417">
      </trkpt>
      <trkpt lat="50.66601658" lon="-119.52385542">
      </trkpt>
      <trkpt lat="50.66611712" lon="-119.52379114">
      </trkpt>
      <trkpt lat="50.66620978" lon="-119.52366759">
      </trkpt>
      <trkpt lat="50.66628437" lon="-119.52354494">
      </trkpt>
      <trkpt lat="50.6663405" lon="-119.52343378">
      </trkpt>
      <trkpt lat="50.66634357" lon="-119.5232929">
      </trkpt>
      <trkpt lat="50.66631945" lon="-119.52317912">
      </trkpt>
      <trkpt lat="50.66631586" lon="-119.52292378">
      </trkpt>
      <trkpt lat="50.66631048" lon="-119.52275399">
      </trkpt>
      <trkpt lat="50.66631405" lon="-119.52258291">
      </trkpt>
      <trkpt lat="50.66631713" lon="-119.52244217">
      </trkpt>
      <trkpt lat="50.66632866" lon="-119.52233034">
      </trkpt>
      <trkpt lat="50.66634913" lon="-119.52221722">
      </trkpt>
      <trkpt lat="50.66636151" lon="-119.52206263">
      </trkpt>
      <trkpt lat="50.66636492" lon="-119.52190749">
      </trkpt>
      <trkpt lat="50.6663854" lon="-119.52179437">
      </trkpt>
      <trkpt lat="50.66639658" lon="-119.52169681">
      </trkpt>
      <trkpt lat="50.66642661" lon="-119.52154322">
      </trkpt>
      <trkpt lat="50.66642958" lon="-119.52140065">
      </trkpt>
      <trkpt lat="50.66643444" lon="-119.52117437">
      </trkpt>
      <trkpt lat="50.66641151" lon="-119.52100356">
      </trkpt>
      <trkpt lat="50.66637838" lon="-119.52086081">
      </trkpt>
      <trkpt lat="50.66632831" lon="-119.52068867">
      </trkpt>
      <trkpt lat="50.66625943" lon="-119.52054227">
      </trkpt>
      <trkpt lat="50.66618289" lon="-119.52034013">
      </trkpt>
      <trkpt lat="50.66611352" lon="-119.52022395">
      </trkpt>
      <trkpt lat="50.66606095" lon="-119.52016403">
      </trkpt>
      <trkpt lat="50.66599159" lon="-119.52004799">
      </trkpt>
      <trkpt lat="50.66590496" lon="-119.51988639">
      </trkpt>
      <trkpt lat="50.66584464" lon="-119.51977075">
      </trkpt>
      <trkpt lat="50.66572157" lon="-119.51962154">
      </trkpt>
      <trkpt lat="50.6655976" lon="-119.51954523">
      </trkpt>
      <trkpt lat="50.66549194" lon="-119.51942548">
      </trkpt>
      <trkpt lat="50.66543033" lon="-119.51936517">
      </trkpt>
      <trkpt lat="50.66536036" lon="-119.5192775">
      </trkpt>
      <trkpt lat="50.66528134" lon="-119.51918773">
      </trkpt>
      <trkpt lat="50.66524659" lon="-119.51911458">
      </trkpt>
      <trkpt lat="50.66514977" lon="-119.51903975">
      </trkpt>
      <trkpt lat="50.66507006" lon="-119.51897836">
      </trkpt>
      <trkpt lat="50.66497304" lon="-119.51888935">
      </trkpt>
      <trkpt lat="50.66492014" lon="-119.5188437">
      </trkpt>
      <trkpt lat="50.66484078" lon="-119.51876819">
      </trkpt>
      <trkpt lat="50.66479672" lon="-119.51870876">
      </trkpt>
      <trkpt lat="50.66474461" lon="-119.51863642">
      </trkpt>
      <trkpt lat="50.66470143" lon="-119.51856264">
      </trkpt>
      <trkpt lat="50.66464057" lon="-119.51844708">
      </trkpt>
      <trkpt lat="50.66458697" lon="-119.51842825">
      </trkpt>
      <trkpt lat="50.66449722" lon="-119.51842517">
      </trkpt>
      <trkpt lat="50.66445994" lon="-119.51849282">
      </trkpt>
      <trkpt lat="50.66445816" lon="-119.51857836">
      </trkpt>
      <trkpt lat="50.66448263" lon="-119.51867787">
      </trkpt>
      <trkpt lat="50.6645342" lon="-119.51880899">
      </trkpt>
      <trkpt lat="50.66458512" lon="-119.51893836">
      </trkpt>
      <trkpt lat="50.66460075" lon="-119.51905166">
      </trkpt>
      <trkpt lat="50.66466032" lon="-119.51921175">
      </trkpt>
      <trkpt lat="50.66471996" lon="-119.51935592">
      </trkpt>
      <trkpt lat="50.66479693" lon="-119.51954378">
      </trkpt>
      <trkpt lat="50.6648575" lon="-119.51964517">
      </trkpt>
      <trkpt lat="50.66489251" lon="-119.51970407">
      </trkpt>
      <trkpt lat="50.66496257" lon="-119.51979343">
      </trkpt>
      <trkpt lat="50.6650053" lon="-119.51987964">
      </trkpt>
      <trkpt lat="50.66507392" lon="-119.52004028">
      </trkpt>
      <trkpt lat="50.66509895" lon="-119.52014156">
      </trkpt>
      <trkpt lat="50.66509528" lon="-119.52031081">
      </trkpt>
      <trkpt lat="50.66500286" lon="-119.52041841">
      </trkpt>
      <trkpt lat="50.66493896" lon="-119.520472">
      </trkpt>
      <trkpt lat="50.6648642" lon="-119.52058231">
      </trkpt>
      <trkpt lat="50.66486113" lon="-119.52072318">
      </trkpt>
      <trkpt lat="50.6648583" lon="-119.52084967">
      </trkpt>
      <trkpt lat="50.66485642" lon="-119.52093351">
      </trkpt>
      <trkpt lat="50.66482658" lon="-119.52108878">
      </trkpt>
      <trkpt lat="50.66477077" lon="-119.52115726">
      </trkpt>
      <trkpt lat="50.66466232" lon="-119.52119255">
      </trkpt>
      <trkpt lat="50.66456248" lon="-119.52123002">
      </trkpt>
      <trkpt lat="50.66449004" lon="-119.52125471">
      </trkpt>
      <trkpt lat="50.66418611" lon="-119.52159188">
      </trkpt>
      <trkpt lat="50.66408626" lon="-119.52162934">
      </trkpt>
      <trkpt lat="50.66403138" lon="-119.52165504">
      </trkpt>
      <trkpt lat="50.66397634" lon="-119.52170749">
      </trkpt>
      <trkpt lat="50.66392175" lon="-119.52174736">
      </trkpt>
      <trkpt lat="50.66376627" lon="-119.52186578">
      </trkpt>
      <trkpt lat="50.66365586" lon="-119.52197414">
      </trkpt>
      <trkpt lat="50.66359151" lon="-119.52204029">
      </trkpt>
      <trkpt lat="50.66352752" lon="-119.52209389">
      </trkpt>
      <trkpt lat="50.66346482" lon="-119.52209229">
      </trkpt>
      <trkpt lat="50.66343161" lon="-119.52194786">
      </trkpt>
      <trkpt lat="50.66342504" lon="-119.5218351">
      </trkpt>
      <trkpt lat="50.66342835" lon="-119.52167828">
      </trkpt>
      <trkpt lat="50.66343073" lon="-119.52156423">
      </trkpt>
      <trkpt lat="50.66343322" lon="-119.52145201">
      </trkpt>
      <trkpt lat="50.66345498" lon="-119.52128357">
      </trkpt>
      <trkpt lat="50.66350329" lon="-119.52114511">
      </trkpt>
      <trkpt lat="50.66355967" lon="-119.5210197">
      </trkpt>
      <trkpt lat="50.66361557" lon="-119.52092463">
      </trkpt>
      <trkpt lat="50.66365364" lon="-119.52084266">
      </trkpt>
      <trkpt lat="50.66369073" lon="-119.52077333">
      </trkpt>
      <trkpt lat="50.66371966" lon="-119.52068927">
      </trkpt>
      <trkpt lat="50.66374869" lon="-119.5206069">
      </trkpt>
      <trkpt lat="50.66374391" lon="-119.5204086">
      </trkpt>
      <trkpt lat="50.66369203" lon="-119.52032017">
      </trkpt>
      <trkpt lat="50.66365703" lon="-119.52026127">
      </trkpt>
      <trkpt lat="50.6636141" lon="-119.52017324">
      </trkpt>
      <trkpt lat="50.66357946" lon="-119.52010193">
      </trkpt>
      <trkpt lat="50.66354567" lon="-119.52001443">
      </trkpt>
      <trkpt lat="50.66351136" lon="-119.51992871">
      </trkpt>
      <trkpt lat="50.66349505" lon="-119.51984224">
      </trkpt>
      <trkpt lat="50.66347092" lon="-119.51972847">
      </trkpt>
      <trkpt lat="50.66342891" lon="-119.51956939">
      </trkpt>
      <trkpt lat="50.66339641" lon="-119.51942656">
      </trkpt>
      <trkpt lat="50.66334545" lon="-119.51926877">
      </trkpt>
      <trkpt lat="50.66327573" lon="-119.51916515">
      </trkpt>
      <trkpt lat="50.66321541" lon="-119.51904951">
      </trkpt>
      <trkpt lat="50.66311913" lon="-119.5189159">
      </trkpt>
      <trkpt lat="50.66303828" lon="-119.51894181">
      </trkpt>
      <trkpt lat="50.66295371" lon="-119.51910513">
      </trkpt>
      <trkpt lat="50.66295046" lon="-119.51923352">
      </trkpt>
      <trkpt lat="50.66293932" lon="-119.5193612">
      </trkpt>
      <trkpt lat="50.66293684" lon="-119.51947356">
      </trkpt>
      <trkpt lat="50.66289876" lon="-119.51955539">
      </trkpt>
      <trkpt lat="50.66279432" lon="-119.51980501">
      </trkpt>
      <trkpt lat="50.66272949" lon="-119.51990151">
      </trkpt>
      <trkpt lat="50.66269082" lon="-119.52001185">
      </trkpt>
      <trkpt lat="50.66264389" lon="-119.52010747">
      </trkpt>
      <trkpt lat="50.66261471" lon="-119.52020592">
      </trkpt>
      <trkpt lat="50.66260225" lon="-119.52036052">
      </trkpt>
      <trkpt lat="50.66255456" lon="-119.52049888">
      </trkpt>
      <trkpt lat="50.6625066" lon="-119.52062478">
      </trkpt>
      <trkpt lat="50.66241421" lon="-119.5207608">
      </trkpt>
      <trkpt lat="50.66233935" lon="-119.52086927">
      </trkpt>
      <trkpt lat="50.66224672" lon="-119.52102124">
      </trkpt>
      <trkpt lat="50.66217151" lon="-119.52114411">
      </trkpt>
      <trkpt lat="50.66212537" lon="-119.52121289">
      </trkpt>
      <trkpt lat="50.66206068" lon="-119.52129331">
      </trkpt>
      <trkpt lat="50.66202127" lon="-119.52144824">
      </trkpt>
      <trkpt lat="50.66194601" lon="-119.52159954">
      </trkpt>
      <trkpt lat="50.66185273" lon="-119.52174976">
      </trkpt>
      <trkpt lat="50.66177825" lon="-119.52187423">
      </trkpt>
      <trkpt lat="50.66167475" lon="-119.52208106">
      </trkpt>
      <trkpt lat="50.66162756" lon="-119.52219092">
      </trkpt>
      <trkpt lat="50.66159864" lon="-119.52227512">
      </trkpt>
      <trkpt lat="50.66152346" lon="-119.52242627">
      </trkpt>
      <trkpt lat="50.66146664" lon="-119.52256425">
      </trkpt>
      <trkpt lat="50.66143677" lon="-119.52269108">
      </trkpt>
      <trkpt lat="50.66133326" lon="-119.52289791">
      </trkpt>
      <trkpt lat="50.66121124" lon="-119.52314479">
      </trkpt>
      <trkpt lat="50.66113578" lon="-119.52328177">
      </trkpt>
      <trkpt lat="50.6610887" lon="-119.52339346">
      </trkpt>
      <trkpt lat="50.66102342" lon="-119.52350238">
      </trkpt>
      <trkpt lat="50.66094004" lon="-119.52361037">
      </trkpt>
      <trkpt lat="50.66084662" lon="-119.52377665">
      </trkpt>
      <trkpt lat="50.66079915" lon="-119.52387234">
      </trkpt>
      <trkpt lat="50.66073242" lon="-119.52405253">
      </trkpt>
      <trkpt lat="50.66069403" lon="-119.52417704">
      </trkpt>
      <trkpt lat="50.66066451" lon="-119.52428974">
      </trkpt>
      <trkpt lat="50.66053463" lon="-119.52448076">
      </trkpt>
      <trkpt lat="50.66049333" lon="-119.52471953">
      </trkpt>
      <trkpt lat="50.6604819" lon="-119.52483303">
      </trkpt>
      <trkpt lat="50.66044382" lon="-119.524915">
      </trkpt>
      <trkpt lat="50.66038664" lon="-119.52506709">
      </trkpt>
      <trkpt lat="50.66033204" lon="-119.52510695">
      </trkpt>
      <trkpt lat="50.66026925" lon="-119.52510366">
      </trkpt>
      <trkpt lat="50.66023554" lon="-119.52498944">
      </trkpt>
      <trkpt lat="50.66024816" lon="-119.52481891">
      </trkpt>
      <trkpt lat="50.66026908" lon="-119.52469324">
      </trkpt>
      <trkpt lat="50.66029783" lon="-119.52459671">
      </trkpt>
      <trkpt lat="50.66036414" lon="-119.52445751">
      </trkpt>
      <trkpt lat="50.66038447" lon="-119.52436035">
      </trkpt>
      <trkpt lat="50.66040406" lon="-119.52426158">
      </trkpt>
      <trkpt lat="50.66040644" lon="-119.52414754">
      </trkpt>
      <trkpt lat="50.66040918" lon="-119.52402108">
      </trkpt>
      <trkpt lat="50.66041166" lon="-119.52390873">
      </trkpt>
      <trkpt lat="50.66040604" lon="-119.52375321">
      </trkpt>
      <trkpt lat="50.66040955" lon="-119.52361058">
      </trkpt>
      <trkpt lat="50.66041238" lon="-119.52348411">
      </trkpt>
      <trkpt lat="50.66040844" lon="-119.52324307">
      </trkpt>
      <trkpt lat="50.66040247" lon="-119.52310181">
      </trkpt>
      <trkpt lat="50.66039521" lon="-119.52301574">
      </trkpt>
      <trkpt lat="50.66038198" lon="-119.52278855">
      </trkpt>
      <trkpt lat="50.66033283" lon="-119.52257352">
      </trkpt>
      <trkpt lat="50.66031688" lon="-119.52247464">
      </trkpt>
      <trkpt lat="50.6603109" lon="-119.52233338">
      </trkpt>
      <trkpt lat="50.66029607" lon="-119.52220406">
      </trkpt>
      <trkpt lat="50.66028019" lon="-119.52210502">
      </trkpt>
      <trkpt lat="50.66025603" lon="-119.52196114">
      </trkpt>
      <trkpt lat="50.66023097" lon="-119.52189015">
      </trkpt>
      <trkpt lat="50.66022559" lon="-119.52172038">
      </trkpt>
      <trkpt lat="50.66022737" lon="-119.52163485">
      </trkpt>
      <trkpt lat="50.66022044" lon="-119.52153452">
      </trkpt>
      <trkpt lat="50.66019638" lon="-119.52139232">
      </trkpt>
      <trkpt lat="50.66017284" lon="-119.52125005">
      </trkpt>
      <trkpt lat="50.66014092" lon="-119.52105044">
      </trkpt>
      <trkpt lat="50.66012614" lon="-119.52089269">
      </trkpt>
      <trkpt lat="50.66011224" lon="-119.52072231">
      </trkpt>
      <trkpt lat="50.66008877" lon="-119.5205516">
      </trkpt>
      <trkpt lat="50.66007305" lon="-119.52043662">
      </trkpt>
      <trkpt lat="50.66004926" lon="-119.5203086">
      </trkpt>
      <trkpt lat="50.66001615" lon="-119.52016601">
      </trkpt>
      <trkpt lat="50.66000181" lon="-119.5200082">
      </trkpt>
      <trkpt lat="50.65999618" lon="-119.51985268">
      </trkpt>
      <trkpt lat="50.6599908" lon="-119.51968291">
      </trkpt>
      <trkpt lat="50.65999352" lon="-119.51955631">
      </trkpt>
      <trkpt lat="50.65998626" lon="-119.51947039">
      </trkpt>
      <trkpt lat="50.65997064" lon="-119.5193571">
      </trkpt>
      <trkpt lat="50.65994616" lon="-119.5192559">
      </trkpt>
      <trkpt lat="50.65984178" lon="-119.51908084">
      </trkpt>
      <trkpt lat="50.65975312" lon="-119.51901905">
      </trkpt>
      <trkpt lat="50.65966506" lon="-119.5189306">
      </trkpt>
      <trkpt lat="50.65961225" lon="-119.51888494">
      </trkpt>
      <trkpt lat="50.65952418" lon="-119.51879635">
      </trkpt>
      <trkpt lat="50.65942628" lon="-119.51873234">
      </trkpt>
      <trkpt lat="50.65936452" lon="-119.51868798">
      </trkpt>
      <trkpt lat="50.65931195" lon="-119.51862808">
      </trkpt>
      <trkpt lat="50.65924164" lon="-119.51855298">
      </trkpt>
      <trkpt lat="50.65918893" lon="-119.51850915">
      </trkpt>
      <trkpt lat="50.65913572" lon="-119.5184475">
      </trkpt>
      <trkpt lat="50.65909256" lon="-119.51837557">
      </trkpt>
      <trkpt lat="50.65904401" lon="-119.51813219">
      </trkpt>
      <trkpt lat="50.65898338" lon="-119.51800054">
      </trkpt>
      <trkpt lat="50.65893118" lon="-119.51792822">
      </trkpt>
      <trkpt lat="50.65887024" lon="-119.51783926">
      </trkpt>
      <trkpt lat="50.65879148" lon="-119.51773696">
      </trkpt>
      <trkpt lat="50.6586419" lon="-119.51758806">
      </trkpt>
      <trkpt lat="50.65858089" lon="-119.51749925">
      </trkpt>
      <trkpt lat="50.65850211" lon="-119.51739511">
      </trkpt>
      <trkpt lat="50.65844119" lon="-119.51730799">
      </trkpt>
      <trkpt lat="50.65839774" lon="-119.5172202">
      </trkpt>
      <trkpt lat="50.65834561" lon="-119.51714773">
      </trkpt>
      <trkpt lat="50.65826709" lon="-119.51702948">
      </trkpt>
      <trkpt lat="50.65817962" lon="-119.51691238">
      </trkpt>
      <trkpt lat="50.6581362" lon="-119.51685301">
      </trkpt>
      <trkpt lat="50.65807464" lon="-119.51676414">
      </trkpt>
      <trkpt lat="50.65802233" lon="-119.51668999">
      </trkpt>
      <trkpt lat="50.6579434" lon="-119.51660193">
      </trkpt>
      <trkpt lat="50.65786524" lon="-119.51647112">
      </trkpt>
      <trkpt lat="50.6578049" lon="-119.5163538">
      </trkpt>
      <trkpt lat="50.65772604" lon="-119.51624967">
      </trkpt>
      <trkpt lat="50.65767333" lon="-119.51620585">
      </trkpt>
      <trkpt lat="50.65760395" lon="-119.51608969">
      </trkpt>
      <trkpt lat="50.65755173" lon="-119.51601553">
      </trkpt>
      <trkpt lat="50.65749862" lon="-119.51595571">
      </trkpt>
      <trkpt lat="50.6574558" lon="-119.51586953">
      </trkpt>
      <trkpt lat="50.6574208" lon="-119.51581065">
      </trkpt>
      <trkpt lat="50.65733331" lon="-119.51569185">
      </trkpt>
      <trkpt lat="50.65728075" lon="-119.51563195">
      </trkpt>
      <trkpt lat="50.65717572" lon="-119.51551399">
      </trkpt>
      <trkpt lat="50.65709669" lon="-119.5154241">
      </trkpt>
      <trkpt lat="50.65705334" lon="-119.515338">
      </trkpt>
      <trkpt lat="50.65701912" lon="-119.51526479">
      </trkpt>
      <trkpt lat="50.65698505" lon="-119.51516314">
      </trkpt>
      <trkpt lat="50.65693506" lon="-119.51499273">
      </trkpt>
      <trkpt lat="50.65684689" lon="-119.51490246">
      </trkpt>
      <trkpt lat="50.65679467" lon="-119.51482831">
      </trkpt>
      <trkpt lat="50.656689" lon="-119.51470859">
      </trkpt>
      <trkpt lat="50.65661808" lon="-119.51466201">
      </trkpt>
      <trkpt lat="50.65656597" lon="-119.51458969">
      </trkpt>
      <trkpt lat="50.65646968" lon="-119.51445611">
      </trkpt>
      <trkpt lat="50.6563562" lon="-119.51430911">
      </trkpt>
      <trkpt lat="50.65629534" lon="-119.51419357">
      </trkpt>
      <trkpt lat="50.65626146" lon="-119.5141061">
      </trkpt>
      <trkpt lat="50.65625463" lon="-119.51400761">
      </trkpt>
      <trkpt lat="50.65625795" lon="-119.51385266">
      </trkpt>
      <trkpt lat="50.65625161" lon="-119.51372383">
      </trkpt>
      <trkpt lat="50.65625409" lon="-119.51361163">
      </trkpt>
      <trkpt lat="50.65623078" lon="-119.51345328">
      </trkpt>
      <trkpt lat="50.65619732" lon="-119.51332497">
      </trkpt>
      <trkpt lat="50.65616344" lon="-119.5132375">
      </trkpt>
      <trkpt lat="50.65609268" lon="-119.51316418">
      </trkpt>
      <trkpt lat="50.65599575" lon="-119.51308769">
      </trkpt>
      <trkpt lat="50.65594324" lon="-119.51299937">
      </trkpt>
      <trkpt lat="50.6558563" lon="-119.51288221">
      </trkpt>
      <trkpt lat="50.65581294" lon="-119.51279611">
      </trkpt>
      <trkpt lat="50.65576106" lon="-119.5127077">
      </trkpt>
      <trkpt lat="50.65570908" lon="-119.5126193">
      </trkpt>
      <trkpt lat="50.6556129" lon="-119.51248756">
      </trkpt>
      <trkpt lat="50.65549725" lon="-119.51241023">
      </trkpt>
      <trkpt lat="50.65538104" lon="-119.51238968">
      </trkpt>
      <trkpt lat="50.65531918" lon="-119.51234364">
      </trkpt>
      <trkpt lat="50.65523887" lon="-119.51231079">
      </trkpt>
      <trkpt lat="50.65515935" lon="-119.51225125">
      </trkpt>
      <trkpt lat="50.65508953" lon="-119.51214767">
      </trkpt>
      <trkpt lat="50.65493451" lon="-119.51225367">
      </trkpt>
      <trkpt lat="50.65484328" lon="-119.51230411">
      </trkpt>
      <trkpt lat="50.65474285" lon="-119.51237024">
      </trkpt>
      <trkpt lat="50.65465147" lon="-119.51243676">
      </trkpt>
      <trkpt lat="50.65454344" lon="-119.51243108">
      </trkpt>
      <trkpt lat="50.65448063" lon="-119.51242767">
      </trkpt>
      <trkpt lat="50.65440008" lon="-119.5124092">
      </trkpt>
      <trkpt lat="50.65424793" lon="-119.51237254">
      </trkpt>
      <trkpt lat="50.65417617" lon="-119.51236872">
      </trkpt>
      <trkpt lat="50.65405057" lon="-119.51236203">
      </trkpt>
      <trkpt lat="50.65398707" lon="-119.51238544">
      </trkpt>
      <trkpt lat="50.6539491" lon="-119.51246909">
      </trkpt>
      <trkpt lat="50.65395306" lon="-119.51271009">
      </trkpt>
      <trkpt lat="50.65395693" lon="-119.51295111">
      </trkpt>
      <trkpt lat="50.65396054" lon="-119.51320637">
      </trkpt>
      <trkpt lat="50.65398136" lon="-119.5134752">
      </trkpt>
      <trkpt lat="50.65401415" lon="-119.51363203">
      </trkpt>
      <trkpt lat="50.65401152" lon="-119.5137603">
      </trkpt>
      <trkpt lat="50.65399003" lon="-119.51391447">
      </trkpt>
      <trkpt lat="50.65396742" lon="-119.51412549">
      </trkpt>
      <trkpt lat="50.65394696" lon="-119.51423859">
      </trkpt>
      <trkpt lat="50.65390003" lon="-119.51433419">
      </trkpt>
      <trkpt lat="50.65384397" lon="-119.51441691">
      </trkpt>
      <trkpt lat="50.65371599" lon="-119.51452254">
      </trkpt>
      <trkpt lat="50.653652" lon="-119.51457614">
      </trkpt>
      <trkpt lat="50.65360581" lon="-119.51461479">
      </trkpt>
      <trkpt lat="50.65354149" lon="-119.51468279">
      </trkpt>
      <trkpt lat="50.65345712" lon="-119.51484946">
      </trkpt>
      <trkpt lat="50.65344585" lon="-119.51494701">
      </trkpt>
      <trkpt lat="50.65341677" lon="-119.5150578">
      </trkpt>
      <trkpt lat="50.65340406" lon="-119.51522661">
      </trkpt>
      <trkpt lat="50.65343616" lon="-119.51539959">
      </trkpt>
      <trkpt lat="50.6534681" lon="-119.51559931">
      </trkpt>
      <trkpt lat="50.65349223" lon="-119.51571305">
      </trkpt>
      <trkpt lat="50.65355232" lon="-119.51584461">
      </trkpt>
      <trkpt lat="50.65372488" lon="-119.51619266">
      </trkpt>
      <trkpt lat="50.65375945" lon="-119.51626411">
      </trkpt>
      <trkpt lat="50.65378393" lon="-119.5163653">
      </trkpt>
      <trkpt lat="50.65381716" lon="-119.5165097">
      </trkpt>
      <trkpt lat="50.65383608" lon="-119.51686221">
      </trkpt>
      <trkpt lat="50.65383697" lon="-119.51724576">
      </trkpt>
      <trkpt lat="50.6537892" lon="-119.51738412">
      </trkpt>
      <trkpt lat="50.65375721" lon="-119.517609">
      </trkpt>
      <trkpt lat="50.65370593" lon="-119.51788996">
      </trkpt>
      <trkpt lat="50.65362958" lon="-119.51809825">
      </trkpt>
      <trkpt lat="50.65360049" lon="-119.51820903">
      </trkpt>
      <trkpt lat="50.65356252" lon="-119.51829268">
      </trkpt>
      <trkpt lat="50.65355074" lon="-119.51841872">
      </trkpt>
      <trkpt lat="50.65355578" lon="-119.51860272">
      </trkpt>
      <trkpt lat="50.65357782" lon="-119.51884466">
      </trkpt>
      <trkpt lat="50.6535929" lon="-119.51895786">
      </trkpt>
      <trkpt lat="50.65362637" lon="-119.51908802">
      </trkpt>
      <trkpt lat="50.65364259" lon="-119.51917278">
      </trkpt>
      <trkpt lat="50.65365743" lon="-119.51930208">
      </trkpt>
      <trkpt lat="50.65364625" lon="-119.51939961">
      </trkpt>
      <trkpt lat="50.6536357" lon="-119.51949876">
      </trkpt>
      <trkpt lat="50.65359797" lon="-119.51956816">
      </trkpt>
      <trkpt lat="50.6535234" lon="-119.51969092">
      </trkpt>
      <trkpt lat="50.65345797" lon="-119.51981577">
      </trkpt>
      <trkpt lat="50.6533657" lon="-119.51990727">
      </trkpt>
      <trkpt lat="50.65321937" lon="-119.5200279">
      </trkpt>
      <trkpt lat="50.65312729" lon="-119.52012121">
      </trkpt>
      <trkpt lat="50.65300639" lon="-119.52030026">
      </trkpt>
      <trkpt lat="50.65293181" lon="-119.52042302">
      </trkpt>
      <trkpt lat="50.65284665" lon="-119.52061651">
      </trkpt>
      <trkpt lat="50.65277959" lon="-119.52081093">
      </trkpt>
      <trkpt lat="50.65273231" lon="-119.52090828">
      </trkpt>
      <trkpt lat="50.65269384" lon="-119.52103292">
      </trkpt>
      <trkpt lat="50.65266525" lon="-119.5211027">
      </trkpt>
      <trkpt lat="50.65254602" lon="-119.52119454">
      </trkpt>
      <trkpt lat="50.65240089" lon="-119.52125815">
      </trkpt>
      <trkpt lat="50.65220166" lon="-119.52133314">
      </trkpt>
      <trkpt lat="50.65203046" lon="-119.52133657">
      </trkpt>
      <trkpt lat="50.65187722" lon="-119.52135702">
      </trkpt>
      <trkpt lat="50.65175953" lon="-119.52137929">
      </trkpt>
      <trkpt lat="50.65165178" lon="-119.52138776">
      </trkpt>
      <trkpt lat="50.65149842" lon="-119.52140638">
      </trkpt>
      <trkpt lat="50.65138084" lon="-119.52143048">
      </trkpt>
      <trkpt lat="50.6512815" lon="-119.52143773">
      </trkpt>
      <trkpt lat="50.65121836" lon="-119.52144871">
      </trkpt>
      <trkpt lat="50.65111965" lon="-119.52145758">
      </trkpt>
      <trkpt lat="50.65105632" lon="-119.52145437">
      </trkpt>
      <trkpt lat="50.65093046" lon="-119.52146191">
      </trkpt>
      <trkpt lat="50.65076817" lon="-119.52148182">
      </trkpt>
      <trkpt lat="50.65057898" lon="-119.521486">
      </trkpt>
      <trkpt lat="50.65039056" lon="-119.52147416">
      </trkpt>
      <trkpt lat="50.65016582" lon="-119.52147823">
      </trkpt>
      <trkpt lat="50.64999463" lon="-119.52148167">
      </trkpt>
      <trkpt lat="50.6498686" lon="-119.52147687">
      </trkpt>
      <trkpt lat="50.64961713" lon="-119.52147585">
      </trkpt>
      <trkpt lat="50.64948205" lon="-119.52147051">
      </trkpt>
      <trkpt lat="50.64938408" lon="-119.52143494">
      </trkpt>
      <trkpt lat="50.64924925" lon="-119.52141365">
      </trkpt>
      <trkpt lat="50.64915158" lon="-119.52138159">
      </trkpt>
      <trkpt lat="50.64892798" lon="-119.5212984">
      </trkpt>
      <trkpt lat="50.64882141" lon="-119.52124986">
      </trkpt>
      <trkpt lat="50.64869675" lon="-119.52120039">
      </trkpt>
      <trkpt lat="50.6485893" lon="-119.52116619">
      </trkpt>
      <trkpt lat="50.64841906" lon="-119.52112871">
      </trkpt>
      <trkpt lat="50.64836549" lon="-119.5211275">
      </trkpt>
      <trkpt lat="50.64822987" lon="-119.5211329">
      </trkpt>
      <trkpt lat="50.64809497" lon="-119.52114004">
      </trkpt>
      <trkpt lat="50.64801382" lon="-119.52114992">
      </trkpt>
      <trkpt lat="50.64795981" lon="-119.52116128">
      </trkpt>
      <trkpt lat="50.64786902" lon="-119.52119927">
      </trkpt>
      <trkpt lat="50.64757994" lon="-119.52126947">
      </trkpt>
      <trkpt lat="50.64735445" lon="-119.5212701">
      </trkpt>
      <trkpt lat="50.6472467" lon="-119.52127857">
      </trkpt>
      <trkpt lat="50.64712902" lon="-119.52130098">
      </trkpt>
      <trkpt lat="50.64701068" lon="-119.52138017">
      </trkpt>
      <trkpt lat="50.64686519" lon="-119.52145633">
      </trkpt>
      <trkpt lat="50.64672822" lon="-119.52153466">
      </trkpt>
      <trkpt lat="50.64665696" lon="-119.52150234">
      </trkpt>
      <trkpt lat="50.64645995" lon="-119.52147754">
      </trkpt>
      <trkpt lat="50.64638024" lon="-119.52141631">
      </trkpt>
      <trkpt lat="50.64628303" lon="-119.52132551">
      </trkpt>
      <trkpt lat="50.64621307" lon="-119.52123802">
      </trkpt>
      <trkpt lat="50.64612525" lon="-119.5211335">
      </trkpt>
      <trkpt lat="50.64606409" lon="-119.52106064">
      </trkpt>
      <trkpt lat="50.64595902" lon="-119.52091244">
      </trkpt>
      <trkpt lat="50.64591595" lon="-119.52084053">
      </trkpt>
      <trkpt lat="50.64586373" lon="-119.52076638">
      </trkpt>
      <trkpt lat="50.64581063" lon="-119.52070657">
      </trkpt>
      <trkpt lat="50.64569834" lon="-119.52050259">
      </trkpt>
      <trkpt lat="50.64566437" lon="-119.52040265">
      </trkpt>
      <trkpt lat="50.64562393" lon="-119.52020248">
      </trkpt>
      <trkpt lat="50.64560001" lon="-119.5200444">
      </trkpt>
      <trkpt lat="50.64551461" lon="-119.51985599">
      </trkpt>
      <trkpt lat="50.64539164" lon="-119.51970868">
      </trkpt>
      <trkpt lat="50.64521516" lon="-119.5195441">
      </trkpt>
      <trkpt lat="50.64515369" lon="-119.51946774">
      </trkpt>
      <trkpt lat="50.64506592" lon="-119.51939348">
      </trkpt>
      <trkpt lat="50.64500377" lon="-119.51933314">
      </trkpt>
      <trkpt lat="50.64494413" lon="-119.51918903">
      </trkpt>
      <trkpt lat="50.64489241" lon="-119.5190864">
      </trkpt>
      <trkpt lat="50.64488559" lon="-119.51898794">
      </trkpt>
      <trkpt lat="50.64485325" lon="-119.51882923">
      </trkpt>
      <trkpt lat="50.64482799" lon="-119.51874408">
      </trkpt>
      <trkpt lat="50.64478641" lon="-119.5185725">
      </trkpt>
      <trkpt lat="50.64463427" lon="-119.51813987">
      </trkpt>
      <trkpt lat="50.64461888" lon="-119.51801068">
      </trkpt>
      <trkpt lat="50.64448678" lon="-119.51746689">
      </trkpt>
      <trkpt lat="50.6444633" lon="-119.51729625">
      </trkpt>
      <trkpt lat="50.64444163" lon="-119.51706851">
      </trkpt>
      <trkpt lat="50.64443743" lon="-119.5168418">
      </trkpt>
      <trkpt lat="50.64444431" lon="-119.51651575">
      </trkpt>
      <trkpt lat="50.64444115" lon="-119.51624811">
      </trkpt>
      <trkpt lat="50.64446315" lon="-119.51606549">
      </trkpt>
      <trkpt lat="50.64447798" lon="-119.51579696">
      </trkpt>
      <trkpt lat="50.64443665" lon="-119.51561114">
      </trkpt>
      <trkpt lat="50.64436788" lon="-119.51546666">
      </trkpt>
      <trkpt lat="50.64431684" lon="-119.51533552">
      </trkpt>
      <trkpt lat="50.64427332" lon="-119.51527604">
      </trkpt>
      <trkpt lat="50.64422066" lon="-119.51520381">
      </trkpt>
      <trkpt lat="50.6441222" lon="-119.51519845">
      </trkpt>
      <trkpt lat="50.64392312" lon="-119.51524501">
      </trkpt>
      <trkpt lat="50.64386911" lon="-119.51525638">
      </trkpt>
      <trkpt lat="50.64381413" lon="-119.51528038">
      </trkpt>
      <trkpt lat="50.64368838" lon="-119.51528963">
      </trkpt>
      <trkpt lat="50.64363453" lon="-119.51528506">
      </trkpt>
      <trkpt lat="50.64339158" lon="-119.51528639">
      </trkpt>
      <trkpt lat="50.64327484" lon="-119.51526606">
      </trkpt>
      <trkpt lat="50.64316793" lon="-119.5152318">
      </trkpt>
      <trkpt lat="50.64308771" lon="-119.51519894">
      </trkpt>
      <trkpt lat="50.64291005" lon="-119.51509152">
      </trkpt>
      <trkpt lat="50.642748" lon="-119.51509721">
      </trkpt>
      <trkpt lat="50.64263996" lon="-119.51509153">
      </trkpt>
      <trkpt lat="50.64247033" lon="-119.51505384">
      </trkpt>
      <trkpt lat="50.64239854" lon="-119.51502161">
      </trkpt>
      <trkpt lat="50.64230102" lon="-119.51497363">
      </trkpt>
      <trkpt lat="50.64220228" lon="-119.51495411">
      </trkpt>
      <trkpt lat="50.64213992" lon="-119.51493827">
      </trkpt>
      <trkpt lat="50.64183323" lon="-119.51497738">
      </trkpt>
      <trkpt lat="50.64169986" lon="-119.51491314">
      </trkpt>
      <trkpt lat="50.641539" lon="-119.51486183">
      </trkpt>
      <trkpt lat="50.64141311" lon="-119.51484097">
      </trkpt>
      <trkpt lat="50.6412876" lon="-119.51483427">
      </trkpt>
      <trkpt lat="50.64114193" lon="-119.51489796">
      </trkpt>
      <trkpt lat="50.6410775" lon="-119.51496411">
      </trkpt>
      <trkpt lat="50.64095833" lon="-119.51508619">
      </trkpt>
      <trkpt lat="50.64080142" lon="-119.51527581">
      </trkpt>
      <trkpt lat="50.64070944" lon="-119.5153708">
      </trkpt>
      <trkpt lat="50.64054517" lon="-119.51547441">
      </trkpt>
      <trkpt lat="50.64031948" lon="-119.51551955">
      </trkpt>
      <trkpt lat="50.64021964" lon="-119.51555701">
      </trkpt>
      <trkpt lat="50.64012054" lon="-119.51555003">
      </trkpt>
      <trkpt lat="50.63998565" lon="-119.51555719">
      </trkpt>
      <trkpt lat="50.6398683" lon="-119.51556521">
      </trkpt>
      <trkpt lat="50.63969775" lon="-119.51557042">
      </trkpt>
      <trkpt lat="50.63937603" lon="-119.5154678">
      </trkpt>
      <trkpt lat="50.63925092" lon="-119.51542012">
      </trkpt>
      <trkpt lat="50.63916116" lon="-119.51542785">
      </trkpt>
      <trkpt lat="50.63898043" lon="-119.5154611">
      </trkpt>
      <trkpt lat="50.6388537" lon="-119.51548298">
      </trkpt>
      <trkpt lat="50.63865599" lon="-119.51548672">
      </trkpt>
      <trkpt lat="50.63849573" lon="-119.51540691">
      </trkpt>
      <trkpt lat="50.63832641" lon="-119.51532657">
      </trkpt>
      <trkpt lat="50.63822904" lon="-119.51525187">
      </trkpt>
      <trkpt lat="50.63806061" lon="-119.51515733">
      </trkpt>
      <trkpt lat="50.63798892" lon="-119.51512679">
      </trkpt>
      <trkpt lat="50.63784393" lon="-119.51517447">
      </trkpt>
      <trkpt lat="50.63773533" lon="-119.51522569">
      </trkpt>
      <trkpt lat="50.63776397" lon="-119.51512737">
      </trkpt>
      <trkpt lat="50.63782063" lon="-119.51501619">
      </trkpt>
      <trkpt lat="50.63788017" lon="-119.51475188">
      </trkpt>
      <trkpt lat="50.63791335" lon="-119.51447008">
      </trkpt>
      <trkpt lat="50.63793392" lon="-119.51435886">
      </trkpt>
      <trkpt lat="50.6379572" lon="-119.51411926">
      </trkpt>
      <trkpt lat="50.63797833" lon="-119.51395114">
      </trkpt>
      <trkpt lat="50.63805724" lon="-119.51363075">
      </trkpt>
      <trkpt lat="50.63809971" lon="-119.5133351">
      </trkpt>
      <trkpt lat="50.63812003" lon="-119.51323812">
      </trkpt>
      <trkpt lat="50.63813347" lon="-119.5130248">
      </trkpt>
      <trkpt lat="50.63816769" lon="-119.51270208">
      </trkpt>
      <trkpt lat="50.63819691" lon="-119.51257526">
      </trkpt>
      <trkpt lat="50.63822771" lon="-119.51240744">
      </trkpt>
      <trkpt lat="50.63825041" lon="-119.51219818">
      </trkpt>
      <trkpt lat="50.63827034" lon="-119.5120852">
      </trkpt>
      <trkpt lat="50.63837383" lon="-119.51187845">
      </trkpt>
      <trkpt lat="50.6384391" lon="-119.51176957">
      </trkpt>
      <trkpt lat="50.63846803" lon="-119.51168554">
      </trkpt>
      <trkpt lat="50.63855317" lon="-119.5114921">
      </trkpt>
      <trkpt lat="50.63859242" lon="-119.51135317">
      </trkpt>
      <trkpt lat="50.63862209" lon="-119.51121393">
      </trkpt>
      <trkpt lat="50.6386697" lon="-119.51110234">
      </trkpt>
      <trkpt lat="50.63872583" lon="-119.51099293">
      </trkpt>
      <trkpt lat="50.6388091" lon="-119.51088328">
      </trkpt>
      <trkpt lat="50.63891116" lon="-119.51074776">
      </trkpt>
      <trkpt lat="50.63896644" lon="-119.51068109">
      </trkpt>
      <trkpt lat="50.63909554" lon="-119.51054521">
      </trkpt>
      <trkpt lat="50.63919603" lon="-119.51045082">
      </trkpt>
      <trkpt lat="50.63924255" lon="-119.51039792">
      </trkpt>
      <trkpt lat="50.63939876" lon="-119.51023495">
      </trkpt>
      <trkpt lat="50.63949118" lon="-119.51012753">
      </trkpt>
      <trkpt lat="50.63961104" lon="-119.50997877">
      </trkpt>
      <trkpt lat="50.6396852" lon="-119.50989701">
      </trkpt>
      <trkpt lat="50.63973144" lon="-119.50982994">
      </trkpt>
      <trkpt lat="50.6398235" lon="-119.50973493">
      </trkpt>
      <trkpt lat="50.63989773" lon="-119.50962644">
      </trkpt>
      <trkpt lat="50.64029439" lon="-119.50916769">
      </trkpt>
      <trkpt lat="50.64053995" lon="-119.50903809">
      </trkpt>
      <trkpt lat="50.64062262" lon="-119.50895679">
      </trkpt>
      <trkpt lat="50.64072374" lon="-119.50886402">
      </trkpt>
      <trkpt lat="50.64082579" lon="-119.50872849">
      </trkpt>
      <trkpt lat="50.64088157" lon="-119.50863162">
      </trkpt>
      <trkpt lat="50.64105208" lon="-119.50865495">
      </trkpt>
      <trkpt lat="50.64116295" lon="-119.5081097">
      </trkpt>
      <trkpt lat="50.64119158" lon="-119.50801137">
      </trkpt>
      <trkpt lat="50.64122203" lon="-119.50785779">
      </trkpt>
      <trkpt lat="50.64123448" lon="-119.50770327">
      </trkpt>
      <trkpt lat="50.64123743" lon="-119.50756078">
      </trkpt>
      <trkpt lat="50.64123085" lon="-119.50744808">
      </trkpt>
      <trkpt lat="50.64123322" lon="-119.50733408">
      </trkpt>
      <trkpt lat="50.64122629" lon="-119.50723564">
      </trkpt>
      <trkpt lat="50.64122005" lon="-119.50710869">
      </trkpt>
      <trkpt lat="50.64122267" lon="-119.50698045">
      </trkpt>
      <trkpt lat="50.64128036" lon="-119.50682833">
      </trkpt>
      <trkpt lat="50.64131788" lon="-119.50674646">
      </trkpt>
      <trkpt lat="50.64135644" lon="-119.50663433">
      </trkpt>
      <trkpt lat="50.6413953" lon="-119.50647953">
      </trkpt>
      <trkpt lat="50.64139718" lon="-119.50639587">
      </trkpt>
      <trkpt lat="50.64140023" lon="-119.50625506">
      </trkpt>
      <trkpt lat="50.64139536" lon="-119.50608529">
      </trkpt>
      <trkpt lat="50.64139232" lon="-119.5058016">
      </trkpt>
      <trkpt lat="50.64140443" lon="-119.50566133">
      </trkpt>
      <trkpt lat="50.64144447" lon="-119.50544954">
      </trkpt>
      <trkpt lat="50.64147526" lon="-119.5052817">
      </trkpt>
      <trkpt lat="50.64154322" lon="-119.50504455">
      </trkpt>
      <trkpt lat="50.64157308" lon="-119.50491947">
      </trkpt>
      <trkpt lat="50.64160328" lon="-119.50478013">
      </trkpt>
      <trkpt lat="50.64162272" lon="-119.50469747">
      </trkpt>
      <trkpt lat="50.6416715" lon="-119.50452873">
      </trkpt>
      <trkpt lat="50.64174665" lon="-119.50437762">
      </trkpt>
      <trkpt lat="50.64180371" lon="-119.50422544">
      </trkpt>
      <trkpt lat="50.64186257" lon="-119.50401631">
      </trkpt>
      <trkpt lat="50.64185742" lon="-119.50383237">
      </trkpt>
      <trkpt lat="50.64182579" lon="-119.50361846">
      </trkpt>
      <trkpt lat="50.64180214" lon="-119.50347456">
      </trkpt>
      <trkpt lat="50.64178591" lon="-119.50338983">
      </trkpt>
      <trkpt lat="50.64169961" lon="-119.50321595">
      </trkpt>
      <trkpt lat="50.64163925" lon="-119.50309854">
      </trkpt>
      <trkpt lat="50.64159785" lon="-119.50294116">
      </trkpt>
      <trkpt lat="50.6415916" lon="-119.50281421">
      </trkpt>
      <trkpt lat="50.64160243" lon="-119.50272925">
      </trkpt>
      <trkpt lat="50.64165948" lon="-119.50257706">
      </trkpt>
      <trkpt lat="50.64168908" lon="-119.50246622">
      </trkpt>
      <trkpt lat="50.64171805" lon="-119.50235377">
      </trkpt>
      <trkpt lat="50.64173817" lon="-119.50225496">
      </trkpt>
      <trkpt lat="50.64178646" lon="-119.50211655">
      </trkpt>
      <trkpt lat="50.64181528" lon="-119.50202003">
      </trkpt>
      <trkpt lat="50.64186371" lon="-119.50186554">
      </trkpt>
      <trkpt lat="50.64186652" lon="-119.50173912">
      </trkpt>
      <trkpt lat="50.64189789" lon="-119.50154278">
      </trkpt>
      <trkpt lat="50.64190084" lon="-119.50140029">
      </trkpt>
      <trkpt lat="50.6418852" lon="-119.50128705">
      </trkpt>
      <trkpt lat="50.64185077" lon="-119.5011997">
      </trkpt>
      <trkpt lat="50.64178984" lon="-119.50111264">
      </trkpt>
      <trkpt lat="50.64171917" lon="-119.50105185">
      </trkpt>
      <trkpt lat="50.64165883" lon="-119.50093629">
      </trkpt>
      <trkpt lat="50.64162651" lon="-119.50074919">
      </trkpt>
      <trkpt lat="50.64161564" lon="-119.50043822">
      </trkpt>
      <trkpt lat="50.64161351" lon="-119.50011177">
      </trkpt>
      <trkpt lat="50.64161716" lon="-119.49994261">
      </trkpt>
      <trkpt lat="50.64166668" lon="-119.49972048">
      </trkpt>
      <trkpt lat="50.64171546" lon="-119.49955188">
      </trkpt>
      <trkpt lat="50.6417726" lon="-119.49939968">
      </trkpt>
      <trkpt lat="50.64186771" lon="-119.49916568">
      </trkpt>
      <trkpt lat="50.64193287" lon="-119.49905508">
      </trkpt>
      <trkpt lat="50.64197987" lon="-119.49897183">
      </trkpt>
      <trkpt lat="50.64204538" lon="-119.49884867">
      </trkpt>
      <trkpt lat="50.64209244" lon="-119.49873714">
      </trkpt>
      <trkpt lat="50.64213193" lon="-119.49858395">
      </trkpt>
      <trkpt lat="50.64217058" lon="-119.49847364">
      </trkpt>
      <trkpt lat="50.64222728" lon="-119.498334">
      </trkpt>
      <trkpt lat="50.64225654" lon="-119.49823741">
      </trkpt>
      <trkpt lat="50.64225627" lon="-119.49782715">
      </trkpt>
      <trkpt lat="50.64226896" lon="-119.49765838">
      </trkpt>
      <trkpt lat="50.6423227" lon="-119.49723688">
      </trkpt>
      <trkpt lat="50.64234281" lon="-119.49713807">
      </trkpt>
      <trkpt lat="50.64238322" lon="-119.49694211">
      </trkpt>
      <trkpt lat="50.64240382" lon="-119.49680245">
      </trkpt>
      <trkpt lat="50.64240804" lon="-119.49660465">
      </trkpt>
      <trkpt lat="50.64241413" lon="-119.49632318">
      </trkpt>
      <trkpt lat="50.6424137" lon="-119.49593965">
      </trkpt>
      <trkpt lat="50.64242121" lon="-119.49558694">
      </trkpt>
      <trkpt lat="50.64242364" lon="-119.49505027">
      </trkpt>
      <trkpt lat="50.64244286" lon="-119.49414534">
      </trkpt>
      <trkpt lat="50.64244683" lon="-119.49396191">
      </trkpt>
      <trkpt lat="50.64246068" lon="-119.49373614">
      </trkpt>
      <trkpt lat="50.64246279" lon="-119.49363809">
      </trkpt>
      <trkpt lat="50.64246866" lon="-119.4933531">
      </trkpt>
      <trkpt lat="50.64240407" lon="-119.49301085">
      </trkpt>
      <trkpt lat="50.64236126" lon="-119.49265515">
      </trkpt>
      <trkpt lat="50.64234197" lon="-119.49244455">
      </trkpt>
      <trkpt lat="50.64233614" lon="-119.49227209">
      </trkpt>
      <trkpt lat="50.64239308" lon="-119.49205801">
      </trkpt>
      <trkpt lat="50.6424684" lon="-119.49187488">
      </trkpt>
      <trkpt lat="50.64256908" lon="-119.49161823">
      </trkpt>
      <trkpt lat="50.64263648" lon="-119.4913598">
      </trkpt>
      <trkpt lat="50.64270426" lon="-119.49086187">
      </trkpt>
      <trkpt lat="50.64278025" lon="-119.49042425">
      </trkpt>
      <trkpt lat="50.64284198" lon="-119.48998589">
      </trkpt>
      <trkpt lat="50.64289415" lon="-119.48977156">
      </trkpt>
      <trkpt lat="50.64294489" lon="-119.48962455">
      </trkpt>
      <trkpt lat="50.6430248" lon="-119.48944912">
      </trkpt>
      <trkpt lat="50.64314418" lon="-119.48920841">
      </trkpt>
      <trkpt lat="50.64328701" lon="-119.48898392">
      </trkpt>
      <trkpt lat="50.64343507" lon="-119.48873724">
      </trkpt>
      <trkpt lat="50.64352576" lon="-119.4885025">
      </trkpt>
      <trkpt lat="50.64358126" lon="-119.48835573">
      </trkpt>
      <trkpt lat="50.64362313" lon="-119.48817829">
      </trkpt>
      <trkpt lat="50.64363091" lon="-119.48803647">
      </trkpt>
      <trkpt lat="50.64362444" lon="-119.4878939">
      </trkpt>
      <trkpt lat="50.64360418" lon="-119.48772815">
      </trkpt>
      <trkpt lat="50.64356458" lon="-119.48757635">
      </trkpt>
      <trkpt lat="50.64350106" lon="-119.48743078">
      </trkpt>
      <trkpt lat="50.64341233" lon="-119.48735124">
      </trkpt>
      <trkpt lat="50.64332263" lon="-119.48731654">
      </trkpt>
      <trkpt lat="50.64321819" lon="-119.48730355">
      </trkpt>
      <trkpt lat="50.64308" lon="-119.48731122">
      </trkpt>
      <trkpt lat="50.64297461" lon="-119.48734309">
      </trkpt>
      <trkpt lat="50.6428643" lon="-119.48738217">
      </trkpt>
      <trkpt lat="50.6427597" lon="-119.48737664">
      </trkpt>
      <trkpt lat="50.64267952" lon="-119.48734246">
      </trkpt>
      <trkpt lat="50.64258714" lon="-119.48721034">
      </trkpt>
      <trkpt lat="50.64248559" lon="-119.48706275">
      </trkpt>
      <trkpt lat="50.64241746" lon="-119.48690945">
      </trkpt>
      <trkpt lat="50.64237834" lon="-119.48673522">
      </trkpt>
      <trkpt lat="50.642295" lon="-119.48662603">
      </trkpt>
      <trkpt lat="50.64216555" lon="-119.48644703">
      </trkpt>
      <trkpt lat="50.6420399" lon="-119.48631315">
      </trkpt>
      <trkpt lat="50.6419198" lon="-119.48614213">
      </trkpt>
      <trkpt lat="50.64175755" lon="-119.48593895">
      </trkpt>
      <trkpt lat="50.64167436" lon="-119.48582228">
      </trkpt>
      <trkpt lat="50.64160052" lon="-119.4857136">
      </trkpt>
      <trkpt lat="50.64148818" lon="-119.48562532">
      </trkpt>
      <trkpt lat="50.6413145" lon="-119.48551136">
      </trkpt>
      <trkpt lat="50.64116982" lon="-119.48537648">
      </trkpt>
      <trkpt lat="50.64097984" lon="-119.48513442">
      </trkpt>
      <trkpt lat="50.6407515" lon="-119.48490531">
      </trkpt>
      <trkpt lat="50.64058925" lon="-119.48470214">
      </trkpt>
      <trkpt lat="50.64047295" lon="-119.48457624">
      </trkpt>
      <trkpt lat="50.64033587" lon="-119.48453158">
      </trkpt>
      <trkpt lat="50.64022192" lon="-119.48451809">
      </trkpt>
      <trkpt lat="50.64013287" lon="-119.48445351">
      </trkpt>
      <trkpt lat="50.64001448" lon="-119.48442481">
      </trkpt>
      <trkpt lat="50.63989119" lon="-119.48440333">
      </trkpt>
      <trkpt lat="50.63980053" lon="-119.48441353">
      </trkpt>
      <trkpt lat="50.63970354" lon="-119.48449823">
      </trkpt>
      <trkpt lat="50.63961065" lon="-119.48461308">
      </trkpt>
      <trkpt lat="50.63957641" lon="-119.48465618">
      </trkpt>
      <trkpt lat="50.63950858" lon="-119.48471248">
      </trkpt>
      <trkpt lat="50.63943123" lon="-119.48476828">
      </trkpt>
      <trkpt lat="50.63934992" lon="-119.48478644">
      </trkpt>
      <trkpt lat="50.63921077" lon="-119.48483899">
      </trkpt>
      <trkpt lat="50.6390767" lon="-119.48487681">
      </trkpt>
      <trkpt lat="50.63889031" lon="-119.4849119">
      </trkpt>
      <trkpt lat="50.63878033" lon="-119.48493602">
      </trkpt>
      <trkpt lat="50.63866495" lon="-119.48498981">
      </trkpt>
      <trkpt lat="50.63857841" lon="-119.48503016">
      </trkpt>
      <trkpt lat="50.63849648" lon="-119.48507822">
      </trkpt>
      <trkpt lat="50.63838425" lon="-119.48520703">
      </trkpt>
      <trkpt lat="50.63831022" lon="-119.48533036">
      </trkpt>
      <trkpt lat="50.63825458" lon="-119.48548461">
      </trkpt>
      <trkpt lat="50.63817436" lon="-119.48567497">
      </trkpt>
      <trkpt lat="50.6381038" lon="-119.48585835">
      </trkpt>
      <trkpt lat="50.63803469" lon="-119.48597447">
      </trkpt>
      <trkpt lat="50.6379651" lon="-119.486113">
      </trkpt>
      <trkpt lat="50.6378681" lon="-119.48619769">
      </trkpt>
      <trkpt lat="50.63774257" lon="-119.48628087">
      </trkpt>
      <trkpt lat="50.63765143" lon="-119.48631349">
      </trkpt>
      <trkpt lat="50.63758456" lon="-119.48632493">
      </trkpt>
      <trkpt lat="50.63750357" lon="-119.48632814">
      </trkpt>
      <trkpt lat="50.63740896" lon="-119.48630069">
      </trkpt>
      <trkpt lat="50.63732338" lon="-119.48629617">
      </trkpt>
      <trkpt lat="50.63722275" lon="-119.48632828">
      </trkpt>
      <trkpt lat="50.63711623" lon="-119.48641248">
      </trkpt>
      <trkpt lat="50.63698879" lon="-119.48658537">
      </trkpt>
      <trkpt lat="50.63691871" lon="-119.48674632">
      </trkpt>
      <trkpt lat="50.6368721" lon="-119.48692349">
      </trkpt>
      <trkpt lat="50.63683783" lon="-119.48719111">
      </trkpt>
      <trkpt lat="50.63679544" lon="-119.48761549">
      </trkpt>
      <trkpt lat="50.63677719" lon="-119.48780163">
      </trkpt>
      <trkpt lat="50.63674275" lon="-119.48807674">
      </trkpt>
      <trkpt lat="50.63675714" lon="-119.48829455">
      </trkpt>
      <trkpt lat="50.63676473" lon="-119.48838476">
      </trkpt>
      <trkpt lat="50.6368243" lon="-119.48849269">
      </trkpt>
      <trkpt lat="50.63689845" lon="-119.48858641">
      </trkpt>
      <trkpt lat="50.63689194" lon="-119.4886684">
      </trkpt>
      <trkpt lat="50.63687875" lon="-119.48883984">
      </trkpt>
      <trkpt lat="50.63690408" lon="-119.48899087">
      </trkpt>
      <trkpt lat="50.63692119" lon="-119.48908159">
      </trkpt>
      <trkpt lat="50.63697408" lon="-119.48927898">
      </trkpt>
      <trkpt lat="50.63692838" lon="-119.48963582">
      </trkpt>
      <trkpt lat="50.63678491" lon="-119.48989018">
      </trkpt>
      <trkpt lat="50.63660879" lon="-119.49011289">
      </trkpt>
      <trkpt lat="50.636371" lon="-119.49054937">
      </trkpt>
      <trkpt lat="50.63622245" lon="-119.49081844">
      </trkpt>
      <trkpt lat="50.63611718" lon="-119.49106734">
      </trkpt>
      <trkpt lat="50.63599982" lon="-119.49143534">
      </trkpt>
      <trkpt lat="50.63591069" lon="-119.4918198">
      </trkpt>
      <trkpt lat="50.63584355" lon="-119.49228776">
      </trkpt>
      <trkpt lat="50.63581937" lon="-119.4927505">
      </trkpt>
      <trkpt lat="50.63578904" lon="-119.49305575">
      </trkpt>
      <trkpt lat="50.6356782" lon="-119.49334177">
      </trkpt>
      <trkpt lat="50.63552458" lon="-119.49362553">
      </trkpt>
      <trkpt lat="50.63543895" lon="-119.49384551">
      </trkpt>
      <trkpt lat="50.63538388" lon="-119.49419435">
      </trkpt>
      <trkpt lat="50.63541166" lon="-119.49467482">
      </trkpt>
      <trkpt lat="50.63547765" lon="-119.49514981">
      </trkpt>
      <trkpt lat="50.63559223" lon="-119.49579952">
      </trkpt>
      <trkpt lat="50.63567157" lon="-119.4960956">
      </trkpt>
      <trkpt lat="50.63585148" lon="-119.49658413">
      </trkpt>
      <trkpt lat="50.63600608" lon="-119.49692163">
      </trkpt>
      <trkpt lat="50.63613914" lon="-119.49715322">
      </trkpt>
      <trkpt lat="50.63629624" lon="-119.49759563">
      </trkpt>
      <trkpt lat="50.63642231" lon="-119.49793163">
      </trkpt>
      <trkpt lat="50.63665821" lon="-119.498251">
      </trkpt>
      <trkpt lat="50.63685211" lon="-119.49853072">
      </trkpt>
      <trkpt lat="50.63697188" lon="-119.4987167">
      </trkpt>
      <trkpt lat="50.63704249" lon="-119.49897492">
      </trkpt>
      <trkpt lat="50.63711497" lon="-119.49936796">
      </trkpt>
      <trkpt lat="50.63715465" lon="-119.4997368">
      </trkpt>
      <trkpt lat="50.63715308" lon="-119.50025314">
      </trkpt>
      <trkpt lat="50.63715377" lon="-119.50066483">
      </trkpt>
      <trkpt lat="50.63721085" lon="-119.50110944">
      </trkpt>
      <trkpt lat="50.63725522" lon="-119.50170307">
      </trkpt>
      <trkpt lat="50.63726065" lon="-119.502115">
      </trkpt>
      <trkpt lat="50.63719756" lon="-119.50256013">
      </trkpt>
      <trkpt lat="50.63715365" lon="-119.50308767">
      </trkpt>
      <trkpt lat="50.63715474" lon="-119.50334189">
      </trkpt>
      <trkpt lat="50.63715804" lon="-119.50361131">
      </trkpt>
      <trkpt lat="50.63715473" lon="-119.5037662">
      </trkpt>
      <trkpt lat="50.6371885" lon="-119.50427624">
      </trkpt>
      <trkpt lat="50.63719003" lon="-119.50463115">
      </trkpt>
      <trkpt lat="50.63718426" lon="-119.50489833">
      </trkpt>
      <trkpt lat="50.63718814" lon="-119.50513926">
      </trkpt>
      <trkpt lat="50.63728659" lon="-119.50556891">
      </trkpt>
      <trkpt lat="50.6373548" lon="-119.5057437">
      </trkpt>
      <trkpt lat="50.63740722" lon="-119.50583028">
      </trkpt>
      <trkpt lat="50.63745792" lon="-119.5059738">
      </trkpt>
      <trkpt lat="50.63756423" lon="-119.50646098">
      </trkpt>
      <trkpt lat="50.63758595" lon="-119.50671708">
      </trkpt>
      <trkpt lat="50.63759716" lon="-119.50701547">
      </trkpt>
      <trkpt lat="50.63759951" lon="-119.50732594">
      </trkpt>
      <trkpt lat="50.63754784" lon="-119.50764765">
      </trkpt>
      <trkpt lat="50.63749931" lon="-119.50780213">
      </trkpt>
      <trkpt lat="50.63734171" lon="-119.50801842">
      </trkpt>
      <trkpt lat="50.63717509" lon="-119.50823617">
      </trkpt>
      <trkpt lat="50.63710077" lon="-119.50834452">
      </trkpt>
      <trkpt lat="50.63699006" lon="-119.5084955">
      </trkpt>
      <trkpt lat="50.63694398" lon="-119.50853598">
      </trkpt>
      <trkpt lat="50.63688869" lon="-119.50860251">
      </trkpt>
      <trkpt lat="50.63678688" lon="-119.50872379">
      </trkpt>
      <trkpt lat="50.63668433" lon="-119.50888779">
      </trkpt>
      <trkpt lat="50.63660977" lon="-119.50901222">
      </trkpt>
      <trkpt lat="50.63648991" lon="-119.50916097">
      </trkpt>
      <trkpt lat="50.63631491" lon="-119.50934966">
      </trkpt>
      <trkpt lat="50.63634365" lon="-119.50925317">
      </trkpt>
      <trkpt lat="50.63636589" lon="-119.50905464">
      </trkpt>
      <trkpt lat="50.63642517" lon="-119.50880457">
      </trkpt>
      <trkpt lat="50.63646645" lon="-119.50856606">
      </trkpt>
      <trkpt lat="50.63649817" lon="-119.50835549">
      </trkpt>
      <trkpt lat="50.63652922" lon="-119.50817344">
      </trkpt>
      <trkpt lat="50.63656007" lon="-119.5079772">
      </trkpt>
      <trkpt lat="50.63659238" lon="-119.50773814">
      </trkpt>
      <trkpt lat="50.63661319" lon="-119.50761254">
      </trkpt>
      <trkpt lat="50.63665452" lon="-119.50734561">
      </trkpt>
      <trkpt lat="50.63670529" lon="-119.50709493">
      </trkpt>
      <trkpt lat="50.63671611" lon="-119.50700998">
      </trkpt>
      <trkpt lat="50.6367106" lon="-119.50683847">
      </trkpt>
      <trkpt lat="50.63671553" lon="-119.50661402">
      </trkpt>
      <trkpt lat="50.63671824" lon="-119.50648579">
      </trkpt>
      <trkpt lat="50.63671496" lon="-119.50621821">
      </trkpt>
      <trkpt lat="50.63671836" lon="-119.50606317">
      </trkpt>
      <trkpt lat="50.63671354" lon="-119.505865">
      </trkpt>
      <trkpt lat="50.6367077" lon="-119.50570788">
      </trkpt>
      <trkpt lat="50.63671109" lon="-119.50555284">
      </trkpt>
      <trkpt lat="50.63669634" lon="-119.50542543">
      </trkpt>
      <trkpt lat="50.63667486" lon="-119.5051551">
      </trkpt>
      <trkpt lat="50.63666758" lon="-119.50506907">
      </trkpt>
      <trkpt lat="50.63667064" lon="-119.50492843">
      </trkpt>
      <trkpt lat="50.63667403" lon="-119.50477339">
      </trkpt>
      <trkpt lat="50.63668756" lon="-119.5045619">
      </trkpt>
      <trkpt lat="50.63668191" lon="-119.50440646">
      </trkpt>
      <trkpt lat="50.63664203" lon="-119.50417786">
      </trkpt>
      <trkpt lat="50.63659969" lon="-119.50406155">
      </trkpt>
      <trkpt lat="50.63650493" lon="-119.50385865">
      </trkpt>
      <trkpt lat="50.63646149" lon="-119.50379918">
      </trkpt>
      <trkpt lat="50.63638212" lon="-119.50372545">
      </trkpt>
      <trkpt lat="50.63633782" lon="-119.50368045">
      </trkpt>
      <trkpt lat="50.6362575" lon="-119.50364762">
      </trkpt>
      <trkpt lat="50.63606098" lon="-119.50359442">
      </trkpt>
      <trkpt lat="50.63591762" lon="-119.50357258">
      </trkpt>
      <trkpt lat="50.63577406" lon="-119.50353656">
      </trkpt>
      <trkpt lat="50.6356669" lon="-119.50351658">
      </trkpt>
      <trkpt lat="50.63559505" lon="-119.50351279">
      </trkpt>
      <trkpt lat="50.63551415" lon="-119.5035086">
      </trkpt>
      <trkpt lat="50.63540611" lon="-119.50350295">
      </trkpt>
      <trkpt lat="50.6351369" lon="-119.50348869">
      </trkpt>
      <trkpt lat="50.63507356" lon="-119.50348537">
      </trkpt>
      <trkpt lat="50.63496614" lon="-119.50347963">
      </trkpt>
      <trkpt lat="50.63489429" lon="-119.50347584">
      </trkpt>
      <trkpt lat="50.63474947" lon="-119.50349682">
      </trkpt>
      <trkpt lat="50.63462243" lon="-119.50356139">
      </trkpt>
      <trkpt lat="50.63455785" lon="-119.50364177">
      </trkpt>
      <trkpt lat="50.63451168" lon="-119.50368227">
      </trkpt>
      <trkpt lat="50.63442236" lon="-119.50367746">
      </trkpt>
      <trkpt lat="50.63430493" lon="-119.50368553">
      </trkpt>
      <trkpt lat="50.63421956" lon="-119.50346892">
      </trkpt>
      <trkpt lat="50.63416251" lon="-119.50319666">
      </trkpt>
      <trkpt lat="50.63411357" lon="-119.50296753">
      </trkpt>
      <trkpt lat="50.634034" lon="-119.50274979">
      </trkpt>
      <trkpt lat="50.63394308" lon="-119.50250473">
      </trkpt>
      <trkpt lat="50.63384535" lon="-119.50231269">
      </trkpt>
      <trkpt lat="50.633764" lon="-119.50214823">
      </trkpt>
      <trkpt lat="50.63366717" lon="-119.50196691">
      </trkpt>
      <trkpt lat="50.63358873" lon="-119.50185044">
      </trkpt>
      <trkpt lat="50.63350979" lon="-119.50176245">
      </trkpt>
      <trkpt lat="50.6334222" lon="-119.50164376">
      </trkpt>
      <trkpt lat="50.63325475" lon="-119.50147983">
      </trkpt>
      <trkpt lat="50.63314006" lon="-119.50138992">
      </trkpt>
      <trkpt lat="50.63303922" lon="-119.50138016">
      </trkpt>
      <trkpt lat="50.63295521" lon="-119.50134011">
      </trkpt>
      <trkpt lat="50.6328275" lon="-119.50122657">
      </trkpt>
      <trkpt lat="50.63270735" lon="-119.50102445">
      </trkpt>
      <trkpt lat="50.63261368" lon="-119.50076668">
      </trkpt>
      <trkpt lat="50.63253735" lon="-119.50055049">
      </trkpt>
      <trkpt lat="50.63249603" lon="-119.50039313">
      </trkpt>
      <trkpt lat="50.63247135" lon="-119.50027953">
      </trkpt>
      <trkpt lat="50.63243888" lon="-119.50012089">
      </trkpt>
      <trkpt lat="50.63237977" lon="-119.49991996">
      </trkpt>
      <trkpt lat="50.63230624" lon="-119.49957737">
      </trkpt>
      <trkpt lat="50.63222925" lon="-119.49930865">
      </trkpt>
      <trkpt lat="50.63217185" lon="-119.49908318">
      </trkpt>
      <trkpt lat="50.63208132" lon="-119.49875946">
      </trkpt>
      <trkpt lat="50.63203877" lon="-119.49862899">
      </trkpt>
      <trkpt lat="50.63195333" lon="-119.49844068">
      </trkpt>
      <trkpt lat="50.63182354" lon="-119.49817898">
      </trkpt>
      <trkpt lat="50.63171814" lon="-119.49807354">
      </trkpt>
      <trkpt lat="50.63162076" lon="-119.49799889">
      </trkpt>
      <trkpt lat="50.63145271" lon="-119.49786347">
      </trkpt>
      <trkpt lat="50.63133911" lon="-119.4977149">
      </trkpt>
      <trkpt lat="50.63126562" lon="-119.49754046">
      </trkpt>
      <trkpt lat="50.63119538" lon="-119.49738549">
      </trkpt>
      <trkpt lat="50.63113682" lon="-119.49721334">
      </trkpt>
      <trkpt lat="50.63106479" lon="-119.49709237">
      </trkpt>
      <trkpt lat="50.63098356" lon="-119.49710245">
      </trkpt>
      <trkpt lat="50.63091963" lon="-119.49712763">
      </trkpt>
      <trkpt lat="50.63084483" lon="-119.49726461">
      </trkpt>
      <trkpt lat="50.63076581" lon="-119.49736271">
      </trkpt>
      <trkpt lat="50.63066801" lon="-119.49743759">
      </trkpt>
      <trkpt lat="50.63056047" lon="-119.49753125">
      </trkpt>
      <trkpt lat="50.63049444" lon="-119.4976563">
      </trkpt>
      <trkpt lat="50.63042835" lon="-119.49780792">
      </trkpt>
      <trkpt lat="50.63026325" lon="-119.49795429">
      </trkpt>
      <trkpt lat="50.63011812" lon="-119.49801794">
      </trkpt>
      <trkpt lat="50.63004569" lon="-119.49804265">
      </trkpt>
      <trkpt lat="50.62991866" lon="-119.49810723">
      </trkpt>
      <trkpt lat="50.6298444" lon="-119.49818731">
      </trkpt>
      <trkpt lat="50.62975228" lon="-119.49830889">
      </trkpt>
      <trkpt lat="50.62965304" lon="-119.49831803">
      </trkpt>
      <trkpt lat="50.629527" lon="-119.49831315">
      </trkpt>
      <trkpt lat="50.6294322" lon="-119.49833289">
      </trkpt>
      <trkpt lat="50.6293184" lon="-119.49836245">
      </trkpt>
      <trkpt lat="50.6292387" lon="-119.49838491">
      </trkpt>
      <trkpt lat="50.62915239" lon="-119.4984515">
      </trkpt>
      <trkpt lat="50.62906138" lon="-119.49847337">
      </trkpt>
      <trkpt lat="50.6289926" lon="-119.49851421">
      </trkpt>
      <trkpt lat="50.62888211" lon="-119.4986038">
      </trkpt>
      <trkpt lat="50.62868453" lon="-119.49863131">
      </trkpt>
      <trkpt lat="50.62856152" lon="-119.49856251">
      </trkpt>
      <trkpt lat="50.6284357" lon="-119.49845193">
      </trkpt>
      <trkpt lat="50.62830514" lon="-119.49837988">
      </trkpt>
      <trkpt lat="50.62818674" lon="-119.4983122">
      </trkpt>
      <trkpt lat="50.6280521" lon="-119.49830517">
      </trkpt>
      <trkpt lat="50.62787283" lon="-119.49829566">
      </trkpt>
      <trkpt lat="50.62766587" lon="-119.49828476">
      </trkpt>
      <trkpt lat="50.62755812" lon="-119.49829329">
      </trkpt>
      <trkpt lat="50.62736882" lon="-119.49829588">
      </trkpt>
      <trkpt lat="50.62731507" lon="-119.49829302">
      </trkpt>
      <trkpt lat="50.62713492" lon="-119.49829784">
      </trkpt>
      <trkpt lat="50.62708151" lon="-119.49828073">
      </trkpt>
      <trkpt lat="50.62690981" lon="-119.4982703">
      </trkpt>
      <trkpt lat="50.62682292" lon="-119.4981691">
      </trkpt>
      <trkpt lat="50.6267099" lon="-119.49799206">
      </trkpt>
      <trkpt lat="50.62665983" lon="-119.49779154">
      </trkpt>
      <trkpt lat="50.62664482" lon="-119.4976784">
      </trkpt>
      <trkpt lat="50.6266464" lon="-119.49758046">
      </trkpt>
      <trkpt lat="50.6266448" lon="-119.49725405">
      </trkpt>
      <trkpt lat="50.62665586" lon="-119.49715487">
      </trkpt>
      <trkpt lat="50.62666811" lon="-119.49698793">
      </trkpt>
      <trkpt lat="50.62666288" lon="-119.49683076">
      </trkpt>
      <trkpt lat="50.62664748" lon="-119.49670333">
      </trkpt>
      <trkpt lat="50.62656107" lon="-119.49652769">
      </trkpt>
      <trkpt lat="50.6264473" lon="-119.49639507">
      </trkpt>
      <trkpt lat="50.62632473" lon="-119.4962644">
      </trkpt>
      <trkpt lat="50.62622527" lon="-119.49615239">
      </trkpt>
      <trkpt lat="50.62609851" lon="-119.49599445">
      </trkpt>
      <trkpt lat="50.62598252" lon="-119.49583234">
      </trkpt>
      <trkpt lat="50.62587693" lon="-119.49571444">
      </trkpt>
      <trkpt lat="50.62579813" lon="-119.49561055">
      </trkpt>
      <trkpt lat="50.62576434" lon="-119.49552485">
      </trkpt>
      <trkpt lat="50.6257306" lon="-119.49541087">
      </trkpt>
      <trkpt lat="50.62569339" lon="-119.49505413">
      </trkpt>
      <trkpt lat="50.62569668" lon="-119.49489914">
      </trkpt>
      <trkpt lat="50.62566435" lon="-119.4947121">
      </trkpt>
      <trkpt lat="50.62563276" lon="-119.49452851">
      </trkpt>
      <trkpt lat="50.62560797" lon="-119.49441324">
      </trkpt>
      <trkpt lat="50.62558499" lon="-119.4942426">
      </trkpt>
      <trkpt lat="50.62548398" lon="-119.49404043">
      </trkpt>
      <trkpt lat="50.62544822" lon="-119.49386062">
      </trkpt>
      <trkpt lat="50.62547463" lon="-119.49368411">
      </trkpt>
      <trkpt lat="50.62548295" lon="-119.49356001">
      </trkpt>
      <trkpt lat="50.62548568" lon="-119.49340306">
      </trkpt>
      <trkpt lat="50.62549166" lon="-119.49312001">
      </trkpt>
      <trkpt lat="50.62549436" lon="-119.4929935">
      </trkpt>
      <trkpt lat="50.62549858" lon="-119.49279591">
      </trkpt>
      <trkpt lat="50.62550391" lon="-119.49256962">
      </trkpt>
      <trkpt lat="50.62550871" lon="-119.49234354">
      </trkpt>
      <trkpt lat="50.62551209" lon="-119.49218854">
      </trkpt>
      <trkpt lat="50.6255102" lon="-119.49202249">
      </trkpt>
      <trkpt lat="50.62556412" lon="-119.49188302">
      </trkpt>
      <trkpt lat="50.62562991" lon="-119.49171748">
      </trkpt>
      <trkpt lat="50.62568965" lon="-119.49156941">
      </trkpt>
      <trkpt lat="50.62580804" lon="-119.49136988">
      </trkpt>
      <trkpt lat="50.62587757" lon="-119.49125021">
      </trkpt>
      <trkpt lat="50.62592017" lon="-119.49111013">
      </trkpt>
      <trkpt lat="50.62597256" lon="-119.49104173">
      </trkpt>
      <trkpt lat="50.62604282" lon="-119.4909008">
      </trkpt>
      <trkpt lat="50.62610073" lon="-119.49073447">
      </trkpt>
      <trkpt lat="50.62617494" lon="-119.49062598">
      </trkpt>
      <trkpt lat="50.6262865" lon="-119.49046067">
      </trkpt>
      <trkpt lat="50.62632403" lon="-119.49037896">
      </trkpt>
      <trkpt lat="50.62637172" lon="-119.49026907">
      </trkpt>
      <trkpt lat="50.62641902" lon="-119.49014319">
      </trkpt>
      <trkpt lat="50.62644802" lon="-119.49006087">
      </trkpt>
      <trkpt lat="50.62649567" lon="-119.48992088">
      </trkpt>
      <trkpt lat="50.62651704" lon="-119.4897668">
      </trkpt>
      <trkpt lat="50.62649386" lon="-119.48958199">
      </trkpt>
      <trkpt lat="50.62646945" lon="-119.48948257">
      </trkpt>
      <trkpt lat="50.62641892" lon="-119.48929463">
      </trkpt>
      <trkpt lat="50.62637083" lon="-119.48908791">
      </trkpt>
      <trkpt lat="50.62631284" lon="-119.48888914">
      </trkpt>
      <trkpt lat="50.6262669" lon="-119.48865543">
      </trkpt>
      <trkpt lat="50.62621907" lon="-119.48851057">
      </trkpt>
      <trkpt lat="50.62617836" lon="-119.48836382">
      </trkpt>
      <trkpt lat="50.62614393" lon="-119.48827651">
      </trkpt>
      <trkpt lat="50.62608416" lon="-119.48813252">
      </trkpt>
      <trkpt lat="50.62603309" lon="-119.48800146">
      </trkpt>
      <trkpt lat="50.62599896" lon="-119.48793016">
      </trkpt>
      <trkpt lat="50.62590899" lon="-119.48792362">
      </trkpt>
      <trkpt lat="50.625792" lon="-119.48791931">
      </trkpt>
      <trkpt lat="50.62562701" lon="-119.48788328">
      </trkpt>
      <trkpt lat="50.62544306" lon="-119.48784401">
      </trkpt>
      <trkpt lat="50.62534557" lon="-119.48776756">
      </trkpt>
      <trkpt lat="50.62528463" lon="-119.48768055">
      </trkpt>
      <trkpt lat="50.6252071" lon="-119.48752139">
      </trkpt>
      <trkpt lat="50.62514698" lon="-119.48738995">
      </trkpt>
      <trkpt lat="50.62510349" lon="-119.48730211">
      </trkpt>
      <trkpt lat="50.62503434" lon="-119.48717198">
      </trkpt>
      <trkpt lat="50.62501868" lon="-119.4870588">
      </trkpt>
      <trkpt lat="50.62500601" lon="-119.48683171">
      </trkpt>
      <trkpt lat="50.62498115" lon="-119.4865949">
      </trkpt>
      <trkpt lat="50.62495453" lon="-119.48629057">
      </trkpt>
      <trkpt lat="50.62493008" lon="-119.48616276">
      </trkpt>
      <trkpt lat="50.62492523" lon="-119.48596464">
      </trkpt>
      <trkpt lat="50.62491853" lon="-119.4858503">
      </trkpt>
      <trkpt lat="50.62489435" lon="-119.4857348">
      </trkpt>
      <trkpt lat="50.62486906" lon="-119.48564971">
      </trkpt>
      <trkpt lat="50.62481823" lon="-119.48550443">
      </trkpt>
      <trkpt lat="50.62482312" lon="-119.48528004">
      </trkpt>
      <trkpt lat="50.62482582" lon="-119.48515368">
      </trkpt>
      <trkpt lat="50.62484928" lon="-119.4848999">
      </trkpt>
      <trkpt lat="50.62484291" lon="-119.4847713">
      </trkpt>
      <trkpt lat="50.62483689" lon="-119.48463016">
      </trkpt>
      <trkpt lat="50.62479925" lon="-119.48451265">
      </trkpt>
      <trkpt lat="50.62476799" lon="-119.48438646">
      </trkpt>
      <trkpt lat="50.62473635" lon="-119.48427804">
      </trkpt>
      <trkpt lat="50.6247049" lon="-119.48416075">
      </trkpt>
      <trkpt lat="50.62464068" lon="-119.48398834">
      </trkpt>
      <trkpt lat="50.62460377" lon="-119.48386186">
      </trkpt>
      <trkpt lat="50.62451503" lon="-119.48377713">
      </trkpt>
      <trkpt lat="50.62440427" lon="-119.48366455">
      </trkpt>
      <trkpt lat="50.62430047" lon="-119.48349005">
      </trkpt>
      <trkpt lat="50.62413867" lon="-119.48311682">
      </trkpt>
      <trkpt lat="50.62405693" lon="-119.48297018">
      </trkpt>
      <trkpt lat="50.62394048" lon="-119.48278641">
      </trkpt>
      <trkpt lat="50.62383516" lon="-119.48268271">
      </trkpt>
      <trkpt lat="50.62378204" lon="-119.48262297">
      </trkpt>
      <trkpt lat="50.62363644" lon="-119.48252105">
      </trkpt>
      <trkpt lat="50.6234539" lon="-119.48232463">
      </trkpt>
      <trkpt lat="50.62335538" lon="-119.48216823">
      </trkpt>
      <trkpt lat="50.62329624" lon="-119.48202278">
      </trkpt>
      <trkpt lat="50.62323144" lon="-119.48187705">
      </trkpt>
      <trkpt lat="50.62316645" lon="-119.4817402">
      </trkpt>
      <trkpt lat="50.62305625" lon="-119.48160097">
      </trkpt>
      <trkpt lat="50.62291702" lon="-119.48149578">
      </trkpt>
      <trkpt lat="50.62278891" lon="-119.48140008">
      </trkpt>
      <trkpt lat="50.62267757" lon="-119.48131418">
      </trkpt>
      <trkpt lat="50.62259431" lon="-119.48123863">
      </trkpt>
      <trkpt lat="50.62246601" lon="-119.48115181">
      </trkpt>
      <trkpt lat="50.62233338" lon="-119.48100251">
      </trkpt>
      <trkpt lat="50.62217306" lon="-119.48082506">
      </trkpt>
      <trkpt lat="50.62205193" lon="-119.48066747">
      </trkpt>
      <trkpt lat="50.62192439" lon="-119.48054513">
      </trkpt>
      <trkpt lat="50.62180193" lon="-119.48044973">
      </trkpt>
      <trkpt lat="50.62166403" lon="-119.48028236">
      </trkpt>
      <trkpt lat="50.62159245" lon="-119.48018964">
      </trkpt>
      <trkpt lat="50.62151426" lon="-119.48014105">
      </trkpt>
      <trkpt lat="50.62144192" lon="-119.48008388">
      </trkpt>
      <trkpt lat="50.62135319" lon="-119.47999916">
      </trkpt>
      <trkpt lat="50.62123751" lon="-119.47985075">
      </trkpt>
      <trkpt lat="50.62116377" lon="-119.47971434">
      </trkpt>
      <trkpt lat="50.62109552" lon="-119.47954136">
      </trkpt>
      <trkpt lat="50.62102842" lon="-119.47930971">
      </trkpt>
      <trkpt lat="50.62097739" lon="-119.47904543">
      </trkpt>
      <trkpt lat="50.62097668" lon="-119.47878471">
      </trkpt>
      <trkpt lat="50.62097913" lon="-119.4786726">
      </trkpt>
      <trkpt lat="50.62100977" lon="-119.47850299">
      </trkpt>
      <trkpt lat="50.62102253" lon="-119.47833612">
      </trkpt>
      <trkpt lat="50.62105088" lon="-119.47825205">
      </trkpt>
      <trkpt lat="50.62111656" lon="-119.47814139">
      </trkpt>
      <trkpt lat="50.62115432" lon="-119.4780453">
      </trkpt>
      <trkpt lat="50.62123334" lon="-119.47792035">
      </trkpt>
      <trkpt lat="50.62128523" lon="-119.47782575">
      </trkpt>
      <trkpt lat="50.62137708" lon="-119.47771824">
      </trkpt>
      <trkpt lat="50.62145263" lon="-119.47756524">
      </trkpt>
      <trkpt lat="50.62150883" lon="-119.47745596">
      </trkpt>
      <trkpt lat="50.62156491" lon="-119.47734485">
      </trkpt>
      <trkpt lat="50.62161201" lon="-119.47726345">
      </trkpt>
      <trkpt lat="50.62165837" lon="-119.4771803">
      </trkpt>
      <trkpt lat="50.62172478" lon="-119.47701443">
      </trkpt>
      <trkpt lat="50.62179965" lon="-119.47687758">
      </trkpt>
      <trkpt lat="50.62190511" lon="-119.4766659">
      </trkpt>
      <trkpt lat="50.62195806" lon="-119.47657083">
      </trkpt>
      <trkpt lat="50.62200767" lon="-119.4764071">
      </trkpt>
      <trkpt lat="50.62206717" lon="-119.47622966">
      </trkpt>
      <trkpt lat="50.62215069" lon="-119.47601877">
      </trkpt>
      <trkpt lat="50.62218991" lon="-119.47588">
      </trkpt>
      <trkpt lat="50.62224784" lon="-119.47568511">
      </trkpt>
      <trkpt lat="50.62236334" lon="-119.47533814">
      </trkpt>
      <trkpt lat="50.62246909" lon="-119.47501743">
      </trkpt>
      <trkpt lat="50.62259597" lon="-119.47496886">
      </trkpt>
      <trkpt lat="50.62265167" lon="-119.4749004">
      </trkpt>
      <trkpt lat="50.62271564" lon="-119.47484664">
      </trkpt>
      <trkpt lat="50.62276998" lon="-119.47482099">
      </trkpt>
      <trkpt lat="50.62291428" lon="-119.47480183">
      </trkpt>
      <trkpt lat="50.62305798" lon="-119.47480933">
      </trkpt>
      <trkpt lat="50.62313003" lon="-119.47482725">
      </trkpt>
      <trkpt lat="50.62329841" lon="-119.47491991">
      </trkpt>
      <trkpt lat="50.6236459" lon="-119.47509472">
      </trkpt>
      <trkpt lat="50.62389639" lon="-119.47516479">
      </trkpt>
      <trkpt lat="50.62402156" lon="-119.47518392">
      </trkpt>
      <trkpt lat="50.62429507" lon="-119.47542461">
      </trkpt>
      <trkpt lat="50.62434853" lon="-119.47547009">
      </trkpt>
      <trkpt lat="50.62445351" lon="-119.47558788">
      </trkpt>
      <trkpt lat="50.624567" lon="-119.47576309">
      </trkpt>
      <trkpt lat="50.62476005" lon="-119.47598709">
      </trkpt>
      <trkpt lat="50.62491816" lon="-119.47616476">
      </trkpt>
      <trkpt lat="50.62498851" lon="-119.47623973">
      </trkpt>
      <trkpt lat="50.62507752" lon="-119.4762853">
      </trkpt>
      <trkpt lat="50.62532943" lon="-119.47628415">
      </trkpt>
      <trkpt lat="50.62541077" lon="-119.47627587">
      </trkpt>
      <trkpt lat="50.6256165" lon="-119.4763134">
      </trkpt>
      <trkpt lat="50.62572362" lon="-119.47636172">
      </trkpt>
      <trkpt lat="50.62582034" lon="-119.47645247">
      </trkpt>
      <trkpt lat="50.62598841" lon="-119.47658779">
      </trkpt>
      <trkpt lat="50.62611155" lon="-119.47673675">
      </trkpt>
      <trkpt lat="50.62618199" lon="-119.47681172">
      </trkpt>
      <trkpt lat="50.62629183" lon="-119.47712764">
      </trkpt>
      <trkpt lat="50.62630677" lon="-119.47728525">
      </trkpt>
      <trkpt lat="50.62631163" lon="-119.47748337">
      </trkpt>
      <trkpt lat="50.62631707" lon="-119.47765301">
      </trkpt>
      <trkpt lat="50.62631133" lon="-119.47789173">
      </trkpt>
      <trkpt lat="50.62630656" lon="-119.47811795">
      </trkpt>
      <trkpt lat="50.62631259" lon="-119.4782591">
      </trkpt>
      <trkpt lat="50.62630967" lon="-119.47840155">
      </trkpt>
      <trkpt lat="50.62635097" lon="-119.47858727">
      </trkpt>
      <trkpt lat="50.62638705" lon="-119.47899914">
      </trkpt>
      <trkpt lat="50.62642923" lon="-119.47911373">
      </trkpt>
      <trkpt lat="50.6265078" lon="-119.47923197">
      </trkpt>
      <trkpt lat="50.62666565" lon="-119.47942375">
      </trkpt>
      <trkpt lat="50.62674505" lon="-119.47949927">
      </trkpt>
      <trkpt lat="50.62681574" lon="-119.47956">
      </trkpt>
      <trkpt lat="50.62697417" lon="-119.4797233">
      </trkpt>
      <trkpt lat="50.62710639" lon="-119.47984255">
      </trkpt>
      <trkpt lat="50.62723846" lon="-119.47999022">
      </trkpt>
      <trkpt lat="50.62737949" lon="-119.48012594">
      </trkpt>
      <trkpt lat="50.62750291" lon="-119.48023057">
      </trkpt>
      <trkpt lat="50.62758239" lon="-119.48030593">
      </trkpt>
      <trkpt lat="50.62777771" lon="-119.48044441">
      </trkpt>
      <trkpt lat="50.62785705" lon="-119.48048969">
      </trkpt>
      <trkpt lat="50.62791933" lon="-119.48055165">
      </trkpt>
      <trkpt lat="50.62803394" lon="-119.4806415">
      </trkpt>
      <trkpt lat="50.62814884" lon="-119.48074552">
      </trkpt>
      <trkpt lat="50.62821174" lon="-119.48075058">
      </trkpt>
      <trkpt lat="50.62837344" lon="-119.48075732">
      </trkpt>
      <trkpt lat="50.62848213" lon="-119.48070771">
      </trkpt>
      <trkpt lat="50.62856449" lon="-119.48066918">
      </trkpt>
      <trkpt lat="50.62863752" lon="-119.48061766">
      </trkpt>
      <trkpt lat="50.62876386" lon="-119.48057983">
      </trkpt>
      <trkpt lat="50.62892634" lon="-119.48056146">
      </trkpt>
      <trkpt lat="50.62902592" lon="-119.48053818">
      </trkpt>
      <trkpt lat="50.62907993" lon="-119.48052677">
      </trkpt>
      <trkpt lat="50.62920821" lon="-119.48040685">
      </trkpt>
      <trkpt lat="50.62936501" lon="-119.48024387">
      </trkpt>
      <trkpt lat="50.62945735" lon="-119.48010787">
      </trkpt>
      <trkpt lat="50.62954035" lon="-119.48001413">
      </trkpt>
      <trkpt lat="50.62959673" lon="-119.47991716">
      </trkpt>
      <trkpt lat="50.62966197" lon="-119.47980825">
      </trkpt>
      <trkpt lat="50.62980072" lon="-119.47961763">
      </trkpt>
      <trkpt lat="50.62987457" lon="-119.47952167">
      </trkpt>
      <trkpt lat="50.62993898" lon="-119.47945549">
      </trkpt>
      <trkpt lat="50.63004927" lon="-119.47934713">
      </trkpt>
      <trkpt lat="50.63013261" lon="-119.47923914">
      </trkpt>
      <trkpt lat="50.63020621" lon="-119.47915742">
      </trkpt>
      <trkpt lat="50.63030848" lon="-119.47900761">
      </trkpt>
      <trkpt lat="50.63037328" lon="-119.47891126">
      </trkpt>
      <trkpt lat="50.63042918" lon="-119.47884447">
      </trkpt>
      <trkpt lat="50.63048551" lon="-119.4787191">
      </trkpt>
      <trkpt lat="50.63052332" lon="-119.47865153">
      </trkpt>
      <trkpt lat="50.6305887" lon="-119.47852655">
      </trkpt>
      <trkpt lat="50.63064456" lon="-119.4784315">
      </trkpt>
      <trkpt lat="50.6306825" lon="-119.47834786">
      </trkpt>
      <trkpt lat="50.63068585" lon="-119.47819283">
      </trkpt>
      <trkpt lat="50.63067949" lon="-119.47806593">
      </trkpt>
      <trkpt lat="50.63067311" lon="-119.47793732">
      </trkpt>
      <trkpt lat="50.63066606" lon="-119.47783707">
      </trkpt>
      <trkpt lat="50.63066967" lon="-119.47766795">
      </trkpt>
      <trkpt lat="50.63066514" lon="-119.47745555">
      </trkpt>
      <trkpt lat="50.63066757" lon="-119.47734328">
      </trkpt>
      <trkpt lat="50.63067084" lon="-119.47718841">
      </trkpt>
      <trkpt lat="50.63067386" lon="-119.47704764">
      </trkpt>
      <trkpt lat="50.63072479" lon="-119.47678101">
      </trkpt>
      <trkpt lat="50.63076575" lon="-119.47655674">
      </trkpt>
      <trkpt lat="50.63076843" lon="-119.47643022">
      </trkpt>
      <trkpt lat="50.63077226" lon="-119.47624501">
      </trkpt>
      <trkpt lat="50.63081304" lon="-119.47600827">
      </trkpt>
      <trkpt lat="50.63084437" lon="-119.47581196">
      </trkpt>
      <trkpt lat="50.63087711" lon="-119.47554443">
      </trkpt>
      <trkpt lat="50.63089861" lon="-119.47536205">
      </trkpt>
      <trkpt lat="50.63092983" lon="-119.47516391">
      </trkpt>
      <trkpt lat="50.63096997" lon="-119.47498407">
      </trkpt>
      <trkpt lat="50.63102805" lon="-119.47477322">
      </trkpt>
      <trkpt lat="50.6310676" lon="-119.47462017">
      </trkpt>
      <trkpt lat="50.63109664" lon="-119.47450941">
      </trkpt>
      <trkpt lat="50.63117175" lon="-119.47435814">
      </trkpt>
      <trkpt lat="50.63122001" lon="-119.47421974">
      </trkpt>
      <trkpt lat="50.63122317" lon="-119.47406303">
      </trkpt>
      <trkpt lat="50.63123465" lon="-119.47395128">
      </trkpt>
      <trkpt lat="50.63137002" lon="-119.47349126">
      </trkpt>
      <trkpt lat="50.63138242" lon="-119.47333676">
      </trkpt>
      <trkpt lat="50.6314856" lon="-119.47314419">
      </trkpt>
      <trkpt lat="50.63157092" lon="-119.47293646">
      </trkpt>
      <trkpt lat="50.63156421" lon="-119.47282211">
      </trkpt>
      <trkpt lat="50.63155992" lon="-119.47259547">
      </trkpt>
      <trkpt lat="50.63156234" lon="-119.47248318">
      </trkpt>
      <trkpt lat="50.63156536" lon="-119.47234255">
      </trkpt>
      <trkpt lat="50.63157814" lon="-119.47215774">
      </trkpt>
      <trkpt lat="50.63160027" lon="-119.47197697">
      </trkpt>
      <trkpt lat="50.63162222" lon="-119.47179452">
      </trkpt>
      <trkpt lat="50.63166165" lon="-119.47163964">
      </trkpt>
      <trkpt lat="50.63169069" lon="-119.47152888">
      </trkpt>
      <trkpt lat="50.63170591" lon="-119.47123193">
      </trkpt>
      <trkpt lat="50.63171739" lon="-119.47112017">
      </trkpt>
      <trkpt lat="50.63174788" lon="-119.47096659">
      </trkpt>
      <trkpt lat="50.6317683" lon="-119.47085354">
      </trkpt>
      <trkpt lat="50.63178094" lon="-119.4706848">
      </trkpt>
      <trkpt lat="50.63181164" lon="-119.47048857">
      </trkpt>
      <trkpt lat="50.63185117" lon="-119.47033537">
      </trkpt>
      <trkpt lat="50.63191352" lon="-119.46992858">
      </trkpt>
      <trkpt lat="50.63199328" lon="-119.4695495">
      </trkpt>
      <trkpt lat="50.6320529" lon="-119.4692975">
      </trkpt>
      <trkpt lat="50.63208111" lon="-119.46922947">
      </trkpt>
      <trkpt lat="50.6321375" lon="-119.46913432">
      </trkpt>
      <trkpt lat="50.63217456" lon="-119.46906501">
      </trkpt>
      <trkpt lat="50.63226843" lon="-119.46888614">
      </trkpt>
      <trkpt lat="50.63234227" lon="-119.46879015">
      </trkpt>
      <trkpt lat="50.63240712" lon="-119.46872389">
      </trkpt>
      <trkpt lat="50.63247109" lon="-119.46867025">
      </trkpt>
      <trkpt lat="50.63258974" lon="-119.4685784">
      </trkpt>
      <trkpt lat="50.63275226" lon="-119.46854222">
      </trkpt>
      <trkpt lat="50.6329687" lon="-119.46854094">
      </trkpt>
      <trkpt lat="50.63306716" lon="-119.46854606">
      </trkpt>
      <trkpt lat="50.63314797" lon="-119.46855034">
      </trkpt>
      <trkpt lat="50.63320226" lon="-119.46855308">
      </trkpt>
      <trkpt lat="50.6333179" lon="-119.46860186">
      </trkpt>
      <trkpt lat="50.6334601" lon="-119.46868058">
      </trkpt>
      <trkpt lat="50.63356664" lon="-119.46875568">
      </trkpt>
      <trkpt lat="50.63373497" lon="-119.46887676">
      </trkpt>
      <trkpt lat="50.6338241" lon="-119.46892585">
      </trkpt>
      <trkpt lat="50.63391308" lon="-119.46894315">
      </trkpt>
      <trkpt lat="50.6340562" lon="-119.46897912">
      </trkpt>
      <trkpt lat="50.63422637" lon="-119.4690164">
      </trkpt>
      <trkpt lat="50.63432479" lon="-119.46905008">
      </trkpt>
      <trkpt lat="50.63444981" lon="-119.46908513">
      </trkpt>
      <trkpt lat="50.63462904" lon="-119.46912295">
      </trkpt>
      <trkpt lat="50.63474555" lon="-119.4691574">
      </trkpt>
      <trkpt lat="50.63488823" lon="-119.46920593">
      </trkpt>
      <trkpt lat="50.63500422" lon="-119.4692423">
      </trkpt>
      <trkpt lat="50.63513873" lon="-119.46927598">
      </trkpt>
      <trkpt lat="50.63529056" lon="-119.46932659">
      </trkpt>
      <trkpt lat="50.63544239" lon="-119.46937735">
      </trkpt>
      <trkpt lat="50.63555895" lon="-119.46938338">
      </trkpt>
      <trkpt lat="50.63563071" lon="-119.46938713">
      </trkpt>
      <trkpt lat="50.6357659" lon="-119.46939415">
      </trkpt>
      <trkpt lat="50.63594285" lon="-119.46951753">
      </trkpt>
      <trkpt lat="50.63604058" lon="-119.46957787">
      </trkpt>
      <trkpt lat="50.6361282" lon="-119.46969651">
      </trkpt>
      <trkpt lat="50.63626797" lon="-119.46988738">
      </trkpt>
      <trkpt lat="50.63642377" lon="-119.47017906">
      </trkpt>
      <trkpt lat="50.63646706" lon="-119.47025259">
      </trkpt>
      <trkpt lat="50.63654577" lon="-119.47035477">
      </trkpt>
      <trkpt lat="50.63666949" lon="-119.47047355">
      </trkpt>
      <trkpt lat="50.63685514" lon="-119.47061158">
      </trkpt>
      <trkpt lat="50.63696134" lon="-119.47070095">
      </trkpt>
      <trkpt lat="50.63719199" lon="-119.47085558">
      </trkpt>
      <trkpt lat="50.63732504" lon="-119.47093209">
      </trkpt>
      <trkpt lat="50.63745795" lon="-119.47102454">
      </trkpt>
      <trkpt lat="50.63753735" lon="-119.47110005">
      </trkpt>
      <trkpt lat="50.63766841" lon="-119.4712763">
      </trkpt>
      <trkpt lat="50.63778066" lon="-119.47150856">
      </trkpt>
      <trkpt lat="50.63786584" lon="-119.47173936">
      </trkpt>
      <trkpt lat="50.63797905" lon="-119.47190045">
      </trkpt>
      <trkpt lat="50.63810311" lon="-119.47200668">
      </trkpt>
      <trkpt lat="50.63816523" lon="-119.47203671">
      </trkpt>
      <trkpt lat="50.63833501" lon="-119.47210432">
      </trkpt>
      <trkpt lat="50.63843212" lon="-119.47216476">
      </trkpt>
      <trkpt lat="50.63850338" lon="-119.472197">
      </trkpt>
      <trkpt lat="50.63861051" lon="-119.47224533">
      </trkpt>
      <trkpt lat="50.63866393" lon="-119.47226241">
      </trkpt>
      <trkpt lat="50.63874356" lon="-119.47232185">
      </trkpt>
      <trkpt lat="50.63880555" lon="-119.47236965">
      </trkpt>
      <trkpt lat="50.63886762" lon="-119.47242809">
      </trkpt>
      <trkpt lat="50.63892054" lon="-119.47247366">
      </trkpt>
      <trkpt lat="50.63908862" lon="-119.472609">
      </trkpt>
      <trkpt lat="50.63922932" lon="-119.47275899">
      </trkpt>
      <trkpt lat="50.63938836" lon="-119.47289396">
      </trkpt>
      <trkpt lat="50.63951304" lon="-119.47294328">
      </trkpt>
      <trkpt lat="50.63965514" lon="-119.47302019">
      </trkpt>
      <trkpt lat="50.63978047" lon="-119.47307127">
      </trkpt>
      <trkpt lat="50.64000346" lon="-119.47315245">
      </trkpt>
      <trkpt lat="50.64015471" lon="-119.47323158">
      </trkpt>
      <trkpt lat="50.64026013" lon="-119.47333699">
      </trkpt>
      <trkpt lat="50.64034823" lon="-119.47342546">
      </trkpt>
      <trkpt lat="50.64045409" lon="-119.47352896">
      </trkpt>
      <trkpt lat="50.64050668" lon="-119.47358878">
      </trkpt>
      <trkpt lat="50.64056856" lon="-119.47363489">
      </trkpt>
      <trkpt lat="50.64070167" lon="-119.47374153">
      </trkpt>
      <trkpt lat="50.64085256" lon="-119.47383322">
      </trkpt>
      <trkpt lat="50.64098597" lon="-119.47389733">
      </trkpt>
      <trkpt lat="50.64105757" lon="-119.47391532">
      </trkpt>
      <trkpt lat="50.64120118" lon="-119.47392283">
      </trkpt>
      <trkpt lat="50.64126398" lon="-119.47392604">
      </trkpt>
      <trkpt lat="50.64134488" lon="-119.47393032">
      </trkpt>
      <trkpt lat="50.6414266" lon="-119.47389171">
      </trkpt>
      <trkpt lat="50.64154496" lon="-119.47384251">
      </trkpt>
      <trkpt lat="50.64162694" lon="-119.4737898">
      </trkpt>
      <trkpt lat="50.641763" lon="-119.47372553">
      </trkpt>
      <trkpt lat="50.64182639" lon="-119.47370038">
      </trkpt>
      <trkpt lat="50.64198007" lon="-119.47366735">
      </trkpt>
      <trkpt lat="50.64208894" lon="-119.47363019">
      </trkpt>
      <trkpt lat="50.64218885" lon="-119.47359249">
      </trkpt>
      <trkpt lat="50.64228926" lon="-119.47352644">
      </trkpt>
      <trkpt lat="50.64238948" lon="-119.47344791">
      </trkpt>
      <trkpt lat="50.64251722" lon="-119.47338484">
      </trkpt>
      <trkpt lat="50.64258202" lon="-119.47328846">
      </trkpt>
      <trkpt lat="50.64266466" lon="-119.47320709">
      </trkpt>
      <trkpt lat="50.64275729" lon="-119.47308534">
      </trkpt>
      <trkpt lat="50.64282125" lon="-119.47303156">
      </trkpt>
      <trkpt lat="50.64289428" lon="-119.47298015">
      </trkpt>
      <trkpt lat="50.64299444" lon="-119.4729282">
      </trkpt>
      <trkpt lat="50.6430946" lon="-119.47287639">
      </trkpt>
      <trkpt lat="50.64315881" lon="-119.47280836">
      </trkpt>
      <trkpt lat="50.64322346" lon="-119.47272791">
      </trkpt>
      <trkpt lat="50.64327045" lon="-119.47264477">
      </trkpt>
      <trkpt lat="50.64331701" lon="-119.4725634">
      </trkpt>
      <trkpt lat="50.64337275" lon="-119.47246648">
      </trkpt>
      <trkpt lat="50.64342913" lon="-119.47237118">
      </trkpt>
      <trkpt lat="50.64349412" lon="-119.47227647">
      </trkpt>
      <trkpt lat="50.64362404" lon="-119.47206929">
      </trkpt>
      <trkpt lat="50.64369006" lon="-119.47194602">
      </trkpt>
      <trkpt lat="50.64378385" lon="-119.47176726">
      </trkpt>
      <trkpt lat="50.64385861" lon="-119.4716285">
      </trkpt>
      <trkpt lat="50.64393371" lon="-119.47147719">
      </trkpt>
      <trkpt lat="50.64398085" lon="-119.47136731">
      </trkpt>
      <trkpt lat="50.64402875" lon="-119.47124142">
      </trkpt>
      <trkpt lat="50.64405804" lon="-119.47111638">
      </trkpt>
      <trkpt lat="50.64408751" lon="-119.47100368">
      </trkpt>
      <trkpt lat="50.64412613" lon="-119.47089334">
      </trkpt>
      <trkpt lat="50.64418289" lon="-119.47075536">
      </trkpt>
      <trkpt lat="50.64422199" lon="-119.47061468">
      </trkpt>
      <trkpt lat="50.64426174" lon="-119.47041893">
      </trkpt>
      <trkpt lat="50.64427448" lon="-119.47025184">
      </trkpt>
      <trkpt lat="50.64428735" lon="-119.4700671">
      </trkpt>
      <trkpt lat="50.64431693" lon="-119.46995623">
      </trkpt>
      <trkpt lat="50.64438346" lon="-119.4697742">
      </trkpt>
      <trkpt lat="50.64442155" lon="-119.46966393">
      </trkpt>
      <trkpt lat="50.64449694" lon="-119.46952678">
      </trkpt>
      <trkpt lat="50.64454374" lon="-119.46943116">
      </trkpt>
      <trkpt lat="50.64467372" lon="-119.46925423">
      </trkpt>
      <trkpt lat="50.64475495" lon="-119.4692441">
      </trkpt>
      <trkpt lat="50.64497066" lon="-119.46924108">
      </trkpt>
      <trkpt lat="50.64506912" lon="-119.46924634">
      </trkpt>
      <trkpt lat="50.64517683" lon="-119.46926617">
      </trkpt>
      <trkpt lat="50.64525797" lon="-119.46925605">
      </trkpt>
      <trkpt lat="50.64546447" lon="-119.46926688">
      </trkpt>
      <trkpt lat="50.64556337" lon="-119.46927194">
      </trkpt>
      <trkpt lat="50.64586007" lon="-119.46927318">
      </trkpt>
      <trkpt lat="50.64604147" lon="-119.46921293">
      </trkpt>
      <trkpt lat="50.64613156" lon="-119.46920165">
      </trkpt>
      <trkpt lat="50.64626621" lon="-119.4692086">
      </trkpt>
      <trkpt lat="50.64641143" lon="-119.46914666">
      </trkpt>
      <trkpt lat="50.64649373" lon="-119.46907954">
      </trkpt>
      <trkpt lat="50.64662161" lon="-119.46900052">
      </trkpt>
      <trkpt lat="50.64680175" lon="-119.46899558">
      </trkpt>
      <trkpt lat="50.64698137" lon="-119.46899257">
      </trkpt>
      <trkpt lat="50.64714341" lon="-119.46898672">
      </trkpt>
      <trkpt lat="50.64732423" lon="-119.46895497">
      </trkpt>
      <trkpt lat="50.64750495" lon="-119.46892153">
      </trkpt>
      <trkpt lat="50.64765818" lon="-119.4688992">
      </trkpt>
      <trkpt lat="50.6477838" lon="-119.46890761">
      </trkpt>
      <trkpt lat="50.64794617" lon="-119.4688875">
      </trkpt>
      <trkpt lat="50.64815408" lon="-119.46882693">
      </trkpt>
      <trkpt lat="50.64829078" lon="-119.46876439">
      </trkpt>
      <trkpt lat="50.64841862" lon="-119.46865695">
      </trkpt>
      <trkpt lat="50.64853813" lon="-119.46855072">
      </trkpt>
      <trkpt lat="50.64859305" lon="-119.46849654">
      </trkpt>
      <trkpt lat="50.64868532" lon="-119.46838718">
      </trkpt>
      <trkpt lat="50.64877703" lon="-119.46830816">
      </trkpt>
      <trkpt lat="50.64882289" lon="-119.46825345">
      </trkpt>
      <trkpt lat="50.64889677" lon="-119.46818584">
      </trkpt>
      <trkpt lat="50.64895204" lon="-119.46811925">
      </trkpt>
      <trkpt lat="50.64904465" lon="-119.46799733">
      </trkpt>
      <trkpt lat="50.64914602" lon="-119.46786007">
      </trkpt>
      <trkpt lat="50.64922049" lon="-119.46776566">
      </trkpt>
      <trkpt lat="50.64931281" lon="-119.46762787">
      </trkpt>
      <trkpt lat="50.64939667" lon="-119.46751973">
      </trkpt>
      <trkpt lat="50.64945183" lon="-119.4674513">
      </trkpt>
      <trkpt lat="50.6495354" lon="-119.46732899">
      </trkpt>
      <trkpt lat="50.64960029" lon="-119.46723427">
      </trkpt>
      <trkpt lat="50.64972072" lon="-119.46708528">
      </trkpt>
      <trkpt lat="50.64993246" lon="-119.46684126">
      </trkpt>
      <trkpt lat="50.65012548" lon="-119.46665326">
      </trkpt>
      <trkpt lat="50.65017135" lon="-119.46659869">
      </trkpt>
      <trkpt lat="50.65024471" lon="-119.46653286">
      </trkpt>
      <trkpt lat="50.65031805" lon="-119.46646533">
      </trkpt>
      <trkpt lat="50.65041914" lon="-119.46637243">
      </trkpt>
      <trkpt lat="50.65061089" lon="-119.46623975">
      </trkpt>
      <trkpt lat="50.65073892" lon="-119.46613397">
      </trkpt>
      <trkpt lat="50.65087653" lon="-119.46602865">
      </trkpt>
      <trkpt lat="50.65098569" lon="-119.46594879">
      </trkpt>
      <trkpt lat="50.65111361" lon="-119.46584132">
      </trkpt>
      <trkpt lat="50.65119655" lon="-119.46577594">
      </trkpt>
      <trkpt lat="50.65134257" lon="-119.46566939">
      </trkpt>
      <trkpt lat="50.65150704" lon="-119.46555133">
      </trkpt>
      <trkpt lat="50.6515804" lon="-119.4654855">
      </trkpt>
      <trkpt lat="50.65164403" lon="-119.4654461">
      </trkpt>
      <trkpt lat="50.65190879" lon="-119.46525998">
      </trkpt>
      <trkpt lat="50.65201838" lon="-119.46516769">
      </trkpt>
      <trkpt lat="50.65211051" lon="-119.46507425">
      </trkpt>
      <trkpt lat="50.65221995" lon="-119.46500855">
      </trkpt>
      <trkpt lat="50.65235636" lon="-119.46493182">
      </trkpt>
      <trkpt lat="50.65248515" lon="-119.46481001">
      </trkpt>
      <trkpt lat="50.65256838" lon="-119.46470195">
      </trkpt>
      <trkpt lat="50.65265161" lon="-119.46459218">
      </trkpt>
      <trkpt lat="50.65269815" lon="-119.46451079">
      </trkpt>
      <trkpt lat="50.65275365" lon="-119.46442809">
      </trkpt>
      <trkpt lat="50.65282802" lon="-119.46433198">
      </trkpt>
      <trkpt lat="50.6529391" lon="-119.46416827">
      </trkpt>
      <trkpt lat="50.65302233" lon="-119.4640602">
      </trkpt>
      <trkpt lat="50.65309592" lon="-119.46397842">
      </trkpt>
      <trkpt lat="50.65316951" lon="-119.46389663">
      </trkpt>
      <trkpt lat="50.65320722" lon="-119.46382903">
      </trkpt>
      <trkpt lat="50.65328148" lon="-119.46372042">
      </trkpt>
      <trkpt lat="50.65353057" lon="-119.46342119">
      </trkpt>
      <trkpt lat="50.65366851" lon="-119.46330159">
      </trkpt>
      <trkpt lat="50.65378715" lon="-119.46320967">
      </trkpt>
      <trkpt lat="50.65387028" lon="-119.46309991">
      </trkpt>
      <trkpt lat="50.65393515" lon="-119.46300333">
      </trkpt>
      <trkpt lat="50.65402744" lon="-119.46289579">
      </trkpt>
      <trkpt lat="50.6541316" lon="-119.46266203">
      </trkpt>
      <trkpt lat="50.65422527" lon="-119.46248138">
      </trkpt>
      <trkpt lat="50.65430095" lon="-119.46230165">
      </trkpt>
      <trkpt lat="50.65433931" lon="-119.46220538">
      </trkpt>
      <trkpt lat="50.6543501" lon="-119.46212039">
      </trkpt>
      <trkpt lat="50.65440908" lon="-119.46186834">
      </trkpt>
      <trkpt lat="50.65445736" lon="-119.46170142">
      </trkpt>
      <trkpt lat="50.65447938" lon="-119.46151886">
      </trkpt>
      <trkpt lat="50.65448527" lon="-119.46123548">
      </trkpt>
      <trkpt lat="50.65448189" lon="-119.4609678">
      </trkpt>
      <trkpt lat="50.65448604" lon="-119.46076994">
      </trkpt>
      <trkpt lat="50.65448927" lon="-119.46061314">
      </trkpt>
      <trkpt lat="50.65449421" lon="-119.46040109">
      </trkpt>
      <trkpt lat="50.65450731" lon="-119.46019127">
      </trkpt>
      <trkpt lat="50.65451156" lon="-119.4600059">
      </trkpt>
      <trkpt lat="50.65451572" lon="-119.45980818">
      </trkpt>
      <trkpt lat="50.65452021" lon="-119.45959606">
      </trkpt>
      <trkpt lat="50.65453283" lon="-119.45942723">
      </trkpt>
      <trkpt lat="50.65456152" lon="-119.45933067">
      </trkpt>
      <trkpt lat="50.6546279" lon="-119.45916465">
      </trkpt>
      <trkpt lat="50.65471285" lon="-119.45896935">
      </trkpt>
      <trkpt lat="50.65477211" lon="-119.45873146">
      </trkpt>
      <trkpt lat="50.65483989" lon="-119.45849418">
      </trkpt>
      <trkpt lat="50.6548785" lon="-119.45838381">
      </trkpt>
      <trkpt lat="50.65500071" lon="-119.45812252">
      </trkpt>
      <trkpt lat="50.65508609" lon="-119.45791464">
      </trkpt>
      <trkpt lat="50.6551529" lon="-119.45774686">
      </trkpt>
      <trkpt lat="50.65524497" lon="-119.45762498">
      </trkpt>
      <trkpt lat="50.65535766" lon="-119.4574043">
      </trkpt>
      <trkpt lat="50.65540449" lon="-119.45733706">
      </trkpt>
      <trkpt lat="50.65561978" lon="-119.45692361">
      </trkpt>
      <trkpt lat="50.65573453" lon="-119.45660315">
      </trkpt>
      <trkpt lat="50.6558097" lon="-119.45645176">
      </trkpt>
      <trkpt lat="50.65587483" lon="-119.45634276">
      </trkpt>
      <trkpt lat="50.65593065" lon="-119.45624579">
      </trkpt>
      <trkpt lat="50.65596882" lon="-119.45614783">
      </trkpt>
      <trkpt lat="50.65602441" lon="-119.45606695">
      </trkpt>
      <trkpt lat="50.65618093" lon="-119.45591973">
      </trkpt>
      <trkpt lat="50.65630048" lon="-119.45578503">
      </trkpt>
      <trkpt lat="50.6563743" lon="-119.45568897">
      </trkpt>
      <trkpt lat="50.65643861" lon="-119.45562273">
      </trkpt>
      <trkpt lat="50.6565854" lon="-119.45550181">
      </trkpt>
      <trkpt lat="50.65668569" lon="-119.4554232">
      </trkpt>
      <trkpt lat="50.65680509" lon="-119.45531509">
      </trkpt>
      <trkpt lat="50.65689736" lon="-119.45520752">
      </trkpt>
      <trkpt lat="50.65698995" lon="-119.45508386">
      </trkpt>
      <trkpt lat="50.65708198" lon="-119.4549904">
      </trkpt>
      <trkpt lat="50.65719204" lon="-119.45486773">
      </trkpt>
      <trkpt lat="50.65726597" lon="-119.4547735">
      </trkpt>
      <trkpt lat="50.65734928" lon="-119.4546654">
      </trkpt>
      <trkpt lat="50.65745151" lon="-119.45451545">
      </trkpt>
      <trkpt lat="50.65749881" lon="-119.45441786">
      </trkpt>
      <trkpt lat="50.65757264" lon="-119.4543218">
      </trkpt>
      <trkpt lat="50.65765677" lon="-119.45417094">
      </trkpt>
      <trkpt lat="50.65772198" lon="-119.45406192">
      </trkpt>
      <trkpt lat="50.65780702" lon="-119.45386829">
      </trkpt>
      <trkpt lat="50.65789255" lon="-119.45364615">
      </trkpt>
      <trkpt lat="50.65795925" lon="-119.45346586">
      </trkpt>
      <trkpt lat="50.65802731" lon="-119.45324272">
      </trkpt>
      <trkpt lat="50.65810298" lon="-119.45306296">
      </trkpt>
      <trkpt lat="50.65818826" lon="-119.45285507">
      </trkpt>
      <trkpt lat="50.65822622" lon="-119.45274293">
      </trkpt>
      <trkpt lat="50.65830372" lon="-119.45247933">
      </trkpt>
      <trkpt lat="50.65836214" lon="-119.45228418">
      </trkpt>
      <trkpt lat="50.65842933" lon="-119.45207538">
      </trkpt>
      <trkpt lat="50.65848687" lon="-119.45189286">
      </trkpt>
      <trkpt lat="50.65853453" lon="-119.45178285">
      </trkpt>
      <trkpt lat="50.65858992" lon="-119.45170014">
      </trkpt>
      <trkpt lat="50.65866476" lon="-119.45156313">
      </trkpt>
      <trkpt lat="50.65874956" lon="-119.45138544">
      </trkpt>
      <trkpt lat="50.65884182" lon="-119.45127602">
      </trkpt>
      <trkpt lat="50.65894221" lon="-119.4512099">
      </trkpt>
      <trkpt lat="50.65908731" lon="-119.45114605">
      </trkpt>
      <trkpt lat="50.65915252" lon="-119.45103703">
      </trkpt>
      <trkpt lat="50.6593198" lon="-119.45080464">
      </trkpt>
      <trkpt lat="50.65935695" lon="-119.45073525">
      </trkpt>
      <trkpt lat="50.6594224" lon="-119.45061197">
      </trkpt>
      <trkpt lat="50.65947005" lon="-119.45050196">
      </trkpt>
      <trkpt lat="50.65958464" lon="-119.45019739">
      </trkpt>
      <trkpt lat="50.65966134" lon="-119.44995877">
      </trkpt>
      <trkpt lat="50.65972852" lon="-119.44974996">
      </trkpt>
      <trkpt lat="50.65979812" lon="-119.44942894">
      </trkpt>
      <trkpt lat="50.65985596" lon="-119.44926229">
      </trkpt>
      <trkpt lat="50.65996785" lon="-119.4490559">
      </trkpt>
      <trkpt lat="50.66006582" lon="-119.44867913">
      </trkpt>
      <trkpt lat="50.66018032" lon="-119.44837456">
      </trkpt>
      <trkpt lat="50.66023637" lon="-119.44826332">
      </trkpt>
      <trkpt lat="50.66032141" lon="-119.44806966">
      </trkpt>
      <trkpt lat="50.66037834" lon="-119.44794578">
      </trkpt>
      <trkpt lat="50.66046255" lon="-119.44779488">
      </trkpt>
      <trkpt lat="50.66062988" lon="-119.44753418">
      </trkpt>
      <trkpt lat="50.66072444" lon="-119.4473124">
      </trkpt>
      <trkpt lat="50.66083758" lon="-119.44705067">
      </trkpt>
      <trkpt lat="50.6608945" lon="-119.44692508">
      </trkpt>
      <trkpt lat="50.6609508" lon="-119.44679958">
      </trkpt>
      <trkpt lat="50.6610253" lon="-119.44667682">
      </trkpt>
      <trkpt lat="50.66109015" lon="-119.44658021">
      </trkpt>
      <trkpt lat="50.66115671" lon="-119.44642833">
      </trkpt>
      <trkpt lat="50.661243" lon="-119.44617948">
      </trkpt>
      <trkpt lat="50.66129025" lon="-119.44605345">
      </trkpt>
      <trkpt lat="50.66137653" lon="-119.4458046">
      </trkpt>
      <trkpt lat="50.66144586" lon="-119.44549767">
      </trkpt>
      <trkpt lat="50.66148517" lon="-119.44534267">
      </trkpt>
      <trkpt lat="50.6615153" lon="-119.44520323">
      </trkpt>
      <trkpt lat="50.66156437" lon="-119.4449935">
      </trkpt>
      <trkpt lat="50.66164069" lon="-119.44478519">
      </trkpt>
      <trkpt lat="50.66168847" lon="-119.44465908">
      </trkpt>
      <trkpt lat="50.66178494" lon="-119.44435358">
      </trkpt>
      <trkpt lat="50.66190702" lon="-119.44409052">
      </trkpt>
      <trkpt lat="50.66197164" lon="-119.44400999">
      </trkpt>
      <trkpt lat="50.66201828" lon="-119.44394105">
      </trkpt>
      <trkpt lat="50.66206413" lon="-119.4438863">
      </trkpt>
      <trkpt lat="50.6621112" lon="-119.44380479">
      </trkpt>
      <trkpt lat="50.66217597" lon="-119.44370832">
      </trkpt>
      <trkpt lat="50.66224142" lon="-119.44358503">
      </trkpt>
      <trkpt lat="50.66239068" lon="-119.44335167">
      </trkpt>
      <trkpt lat="50.66247537" lon="-119.44317226">
      </trkpt>
      <trkpt lat="50.66255982" lon="-119.4430071">
      </trkpt>
      <trkpt lat="50.66259744" lon="-119.4429092">
      </trkpt>
      <trkpt lat="50.6627292" lon="-119.44264827">
      </trkpt>
      <trkpt lat="50.66282259" lon="-119.44248179">
      </trkpt>
      <trkpt lat="50.6629159" lon="-119.44230467">
      </trkpt>
      <trkpt lat="50.66301844" lon="-119.44214041">
      </trkpt>
      <trkpt lat="50.66313889" lon="-119.44197537">
      </trkpt>
      <trkpt lat="50.66322137" lon="-119.44190999">
      </trkpt>
      <trkpt lat="50.66327652" lon="-119.44184151">
      </trkpt>
      <trkpt lat="50.66341198" lon="-119.44180562">
      </trkpt>
      <trkpt lat="50.66356551" lon="-119.44179921">
      </trkpt>
      <trkpt lat="50.6636283" lon="-119.44180238">
      </trkpt>
      <trkpt lat="50.66371849" lon="-119.44179273">
      </trkpt>
      <trkpt lat="50.66386014" lon="-119.44189993">
      </trkpt>
      <trkpt lat="50.66395755" lon="-119.44197451">
      </trkpt>
      <trkpt lat="50.6640552" lon="-119.44202418">
      </trkpt>
      <trkpt lat="50.664162" lon="-119.44208503">
      </trkpt>
      <trkpt lat="50.66426971" lon="-119.4421048">
      </trkpt>
      <trkpt lat="50.66440402" lon="-119.44212593">
      </trkpt>
      <trkpt lat="50.66450329" lon="-119.44208668">
      </trkpt>
      <trkpt lat="50.66461712" lon="-119.44203316">
      </trkpt>
      <trkpt lat="50.66475927" lon="-119.4418649">
      </trkpt>
      <trkpt lat="50.66487086" lon="-119.44170724">
      </trkpt>
      <trkpt lat="50.66497542" lon="-119.44156291">
      </trkpt>
      <trkpt lat="50.66509653" lon="-119.44143459">
      </trkpt>
      <trkpt lat="50.66521969" lon="-119.44140423">
      </trkpt>
      <trkpt lat="50.66538345" lon="-119.44131274">
      </trkpt>
      <trkpt lat="50.66548301" lon="-119.4412892">
      </trkpt>
      <trkpt lat="50.66559144" lon="-119.44125385">
      </trkpt>
      <trkpt lat="50.66569149" lon="-119.44120182">
      </trkpt>
      <trkpt lat="50.66575554" lon="-119.4411498">
      </trkpt>
      <trkpt lat="50.6658565" lon="-119.44105512">
      </trkpt>
      <trkpt lat="50.6659485" lon="-119.44095991">
      </trkpt>
      <trkpt lat="50.66603214" lon="-119.4408392">
      </trkpt>
      <trkpt lat="50.66610653" lon="-119.44071459">
      </trkpt>
      <trkpt lat="50.66624669" lon="-119.4404524">
      </trkpt>
      <trkpt lat="50.66627566" lon="-119.44036997">
      </trkpt>
      <trkpt lat="50.66632377" lon="-119.44022973">
      </trkpt>
      <trkpt lat="50.66639069" lon="-119.44003513">
      </trkpt>
      <trkpt lat="50.66643837" lon="-119.43989665">
      </trkpt>
      <trkpt lat="50.66645876" lon="-119.43978349">
      </trkpt>
      <trkpt lat="50.66647949" lon="-119.43965778">
      </trkpt>
      <trkpt lat="50.66651957" lon="-119.43947606">
      </trkpt>
      <trkpt lat="50.66656198" lon="-119.43915355">
      </trkpt>
      <trkpt lat="50.66661717" lon="-119.4386745">
      </trkpt>
      <trkpt lat="50.66670472" lon="-119.43835248">
      </trkpt>
      <trkpt lat="50.66674221" lon="-119.43827065">
      </trkpt>
      <trkpt lat="50.66677164" lon="-119.43815788">
      </trkpt>
      <trkpt lat="50.66679248" lon="-119.43803399">
      </trkpt>
      <trkpt lat="50.66682229" lon="-119.43787865">
      </trkpt>
      <trkpt lat="50.66687063" lon="-119.43772401">
      </trkpt>
      <trkpt lat="50.6669186" lon="-119.4375997">
      </trkpt>
      <trkpt lat="50.6669569" lon="-119.4374751">
      </trkpt>
      <trkpt lat="50.6669963" lon="-119.43732177">
      </trkpt>
      <trkpt lat="50.66710724" lon="-119.43715625">
      </trkpt>
      <trkpt lat="50.66716403" lon="-119.43704842">
      </trkpt>
      <trkpt lat="50.66721974" lon="-119.43695141">
      </trkpt>
      <trkpt lat="50.66725741" lon="-119.43688192">
      </trkpt>
      <trkpt lat="50.66731279" lon="-119.43679917">
      </trkpt>
      <trkpt lat="50.66735028" lon="-119.43671734">
      </trkpt>
      <trkpt lat="50.66741566" lon="-119.43662062">
      </trkpt>
      <trkpt lat="50.66749943" lon="-119.43648395">
      </trkpt>
      <trkpt lat="50.66758306" lon="-119.43636152">
      </trkpt>
      <trkpt lat="50.66762973" lon="-119.43626413">
      </trkpt>
      <trkpt lat="50.66769516" lon="-119.43614081">
      </trkpt>
      <trkpt lat="50.66777903" lon="-119.43600413">
      </trkpt>
      <trkpt lat="50.66786245" lon="-119.43587988">
      </trkpt>
      <trkpt lat="50.66796351" lon="-119.43578689">
      </trkpt>
      <trkpt lat="50.66813642" lon="-119.43569758">
      </trkpt>
      <trkpt lat="50.66828093" lon="-119.43566218">
      </trkpt>
      <trkpt lat="50.6683712" lon="-119.43565251">
      </trkpt>
      <trkpt lat="50.66850542" lon="-119.43567194">
      </trkpt>
      <trkpt lat="50.66860443" lon="-119.43567875">
      </trkpt>
      <trkpt lat="50.66867628" lon="-119.43568244">
      </trkpt>
      <trkpt lat="50.66877552" lon="-119.4356733">
      </trkpt>
      <trkpt lat="50.66882984" lon="-119.43564757">
      </trkpt>
      <trkpt lat="50.66892998" lon="-119.4355955">
      </trkpt>
      <trkpt lat="50.66899369" lon="-119.43555773">
      </trkpt>
      <trkpt lat="50.66906669" lon="-119.43550439">
      </trkpt>
      <trkpt lat="50.6691484" lon="-119.43546583">
      </trkpt>
      <trkpt lat="50.66924821" lon="-119.43542803">
      </trkpt>
      <trkpt lat="50.6693756" lon="-119.43537922">
      </trkpt>
      <trkpt lat="50.66944826" lon="-119.43534014">
      </trkpt>
      <trkpt lat="50.66952159" lon="-119.43527252">
      </trkpt>
      <trkpt lat="50.66962379" lon="-119.43512249">
      </trkpt>
      <trkpt lat="50.66974368" lon="-119.43495735">
      </trkpt>
      <trkpt lat="50.66987518" lon="-119.4347106">
      </trkpt>
      <trkpt lat="50.66993133" lon="-119.43460115">
      </trkpt>
      <trkpt lat="50.67007229" lon="-119.43429615">
      </trkpt>
      <trkpt lat="50.67013949" lon="-119.4341157">
      </trkpt>
      <trkpt lat="50.67020664" lon="-119.43390682">
      </trkpt>
      <trkpt lat="50.67032845" lon="-119.43365794">
      </trkpt>
      <trkpt lat="50.67046923" lon="-119.43339732">
      </trkpt>
      <trkpt lat="50.67059976" lon="-119.43316322">
      </trkpt>
      <trkpt lat="50.67073" lon="-119.43297167">
      </trkpt>
      <trkpt lat="50.67080587" lon="-119.43277757">
      </trkpt>
      <trkpt lat="50.67091891" lon="-119.43254234">
      </trkpt>
      <trkpt lat="50.67104944" lon="-119.43230824">
      </trkpt>
      <trkpt lat="50.67114111" lon="-119.43222897">
      </trkpt>
      <trkpt lat="50.67130429" lon="-119.43216594">
      </trkpt>
      <trkpt lat="50.6715298" lon="-119.43213643">
      </trkpt>
      <trkpt lat="50.6716656" lon="-119.43208638">
      </trkpt>
      <trkpt lat="50.67178521" lon="-119.43196391">
      </trkpt>
      <trkpt lat="50.67187722" lon="-119.43187052">
      </trkpt>
      <trkpt lat="50.67200511" lon="-119.43176291">
      </trkpt>
      <trkpt lat="50.67207026" lon="-119.43168226">
      </trkpt>
      <trkpt lat="50.67213501" lon="-119.43158562">
      </trkpt>
      <trkpt lat="50.67219002" lon="-119.43153319">
      </trkpt>
      <trkpt lat="50.67231868" lon="-119.43141124">
      </trkpt>
      <trkpt lat="50.6724743" lon="-119.43127824">
      </trkpt>
      <trkpt lat="50.67262957" lon="-119.43115765">
      </trkpt>
      <trkpt lat="50.67271204" lon="-119.43109223">
      </trkpt>
      <trkpt lat="50.67283033" lon="-119.43101446">
      </trkpt>
      <trkpt lat="50.6729488" lon="-119.43094917">
      </trkpt>
      <trkpt lat="50.67303117" lon="-119.43088193">
      </trkpt>
      <trkpt lat="50.67313122" lon="-119.43083">
      </trkpt>
      <trkpt lat="50.6733203" lon="-119.43081293">
      </trkpt>
      <trkpt lat="50.67343762" lon="-119.43080454">
      </trkpt>
      <trkpt lat="50.67359933" lon="-119.43081281">
      </trkpt>
      <trkpt lat="50.67375232" lon="-119.43080644">
      </trkpt>
      <trkpt lat="50.67393167" lon="-119.43081568">
      </trkpt>
      <trkpt lat="50.67406652" lon="-119.43083671">
      </trkpt>
      <trkpt lat="50.67420932" lon="-119.43088686">
      </trkpt>
      <trkpt lat="50.67435236" lon="-119.43092275">
      </trkpt>
      <trkpt lat="50.67453167" lon="-119.43096043">
      </trkpt>
      <trkpt lat="50.67473798" lon="-119.43096928">
      </trkpt>
      <trkpt lat="50.67485517" lon="-119.43097697">
      </trkpt>
      <trkpt lat="50.67491798" lon="-119.43098027">
      </trkpt>
      <trkpt lat="50.67506033" lon="-119.43104285">
      </trkpt>
      <trkpt lat="50.67527881" lon="-119.43094156">
      </trkpt>
      <trkpt lat="50.6757145" lon="-119.43073903">
      </trkpt>
      <trkpt lat="50.67584202" lon="-119.43067411">
      </trkpt>
      <trkpt lat="50.67606042" lon="-119.43054255">
      </trkpt>
      <trkpt lat="50.67624294" lon="-119.43042506">
      </trkpt>
      <trkpt lat="50.67641698" lon="-119.43027867">
      </trkpt>
      <trkpt lat="50.67654579" lon="-119.43013009">
      </trkpt>
      <trkpt lat="50.67659154" lon="-119.43007532">
      </trkpt>
      <trkpt lat="50.67679124" lon="-119.42999982">
      </trkpt>
      <trkpt lat="50.67686333" lon="-119.42998924">
      </trkpt>
      <trkpt lat="50.67701618" lon="-119.42999881">
      </trkpt>
      <trkpt lat="50.67718626" lon="-119.43003429">
      </trkpt>
      <trkpt lat="50.67731082" lon="-119.43009963">
      </trkpt>
      <trkpt lat="50.67745294" lon="-119.43017647">
      </trkpt>
      <trkpt lat="50.67754198" lon="-119.43022384">
      </trkpt>
      <trkpt lat="50.67764888" lon="-119.43028636">
      </trkpt>
      <trkpt lat="50.67774722" lon="-119.43032">
      </trkpt>
      <trkpt lat="50.67787181" lon="-119.43036741">
      </trkpt>
      <trkpt lat="50.67797928" lon="-119.43040142">
      </trkpt>
      <trkpt lat="50.67807684" lon="-119.43044939">
      </trkpt>
      <trkpt lat="50.67817525" lon="-119.43048287">
      </trkpt>
      <trkpt lat="50.67826487" lon="-119.43050172">
      </trkpt>
      <trkpt lat="50.67832734" lon="-119.43051929">
      </trkpt>
      <trkpt lat="50.67838085" lon="-119.43053632">
      </trkpt>
      <trkpt lat="50.67843481" lon="-119.43055329">
      </trkpt>
      <trkpt lat="50.67848856" lon="-119.43055607">
      </trkpt>
      <trkpt lat="50.67856913" lon="-119.4305744">
      </trkpt>
      <trkpt lat="50.6786497" lon="-119.43059287">
      </trkpt>
      <trkpt lat="50.67872154" lon="-119.43059655">
      </trkpt>
      <trkpt lat="50.67879339" lon="-119.43060023">
      </trkpt>
      <trkpt lat="50.67888334" lon="-119.43060481">
      </trkpt>
      <trkpt lat="50.67898257" lon="-119.43059551">
      </trkpt>
      <trkpt lat="50.67910841" lon="-119.43058772">
      </trkpt>
      <trkpt lat="50.67919892" lon="-119.43056378">
      </trkpt>
      <trkpt lat="50.67934525" lon="-119.43044462">
      </trkpt>
      <trkpt lat="50.67944734" lon="-119.43029271">
      </trkpt>
      <trkpt lat="50.67955859" lon="-119.43014315">
      </trkpt>
      <trkpt lat="50.6797152" lon="-119.42996901">
      </trkpt>
      <trkpt lat="50.67983458" lon="-119.42986092">
      </trkpt>
      <trkpt lat="50.67995218" lon="-119.42980982">
      </trkpt>
      <trkpt lat="50.68008707" lon="-119.42980254">
      </trkpt>
      <trkpt lat="50.68026696" lon="-119.4298117">
      </trkpt>
      <trkpt lat="50.68044652" lon="-119.42983513">
      </trkpt>
      <trkpt lat="50.68067045" lon="-119.42987508">
      </trkpt>
      <trkpt lat="50.68087662" lon="-119.42990001">
      </trkpt>
      <trkpt lat="50.68106522" lon="-119.42992382">
      </trkpt>
      <trkpt lat="50.68126234" lon="-119.42994822">
      </trkpt>
      <trkpt lat="50.68141529" lon="-119.42997029">
      </trkpt>
      <trkpt lat="50.68153118" lon="-119.43000477">
      </trkpt>
      <trkpt lat="50.68174558" lon="-119.43007286">
      </trkpt>
      <trkpt lat="50.68204655" lon="-119.43030074">
      </trkpt>
      <trkpt lat="50.6822062" lon="-119.43040702">
      </trkpt>
      <trkpt lat="50.68228562" lon="-119.43048254">
      </trkpt>
      <trkpt lat="50.68249942" lon="-119.4306076">
      </trkpt>
      <trkpt lat="50.68260477" lon="-119.43071118">
      </trkpt>
      <trkpt lat="50.6827189" lon="-119.43085798">
      </trkpt>
      <trkpt lat="50.68284979" lon="-119.43105038">
      </trkpt>
      <trkpt lat="50.68288916" lon="-119.4313077">
      </trkpt>
      <trkpt lat="50.68290291" lon="-119.4315207">
      </trkpt>
      <trkpt lat="50.68293413" lon="-119.43173484">
      </trkpt>
      <trkpt lat="50.68297698" lon="-119.43184943">
      </trkpt>
      <trkpt lat="50.68302662" lon="-119.43205006">
      </trkpt>
      <trkpt lat="50.68306053" lon="-119.43216597">
      </trkpt>
      <trkpt lat="50.68312004" lon="-119.43232434">
      </trkpt>
      <trkpt lat="50.68318917" lon="-119.4324547">
      </trkpt>
      <trkpt lat="50.6832937" lon="-119.43260107">
      </trkpt>
      <trkpt lat="50.68342546" lon="-119.43277913">
      </trkpt>
      <trkpt lat="50.68353048" lon="-119.43289698">
      </trkpt>
      <trkpt lat="50.68368004" lon="-119.43306177">
      </trkpt>
      <trkpt lat="50.68381283" lon="-119.43318096">
      </trkpt>
      <trkpt lat="50.68392929" lon="-119.43318692">
      </trkpt>
      <trkpt lat="50.68402829" lon="-119.43319202">
      </trkpt>
      <trkpt lat="50.68413714" lon="-119.43315473">
      </trkpt>
      <trkpt lat="50.6843174" lon="-119.43312289">
      </trkpt>
      <trkpt lat="50.68443531" lon="-119.43308611">
      </trkpt>
      <trkpt lat="50.68459791" lon="-119.4330516">
      </trkpt>
      <trkpt lat="50.68472385" lon="-119.4330455">
      </trkpt>
      <trkpt lat="50.68490431" lon="-119.43302615">
      </trkpt>
      <trkpt lat="50.68508411" lon="-119.43303533">
      </trkpt>
      <trkpt lat="50.68514692" lon="-119.43303864">
      </trkpt>
      <trkpt lat="50.68523675" lon="-119.43304139">
      </trkpt>
      <trkpt lat="50.68538036" lon="-119.43304877">
      </trkpt>
      <trkpt lat="50.68546102" lon="-119.43306724">
      </trkpt>
      <trkpt lat="50.6855504" lon="-119.43310206">
      </trkpt>
      <trkpt lat="50.68560381" lon="-119.4331174">
      </trkpt>
      <trkpt lat="50.685657" lon="-119.43315042">
      </trkpt>
      <trkpt lat="50.68575474" lon="-119.43321075">
      </trkpt>
      <trkpt lat="50.68582602" lon="-119.43324296">
      </trkpt>
      <trkpt lat="50.68610514" lon="-119.43324299">
      </trkpt>
      <trkpt lat="50.68618777" lon="-119.43316332">
      </trkpt>
      <trkpt lat="50.68636238" lon="-119.43298837">
      </trkpt>
      <trkpt lat="50.68653563" lon="-119.43276569">
      </trkpt>
      <trkpt lat="50.68663734" lon="-119.43263795">
      </trkpt>
      <trkpt lat="50.68678829" lon="-119.43251484">
      </trkpt>
      <trkpt lat="50.68692021" lon="-119.4323886">
      </trkpt>
      <trkpt lat="50.68709791" lon="-119.43220814">
      </trkpt>
      <trkpt lat="50.68722237" lon="-119.43208299">
      </trkpt>
      <trkpt lat="50.68735699" lon="-119.43193852">
      </trkpt>
      <trkpt lat="50.68752356" lon="-119.43182501">
      </trkpt>
      <trkpt lat="50.68768745" lon="-119.4317297">
      </trkpt>
      <trkpt lat="50.68784691" lon="-119.43162317">
      </trkpt>
      <trkpt lat="50.68802131" lon="-119.43151444">
      </trkpt>
      <trkpt lat="50.68811987" lon="-119.43150746">
      </trkpt>
      <trkpt lat="50.68813123" lon="-119.43183291">
      </trkpt>
      <trkpt lat="50.6881466" lon="-119.43196037">
      </trkpt>
      <trkpt lat="50.68817825" lon="-119.43216195">
      </trkpt>
      <trkpt lat="50.68821125" lon="-119.43231897">
      </trkpt>
      <trkpt lat="50.68825266" lon="-119.43247646">
      </trkpt>
      <trkpt lat="50.68829349" lon="-119.43266247">
      </trkpt>
      <trkpt lat="50.68833587" lon="-119.4328073">
      </trkpt>
      <trkpt lat="50.68837761" lon="-119.43295052">
      </trkpt>
      <trkpt lat="50.68845407" lon="-119.43316687">
      </trkpt>
      <trkpt lat="50.68853923" lon="-119.43339616">
      </trkpt>
      <trkpt lat="50.68859884" lon="-119.43355639">
      </trkpt>
      <trkpt lat="50.68866715" lon="-119.43372942">
      </trkpt>
      <trkpt lat="50.68869282" lon="-119.43380217">
      </trkpt>
      <trkpt lat="50.68875127" lon="-119.43401761">
      </trkpt>
      <trkpt lat="50.68881949" lon="-119.43419065">
      </trkpt>
      <trkpt lat="50.6889497" lon="-119.43440979">
      </trkpt>
      <trkpt lat="50.68903668" lon="-119.43455534">
      </trkpt>
      <trkpt lat="50.68911495" lon="-119.43468779">
      </trkpt>
      <trkpt lat="50.68918234" lon="-119.43490192">
      </trkpt>
      <trkpt lat="50.68920377" lon="-119.43518865">
      </trkpt>
      <trkpt lat="50.68919898" lon="-119.43541336">
      </trkpt>
      <trkpt lat="50.6892019" lon="-119.43568317">
      </trkpt>
      <trkpt lat="50.68922436" lon="-119.435911">
      </trkpt>
      <trkpt lat="50.68931823" lon="-119.43615495">
      </trkpt>
      <trkpt lat="50.68944246" lon="-119.4362346">
      </trkpt>
      <trkpt lat="50.68949577" lon="-119.43624982">
      </trkpt>
      <trkpt lat="50.68957667" lon="-119.43625403">
      </trkpt>
      <trkpt lat="50.68967647" lon="-119.43621622">
      </trkpt>
      <trkpt lat="50.6897861" lon="-119.43615222">
      </trkpt>
      <trkpt lat="50.68992237" lon="-119.4360735">
      </trkpt>
      <trkpt lat="50.69004946" lon="-119.43601049">
      </trkpt>
      <trkpt lat="50.69017698" lon="-119.43594557">
      </trkpt>
      <trkpt lat="50.69035136" lon="-119.43578488">
      </trkpt>
      <trkpt lat="50.69050674" lon="-119.43566609">
      </trkpt>
      <trkpt lat="50.69065331" lon="-119.43553252">
      </trkpt>
      <trkpt lat="50.6907272" lon="-119.43543635">
      </trkpt>
      <trkpt lat="50.69078298" lon="-119.43536957">
      </trkpt>
      <trkpt lat="50.69089402" lon="-119.43520565">
      </trkpt>
      <trkpt lat="50.69099555" lon="-119.43508238">
      </trkpt>
      <trkpt lat="50.69114211" lon="-119.4349488">
      </trkpt>
      <trkpt lat="50.6912881" lon="-119.43484206">
      </trkpt>
      <trkpt lat="50.69140667" lon="-119.43477844">
      </trkpt>
      <trkpt lat="50.69147909" lon="-119.4347536">
      </trkpt>
      <trkpt lat="50.69160351" lon="-119.43484559">
      </trkpt>
      <trkpt lat="50.69170772" lon="-119.4350064">
      </trkpt>
      <trkpt lat="50.69176621" lon="-119.43520577">
      </trkpt>
      <trkpt lat="50.69184343" lon="-119.43539543">
      </trkpt>
      <trkpt lat="50.69194817" lon="-119.43555602">
      </trkpt>
      <trkpt lat="50.69206167" lon="-119.43570295">
      </trkpt>
      <trkpt lat="50.69221212" lon="-119.43582498">
      </trkpt>
      <trkpt lat="50.69232773" lon="-119.43590219">
      </trkpt>
      <trkpt lat="50.69247865" lon="-119.43599386">
      </trkpt>
      <trkpt lat="50.69257641" lon="-119.43605605">
      </trkpt>
      <trkpt lat="50.69277271" lon="-119.43612328">
      </trkpt>
      <trkpt lat="50.69300568" lon="-119.4361638">
      </trkpt>
      <trkpt lat="50.69317586" lon="-119.43620101">
      </trkpt>
      <trkpt lat="50.69347976" lon="-119.43628632">
      </trkpt>
      <trkpt lat="50.69376592" lon="-119.43635816">
      </trkpt>
      <trkpt lat="50.69405236" lon="-119.43644418">
      </trkpt>
      <trkpt lat="50.69420295" lon="-119.43655012">
      </trkpt>
      <trkpt lat="50.69440649" lon="-119.43670335">
      </trkpt>
      <trkpt lat="50.69450343" lon="-119.43680834">
      </trkpt>
      <trkpt lat="50.69461783" lon="-119.43691248">
      </trkpt>
      <trkpt lat="50.69467097" lon="-119.43697226">
      </trkpt>
      <trkpt lat="50.69474914" lon="-119.43710304">
      </trkpt>
      <trkpt lat="50.69486067" lon="-119.43734985">
      </trkpt>
      <trkpt lat="50.69492208" lon="-119.43742435">
      </trkpt>
      <trkpt lat="50.69509479" lon="-119.43777243">
      </trkpt>
      <trkpt lat="50.69515543" lon="-119.43787378">
      </trkpt>
      <trkpt lat="50.69528492" lon="-119.43813759">
      </trkpt>
      <trkpt lat="50.69535222" lon="-119.43835177">
      </trkpt>
      <trkpt lat="50.69544068" lon="-119.4384277">
      </trkpt>
      <trkpt lat="50.69551057" lon="-119.43853126">
      </trkpt>
      <trkpt lat="50.69557179" lon="-119.43860408">
      </trkpt>
      <trkpt lat="50.69569472" lon="-119.43876743">
      </trkpt>
      <trkpt lat="50.69573827" lon="-119.43882677">
      </trkpt>
      <trkpt lat="50.69579098" lon="-119.43889913">
      </trkpt>
      <trkpt lat="50.69586962" lon="-119.43898888">
      </trkpt>
      <trkpt lat="50.69597584" lon="-119.4390783">
      </trkpt>
      <trkpt lat="50.69604587" lon="-119.43916761">
      </trkpt>
      <trkpt lat="50.69614314" lon="-119.43925819">
      </trkpt>
      <trkpt lat="50.69624903" lon="-119.43936188">
      </trkpt>
      <trkpt lat="50.696311" lon="-119.43940785">
      </trkpt>
      <trkpt lat="50.69654135" lon="-119.4395768">
      </trkpt>
      <trkpt lat="50.69675267" lon="-119.4397841">
      </trkpt>
      <trkpt lat="50.6968589" lon="-119.43987522">
      </trkpt>
      <trkpt lat="50.69712226" lon="-119.44017277">
      </trkpt>
      <trkpt lat="50.69716399" lon="-119.44031603">
      </trkpt>
      <trkpt lat="50.69718002" lon="-119.44041496">
      </trkpt>
      <trkpt lat="50.69721473" lon="-119.44048812">
      </trkpt>
      <trkpt lat="50.69726676" lon="-119.44057651">
      </trkpt>
      <trkpt lat="50.69733703" lon="-119.44064986">
      </trkpt>
      <trkpt lat="50.69749777" lon="-119.44071692">
      </trkpt>
      <trkpt lat="50.69758785" lon="-119.44070557">
      </trkpt>
      <trkpt lat="50.69767813" lon="-119.44069761">
      </trkpt>
      <trkpt lat="50.69781336" lon="-119.44067609">
      </trkpt>
      <trkpt lat="50.69789506" lon="-119.44063737">
      </trkpt>
      <trkpt lat="50.69796773" lon="-119.44059827">
      </trkpt>
      <trkpt lat="50.69805824" lon="-119.44057434">
      </trkpt>
      <trkpt lat="50.6981928" lon="-119.44058137">
      </trkpt>
      <trkpt lat="50.6983376" lon="-119.44056015">
      </trkpt>
      <trkpt lat="50.69840969" lon="-119.44054958">
      </trkpt>
      <trkpt lat="50.69850781" lon="-119.44056892">
      </trkpt>
      <trkpt lat="50.69865965" lon="-119.44061965">
      </trkpt>
      <trkpt lat="50.6988471" lon="-119.44070058">
      </trkpt>
      <trkpt lat="50.69893647" lon="-119.44073372">
      </trkpt>
      <trkpt lat="50.69903341" lon="-119.44083873">
      </trkpt>
      <trkpt lat="50.69919361" lon="-119.44091655">
      </trkpt>
      <trkpt lat="50.69927426" lon="-119.44093503">
      </trkpt>
      <trkpt lat="50.69940824" lon="-119.44097045">
      </trkpt>
      <trkpt lat="50.69952446" lon="-119.44099084">
      </trkpt>
      <trkpt lat="50.69960535" lon="-119.44099492">
      </trkpt>
      <trkpt lat="50.69975777" lon="-119.44101711">
      </trkpt>
      <trkpt lat="50.6998839" lon="-119.44102353">
      </trkpt>
      <trkpt lat="50.70000126" lon="-119.4409867">
      </trkpt>
      <trkpt lat="50.70001041" lon="-119.44098891">
      </trkpt>
      <trkpt lat="50.70019226" lon="-119.44089825">
      </trkpt>
      <trkpt lat="50.70029274" lon="-119.44083373">
      </trkpt>
      <trkpt lat="50.7003937" lon="-119.44073899">
      </trkpt>
      <trkpt lat="50.70047689" lon="-119.44062892">
      </trkpt>
      <trkpt lat="50.70052284" lon="-119.44057595">
      </trkpt>
      <trkpt lat="50.70058646" lon="-119.44053647">
      </trkpt>
      <trkpt lat="50.70092426" lon="-119.44029846">
      </trkpt>
      <trkpt lat="50.70117691" lon="-119.44027026">
      </trkpt>
      <trkpt lat="50.70117255" lon="-119.44004327">
      </trkpt>
      <trkpt lat="50.70114713" lon="-119.43995637">
      </trkpt>
      <trkpt lat="50.70102598" lon="-119.43973754">
      </trkpt>
      <trkpt lat="50.70099262" lon="-119.4396215">
      </trkpt>
      <trkpt lat="50.70095265" lon="-119.43936417">
      </trkpt>
      <trkpt lat="50.70095711" lon="-119.43915367">
      </trkpt>
      <trkpt lat="50.70095281" lon="-119.43895513">
      </trkpt>
      <trkpt lat="50.70095578" lon="-119.43881428">
      </trkpt>
      <trkpt lat="50.70093322" lon="-119.43858455">
      </trkpt>
      <trkpt lat="50.7009181" lon="-119.4384428">
      </trkpt>
      <trkpt lat="50.700898" lon="-119.43813091">
      </trkpt>
      <trkpt lat="50.70089536" lon="-119.43781831">
      </trkpt>
      <trkpt lat="50.70089397" lon="-119.43745047">
      </trkpt>
      <trkpt lat="50.70089833" lon="-119.43723814">
      </trkpt>
      <trkpt lat="50.70089487" lon="-119.43696834">
      </trkpt>
      <trkpt lat="50.70091776" lon="-119.43674448">
      </trkpt>
      <trkpt lat="50.70107624" lon="-119.43646871">
      </trkpt>
      <trkpt lat="50.7011893" lon="-119.43623347">
      </trkpt>
      <trkpt lat="50.70124682" lon="-119.43605247">
      </trkpt>
      <trkpt lat="50.70131427" lon="-119.43585763">
      </trkpt>
      <trkpt lat="50.70134116" lon="-119.43543399">
      </trkpt>
      <trkpt lat="50.70124192" lon="-119.43500396">
      </trkpt>
      <trkpt lat="50.70118563" lon="-119.43469041">
      </trkpt>
      <trkpt lat="50.70117039" lon="-119.43454682">
      </trkpt>
      <trkpt lat="50.70114708" lon="-119.43439019">
      </trkpt>
      <trkpt lat="50.70110595" lon="-119.43418993">
      </trkpt>
      <trkpt lat="50.70108082" lon="-119.43411708">
      </trkpt>
      <trkpt lat="50.70104658" lon="-119.4340154">
      </trkpt>
      <trkpt lat="50.70100493" lon="-119.43387213">
      </trkpt>
      <trkpt lat="50.70098133" lon="-119.43370132">
      </trkpt>
      <trkpt lat="50.70096734" lon="-119.43350249">
      </trkpt>
      <trkpt lat="50.7009624" lon="-119.43330404">
      </trkpt>
      <trkpt lat="50.7009571" lon="-119.43314833">
      </trkpt>
      <trkpt lat="50.7009621" lon="-119.43290744">
      </trkpt>
      <trkpt lat="50.70096531" lon="-119.43275233">
      </trkpt>
      <trkpt lat="50.70095898" lon="-119.43262522">
      </trkpt>
      <trkpt lat="50.70092719" lon="-119.43243953">
      </trkpt>
      <trkpt lat="50.70090429" lon="-119.43222422">
      </trkpt>
      <trkpt lat="50.70087106" lon="-119.43208143">
      </trkpt>
      <trkpt lat="50.70087517" lon="-119.4318835">
      </trkpt>
      <trkpt lat="50.70086962" lon="-119.43174205">
      </trkpt>
      <trkpt lat="50.70088922" lon="-119.43164314">
      </trkpt>
      <trkpt lat="50.70096513" lon="-119.43147721">
      </trkpt>
      <trkpt lat="50.7009859" lon="-119.43132308">
      </trkpt>
      <trkpt lat="50.70093487" lon="-119.43119356">
      </trkpt>
      <trkpt lat="50.70091058" lon="-119.4310496">
      </trkpt>
      <trkpt lat="50.70087812" lon="-119.43089246">
      </trkpt>
      <trkpt lat="50.70084398" lon="-119.43079077">
      </trkpt>
      <trkpt lat="50.70081048" lon="-119.43069084">
      </trkpt>
      <trkpt lat="50.70075901" lon="-119.43057391">
      </trkpt>
      <trkpt lat="50.70072544" lon="-119.43044539">
      </trkpt>
      <trkpt lat="50.70069341" lon="-119.43027411">
      </trkpt>
      <trkpt lat="50.70065195" lon="-119.43008813">
      </trkpt>
      <trkpt lat="50.70062933" lon="-119.42988687">
      </trkpt>
      <trkpt lat="50.70062621" lon="-119.42960465">
      </trkpt>
      <trkpt lat="50.70067615" lon="-119.42935191">
      </trkpt>
      <trkpt lat="50.70071449" lon="-119.42925551">
      </trkpt>
      <trkpt lat="50.70078943" lon="-119.42910224">
      </trkpt>
      <trkpt lat="50.70082801" lon="-119.42899173">
      </trkpt>
      <trkpt lat="50.70085872" lon="-119.42879516">
      </trkpt>
      <trkpt lat="50.70085272" lon="-119.42866615">
      </trkpt>
      <trkpt lat="50.70084582" lon="-119.42856758">
      </trkpt>
      <trkpt lat="50.70084835" lon="-119.42843916">
      </trkpt>
      <trkpt lat="50.70086816" lon="-119.42834378">
      </trkpt>
      <trkpt lat="50.70093378" lon="-119.42823285">
      </trkpt>
      <trkpt lat="50.700962" lon="-119.42814861">
      </trkpt>
      <trkpt lat="50.70099186" lon="-119.4280233">
      </trkpt>
      <trkpt lat="50.70104757" lon="-119.4279262">
      </trkpt>
      <trkpt lat="50.70111215" lon="-119.42787404">
      </trkpt>
      <trkpt lat="50.70120233" lon="-119.42786436">
      </trkpt>
      <trkpt lat="50.70134545" lon="-119.42790025">
      </trkpt>
      <trkpt lat="50.70145286" lon="-119.42790582">
      </trkpt>
      <trkpt lat="50.70161465" lon="-119.42791407">
      </trkpt>
      <trkpt lat="50.7017046" lon="-119.42791865">
      </trkpt>
      <trkpt lat="50.70181287" lon="-119.42790987">
      </trkpt>
      <trkpt lat="50.70192967" lon="-119.42790168">
      </trkpt>
      <trkpt lat="50.70203738" lon="-119.42792143">
      </trkpt>
      <trkpt lat="50.70210041" lon="-119.42791033">
      </trkpt>
      <trkpt lat="50.70216297" lon="-119.42792789">
      </trkpt>
      <trkpt lat="50.70229782" lon="-119.42794892">
      </trkpt>
      <trkpt lat="50.70236934" lon="-119.42796688">
      </trkpt>
      <trkpt lat="50.70253055" lon="-119.42800367">
      </trkpt>
      <trkpt lat="50.70264702" lon="-119.42800976">
      </trkpt>
      <trkpt lat="50.70278277" lon="-119.42798798">
      </trkpt>
      <trkpt lat="50.70287241" lon="-119.42797837">
      </trkpt>
      <trkpt lat="50.70295409" lon="-119.42796823">
      </trkpt>
      <trkpt lat="50.70301688" lon="-119.42797139">
      </trkpt>
      <trkpt lat="50.70320757" lon="-119.42786869">
      </trkpt>
    </trkseg>
    <trkseg>
      <trkpt lat="50.72808264" lon="-119.36125866">
      </trkpt>
      <trkpt lat="50.72826973" lon="-119.36131377">
      </trkpt>
      <trkpt lat="50.72845828" lon="-119.36139351">
      </trkpt>
      <trkpt lat="50.72862161" lon="-119.36140241">
      </trkpt>
      <trkpt lat="50.72879143" lon="-119.36134407">
      </trkpt>
      <trkpt lat="50.72891943" lon="-119.36120077">
      </trkpt>
      <trkpt lat="50.72904565" lon="-119.36111573">
      </trkpt>
      <trkpt lat="50.72916782" lon="-119.36113904">
      </trkpt>
      <trkpt lat="50.72928821" lon="-119.36122062">
      </trkpt>
      <trkpt lat="50.72943397" lon="-119.36119898">
      </trkpt>
      <trkpt lat="50.7295807" lon="-119.36119378">
      </trkpt>
      <trkpt lat="50.72970011" lon="-119.36125893">
      </trkpt>
      <trkpt lat="50.72973722" lon="-119.36135287">
      </trkpt>
      <trkpt lat="50.72972748" lon="-119.36145376">
      </trkpt>
      <trkpt lat="50.72963966" lon="-119.36156624">
      </trkpt>
      <trkpt lat="50.72951442" lon="-119.3616677">
      </trkpt>
      <trkpt lat="50.72931599" lon="-119.36186289">
      </trkpt>
      <trkpt lat="50.72914359" lon="-119.36205422">
      </trkpt>
      <trkpt lat="50.72905301" lon="-119.36220853">
      </trkpt>
      <trkpt lat="50.72906721" lon="-119.36244676">
      </trkpt>
      <trkpt lat="50.72915539" lon="-119.36251655">
      </trkpt>
      <trkpt lat="50.72940996" lon="-119.36247049">
      </trkpt>
      <trkpt lat="50.72958873" lon="-119.36238594">
      </trkpt>
      <trkpt lat="50.7298163" lon="-119.36232731">
      </trkpt>
      <trkpt lat="50.73003345" lon="-119.36227021">
      </trkpt>
      <trkpt lat="50.73017401" lon="-119.36224935">
      </trkpt>
      <trkpt lat="50.73035718" lon="-119.36223876">
      </trkpt>
      <trkpt lat="50.7305758" lon="-119.36220631">
      </trkpt>
      <trkpt lat="50.73078923" lon="-119.36217464">
      </trkpt>
      <trkpt lat="50.73099744" lon="-119.36214374">
      </trkpt>
      <trkpt lat="50.73119377" lon="-119.36208973">
      </trkpt>
      <trkpt lat="50.7314459" lon="-119.36200259">
      </trkpt>
      <trkpt lat="50.73161572" lon="-119.36194424">
      </trkpt>
      <trkpt lat="50.73173527" lon="-119.36183533">
      </trkpt>
      <trkpt lat="50.73184116" lon="-119.3617616">
      </trkpt>
      <trkpt lat="50.73194673" lon="-119.36177079">
      </trkpt>
      <trkpt lat="50.73198384" lon="-119.36186473">
      </trkpt>
      <trkpt lat="50.73197899" lon="-119.36204778">
      </trkpt>
      <trkpt lat="50.73188761" lon="-119.36227682">
      </trkpt>
      <trkpt lat="50.73173929" lon="-119.36243144">
      </trkpt>
      <trkpt lat="50.73161894" lon="-119.36261504">
      </trkpt>
      <trkpt lat="50.73150201" lon="-119.36285617">
      </trkpt>
      <trkpt lat="50.73137989" lon="-119.36309805">
      </trkpt>
      <trkpt lat="50.73125354" lon="-119.36335713">
      </trkpt>
      <trkpt lat="50.73111126" lon="-119.36370147">
      </trkpt>
      <trkpt lat="50.73095092" lon="-119.36400703">
      </trkpt>
      <trkpt lat="50.73081953" lon="-119.36435801">
      </trkpt>
      <trkpt lat="50.73073255" lon="-119.36466098">
      </trkpt>
      <trkpt lat="50.73067404" lon="-119.36500115">
      </trkpt>
      <trkpt lat="50.73064739" lon="-119.36517085">
      </trkpt>
      <trkpt lat="50.73058852" lon="-119.36532875">
      </trkpt>
      <trkpt lat="50.73041612" lon="-119.36552007">
      </trkpt>
      <trkpt lat="50.73030846" lon="-119.36565206">
      </trkpt>
      <trkpt lat="50.73027628" lon="-119.36590546">
      </trkpt>
      <trkpt lat="50.73030039" lon="-119.36613392">
      </trkpt>
      <trkpt lat="50.73036517" lon="-119.36633978">
      </trkpt>
      <trkpt lat="50.73045579" lon="-119.36645066">
      </trkpt>
      <trkpt lat="50.73046931" lon="-119.36658954">
      </trkpt>
      <trkpt lat="50.7304124" lon="-119.3667803">
      </trkpt>
      <trkpt lat="50.73033743" lon="-119.36693229">
      </trkpt>
      <trkpt lat="50.73024604" lon="-119.36716133">
      </trkpt>
      <trkpt lat="50.7301195" lon="-119.36732926">
      </trkpt>
      <trkpt lat="50.73001232" lon="-119.36746945">
      </trkpt>
      <trkpt lat="50.72992872" lon="-119.36756473">
      </trkpt>
      <trkpt lat="50.72981291" lon="-119.3676482">
      </trkpt>
      <trkpt lat="50.72973157" lon="-119.36769341">
      </trkpt>
      <trkpt lat="50.72965514" lon="-119.36782076">
      </trkpt>
      <trkpt lat="50.72965971" lon="-119.36798583">
      </trkpt>
      <trkpt lat="50.72973325" lon="-119.36807437">
      </trkpt>
      <trkpt lat="50.72987527" lon="-119.36807817">
      </trkpt>
      <trkpt lat="50.73009631" lon="-119.36782164">
      </trkpt>
      <trkpt lat="50.73024416" lon="-119.36765884">
      </trkpt>
      <trkpt lat="50.73036029" lon="-119.36749244">
      </trkpt>
      <trkpt lat="50.73048878" lon="-119.36735737">
      </trkpt>
      <trkpt lat="50.7306542" lon="-119.36722511">
      </trkpt>
      <trkpt lat="50.73081343" lon="-119.36707719">
      </trkpt>
      <trkpt lat="50.730966" lon="-119.36690538">
      </trkpt>
      <trkpt lat="50.73108635" lon="-119.36672178">
      </trkpt>
      <trkpt lat="50.73124266" lon="-119.36652457">
      </trkpt>
      <trkpt lat="50.73137782" lon="-119.36641336">
      </trkpt>
      <trkpt lat="50.73147655" lon="-119.36630756">
      </trkpt>
      <trkpt lat="50.73159935" lon="-119.36616503">
      </trkpt>
      <trkpt lat="50.73169937" lon="-119.36599273">
      </trkpt>
      <trkpt lat="50.73184948" lon="-119.36577985">
      </trkpt>
      <trkpt lat="50.7319939" lon="-119.36555952">
      </trkpt>
      <trkpt lat="50.73214825" lon="-119.36532944">
      </trkpt>
      <trkpt lat="50.73227006" lon="-119.36517047">
      </trkpt>
      <trkpt lat="50.732428" lon="-119.36508904">
      </trkpt>
      <trkpt lat="50.73261473" lon="-119.36496188">
      </trkpt>
      <trkpt lat="50.73278162" lon="-119.36485424">
      </trkpt>
      <trkpt lat="50.73294997" lon="-119.36477125">
      </trkpt>
      <trkpt lat="50.73309652" lon="-119.36467493">
      </trkpt>
      <trkpt lat="50.73319801" lon="-119.36452726">
      </trkpt>
      <trkpt lat="50.7332598" lon="-119.36441863">
      </trkpt>
      <trkpt lat="50.73333771" lon="-119.36431591">
      </trkpt>
      <trkpt lat="50.7334763" lon="-119.3642622">
      </trkpt>
      <trkpt lat="50.73358935" lon="-119.36422056">
      </trkpt>
      <trkpt lat="50.73374925" lon="-119.36417197">
      </trkpt>
      <trkpt lat="50.73395533" lon="-119.36401707">
      </trkpt>
      <trkpt lat="50.7340957" lon="-119.36390508">
      </trkpt>
      <trkpt lat="50.73421022" lon="-119.36388808">
      </trkpt>
      <trkpt lat="50.73432394" lon="-119.3639458">
      </trkpt>
      <trkpt lat="50.73437195" lon="-119.36404642">
      </trkpt>
      <trkpt lat="50.73438302" lon="-119.36414424">
      </trkpt>
      <trkpt lat="50.73432937" lon="-119.36430139">
      </trkpt>
      <trkpt lat="50.73422072" lon="-119.36441697">
      </trkpt>
      <trkpt lat="50.73402326" lon="-119.3646286">
      </trkpt>
      <trkpt lat="50.7338772" lon="-119.36473314">
      </trkpt>
      <trkpt lat="50.73382012" lon="-119.36483278">
      </trkpt>
      <trkpt lat="50.73375183" lon="-119.36500867">
      </trkpt>
      <trkpt lat="50.73375364" lon="-119.3652156">
      </trkpt>
      <trkpt lat="50.73369202" lon="-119.36541536">
      </trkpt>
      <trkpt lat="50.73344514" lon="-119.36576692">
      </trkpt>
      <trkpt lat="50.73335553" lon="-119.36593769">
      </trkpt>
      <trkpt lat="50.73319843" lon="-119.36620962">
      </trkpt>
      <trkpt lat="50.73312217" lon="-119.36642814">
      </trkpt>
      <trkpt lat="50.73305681" lon="-119.36665331">
      </trkpt>
      <trkpt lat="50.73295047" lon="-119.36698402">
      </trkpt>
      <trkpt lat="50.73287486" lon="-119.36730188">
      </trkpt>
      <trkpt lat="50.73279406" lon="-119.3676205">
      </trkpt>
      <trkpt lat="50.73274872" lon="-119.3679173">
      </trkpt>
      <trkpt lat="50.7327076" lon="-119.36819689">
      </trkpt>
      <trkpt lat="50.73264695" lon="-119.36841308">
      </trkpt>
      <trkpt lat="50.73263639" lon="-119.36858869">
      </trkpt>
      <trkpt lat="50.73265934" lon="-119.3687096">
      </trkpt>
      <trkpt lat="50.73273987" lon="-119.36873909">
      </trkpt>
      <trkpt lat="50.73281778" lon="-119.36863639">
      </trkpt>
      <trkpt lat="50.73287144" lon="-119.36847924">
      </trkpt>
      <trkpt lat="50.73300123" lon="-119.36827767">
      </trkpt>
      <trkpt lat="50.73317884" lon="-119.36808557">
      </trkpt>
      <trkpt lat="50.73340397" lon="-119.36798589">
      </trkpt>
      <trkpt lat="50.73360177" lon="-119.36795656">
      </trkpt>
      <trkpt lat="50.73382187" lon="-119.36794878">
      </trkpt>
      <trkpt lat="50.73409842" lon="-119.36800723">
      </trkpt>
      <trkpt lat="50.73433707" lon="-119.36804644">
      </trkpt>
      <trkpt lat="50.73457865" lon="-119.36813493">
      </trkpt>
      <trkpt lat="50.73473076" lon="-119.36822012">
      </trkpt>
      <trkpt lat="50.73491508" lon="-119.3683171">
      </trkpt>
      <trkpt lat="50.73512365" lon="-119.36846852">
      </trkpt>
      <trkpt lat="50.73535971" lon="-119.36864072">
      </trkpt>
      <trkpt lat="50.73550532" lon="-119.36879318">
      </trkpt>
      <trkpt lat="50.73564052" lon="-119.36894719">
      </trkpt>
      <trkpt lat="50.73577767" lon="-119.36913406">
      </trkpt>
      <trkpt lat="50.73600497" lon="-119.3694236">
      </trkpt>
      <trkpt lat="50.7362848" lon="-119.36971365">
      </trkpt>
      <trkpt lat="50.73650915" lon="-119.36995391">
      </trkpt>
      <trkpt lat="50.73670716" lon="-119.37028095">
      </trkpt>
      <trkpt lat="50.73686156" lon="-119.3705813">
      </trkpt>
      <trkpt lat="50.73699774" lon="-119.37075175">
      </trkpt>
      <trkpt lat="50.73714531" lon="-119.3709371">
      </trkpt>
      <trkpt lat="50.73731191" lon="-119.37117763">
      </trkpt>
      <trkpt lat="50.73746824" lon="-119.37124563">
      </trkpt>
      <trkpt lat="50.73762262" lon="-119.37128077">
      </trkpt>
      <trkpt lat="50.73773064" lon="-119.37133106">
      </trkpt>
      <trkpt lat="50.73779524" lon="-119.37144583">
      </trkpt>
      <trkpt lat="50.73780501" lon="-119.37161014">
      </trkpt>
      <trkpt lat="50.73772905" lon="-119.37174574">
      </trkpt>
      <trkpt lat="50.73756394" lon="-119.37179507">
      </trkpt>
      <trkpt lat="50.73731293" lon="-119.37172453">
      </trkpt>
      <trkpt lat="50.73707754" lon="-119.37165167">
      </trkpt>
      <trkpt lat="50.73670014" lon="-119.37157498">
      </trkpt>
      <trkpt lat="50.73636649" lon="-119.37161614">
      </trkpt>
      <trkpt lat="50.73610102" lon="-119.37165549">
      </trkpt>
      <trkpt lat="50.73583181" lon="-119.37172027">
      </trkpt>
      <trkpt lat="50.73563221" lon="-119.37180786">
      </trkpt>
      <trkpt lat="50.73533064" lon="-119.3720349">
      </trkpt>
      <trkpt lat="50.73509202" lon="-119.37226089">
      </trkpt>
      <trkpt lat="50.73482803" lon="-119.37259009">
      </trkpt>
      <trkpt lat="50.73469725" lon="-119.37277524">
      </trkpt>
      <trkpt lat="50.73456697" lon="-119.37296858">
      </trkpt>
      <trkpt lat="50.73458716" lon="-119.37313135">
      </trkpt>
      <trkpt lat="50.73474332" lon="-119.37310821">
      </trkpt>
      <trkpt lat="50.73499692" lon="-119.37304577">
      </trkpt>
      <trkpt lat="50.73521458" lon="-119.37299695">
      </trkpt>
      <trkpt lat="50.73545175" lon="-119.37301153">
      </trkpt>
      <trkpt lat="50.73564892" lon="-119.37314808">
      </trkpt>
      <trkpt lat="50.73587164" lon="-119.37327254">
      </trkpt>
      <trkpt lat="50.73612006" lon="-119.3734761">
      </trkpt>
      <trkpt lat="50.736388" lon="-119.37374307">
      </trkpt>
      <trkpt lat="50.7367124" lon="-119.37407627">
      </trkpt>
      <trkpt lat="50.73695511" lon="-119.37427238">
      </trkpt>
      <trkpt lat="50.73722794" lon="-119.37462151">
      </trkpt>
      <trkpt lat="50.73754957" lon="-119.37499659">
      </trkpt>
      <trkpt lat="50.73778352" lon="-119.37531004">
      </trkpt>
      <trkpt lat="50.73792782" lon="-119.37552904">
      </trkpt>
      <trkpt lat="50.73804121" lon="-119.37566972">
      </trkpt>
      <trkpt lat="50.73823773" lon="-119.37597217">
      </trkpt>
      <trkpt lat="50.73849656" lon="-119.37617419">
      </trkpt>
      <trkpt lat="50.73881997" lon="-119.376491">
      </trkpt>
      <trkpt lat="50.73915574" lon="-119.37683913">
      </trkpt>
      <trkpt lat="50.73946923" lon="-119.3771657">
      </trkpt>
      <trkpt lat="50.73977653" lon="-119.3774766">
      </trkpt>
      <trkpt lat="50.74005488" lon="-119.37774207">
      </trkpt>
      <trkpt lat="50.74033842" lon="-119.37800677">
      </trkpt>
      <trkpt lat="50.74052144" lon="-119.37817032">
      </trkpt>
      <trkpt lat="50.74060505" lon="-119.3783403">
      </trkpt>
      <trkpt lat="50.74062312" lon="-119.37864431">
      </trkpt>
      <trkpt lat="50.74054538" lon="-119.37883819">
      </trkpt>
      <trkpt lat="50.74051171" lon="-119.37906699">
      </trkpt>
      <trkpt lat="50.74051318" lon="-119.37935687">
      </trkpt>
      <trkpt lat="50.74048196" lon="-119.37962675">
      </trkpt>
      <trkpt lat="50.7403855" lon="-119.37994772">
      </trkpt>
      <trkpt lat="50.74029684" lon="-119.38013491">
      </trkpt>
      <trkpt lat="50.74019925" lon="-119.3803483">
      </trkpt>
      <trkpt lat="50.74006911" lon="-119.38063281">
      </trkpt>
      <trkpt lat="50.73997721" lon="-119.38085364">
      </trkpt>
      <trkpt lat="50.73991116" lon="-119.38097946">
      </trkpt>
      <trkpt lat="50.73984447" lon="-119.38127115">
      </trkpt>
      <trkpt lat="50.73975972" lon="-119.38152407">
      </trkpt>
      <trkpt lat="50.73966603" lon="-119.38180318">
      </trkpt>
      <trkpt lat="50.73956713" lon="-119.38208306">
      </trkpt>
      <trkpt lat="50.73950467" lon="-119.38235755">
      </trkpt>
      <trkpt lat="50.73940527" lon="-119.38262921">
      </trkpt>
      <trkpt lat="50.73927171" lon="-119.38285619">
      </trkpt>
      <trkpt lat="50.73912629" lon="-119.38306006">
      </trkpt>
      <trkpt lat="50.73899501" lon="-119.38323698">
      </trkpt>
      <trkpt lat="50.73886568" lon="-119.38344675">
      </trkpt>
      <trkpt lat="50.73874612" lon="-119.38355562">
      </trkpt>
      <trkpt lat="50.73859402" lon="-119.3837356">
      </trkpt>
      <trkpt lat="50.73854945" lon="-119.38395769">
      </trkpt>
      <trkpt lat="50.73850438" lon="-119.38417159">
      </trkpt>
      <trkpt lat="50.7385213" lon="-119.38436801">
      </trkpt>
      <trkpt lat="50.73860328" lon="-119.38442218">
      </trkpt>
      <trkpt lat="50.73873781" lon="-119.38421164">
      </trkpt>
      <trkpt lat="50.73882111" lon="-119.38393409">
      </trkpt>
      <trkpt lat="50.73891871" lon="-119.38372072">
      </trkpt>
      <trkpt lat="50.73915801" lon="-119.38359414">
      </trkpt>
      <trkpt lat="50.73932946" lon="-119.38338642">
      </trkpt>
      <trkpt lat="50.73948449" lon="-119.38325573">
      </trkpt>
      <trkpt lat="50.73967401" lon="-119.38308677">
      </trkpt>
      <trkpt lat="50.7398562" lon="-119.38279458">
      </trkpt>
      <trkpt lat="50.73997885" lon="-119.3825609">
      </trkpt>
      <trkpt lat="50.74010866" lon="-119.38235934">
      </trkpt>
      <trkpt lat="50.74026727" lon="-119.38211207">
      </trkpt>
      <trkpt lat="50.74040521" lon="-119.38195903">
      </trkpt>
      <trkpt lat="50.74047224" lon="-119.38184964">
      </trkpt>
      <trkpt lat="50.74057878" lon="-119.38161008">
      </trkpt>
      <trkpt lat="50.74065605" lon="-119.38140799">
      </trkpt>
      <trkpt lat="50.74076731" lon="-119.38115942">
      </trkpt>
      <trkpt lat="50.74088216" lon="-119.38105953">
      </trkpt>
      <trkpt lat="50.740963" lon="-119.38100612">
      </trkpt>
      <trkpt lat="50.74111494" lon="-119.38100021">
      </trkpt>
      <trkpt lat="50.7413391" lon="-119.38114939">
      </trkpt>
      <trkpt lat="50.74153805" lon="-119.3812277">
      </trkpt>
      <trkpt lat="50.74171471" lon="-119.38128445">
      </trkpt>
      <trkpt lat="50.74185559" lon="-119.38144596">
      </trkpt>
      <trkpt lat="50.74201387" lon="-119.38154687">
      </trkpt>
      <trkpt lat="50.74217719" lon="-119.38155585">
      </trkpt>
      <trkpt lat="50.7423519" lon="-119.38157973">
      </trkpt>
      <trkpt lat="50.74256452" lon="-119.38162287">
      </trkpt>
      <trkpt lat="50.74278103" lon="-119.38173174">
      </trkpt>
      <trkpt lat="50.7428744" lon="-119.38180081">
      </trkpt>
      <trkpt lat="50.74304976" lon="-119.38192406">
      </trkpt>
      <trkpt lat="50.74314037" lon="-119.382035">
      </trkpt>
      <trkpt lat="50.74313647" lon="-119.38223453">
      </trkpt>
      <trkpt lat="50.74312685" lon="-119.38232779">
      </trkpt>
      <trkpt lat="50.74315424" lon="-119.38244782">
      </trkpt>
      <trkpt lat="50.74320385" lon="-119.38267546">
      </trkpt>
      <trkpt lat="50.74332132" lon="-119.38307818">
      </trkpt>
      <trkpt lat="50.74344882" lon="-119.38344027">
      </trkpt>
      <trkpt lat="50.74352391" lon="-119.38372651">
      </trkpt>
      <trkpt lat="50.74353865" lon="-119.38389878">
      </trkpt>
      <trkpt lat="50.74353429" lon="-119.38410948">
      </trkpt>
      <trkpt lat="50.74351129" lon="-119.38434957">
      </trkpt>
      <trkpt lat="50.74345219" lon="-119.38458803">
      </trkpt>
      <trkpt lat="50.74336728" lon="-119.38478216">
      </trkpt>
      <trkpt lat="50.74327364" lon="-119.3849615">
      </trkpt>
      <trkpt lat="50.74317856" lon="-119.38521239">
      </trkpt>
      <trkpt lat="50.74311943" lon="-119.38547918">
      </trkpt>
      <trkpt lat="50.74311419" lon="-119.38573274">
      </trkpt>
      <trkpt lat="50.74314662" lon="-119.38589">
      </trkpt>
      <trkpt lat="50.74318873" lon="-119.38604925">
      </trkpt>
      <trkpt lat="50.74325688" lon="-119.38623684">
      </trkpt>
      <trkpt lat="50.74336785" lon="-119.38651051">
      </trkpt>
      <trkpt lat="50.74349825" lon="-119.38673162">
      </trkpt>
      <trkpt lat="50.74361121" lon="-119.38693565">
      </trkpt>
      <trkpt lat="50.74368841" lon="-119.3871236">
      </trkpt>
      <trkpt lat="50.74375646" lon="-119.38731106">
      </trkpt>
      <trkpt lat="50.74382484" lon="-119.38748438">
      </trkpt>
      <trkpt lat="50.74397178" lon="-119.38777595">
      </trkpt>
      <trkpt lat="50.74415545" lon="-119.38803889">
      </trkpt>
      <trkpt lat="50.74437391" lon="-119.38834837">
      </trkpt>
      <trkpt lat="50.74453905" lon="-119.38861234">
      </trkpt>
      <trkpt lat="50.74468767" lon="-119.38881823">
      </trkpt>
      <trkpt lat="50.74482733" lon="-119.38902373">
      </trkpt>
      <trkpt lat="50.74489771" lon="-119.38912726">
      </trkpt>
      <trkpt lat="50.74495882" lon="-119.38921606">
      </trkpt>
      <trkpt lat="50.74507995" lon="-119.38943314">
      </trkpt>
      <trkpt lat="50.74520186" lon="-119.38962518">
      </trkpt>
      <trkpt lat="50.74530599" lon="-119.38981273">
      </trkpt>
      <trkpt lat="50.74541971" lon="-119.38999003">
      </trkpt>
      <trkpt lat="50.74556833" lon="-119.39019592">
      </trkpt>
      <trkpt lat="50.74576085" lon="-119.39044689">
      </trkpt>
      <trkpt lat="50.74592764" lon="-119.39065366">
      </trkpt>
      <trkpt lat="50.74606722" lon="-119.39085919">
      </trkpt>
      <trkpt lat="50.74613625" lon="-119.39100564">
      </trkpt>
      <trkpt lat="50.74619547" lon="-119.39117662">
      </trkpt>
    </trkseg>
    <trkseg>
      <trkpt lat="50.71673914" lon="-119.44877101">
      </trkpt>
      <trkpt lat="50.71675141" lon="-119.44902709">
      </trkpt>
      <trkpt lat="50.71677499" lon="-119.44919797">
      </trkpt>
      <trkpt lat="50.71679035" lon="-119.44932565">
      </trkpt>
      <trkpt lat="50.71679641" lon="-119.44946708">
      </trkpt>
      <trkpt lat="50.71680122" lon="-119.44965309">
      </trkpt>
      <trkpt lat="50.71677278" lon="-119.44973553">
      </trkpt>
      <trkpt lat="50.71665214" lon="-119.44989906">
      </trkpt>
      <trkpt lat="50.71656928" lon="-119.44999487">
      </trkpt>
      <trkpt lat="50.71643291" lon="-119.45007347">
      </trkpt>
      <trkpt lat="50.71625942" lon="-119.45019136">
      </trkpt>
      <trkpt lat="50.71614874" lon="-119.45031259">
      </trkpt>
      <trkpt lat="50.7160472" lon="-119.4504359">
      </trkpt>
      <trkpt lat="50.71593614" lon="-119.45059987">
      </trkpt>
      <trkpt lat="50.71584157" lon="-119.45082177">
      </trkpt>
      <trkpt lat="50.71579359" lon="-119.4509462">
      </trkpt>
      <trkpt lat="50.71575472" lon="-119.45109961">
      </trkpt>
      <trkpt lat="50.71569653" lon="-119.4512806">
      </trkpt>
      <trkpt lat="50.71563908" lon="-119.45146334">
      </trkpt>
      <trkpt lat="50.71555428" lon="-119.45164126">
      </trkpt>
      <trkpt lat="50.71547887" lon="-119.45180698">
      </trkpt>
      <trkpt lat="50.7154039" lon="-119.45196027">
      </trkpt>
      <trkpt lat="50.71534663" lon="-119.45209857">
      </trkpt>
      <trkpt lat="50.71531794" lon="-119.45219527">
      </trkpt>
      <trkpt lat="50.7152523" lon="-119.4523062">
      </trkpt>
      <trkpt lat="50.71521506" lon="-119.45237398">
      </trkpt>
      <trkpt lat="50.71515004" lon="-119.45248482">
      </trkpt>
      <trkpt lat="50.71508396" lon="-119.45260833">
      </trkpt>
      <trkpt lat="50.71501886" lon="-119.45271933">
      </trkpt>
      <trkpt lat="50.71498117" lon="-119.45278703">
      </trkpt>
      <trkpt lat="50.7148983" lon="-119.45288283">
      </trkpt>
      <trkpt lat="50.71482462" lon="-119.45296292">
      </trkpt>
      <trkpt lat="50.71475952" lon="-119.45307391">
      </trkpt>
      <trkpt lat="50.71469407" lon="-119.45319733">
      </trkpt>
      <trkpt lat="50.71453546" lon="-119.45347313">
      </trkpt>
      <trkpt lat="50.71436904" lon="-119.45369129">
      </trkpt>
      <trkpt lat="50.71422009" lon="-119.4539106">
      </trkpt>
      <trkpt lat="50.71413553" lon="-119.4540741">
      </trkpt>
      <trkpt lat="50.71402408" lon="-119.45426829">
      </trkpt>
      <trkpt lat="50.71393022" lon="-119.45444566">
      </trkpt>
      <trkpt lat="50.71379114" lon="-119.45462254">
      </trkpt>
      <trkpt lat="50.71369841" lon="-119.45476062">
      </trkpt>
      <trkpt lat="50.7135421" lon="-119.45492223">
      </trkpt>
      <trkpt lat="50.71343123" lon="-119.45508786">
      </trkpt>
      <trkpt lat="50.71325557" lon="-119.45530395">
      </trkpt>
      <trkpt lat="50.71316379" lon="-119.45538312">
      </trkpt>
      <trkpt lat="50.71308997" lon="-119.4554793">
      </trkpt>
      <trkpt lat="50.71300711" lon="-119.45557509">
      </trkpt>
      <trkpt lat="50.71295156" lon="-119.45562761">
      </trkpt>
      <trkpt lat="50.71286022" lon="-119.45569433">
      </trkpt>
      <trkpt lat="50.71281426" lon="-119.4557473">
      </trkpt>
      <trkpt lat="50.71275946" lon="-119.45580341">
      </trkpt>
      <trkpt lat="50.71271296" lon="-119.45585646">
      </trkpt>
      <trkpt lat="50.71265748" lon="-119.45593928">
      </trkpt>
      <trkpt lat="50.71260222" lon="-119.45600599">
      </trkpt>
      <trkpt lat="50.71249967" lon="-119.4561704">
      </trkpt>
      <trkpt lat="50.7124256" lon="-119.45628084">
      </trkpt>
      <trkpt lat="50.71234298" lon="-119.45636236">
      </trkpt>
      <trkpt lat="50.71226905" lon="-119.4564567">
      </trkpt>
      <trkpt lat="50.71216775" lon="-119.45656586">
      </trkpt>
      <trkpt lat="50.71209382" lon="-119.4566602">
      </trkpt>
      <trkpt lat="50.71203723" lon="-119.45677164">
      </trkpt>
      <trkpt lat="50.71191769" lon="-119.45690651">
      </trkpt>
      <trkpt lat="50.71180666" lon="-119.45704199">
      </trkpt>
      <trkpt lat="50.71175058" lon="-119.45715151">
      </trkpt>
      <trkpt lat="50.71161125" lon="-119.45734263">
      </trkpt>
      <trkpt lat="50.71151785" lon="-119.45750926">
      </trkpt>
      <trkpt lat="50.71145239" lon="-119.45763266">
      </trkpt>
      <trkpt lat="50.71137823" lon="-119.45774311">
      </trkpt>
      <trkpt lat="50.71129492" lon="-119.45785134">
      </trkpt>
      <trkpt lat="50.71123977" lon="-119.45791988">
      </trkpt>
      <trkpt lat="50.71116609" lon="-119.45800009">
      </trkpt>
      <trkpt lat="50.7110837" lon="-119.45806549">
      </trkpt>
      <trkpt lat="50.71087286" lon="-119.45823861">
      </trkpt>
      <trkpt lat="50.71065476" lon="-119.45835587">
      </trkpt>
      <trkpt lat="50.71055345" lon="-119.45846317">
      </trkpt>
      <trkpt lat="50.71039666" lon="-119.45865499">
      </trkpt>
      <trkpt lat="50.71024159" lon="-119.45875947">
      </trkpt>
      <trkpt lat="50.710104" lon="-119.45886496">
      </trkpt>
      <trkpt lat="50.71000357" lon="-119.45895974">
      </trkpt>
      <trkpt lat="50.70986598" lon="-119.45906523">
      </trkpt>
      <trkpt lat="50.70973887" lon="-119.4591282">
      </trkpt>
      <trkpt lat="50.70962006" lon="-119.45920789">
      </trkpt>
      <trkpt lat="50.70945652" lon="-119.4592833">
      </trkpt>
      <trkpt lat="50.70936518" lon="-119.45935001">
      </trkpt>
      <trkpt lat="50.70921917" lon="-119.45945672">
      </trkpt>
      <trkpt lat="50.70905599" lon="-119.4595197">
      </trkpt>
      <trkpt lat="50.70892923" lon="-119.45956853">
      </trkpt>
      <trkpt lat="50.70887403" lon="-119.45960861">
      </trkpt>
      <trkpt lat="50.70868297" lon="-119.45972546">
      </trkpt>
      <trkpt lat="50.70862786" lon="-119.45976553">
      </trkpt>
      <trkpt lat="50.70852801" lon="-119.45983163">
      </trkpt>
      <trkpt lat="50.70832819" lon="-119.45990536">
      </trkpt>
      <trkpt lat="50.70820062" lon="-119.45999871">
      </trkpt>
      <trkpt lat="50.70808992" lon="-119.46011975">
      </trkpt>
      <trkpt lat="50.70799766" lon="-119.46022927">
      </trkpt>
      <trkpt lat="50.70788672" lon="-119.46036472">
      </trkpt>
      <trkpt lat="50.70777738" lon="-119.46044287">
      </trkpt>
      <trkpt lat="50.70767583" lon="-119.46056627">
      </trkpt>
      <trkpt lat="50.70756513" lon="-119.46068731">
      </trkpt>
      <trkpt lat="50.70751047" lon="-119.46072731">
      </trkpt>
      <trkpt lat="50.70740136" lon="-119.46077882">
      </trkpt>
      <trkpt lat="50.70731945" lon="-119.46081569">
      </trkpt>
      <trkpt lat="50.70714698" lon="-119.46089254">
      </trkpt>
      <trkpt lat="50.70701093" lon="-119.46095681">
      </trkpt>
      <trkpt lat="50.70689345" lon="-119.46099175">
      </trkpt>
      <trkpt lat="50.70676674" lon="-119.46101382">
      </trkpt>
      <trkpt lat="50.70667656" lon="-119.46102344">
      </trkpt>
      <trkpt lat="50.70660404" lon="-119.46104656">
      </trkpt>
      <trkpt lat="50.7064587" lon="-119.46112471">
      </trkpt>
      <trkpt lat="50.70634848" lon="-119.46121721">
      </trkpt>
      <trkpt lat="50.70620281" lon="-119.46130963">
      </trkpt>
      <trkpt lat="50.70608462" lon="-119.46138922">
      </trkpt>
      <trkpt lat="50.70602013" lon="-119.46144303">
      </trkpt>
      <trkpt lat="50.70593797" lon="-119.46149416">
      </trkpt>
      <trkpt lat="50.70582025" lon="-119.46154337">
      </trkpt>
      <trkpt lat="50.70570178" lon="-119.46161047">
      </trkpt>
      <trkpt lat="50.70559311" lon="-119.46166021">
      </trkpt>
      <trkpt lat="50.70546571" lon="-119.46170898">
      </trkpt>
      <trkpt lat="50.70537462" lon="-119.46176142">
      </trkpt>
      <trkpt lat="50.70526571" lon="-119.46182712">
      </trkpt>
      <trkpt lat="50.70514746" lon="-119.46187641">
      </trkpt>
      <trkpt lat="50.70502012" lon="-119.46195548">
      </trkpt>
      <trkpt lat="50.70490164" lon="-119.46202087">
      </trkpt>
      <trkpt lat="50.70479176" lon="-119.4620991">
      </trkpt>
      <trkpt lat="50.70468286" lon="-119.4621648">
      </trkpt>
      <trkpt lat="50.70453776" lon="-119.46222867">
      </trkpt>
      <trkpt lat="50.70440074" lon="-119.4623056">
      </trkpt>
      <trkpt lat="50.70425565" lon="-119.46236947">
      </trkpt>
      <trkpt lat="50.70411113" lon="-119.46240481">
      </trkpt>
      <trkpt lat="50.70400227" lon="-119.46244205">
      </trkpt>
      <trkpt lat="50.70392975" lon="-119.46246516">
      </trkpt>
      <trkpt lat="50.70375842" lon="-119.46248478">
      </trkpt>
      <trkpt lat="50.70368633" lon="-119.46249531">
      </trkpt>
      <trkpt lat="50.70361415" lon="-119.46250585">
      </trkpt>
      <trkpt lat="50.70348763" lon="-119.46254041">
      </trkpt>
      <trkpt lat="50.70322496" lon="-119.46262672">
      </trkpt>
      <trkpt lat="50.70317765" lon="-119.46272439">
      </trkpt>
      <trkpt lat="50.70313111" lon="-119.46280588">
      </trkpt>
      <trkpt lat="50.70282678" lon="-119.46317214">
      </trkpt>
      <trkpt lat="50.70267898" lon="-119.46333428">
      </trkpt>
      <trkpt lat="50.70248618" lon="-119.46353672">
      </trkpt>
      <trkpt lat="50.70244767" lon="-119.46364904">
      </trkpt>
      <trkpt lat="50.70239241" lon="-119.46371572">
      </trkpt>
      <trkpt lat="50.70230106" lon="-119.46378241">
      </trkpt>
      <trkpt lat="50.70216284" lon="-119.46394486">
      </trkpt>
      <trkpt lat="50.70206849" lon="-119.46415254">
      </trkpt>
      <trkpt lat="50.70189151" lon="-119.46444157">
      </trkpt>
      <trkpt lat="50.70181642" lon="-119.46459295">
      </trkpt>
      <trkpt lat="50.70175008" lon="-119.46473068">
      </trkpt>
      <trkpt lat="50.7016656" lon="-119.46489594">
      </trkpt>
      <trkpt lat="50.70154498" lon="-119.46508783">
      </trkpt>
      <trkpt lat="50.70147014" lon="-119.46522508">
      </trkpt>
      <trkpt lat="50.70139543" lon="-119.46533557">
      </trkpt>
      <trkpt lat="50.70125754" lon="-119.46548374">
      </trkpt>
      <trkpt lat="50.70120078" lon="-119.46562177">
      </trkpt>
      <trkpt lat="50.70108718" lon="-119.4658856">
      </trkpt>
      <trkpt lat="50.70099224" lon="-119.46612167">
      </trkpt>
      <trkpt lat="50.70095247" lon="-119.46628937">
      </trkpt>
      <trkpt lat="50.70084138" lon="-119.46645311">
      </trkpt>
      <trkpt lat="50.70078351" lon="-119.46661989">
      </trkpt>
      <trkpt lat="50.70073533" lon="-119.46678867">
      </trkpt>
      <trkpt lat="50.70069671" lon="-119.46689929">
      </trkpt>
      <trkpt lat="50.70065838" lon="-119.46702396">
      </trkpt>
      <trkpt lat="50.70059935" lon="-119.46724781">
      </trkpt>
      <trkpt lat="50.70053214" lon="-119.46745679">
      </trkpt>
      <trkpt lat="50.70050112" lon="-119.46766759">
      </trkpt>
      <trkpt lat="50.70045404" lon="-119.46774915">
      </trkpt>
      <trkpt lat="50.7004145" lon="-119.46790244">
      </trkpt>
      <trkpt lat="50.70035402" lon="-119.46822608">
      </trkpt>
      <trkpt lat="50.70030616" lon="-119.46838059">
      </trkpt>
      <trkpt lat="50.70026755" lon="-119.46849121">
      </trkpt>
      <trkpt lat="50.70020141" lon="-119.46864312">
      </trkpt>
      <trkpt lat="50.70013521" lon="-119.46881097">
      </trkpt>
      <trkpt lat="50.7001053" lon="-119.46893625">
      </trkpt>
      <trkpt lat="50.70002082" lon="-119.4691015">
      </trkpt>
      <trkpt lat="50.7000019" lon="-119.46914338">
      </trkpt>
      <trkpt lat="50.69998279" lon="-119.46918358">
      </trkpt>
      <trkpt lat="50.69994572" lon="-119.46925301">
      </trkpt>
      <trkpt lat="50.69991717" lon="-119.4693229">
      </trkpt>
      <trkpt lat="50.69985892" lon="-119.4695324">
      </trkpt>
      <trkpt lat="50.69976039" lon="-119.46993798">
      </trkpt>
      <trkpt lat="50.6997314" lon="-119.47002045">
      </trkpt>
      <trkpt lat="50.6996829" lon="-119.47017334">
      </trkpt>
      <trkpt lat="50.69962566" lon="-119.47034173">
      </trkpt>
      <trkpt lat="50.69958646" lon="-119.47048074">
      </trkpt>
      <trkpt lat="50.69954838" lon="-119.47059128">
      </trkpt>
      <trkpt lat="50.69951009" lon="-119.47068748">
      </trkpt>
      <trkpt lat="50.69945368" lon="-119.47081307">
      </trkpt>
      <trkpt lat="50.69936812" lon="-119.47103537">
      </trkpt>
      <trkpt lat="50.69926437" lon="-119.47125678">
      </trkpt>
      <trkpt lat="50.69918928" lon="-119.47140828">
      </trkpt>
      <trkpt lat="50.69909424" lon="-119.47164434">
      </trkpt>
      <trkpt lat="50.69902852" lon="-119.47178195">
      </trkpt>
      <trkpt lat="50.69898942" lon="-119.47192279">
      </trkpt>
      <trkpt lat="50.69893465" lon="-119.47196108">
      </trkpt>
      <trkpt lat="50.69881474" lon="-119.47209763">
      </trkpt>
      <trkpt lat="50.69870399" lon="-119.47224721">
      </trkpt>
      <trkpt lat="50.69855456" lon="-119.47247883">
      </trkpt>
      <trkpt lat="50.69843486" lon="-119.47262957">
      </trkpt>
      <trkpt lat="50.69834258" lon="-119.47273734">
      </trkpt>
      <trkpt lat="50.69824082" lon="-119.47285886">
      </trkpt>
      <trkpt lat="50.69813867" lon="-119.4730106">
      </trkpt>
      <trkpt lat="50.69805535" lon="-119.47311877">
      </trkpt>
      <trkpt lat="50.69798788" lon="-119.47334198">
      </trkpt>
      <trkpt lat="50.69782922" lon="-119.47361761">
      </trkpt>
      <trkpt lat="50.6977169" lon="-119.47380824">
      </trkpt>
      <trkpt lat="50.69757608" lon="-119.47409904">
      </trkpt>
      <trkpt lat="50.69750944" lon="-119.47427945">
      </trkpt>
      <trkpt lat="50.69747126" lon="-119.47437748">
      </trkpt>
      <trkpt lat="50.69737728" lon="-119.47455477">
      </trkpt>
      <trkpt lat="50.69730227" lon="-119.47470795">
      </trkpt>
      <trkpt lat="50.69723621" lon="-119.47485982">
      </trkpt>
      <trkpt lat="50.69717892" lon="-119.47499805">
      </trkpt>
      <trkpt lat="50.69712317" lon="-119.47509508">
      </trkpt>
      <trkpt lat="50.69704855" lon="-119.4752179">
      </trkpt>
      <trkpt lat="50.69697447" lon="-119.47532827">
      </trkpt>
      <trkpt lat="50.69684557" lon="-119.47544848">
      </trkpt>
      <trkpt lat="50.69675386" lon="-119.47552756">
      </trkpt>
      <trkpt lat="50.69668957" lon="-119.47559568">
      </trkpt>
      <trkpt lat="50.69664378" lon="-119.47565029">
      </trkpt>
      <trkpt lat="50.69659738" lon="-119.47570513">
      </trkpt>
      <trkpt lat="50.69650588" lon="-119.47579841">
      </trkpt>
      <trkpt lat="50.69641419" lon="-119.47587934">
      </trkpt>
      <trkpt lat="50.69634969" lon="-119.47593326">
      </trkpt>
      <trkpt lat="50.69622316" lon="-119.47596763">
      </trkpt>
      <trkpt lat="50.69614111" lon="-119.47602055">
      </trkpt>
      <trkpt lat="50.69606785" lon="-119.47608813">
      </trkpt>
      <trkpt lat="50.69598486" lon="-119.47618201">
      </trkpt>
      <trkpt lat="50.69592031" lon="-119.47626425">
      </trkpt>
      <trkpt lat="50.69585581" lon="-119.47631817">
      </trkpt>
      <trkpt lat="50.69580079" lon="-119.47637056">
      </trkpt>
      <trkpt lat="50.69566404" lon="-119.47646161">
      </trkpt>
      <trkpt lat="50.69556365" lon="-119.47652787">
      </trkpt>
      <trkpt lat="50.69548042" lon="-119.47663772">
      </trkpt>
      <trkpt lat="50.69541494" lon="-119.47676106">
      </trkpt>
      <trkpt lat="50.69536737" lon="-119.47687296">
      </trkpt>
      <trkpt lat="50.69530189" lon="-119.47699629">
      </trkpt>
      <trkpt lat="50.69522586" lon="-119.47719044">
      </trkpt>
      <trkpt lat="50.69516982" lon="-119.47727328">
      </trkpt>
      <trkpt lat="50.69510492" lon="-119.47736808">
      </trkpt>
      <trkpt lat="50.69504957" lon="-119.47743489">
      </trkpt>
      <trkpt lat="50.69493896" lon="-119.47755768">
      </trkpt>
      <trkpt lat="50.6948925" lon="-119.47764083">
      </trkpt>
      <trkpt lat="50.69484541" lon="-119.47772237">
      </trkpt>
      <trkpt lat="50.69479919" lon="-119.47778956">
      </trkpt>
      <trkpt lat="50.69475289" lon="-119.47784608">
      </trkpt>
      <trkpt lat="50.69469787" lon="-119.47789862">
      </trkpt>
      <trkpt lat="50.69464329" lon="-119.47793857">
      </trkpt>
      <trkpt lat="50.69457966" lon="-119.477978">
      </trkpt>
      <trkpt lat="50.69446175" lon="-119.47801481">
      </trkpt>
      <trkpt lat="50.69438888" lon="-119.47805202">
      </trkpt>
      <trkpt lat="50.69429869" lon="-119.4780616">
      </trkpt>
      <trkpt lat="50.69424435" lon="-119.4780873">
      </trkpt>
      <trkpt lat="50.69416253" lon="-119.47812411">
      </trkpt>
      <trkpt lat="50.69410777" lon="-119.47815172">
      </trkpt>
      <trkpt lat="50.69404472" lon="-119.47816261">
      </trkpt>
      <trkpt lat="50.69393697" lon="-119.47817119">
      </trkpt>
      <trkpt lat="50.69384668" lon="-119.47817908">
      </trkpt>
      <trkpt lat="50.6937652" lon="-119.47820332">
      </trkpt>
      <trkpt lat="50.69362073" lon="-119.47821015">
      </trkpt>
      <trkpt lat="50.69352203" lon="-119.47821926">
      </trkpt>
      <trkpt lat="50.6934408" lon="-119.47822925">
      </trkpt>
      <trkpt lat="50.69333285" lon="-119.47822364">
      </trkpt>
      <trkpt lat="50.69321631" lon="-119.47821757">
      </trkpt>
      <trkpt lat="50.69316167" lon="-119.47822724">
      </trkpt>
      <trkpt lat="50.69309897" lon="-119.4782257">
      </trkpt>
      <trkpt lat="50.69293719" lon="-119.47821727">
      </trkpt>
      <trkpt lat="50.69288309" lon="-119.478227">
      </trkpt>
      <trkpt lat="50.69276575" lon="-119.47823513">
      </trkpt>
      <trkpt lat="50.69262182" lon="-119.47824187">
      </trkpt>
      <trkpt lat="50.69256748" lon="-119.47826757">
      </trkpt>
      <trkpt lat="50.69250386" lon="-119.47830713">
      </trkpt>
      <trkpt lat="50.69242213" lon="-119.47834563">
      </trkpt>
      <trkpt lat="50.69235753" lon="-119.47839771">
      </trkpt>
      <trkpt lat="50.69228359" lon="-119.47849382">
      </trkpt>
      <trkpt lat="50.69224686" lon="-119.47854895">
      </trkpt>
      <trkpt lat="50.69219977" lon="-119.47863048">
      </trkpt>
      <trkpt lat="50.69214451" lon="-119.47869898">
      </trkpt>
      <trkpt lat="50.6920621" lon="-119.47876432">
      </trkpt>
      <trkpt lat="50.69197017" lon="-119.47885949">
      </trkpt>
      <trkpt lat="50.69190468" lon="-119.47898281">
      </trkpt>
      <trkpt lat="50.69183902" lon="-119.47909378">
      </trkpt>
      <trkpt lat="50.69176381" lon="-119.47924512">
      </trkpt>
      <trkpt lat="50.69171676" lon="-119.47935509">
      </trkpt>
      <trkpt lat="50.69167906" lon="-119.47942458">
      </trkpt>
      <trkpt lat="50.691613" lon="-119.47957643">
      </trkpt>
      <trkpt lat="50.69153069" lon="-119.4796436">
      </trkpt>
      <trkpt lat="50.69143856" lon="-119.47973695">
      </trkpt>
      <trkpt lat="50.6913653" lon="-119.47980451">
      </trkpt>
      <trkpt lat="50.69131038" lon="-119.47985873">
      </trkpt>
      <trkpt lat="50.6912283" lon="-119.4799098">
      </trkpt>
      <trkpt lat="50.69114693" lon="-119.47993587">
      </trkpt>
      <trkpt lat="50.69105606" lon="-119.47997229">
      </trkpt>
      <trkpt lat="50.69095556" lon="-119.48003841">
      </trkpt>
      <trkpt lat="50.69089227" lon="-119.4800637">
      </trkpt>
      <trkpt lat="50.69082009" lon="-119.48007421">
      </trkpt>
      <trkpt lat="50.69073885" lon="-119.48008248">
      </trkpt>
      <trkpt lat="50.69066675" lon="-119.48009298">
      </trkpt>
      <trkpt lat="50.69059491" lon="-119.48008922">
      </trkpt>
      <trkpt lat="50.69045155" lon="-119.48006743">
      </trkpt>
      <trkpt lat="50.69034444" lon="-119.48001903">
      </trkpt>
      <trkpt lat="50.69027293" lon="-119.48000099">
      </trkpt>
      <trkpt lat="50.69018367" lon="-119.47996948">
      </trkpt>
      <trkpt lat="50.69008516" lon="-119.47993404">
      </trkpt>
      <trkpt lat="50.6900228" lon="-119.47991823">
      </trkpt>
      <trkpt lat="50.68995154" lon="-119.47988594">
      </trkpt>
      <trkpt lat="50.68989754" lon="-119.47989736">
      </trkpt>
      <trkpt lat="50.68983411" lon="-119.47989238">
      </trkpt>
      <trkpt lat="50.68974344" lon="-119.47993232">
      </trkpt>
      <trkpt lat="50.68962562" lon="-119.47998148">
      </trkpt>
      <trkpt lat="50.68955353" lon="-119.47999197">
      </trkpt>
      <trkpt lat="50.68949014" lon="-119.48001713">
      </trkpt>
      <trkpt lat="50.68941771" lon="-119.4800419">
      </trkpt>
      <trkpt lat="50.68932669" lon="-119.48009427">
      </trkpt>
      <trkpt lat="50.68924453" lon="-119.48014534">
      </trkpt>
      <trkpt lat="50.68916247" lon="-119.48019825">
      </trkpt>
      <trkpt lat="50.68898107" lon="-119.48025837">
      </trkpt>
      <trkpt lat="50.68891802" lon="-119.4802694">
      </trkpt>
      <trkpt lat="50.68880035" lon="-119.4802918">
      </trkpt>
      <trkpt lat="50.68871863" lon="-119.48033043">
      </trkpt>
      <trkpt lat="50.68861939" lon="-119.48033948">
      </trkpt>
      <trkpt lat="50.6885294" lon="-119.48036325">
      </trkpt>
      <trkpt lat="50.68843888" lon="-119.48038709">
      </trkpt>
      <trkpt lat="50.68820407" lon="-119.48043024">
      </trkpt>
      <trkpt lat="50.68809578" lon="-119.4804389">
      </trkpt>
      <trkpt lat="50.68797806" lon="-119.48048975">
      </trkpt>
      <trkpt lat="50.68783183" lon="-119.48058214">
      </trkpt>
      <trkpt lat="50.68763135" lon="-119.48071088">
      </trkpt>
      <trkpt lat="50.68747755" lon="-119.48076172">
      </trkpt>
      <trkpt lat="50.68734119" lon="-119.48081002">
      </trkpt>
      <trkpt lat="50.68725061" lon="-119.48086231">
      </trkpt>
      <trkpt lat="50.68710545" lon="-119.48089596">
      </trkpt>
      <trkpt lat="50.68693378" lon="-119.48092977">
      </trkpt>
      <trkpt lat="50.68681699" lon="-119.48093796">
      </trkpt>
      <trkpt lat="50.6867449" lon="-119.48094845">
      </trkpt>
      <trkpt lat="50.68667272" lon="-119.48095896">
      </trkpt>
      <trkpt lat="50.68652867" lon="-119.48096386">
      </trkpt>
      <trkpt lat="50.68642987" lon="-119.48096047">
      </trkpt>
      <trkpt lat="50.68636708" lon="-119.48095724">
      </trkpt>
      <trkpt lat="50.68630374" lon="-119.48095395">
      </trkpt>
      <trkpt lat="50.68622343" lon="-119.48092127">
      </trkpt>
      <trkpt lat="50.68609909" lon="-119.4808576">
      </trkpt>
      <trkpt lat="50.68598371" lon="-119.48079433">
      </trkpt>
      <trkpt lat="50.6858586" lon="-119.48074685">
      </trkpt>
      <trkpt lat="50.68570795" lon="-119.48063894">
      </trkpt>
      <trkpt lat="50.68564574" lon="-119.48060719">
      </trkpt>
      <trkpt lat="50.68556576" lon="-119.4805601">
      </trkpt>
      <trkpt lat="50.68540373" lon="-119.48056591">
      </trkpt>
      <trkpt lat="50.68530474" lon="-119.48056084">
      </trkpt>
      <trkpt lat="50.68518769" lon="-119.48058314">
      </trkpt>
      <trkpt lat="50.68501559" lon="-119.48062953">
      </trkpt>
      <trkpt lat="50.68491577" lon="-119.48066724">
      </trkpt>
      <trkpt lat="50.68484276" lon="-119.48072053">
      </trkpt>
      <trkpt lat="50.68472483" lon="-119.48075718">
      </trkpt>
      <trkpt lat="50.68464448" lon="-119.48075296">
      </trkpt>
      <trkpt lat="50.68450997" lon="-119.48071736">
      </trkpt>
      <trkpt lat="50.68436745" lon="-119.48065279">
      </trkpt>
      <trkpt lat="50.68425167" lon="-119.48061987">
      </trkpt>
      <trkpt lat="50.68418882" lon="-119.48058636">
      </trkpt>
      <trkpt lat="50.68405578" lon="-119.48050974">
      </trkpt>
      <trkpt lat="50.68391326" lon="-119.48044517">
      </trkpt>
      <trkpt lat="50.68381519" lon="-119.4803973">
      </trkpt>
      <trkpt lat="50.68369076" lon="-119.48033365">
      </trkpt>
      <trkpt lat="50.68360159" lon="-119.48030212">
      </trkpt>
      <trkpt lat="50.68346743" lon="-119.48026478">
      </trkpt>
      <trkpt lat="50.6833948" lon="-119.48027535">
      </trkpt>
      <trkpt lat="50.6833143" lon="-119.48028707">
      </trkpt>
      <trkpt lat="50.68318562" lon="-119.48039112">
      </trkpt>
      <trkpt lat="50.6831025" lon="-119.48050277">
      </trkpt>
      <trkpt lat="50.68304596" lon="-119.48062476">
      </trkpt>
      <trkpt lat="50.68298958" lon="-119.48072184">
      </trkpt>
      <trkpt lat="50.682933" lon="-119.48086162">
      </trkpt>
      <trkpt lat="50.68289574" lon="-119.48092932">
      </trkpt>
      <trkpt lat="50.6828578" lon="-119.48101306">
      </trkpt>
      <trkpt lat="50.68280169" lon="-119.48112247">
      </trkpt>
      <trkpt lat="50.68277269" lon="-119.4812049">
      </trkpt>
      <trkpt lat="50.68271548" lon="-119.48134477">
      </trkpt>
      <trkpt lat="50.6826645" lon="-119.48164014">
      </trkpt>
      <trkpt lat="50.68264437" lon="-119.4821621">
      </trkpt>
      <trkpt lat="50.6826504" lon="-119.48230343">
      </trkpt>
      <trkpt lat="50.68263902" lon="-119.48241714">
      </trkpt>
      <trkpt lat="50.68260885" lon="-119.48255662">
      </trkpt>
      <trkpt lat="50.6825799" lon="-119.48266919">
      </trkpt>
      <trkpt lat="50.68255842" lon="-119.48282162">
      </trkpt>
      <trkpt lat="50.68253799" lon="-119.4829348">
      </trkpt>
      <trkpt lat="50.68249031" lon="-119.48304483">
      </trkpt>
      <trkpt lat="50.68241437" lon="-119.48324074">
      </trkpt>
      <trkpt lat="50.68238532" lon="-119.48335162">
      </trkpt>
      <trkpt lat="50.6823441" lon="-119.48359054">
      </trkpt>
      <trkpt lat="50.68232206" lon="-119.4837732">
      </trkpt>
      <trkpt lat="50.6823001" lon="-119.48395599">
      </trkpt>
      <trkpt lat="50.68229649" lon="-119.48412531">
      </trkpt>
      <trkpt lat="50.68230134" lon="-119.48432368">
      </trkpt>
      <trkpt lat="50.68229749" lon="-119.4845091">
      </trkpt>
      <trkpt lat="50.68230385" lon="-119.48463615">
      </trkpt>
      <trkpt lat="50.68230953" lon="-119.48479174">
      </trkpt>
      <trkpt lat="50.68231438" lon="-119.48499011">
      </trkpt>
      <trkpt lat="50.68231204" lon="-119.48510421">
      </trkpt>
      <trkpt lat="50.6823096" lon="-119.48521662">
      </trkpt>
      <trkpt lat="50.68231605" lon="-119.48534536">
      </trkpt>
      <trkpt lat="50.68229507" lon="-119.48546928">
      </trkpt>
      <trkpt lat="50.68224666" lon="-119.48562393">
      </trkpt>
      <trkpt lat="50.68221796" lon="-119.48572224">
      </trkpt>
      <trkpt lat="50.68218754" lon="-119.48587597">
      </trkpt>
      <trkpt lat="50.682167" lon="-119.48598746">
      </trkpt>
      <trkpt lat="50.68212719" lon="-119.48615493">
      </trkpt>
      <trkpt lat="50.68206899" lon="-119.48636431">
      </trkpt>
      <trkpt lat="50.68200082" lon="-119.48661596">
      </trkpt>
      <trkpt lat="50.68196243" lon="-119.48671213">
      </trkpt>
      <trkpt lat="50.68192452" lon="-119.48682429">
      </trkpt>
      <trkpt lat="50.68188624" lon="-119.48692229">
      </trkpt>
      <trkpt lat="50.68183943" lon="-119.48701797">
      </trkpt>
      <trkpt lat="50.68179291" lon="-119.48707094">
      </trkpt>
      <trkpt lat="50.68174714" lon="-119.48712737">
      </trkpt>
      <trkpt lat="50.68170063" lon="-119.48718035">
      </trkpt>
      <trkpt lat="50.68165465" lon="-119.48723325">
      </trkpt>
      <trkpt lat="50.68159044" lon="-119.48730131">
      </trkpt>
      <trkpt lat="50.68153498" lon="-119.48735559">
      </trkpt>
      <trkpt lat="50.68144317" lon="-119.48743464">
      </trkpt>
      <trkpt lat="50.68136028" lon="-119.4875303">
      </trkpt>
      <trkpt lat="50.68130594" lon="-119.48755598">
      </trkpt>
      <trkpt lat="50.6812423" lon="-119.48759538">
      </trkpt>
      <trkpt lat="50.68114248" lon="-119.48763307">
      </trkpt>
      <trkpt lat="50.68090791" lon="-119.48766178">
      </trkpt>
      <trkpt lat="50.68079904" lon="-119.48769894">
      </trkpt>
      <trkpt lat="50.68073566" lon="-119.48772422">
      </trkpt>
      <trkpt lat="50.6806367" lon="-119.48774743">
      </trkpt>
      <trkpt lat="50.68052798" lon="-119.48776864">
      </trkpt>
      <trkpt lat="50.68044708" lon="-119.48776434">
      </trkpt>
      <trkpt lat="50.6803301" lon="-119.48776002">
      </trkpt>
      <trkpt lat="50.68027659" lon="-119.48774121">
      </trkpt>
      <trkpt lat="50.68020601" lon="-119.48768208">
      </trkpt>
      <trkpt lat="50.68007263" lon="-119.48761801">
      </trkpt>
      <trkpt lat="50.67999266" lon="-119.48757092">
      </trkpt>
      <trkpt lat="50.67992106" lon="-119.48755289">
      </trkpt>
      <trkpt lat="50.67984051" lon="-119.48753446">
      </trkpt>
      <trkpt lat="50.67974151" lon="-119.48752923">
      </trkpt>
      <trkpt lat="50.67962418" lon="-119.48753748">
      </trkpt>
      <trkpt lat="50.67953341" lon="-119.48757556">
      </trkpt>
      <trkpt lat="50.67946977" lon="-119.48761496">
      </trkpt>
      <trkpt lat="50.67939616" lon="-119.48769676">
      </trkpt>
      <trkpt lat="50.67931097" lon="-119.48788873">
      </trkpt>
      <trkpt lat="50.67928148" lon="-119.48800137">
      </trkpt>
      <trkpt lat="50.67925913" lon="-119.48822685">
      </trkpt>
      <trkpt lat="50.67919819" lon="-119.48853431">
      </trkpt>
      <trkpt lat="50.67920245" lon="-119.48876119">
      </trkpt>
      <trkpt lat="50.67920948" lon="-119.48886141">
      </trkpt>
      <trkpt lat="50.67921457" lon="-119.48904551">
      </trkpt>
      <trkpt lat="50.6792605" lon="-119.48941563">
      </trkpt>
      <trkpt lat="50.67928519" lon="-119.48952935">
      </trkpt>
      <trkpt lat="50.67929136" lon="-119.48964405">
      </trkpt>
      <trkpt lat="50.67931327" lon="-119.48988429">
      </trkpt>
      <trkpt lat="50.67932936" lon="-119.48998504">
      </trkpt>
      <trkpt lat="50.67935142" lon="-119.49019867">
      </trkpt>
      <trkpt lat="50.67934966" lon="-119.49028424">
      </trkpt>
      <trkpt lat="50.67934721" lon="-119.49039663">
      </trkpt>
      <trkpt lat="50.67931884" lon="-119.49048067">
      </trkpt>
      <trkpt lat="50.67927115" lon="-119.49059069">
      </trkpt>
      <trkpt lat="50.6792061" lon="-119.49070152">
      </trkpt>
      <trkpt lat="50.67916829" lon="-119.49076915">
      </trkpt>
      <trkpt lat="50.67907746" lon="-119.49083567">
      </trkpt>
      <trkpt lat="50.67901285" lon="-119.49088772">
      </trkpt>
      <trkpt lat="50.67891239" lon="-119.49098237">
      </trkpt>
      <trkpt lat="50.67882103" lon="-119.49104897">
      </trkpt>
      <trkpt lat="50.67876571" lon="-119.49108715">
      </trkpt>
      <trkpt lat="50.67863811" lon="-119.49118034">
      </trkpt>
      <trkpt lat="50.67844589" lon="-119.49132558">
      </trkpt>
      <trkpt lat="50.67835486" lon="-119.49137791">
      </trkpt>
      <trkpt lat="50.67829031" lon="-119.49146023">
      </trkpt>
      <trkpt lat="50.67823444" lon="-119.49155537">
      </trkpt>
      <trkpt lat="50.6782051" lon="-119.49165205">
      </trkpt>
      <trkpt lat="50.67813901" lon="-119.49180384">
      </trkpt>
      <trkpt lat="50.67810977" lon="-119.49190235">
      </trkpt>
      <trkpt lat="50.67807116" lon="-119.49204119">
      </trkpt>
      <trkpt lat="50.67805097" lon="-119.4921401">
      </trkpt>
      <trkpt lat="50.67802054" lon="-119.49229381">
      </trkpt>
      <trkpt lat="50.67801658" lon="-119.49247752">
      </trkpt>
      <trkpt lat="50.67800376" lon="-119.49266237">
      </trkpt>
      <trkpt lat="50.67799108" lon="-119.49283128">
      </trkpt>
      <trkpt lat="50.67795992" lon="-119.49304197">
      </trkpt>
      <trkpt lat="50.67794641" lon="-119.49325365">
      </trkpt>
      <trkpt lat="50.67794058" lon="-119.49352109">
      </trkpt>
      <trkpt lat="50.67793755" lon="-119.49366201">
      </trkpt>
      <trkpt lat="50.6779171" lon="-119.49377517">
      </trkpt>
      <trkpt lat="50.67786882" lon="-119.49391371">
      </trkpt>
      <trkpt lat="50.67780317" lon="-119.49405291">
      </trkpt>
      <trkpt lat="50.67776537" lon="-119.49412068">
      </trkpt>
      <trkpt lat="50.67770961" lon="-119.49421764">
      </trkpt>
      <trkpt lat="50.6776534" lon="-119.49432704">
      </trkpt>
      <trkpt lat="50.67757954" lon="-119.49442308">
      </trkpt>
      <trkpt lat="50.67748715" lon="-119.49453077">
      </trkpt>
      <trkpt lat="50.67740449" lon="-119.49461201">
      </trkpt>
      <trkpt lat="50.67734955" lon="-119.4946645">
      </trkpt>
      <trkpt lat="50.67726694" lon="-119.4947173">
      </trkpt>
      <trkpt lat="50.67718517" lon="-119.49478434">
      </trkpt>
      <trkpt lat="50.6771122" lon="-119.49480916">
      </trkpt>
      <trkpt lat="50.67699496" lon="-119.49482974">
      </trkpt>
      <trkpt lat="50.67691322" lon="-119.4948682">
      </trkpt>
      <trkpt lat="50.67678591" lon="-119.49491868">
      </trkpt>
      <trkpt lat="50.67663139" lon="-119.49499444">
      </trkpt>
      <trkpt lat="50.67648569" lon="-119.49508669">
      </trkpt>
      <trkpt lat="50.67641208" lon="-119.49516847">
      </trkpt>
      <trkpt lat="50.67635681" lon="-119.49523522">
      </trkpt>
      <trkpt lat="50.67629913" lon="-119.49538748">
      </trkpt>
      <trkpt lat="50.67627864" lon="-119.49552908">
      </trkpt>
      <trkpt lat="50.67625691" lon="-119.49569758">
      </trkpt>
      <trkpt lat="50.67619815" lon="-119.49590687">
      </trkpt>
      <trkpt lat="50.67615075" lon="-119.49603105">
      </trkpt>
      <trkpt lat="50.67610434" lon="-119.49608585">
      </trkpt>
      <trkpt lat="50.67604002" lon="-119.49615376">
      </trkpt>
      <trkpt lat="50.67595852" lon="-119.49617626">
      </trkpt>
      <trkpt lat="50.67582329" lon="-119.49619774">
      </trkpt>
      <trkpt lat="50.67572346" lon="-119.49623527">
      </trkpt>
      <trkpt lat="50.67566042" lon="-119.49624628">
      </trkpt>
      <trkpt lat="50.67554303" lon="-119.4962828">
      </trkpt>
      <trkpt lat="50.67542491" lon="-119.49631772">
      </trkpt>
      <trkpt lat="50.67535257" lon="-119.49634244">
      </trkpt>
      <trkpt lat="50.67524394" lon="-119.49636533">
      </trkpt>
      <trkpt lat="50.67518031" lon="-119.49640485">
      </trkpt>
      <trkpt lat="50.67507921" lon="-119.49649943">
      </trkpt>
      <trkpt lat="50.67495902" lon="-119.4966609">
      </trkpt>
      <trkpt lat="50.67490297" lon="-119.49674368">
      </trkpt>
      <trkpt lat="50.6748297" lon="-119.49681119">
      </trkpt>
      <trkpt lat="50.67476597" lon="-119.49685058">
      </trkpt>
      <trkpt lat="50.67469421" lon="-119.49684678">
      </trkpt>
      <trkpt lat="50.67459537" lon="-119.49682559">
      </trkpt>
      <trkpt lat="50.67447901" lon="-119.49682116">
      </trkpt>
      <trkpt lat="50.67439871" lon="-119.49678846">
      </trkpt>
      <trkpt lat="50.674309" lon="-119.49676765">
      </trkpt>
      <trkpt lat="50.67422855" lon="-119.49675089">
      </trkpt>
      <trkpt lat="50.67413919" lon="-119.49671766">
      </trkpt>
      <trkpt lat="50.67406735" lon="-119.49671388">
      </trkpt>
      <trkpt lat="50.67398576" lon="-119.49673639">
      </trkpt>
      <trkpt lat="50.67387688" lon="-119.49677352">
      </trkpt>
      <trkpt lat="50.67375833" lon="-119.49686722">
      </trkpt>
      <trkpt lat="50.6736759" lon="-119.4969325">
      </trkpt>
      <trkpt lat="50.67357548" lon="-119.49699854">
      </trkpt>
      <trkpt lat="50.67352055" lon="-119.49705272">
      </trkpt>
      <trkpt lat="50.67344787" lon="-119.49709171">
      </trkpt>
      <trkpt lat="50.6733929" lon="-119.49711575">
      </trkpt>
      <trkpt lat="50.67329272" lon="-119.49716754">
      </trkpt>
      <trkpt lat="50.6731931" lon="-119.4972194">
      </trkpt>
      <trkpt lat="50.67309184" lon="-119.49732821">
      </trkpt>
      <trkpt lat="50.67303681" lon="-119.4973807">
      </trkpt>
      <trkpt lat="50.67298076" lon="-119.49746347">
      </trkpt>
      <trkpt lat="50.67294323" lon="-119.49754526">
      </trkpt>
      <trkpt lat="50.67289588" lon="-119.49764099">
      </trkpt>
      <trkpt lat="50.67285787" lon="-119.49775313">
      </trkpt>
      <trkpt lat="50.67281991" lon="-119.49783684">
      </trkpt>
      <trkpt lat="50.6727369" lon="-119.49793063">
      </trkpt>
      <trkpt lat="50.67264544" lon="-119.49799722">
      </trkpt>
      <trkpt lat="50.67258229" lon="-119.49800639">
      </trkpt>
      <trkpt lat="50.67243776" lon="-119.49804158">
      </trkpt>
      <trkpt lat="50.67232019" lon="-119.49806576">
      </trkpt>
      <trkpt lat="50.67221175" lon="-119.49810111">
      </trkpt>
      <trkpt lat="50.67211133" lon="-119.49816715">
      </trkpt>
      <trkpt lat="50.67199178" lon="-119.49827336">
      </trkpt>
      <trkpt lat="50.67193636" lon="-119.49835604">
      </trkpt>
      <trkpt lat="50.67190701" lon="-119.4984527">
      </trkpt>
      <trkpt lat="50.67180324" lon="-119.49870233">
      </trkpt>
      <trkpt lat="50.67175378" lon="-119.49889788">
      </trkpt>
      <trkpt lat="50.67171513" lon="-119.4990084">
      </trkpt>
      <trkpt lat="50.67168455" lon="-119.49919054">
      </trkpt>
      <trkpt lat="50.67164506" lon="-119.4993437">
      </trkpt>
      <trkpt lat="50.6716068" lon="-119.49947009">
      </trkpt>
      <trkpt lat="50.67155006" lon="-119.49957968">
      </trkpt>
      <trkpt lat="50.67150265" lon="-119.49970555">
      </trkpt>
      <trkpt lat="50.67144566" lon="-119.4998294">
      </trkpt>
      <trkpt lat="50.67141762" lon="-119.49989914">
      </trkpt>
      <trkpt lat="50.67138768" lon="-119.50002432">
      </trkpt>
      <trkpt lat="50.67133968" lon="-119.500177">
      </trkpt>
      <trkpt lat="50.67130138" lon="-119.50027497">
      </trkpt>
      <trkpt lat="50.67125526" lon="-119.50034393">
      </trkpt>
      <trkpt lat="50.67118921" lon="-119.50046724">
      </trkpt>
      <trkpt lat="50.67115086" lon="-119.50059364">
      </trkpt>
      <trkpt lat="50.67111255" lon="-119.50068975">
      </trkpt>
      <trkpt lat="50.67107444" lon="-119.5008002">
      </trkpt>
      <trkpt lat="50.67098941" lon="-119.50099549">
      </trkpt>
      <trkpt lat="50.67093231" lon="-119.5011175">
      </trkpt>
      <trkpt lat="50.67085727" lon="-119.50127055">
      </trkpt>
      <trkpt lat="50.67079142" lon="-119.50140804">
      </trkpt>
      <trkpt lat="50.67072557" lon="-119.50154554">
      </trkpt>
      <trkpt lat="50.67066868" lon="-119.50167107">
      </trkpt>
      <trkpt lat="50.67061257" lon="-119.50178228">
      </trkpt>
      <trkpt lat="50.67054731" lon="-119.50189126">
      </trkpt>
      <trkpt lat="50.67046336" lon="-119.50202782">
      </trkpt>
      <trkpt lat="50.67040706" lon="-119.50212484">
      </trkpt>
      <trkpt lat="50.67035119" lon="-119.50222008">
      </trkpt>
      <trkpt lat="50.67030437" lon="-119.50231743">
      </trkpt>
      <trkpt lat="50.67025726" lon="-119.50239889">
      </trkpt>
      <trkpt lat="50.67019245" lon="-119.50249544">
      </trkpt>
      <trkpt lat="50.67013623" lon="-119.50260481">
      </trkpt>
      <trkpt lat="50.66990607" lon="-119.50286208">
      </trkpt>
      <trkpt lat="50.66985027" lon="-119.50293059">
      </trkpt>
      <trkpt lat="50.66973076" lon="-119.50306521">
      </trkpt>
      <trkpt lat="50.66960285" lon="-119.50314417">
      </trkpt>
      <trkpt lat="50.66948477" lon="-119.5032075">
      </trkpt>
      <trkpt lat="50.66938435" lon="-119.50327366">
      </trkpt>
      <trkpt lat="50.66927444" lon="-119.50335172">
      </trkpt>
      <trkpt lat="50.66913719" lon="-119.50347298">
      </trkpt>
      <trkpt lat="50.66902668" lon="-119.50357956">
      </trkpt>
      <trkpt lat="50.66890801" lon="-119.5036714">
      </trkpt>
      <trkpt lat="50.66877927" lon="-119.50379313">
      </trkpt>
      <trkpt lat="50.66863193" lon="-119.50395494">
      </trkpt>
      <trkpt lat="50.6685496" lon="-119.50402189">
      </trkpt>
      <trkpt lat="50.66841259" lon="-119.50412705">
      </trkpt>
      <trkpt lat="50.66835771" lon="-119.50415278">
      </trkpt>
      <trkpt lat="50.66824996" lon="-119.50416129">
      </trkpt>
      <trkpt lat="50.66815967" lon="-119.50417083">
      </trkpt>
      <trkpt lat="50.66806033" lon="-119.50417813">
      </trkpt>
      <trkpt lat="50.66794304" lon="-119.50421646">
      </trkpt>
      <trkpt lat="50.66777042" lon="-119.50429124">
      </trkpt>
      <trkpt lat="50.66762496" lon="-119.50436919">
      </trkpt>
      <trkpt lat="50.66756939" lon="-119.50442174">
      </trkpt>
      <trkpt lat="50.66744211" lon="-119.50450061">
      </trkpt>
      <trkpt lat="50.66735993" lon="-119.50455161">
      </trkpt>
      <trkpt lat="50.66718604" lon="-119.50468344">
      </trkpt>
      <trkpt lat="50.66700355" lon="-119.50480229">
      </trkpt>
      <trkpt lat="50.66688438" lon="-119.50492433">
      </trkpt>
      <trkpt lat="50.66678327" lon="-119.50501717">
      </trkpt>
      <trkpt lat="50.6666912" lon="-119.50511054">
      </trkpt>
      <trkpt lat="50.66663602" lon="-119.50517896">
      </trkpt>
      <trkpt lat="50.66654327" lon="-119.50530072">
      </trkpt>
      <trkpt lat="50.66640571" lon="-119.50540594">
      </trkpt>
      <trkpt lat="50.66632428" lon="-119.50546039">
      </trkpt>
      <trkpt lat="50.66614929" lon="-119.50564923">
      </trkpt>
      <trkpt lat="50.66604843" lon="-119.50572781">
      </trkpt>
      <trkpt lat="50.66596636" lon="-119.50578065">
      </trkpt>
      <trkpt lat="50.66590271" lon="-119.50582001">
      </trkpt>
      <trkpt lat="50.66581994" lon="-119.50589952">
      </trkpt>
      <trkpt lat="50.66574726" lon="-119.50593849">
      </trkpt>
      <trkpt lat="50.66562888" lon="-119.50598763">
      </trkpt>
      <trkpt lat="50.66550186" lon="-119.50605223">
      </trkpt>
      <trkpt lat="50.66544673" lon="-119.50609221">
      </trkpt>
      <trkpt lat="50.66538264" lon="-119.50614414">
      </trkpt>
      <trkpt lat="50.66530067" lon="-119.50619866">
      </trkpt>
      <trkpt lat="50.66522754" lon="-119.5062502">
      </trkpt>
      <trkpt lat="50.66507396" lon="-119.50628483">
      </trkpt>
      <trkpt lat="50.66495567" lon="-119.50633395">
      </trkpt>
      <trkpt lat="50.66486543" lon="-119.50637191">
      </trkpt>
      <trkpt lat="50.66474672" lon="-119.50643531">
      </trkpt>
      <trkpt lat="50.66463759" lon="-119.50648666">
      </trkpt>
      <trkpt lat="50.66454734" lon="-119.50652461">
      </trkpt>
      <trkpt lat="50.66442002" lon="-119.50657505">
      </trkpt>
      <trkpt lat="50.66434758" lon="-119.50659976">
      </trkpt>
      <trkpt lat="50.66426644" lon="-119.50660982">
      </trkpt>
      <trkpt lat="50.66415781" lon="-119.50663267">
      </trkpt>
      <trkpt lat="50.66408468" lon="-119.50668406">
      </trkpt>
      <trkpt lat="50.66397667" lon="-119.50670682">
      </trkpt>
      <trkpt lat="50.66388614" lon="-119.5067306">
      </trkpt>
      <trkpt lat="50.6638137" lon="-119.50675531">
      </trkpt>
      <trkpt lat="50.6637503" lon="-119.50677871">
      </trkpt>
      <trkpt lat="50.66368663" lon="-119.50678979">
      </trkpt>
      <trkpt lat="50.66363298" lon="-119.50678861">
      </trkpt>
      <trkpt lat="50.66353363" lon="-119.5067959">
      </trkpt>
      <trkpt lat="50.66346178" lon="-119.5067921">
      </trkpt>
      <trkpt lat="50.66331759" lon="-119.506813">
      </trkpt>
      <trkpt lat="50.66325479" lon="-119.50680973">
      </trkpt>
      <trkpt lat="50.6632006" lon="-119.50680863">
      </trkpt>
      <trkpt lat="50.66312866" lon="-119.50680314">
      </trkpt>
      <trkpt lat="50.66298505" lon="-119.50679553">
      </trkpt>
      <trkpt lat="50.66285946" lon="-119.50678886">
      </trkpt>
      <trkpt lat="50.66265276" lon="-119.50676366">
      </trkpt>
      <trkpt lat="50.66247325" lon="-119.50676836">
      </trkpt>
      <trkpt lat="50.66239236" lon="-119.50676416">
      </trkpt>
      <trkpt lat="50.66225505" lon="-119.50685513">
      </trkpt>
      <trkpt lat="50.66212684" lon="-119.50697675">
      </trkpt>
      <trkpt lat="50.66202666" lon="-119.50702851">
      </trkpt>
      <trkpt lat="50.66192698" lon="-119.50705006">
      </trkpt>
      <trkpt lat="50.66184553" lon="-119.5071028">
      </trkpt>
      <trkpt lat="50.6617369" lon="-119.50712565">
      </trkpt>
      <trkpt lat="50.66166446" lon="-119.50715036">
      </trkpt>
      <trkpt lat="50.66157298" lon="-119.50721506">
      </trkpt>
      <trkpt lat="50.66148126" lon="-119.50729587">
      </trkpt>
      <trkpt lat="50.66141704" lon="-119.50736387">
      </trkpt>
      <trkpt lat="50.66135211" lon="-119.50745856">
      </trkpt>
      <trkpt lat="50.66124982" lon="-119.50761011">
      </trkpt>
      <trkpt lat="50.66116596" lon="-119.50774662">
      </trkpt>
      <trkpt lat="50.66112848" lon="-119.50780009">
      </trkpt>
      <trkpt lat="50.66106416" lon="-119.50786796">
      </trkpt>
      <trkpt lat="50.66100027" lon="-119.50792171">
      </trkpt>
      <trkpt lat="50.66086331" lon="-119.50800011">
      </trkpt>
      <trkpt lat="50.66074548" lon="-119.50804916">
      </trkpt>
      <trkpt lat="50.6606454" lon="-119.50810104">
      </trkpt>
      <trkpt lat="50.66054522" lon="-119.50815279">
      </trkpt>
      <trkpt lat="50.66043618" lon="-119.50821663">
      </trkpt>
      <trkpt lat="50.66033575" lon="-119.50828263">
      </trkpt>
      <trkpt lat="50.66028072" lon="-119.50833508">
      </trkpt>
      <trkpt lat="50.66020803" lon="-119.50837404">
      </trkpt>
      <trkpt lat="50.66014376" lon="-119.50841348">
      </trkpt>
      <trkpt lat="50.66005292" lon="-119.50847994">
      </trkpt>
      <trkpt lat="50.65996145" lon="-119.50854478">
      </trkpt>
      <trkpt lat="50.65994162" lon="-119.50856036">
      </trkpt>
      <trkpt lat="50.65984233" lon="-119.50863836">
      </trkpt>
      <trkpt lat="50.6597327" lon="-119.5087307">
      </trkpt>
      <trkpt lat="50.6596316" lon="-119.50882522">
      </trkpt>
      <trkpt lat="50.65952177" lon="-119.50890338">
      </trkpt>
      <trkpt lat="50.65943031" lon="-119.50896993">
      </trkpt>
      <trkpt lat="50.65933823" lon="-119.50906314">
      </trkpt>
      <trkpt lat="50.65925487" lon="-119.50917115">
      </trkpt>
      <trkpt lat="50.65914593" lon="-119.50923667">
      </trkpt>
      <trkpt lat="50.6590908" lon="-119.50927663">
      </trkpt>
      <trkpt lat="50.65899968" lon="-119.50932892">
      </trkpt>
      <trkpt lat="50.6588361" lon="-119.5094042">
      </trkpt>
      <trkpt lat="50.65877211" lon="-119.50945781">
      </trkpt>
      <trkpt lat="50.65868968" lon="-119.50952304">
      </trkpt>
      <trkpt lat="50.65856335" lon="-119.50956096">
      </trkpt>
      <trkpt lat="50.65846376" lon="-119.50958419">
      </trkpt>
      <trkpt lat="50.65838158" lon="-119.50963518">
      </trkpt>
      <trkpt lat="50.65831819" lon="-119.50966042">
      </trkpt>
      <trkpt lat="50.65826383" lon="-119.50968421">
      </trkpt>
      <trkpt lat="50.65820872" lon="-119.50972602">
      </trkpt>
      <trkpt lat="50.65814473" lon="-119.50977963">
      </trkpt>
      <trkpt lat="50.65803516" lon="-119.50984353">
      </trkpt>
      <trkpt lat="50.65796247" lon="-119.50988248">
      </trkpt>
      <trkpt lat="50.65787158" lon="-119.50991867">
      </trkpt>
      <trkpt lat="50.6577355" lon="-119.50998286">
      </trkpt>
      <trkpt lat="50.65766272" lon="-119.51002183">
      </trkpt>
      <trkpt lat="50.65758992" lon="-119.51005895">
      </trkpt>
      <trkpt lat="50.6574807" lon="-119.51011029">
      </trkpt>
      <trkpt lat="50.65740742" lon="-119.51017775">
      </trkpt>
      <trkpt lat="50.65733414" lon="-119.51024521">
      </trkpt>
      <trkpt lat="50.6572698" lon="-119.51031138">
      </trkpt>
      <trkpt lat="50.65717774" lon="-119.51040642">
      </trkpt>
      <trkpt lat="50.65703167" lon="-119.51051114">
      </trkpt>
      <trkpt lat="50.65693995" lon="-119.51059193">
      </trkpt>
      <trkpt lat="50.65680362" lon="-119.51067022">
      </trkpt>
      <trkpt lat="50.65673015" lon="-119.510736">
      </trkpt>
      <trkpt lat="50.65661972" lon="-119.51084252">
      </trkpt>
      <trkpt lat="50.65650086" lon="-119.51092198">
      </trkpt>
      <trkpt lat="50.65643722" lon="-119.51096132">
      </trkpt>
      <trkpt lat="50.65636409" lon="-119.51101284">
      </trkpt>
      <trkpt lat="50.65630069" lon="-119.51103794">
      </trkpt>
      <trkpt lat="50.65624556" lon="-119.51107789">
      </trkpt>
      <trkpt lat="50.65612817" lon="-119.5111145">
      </trkpt>
      <trkpt lat="50.65604624" lon="-119.51115124">
      </trkpt>
      <trkpt lat="50.65594615" lon="-119.51120296">
      </trkpt>
      <trkpt lat="50.65587337" lon="-119.51124192">
      </trkpt>
      <trkpt lat="50.65575562" lon="-119.51129095">
      </trkpt>
      <trkpt lat="50.65569051" lon="-119.51137328">
      </trkpt>
      <trkpt lat="50.65561653" lon="-119.51146741">
      </trkpt>
      <trkpt lat="50.65549762" lon="-119.51157529">
      </trkpt>
      <trkpt lat="50.65543363" lon="-119.5116289">
      </trkpt>
      <trkpt lat="50.6553239" lon="-119.51170873">
      </trkpt>
      <trkpt lat="50.65526946" lon="-119.51173267">
      </trkpt>
      <trkpt lat="50.65518619" lon="-119.51184236">
      </trkpt>
      <trkpt lat="50.65512944" lon="-119.5119519">
      </trkpt>
      <trkpt lat="50.65508295" lon="-119.51203494">
      </trkpt>
      <trkpt lat="50.65508953" lon="-119.51214767">
      </trkpt>
    </trkseg>
    <trkseg>
      <trkpt lat="50.62246909" lon="-119.47501743">
      </trkpt>
      <trkpt lat="50.62227489" lon="-119.47526225">
      </trkpt>
      <trkpt lat="50.62222858" lon="-119.47532934">
      </trkpt>
      <trkpt lat="50.62207126" lon="-119.47554934">
      </trkpt>
      <trkpt lat="50.62200636" lon="-119.47564399">
      </trkpt>
      <trkpt lat="50.62186664" lon="-119.47584892">
      </trkpt>
      <trkpt lat="50.62181079" lon="-119.47594396">
      </trkpt>
      <trkpt lat="50.62162582" lon="-119.47602534">
      </trkpt>
      <trkpt lat="50.62155393" lon="-119.47605628">
      </trkpt>
      <trkpt lat="50.62142654" lon="-119.47610212">
      </trkpt>
      <trkpt lat="50.62124953" lon="-119.47611266">
      </trkpt>
      <trkpt lat="50.6211159" lon="-119.47606465">
      </trkpt>
      <trkpt lat="50.62104438" lon="-119.47604665">
      </trkpt>
      <trkpt lat="50.62096353" lon="-119.47601396">
      </trkpt>
      <trkpt lat="50.62090156" lon="-119.47596802">
      </trkpt>
      <trkpt lat="50.62081345" lon="-119.47587789">
      </trkpt>
      <trkpt lat="50.62072738" lon="-119.47571815">
      </trkpt>
      <trkpt lat="50.62063044" lon="-119.47546715">
      </trkpt>
      <trkpt lat="50.62049045" lon="-119.47500294">
      </trkpt>
      <trkpt lat="50.62038577" lon="-119.47486612">
      </trkpt>
      <trkpt lat="50.6203251" lon="-119.47473479">
      </trkpt>
      <trkpt lat="50.6202551" lon="-119.47464728">
      </trkpt>
      <trkpt lat="50.62019346" lon="-119.47458709">
      </trkpt>
      <trkpt lat="50.62005252" lon="-119.4744531">
      </trkpt>
      <trkpt lat="50.61994598" lon="-119.4743763">
      </trkpt>
      <trkpt lat="50.61977834" lon="-119.47423924">
      </trkpt>
      <trkpt lat="50.61959075" lon="-119.47417423">
      </trkpt>
      <trkpt lat="50.61941235" lon="-119.47409369">
      </trkpt>
      <trkpt lat="50.61925157" lon="-119.47404424">
      </trkpt>
      <trkpt lat="50.61910936" lon="-119.47396553">
      </trkpt>
      <trkpt lat="50.61897267" lon="-119.47389289">
      </trkpt>
      <trkpt lat="50.61860137" lon="-119.47355107">
      </trkpt>
      <trkpt lat="50.61840589" lon="-119.4732213">
      </trkpt>
      <trkpt lat="50.61831598" lon="-119.47312169">
      </trkpt>
      <trkpt lat="50.61824434" lon="-119.47300928">
      </trkpt>
      <trkpt lat="50.61806817" lon="-119.47274145">
      </trkpt>
      <trkpt lat="50.61794167" lon="-119.47250733">
      </trkpt>
      <trkpt lat="50.6177975" lon="-119.47221291">
      </trkpt>
      <trkpt lat="50.61765223" lon="-119.47193524">
      </trkpt>
      <trkpt lat="50.61753043" lon="-119.47170727">
      </trkpt>
      <trkpt lat="50.61747352" lon="-119.47147669">
      </trkpt>
      <trkpt lat="50.61741669" lon="-119.47132117">
      </trkpt>
      <trkpt lat="50.61738677" lon="-119.47123073">
      </trkpt>
      <trkpt lat="50.61737216" lon="-119.47105891">
      </trkpt>
      <trkpt lat="50.61733423" lon="-119.47095098">
      </trkpt>
      <trkpt lat="50.61729539" lon="-119.4708065">
      </trkpt>
      <trkpt lat="50.61727382" lon="-119.47060294">
      </trkpt>
      <trkpt lat="50.61719793" lon="-119.4703584">
      </trkpt>
      <trkpt lat="50.61713811" lon="-119.47021261">
      </trkpt>
      <trkpt lat="50.6170955" lon="-119.47011232">
      </trkpt>
      <trkpt lat="50.61703546" lon="-119.46998262">
      </trkpt>
      <trkpt lat="50.61692186" lon="-119.46980576">
      </trkpt>
      <trkpt lat="50.61684289" lon="-119.46971786">
      </trkpt>
      <trkpt lat="50.61677279" lon="-119.46962868">
      </trkpt>
      <trkpt lat="50.61665076" lon="-119.4694529">
      </trkpt>
      <trkpt lat="50.61643308" lon="-119.46911542">
      </trkpt>
      <trkpt lat="50.61627589" lon="-119.46889692">
      </trkpt>
      <trkpt lat="50.61613683" lon="-119.46866158">
      </trkpt>
      <trkpt lat="50.61601471" lon="-119.46847348">
      </trkpt>
      <trkpt lat="50.61591858" lon="-119.46835443">
      </trkpt>
      <trkpt lat="50.61584856" lon="-119.46826524">
      </trkpt>
      <trkpt lat="50.61569998" lon="-119.46805969">
      </trkpt>
      <trkpt lat="50.61554359" lon="-119.46779664">
      </trkpt>
      <trkpt lat="50.61549197" lon="-119.46766756">
      </trkpt>
      <trkpt lat="50.61544911" lon="-119.46758151">
      </trkpt>
      <trkpt lat="50.61530966" lon="-119.46737634">
      </trkpt>
      <trkpt lat="50.61525798" lon="-119.46727382">
      </trkpt>
      <trkpt lat="50.61517966" lon="-119.46714154">
      </trkpt>
      <trkpt lat="50.6150928" lon="-119.46699616">
      </trkpt>
      <trkpt lat="50.61500586" lon="-119.46685093">
      </trkpt>
      <trkpt lat="50.61496264" lon="-119.46677728">
      </trkpt>
      <trkpt lat="50.61484148" lon="-119.46659317">
      </trkpt>
      <trkpt lat="50.61475552" lon="-119.46637541">
      </trkpt>
      <trkpt lat="50.6146635" lon="-119.46615854">
      </trkpt>
      <trkpt lat="50.61460564" lon="-119.46600385">
      </trkpt>
      <trkpt lat="50.61452448" lon="-119.46580815">
      </trkpt>
      <trkpt lat="50.61445751" lon="-119.46556233">
      </trkpt>
      <trkpt lat="50.61443221" lon="-119.46547727">
      </trkpt>
      <trkpt lat="50.61440023" lon="-119.46530629">
      </trkpt>
      <trkpt lat="50.61433979" lon="-119.46516062">
      </trkpt>
      <trkpt lat="50.61424709" lon="-119.46488844">
      </trkpt>
      <trkpt lat="50.61418869" lon="-119.46467332">
      </trkpt>
      <trkpt lat="50.61417322" lon="-119.464639">
      </trkpt>
      <trkpt lat="50.61413682" lon="-119.46455835">
      </trkpt>
      <trkpt lat="50.61403846" lon="-119.46444577">
      </trkpt>
      <trkpt lat="50.61392775" lon="-119.46422203">
      </trkpt>
      <trkpt lat="50.61387069" lon="-119.46396358">
      </trkpt>
      <trkpt lat="50.61381969" lon="-119.46383428">
      </trkpt>
      <trkpt lat="50.61378606" lon="-119.4637043">
      </trkpt>
      <trkpt lat="50.61367642" lon="-119.46337426">
      </trkpt>
      <trkpt lat="50.61364323" lon="-119.46323171">
      </trkpt>
      <trkpt lat="50.61361952" lon="-119.46308793">
      </trkpt>
      <trkpt lat="50.61357959" lon="-119.46283108">
      </trkpt>
      <trkpt lat="50.61353798" lon="-119.46268806">
      </trkpt>
      <trkpt lat="50.61348059" lon="-119.4624319">
      </trkpt>
      <trkpt lat="50.61344754" lon="-119.46227344">
      </trkpt>
      <trkpt lat="50.61339072" lon="-119.4619871">
      </trkpt>
      <trkpt lat="50.61331491" lon="-119.46174443">
      </trkpt>
      <trkpt lat="50.61325533" lon="-119.46158443">
      </trkpt>
      <trkpt lat="50.6132128" lon="-119.46148414">
      </trkpt>
      <trkpt lat="50.61317056" lon="-119.46134122">
      </trkpt>
      <trkpt lat="50.61310367" lon="-119.4610954">
      </trkpt>
      <trkpt lat="50.61306254" lon="-119.46092391">
      </trkpt>
      <trkpt lat="50.61304953" lon="-119.46068444">
      </trkpt>
      <trkpt lat="50.6130349" lon="-119.46051264">
      </trkpt>
      <trkpt lat="50.61299502" lon="-119.46028418">
      </trkpt>
      <trkpt lat="50.61296329" lon="-119.46010068">
      </trkpt>
      <trkpt lat="50.61294751" lon="-119.45998585">
      </trkpt>
      <trkpt lat="50.61291407" lon="-119.45985768">
      </trkpt>
      <trkpt lat="50.61287259" lon="-119.4596986">
      </trkpt>
      <trkpt lat="50.61283034" lon="-119.45955568">
      </trkpt>
      <trkpt lat="50.61278704" lon="-119.4594822">
      </trkpt>
      <trkpt lat="50.61270854" lon="-119.45936402">
      </trkpt>
      <trkpt lat="50.61260407" lon="-119.45918942">
      </trkpt>
      <trkpt lat="50.61243021" lon="-119.45892726">
      </trkpt>
      <trkpt lat="50.61236101" lon="-119.45879707">
      </trkpt>
      <trkpt lat="50.61232689" lon="-119.45869556">
      </trkpt>
      <trkpt lat="50.61227787" lon="-119.45846674">
      </trkpt>
      <trkpt lat="50.61224636" lon="-119.45826716">
      </trkpt>
      <trkpt lat="50.61223184" lon="-119.4580972">
      </trkpt>
      <trkpt lat="50.61222625" lon="-119.45792579">
      </trkpt>
      <trkpt lat="50.61221264" lon="-119.4577131">
      </trkpt>
      <trkpt lat="50.61219841" lon="-119.45755715">
      </trkpt>
      <trkpt lat="50.61217541" lon="-119.45735818">
      </trkpt>
      <trkpt lat="50.61215242" lon="-119.45715921">
      </trkpt>
      <trkpt lat="50.61212058" lon="-119.45697402">
      </trkpt>
      <trkpt lat="50.61206226" lon="-119.45675891">
      </trkpt>
      <trkpt lat="50.61201129" lon="-119.45660122">
      </trkpt>
      <trkpt lat="50.61189306" lon="-119.45624052">
      </trkpt>
      <trkpt lat="50.61183382" lon="-119.45606813">
      </trkpt>
      <trkpt lat="50.61181813" lon="-119.45595499">
      </trkpt>
      <trkpt lat="50.61179427" lon="-119.45582714">
      </trkpt>
      <trkpt lat="50.61171892" lon="-119.45555417">
      </trkpt>
      <trkpt lat="50.61169384" lon="-119.45545319">
      </trkpt>
      <trkpt lat="50.61166969" lon="-119.45531118">
      </trkpt>
      <trkpt lat="50.61164514" lon="-119.45520998">
      </trkpt>
      <trkpt lat="50.61158557" lon="-119.45505185">
      </trkpt>
      <trkpt lat="50.6115424" lon="-119.45494996">
      </trkpt>
      <trkpt lat="50.611423" lon="-119.45464608">
      </trkpt>
      <trkpt lat="50.61138946" lon="-119.45451794">
      </trkpt>
      <trkpt lat="50.61133994" lon="-119.45431745">
      </trkpt>
      <trkpt lat="50.61129847" lon="-119.45416023">
      </trkpt>
      <trkpt lat="50.61127489" lon="-119.45398974">
      </trkpt>
      <trkpt lat="50.61126906" lon="-119.45383271">
      </trkpt>
      <trkpt lat="50.61123914" lon="-119.45356377">
      </trkpt>
      <trkpt lat="50.61118899" lon="-119.45336337">
      </trkpt>
      <trkpt lat="50.61116536" lon="-119.45322129">
      </trkpt>
      <trkpt lat="50.61109731" lon="-119.45303245">
      </trkpt>
      <trkpt lat="50.61105505" lon="-119.45288954">
      </trkpt>
      <trkpt lat="50.61097858" lon="-119.45270193">
      </trkpt>
      <trkpt lat="50.61085077" lon="-119.45234264">
      </trkpt>
      <trkpt lat="50.61079941" lon="-119.45222591">
      </trkpt>
      <trkpt lat="50.61067942" lon="-119.45195052">
      </trkpt>
      <trkpt lat="50.61053544" lon="-119.45164925">
      </trkpt>
      <trkpt lat="50.61041245" lon="-119.45140806">
      </trkpt>
      <trkpt lat="50.61023582" lon="-119.45118085">
      </trkpt>
      <trkpt lat="50.61004461" lon="-119.45090028">
      </trkpt>
      <trkpt lat="50.60995611" lon="-119.45085287">
      </trkpt>
      <trkpt lat="50.60978836" lon="-119.45063767">
      </trkpt>
      <trkpt lat="50.60960106" lon="-119.45040992">
      </trkpt>
      <trkpt lat="50.60949693" lon="-119.45028711">
      </trkpt>
      <trkpt lat="50.60935969" lon="-119.45010059">
      </trkpt>
      <trkpt lat="50.60924612" lon="-119.4499539">
      </trkpt>
      <trkpt lat="50.6090882" lon="-119.44976216">
      </trkpt>
      <trkpt lat="50.60904508" lon="-119.44969037">
      </trkpt>
      <trkpt lat="50.60891282" lon="-119.44956955">
      </trkpt>
      <trkpt lat="50.60873705" lon="-119.44936267">
      </trkpt>
      <trkpt lat="50.60856985" lon="-119.44918478">
      </trkpt>
      <trkpt lat="50.6084101" lon="-119.44907678">
      </trkpt>
      <trkpt lat="50.60823261" lon="-119.44895548">
      </trkpt>
      <trkpt lat="50.60813539" lon="-119.4488933">
      </trkpt>
      <trkpt lat="50.60800462" lon="-119.44870299">
      </trkpt>
      <trkpt lat="50.6078905" lon="-119.44852657">
      </trkpt>
      <trkpt lat="50.60770775" lon="-119.44824945">
      </trkpt>
      <trkpt lat="50.60752901" lon="-119.44795438">
      </trkpt>
      <trkpt lat="50.60735272" lon="-119.44771044">
      </trkpt>
      <trkpt lat="50.60722712" lon="-119.44758681">
      </trkpt>
      <trkpt lat="50.60714838" lon="-119.44748473">
      </trkpt>
      <trkpt lat="50.60698454" lon="-119.44745655">
      </trkpt>
      <trkpt lat="50.60685373" lon="-119.44738396">
      </trkpt>
      <trkpt lat="50.60676446" lon="-119.44735271">
      </trkpt>
      <trkpt lat="50.60659393" lon="-119.44732963">
      </trkpt>
      <trkpt lat="50.60644209" lon="-119.44727912">
      </trkpt>
      <trkpt lat="50.60636176" lon="-119.44724642">
      </trkpt>
      <trkpt lat="50.60629023" lon="-119.44722848">
      </trkpt>
      <trkpt lat="50.60614743" lon="-119.44717835">
      </trkpt>
      <trkpt lat="50.60586309" lon="-119.44702298">
      </trkpt>
      <trkpt lat="50.60572513" lon="-119.44695516">
      </trkpt>
      <trkpt lat="50.60556698" lon="-119.4468631">
      </trkpt>
      <trkpt lat="50.60543016" lon="-119.44677216">
      </trkpt>
      <trkpt lat="50.6053404" lon="-119.4466415">
      </trkpt>
      <trkpt lat="50.60516323" lon="-119.44650583">
      </trkpt>
      <trkpt lat="50.60502215" lon="-119.44637028">
      </trkpt>
      <trkpt lat="50.60489851" lon="-119.44625178">
      </trkpt>
      <trkpt lat="50.60476093" lon="-119.44611697">
      </trkpt>
      <trkpt lat="50.60461485" lon="-119.44595846">
      </trkpt>
      <trkpt lat="50.60442543" lon="-119.44583126">
      </trkpt>
      <trkpt lat="50.60429962" lon="-119.44572412">
      </trkpt>
      <trkpt lat="50.60418412" lon="-119.44563428">
      </trkpt>
      <trkpt lat="50.60394513" lon="-119.4453955">
      </trkpt>
      <trkpt lat="50.60382941" lon="-119.44524696">
      </trkpt>
      <trkpt lat="50.60358169" lon="-119.44515049">
      </trkpt>
      <trkpt lat="50.60342057" lon="-119.44511555">
      </trkpt>
      <trkpt lat="50.60323227" lon="-119.44507733">
      </trkpt>
      <trkpt lat="50.60311561" lon="-119.44506953">
      </trkpt>
      <trkpt lat="50.60303095" lon="-119.44515525">
      </trkpt>
      <trkpt lat="50.60293395" lon="-119.44520053">
      </trkpt>
      <trkpt lat="50.60274282" lon="-119.44525006">
      </trkpt>
      <trkpt lat="50.60251574" lon="-119.44529622">
      </trkpt>
      <trkpt lat="50.60225422" lon="-119.44540831">
      </trkpt>
      <trkpt lat="50.60198321" lon="-119.44544975">
      </trkpt>
      <trkpt lat="50.60188396" lon="-119.44545886">
      </trkpt>
      <trkpt lat="50.60175638" lon="-119.44555202">
      </trkpt>
      <trkpt lat="50.6016827" lon="-119.44563206">
      </trkpt>
      <trkpt lat="50.60154646" lon="-119.44571547">
      </trkpt>
      <trkpt lat="50.60146909" lon="-119.44550882">
      </trkpt>
      <trkpt lat="50.60146231" lon="-119.44542294">
      </trkpt>
      <trkpt lat="50.60146528" lon="-119.44528226">
      </trkpt>
      <trkpt lat="50.60145946" lon="-119.44512696">
      </trkpt>
      <trkpt lat="50.60144456" lon="-119.44496945">
      </trkpt>
      <trkpt lat="50.60144837" lon="-119.4447862">
      </trkpt>
      <trkpt lat="50.60145971" lon="-119.44467269">
      </trkpt>
      <trkpt lat="50.60147149" lon="-119.44454676">
      </trkpt>
      <trkpt lat="50.60148261" lon="-119.44444932">
      </trkpt>
      <trkpt lat="50.60148582" lon="-119.4442927">
      </trkpt>
      <trkpt lat="50.60149053" lon="-119.44406674">
      </trkpt>
      <trkpt lat="50.6014847" lon="-119.44391145">
      </trkpt>
      <trkpt lat="50.60148685" lon="-119.44381347">
      </trkpt>
      <trkpt lat="50.60148882" lon="-119.44371382">
      </trkpt>
      <trkpt lat="50.60147346" lon="-119.4435866">
      </trkpt>
      <trkpt lat="50.60142965" lon="-119.44354148">
      </trkpt>
      <trkpt lat="50.601368" lon="-119.44348136">
      </trkpt>
      <trkpt lat="50.60130621" lon="-119.44343716">
      </trkpt>
      <trkpt lat="50.60119025" lon="-119.44337418">
      </trkpt>
      <trkpt lat="50.60105732" lon="-119.4432819">
      </trkpt>
      <trkpt lat="50.60097708" lon="-119.44324919">
      </trkpt>
      <trkpt lat="50.60089642" lon="-119.44323089">
      </trkpt>
      <trkpt lat="50.60069215" lon="-119.44312234">
      </trkpt>
      <trkpt lat="50.60057563" lon="-119.44308784">
      </trkpt>
      <trkpt lat="50.60046926" lon="-119.44302531">
      </trkpt>
      <trkpt lat="50.60032751" lon="-119.44290593">
      </trkpt>
      <trkpt lat="50.60014139" lon="-119.44278224">
      </trkpt>
      <trkpt lat="50.60000017" lon="-119.44266278">
      </trkpt>
      <trkpt lat="50.59999169" lon="-119.44263378">
      </trkpt>
      <trkpt lat="50.59992214" lon="-119.4425162">
      </trkpt>
      <trkpt lat="50.59986231" lon="-119.44237235">
      </trkpt>
      <trkpt lat="50.59974942" lon="-119.44216883">
      </trkpt>
      <trkpt lat="50.59970735" lon="-119.44204013">
      </trkpt>
      <trkpt lat="50.59967288" lon="-119.44195291">
      </trkpt>
      <trkpt lat="50.59961156" lon="-119.44187855">
      </trkpt>
      <trkpt lat="50.59947034" lon="-119.44175895">
      </trkpt>
      <trkpt lat="50.5994174" lon="-119.44171346">
      </trkpt>
      <trkpt lat="50.59929215" lon="-119.44166434">
      </trkpt>
      <trkpt lat="50.59922968" lon="-119.44164693">
      </trkpt>
      <trkpt lat="50.59911426" lon="-119.44158389">
      </trkpt>
      <trkpt lat="50.59898845" lon="-119.44156324">
      </trkpt>
      <trkpt lat="50.59886317" lon="-119.44154252">
      </trkpt>
      <trkpt lat="50.59879175" lon="-119.44152642">
      </trkpt>
      <trkpt lat="50.59869365" lon="-119.44147859">
      </trkpt>
      <trkpt lat="50.59855027" lon="-119.44145696">
      </trkpt>
      <trkpt lat="50.59846962" lon="-119.44143866">
      </trkpt>
      <trkpt lat="50.59831719" lon="-119.44141651">
      </trkpt>
      <trkpt lat="50.59821852" lon="-119.44139729">
      </trkpt>
      <trkpt lat="50.59812914" lon="-119.44136423">
      </trkpt>
      <trkpt lat="50.59801291" lon="-119.44134389">
      </trkpt>
      <trkpt lat="50.59795077" lon="-119.44131224">
      </trkpt>
      <trkpt lat="50.59787101" lon="-119.44125108">
      </trkpt>
      <trkpt lat="50.59780848" lon="-119.44120529">
      </trkpt>
      <trkpt lat="50.59760388" lon="-119.441111">
      </trkpt>
      <trkpt lat="50.59751426" lon="-119.44109216">
      </trkpt>
      <trkpt lat="50.5973977" lon="-119.44108607">
      </trkpt>
      <trkpt lat="50.59723497" lon="-119.44111879">
      </trkpt>
      <trkpt lat="50.5971623" lon="-119.4411578">
      </trkpt>
      <trkpt lat="50.59706248" lon="-119.44119539">
      </trkpt>
      <trkpt lat="50.59696966" lon="-119.44133315">
      </trkpt>
      <trkpt lat="50.59689723" lon="-119.44135793">
      </trkpt>
      <trkpt lat="50.59677012" lon="-119.44142094">
      </trkpt>
      <trkpt lat="50.59670563" lon="-119.44147465">
      </trkpt>
      <trkpt lat="50.59663262" lon="-119.4415262">
      </trkpt>
      <trkpt lat="50.59657828" lon="-119.44155188">
      </trkpt>
      <trkpt lat="50.59651466" lon="-119.44159127">
      </trkpt>
      <trkpt lat="50.59639551" lon="-119.44168505">
      </trkpt>
      <trkpt lat="50.59625968" lon="-119.44173329">
      </trkpt>
      <trkpt lat="50.59616823" lon="-119.44179803">
      </trkpt>
      <trkpt lat="50.59604951" lon="-119.44187925">
      </trkpt>
      <trkpt lat="50.59588708" lon="-119.44192613">
      </trkpt>
      <trkpt lat="50.5956964" lon="-119.44200183">
      </trkpt>
      <trkpt lat="50.595541" lon="-119.44212034">
      </trkpt>
      <trkpt lat="50.59546833" lon="-119.44215935">
      </trkpt>
      <trkpt lat="50.59535055" lon="-119.44218011">
      </trkpt>
      <trkpt lat="50.59513417" lon="-119.44221173">
      </trkpt>
      <trkpt lat="50.59507145" lon="-119.44220855">
      </trkpt>
      <trkpt lat="50.59493679" lon="-119.44220155">
      </trkpt>
      <trkpt lat="50.59482874" lon="-119.44219605">
      </trkpt>
      <trkpt lat="50.59475721" lon="-119.44217812">
      </trkpt>
      <trkpt lat="50.59470383" lon="-119.4421327">
      </trkpt>
      <trkpt lat="50.59462504" lon="-119.44205905">
      </trkpt>
      <trkpt lat="50.59457157" lon="-119.44201364">
      </trkpt>
      <trkpt lat="50.59450934" lon="-119.441982">
      </trkpt>
      <trkpt lat="50.59443757" lon="-119.4419783">
      </trkpt>
      <trkpt lat="50.59430233" lon="-119.44199977">
      </trkpt>
      <trkpt lat="50.59433623" lon="-119.44167548">
      </trkpt>
      <trkpt lat="50.59434117" lon="-119.44143532">
      </trkpt>
      <trkpt lat="50.59439987" lon="-119.44119781">
      </trkpt>
      <trkpt lat="50.59445842" lon="-119.44097636">
      </trkpt>
      <trkpt lat="50.59448797" lon="-119.44086559">
      </trkpt>
      <trkpt lat="50.59461852" lon="-119.44063191">
      </trkpt>
      <trkpt lat="50.59470139" lon="-119.44053635">
      </trkpt>
      <trkpt lat="50.59477587" lon="-119.44041191">
      </trkpt>
      <trkpt lat="50.59488839" lon="-119.44020741">
      </trkpt>
      <trkpt lat="50.59496106" lon="-119.4401684">
      </trkpt>
      <trkpt lat="50.59505158" lon="-119.44014452">
      </trkpt>
      <trkpt lat="50.59511531" lon="-119.44010682">
      </trkpt>
      <trkpt lat="50.59516217" lon="-119.4400219">
      </trkpt>
      <trkpt lat="50.5952464" lon="-119.43987305">
      </trkpt>
      <trkpt lat="50.59529397" lon="-119.43973297">
      </trkpt>
      <trkpt lat="50.59532614" lon="-119.43949408">
      </trkpt>
      <trkpt lat="50.59534689" lon="-119.4393687">
      </trkpt>
      <trkpt lat="50.59536795" lon="-119.43922894">
      </trkpt>
      <trkpt lat="50.59548098" lon="-119.43896588">
      </trkpt>
      <trkpt lat="50.59552071" lon="-119.43879855">
      </trkpt>
      <trkpt lat="50.59556863" lon="-119.43864606">
      </trkpt>
      <trkpt lat="50.59563485" lon="-119.43850693">
      </trkpt>
      <trkpt lat="50.59568114" lon="-119.43843984">
      </trkpt>
      <trkpt lat="50.5957371" lon="-119.43832876">
      </trkpt>
      <trkpt lat="50.59583883" lon="-119.43820743">
      </trkpt>
      <trkpt lat="50.5959477" lon="-119.43817022">
      </trkpt>
      <trkpt lat="50.59602941" lon="-119.43813159">
      </trkpt>
      <trkpt lat="50.59607537" lon="-119.43807874">
      </trkpt>
      <trkpt lat="50.59618538" lon="-119.43798459">
      </trkpt>
      <trkpt lat="50.59634135" lon="-119.43783758">
      </trkpt>
      <trkpt lat="50.59660312" lon="-119.43778156">
      </trkpt>
      <trkpt lat="50.59676507" lon="-119.43777391">
      </trkpt>
      <trkpt lat="50.59687336" lon="-119.43776517">
      </trkpt>
      <trkpt lat="50.59706233" lon="-119.43777657">
      </trkpt>
      <trkpt lat="50.59724137" lon="-119.43780006">
      </trkpt>
      <trkpt lat="50.59736684" lon="-119.43783309">
      </trkpt>
      <trkpt lat="50.59744741" lon="-119.43785154">
      </trkpt>
      <trkpt lat="50.59760028" lon="-119.43786112">
      </trkpt>
      <trkpt lat="50.597816" lon="-119.43785796">
      </trkpt>
      <trkpt lat="50.59791557" lon="-119.43783446">
      </trkpt>
      <trkpt lat="50.59801461" lon="-119.43781117">
      </trkpt>
      <trkpt lat="50.59811352" lon="-119.43781615">
      </trkpt>
      <trkpt lat="50.59824761" lon="-119.43785161">
      </trkpt>
      <trkpt lat="50.59839128" lon="-119.43788738">
      </trkpt>
      <trkpt lat="50.5985428" lon="-119.43795209">
      </trkpt>
      <trkpt lat="50.59873079" lon="-119.43797428">
      </trkpt>
      <trkpt lat="50.59883884" lon="-119.43797976">
      </trkpt>
      <trkpt lat="50.59891965" lon="-119.43798398">
      </trkpt>
      <trkpt lat="50.59905455" lon="-119.4379766">
      </trkpt>
      <trkpt lat="50.59906371" lon="-119.43797881">
      </trkpt>
      <trkpt lat="50.59913086" lon="-119.43797202">
      </trkpt>
      <trkpt lat="50.599205" lon="-119.43784123">
      </trkpt>
      <trkpt lat="50.59933394" lon="-119.43759363">
      </trkpt>
      <trkpt lat="50.59951611" lon="-119.43730392">
      </trkpt>
      <trkpt lat="50.59970826" lon="-119.43699227">
      </trkpt>
      <trkpt lat="50.59993307" lon="-119.43671223">
      </trkpt>
      <trkpt lat="50.60014252" lon="-119.43648373">
      </trkpt>
      <trkpt lat="50.60033216" lon="-119.43629161">
      </trkpt>
      <trkpt lat="50.60057287" lon="-119.43616196">
      </trkpt>
      <trkpt lat="50.60081816" lon="-119.43604001">
      </trkpt>
      <trkpt lat="50.60102845" lon="-119.43599853">
      </trkpt>
      <trkpt lat="50.60113415" lon="-119.43595164">
      </trkpt>
      <trkpt lat="50.60126931" lon="-119.4358614">
      </trkpt>
      <trkpt lat="50.60140081" lon="-119.43571862">
      </trkpt>
      <trkpt lat="50.60153512" lon="-119.43544135">
      </trkpt>
      <trkpt lat="50.601642" lon="-119.43511034">
      </trkpt>
      <trkpt lat="50.60181162" lon="-119.43473767">
      </trkpt>
      <trkpt lat="50.60198677" lon="-119.4343279">
      </trkpt>
      <trkpt lat="50.60210432" lon="-119.43416944">
      </trkpt>
      <trkpt lat="50.60222015" lon="-119.43409315">
      </trkpt>
      <trkpt lat="50.60234026" lon="-119.43403952">
      </trkpt>
      <trkpt lat="50.60256451" lon="-119.4340137">
      </trkpt>
      <trkpt lat="50.60271206" lon="-119.43401384">
      </trkpt>
      <trkpt lat="50.60288797" lon="-119.43402291">
      </trkpt>
      <trkpt lat="50.60304379" lon="-119.43408331">
      </trkpt>
      <trkpt lat="50.60317629" lon="-119.43412006">
      </trkpt>
      <trkpt lat="50.60329515" lon="-119.4341262">
      </trkpt>
      <trkpt lat="50.60344792" lon="-119.43410417">
      </trkpt>
      <trkpt lat="50.60362494" lon="-119.43406096">
      </trkpt>
      <trkpt lat="50.60378261" lon="-119.43403169">
      </trkpt>
      <trkpt lat="50.60394443" lon="-119.43403257">
      </trkpt>
      <trkpt lat="50.60412986" lon="-119.43404214">
      </trkpt>
      <trkpt lat="50.60436711" lon="-119.43407682">
      </trkpt>
      <trkpt lat="50.60451451" lon="-119.43408444">
      </trkpt>
      <trkpt lat="50.604734" lon="-119.43405838">
      </trkpt>
      <trkpt lat="50.60490976" lon="-119.43407493">
      </trkpt>
      <trkpt lat="50.60500438" lon="-119.43410225">
      </trkpt>
      <trkpt lat="50.60510789" lon="-119.43415994">
      </trkpt>
      <trkpt lat="50.60531031" lon="-119.43426762">
      </trkpt>
      <trkpt lat="50.60544265" lon="-119.43431185">
      </trkpt>
      <trkpt lat="50.60563743" lon="-119.43432939">
      </trkpt>
      <trkpt lat="50.60575583" lon="-119.43435794">
      </trkpt>
      <trkpt lat="50.60589247" lon="-119.43442483">
      </trkpt>
      <trkpt lat="50.60607602" lon="-119.43452406">
      </trkpt>
      <trkpt lat="50.60617555" lon="-119.43454416">
      </trkpt>
      <trkpt lat="50.60629028" lon="-119.43452016">
      </trkpt>
      <trkpt lat="50.6063768" lon="-119.43447975">
      </trkpt>
      <trkpt lat="50.60645919" lon="-119.43440921">
      </trkpt>
      <trkpt lat="50.60659942" lon="-119.43430425">
      </trkpt>
      <trkpt lat="50.60671509" lon="-119.43423543">
      </trkpt>
      <trkpt lat="50.60683965" lon="-119.43419699">
      </trkpt>
      <trkpt lat="50.6069688" lon="-119.43416626">
      </trkpt>
      <trkpt lat="50.60713965" lon="-119.43419003">
      </trkpt>
      <trkpt lat="50.60732399" lon="-119.43425191">
      </trkpt>
      <trkpt lat="50.6074893" lon="-119.4343128">
      </trkpt>
      <trkpt lat="50.60766" lon="-119.43434405">
      </trkpt>
      <trkpt lat="50.60779407" lon="-119.4343061">
      </trkpt>
      <trkpt lat="50.60793857" lon="-119.4342238">
      </trkpt>
      <trkpt lat="50.60811083" lon="-119.43418033">
      </trkpt>
      <trkpt lat="50.60829845" lon="-119.4340853">
      </trkpt>
      <trkpt lat="50.60852535" lon="-119.43393246">
      </trkpt>
      <trkpt lat="50.60877127" lon="-119.4337806">
      </trkpt>
      <trkpt lat="50.60893051" lon="-119.43367662">
      </trkpt>
      <trkpt lat="50.6090359" lon="-119.43364467">
      </trkpt>
      <trkpt lat="50.60919427" lon="-119.43380992">
      </trkpt>
      <trkpt lat="50.60932919" lon="-119.43395899">
      </trkpt>
      <trkpt lat="50.60952053" lon="-119.43414091">
      </trkpt>
      <trkpt lat="50.60970362" lon="-119.43426257">
      </trkpt>
      <trkpt lat="50.60989239" lon="-119.43433964">
      </trkpt>
      <trkpt lat="50.61002333" lon="-119.43445111">
      </trkpt>
      <trkpt lat="50.61011499" lon="-119.43462041">
      </trkpt>
      <trkpt lat="50.61021093" lon="-119.43481237">
      </trkpt>
      <trkpt lat="50.61034903" lon="-119.43503643">
      </trkpt>
      <trkpt lat="50.61044481" lon="-119.43523585">
      </trkpt>
      <trkpt lat="50.61058339" lon="-119.4354375">
      </trkpt>
      <trkpt lat="50.61079328" lon="-119.43564283">
      </trkpt>
      <trkpt lat="50.61096007" lon="-119.43586088">
      </trkpt>
      <trkpt lat="50.61107011" lon="-119.43606106">
      </trkpt>
      <trkpt lat="50.61116432" lon="-119.43633521">
      </trkpt>
      <trkpt lat="50.61123665" lon="-119.43651848">
      </trkpt>
      <trkpt lat="50.61129549" lon="-119.43666365">
      </trkpt>
      <trkpt lat="50.61151777" lon="-119.43695939">
      </trkpt>
      <trkpt lat="50.61180566" lon="-119.43730341">
      </trkpt>
      <trkpt lat="50.61212935" lon="-119.4375296">
      </trkpt>
      <trkpt lat="50.61238959" lon="-119.4376029">
      </trkpt>
      <trkpt lat="50.61273605" lon="-119.43765073">
      </trkpt>
      <trkpt lat="50.61298297" lon="-119.43767846">
      </trkpt>
      <trkpt lat="50.61317697" lon="-119.43773338">
      </trkpt>
      <trkpt lat="50.61335117" lon="-119.43782466">
      </trkpt>
      <trkpt lat="50.61359115" lon="-119.43795676">
      </trkpt>
      <trkpt lat="50.61376425" lon="-119.43810038">
      </trkpt>
      <trkpt lat="50.6139453" lon="-119.43831919">
      </trkpt>
      <trkpt lat="50.61423241" lon="-119.43870061">
      </trkpt>
      <trkpt lat="50.61453885" lon="-119.43906805">
      </trkpt>
      <trkpt lat="50.6148919" lon="-119.4394828">
      </trkpt>
      <trkpt lat="50.61506406" lon="-119.43967125">
      </trkpt>
      <trkpt lat="50.61527044" lon="-119.4398166">
      </trkpt>
      <trkpt lat="50.61547348" lon="-119.43989443">
      </trkpt>
      <trkpt lat="50.61559171" lon="-119.43993047">
      </trkpt>
      <trkpt lat="50.61576857" lon="-119.43989475">
      </trkpt>
      <trkpt lat="50.6160318" lon="-119.43982607">
      </trkpt>
      <trkpt lat="50.61620374" lon="-119.43979757">
      </trkpt>
      <trkpt lat="50.6164343" lon="-119.43969729">
      </trkpt>
      <trkpt lat="50.61671686" lon="-119.43961466">
      </trkpt>
      <trkpt lat="50.61698009" lon="-119.43954599">
      </trkpt>
      <trkpt lat="50.61724806" lon="-119.43947757">
      </trkpt>
      <trkpt lat="50.61756818" lon="-119.43941932">
      </trkpt>
      <trkpt lat="50.61781144" lon="-119.43939452">
      </trkpt>
      <trkpt lat="50.61800162" lon="-119.43940436">
      </trkpt>
      <trkpt lat="50.61818105" lon="-119.43947349">
      </trkpt>
      <trkpt lat="50.61834651" lon="-119.43952695">
      </trkpt>
      <trkpt lat="50.61852593" lon="-119.43959608">
      </trkpt>
      <trkpt lat="50.61870629" lon="-119.43962039">
      </trkpt>
      <trkpt lat="50.61889204" lon="-119.43961503">
      </trkpt>
      <trkpt lat="50.61904846" lon="-119.43964557">
      </trkpt>
      <trkpt lat="50.6192653" lon="-119.43974657">
      </trkpt>
      <trkpt lat="50.61941618" lon="-119.43981425">
      </trkpt>
      <trkpt lat="50.61967565" lon="-119.43992493">
      </trkpt>
      <trkpt lat="50.61989739" lon="-119.44001871">
      </trkpt>
      <trkpt lat="50.62016605" lon="-119.44014484">
      </trkpt>
      <trkpt lat="50.62040681" lon="-119.44023961">
      </trkpt>
      <trkpt lat="50.62053915" lon="-119.44028387">
      </trkpt>
      <trkpt lat="50.62061982" lon="-119.44029553">
      </trkpt>
      <trkpt lat="50.62079192" lon="-119.44025955">
      </trkpt>
      <trkpt lat="50.6209691" lon="-119.44020887">
      </trkpt>
      <trkpt lat="50.62106053" lon="-119.44016122">
      </trkpt>
      <trkpt lat="50.62112881" lon="-119.44008247">
      </trkpt>
      <trkpt lat="50.62125175" lon="-119.4398943">
      </trkpt>
      <trkpt lat="50.62135473" lon="-119.43975">
      </trkpt>
      <trkpt lat="50.62145091" lon="-119.4397026">
      </trkpt>
      <trkpt lat="50.62158513" lon="-119.43965718">
      </trkpt>
      <trkpt lat="50.62179433" lon="-119.43966801">
      </trkpt>
      <trkpt lat="50.62194157" lon="-119.43968311">
      </trkpt>
      <trkpt lat="50.62207929" lon="-119.43969773">
      </trkpt>
      <trkpt lat="50.62215365" lon="-119.43978388">
      </trkpt>
      <trkpt lat="50.62226509" lon="-119.43991684">
      </trkpt>
      <trkpt lat="50.62237178" lon="-119.44004957">
      </trkpt>
      <trkpt lat="50.62249399" lon="-119.44012322">
      </trkpt>
      <trkpt lat="50.6226116" lon="-119.44018917">
      </trkpt>
      <trkpt lat="50.62272336" lon="-119.4403072">
      </trkpt>
      <trkpt lat="50.62282927" lon="-119.44047728">
      </trkpt>
      <trkpt lat="50.62295529" lon="-119.44059603">
      </trkpt>
      <trkpt lat="50.62305342" lon="-119.44068342">
      </trkpt>
      <trkpt lat="50.62316214" lon="-119.44071899">
      </trkpt>
      <trkpt lat="50.62332761" lon="-119.44077246">
      </trkpt>
      <trkpt lat="50.62348279" lon="-119.44086279">
      </trkpt>
      <trkpt lat="50.62360389" lon="-119.44098877">
      </trkpt>
      <trkpt lat="50.62375306" lon="-119.44113867">
      </trkpt>
      <trkpt lat="50.62388306" lon="-119.44129506">
      </trkpt>
      <trkpt lat="50.62411818" lon="-119.4416589">
      </trkpt>
      <trkpt lat="50.62427481" lon="-119.44190644">
      </trkpt>
      <trkpt lat="50.62438991" lon="-119.44209199">
      </trkpt>
      <trkpt lat="50.62445115" lon="-119.44234956">
      </trkpt>
      <trkpt lat="50.62450653" lon="-119.44265921">
      </trkpt>
      <trkpt lat="50.62457173" lon="-119.4429544">
      </trkpt>
      <trkpt lat="50.6246512" lon="-119.44325034">
      </trkpt>
      <trkpt lat="50.62467914" lon="-119.44350619">
      </trkpt>
      <trkpt lat="50.62471676" lon="-119.44375505">
      </trkpt>
      <trkpt lat="50.62478959" lon="-119.44414044">
      </trkpt>
      <trkpt lat="50.62486226" lon="-119.44453329">
      </trkpt>
      <trkpt lat="50.62489516" lon="-119.44500639">
      </trkpt>
      <trkpt lat="50.62492916" lon="-119.44542718">
      </trkpt>
      <trkpt lat="50.62495381" lon="-119.44583999">
      </trkpt>
      <trkpt lat="50.62494309" lon="-119.44612376">
      </trkpt>
      <trkpt lat="50.62488294" lon="-119.44649476">
      </trkpt>
      <trkpt lat="50.62481438" lon="-119.44681296">
      </trkpt>
      <trkpt lat="50.62479112" lon="-119.44701377">
      </trkpt>
      <trkpt lat="50.62481635" lon="-119.44717221">
      </trkpt>
      <trkpt lat="50.6249224" lon="-119.44733484">
      </trkpt>
      <trkpt lat="50.62501419" lon="-119.44749674">
      </trkpt>
      <trkpt lat="50.62511247" lon="-119.44757667">
      </trkpt>
      <trkpt lat="50.62523911" lon="-119.44766557">
      </trkpt>
      <trkpt lat="50.62536069" lon="-119.44776915">
      </trkpt>
      <trkpt lat="50.62549082" lon="-119.44791808">
      </trkpt>
      <trkpt lat="50.62555884" lon="-119.44807874">
      </trkpt>
      <trkpt lat="50.62559264" lon="-119.44828254">
      </trkpt>
      <trkpt lat="50.62562899" lon="-119.4485912">
      </trkpt>
      <trkpt lat="50.62565186" lon="-119.44886176">
      </trkpt>
      <trkpt lat="50.62572003" lon="-119.44901496">
      </trkpt>
      <trkpt lat="50.62580785" lon="-119.44913924">
      </trkpt>
      <trkpt lat="50.62587806" lon="-119.44919528">
      </trkpt>
      <trkpt lat="50.62595666" lon="-119.44918175">
      </trkpt>
      <trkpt lat="50.62608261" lon="-119.44917571">
      </trkpt>
      <trkpt lat="50.62620966" lon="-119.44913939">
      </trkpt>
      <trkpt lat="50.62638104" lon="-119.44909135">
      </trkpt>
      <trkpt lat="50.62656244" lon="-119.44903104">
      </trkpt>
      <trkpt lat="50.62671601" lon="-119.44899625">
      </trkpt>
      <trkpt lat="50.62679773" lon="-119.44895761">
      </trkpt>
      <trkpt lat="50.62688883" lon="-119.44890524">
      </trkpt>
      <trkpt lat="50.62698933" lon="-119.44884085">
      </trkpt>
      <trkpt lat="50.6270439" lon="-119.44880092">
      </trkpt>
      <trkpt lat="50.62709856" lon="-119.44876097">
      </trkpt>
      <trkpt lat="50.6272174" lon="-119.44868325">
      </trkpt>
      <trkpt lat="50.62729098" lon="-119.44860148">
      </trkpt>
      <trkpt lat="50.627401" lon="-119.44850729">
      </trkpt>
      <trkpt lat="50.62751906" lon="-119.44844388">
      </trkpt>
      <trkpt lat="50.62760991" lon="-119.44840575">
      </trkpt>
      <trkpt lat="50.62769221" lon="-119.44833876">
      </trkpt>
      <trkpt lat="50.62783125" lon="-119.4481338">
      </trkpt>
      <trkpt lat="50.62788621" lon="-119.44810972">
      </trkpt>
      <trkpt lat="50.62794079" lon="-119.44806978">
      </trkpt>
      <trkpt lat="50.62806226" lon="-119.44786384">
      </trkpt>
      <trkpt lat="50.62810995" lon="-119.44772549">
      </trkpt>
      <trkpt lat="50.62815908" lon="-119.44754432">
      </trkpt>
      <trkpt lat="50.62821365" lon="-119.44750439">
      </trkpt>
      <trkpt lat="50.62831348" lon="-119.44746679">
      </trkpt>
      <trkpt lat="50.62851118" lon="-119.44746275">
      </trkpt>
      <trkpt lat="50.62856518" lon="-119.44745131">
      </trkpt>
      <trkpt lat="50.62868353" lon="-119.44740206">
      </trkpt>
      <trkpt lat="50.62875595" lon="-119.44737727">
      </trkpt>
      <trkpt lat="50.628819" lon="-119.44736621">
      </trkpt>
      <trkpt lat="50.62887275" lon="-119.44736901">
      </trkpt>
      <trkpt lat="50.62902629" lon="-119.44736262">
      </trkpt>
      <trkpt lat="50.62909814" lon="-119.44736632">
      </trkpt>
      <trkpt lat="50.6292508" lon="-119.44737412">
      </trkpt>
      <trkpt lat="50.62937641" lon="-119.44738062">
      </trkpt>
      <trkpt lat="50.62955334" lon="-119.44753231">
      </trkpt>
      <trkpt lat="50.62960526" lon="-119.44761889">
      </trkpt>
      <trkpt lat="50.62965696" lon="-119.44772142">
      </trkpt>
      <trkpt lat="50.6297008" lon="-119.44779484">
      </trkpt>
      <trkpt lat="50.62977074" lon="-119.44788234">
      </trkpt>
      <trkpt lat="50.62989451" lon="-119.44797249">
      </trkpt>
      <trkpt lat="50.63008255" lon="-119.44802498">
      </trkpt>
      <trkpt lat="50.63015441" lon="-119.44802868">
      </trkpt>
      <trkpt lat="50.63026216" lon="-119.44802004">
      </trkpt>
      <trkpt lat="50.63032607" lon="-119.44799465">
      </trkpt>
      <trkpt lat="50.63039943" lon="-119.44792896">
      </trkpt>
      <trkpt lat="50.63047358" lon="-119.44781869">
      </trkpt>
      <trkpt lat="50.63052965" lon="-119.44770922">
      </trkpt>
      <trkpt lat="50.63056757" lon="-119.44762556">
      </trkpt>
      <trkpt lat="50.63062407" lon="-119.44750196">
      </trkpt>
      <trkpt lat="50.63069823" lon="-119.4473934">
      </trkpt>
      <trkpt lat="50.63077099" lon="-119.44735436">
      </trkpt>
      <trkpt lat="50.63087149" lon="-119.44728996">
      </trkpt>
      <trkpt lat="50.63099045" lon="-119.44719445">
      </trkpt>
      <trkpt lat="50.63108075" lon="-119.44718665">
      </trkpt>
      <trkpt lat="50.63134997" lon="-119.44720056">
      </trkpt>
      <trkpt lat="50.63151177" lon="-119.44720888">
      </trkpt>
      <trkpt lat="50.63156519" lon="-119.44722593">
      </trkpt>
      <trkpt lat="50.63182383" lon="-119.44733727">
      </trkpt>
      <trkpt lat="50.63191272" lon="-119.44740056">
      </trkpt>
      <trkpt lat="50.63201038" lon="-119.44746086">
      </trkpt>
      <trkpt lat="50.6321432" lon="-119.44755153">
      </trkpt>
      <trkpt lat="50.63233562" lon="-119.44780225">
      </trkpt>
      <trkpt lat="50.63245123" lon="-119.44787939">
      </trkpt>
      <trkpt lat="50.63251838" lon="-119.44810935">
      </trkpt>
      <trkpt lat="50.63255129" lon="-119.44823764">
      </trkpt>
      <trkpt lat="50.632612" lon="-119.44836911">
      </trkpt>
      <trkpt lat="50.6326427" lon="-119.44861136">
      </trkpt>
      <trkpt lat="50.63271995" lon="-119.44878474">
      </trkpt>
      <trkpt lat="50.63276269" lon="-119.44888688">
      </trkpt>
      <trkpt lat="50.63291886" lon="-119.44916406">
      </trkpt>
      <trkpt lat="50.63297917" lon="-119.44927954">
      </trkpt>
      <trkpt lat="50.63311835" lon="-119.44952555">
      </trkpt>
      <trkpt lat="50.63316913" lon="-119.44967083">
      </trkpt>
      <trkpt lat="50.63320272" lon="-119.44977076">
      </trkpt>
      <trkpt lat="50.63323559" lon="-119.44992746">
      </trkpt>
      <trkpt lat="50.63332155" lon="-119.45010312">
      </trkpt>
      <trkpt lat="50.6334271" lon="-119.45022094">
      </trkpt>
      <trkpt lat="50.63348875" lon="-119.45028112">
      </trkpt>
      <trkpt lat="50.63355151" lon="-119.45031286">
      </trkpt>
      <trkpt lat="50.63372906" lon="-119.45040766">
      </trkpt>
      <trkpt lat="50.63380033" lon="-119.45043987">
      </trkpt>
      <trkpt lat="50.63389831" lon="-119.45048592">
      </trkpt>
      <trkpt lat="50.63402344" lon="-119.45052262">
      </trkpt>
      <trkpt lat="50.63412176" lon="-119.45055442">
      </trkpt>
      <trkpt lat="50.63427418" lon="-119.45057662">
      </trkpt>
      <trkpt lat="50.63438224" lon="-119.45058384">
      </trkpt>
      <trkpt lat="50.63454361" lon="-119.45060473">
      </trkpt>
      <trkpt lat="50.63468698" lon="-119.4506264">
      </trkpt>
      <trkpt lat="50.63482072" lon="-119.45067605">
      </trkpt>
      <trkpt lat="50.63491009" lon="-119.45070916">
      </trkpt>
      <trkpt lat="50.63503536" lon="-119.45072992">
      </trkpt>
      <trkpt lat="50.63509904" lon="-119.45071891">
      </trkpt>
      <trkpt lat="50.63529481" lon="-119.45079856">
      </trkpt>
      <trkpt lat="50.63548411" lon="-119.45079577">
      </trkpt>
      <trkpt lat="50.63558246" lon="-119.45079915">
      </trkpt>
      <trkpt lat="50.63569086" lon="-119.45079227">
      </trkpt>
      <trkpt lat="50.63574461" lon="-119.45079507">
      </trkpt>
      <trkpt lat="50.63588852" lon="-119.45081666">
      </trkpt>
      <trkpt lat="50.63606664" lon="-119.45088298">
      </trkpt>
      <trkpt lat="50.63625226" lon="-119.45104764">
      </trkpt>
      <trkpt lat="50.63648408" lon="-119.45114334">
      </trkpt>
      <trkpt lat="50.63655502" lon="-119.4511898">
      </trkpt>
      <trkpt lat="50.63669633" lon="-119.45131121">
      </trkpt>
      <trkpt lat="50.63682742" lon="-119.4514874">
      </trkpt>
      <trkpt lat="50.63689595" lon="-119.45164615">
      </trkpt>
      <trkpt lat="50.63694827" lon="-119.45174861">
      </trkpt>
      <trkpt lat="50.6371094" lon="-119.45178545">
      </trkpt>
      <trkpt lat="50.63721807" lon="-119.45173406">
      </trkpt>
      <trkpt lat="50.63735615" lon="-119.45160024">
      </trkpt>
      <trkpt lat="50.63739537" lon="-119.45143284">
      </trkpt>
      <trkpt lat="50.63742025" lon="-119.45110786">
      </trkpt>
      <trkpt lat="50.63744133" lon="-119.45096798">
      </trkpt>
      <trkpt lat="50.63748826" lon="-119.45085642">
      </trkpt>
      <trkpt lat="50.63752603" lon="-119.45078868">
      </trkpt>
      <trkpt lat="50.63757224" lon="-119.45072155">
      </trkpt>
      <trkpt lat="50.63762792" lon="-119.45065134">
      </trkpt>
      <trkpt lat="50.63768283" lon="-119.45059885">
      </trkpt>
      <trkpt lat="50.63773018" lon="-119.45047302">
      </trkpt>
      <trkpt lat="50.63773259" lon="-119.45036072">
      </trkpt>
      <trkpt lat="50.6377364" lon="-119.45017733">
      </trkpt>
      <trkpt lat="50.63773005" lon="-119.45007881">
      </trkpt>
      <trkpt lat="50.63772297" lon="-119.44997856">
      </trkpt>
      <trkpt lat="50.63778991" lon="-119.44978409">
      </trkpt>
      <trkpt lat="50.63785627" lon="-119.44961813">
      </trkpt>
      <trkpt lat="50.63791484" lon="-119.44940713">
      </trkpt>
      <trkpt lat="50.63795349" lon="-119.44926836">
      </trkpt>
      <trkpt lat="50.63802798" lon="-119.44914553">
      </trkpt>
      <trkpt lat="50.63821144" lon="-119.44898561">
      </trkpt>
      <trkpt lat="50.63834957" lon="-119.44882335">
      </trkpt>
      <trkpt lat="50.6384513" lon="-119.44870194">
      </trkpt>
      <trkpt lat="50.63857061" lon="-119.44859386">
      </trkpt>
      <trkpt lat="50.6386709" lon="-119.44851527">
      </trkpt>
      <trkpt lat="50.63873539" lon="-119.44846152">
      </trkpt>
      <trkpt lat="50.63901366" lon="-119.44847584">
      </trkpt>
      <trkpt lat="50.6391655" lon="-119.44852652">
      </trkpt>
      <trkpt lat="50.63921041" lon="-119.44854298">
      </trkpt>
      <trkpt lat="50.6393532" lon="-119.44859314">
      </trkpt>
      <trkpt lat="50.63943285" lon="-119.44865253">
      </trkpt>
      <trkpt lat="50.63948512" lon="-119.44872659">
      </trkpt>
      <trkpt lat="50.63955341" lon="-119.44889959">
      </trkpt>
      <trkpt lat="50.63954961" lon="-119.44908299">
      </trkpt>
      <trkpt lat="50.63954557" lon="-119.44928248">
      </trkpt>
      <trkpt lat="50.63954226" lon="-119.44943753">
      </trkpt>
      <trkpt lat="50.63953961" lon="-119.44956394">
      </trkpt>
      <trkpt lat="50.63953663" lon="-119.44970474">
      </trkpt>
      <trkpt lat="50.63954154" lon="-119.44990292">
      </trkpt>
      <trkpt lat="50.63954828" lon="-119.45001729">
      </trkpt>
      <trkpt lat="50.63958144" lon="-119.4501315">
      </trkpt>
      <trkpt lat="50.63964972" lon="-119.45030437">
      </trkpt>
      <trkpt lat="50.63971047" lon="-119.45040744">
      </trkpt>
      <trkpt lat="50.63978059" lon="-119.45049664">
      </trkpt>
      <trkpt lat="50.63985966" lon="-119.45058454">
      </trkpt>
      <trkpt lat="50.63995832" lon="-119.4506038">
      </trkpt>
      <trkpt lat="50.64003946" lon="-119.45059379">
      </trkpt>
      <trkpt lat="50.64011348" lon="-119.45049944">
      </trkpt>
      <trkpt lat="50.64017918" lon="-119.45036197">
      </trkpt>
      <trkpt lat="50.64027234" lon="-119.45020984">
      </trkpt>
      <trkpt lat="50.64038419" lon="-119.45003196">
      </trkpt>
      <trkpt lat="50.64044907" lon="-119.44993724">
      </trkpt>
      <trkpt lat="50.64054248" lon="-119.44977086">
      </trkpt>
      <trkpt lat="50.64058016" lon="-119.44970312">
      </trkpt>
      <trkpt lat="50.6406739" lon="-119.44952249">
      </trkpt>
      <trkpt lat="50.64076631" lon="-119.44938822">
      </trkpt>
      <trkpt lat="50.64082209" lon="-119.44931969">
      </trkpt>
      <trkpt lat="50.64094991" lon="-119.44921222">
      </trkpt>
      <trkpt lat="50.64101454" lon="-119.44913173">
      </trkpt>
      <trkpt lat="50.64109569" lon="-119.44912172">
      </trkpt>
      <trkpt lat="50.64123661" lon="-119.44928398">
      </trkpt>
      <trkpt lat="50.64126149" lon="-119.44937098">
      </trkpt>
      <trkpt lat="50.64128598" lon="-119.44949882">
      </trkpt>
      <trkpt lat="50.64131077" lon="-119.4495857">
      </trkpt>
      <trkpt lat="50.64134398" lon="-119.44972832">
      </trkpt>
      <trkpt lat="50.64136" lon="-119.44982714">
      </trkpt>
      <trkpt lat="50.6413922" lon="-119.45000003">
      </trkpt>
      <trkpt lat="50.64140515" lon="-119.45023967">
      </trkpt>
      <trkpt lat="50.64140982" lon="-119.4504521">
      </trkpt>
      <trkpt lat="50.64140775" lon="-119.45055185">
      </trkpt>
      <trkpt lat="50.64142233" lon="-119.45069364">
      </trkpt>
      <trkpt lat="50.64141761" lon="-119.45091981">
      </trkpt>
      <trkpt lat="50.64140236" lon="-119.45121684">
      </trkpt>
      <trkpt lat="50.6413614" lon="-119.4514679">
      </trkpt>
      <trkpt lat="50.64131179" lon="-119.45167945">
      </trkpt>
      <trkpt lat="50.64127257" lon="-119.45184672">
      </trkpt>
      <trkpt lat="50.64122434" lon="-119.45198519">
      </trkpt>
      <trkpt lat="50.64116827" lon="-119.45209468">
      </trkpt>
      <trkpt lat="50.64103625" lon="-119.4523714">
      </trkpt>
      <trkpt lat="50.64098889" lon="-119.45249553">
      </trkpt>
      <trkpt lat="50.64092378" lon="-119.45260634">
      </trkpt>
      <trkpt lat="50.64084836" lon="-119.45277179">
      </trkpt>
      <trkpt lat="50.64078294" lon="-119.45286659">
      </trkpt>
      <trkpt lat="50.64069011" lon="-119.45300446">
      </trkpt>
      <trkpt lat="50.64058866" lon="-119.45314004">
      </trkpt>
      <trkpt lat="50.64052335" lon="-119.45323667">
      </trkpt>
      <trkpt lat="50.64048586" lon="-119.45331843">
      </trkpt>
      <trkpt lat="50.64046603" lon="-119.45340302">
      </trkpt>
      <trkpt lat="50.64044552" lon="-119.45351442">
      </trkpt>
      <trkpt lat="50.64044253" lon="-119.45365508">
      </trkpt>
      <trkpt lat="50.64049912" lon="-119.45395582">
      </trkpt>
      <trkpt lat="50.64061564" lon="-119.45399038">
      </trkpt>
      <trkpt lat="50.64070433" lon="-119.45405017">
      </trkpt>
      <trkpt lat="50.64075704" lon="-119.4541118">
      </trkpt>
      <trkpt lat="50.64081734" lon="-119.45422731">
      </trkpt>
      <trkpt lat="50.64083346" lon="-119.45432796">
      </trkpt>
      <trkpt lat="50.64084067" lon="-119.45441215">
      </trkpt>
      <trkpt lat="50.64083861" lon="-119.4545119">
      </trkpt>
      <trkpt lat="50.64084384" lon="-119.45469583">
      </trkpt>
      <trkpt lat="50.64087733" lon="-119.45479565">
      </trkpt>
      <trkpt lat="50.64093771" lon="-119.45491114">
      </trkpt>
      <trkpt lat="50.64098994" lon="-119.45501363">
      </trkpt>
      <trkpt lat="50.64103234" lon="-119.45513004">
      </trkpt>
      <trkpt lat="50.64107141" lon="-119.45540138">
      </trkpt>
      <trkpt lat="50.64109672" lon="-119.45548648">
      </trkpt>
      <trkpt lat="50.64119888" lon="-119.45577518">
      </trkpt>
      <trkpt lat="50.6412736" lon="-119.45604842">
      </trkpt>
      <trkpt lat="50.64129833" lon="-119.45616202">
      </trkpt>
      <trkpt lat="50.64137451" lon="-119.45639242">
      </trkpt>
      <trkpt lat="50.64140533" lon="-119.45661879">
      </trkpt>
      <trkpt lat="50.64146579" lon="-119.45676454">
      </trkpt>
      <trkpt lat="50.64149938" lon="-119.4568662">
      </trkpt>
      <trkpt lat="50.64152493" lon="-119.45693706">
      </trkpt>
      <trkpt lat="50.64163758" lon="-119.45712662">
      </trkpt>
      <trkpt lat="50.6416537" lon="-119.45722727">
      </trkpt>
      <trkpt lat="50.64172222" lon="-119.45738591">
      </trkpt>
      <trkpt lat="50.64184218" lon="-119.4576615">
      </trkpt>
      <trkpt lat="50.6419017" lon="-119.45784817">
      </trkpt>
      <trkpt lat="50.64195339" lon="-119.45795074">
      </trkpt>
      <trkpt lat="50.64212778" lon="-119.45821299">
      </trkpt>
      <trkpt lat="50.64221513" lon="-119.45831745">
      </trkpt>
      <trkpt lat="50.64227768" lon="-119.45833489">
      </trkpt>
      <trkpt lat="50.64234127" lon="-119.45832391">
      </trkpt>
      <trkpt lat="50.64244877" lon="-119.45832953">
      </trkpt>
      <trkpt lat="50.64254536" lon="-119.45844856">
      </trkpt>
      <trkpt lat="50.64275817" lon="-119.45858629">
      </trkpt>
      <trkpt lat="50.64283848" lon="-119.4586189">
      </trkpt>
      <trkpt lat="50.64294595" lon="-119.45865294">
      </trkpt>
      <trkpt lat="50.64302608" lon="-119.45868387">
      </trkpt>
      <trkpt lat="50.64317893" lon="-119.45869353">
      </trkpt>
      <trkpt lat="50.64330444" lon="-119.45870008">
      </trkpt>
      <trkpt lat="50.64335806" lon="-119.45872962">
      </trkpt>
      <trkpt lat="50.64350085" lon="-119.45877982">
      </trkpt>
      <trkpt lat="50.64356249" lon="-119.45884002">
      </trkpt>
      <trkpt lat="50.6436238" lon="-119.45891462">
      </trkpt>
      <trkpt lat="50.64372942" lon="-119.45903233">
      </trkpt>
      <trkpt lat="50.64379049" lon="-119.45912117">
      </trkpt>
      <trkpt lat="50.64382431" lon="-119.45920674">
      </trkpt>
      <trkpt lat="50.64393691" lon="-119.45942475">
      </trkpt>
      <trkpt lat="50.64396141" lon="-119.45955444">
      </trkpt>
      <trkpt lat="50.64409158" lon="-119.45977344">
      </trkpt>
      <trkpt lat="50.64411587" lon="-119.45988882">
      </trkpt>
      <trkpt lat="50.64414664" lon="-119.46014362">
      </trkpt>
      <trkpt lat="50.64414167" lon="-119.46038418">
      </trkpt>
      <trkpt lat="50.64413751" lon="-119.46058186">
      </trkpt>
      <trkpt lat="50.64414298" lon="-119.46075156">
      </trkpt>
      <trkpt lat="50.64421127" lon="-119.4609263">
      </trkpt>
      <trkpt lat="50.64425215" lon="-119.46111215">
      </trkpt>
      <trkpt lat="50.64430097" lon="-119.46133946">
      </trkpt>
      <trkpt lat="50.64433345" lon="-119.46152654">
      </trkpt>
      <trkpt lat="50.64433916" lon="-119.46168199">
      </trkpt>
      <trkpt lat="50.64434405" lon="-119.4618802">
      </trkpt>
      <trkpt lat="50.64433694" lon="-119.46219026">
      </trkpt>
      <trkpt lat="50.64434309" lon="-119.4623333">
      </trkpt>
      <trkpt lat="50.64434125" lon="-119.46241697">
      </trkpt>
      <trkpt lat="50.6443474" lon="-119.46256">
      </trkpt>
      <trkpt lat="50.64436283" lon="-119.46268733">
      </trkpt>
      <trkpt lat="50.64437585" lon="-119.46292881">
      </trkpt>
      <trkpt lat="50.64439739" lon="-119.46317077">
      </trkpt>
      <trkpt lat="50.64440261" lon="-119.46335471">
      </trkpt>
      <trkpt lat="50.64440774" lon="-119.46353867">
      </trkpt>
      <trkpt lat="50.64442031" lon="-119.46378008">
      </trkpt>
      <trkpt lat="50.64443381" lon="-119.46399124">
      </trkpt>
      <trkpt lat="50.64444054" lon="-119.46410577">
      </trkpt>
      <trkpt lat="50.64444634" lon="-119.46426121">
      </trkpt>
      <trkpt lat="50.64445911" lon="-119.4645168">
      </trkpt>
      <trkpt lat="50.64445437" lon="-119.46474312">
      </trkpt>
      <trkpt lat="50.64445984" lon="-119.46491282">
      </trkpt>
      <trkpt lat="50.64446501" lon="-119.46506836">
      </trkpt>
      <trkpt lat="50.64449704" lon="-119.46526786">
      </trkpt>
      <trkpt lat="50.64452888" lon="-119.46545503">
      </trkpt>
      <trkpt lat="50.6445536" lon="-119.46556865">
      </trkpt>
      <trkpt lat="50.64459623" lon="-119.46567084">
      </trkpt>
      <trkpt lat="50.64468292" lon="-119.46583041">
      </trkpt>
      <trkpt lat="50.64475154" lon="-119.4659909">
      </trkpt>
      <trkpt lat="50.64477558" lon="-119.46613133">
      </trkpt>
      <trkpt lat="50.64481704" lon="-119.46629038">
      </trkpt>
      <trkpt lat="50.64485928" lon="-119.46643341">
      </trkpt>
      <trkpt lat="50.64497167" lon="-119.46663726">
      </trkpt>
      <trkpt lat="50.64505838" lon="-119.46679867">
      </trkpt>
      <trkpt lat="50.64515403" lon="-119.46695878">
      </trkpt>
      <trkpt lat="50.64523139" lon="-119.4671038">
      </trkpt>
      <trkpt lat="50.6453017" lon="-119.46720722">
      </trkpt>
      <trkpt lat="50.64543242" lon="-119.46739774">
      </trkpt>
      <trkpt lat="50.64556895" lon="-119.46774371">
      </trkpt>
      <trkpt lat="50.64560093" lon="-119.46791495">
      </trkpt>
      <trkpt lat="50.64561671" lon="-119.46802987">
      </trkpt>
      <trkpt lat="50.64563155" lon="-119.46818571">
      </trkpt>
      <trkpt lat="50.64567034" lon="-119.46847133">
      </trkpt>
      <trkpt lat="50.64570261" lon="-119.46865674">
      </trkpt>
      <trkpt lat="50.64574339" lon="-119.46884261">
      </trkpt>
      <trkpt lat="50.64586007" lon="-119.46927318">
      </trkpt>
    </trkseg>
    <trkseg>
      <trkpt lat="50.70740122" lon="-119.40872311">
      </trkpt>
      <trkpt lat="50.70741089" lon="-119.40910588">
      </trkpt>
      <trkpt lat="50.70738943" lon="-119.40925844">
      </trkpt>
      <trkpt lat="50.70734347" lon="-119.40976679">
      </trkpt>
      <trkpt lat="50.70729971" lon="-119.41013252">
      </trkpt>
      <trkpt lat="50.70721566" lon="-119.41028548">
      </trkpt>
      <trkpt lat="50.7072221" lon="-119.41041259">
      </trkpt>
      <trkpt lat="50.70722856" lon="-119.41054141">
      </trkpt>
      <trkpt lat="50.7072434" lon="-119.41066729">
      </trkpt>
      <trkpt lat="50.70722301" lon="-119.41080902">
      </trkpt>
      <trkpt lat="50.70721183" lon="-119.41090671">
      </trkpt>
      <trkpt lat="50.70720763" lon="-119.41112077">
      </trkpt>
      <trkpt lat="50.70721175" lon="-119.4113336">
      </trkpt>
      <trkpt lat="50.70723392" lon="-119.41157408">
      </trkpt>
      <trkpt lat="50.70724975" lon="-119.41168914">
      </trkpt>
      <trkpt lat="50.70728327" lon="-119.41178907">
      </trkpt>
      <trkpt lat="50.70730025" lon="-119.41228644">
      </trkpt>
      <trkpt lat="50.70724075" lon="-119.4125388">
      </trkpt>
      <trkpt lat="50.70722883" lon="-119.41270775">
      </trkpt>
      <trkpt lat="50.70725127" lon="-119.41290721">
      </trkpt>
      <trkpt lat="50.70731849" lon="-119.4131375">
      </trkpt>
      <trkpt lat="50.707348" lon="-119.41346399">
      </trkpt>
      <trkpt lat="50.70737892" lon="-119.41369237">
      </trkpt>
      <trkpt lat="50.70738309" lon="-119.41393365">
      </trkpt>
      <trkpt lat="50.70743358" lon="-119.4140917">
      </trkpt>
      <trkpt lat="50.70750215" lon="-119.41425051">
      </trkpt>
      <trkpt lat="50.70760768" lon="-119.41438439">
      </trkpt>
      <trkpt lat="50.70771983" lon="-119.41460267">
      </trkpt>
      <trkpt lat="50.70777936" lon="-119.4147611">
      </trkpt>
      <trkpt lat="50.70780267" lon="-119.41494621">
      </trkpt>
      <trkpt lat="50.70784443" lon="-119.41508947">
      </trkpt>
      <trkpt lat="50.70789507" lon="-119.41527767">
      </trkpt>
      <trkpt lat="50.70792679" lon="-119.41546154">
      </trkpt>
      <trkpt lat="50.70793187" lon="-119.41566185">
      </trkpt>
      <trkpt lat="50.70800655" lon="-119.41596206">
      </trkpt>
      <trkpt lat="50.70802851" lon="-119.41619005">
      </trkpt>
      <trkpt lat="50.70809595" lon="-119.41640609">
      </trkpt>
      <trkpt lat="50.70821835" lon="-119.41659797">
      </trkpt>
      <trkpt lat="50.70834791" lon="-119.41684386">
      </trkpt>
      <trkpt lat="50.70855238" lon="-119.41695437">
      </trkpt>
      <trkpt lat="50.70868486" lon="-119.41708785">
      </trkpt>
      <trkpt lat="50.70878071" lon="-119.41722131">
      </trkpt>
      <trkpt lat="50.70889518" lon="-119.41735388">
      </trkpt>
      <trkpt lat="50.70899975" lon="-119.41750214">
      </trkpt>
      <trkpt lat="50.70911413" lon="-119.41763472">
      </trkpt>
      <trkpt lat="50.70920146" lon="-119.41776602">
      </trkpt>
      <trkpt lat="50.70921642" lon="-119.41789545">
      </trkpt>
      <trkpt lat="50.70925838" lon="-119.41805291">
      </trkpt>
      <trkpt lat="50.70928067" lon="-119.41826664">
      </trkpt>
      <trkpt lat="50.70928701" lon="-119.41839377">
      </trkpt>
      <trkpt lat="50.70928155" lon="-119.41866309">
      </trkpt>
      <trkpt lat="50.70928676" lon="-119.41884731">
      </trkpt>
      <trkpt lat="50.70928335" lon="-119.41901856">
      </trkpt>
      <trkpt lat="50.70929059" lon="-119.41910288">
      </trkpt>
      <trkpt lat="50.70928772" lon="-119.41968315">
      </trkpt>
      <trkpt lat="50.70929295" lon="-119.41983891">
      </trkpt>
      <trkpt lat="50.70927925" lon="-119.42006504">
      </trkpt>
      <trkpt lat="50.70926498" lon="-119.42031971">
      </trkpt>
      <trkpt lat="50.70924391" lon="-119.4204883">
      </trkpt>
      <trkpt lat="50.70922343" lon="-119.42059974">
      </trkpt>
      <trkpt lat="50.70921945" lon="-119.42079954">
      </trkpt>
      <trkpt lat="50.70922499" lon="-119.42096948">
      </trkpt>
      <trkpt lat="50.70922971" lon="-119.42118223">
      </trkpt>
      <trkpt lat="50.70929795" lon="-119.42135548">
      </trkpt>
      <trkpt lat="50.70930238" lon="-119.42155404">
      </trkpt>
      <trkpt lat="50.70930914" lon="-119.42166859">
      </trkpt>
      <trkpt lat="50.70930734" lon="-119.42175252">
      </trkpt>
      <trkpt lat="50.70930268" lon="-119.42197903">
      </trkpt>
      <trkpt lat="50.70930502" lon="-119.42230426">
      </trkpt>
      <trkpt lat="50.70931055" lon="-119.4224742">
      </trkpt>
      <trkpt lat="50.70930475" lon="-119.42275779">
      </trkpt>
      <trkpt lat="50.70930738" lon="-119.423042">
      </trkpt>
      <trkpt lat="50.70930305" lon="-119.42325437">
      </trkpt>
      <trkpt lat="50.70926387" lon="-119.42342192">
      </trkpt>
      <trkpt lat="50.70924846" lon="-119.42373367">
      </trkpt>
      <trkpt lat="50.70924494" lon="-119.42390324">
      </trkpt>
      <trkpt lat="50.70922998" lon="-119.42418462">
      </trkpt>
      <trkpt lat="50.70919932" lon="-119.42435276">
      </trkpt>
      <trkpt lat="50.70915971" lon="-119.42452222">
      </trkpt>
      <trkpt lat="50.70914701" lon="-119.42471804">
      </trkpt>
      <trkpt lat="50.70911758" lon="-119.42483079">
      </trkpt>
      <trkpt lat="50.7090782" lon="-119.42498427">
      </trkpt>
      <trkpt lat="50.70901978" lon="-119.42520801">
      </trkpt>
      <trkpt lat="50.70897078" lon="-119.42538951">
      </trkpt>
      <trkpt lat="50.70886856" lon="-119.42556817">
      </trkpt>
      <trkpt lat="50.70881076" lon="-119.42573503">
      </trkpt>
      <trkpt lat="50.70872554" lon="-119.42594491">
      </trkpt>
      <trkpt lat="50.70868759" lon="-119.4260555">
      </trkpt>
      <trkpt lat="50.70860288" lon="-119.42620668">
      </trkpt>
      <trkpt lat="50.70853279" lon="-119.42655663">
      </trkpt>
      <trkpt lat="50.70853684" lon="-119.42679793">
      </trkpt>
      <trkpt lat="50.70854122" lon="-119.42702495">
      </trkpt>
      <trkpt lat="50.70855388" lon="-119.42726684">
      </trkpt>
      <trkpt lat="50.7085594" lon="-119.42743678">
      </trkpt>
      <trkpt lat="50.70854716" lon="-119.42759325">
      </trkpt>
      <trkpt lat="50.70853506" lon="-119.42773205">
      </trkpt>
      <trkpt lat="50.7085065" lon="-119.42783044">
      </trkpt>
      <trkpt lat="50.70845569" lon="-119.42809759">
      </trkpt>
      <trkpt lat="50.70842564" lon="-119.42826563">
      </trkpt>
      <trkpt lat="50.70842098" lon="-119.42849228">
      </trkpt>
      <trkpt lat="50.70840163" lon="-119.42854663">
      </trkpt>
      <trkpt lat="50.70839179" lon="-119.42859076">
      </trkpt>
      <trkpt lat="50.70832697" lon="-119.4286572">
      </trkpt>
      <trkpt lat="50.70825455" lon="-119.42868206">
      </trkpt>
      <trkpt lat="50.70809185" lon="-119.42871491">
      </trkpt>
      <trkpt lat="50.70786702" lon="-119.42871762">
      </trkpt>
      <trkpt lat="50.70773214" lon="-119.42872504">
      </trkpt>
      <trkpt lat="50.70758878" lon="-119.42870341">
      </trkpt>
      <trkpt lat="50.7073471" lon="-119.42864996">
      </trkpt>
      <trkpt lat="50.70723024" lon="-119.42862799">
      </trkpt>
      <trkpt lat="50.70713312" lon="-119.42856755">
      </trkpt>
      <trkpt lat="50.70696433" lon="-119.42845887">
      </trkpt>
      <trkpt lat="50.70675845" lon="-119.42839135">
      </trkpt>
      <trkpt lat="50.70654481" lon="-119.42829637">
      </trkpt>
      <trkpt lat="50.70629431" lon="-119.42822644">
      </trkpt>
      <trkpt lat="50.70608024" lon="-119.42814405">
      </trkpt>
      <trkpt lat="50.70586628" lon="-119.42806349">
      </trkpt>
      <trkpt lat="50.70566015" lon="-119.42801009">
      </trkpt>
      <trkpt lat="50.70542742" lon="-119.42795534">
      </trkpt>
      <trkpt lat="50.70521401" lon="-119.4278444">
      </trkpt>
      <trkpt lat="50.70507994" lon="-119.42780902">
      </trkpt>
      <trkpt lat="50.70480988" lon="-119.42780955">
      </trkpt>
      <trkpt lat="50.7045848" lon="-119.42782652">
      </trkpt>
      <trkpt lat="50.70451001" lon="-119.42796385">
      </trkpt>
      <trkpt lat="50.70440116" lon="-119.42800118">
      </trkpt>
      <trkpt lat="50.70412323" lon="-119.42797255">
      </trkpt>
      <trkpt lat="50.70390827" lon="-119.42793298">
      </trkpt>
      <trkpt lat="50.70372904" lon="-119.42789527">
      </trkpt>
      <trkpt lat="50.70349664" lon="-119.42782625">
      </trkpt>
      <trkpt lat="50.70337017" lon="-119.42783415">
      </trkpt>
      <trkpt lat="50.70320757" lon="-119.42786869">
      </trkpt>
      <trkpt lat="50.70321901" lon="-119.42775675">
      </trkpt>
      <trkpt lat="50.70324268" lon="-119.42748836">
      </trkpt>
      <trkpt lat="50.70327416" lon="-119.42727744">
      </trkpt>
      <trkpt lat="50.7033241" lon="-119.42702468">
      </trkpt>
      <trkpt lat="50.7033299" lon="-119.42674098">
      </trkpt>
      <trkpt lat="50.70331587" lon="-119.4265706">
      </trkpt>
      <trkpt lat="50.7033091" lon="-119.42645593">
      </trkpt>
      <trkpt lat="50.70328535" lon="-119.42630121">
      </trkpt>
      <trkpt lat="50.70326953" lon="-119.42618615">
      </trkpt>
      <trkpt lat="50.70329424" lon="-119.42586055">
      </trkpt>
      <trkpt lat="50.70338985" lon="-119.42559753">
      </trkpt>
      <trkpt lat="50.70342742" lon="-119.42552798">
      </trkpt>
      <trkpt lat="50.70352237" lon="-119.42529351">
      </trkpt>
      <trkpt lat="50.70357107" lon="-119.42509613">
      </trkpt>
      <trkpt lat="50.70362026" lon="-119.42491632">
      </trkpt>
      <trkpt lat="50.70365206" lon="-119.42469112">
      </trkpt>
      <trkpt lat="50.70368267" lon="-119.42449455">
      </trkpt>
      <trkpt lat="50.70369547" lon="-119.42430956">
      </trkpt>
      <trkpt lat="50.70369076" lon="-119.42409683">
      </trkpt>
      <trkpt lat="50.7036602" lon="-119.4238559">
      </trkpt>
      <trkpt lat="50.70361938" lon="-119.42364136">
      </trkpt>
      <trkpt lat="50.70357719" lon="-119.42351055">
      </trkpt>
      <trkpt lat="50.70352028" lon="-119.42322369">
      </trkpt>
      <trkpt lat="50.70344" lon="-119.42275359">
      </trkpt>
      <trkpt lat="50.70340085" lon="-119.42248191">
      </trkpt>
      <trkpt lat="50.70332756" lon="-119.42211024">
      </trkpt>
      <trkpt lat="50.70329846" lon="-119.42179795">
      </trkpt>
      <trkpt lat="50.70317078" lon="-119.4214219">
      </trkpt>
      <trkpt lat="50.70314859" lon="-119.42120819">
      </trkpt>
      <trkpt lat="50.70313482" lon="-119.42099509">
      </trkpt>
      <trkpt lat="50.70312171" lon="-119.4207533">
      </trkpt>
      <trkpt lat="50.7031182" lon="-119.4205138">
      </trkpt>
      <trkpt lat="50.70317569" lon="-119.42033106">
      </trkpt>
      <trkpt lat="50.70320049" lon="-119.42000729">
      </trkpt>
      <trkpt lat="50.70323785" lon="-119.41992354">
      </trkpt>
      <trkpt lat="50.7032857" lon="-119.41979913">
      </trkpt>
      <trkpt lat="50.70332577" lon="-119.41958865">
      </trkpt>
      <trkpt lat="50.70332418" lon="-119.41924741">
      </trkpt>
      <trkpt lat="50.70328484" lon="-119.41896338">
      </trkpt>
      <trkpt lat="50.70322712" lon="-119.41872103">
      </trkpt>
      <trkpt lat="50.70315395" lon="-119.41833342">
      </trkpt>
      <trkpt lat="50.70316074" lon="-119.41800874">
      </trkpt>
      <trkpt lat="50.70316479" lon="-119.41783926">
      </trkpt>
      <trkpt lat="50.7031767" lon="-119.41766848">
      </trkpt>
      <trkpt lat="50.70318052" lon="-119.41751327">
      </trkpt>
      <trkpt lat="50.70317579" lon="-119.41730055">
      </trkpt>
      <trkpt lat="50.70312477" lon="-119.41714258">
      </trkpt>
      <trkpt lat="50.7030751" lon="-119.41694188">
      </trkpt>
      <trkpt lat="50.70302485" lon="-119.41676958">
      </trkpt>
      <trkpt lat="50.7029477" lon="-119.41658003">
      </trkpt>
      <trkpt lat="50.70280908" lon="-119.41633365">
      </trkpt>
      <trkpt lat="50.70262683" lon="-119.41599766">
      </trkpt>
      <trkpt lat="50.70254863" lon="-119.41586688">
      </trkpt>
      <trkpt lat="50.70248777" lon="-119.41576372">
      </trkpt>
      <trkpt lat="50.70242677" lon="-119.41567496">
      </trkpt>
      <trkpt lat="50.70236602" lon="-119.41557363">
      </trkpt>
      <trkpt lat="50.70230795" lon="-119.41534386">
      </trkpt>
      <trkpt lat="50.70224752" lon="-119.41522826">
      </trkpt>
      <trkpt lat="50.70223928" lon="-119.41474574">
      </trkpt>
      <trkpt lat="50.70223635" lon="-119.4144491">
      </trkpt>
      <trkpt lat="50.70222109" lon="-119.41430552">
      </trkpt>
      <trkpt lat="50.70215364" lon="-119.41408965">
      </trkpt>
      <trkpt lat="50.70203164" lon="-119.41391368">
      </trkpt>
      <trkpt lat="50.70199419" lon="-119.41355825">
      </trkpt>
      <trkpt lat="50.70192707" lon="-119.41332796">
      </trkpt>
      <trkpt lat="50.70192403" lon="-119.41302964">
      </trkpt>
      <trkpt lat="50.701929" lon="-119.41278889">
      </trkpt>
      <trkpt lat="50.70192426" lon="-119.41257618">
      </trkpt>
      <trkpt lat="50.70186653" lon="-119.41233384">
      </trkpt>
      <trkpt lat="50.70181618" lon="-119.41215986">
      </trkpt>
      <trkpt lat="50.70175494" lon="-119.41208706">
      </trkpt>
      <trkpt lat="50.70161431" lon="-119.41148361">
      </trkpt>
      <trkpt lat="50.70153644" lon="-119.41133857">
      </trkpt>
      <trkpt lat="50.70152184" lon="-119.41116814">
      </trkpt>
      <trkpt lat="50.70146254" lon="-119.41099547">
      </trkpt>
      <trkpt lat="50.70133423" lon="-119.41067647">
      </trkpt>
      <trkpt lat="50.7011766" lon="-119.41047033">
      </trkpt>
      <trkpt lat="50.70106277" lon="-119.41030925">
      </trkpt>
      <trkpt lat="50.7010398" lon="-119.41012227">
      </trkpt>
      <trkpt lat="50.70104373" lon="-119.4099403">
      </trkpt>
      <trkpt lat="50.70104567" lon="-119.40984042">
      </trkpt>
      <trkpt lat="50.70101623" lon="-119.40951397">
      </trkpt>
      <trkpt lat="50.70091269" lon="-119.4093087">
      </trkpt>
      <trkpt lat="50.70087807" lon="-119.4092374">
      </trkpt>
      <trkpt lat="50.70082644" lon="-119.40913645">
      </trkpt>
      <trkpt lat="50.70076817" lon="-119.40890501">
      </trkpt>
      <trkpt lat="50.70073402" lon="-119.40880505">
      </trkpt>
      <trkpt lat="50.70059415" lon="-119.40861409">
      </trkpt>
      <trkpt lat="50.70046129" lon="-119.40852154">
      </trkpt>
      <trkpt lat="50.70039906" lon="-119.40848988">
      </trkpt>
      <trkpt lat="50.70029282" lon="-119.40840053">
      </trkpt>
      <trkpt lat="50.70019618" lon="-119.40828145">
      </trkpt>
      <trkpt lat="50.70022682" lon="-119.40811333">
      </trkpt>
      <trkpt lat="50.70033633" lon="-119.40804912">
      </trkpt>
      <trkpt lat="50.70045301" lon="-119.40803905">
      </trkpt>
      <trkpt lat="50.70053458" lon="-119.40801636">
      </trkpt>
      <trkpt lat="50.70061652" lon="-119.40796346">
      </trkpt>
      <trkpt lat="50.70054793" lon="-119.40780455">
      </trkpt>
      <trkpt lat="50.70047834" lon="-119.40768675">
      </trkpt>
      <trkpt lat="50.70043553" lon="-119.40760058">
      </trkpt>
      <trkpt lat="50.70041032" lon="-119.40749944">
      </trkpt>
      <trkpt lat="50.70037669" lon="-119.40739769">
      </trkpt>
      <trkpt lat="50.70034229" lon="-119.40731199">
      </trkpt>
      <trkpt lat="50.7002908" lon="-119.40719509">
      </trkpt>
      <trkpt lat="50.70024713" lon="-119.40712327">
      </trkpt>
      <trkpt lat="50.70016827" lon="-119.40702107">
      </trkpt>
      <trkpt lat="50.70009844" lon="-119.40691754">
      </trkpt>
      <trkpt lat="50.7000733" lon="-119.40684485">
      </trkpt>
    </trkseg>
    <trkseg>
      <trkpt lat="50.64240407" lon="-119.49301085">
      </trkpt>
      <trkpt lat="50.64252654" lon="-119.49276221">
      </trkpt>
      <trkpt lat="50.64282276" lon="-119.49279379">
      </trkpt>
      <trkpt lat="50.64290298" lon="-119.49282661">
      </trkpt>
      <trkpt lat="50.64297389" lon="-119.4928713">
      </trkpt>
      <trkpt lat="50.64318842" lon="-119.4929254">
      </trkpt>
      <trkpt lat="50.64333324" lon="-119.49290438">
      </trkpt>
      <trkpt lat="50.64342265" lon="-119.49290916">
      </trkpt>
      <trkpt lat="50.64351167" lon="-119.49295662">
      </trkpt>
      <trkpt lat="50.64358235" lon="-119.49301739">
      </trkpt>
      <trkpt lat="50.64375945" lon="-119.49315336">
      </trkpt>
      <trkpt lat="50.64383883" lon="-119.49322879">
      </trkpt>
      <trkpt lat="50.64390002" lon="-119.4933016">
      </trkpt>
      <trkpt lat="50.6439435" lon="-119.49338949">
      </trkpt>
      <trkpt lat="50.64397739" lon="-119.49347691">
      </trkpt>
      <trkpt lat="50.6440199" lon="-119.4935773">
      </trkpt>
      <trkpt lat="50.64410632" lon="-119.49375301">
      </trkpt>
      <trkpt lat="50.64414945" lon="-119.49385501">
      </trkpt>
      <trkpt lat="50.64419948" lon="-119.49402534">
      </trkpt>
      <trkpt lat="50.64424114" lon="-119.49416847">
      </trkpt>
      <trkpt lat="50.6442837" lon="-119.49429912">
      </trkpt>
      <trkpt lat="50.64430854" lon="-119.49438601">
      </trkpt>
      <trkpt lat="50.64434297" lon="-119.49447337">
      </trkpt>
      <trkpt lat="50.64437617" lon="-119.49458761">
      </trkpt>
      <trkpt lat="50.64442825" lon="-119.49468831">
      </trkpt>
      <trkpt lat="50.64452495" lon="-119.49477913">
      </trkpt>
      <trkpt lat="50.64465006" lon="-119.49482661">
      </trkpt>
      <trkpt lat="50.6448823" lon="-119.49491197">
      </trkpt>
      <trkpt lat="50.6450614" lon="-119.49494806">
      </trkpt>
      <trkpt lat="50.64514215" lon="-119.49496831">
      </trkpt>
      <trkpt lat="50.64524017" lon="-119.49498605">
      </trkpt>
      <trkpt lat="50.64532108" lon="-119.49499207">
      </trkpt>
      <trkpt lat="50.64540187" lon="-119.49499455">
      </trkpt>
      <trkpt lat="50.64548302" lon="-119.49498462">
      </trkpt>
      <trkpt lat="50.64569882" lon="-119.49498172">
      </trkpt>
      <trkpt lat="50.64578007" lon="-119.49497348">
      </trkpt>
      <trkpt lat="50.64588845" lon="-119.49496485">
      </trkpt>
      <trkpt lat="50.64596266" lon="-119.49485633">
      </trkpt>
      <trkpt lat="50.64602723" lon="-119.49477421">
      </trkpt>
      <trkpt lat="50.64614784" lon="-119.49460923">
      </trkpt>
      <trkpt lat="50.64622298" lon="-119.49445809">
      </trkpt>
      <trkpt lat="50.64628882" lon="-119.49432066">
      </trkpt>
      <trkpt lat="50.64637394" lon="-119.49412715">
      </trkpt>
      <trkpt lat="50.64641375" lon="-119.49395968">
      </trkpt>
      <trkpt lat="50.64644654" lon="-119.49369206">
      </trkpt>
      <trkpt lat="50.64647761" lon="-119.49348153">
      </trkpt>
      <trkpt lat="50.64653655" lon="-119.49327406">
      </trkpt>
      <trkpt lat="50.64656576" lon="-119.49314734">
      </trkpt>
      <trkpt lat="50.64662485" lon="-119.49292379">
      </trkpt>
      <trkpt lat="50.64671926" lon="-119.49271657">
      </trkpt>
      <trkpt lat="50.64677781" lon="-119.49249309">
      </trkpt>
      <trkpt lat="50.64682521" lon="-119.49236899">
      </trkpt>
      <trkpt lat="50.64689757" lon="-119.49194828">
      </trkpt>
      <trkpt lat="50.64695166" lon="-119.49193688">
      </trkpt>
      <trkpt lat="50.64704244" lon="-119.49189883">
      </trkpt>
      <trkpt lat="50.64710607" lon="-119.49185933">
      </trkpt>
      <trkpt lat="50.647161" lon="-119.49180517">
      </trkpt>
      <trkpt lat="50.64722703" lon="-119.49168192">
      </trkpt>
      <trkpt lat="50.64727335" lon="-119.4916148">
      </trkpt>
      <trkpt lat="50.64748906" lon="-119.4916119">
      </trkpt>
      <trkpt lat="50.64756203" lon="-119.49158709">
      </trkpt>
      <trkpt lat="50.64764484" lon="-119.49147916">
      </trkpt>
      <trkpt lat="50.64770089" lon="-119.49139642">
      </trkpt>
      <trkpt lat="50.64777358" lon="-119.49135745">
      </trkpt>
      <trkpt lat="50.64786495" lon="-119.4912909">
      </trkpt>
      <trkpt lat="50.64801286" lon="-119.49110076">
      </trkpt>
      <trkpt lat="50.64807836" lon="-119.49097757">
      </trkpt>
      <trkpt lat="50.64815324" lon="-119.49084052">
      </trkpt>
      <trkpt lat="50.64826187" lon="-119.49081764">
      </trkpt>
      <trkpt lat="50.64837936" lon="-119.49078282">
      </trkpt>
      <trkpt lat="50.64844284" lon="-119.49077005">
      </trkpt>
      <trkpt lat="50.64851469" lon="-119.49077382">
      </trkpt>
      <trkpt lat="50.64858361" lon="-119.49092011">
      </trkpt>
      <trkpt lat="50.64862611" lon="-119.49102051">
      </trkpt>
      <trkpt lat="50.64869459" lon="-119.49117936">
      </trkpt>
      <trkpt lat="50.64878067" lon="-119.49136934">
      </trkpt>
      <trkpt lat="50.64893308" lon="-119.49139154">
      </trkpt>
      <trkpt lat="50.64904204" lon="-119.4913544">
      </trkpt>
      <trkpt lat="50.64914829" lon="-119.49141713">
      </trkpt>
      <trkpt lat="50.6492467" lon="-119.49145086">
      </trkpt>
      <trkpt lat="50.64931855" lon="-119.49145464">
      </trkpt>
      <trkpt lat="50.64943588" lon="-119.49144641">
      </trkpt>
      <trkpt lat="50.64954422" lon="-119.49140936">
      </trkpt>
      <trkpt lat="50.64961861" lon="-119.4913133">
      </trkpt>
      <trkpt lat="50.64970201" lon="-119.49117685">
      </trkpt>
      <trkpt lat="50.64974878" lon="-119.49110967">
      </trkpt>
      <trkpt lat="50.64981276" lon="-119.49105605">
      </trkpt>
      <trkpt lat="50.64986768" lon="-119.49100189">
      </trkpt>
      <trkpt lat="50.65006613" lon="-119.49094665">
      </trkpt>
      <trkpt lat="50.65018494" lon="-119.49117754">
      </trkpt>
      <trkpt lat="50.65036813" lon="-119.49129203">
      </trkpt>
      <trkpt lat="50.65066273" lon="-119.49131511">
      </trkpt>
      <trkpt lat="50.65102438" lon="-119.49131928">
      </trkpt>
      <trkpt lat="50.65139966" lon="-119.49135412">
      </trkpt>
      <trkpt lat="50.65175575" lon="-119.49139542">
      </trkpt>
      <trkpt lat="50.65202055" lon="-119.49147681">
      </trkpt>
      <trkpt lat="50.65231863" lon="-119.49155998">
      </trkpt>
      <trkpt lat="50.65257297" lon="-119.49168575">
      </trkpt>
      <trkpt lat="50.65281795" lon="-119.49180353">
      </trkpt>
      <trkpt lat="50.6530279" lon="-119.49200181">
      </trkpt>
      <trkpt lat="50.65316481" lon="-119.49205399">
      </trkpt>
      <trkpt lat="50.6533209" lon="-119.49209969">
      </trkpt>
      <trkpt lat="50.65342598" lon="-119.49208278">
      </trkpt>
      <trkpt lat="50.65355087" lon="-119.4920295">
      </trkpt>
      <trkpt lat="50.6537287" lon="-119.49194908">
      </trkpt>
      <trkpt lat="50.65395028" lon="-119.49182603">
      </trkpt>
      <trkpt lat="50.65420546" lon="-119.4916898">
      </trkpt>
      <trkpt lat="50.65450391" lon="-119.49153339">
      </trkpt>
      <trkpt lat="50.65485054" lon="-119.49134959">
      </trkpt>
      <trkpt lat="50.65514866" lon="-119.49120813">
      </trkpt>
      <trkpt lat="50.65548595" lon="-119.49101633">
      </trkpt>
      <trkpt lat="50.65594288" lon="-119.49079343">
      </trkpt>
      <trkpt lat="50.65621708" lon="-119.4906582">
      </trkpt>
      <trkpt lat="50.65651932" lon="-119.49054691">
      </trkpt>
      <trkpt lat="50.65678636" lon="-119.49052359">
      </trkpt>
      <trkpt lat="50.65705196" lon="-119.4905676">
      </trkpt>
      <trkpt lat="50.65723562" lon="-119.49065968">
      </trkpt>
      <trkpt lat="50.65740421" lon="-119.4907884">
      </trkpt>
      <trkpt lat="50.65754317" lon="-119.49096798">
      </trkpt>
      <trkpt lat="50.65767165" lon="-119.49119191">
      </trkpt>
      <trkpt lat="50.65777936" lon="-119.49149713">
      </trkpt>
      <trkpt lat="50.65791858" lon="-119.49188637">
      </trkpt>
      <trkpt lat="50.65802436" lon="-119.49228134">
      </trkpt>
      <trkpt lat="50.65820936" lon="-119.49275539">
      </trkpt>
      <trkpt lat="50.65831979" lon="-119.49293344">
      </trkpt>
      <trkpt lat="50.65844971" lon="-119.49309008">
      </trkpt>
      <trkpt lat="50.65865174" lon="-119.49321311">
      </trkpt>
      <trkpt lat="50.65886836" lon="-119.49332193">
      </trkpt>
      <trkpt lat="50.65900811" lon="-119.49346411">
      </trkpt>
      <trkpt lat="50.65913754" lon="-119.49364319">
      </trkpt>
      <trkpt lat="50.65920897" lon="-119.49386413">
      </trkpt>
      <trkpt lat="50.65923793" lon="-119.49406784">
      </trkpt>
      <trkpt lat="50.65924834" lon="-119.4942481">
      </trkpt>
      <trkpt lat="50.65921074" lon="-119.49444828">
      </trkpt>
      <trkpt lat="50.6591405" lon="-119.49461678">
      </trkpt>
      <trkpt lat="50.65905631" lon="-119.49476956">
      </trkpt>
      <trkpt lat="50.65903948" lon="-119.49488847">
      </trkpt>
      <trkpt lat="50.65910169" lon="-119.49507148">
      </trkpt>
      <trkpt lat="50.65916504" lon="-119.49528883">
      </trkpt>
      <trkpt lat="50.65926294" lon="-119.49548126">
      </trkpt>
      <trkpt lat="50.65942648" lon="-119.49578416">
      </trkpt>
      <trkpt lat="50.65962341" lon="-119.49611561">
      </trkpt>
      <trkpt lat="50.65977253" lon="-119.49639386">
      </trkpt>
      <trkpt lat="50.65983829" lon="-119.49667922">
      </trkpt>
      <trkpt lat="50.65988085" lon="-119.49680991">
      </trkpt>
      <trkpt lat="50.65990535" lon="-119.4969111">
      </trkpt>
      <trkpt lat="50.65997567" lon="-119.49698447">
      </trkpt>
      <trkpt lat="50.66009065" lon="-119.49709029">
      </trkpt>
      <trkpt lat="50.66018749" lon="-119.49716506">
      </trkpt>
      <trkpt lat="50.66024085" lon="-119.49721062">
      </trkpt>
      <trkpt lat="50.66034776" lon="-119.49724485">
      </trkpt>
      <trkpt lat="50.6604204" lon="-119.4972343">
      </trkpt>
      <trkpt lat="50.66054728" lon="-119.49718576">
      </trkpt>
      <trkpt lat="50.6606296" lon="-119.49711867">
      </trkpt>
      <trkpt lat="50.66069485" lon="-119.49700971">
      </trkpt>
      <trkpt lat="50.66079645" lon="-119.49688666">
      </trkpt>
      <trkpt lat="50.66085138" lon="-119.49683249">
      </trkpt>
      <trkpt lat="50.6609066" lon="-119.49679421">
      </trkpt>
      <trkpt lat="50.66099626" lon="-119.49678475">
      </trkpt>
      <trkpt lat="50.6610862" lon="-119.49678946">
      </trkpt>
      <trkpt lat="50.66117615" lon="-119.49679417">
      </trkpt>
      <trkpt lat="50.66127504" lon="-119.49679758">
      </trkpt>
      <trkpt lat="50.66137404" lon="-119.49680453">
      </trkpt>
      <trkpt lat="50.66149964" lon="-119.49681117">
      </trkpt>
      <trkpt lat="50.66156234" lon="-119.49681273">
      </trkpt>
      <trkpt lat="50.66161698" lon="-119.4968031">
      </trkpt>
      <trkpt lat="50.66172601" lon="-119.49673923">
      </trkpt>
      <trkpt lat="50.66179024" lon="-119.49667135">
      </trkpt>
      <trkpt lat="50.66188195" lon="-119.49659053">
      </trkpt>
      <trkpt lat="50.66200056" lon="-119.49652712">
      </trkpt>
      <trkpt lat="50.66210048" lon="-119.49648945">
      </trkpt>
      <trkpt lat="50.66226428" lon="-119.49639816">
      </trkpt>
      <trkpt lat="50.66235453" lon="-119.49636018">
      </trkpt>
      <trkpt lat="50.66247256" lon="-119.49632528">
      </trkpt>
      <trkpt lat="50.66265412" lon="-119.49624918">
      </trkpt>
      <trkpt lat="50.66270846" lon="-119.49622353">
      </trkpt>
      <trkpt lat="50.66285427" lon="-119.49613314">
      </trkpt>
      <trkpt lat="50.66290974" lon="-119.49607889">
      </trkpt>
      <trkpt lat="50.66300067" lon="-119.4960141">
      </trkpt>
      <trkpt lat="50.66307369" lon="-119.49596086">
      </trkpt>
      <trkpt lat="50.66316481" lon="-119.49590854">
      </trkpt>
      <trkpt lat="50.66324665" lon="-119.49587179">
      </trkpt>
      <trkpt lat="50.66331047" lon="-119.49584476">
      </trkpt>
      <trkpt lat="50.66337421" lon="-119.49580708">
      </trkpt>
      <trkpt lat="50.66343715" lon="-119.49579439">
      </trkpt>
      <trkpt lat="50.66369829" lon="-119.49579556">
      </trkpt>
      <trkpt lat="50.66411144" lon="-119.4958031">
      </trkpt>
      <trkpt lat="50.66416631" lon="-119.49577737">
      </trkpt>
      <trkpt lat="50.66421195" lon="-119.49573876">
      </trkpt>
      <trkpt lat="50.66430425" lon="-119.49562941">
      </trkpt>
      <trkpt lat="50.6643335" lon="-119.49553107">
      </trkpt>
      <trkpt lat="50.66444395" lon="-119.49539592">
      </trkpt>
      <trkpt lat="50.66455327" lon="-119.49534636">
      </trkpt>
      <trkpt lat="50.66465216" lon="-119.49534977">
      </trkpt>
      <trkpt lat="50.66474245" lon="-119.49534192">
      </trkpt>
      <trkpt lat="50.66480526" lon="-119.49534531">
      </trkpt>
      <trkpt lat="50.66491114" lon="-119.49542048">
      </trkpt>
      <trkpt lat="50.66500828" lon="-119.49551128">
      </trkpt>
      <trkpt lat="50.66511361" lon="-119.49564339">
      </trkpt>
      <trkpt lat="50.66524616" lon="-119.49575037">
      </trkpt>
      <trkpt lat="50.66534353" lon="-119.49582507">
      </trkpt>
      <trkpt lat="50.66542478" lon="-119.49581683">
      </trkpt>
      <trkpt lat="50.66553371" lon="-119.49575126">
      </trkpt>
      <trkpt lat="50.66569751" lon="-119.49565996">
      </trkpt>
      <trkpt lat="50.66582517" lon="-119.49559694">
      </trkpt>
      <trkpt lat="50.66593296" lon="-119.49561682">
      </trkpt>
      <trkpt lat="50.66602228" lon="-119.49562163">
      </trkpt>
      <trkpt lat="50.66607573" lon="-119.49566717">
      </trkpt>
      <trkpt lat="50.66615467" lon="-119.49575521">
      </trkpt>
      <trkpt lat="50.66620758" lon="-119.49580083">
      </trkpt>
      <trkpt lat="50.66626843" lon="-119.49588795">
      </trkpt>
      <trkpt lat="50.66632957" lon="-119.49597857">
      </trkpt>
      <trkpt lat="50.66639862" lon="-119.49610899">
      </trkpt>
      <trkpt lat="50.66648552" lon="-119.49625444">
      </trkpt>
      <trkpt lat="50.66656161" lon="-119.49648504">
      </trkpt>
      <trkpt lat="50.66660352" lon="-119.496614">
      </trkpt>
      <trkpt lat="50.66665461" lon="-119.4967736">
      </trkpt>
      <trkpt lat="50.66671369" lon="-119.49694626">
      </trkpt>
      <trkpt lat="50.66678294" lon="-119.49707836">
      </trkpt>
      <trkpt lat="50.6668514" lon="-119.49723729">
      </trkpt>
      <trkpt lat="50.66690294" lon="-119.49733812">
      </trkpt>
      <trkpt lat="50.66695453" lon="-119.49746752">
      </trkpt>
      <trkpt lat="50.66701429" lon="-119.49761336">
      </trkpt>
      <trkpt lat="50.66707464" lon="-119.49772898">
      </trkpt>
      <trkpt lat="50.66713626" lon="-119.49778941">
      </trkpt>
      <trkpt lat="50.66727962" lon="-119.49781125">
      </trkpt>
      <trkpt lat="50.667406" lon="-119.49780356">
      </trkpt>
      <trkpt lat="50.66748689" lon="-119.49780774">
      </trkpt>
      <trkpt lat="50.6676009" lon="-119.49792624">
      </trkpt>
      <trkpt lat="50.6676523" lon="-119.49804316">
      </trkpt>
      <trkpt lat="50.66773768" lon="-119.49826005">
      </trkpt>
      <trkpt lat="50.66777186" lon="-119.49836171">
      </trkpt>
      <trkpt lat="50.6678053" lon="-119.49846162">
      </trkpt>
      <trkpt lat="50.66784725" lon="-119.498619">
      </trkpt>
      <trkpt lat="50.66793785" lon="-119.49899321">
      </trkpt>
      <trkpt lat="50.6680136" lon="-119.49923809">
      </trkpt>
      <trkpt lat="50.66804733" lon="-119.49935232">
      </trkpt>
      <trkpt lat="50.6681065" lon="-119.49952497">
      </trkpt>
      <trkpt lat="50.66814781" lon="-119.49968245">
      </trkpt>
      <trkpt lat="50.66819762" lon="-119.49989726">
      </trkpt>
      <trkpt lat="50.66822213" lon="-119.49999861">
      </trkpt>
      <trkpt lat="50.66826491" lon="-119.50011324">
      </trkpt>
      <trkpt lat="50.66828857" lon="-119.50025721">
      </trkpt>
      <trkpt lat="50.6683048" lon="-119.500342">
      </trkpt>
      <trkpt lat="50.66831995" lon="-119.5004855">
      </trkpt>
      <trkpt lat="50.66832712" lon="-119.50056975">
      </trkpt>
      <trkpt lat="50.66835939" lon="-119.5007267">
      </trkpt>
      <trkpt lat="50.66838407" lon="-119.50084039">
      </trkpt>
      <trkpt lat="50.6684276" lon="-119.50089989">
      </trkpt>
      <trkpt lat="50.66847958" lon="-119.5009883">
      </trkpt>
      <trkpt lat="50.66855983" lon="-119.50104944">
      </trkpt>
      <trkpt lat="50.66868322" lon="-119.50115422">
      </trkpt>
      <trkpt lat="50.66874509" lon="-119.50120026">
      </trkpt>
      <trkpt lat="50.66881601" lon="-119.50124683">
      </trkpt>
      <trkpt lat="50.66891382" lon="-119.50130912">
      </trkpt>
      <trkpt lat="50.66901094" lon="-119.50139809">
      </trkpt>
      <trkpt lat="50.66907222" lon="-119.50147265">
      </trkpt>
      <trkpt lat="50.66916827" lon="-119.50162048">
      </trkpt>
      <trkpt lat="50.66919267" lon="-119.50172">
      </trkpt>
      <trkpt lat="50.66921711" lon="-119.50184966">
      </trkpt>
      <trkpt lat="50.6692328" lon="-119.50193452">
      </trkpt>
      <trkpt lat="50.66924843" lon="-119.50204768">
      </trkpt>
      <trkpt lat="50.66925395" lon="-119.50221932">
      </trkpt>
      <trkpt lat="50.66925182" lon="-119.50231728">
      </trkpt>
      <trkpt lat="50.669247" lon="-119.50254372">
      </trkpt>
      <trkpt lat="50.6692442" lon="-119.50267022">
      </trkpt>
      <trkpt lat="50.66927691" lon="-119.50281474">
      </trkpt>
      <trkpt lat="50.66941116" lon="-119.50286464">
      </trkpt>
      <trkpt lat="50.66968272" lon="-119.50276483">
      </trkpt>
      <trkpt lat="50.66990607" lon="-119.50286208">
      </trkpt>
    </trkseg>
    <trkseg>
      <trkpt lat="50.65221995" lon="-119.46500855">
      </trkpt>
      <trkpt lat="50.65217754" lon="-119.46516479">
      </trkpt>
      <trkpt lat="50.65216391" lon="-119.46540073">
      </trkpt>
      <trkpt lat="50.65219602" lon="-119.46575997">
      </trkpt>
      <trkpt lat="50.65221773" lon="-119.46612938">
      </trkpt>
      <trkpt lat="50.65223096" lon="-119.46644804">
      </trkpt>
      <trkpt lat="50.65217489" lon="-119.46689811">
      </trkpt>
      <trkpt lat="50.6521267" lon="-119.46729504">
      </trkpt>
      <trkpt lat="50.6520779" lon="-119.46758809">
      </trkpt>
      <trkpt lat="50.65202335" lon="-119.46806394">
      </trkpt>
      <trkpt lat="50.65201435" lon="-119.46847248">
      </trkpt>
      <trkpt lat="50.65203917" lon="-119.46898874">
      </trkpt>
      <trkpt lat="50.65213448" lon="-119.46958137">
      </trkpt>
      <trkpt lat="50.65228131" lon="-119.4701145">
      </trkpt>
      <trkpt lat="50.65233137" lon="-119.47059243">
      </trkpt>
      <trkpt lat="50.65236215" lon="-119.47111649">
      </trkpt>
      <trkpt lat="50.6522942" lon="-119.47211415">
      </trkpt>
      <trkpt lat="50.65226768" lon="-119.4728805">
      </trkpt>
      <trkpt lat="50.65228126" lon="-119.47358035">
      </trkpt>
      <trkpt lat="50.65235826" lon="-119.47423631">
      </trkpt>
      <trkpt lat="50.65262248" lon="-119.47517693">
      </trkpt>
      <trkpt lat="50.65276592" lon="-119.47584056">
      </trkpt>
      <trkpt lat="50.65289099" lon="-119.4764722">
      </trkpt>
      <trkpt lat="50.65294002" lon="-119.47693295">
      </trkpt>
      <trkpt lat="50.65292201" lon="-119.47728216">
      </trkpt>
      <trkpt lat="50.65306972" lon="-119.47726846">
      </trkpt>
      <trkpt lat="50.65316437" lon="-119.47731073">
      </trkpt>
      <trkpt lat="50.65330923" lon="-119.47726122">
      </trkpt>
      <trkpt lat="50.65352712" lon="-119.47716016">
      </trkpt>
      <trkpt lat="50.653634" lon="-119.47711934">
      </trkpt>
      <trkpt lat="50.65375982" lon="-119.47706825">
      </trkpt>
      <trkpt lat="50.65385999" lon="-119.47701581">
      </trkpt>
      <trkpt lat="50.65399412" lon="-119.476919">
      </trkpt>
      <trkpt lat="50.65416525" lon="-119.47680681">
      </trkpt>
      <trkpt lat="50.65441568" lon="-119.47658915">
      </trkpt>
      <trkpt lat="50.65456813" lon="-119.4764933">
      </trkpt>
      <trkpt lat="50.65466867" lon="-119.47642357">
      </trkpt>
      <trkpt lat="50.65481611" lon="-119.47639094">
      </trkpt>
      <trkpt lat="50.65490334" lon="-119.47631322">
      </trkpt>
      <trkpt lat="50.65497553" lon="-119.47630271">
      </trkpt>
      <trkpt lat="50.65510157" lon="-119.47630923">
      </trkpt>
      <trkpt lat="50.65518226" lon="-119.47637059">
      </trkpt>
      <trkpt lat="50.65529064" lon="-119.47641677">
      </trkpt>
      <trkpt lat="50.65539923" lon="-119.47645285">
      </trkpt>
      <trkpt lat="50.65554724" lon="-119.47645051">
      </trkpt>
      <trkpt lat="50.6556959" lon="-119.47641786">
      </trkpt>
      <trkpt lat="50.65587711" lon="-119.47636666">
      </trkpt>
      <trkpt lat="50.65601092" lon="-119.47625856">
      </trkpt>
      <trkpt lat="50.65611231" lon="-119.47619688">
      </trkpt>
      <trkpt lat="50.6562554" lon="-119.47612345">
      </trkpt>
      <trkpt lat="50.65634622" lon="-119.47608775">
      </trkpt>
      <trkpt lat="50.65643661" lon="-119.47607227">
      </trkpt>
      <trkpt lat="50.65659962" lon="-119.47596952">
      </trkpt>
      <trkpt lat="50.65680435" lon="-119.47573275">
      </trkpt>
      <trkpt lat="50.65707731" lon="-119.47558985">
      </trkpt>
      <trkpt lat="50.65738503" lon="-119.47550963">
      </trkpt>
      <trkpt lat="50.65748393" lon="-119.4755147">
      </trkpt>
      <trkpt lat="50.65756517" lon="-119.47550472">
      </trkpt>
      <trkpt lat="50.65773708" lon="-119.47545652">
      </trkpt>
      <trkpt lat="50.65789168" lon="-119.47538071">
      </trkpt>
      <trkpt lat="50.65796402" lon="-119.47535596">
      </trkpt>
      <trkpt lat="50.65813512" lon="-119.47535066">
      </trkpt>
      <trkpt lat="50.65822452" lon="-119.47535541">
      </trkpt>
      <trkpt lat="50.65838648" lon="-119.47543607">
      </trkpt>
      <trkpt lat="50.65853877" lon="-119.47553517">
      </trkpt>
      <trkpt lat="50.6586795" lon="-119.47557293">
      </trkpt>
      <trkpt lat="50.65888568" lon="-119.47557352">
      </trkpt>
      <trkpt lat="50.65908104" lon="-119.47568364">
      </trkpt>
      <trkpt lat="50.65912477" lon="-119.47575545">
      </trkpt>
      <trkpt lat="50.6592214" lon="-119.47580384">
      </trkpt>
      <trkpt lat="50.6593287" lon="-119.47590058">
      </trkpt>
      <trkpt lat="50.659442" lon="-119.47601785">
      </trkpt>
      <trkpt lat="50.65951675" lon="-119.47613312">
      </trkpt>
      <trkpt lat="50.65959752" lon="-119.47637593">
      </trkpt>
      <trkpt lat="50.6596845" lon="-119.47649303">
      </trkpt>
      <trkpt lat="50.65975415" lon="-119.47659474">
      </trkpt>
      <trkpt lat="50.65985836" lon="-119.47678566">
      </trkpt>
      <trkpt lat="50.65998907" lon="-119.47697627">
      </trkpt>
      <trkpt lat="50.66011195" lon="-119.47713959">
      </trkpt>
      <trkpt lat="50.66025078" lon="-119.47737166">
      </trkpt>
      <trkpt lat="50.66038563" lon="-119.4776261">
      </trkpt>
      <trkpt lat="50.66049264" lon="-119.47785167">
      </trkpt>
      <trkpt lat="50.66066597" lon="-119.47814453">
      </trkpt>
      <trkpt lat="50.66069126" lon="-119.47822968">
      </trkpt>
      <trkpt lat="50.66072414" lon="-119.47835807">
      </trkpt>
      <trkpt lat="50.6607653" lon="-119.47856002">
      </trkpt>
      <trkpt lat="50.66078855" lon="-119.47871653">
      </trkpt>
      <trkpt lat="50.66081301" lon="-119.47884445">
      </trkpt>
      <trkpt lat="50.66096016" lon="-119.47934653">
      </trkpt>
      <trkpt lat="50.66110319" lon="-119.47988034">
      </trkpt>
      <trkpt lat="50.66107312" lon="-119.4803557">
      </trkpt>
      <trkpt lat="50.66106497" lon="-119.48076897">
      </trkpt>
      <trkpt lat="50.66112962" lon="-119.48105575">
      </trkpt>
      <trkpt lat="50.66127993" lon="-119.48154948">
      </trkpt>
      <trkpt lat="50.66128352" lon="-119.48198488">
      </trkpt>
      <trkpt lat="50.66134985" lon="-119.48249442">
      </trkpt>
      <trkpt lat="50.66142028" lon="-119.48281188">
      </trkpt>
      <trkpt lat="50.6615214" lon="-119.48305797">
      </trkpt>
      <trkpt lat="50.661583" lon="-119.48332651">
      </trkpt>
      <trkpt lat="50.6616361" lon="-119.48355199">
      </trkpt>
      <trkpt lat="50.66181921" lon="-119.48371345">
      </trkpt>
      <trkpt lat="50.66203467" lon="-119.48386652">
      </trkpt>
      <trkpt lat="50.66222335" lon="-119.48406878">
      </trkpt>
      <trkpt lat="50.66238892" lon="-119.48414838">
      </trkpt>
      <trkpt lat="50.66271555" lon="-119.48421622">
      </trkpt>
      <trkpt lat="50.66312805" lon="-119.48448091">
      </trkpt>
      <trkpt lat="50.66346323" lon="-119.48475164">
      </trkpt>
      <trkpt lat="50.6635688" lon="-119.48492928">
      </trkpt>
      <trkpt lat="50.66356298" lon="-119.48520225">
      </trkpt>
      <trkpt lat="50.66364945" lon="-119.4856724">
      </trkpt>
      <trkpt lat="50.6638141" lon="-119.48609608">
      </trkpt>
      <trkpt lat="50.66398025" lon="-119.48644899">
      </trkpt>
      <trkpt lat="50.66416871" lon="-119.48666139">
      </trkpt>
      <trkpt lat="50.66449513" lon="-119.48673936">
      </trkpt>
      <trkpt lat="50.66481107" lon="-119.48670545">
      </trkpt>
      <trkpt lat="50.66515915" lon="-119.48667324">
      </trkpt>
      <trkpt lat="50.66562025" lon="-119.4866699">
      </trkpt>
      <trkpt lat="50.66574585" lon="-119.48667651">
      </trkpt>
      <trkpt lat="50.66592598" lon="-119.48667164">
      </trkpt>
      <trkpt lat="50.66604613" lon="-119.48671">
      </trkpt>
      <trkpt lat="50.666162" lon="-119.486706">
      </trkpt>
      <trkpt lat="50.66630251" lon="-119.48675392">
      </trkpt>
      <trkpt lat="50.66644332" lon="-119.48687006">
      </trkpt>
      <trkpt lat="50.66657478" lon="-119.48704456">
      </trkpt>
      <trkpt lat="50.66668748" lon="-119.48723613">
      </trkpt>
      <trkpt lat="50.66681029" lon="-119.48736924">
      </trkpt>
      <trkpt lat="50.66689756" lon="-119.48750226">
      </trkpt>
      <trkpt lat="50.6670014" lon="-119.48770579">
      </trkpt>
      <trkpt lat="50.66709702" lon="-119.48786602">
      </trkpt>
      <trkpt lat="50.66724547" lon="-119.48807188">
      </trkpt>
      <trkpt lat="50.66734216" lon="-119.48816259">
      </trkpt>
      <trkpt lat="50.66744023" lon="-119.4882106">
      </trkpt>
      <trkpt lat="50.66757268" lon="-119.48831573">
      </trkpt>
      <trkpt lat="50.66777341" lon="-119.48862416">
      </trkpt>
      <trkpt lat="50.66789597" lon="-119.48877153">
      </trkpt>
      <trkpt lat="50.66797467" lon="-119.48887381">
      </trkpt>
      <trkpt lat="50.66808883" lon="-119.48902254">
      </trkpt>
      <trkpt lat="50.66821717" lon="-119.48932728">
      </trkpt>
      <trkpt lat="50.66826662" lon="-119.48952793">
      </trkpt>
      <trkpt lat="50.66837808" lon="-119.48980314">
      </trkpt>
      <trkpt lat="50.66844543" lon="-119.48999066">
      </trkpt>
      <trkpt lat="50.66847976" lon="-119.49007623">
      </trkpt>
      <trkpt lat="50.66852203" lon="-119.49019276">
      </trkpt>
      <trkpt lat="50.66859079" lon="-119.49036572">
      </trkpt>
      <trkpt lat="50.6687203" lon="-119.49061344">
      </trkpt>
      <trkpt lat="50.66879791" lon="-119.49077275">
      </trkpt>
      <trkpt lat="50.66897087" lon="-119.49107997">
      </trkpt>
      <trkpt lat="50.66907401" lon="-119.49131021">
      </trkpt>
      <trkpt lat="50.66919422" lon="-119.49157165">
      </trkpt>
      <trkpt lat="50.66930734" lon="-119.49176134">
      </trkpt>
      <trkpt lat="50.66949002" lon="-119.49204044">
      </trkpt>
      <trkpt lat="50.6696722" lon="-119.49236055">
      </trkpt>
      <trkpt lat="50.66978523" lon="-119.49253775">
      </trkpt>
      <trkpt lat="50.669934" lon="-119.49272937">
      </trkpt>
      <trkpt lat="50.67014525" lon="-119.49293865">
      </trkpt>
      <trkpt lat="50.67025988" lon="-119.49305704">
      </trkpt>
      <trkpt lat="50.67040959" lon="-119.49320759">
      </trkpt>
      <trkpt lat="50.67059549" lon="-119.49335829">
      </trkpt>
      <trkpt lat="50.67065762" lon="-119.49339021">
      </trkpt>
      <trkpt lat="50.67073674" lon="-119.49347993">
      </trkpt>
      <trkpt lat="50.67099302" lon="-119.49367727">
      </trkpt>
      <trkpt lat="50.6710998" lon="-119.49373995">
      </trkpt>
      <trkpt lat="50.67122422" lon="-119.49380362">
      </trkpt>
      <trkpt lat="50.67143047" lon="-119.49384119">
      </trkpt>
      <trkpt lat="50.6715298" lon="-119.49383217">
      </trkpt>
      <trkpt lat="50.67161922" lon="-119.49383866">
      </trkpt>
      <trkpt lat="50.6717455" lon="-119.49382927">
      </trkpt>
      <trkpt lat="50.67183647" lon="-119.49379289">
      </trkpt>
      <trkpt lat="50.67193576" lon="-119.49375543">
      </trkpt>
      <trkpt lat="50.67204499" lon="-119.49370573">
      </trkpt>
      <trkpt lat="50.67217322" lon="-119.49361247">
      </trkpt>
      <trkpt lat="50.67224674" lon="-119.49353071">
      </trkpt>
      <trkpt lat="50.67232984" lon="-119.4934369">
      </trkpt>
      <trkpt lat="50.67240311" lon="-119.49336939">
      </trkpt>
      <trkpt lat="50.67247638" lon="-119.49330188">
      </trkpt>
      <trkpt lat="50.6725948" lon="-119.49322426">
      </trkpt>
      <trkpt lat="50.67268406" lon="-119.49325749">
      </trkpt>
      <trkpt lat="50.67279034" lon="-119.49334868">
      </trkpt>
      <trkpt lat="50.67291187" lon="-119.49353717">
      </trkpt>
      <trkpt lat="50.67295417" lon="-119.49368215">
      </trkpt>
      <trkpt lat="50.67298737" lon="-119.49379632">
      </trkpt>
      <trkpt lat="50.67305569" lon="-119.49397121">
      </trkpt>
      <trkpt lat="50.67308122" lon="-119.49404214">
      </trkpt>
      <trkpt lat="50.67312358" lon="-119.49415868">
      </trkpt>
      <trkpt lat="50.67320871" lon="-119.4943897">
      </trkpt>
      <trkpt lat="50.67330491" lon="-119.49452146">
      </trkpt>
      <trkpt lat="50.67345614" lon="-119.49460086">
      </trkpt>
      <trkpt lat="50.67358037" lon="-119.49466271">
      </trkpt>
      <trkpt lat="50.67367042" lon="-119.49466925">
      </trkpt>
      <trkpt lat="50.67376931" lon="-119.49467266">
      </trkpt>
      <trkpt lat="50.67385842" lon="-119.49472185">
      </trkpt>
      <trkpt lat="50.67396431" lon="-119.49479718">
      </trkpt>
      <trkpt lat="50.67406212" lon="-119.49485932">
      </trkpt>
      <trkpt lat="50.67413211" lon="-119.49494696">
      </trkpt>
      <trkpt lat="50.67426171" lon="-119.49519642">
      </trkpt>
      <trkpt lat="50.67438284" lon="-119.49542763">
      </trkpt>
      <trkpt lat="50.6744792" lon="-119.49553277">
      </trkpt>
      <trkpt lat="50.67463819" lon="-119.49566778">
      </trkpt>
      <trkpt lat="50.6746911" lon="-119.49571341">
      </trkpt>
      <trkpt lat="50.6747966" lon="-119.49583145">
      </trkpt>
      <trkpt lat="50.67484893" lon="-119.4959056">
      </trkpt>
      <trkpt lat="50.67492713" lon="-119.49603812">
      </trkpt>
      <trkpt lat="50.67507921" lon="-119.49649943">
      </trkpt>
    </trkseg>
    <trkseg>
      <trkpt lat="50.66440402" lon="-119.44212593">
      </trkpt>
      <trkpt lat="50.6644102" lon="-119.44226903">
      </trkpt>
      <trkpt lat="50.66441607" lon="-119.4423961">
      </trkpt>
      <trkpt lat="50.66443234" lon="-119.44248072">
      </trkpt>
      <trkpt lat="50.66446623" lon="-119.44259658">
      </trkpt>
      <trkpt lat="50.66450878" lon="-119.44269697">
      </trkpt>
      <trkpt lat="50.66454325" lon="-119.44278432">
      </trkpt>
      <trkpt lat="50.66458637" lon="-119.44285619">
      </trkpt>
      <trkpt lat="50.66462084" lon="-119.44294354">
      </trkpt>
      <trkpt lat="50.66468077" lon="-119.44308943">
      </trkpt>
      <trkpt lat="50.66475721" lon="-119.44330568">
      </trkpt>
      <trkpt lat="50.66479046" lon="-119.4434198">
      </trkpt>
      <trkpt lat="50.66482335" lon="-119.44357675">
      </trkpt>
      <trkpt lat="50.66483919" lon="-119.44366328">
      </trkpt>
      <trkpt lat="50.6648882" lon="-119.44392079">
      </trkpt>
      <trkpt lat="50.66493624" lon="-119.44419095">
      </trkpt>
      <trkpt lat="50.66494332" lon="-119.44429127">
      </trkpt>
      <trkpt lat="50.66496705" lon="-119.44443521">
      </trkpt>
      <trkpt lat="50.66497279" lon="-119.44459073">
      </trkpt>
      <trkpt lat="50.66498699" lon="-119.44477345">
      </trkpt>
      <trkpt lat="50.6650036" lon="-119.44484565">
      </trkpt>
      <trkpt lat="50.6650269" lon="-119.44500216">
      </trkpt>
      <trkpt lat="50.66504327" lon="-119.44508861">
      </trkpt>
      <trkpt lat="50.66508622" lon="-119.445205">
      </trkpt>
      <trkpt lat="50.6651198" lon="-119.44530485">
      </trkpt>
      <trkpt lat="50.66522949" lon="-119.44563537">
      </trkpt>
      <trkpt lat="50.66525949" lon="-119.44593476">
      </trkpt>
      <trkpt lat="50.66528467" lon="-119.44603598">
      </trkpt>
      <trkpt lat="50.66530854" lon="-119.44616398">
      </trkpt>
      <trkpt lat="50.66533338" lon="-119.44627933">
      </trkpt>
      <trkpt lat="50.66538372" lon="-119.44643544">
      </trkpt>
      <trkpt lat="50.66543541" lon="-119.44653804">
      </trkpt>
      <trkpt lat="50.6654874" lon="-119.44665482">
      </trkpt>
      <trkpt lat="50.66553085" lon="-119.44671243">
      </trkpt>
      <trkpt lat="50.66565382" lon="-119.44684726">
      </trkpt>
      <trkpt lat="50.66591071" lon="-119.44704423">
      </trkpt>
      <trkpt lat="50.66598199" lon="-119.44707645">
      </trkpt>
      <trkpt lat="50.66608754" lon="-119.44719436">
      </trkpt>
      <trkpt lat="50.66614721" lon="-119.44735436">
      </trkpt>
      <trkpt lat="50.66618139" lon="-119.44742755">
      </trkpt>
      <trkpt lat="50.66622422" lon="-119.44754211">
      </trkpt>
      <trkpt lat="50.66625782" lon="-119.44764382">
      </trkpt>
      <trkpt lat="50.66637824" lon="-119.44791762">
      </trkpt>
      <trkpt lat="50.66642762" lon="-119.44813259">
      </trkpt>
      <trkpt lat="50.66646843" lon="-119.44831853">
      </trkpt>
      <trkpt lat="50.66654577" lon="-119.44849202">
      </trkpt>
      <trkpt lat="50.6666042" lon="-119.44870907">
      </trkpt>
      <trkpt lat="50.6666531" lon="-119.44896491">
      </trkpt>
      <trkpt lat="50.66669367" lon="-119.4491651">
      </trkpt>
      <trkpt lat="50.66671818" lon="-119.44929486">
      </trkpt>
      <trkpt lat="50.66672482" lon="-119.44940761">
      </trkpt>
      <trkpt lat="50.66674614" lon="-119.44966393">
      </trkpt>
      <trkpt lat="50.66676742" lon="-119.44994868">
      </trkpt>
      <trkpt lat="50.66677016" lon="-119.45024496">
      </trkpt>
      <trkpt lat="50.66676582" lon="-119.45042869">
      </trkpt>
      <trkpt lat="50.66676341" lon="-119.45054092">
      </trkpt>
      <trkpt lat="50.66676982" lon="-119.45066977">
      </trkpt>
      <trkpt lat="50.66682112" lon="-119.45081324">
      </trkpt>
      <trkpt lat="50.66695712" lon="-119.45118784">
      </trkpt>
      <trkpt lat="50.66699071" lon="-119.45128955">
      </trkpt>
      <trkpt lat="50.66701555" lon="-119.45140504">
      </trkpt>
      <trkpt lat="50.6670309" lon="-119.45153244">
      </trkpt>
      <trkpt lat="50.66706343" lon="-119.45169117">
      </trkpt>
      <trkpt lat="50.66709153" lon="-119.4520443">
      </trkpt>
      <trkpt lat="50.66711406" lon="-119.45227372">
      </trkpt>
      <trkpt lat="50.66712906" lon="-119.45241368">
      </trkpt>
      <trkpt lat="50.66713605" lon="-119.45251402">
      </trkpt>
      <trkpt lat="50.66714153" lon="-119.4526838">
      </trkpt>
      <trkpt lat="50.66715206" lon="-119.45302514">
      </trkpt>
      <trkpt lat="50.66716693" lon="-119.45318119">
      </trkpt>
      <trkpt lat="50.6671803" lon="-119.45340839">
      </trkpt>
      <trkpt lat="50.66720094" lon="-119.45369324">
      </trkpt>
      <trkpt lat="50.66725936" lon="-119.4539086">
      </trkpt>
      <trkpt lat="50.66730243" lon="-119.45400893">
      </trkpt>
      <trkpt lat="50.66738708" lon="-119.4542685">
      </trkpt>
      <trkpt lat="50.66739958" lon="-119.45451005">
      </trkpt>
      <trkpt lat="50.66741353" lon="-119.45470888">
      </trkpt>
      <trkpt lat="50.66741087" lon="-119.45483536">
      </trkpt>
      <trkpt lat="50.66741544" lon="-119.45504793">
      </trkpt>
      <trkpt lat="50.66742092" lon="-119.45521771">
      </trkpt>
      <trkpt lat="50.66743444" lon="-119.45541831">
      </trkpt>
      <trkpt lat="50.66743992" lon="-119.4555881">
      </trkpt>
      <trkpt lat="50.66744679" lon="-119.4556866">
      </trkpt>
      <trkpt lat="50.66745401" lon="-119.45577084">
      </trkpt>
      <trkpt lat="50.66746017" lon="-119.45591395">
      </trkpt>
      <trkpt lat="50.66746565" lon="-119.45608374">
      </trkpt>
      <trkpt lat="50.66746241" lon="-119.45623873">
      </trkpt>
      <trkpt lat="50.6674483" lon="-119.45647891">
      </trkpt>
      <trkpt lat="50.66746355" lon="-119.45659396">
      </trkpt>
      <trkpt lat="50.66751427" lon="-119.45676609">
      </trkpt>
      <trkpt lat="50.66756711" lon="-119.45681168">
      </trkpt>
      <trkpt lat="50.66761993" lon="-119.45685543">
      </trkpt>
      <trkpt lat="50.66774251" lon="-119.45703299">
      </trkpt>
      <trkpt lat="50.66782961" lon="-119.45715177">
      </trkpt>
      <trkpt lat="50.66788264" lon="-119.45720984">
      </trkpt>
      <trkpt lat="50.66793466" lon="-119.4572982">
      </trkpt>
      <trkpt lat="50.66796021" lon="-119.4573691">
      </trkpt>
      <trkpt lat="50.66797603" lon="-119.45745564">
      </trkpt>
      <trkpt lat="50.66799195" lon="-119.45755453">
      </trkpt>
      <trkpt lat="50.66798766" lon="-119.45776839">
      </trkpt>
      <trkpt lat="50.66798492" lon="-119.45789503">
      </trkpt>
      <trkpt lat="50.66798283" lon="-119.457993">
      </trkpt>
      <trkpt lat="50.66797893" lon="-119.45817667">
      </trkpt>
      <trkpt lat="50.66797304" lon="-119.45845999">
      </trkpt>
      <trkpt lat="50.66792306" lon="-119.45868408">
      </trkpt>
      <trkpt lat="50.66789322" lon="-119.45883771">
      </trkpt>
      <trkpt lat="50.66788175" lon="-119.45894955">
      </trkpt>
      <trkpt lat="50.6678777" lon="-119.45914916">
      </trkpt>
      <trkpt lat="50.66790863" lon="-119.4593775">
      </trkpt>
      <trkpt lat="50.6679125" lon="-119.45961676">
      </trkpt>
      <trkpt lat="50.66793525" lon="-119.45983022">
      </trkpt>
      <trkpt lat="50.66794924" lon="-119.46000062">
      </trkpt>
      <trkpt lat="50.66796259" lon="-119.46022783">
      </trkpt>
      <trkpt lat="50.66797722" lon="-119.46039984">
      </trkpt>
      <trkpt lat="50.66799072" lon="-119.4606111">
      </trkpt>
      <trkpt lat="50.66798758" lon="-119.46076793">
      </trkpt>
      <trkpt lat="50.66798429" lon="-119.46089465">
      </trkpt>
      <trkpt lat="50.6679497" lon="-119.46127457">
      </trkpt>
      <trkpt lat="50.66792896" lon="-119.46140198">
      </trkpt>
      <trkpt lat="50.66792722" lon="-119.46148753">
      </trkpt>
      <trkpt lat="50.66793327" lon="-119.4616288">
      </trkpt>
      <trkpt lat="50.66800701" lon="-119.46197173">
      </trkpt>
      <trkpt lat="50.66802007" lon="-119.46218476">
      </trkpt>
      <trkpt lat="50.66807901" lon="-119.46240006">
      </trkpt>
      <trkpt lat="50.66812827" lon="-119.46261506">
      </trkpt>
      <trkpt lat="50.66816939" lon="-119.46278676">
      </trkpt>
      <trkpt lat="50.66822736" lon="-119.46301641">
      </trkpt>
      <trkpt lat="50.66829331" lon="-119.46330347">
      </trkpt>
      <trkpt lat="50.66835857" lon="-119.46361736">
      </trkpt>
      <trkpt lat="50.66838213" lon="-119.46378806">
      </trkpt>
      <trkpt lat="50.66839607" lon="-119.4639869">
      </trkpt>
      <trkpt lat="50.6684177" lon="-119.46423067">
      </trkpt>
      <trkpt lat="50.66842955" lon="-119.46452748">
      </trkpt>
      <trkpt lat="50.66846096" lon="-119.46472732">
      </trkpt>
      <trkpt lat="50.66851083" lon="-119.46494209">
      </trkpt>
      <trkpt lat="50.66852506" lon="-119.46509824">
      </trkpt>
      <trkpt lat="50.66854059" lon="-119.46522747">
      </trkpt>
      <trkpt lat="50.66853599" lon="-119.46543783">
      </trkpt>
      <trkpt lat="50.66856486" lon="-119.46579427">
      </trkpt>
      <trkpt lat="50.66859811" lon="-119.46591025">
      </trkpt>
      <trkpt lat="50.66862316" lon="-119.46600966">
      </trkpt>
      <trkpt lat="50.66864792" lon="-119.4660949">
      </trkpt>
      <trkpt lat="50.66869016" lon="-119.46623801">
      </trkpt>
      <trkpt lat="50.66873188" lon="-119.46638304">
      </trkpt>
      <trkpt lat="50.66880919" lon="-119.46655657">
      </trkpt>
      <trkpt lat="50.66885156" lon="-119.46667293">
      </trkpt>
      <trkpt lat="50.66896347" lon="-119.4669179">
      </trkpt>
      <trkpt lat="50.66907712" lon="-119.46706651">
      </trkpt>
      <trkpt lat="50.6691465" lon="-119.46721106">
      </trkpt>
      <trkpt lat="50.66924171" lon="-119.46737303">
      </trkpt>
      <trkpt lat="50.66928511" lon="-119.46745911">
      </trkpt>
      <trkpt lat="50.6693361" lon="-119.46758857">
      </trkpt>
      <trkpt lat="50.66940423" lon="-119.46784819">
      </trkpt>
      <trkpt lat="50.66947785" lon="-119.46812048">
      </trkpt>
      <trkpt lat="50.66967068" lon="-119.46815042">
      </trkpt>
      <trkpt lat="50.66991885" lon="-119.4683432">
      </trkpt>
      <trkpt lat="50.67004548" lon="-119.46843222">
      </trkpt>
      <trkpt lat="50.67014802" lon="-119.46853497">
      </trkpt>
      <trkpt lat="50.67037622" lon="-119.46877163">
      </trkpt>
      <trkpt lat="50.67054057" lon="-119.46887762">
      </trkpt>
      <trkpt lat="50.67074263" lon="-119.46900058">
      </trkpt>
      <trkpt lat="50.67093486" lon="-119.46913799">
      </trkpt>
      <trkpt lat="50.67116005" lon="-119.46929212">
      </trkpt>
      <trkpt lat="50.6713946" lon="-119.46945422">
      </trkpt>
      <trkpt lat="50.67154104" lon="-119.46950686">
      </trkpt>
      <trkpt lat="50.67163549" lon="-119.46954176">
      </trkpt>
      <trkpt lat="50.67175895" lon="-119.46955574">
      </trkpt>
      <trkpt lat="50.67183566" lon="-119.46952981">
      </trkpt>
      <trkpt lat="50.67189429" lon="-119.46945799">
      </trkpt>
      <trkpt lat="50.67197338" lon="-119.46931983">
      </trkpt>
      <trkpt lat="50.67204897" lon="-119.46912157">
      </trkpt>
      <trkpt lat="50.67209415" lon="-119.46901158">
      </trkpt>
      <trkpt lat="50.67223931" lon="-119.46889937">
      </trkpt>
      <trkpt lat="50.67240572" lon="-119.46868341">
      </trkpt>
      <trkpt lat="50.67258718" lon="-119.46843077">
      </trkpt>
      <trkpt lat="50.67284267" lon="-119.4680757">
      </trkpt>
      <trkpt lat="50.67295214" lon="-119.46794134">
      </trkpt>
      <trkpt lat="50.67306996" lon="-119.46782816">
      </trkpt>
      <trkpt lat="50.6731633" lon="-119.46778918">
      </trkpt>
      <trkpt lat="50.67331596" lon="-119.4677972">
      </trkpt>
      <trkpt lat="50.67347843" lon="-119.46777877">
      </trkpt>
      <trkpt lat="50.67354235" lon="-119.46775352">
      </trkpt>
      <trkpt lat="50.67361503" lon="-119.46771449">
      </trkpt>
      <trkpt lat="50.6736878" lon="-119.46767715">
      </trkpt>
      <trkpt lat="50.6738061" lon="-119.46759777">
      </trkpt>
      <trkpt lat="50.67392459" lon="-119.46753243">
      </trkpt>
      <trkpt lat="50.67402542" lon="-119.46745374">
      </trkpt>
      <trkpt lat="50.67412587" lon="-119.46735919">
      </trkpt>
      <trkpt lat="50.67429091" lon="-119.46721242">
      </trkpt>
      <trkpt lat="50.67441067" lon="-119.46709188">
      </trkpt>
      <trkpt lat="50.67450293" lon="-119.46698245">
      </trkpt>
      <trkpt lat="50.67463237" lon="-119.46680547">
      </trkpt>
      <trkpt lat="50.67475329" lon="-119.46662788">
      </trkpt>
      <trkpt lat="50.67488238" lon="-119.46646503">
      </trkpt>
      <trkpt lat="50.67498413" lon="-119.46634355">
      </trkpt>
      <trkpt lat="50.67510321" lon="-119.46624983">
      </trkpt>
      <trkpt lat="50.67515764" lon="-119.46622582">
      </trkpt>
      <trkpt lat="50.67529428" lon="-119.46613309">
      </trkpt>
      <trkpt lat="50.67544925" lon="-119.46602689">
      </trkpt>
      <trkpt lat="50.67556785" lon="-119.46596338">
      </trkpt>
      <trkpt lat="50.67573138" lon="-119.4658862">
      </trkpt>
      <trkpt lat="50.67580463" lon="-119.46581864">
      </trkpt>
      <trkpt lat="50.67589667" lon="-119.46572531">
      </trkpt>
      <trkpt lat="50.67597964" lon="-119.4656296">
      </trkpt>
      <trkpt lat="50.67604361" lon="-119.46557761">
      </trkpt>
      <trkpt lat="50.67624601" lon="-119.46537576">
      </trkpt>
      <trkpt lat="50.67632061" lon="-119.46525283">
      </trkpt>
      <trkpt lat="50.67645933" lon="-119.46506197">
      </trkpt>
      <trkpt lat="50.67658083" lon="-119.46485585">
      </trkpt>
      <trkpt lat="50.67668432" lon="-119.4646488">
      </trkpt>
      <trkpt lat="50.6768972" lon="-119.46434759">
      </trkpt>
      <trkpt lat="50.6769992" lon="-119.46421185">
      </trkpt>
      <trkpt lat="50.67715751" lon="-119.46395058">
      </trkpt>
      <trkpt lat="50.67724165" lon="-119.46379967">
      </trkpt>
      <trkpt lat="50.6773541" lon="-119.46359316">
      </trkpt>
      <trkpt lat="50.67742894" lon="-119.46345597">
      </trkpt>
      <trkpt lat="50.67755837" lon="-119.46327897">
      </trkpt>
      <trkpt lat="50.6776591" lon="-119.46319844">
      </trkpt>
      <trkpt lat="50.67776042" lon="-119.46309123">
      </trkpt>
      <trkpt lat="50.6778706" lon="-119.46297035">
      </trkpt>
      <trkpt lat="50.67798129" lon="-119.46284755">
      </trkpt>
      <trkpt lat="50.67811091" lon="-119.4626846">
      </trkpt>
      <trkpt lat="50.67822108" lon="-119.46256372">
      </trkpt>
      <trkpt lat="50.67834082" lon="-119.46244131">
      </trkpt>
      <trkpt lat="50.67846004" lon="-119.46232082">
      </trkpt>
      <trkpt lat="50.67859813" lon="-119.46218691">
      </trkpt>
      <trkpt lat="50.67870946" lon="-119.46200898">
      </trkpt>
      <trkpt lat="50.67877569" lon="-119.46186949">
      </trkpt>
      <trkpt lat="50.67887888" lon="-119.46164825">
      </trkpt>
      <trkpt lat="50.67894522" lon="-119.46151059">
      </trkpt>
      <trkpt lat="50.67906617" lon="-119.46130453">
      </trkpt>
      <trkpt lat="50.67921543" lon="-119.46104286">
      </trkpt>
      <trkpt lat="50.67935501" lon="-119.46083763">
      </trkpt>
      <trkpt lat="50.67946629" lon="-119.460688">
      </trkpt>
      <trkpt lat="50.67954936" lon="-119.46059411">
      </trkpt>
      <trkpt lat="50.67966872" lon="-119.46045766">
      </trkpt>
      <trkpt lat="50.67980752" lon="-119.46026676">
      </trkpt>
      <trkpt lat="50.67991846" lon="-119.4601314">
      </trkpt>
      <trkpt lat="50.6800383" lon="-119.46001081">
      </trkpt>
      <trkpt lat="50.68017561" lon="-119.45989122">
      </trkpt>
      <trkpt lat="50.68041241" lon="-119.45974828">
      </trkpt>
      <trkpt lat="50.68048541" lon="-119.45969496">
      </trkpt>
      <trkpt lat="50.68059461" lon="-119.45964347">
      </trkpt>
      <trkpt lat="50.6807295" lon="-119.45963614">
      </trkpt>
      <trkpt lat="50.68085476" lon="-119.45965695">
      </trkpt>
      <trkpt lat="50.6809794" lon="-119.45973473">
      </trkpt>
      <trkpt lat="50.68110327" lon="-119.45982684">
      </trkpt>
      <trkpt lat="50.68123594" lon="-119.45994611">
      </trkpt>
      <trkpt lat="50.68129781" lon="-119.4599904">
      </trkpt>
      <trkpt lat="50.68136899" lon="-119.46002267">
      </trkpt>
      <trkpt lat="50.68144084" lon="-119.46002639">
      </trkpt>
      <trkpt lat="50.68173762" lon="-119.46002927">
      </trkpt>
      <trkpt lat="50.68185496" lon="-119.46002109">
      </trkpt>
      <trkpt lat="50.68191776" lon="-119.46002429">
      </trkpt>
      <trkpt lat="50.68201666" lon="-119.46002947">
      </trkpt>
      <trkpt lat="50.6821787" lon="-119.46002358">
      </trkpt>
      <trkpt lat="50.68227715" lon="-119.46002869">
      </trkpt>
      <trkpt lat="50.68239424" lon="-119.46003476">
      </trkpt>
      <trkpt lat="50.68257379" lon="-119.46005831">
      </trkpt>
      <trkpt lat="50.68272586" lon="-119.46009469">
      </trkpt>
      <trkpt lat="50.68291335" lon="-119.46014737">
      </trkpt>
      <trkpt lat="50.68308269" lon="-119.46022745">
      </trkpt>
      <trkpt lat="50.68322456" lon="-119.46032049">
      </trkpt>
      <trkpt lat="50.68338451" lon="-119.46041275">
      </trkpt>
      <trkpt lat="50.6835165" lon="-119.46054805">
      </trkpt>
      <trkpt lat="50.68363978" lon="-119.46067936">
      </trkpt>
      <trkpt lat="50.68373534" lon="-119.46082724">
      </trkpt>
      <trkpt lat="50.68378779" lon="-119.46091372">
      </trkpt>
      <trkpt lat="50.6839436" lon="-119.46120568">
      </trkpt>
      <trkpt lat="50.68402184" lon="-119.46133817">
      </trkpt>
      <trkpt lat="50.68409858" lon="-119.46154027">
      </trkpt>
      <trkpt lat="50.68417478" lon="-119.46174246">
      </trkpt>
      <trkpt lat="50.68426139" lon="-119.46190231">
      </trkpt>
      <trkpt lat="50.6843135" lon="-119.46200307">
      </trkpt>
      <trkpt lat="50.68437225" lon="-119.4622061">
      </trkpt>
      <trkpt lat="50.68443204" lon="-119.46235024">
      </trkpt>
      <trkpt lat="50.68453592" lon="-119.46255365">
      </trkpt>
      <trkpt lat="50.68462325" lon="-119.46265823">
      </trkpt>
      <trkpt lat="50.68473943" lon="-119.46270711">
      </trkpt>
      <trkpt lat="50.68483832" lon="-119.46271045">
      </trkpt>
      <trkpt lat="50.68494641" lon="-119.46268926">
      </trkpt>
      <trkpt lat="50.68507254" lon="-119.46269574">
      </trkpt>
      <trkpt lat="50.68515333" lon="-119.46269816">
      </trkpt>
      <trkpt lat="50.68526965" lon="-119.46272029">
      </trkpt>
      <trkpt lat="50.68535046" lon="-119.46272456">
      </trkpt>
      <trkpt lat="50.68547693" lon="-119.46271676">
      </trkpt>
      <trkpt lat="50.68555695" lon="-119.46273523">
      </trkpt>
      <trkpt lat="50.68569053" lon="-119.46281172">
      </trkpt>
      <trkpt lat="50.68576147" lon="-119.46285825">
      </trkpt>
      <trkpt lat="50.68588591" lon="-119.46292186">
      </trkpt>
      <trkpt lat="50.6859746" lon="-119.46298357">
      </trkpt>
      <trkpt lat="50.68603624" lon="-119.46304397">
      </trkpt>
      <trkpt lat="50.6861153" lon="-119.46313198">
      </trkpt>
      <trkpt lat="50.68618565" lon="-119.46320704">
      </trkpt>
      <trkpt lat="50.6862648" lon="-119.46329674">
      </trkpt>
      <trkpt lat="50.68632658" lon="-119.46334106">
      </trkpt>
      <trkpt lat="50.68644377" lon="-119.46334884">
      </trkpt>
      <trkpt lat="50.68662032" lon="-119.46351335">
      </trkpt>
      <trkpt lat="50.68684182" lon="-119.46366589">
      </trkpt>
      <trkpt lat="50.68684888" lon="-119.46376612">
      </trkpt>
      <trkpt lat="50.68686451" lon="-119.46385102">
      </trkpt>
      <trkpt lat="50.68693741" lon="-119.46423674">
      </trkpt>
      <trkpt lat="50.68702891" lon="-119.46459499">
      </trkpt>
      <trkpt lat="50.68703563" lon="-119.46470949">
      </trkpt>
      <trkpt lat="50.68704167" lon="-119.46485083">
      </trkpt>
      <trkpt lat="50.68705691" lon="-119.46496593">
      </trkpt>
      <trkpt lat="50.68710845" lon="-119.46509537">
      </trkpt>
      <trkpt lat="50.68717695" lon="-119.46525418">
      </trkpt>
      <trkpt lat="50.68724706" lon="-119.4653435">
      </trkpt>
      <trkpt lat="50.68729085" lon="-119.46538874">
      </trkpt>
      <trkpt lat="50.68739704" lon="-119.46547805">
      </trkpt>
      <trkpt lat="50.68745835" lon="-119.46555273">
      </trkpt>
      <trkpt lat="50.68750222" lon="-119.46559781">
      </trkpt>
      <trkpt lat="50.68758152" lon="-119.46567157">
      </trkpt>
      <trkpt lat="50.68769744" lon="-119.46573472">
      </trkpt>
      <trkpt lat="50.68782247" lon="-119.46577151">
      </trkpt>
      <trkpt lat="50.68802035" lon="-119.46578004">
      </trkpt>
      <trkpt lat="50.68812099" lon="-119.46569951">
      </trkpt>
      <trkpt lat="50.68818505" lon="-119.46564749">
      </trkpt>
      <trkpt lat="50.68825806" lon="-119.46559417">
      </trkpt>
      <trkpt lat="50.68833107" lon="-119.46554085">
      </trkpt>
      <trkpt lat="50.68850399" lon="-119.46545161">
      </trkpt>
      <trkpt lat="50.68863956" lon="-119.46541761">
      </trkpt>
      <trkpt lat="50.68872027" lon="-119.46542005">
      </trkpt>
      <trkpt lat="50.68887301" lon="-119.46542805">
      </trkpt>
      <trkpt lat="50.68899103" lon="-119.46539305">
      </trkpt>
      <trkpt lat="50.68919103" lon="-119.46527497">
      </trkpt>
      <trkpt lat="50.68936327" lon="-119.46521243">
      </trkpt>
      <trkpt lat="50.68954467" lon="-119.46515225">
      </trkpt>
      <trkpt lat="50.68968038" lon="-119.46510214">
      </trkpt>
      <trkpt lat="50.68998762" lon="-119.46503426">
      </trkpt>
      <trkpt lat="50.69005186" lon="-119.46499459">
      </trkpt>
      <trkpt lat="50.69010644" lon="-119.46495462">
      </trkpt>
      <trkpt lat="50.69017911" lon="-119.46491557">
      </trkpt>
      <trkpt lat="50.69028028" lon="-119.46482258">
      </trkpt>
      <trkpt lat="50.69034459" lon="-119.4647563">
      </trkpt>
      <trkpt lat="50.69044532" lon="-119.46467589">
      </trkpt>
      <trkpt lat="50.69055491" lon="-119.46458338">
      </trkpt>
      <trkpt lat="50.69065497" lon="-119.46453151">
      </trkpt>
      <trkpt lat="50.6907274" lon="-119.46450671">
      </trkpt>
      <trkpt lat="50.69083636" lon="-119.46447118">
      </trkpt>
      <trkpt lat="50.69090912" lon="-119.46443211">
      </trkpt>
      <trkpt lat="50.69101823" lon="-119.46438063">
      </trkpt>
      <trkpt lat="50.69120837" lon="-119.46430494">
      </trkpt>
      <trkpt lat="50.69132721" lon="-119.46422714">
      </trkpt>
      <trkpt lat="50.69140959" lon="-119.46415993">
      </trkpt>
      <trkpt lat="50.69148251" lon="-119.46410662">
      </trkpt>
      <trkpt lat="50.69156466" lon="-119.46405551">
      </trkpt>
      <trkpt lat="50.69167411" lon="-119.46398975">
      </trkpt>
      <trkpt lat="50.69177343" lon="-119.46398066">
      </trkpt>
      <trkpt lat="50.69182709" lon="-119.46398349">
      </trkpt>
      <trkpt lat="50.6919883" lon="-119.46402041">
      </trkpt>
      <trkpt lat="50.69211298" lon="-119.46406977">
      </trkpt>
      <trkpt lat="50.69221986" lon="-119.46413239">
      </trkpt>
      <trkpt lat="50.69236264" lon="-119.46418266">
      </trkpt>
      <trkpt lat="50.69251446" lon="-119.46423333">
      </trkpt>
      <trkpt lat="50.69260306" lon="-119.46429336">
      </trkpt>
      <trkpt lat="50.69278018" lon="-119.46442922">
      </trkpt>
      <trkpt lat="50.69302025" lon="-119.46454182">
      </trkpt>
      <trkpt lat="50.69320851" lon="-119.46458005">
      </trkpt>
      <trkpt lat="50.69328941" lon="-119.46458431">
      </trkpt>
      <trkpt lat="50.69338897" lon="-119.46456082">
      </trkpt>
      <trkpt lat="50.69347985" lon="-119.46452451">
      </trkpt>
      <trkpt lat="50.69356156" lon="-119.46448584">
      </trkpt>
      <trkpt lat="50.69371629" lon="-119.46439398">
      </trkpt>
      <trkpt lat="50.69384397" lon="-119.46430238">
      </trkpt>
      <trkpt lat="50.69397184" lon="-119.46422326">
      </trkpt>
      <trkpt lat="50.69409918" lon="-119.46414422">
      </trkpt>
      <trkpt lat="50.6942663" lon="-119.46389935">
      </trkpt>
      <trkpt lat="50.69443052" lon="-119.46379543">
      </trkpt>
      <trkpt lat="50.6945683" lon="-119.46364545">
      </trkpt>
      <trkpt lat="50.69465128" lon="-119.46355155">
      </trkpt>
      <trkpt lat="50.69469768" lon="-119.46349683">
      </trkpt>
      <trkpt lat="50.69479899" lon="-119.46338774">
      </trkpt>
      <trkpt lat="50.69490011" lon="-119.46326629">
      </trkpt>
      <trkpt lat="50.69496495" lon="-119.46319993">
      </trkpt>
      <trkpt lat="50.69508382" lon="-119.46309196">
      </trkpt>
      <trkpt lat="50.69516738" lon="-119.46296952">
      </trkpt>
      <trkpt lat="50.69525083" lon="-119.46284525">
      </trkpt>
      <trkpt lat="50.69538031" lon="-119.46269832">
      </trkpt>
      <trkpt lat="50.69551786" lon="-119.46256273">
      </trkpt>
      <trkpt lat="50.69568105" lon="-119.46249979">
      </trkpt>
      <trkpt lat="50.69578933" lon="-119.46249109">
      </trkpt>
      <trkpt lat="50.69591619" lon="-119.46244226">
      </trkpt>
      <trkpt lat="50.69609772" lon="-119.46236597">
      </trkpt>
      <trkpt lat="50.69628907" lon="-119.46226334">
      </trkpt>
      <trkpt lat="50.69647133" lon="-119.46213189">
      </trkpt>
      <trkpt lat="50.69668185" lon="-119.46197312">
      </trkpt>
      <trkpt lat="50.6968383" lon="-119.4617955">
      </trkpt>
      <trkpt lat="50.69695752" lon="-119.46167496">
      </trkpt>
      <trkpt lat="50.69725773" lon="-119.4615351">
      </trkpt>
      <trkpt lat="50.69742136" lon="-119.4614597">
      </trkpt>
      <trkpt lat="50.69756554" lon="-119.46143864">
      </trkpt>
      <trkpt lat="50.69764667" lon="-119.4614285">
      </trkpt>
      <trkpt lat="50.69772791" lon="-119.46141848">
      </trkpt>
      <trkpt lat="50.69786279" lon="-119.46141116">
      </trkpt>
      <trkpt lat="50.69792584" lon="-119.46140024">
      </trkpt>
      <trkpt lat="50.69815972" lon="-119.46139809">
      </trkpt>
      <trkpt lat="50.69832185" lon="-119.46139389">
      </trkpt>
      <trkpt lat="50.69838508" lon="-119.46139533">
      </trkpt>
      <trkpt lat="50.6986091" lon="-119.46143729">
      </trkpt>
      <trkpt lat="50.69859968" lon="-119.46106966">
      </trkpt>
      <trkpt lat="50.69858856" lon="-119.46038351">
      </trkpt>
      <trkpt lat="50.69860216" lon="-119.459739">
      </trkpt>
      <trkpt lat="50.69857442" lon="-119.45923346">
      </trkpt>
      <trkpt lat="50.69859635" lon="-119.45880108">
      </trkpt>
      <trkpt lat="50.69860186" lon="-119.45823679">
      </trkpt>
      <trkpt lat="50.69861012" lon="-119.45754158">
      </trkpt>
      <trkpt lat="50.69858425" lon="-119.45664295">
      </trkpt>
      <trkpt lat="50.69854391" lon="-119.45612668">
      </trkpt>
      <trkpt lat="50.69851209" lon="-119.45551003">
      </trkpt>
      <trkpt lat="50.69850528" lon="-119.45484473">
      </trkpt>
      <trkpt lat="50.69849469" lon="-119.45420858">
      </trkpt>
      <trkpt lat="50.69849593" lon="-119.45384569">
      </trkpt>
      <trkpt lat="50.69848752" lon="-119.45302864">
      </trkpt>
      <trkpt lat="50.69851533" lon="-119.45201182">
      </trkpt>
      <trkpt lat="50.69851652" lon="-119.4513465">
      </trkpt>
      <trkpt lat="50.69854054" lon="-119.45081341">
      </trkpt>
      <trkpt lat="50.69855817" lon="-119.45028001">
      </trkpt>
      <trkpt lat="50.6985549" lon="-119.44982616">
      </trkpt>
      <trkpt lat="50.6984834" lon="-119.44926792">
      </trkpt>
      <trkpt lat="50.69838334" lon="-119.44884937">
      </trkpt>
      <trkpt lat="50.69829608" lon="-119.44843148">
      </trkpt>
      <trkpt lat="50.69819988" lon="-119.44813409">
      </trkpt>
      <trkpt lat="50.69813461" lon="-119.44788873">
      </trkpt>
      <trkpt lat="50.69809469" lon="-119.44765478">
      </trkpt>
      <trkpt lat="50.69811341" lon="-119.44737346">
      </trkpt>
      <trkpt lat="50.69813303" lon="-119.44735433">
      </trkpt>
      <trkpt lat="50.69821871" lon="-119.44723781">
      </trkpt>
      <trkpt lat="50.69833321" lon="-119.44727401">
      </trkpt>
      <trkpt lat="50.69845388" lon="-119.44732062">
      </trkpt>
      <trkpt lat="50.69862552" lon="-119.44737996">
      </trkpt>
      <trkpt lat="50.69881655" lon="-119.44743024">
      </trkpt>
      <trkpt lat="50.69894257" lon="-119.44752754">
      </trkpt>
      <trkpt lat="50.6990799" lon="-119.447696">
      </trkpt>
      <trkpt lat="50.69916009" lon="-119.44784133">
      </trkpt>
      <trkpt lat="50.6992778" lon="-119.44802894">
      </trkpt>
      <trkpt lat="50.69939276" lon="-119.44834746">
      </trkpt>
      <trkpt lat="50.69956593" lon="-119.44863878">
      </trkpt>
      <trkpt lat="50.69972905" lon="-119.44879851">
      </trkpt>
      <trkpt lat="50.69988789" lon="-119.44885719">
      </trkpt>
      <trkpt lat="50.69993969" lon="-119.44882965">
      </trkpt>
      <trkpt lat="50.69993648" lon="-119.44867824">
      </trkpt>
      <trkpt lat="50.6998953" lon="-119.44850471">
      </trkpt>
      <trkpt lat="50.69985477" lon="-119.44830096">
      </trkpt>
      <trkpt lat="50.69981977" lon="-119.44813782">
      </trkpt>
      <trkpt lat="50.69975877" lon="-119.44799349">
      </trkpt>
      <trkpt lat="50.69975535" lon="-119.44785217">
      </trkpt>
      <trkpt lat="50.69972654" lon="-119.44769943">
      </trkpt>
      <trkpt lat="50.69967215" lon="-119.44754537">
      </trkpt>
      <trkpt lat="50.69958768" lon="-119.44729901">
      </trkpt>
      <trkpt lat="50.69948957" lon="-119.44709226">
      </trkpt>
      <trkpt lat="50.69947889" lon="-119.44699088">
      </trkpt>
      <trkpt lat="50.69951172" lon="-119.44695226">
      </trkpt>
      <trkpt lat="50.69960275" lon="-119.44688643">
      </trkpt>
      <trkpt lat="50.69968568" lon="-119.44690083">
      </trkpt>
      <trkpt lat="50.69984003" lon="-119.44686855">
      </trkpt>
      <trkpt lat="50.69995024" lon="-119.4468037">
      </trkpt>
      <trkpt lat="50.70004577" lon="-119.44682884">
      </trkpt>
      <trkpt lat="50.70015386" lon="-119.44686471">
      </trkpt>
      <trkpt lat="50.7002191" lon="-119.44680762">
      </trkpt>
      <trkpt lat="50.70027793" lon="-119.4467502">
      </trkpt>
      <trkpt lat="50.70034485" lon="-119.44661253">
      </trkpt>
      <trkpt lat="50.7003819" lon="-119.44637249">
      </trkpt>
      <trkpt lat="50.70041769" lon="-119.44619286">
      </trkpt>
      <trkpt lat="50.70042768" lon="-119.44602199">
      </trkpt>
      <trkpt lat="50.70046944" lon="-119.44586285">
      </trkpt>
      <trkpt lat="50.70048007" lon="-119.44566177">
      </trkpt>
      <trkpt lat="50.70046574" lon="-119.44542913">
      </trkpt>
      <trkpt lat="50.70047017" lon="-119.44521763">
      </trkpt>
      <trkpt lat="50.70047995" lon="-119.44505682">
      </trkpt>
      <trkpt lat="50.7005215" lon="-119.44490775">
      </trkpt>
      <trkpt lat="50.70054491" lon="-119.44470733">
      </trkpt>
      <trkpt lat="50.70059159" lon="-119.44461902">
      </trkpt>
      <trkpt lat="50.70066898" lon="-119.44459281">
      </trkpt>
      <trkpt lat="50.70078305" lon="-119.44464914">
      </trkpt>
      <trkpt lat="50.70092784" lon="-119.44476758">
      </trkpt>
      <trkpt lat="50.70111099" lon="-119.44488802">
      </trkpt>
      <trkpt lat="50.70126695" lon="-119.44497674">
      </trkpt>
      <trkpt lat="50.70136263" lon="-119.445137">
      </trkpt>
      <trkpt lat="50.70143218" lon="-119.44525486">
      </trkpt>
      <trkpt lat="50.70149248" lon="-119.44537051">
      </trkpt>
      <trkpt lat="50.70158882" lon="-119.44550223">
      </trkpt>
      <trkpt lat="50.70166698" lon="-119.44563305">
      </trkpt>
      <trkpt lat="50.70173677" lon="-119.44573664">
      </trkpt>
      <trkpt lat="50.70177907" lon="-119.44585138">
      </trkpt>
      <trkpt lat="50.70183015" lon="-119.44601106">
      </trkpt>
      <trkpt lat="50.701916" lon="-119.44618529">
      </trkpt>
      <trkpt lat="50.70199426" lon="-119.4463178">
      </trkpt>
      <trkpt lat="50.70209784" lon="-119.44653567">
      </trkpt>
      <trkpt lat="50.70217575" lon="-119.44668076">
      </trkpt>
      <trkpt lat="50.70224485" lon="-119.44681106">
      </trkpt>
      <trkpt lat="50.70236782" lon="-119.446946">
      </trkpt>
      <trkpt lat="50.70250002" lon="-119.44709381">
      </trkpt>
      <trkpt lat="50.70261451" lon="-119.44719983">
      </trkpt>
      <trkpt lat="50.70271167" lon="-119.44728875">
      </trkpt>
      <trkpt lat="50.7028714" lon="-119.44739697">
      </trkpt>
      <trkpt lat="50.70311019" lon="-119.4475932">
      </trkpt>
      <trkpt lat="50.7032161" lon="-119.44766832">
      </trkpt>
      <trkpt lat="50.70336736" lon="-119.44774762">
      </trkpt>
      <trkpt lat="50.70364407" lon="-119.44786176">
      </trkpt>
      <trkpt lat="50.70381228" lon="-119.44799904">
      </trkpt>
      <trkpt lat="50.70399826" lon="-119.4481212">
      </trkpt>
      <trkpt lat="50.70420982" lon="-119.44831603">
      </trkpt>
      <trkpt lat="50.70435992" lon="-119.44845241">
      </trkpt>
      <trkpt lat="50.70449327" lon="-119.44854315">
      </trkpt>
      <trkpt lat="50.70457268" lon="-119.4486186">
      </trkpt>
      <trkpt lat="50.70463455" lon="-119.4486629">
      </trkpt>
      <trkpt lat="50.70482023" lon="-119.44880119">
      </trkpt>
      <trkpt lat="50.70498028" lon="-119.44889514">
      </trkpt>
      <trkpt lat="50.70506002" lon="-119.44895631">
      </trkpt>
      <trkpt lat="50.70514862" lon="-119.44901633">
      </trkpt>
      <trkpt lat="50.70526455" lon="-119.44907932">
      </trkpt>
      <trkpt lat="50.70535358" lon="-119.44912676">
      </trkpt>
      <trkpt lat="50.70546017" lon="-119.44917518">
      </trkpt>
      <trkpt lat="50.70556739" lon="-119.44922352">
      </trkpt>
      <trkpt lat="50.7056389" lon="-119.4492415">
      </trkpt>
      <trkpt lat="50.70571075" lon="-119.44924522">
      </trkpt>
      <trkpt lat="50.70580083" lon="-119.44923388">
      </trkpt>
      <trkpt lat="50.70585468" lon="-119.44923838">
      </trkpt>
      <trkpt lat="50.70592644" lon="-119.4492421">
      </trkpt>
      <trkpt lat="50.70612581" lon="-119.44918091">
      </trkpt>
      <trkpt lat="50.70624443" lon="-119.44908885">
      </trkpt>
      <trkpt lat="50.70633553" lon="-119.44903639">
      </trkpt>
      <trkpt lat="50.70642686" lon="-119.44896966">
      </trkpt>
      <trkpt lat="50.70655541" lon="-119.44886377">
      </trkpt>
      <trkpt lat="50.70673855" lon="-119.44868927">
      </trkpt>
      <trkpt lat="50.70685818" lon="-119.4485669">
      </trkpt>
      <trkpt lat="50.70695958" lon="-119.44845957">
      </trkpt>
      <trkpt lat="50.70704288" lon="-119.44835134">
      </trkpt>
      <trkpt lat="50.70712598" lon="-119.44824128">
      </trkpt>
      <trkpt lat="50.70725456" lon="-119.44810692">
      </trkpt>
      <trkpt lat="50.70734705" lon="-119.44798311">
      </trkpt>
      <trkpt lat="50.70745806" lon="-119.44784763">
      </trkpt>
      <trkpt lat="50.70754103" lon="-119.44775367">
      </trkpt>
      <trkpt lat="50.70761575" lon="-119.44761467">
      </trkpt>
      <trkpt lat="50.70769963" lon="-119.44747789">
      </trkpt>
      <trkpt lat="50.70781089" lon="-119.44732828">
      </trkpt>
      <trkpt lat="50.70797648" lon="-119.44715278">
      </trkpt>
      <trkpt lat="50.70809707" lon="-119.44696082">
      </trkpt>
      <trkpt lat="50.70819994" lon="-119.44678213">
      </trkpt>
      <trkpt lat="50.70824691" lon="-119.44669884">
      </trkpt>
      <trkpt lat="50.70835878" lon="-119.44649208">
      </trkpt>
      <trkpt lat="50.70842365" lon="-119.44639721">
      </trkpt>
      <trkpt lat="50.7085888" lon="-119.44623429">
      </trkpt>
      <trkpt lat="50.70868937" lon="-119.44616977">
      </trkpt>
      <trkpt lat="50.70878013" lon="-119.44613157">
      </trkpt>
      <trkpt lat="50.70885348" lon="-119.44606577">
      </trkpt>
      <trkpt lat="50.70892729" lon="-119.44596958">
      </trkpt>
      <trkpt lat="50.70902054" lon="-119.4458189">
      </trkpt>
      <trkpt lat="50.70909528" lon="-119.44568174">
      </trkpt>
      <trkpt lat="50.70917847" lon="-119.44557166">
      </trkpt>
      <trkpt lat="50.7092801" lon="-119.44545006">
      </trkpt>
      <trkpt lat="50.70939192" lon="-119.44527005">
      </trkpt>
      <trkpt lat="50.70954881" lon="-119.44508173">
      </trkpt>
      <trkpt lat="50.70966121" lon="-119.44487488">
      </trkpt>
      <trkpt lat="50.70977342" lon="-119.44465397">
      </trkpt>
      <trkpt lat="50.70984902" lon="-119.44450231">
      </trkpt>
      <trkpt lat="50.70995184" lon="-119.44429515">
      </trkpt>
      <trkpt lat="50.71002757" lon="-119.44411515">
      </trkpt>
      <trkpt lat="50.71011302" lon="-119.44391936">
      </trkpt>
      <trkpt lat="50.71018876" lon="-119.44374107">
      </trkpt>
      <trkpt lat="50.71026383" lon="-119.44358962">
      </trkpt>
      <trkpt lat="50.71037714" lon="-119.44333995">
      </trkpt>
      <trkpt lat="50.7104521" lon="-119.44318667">
      </trkpt>
      <trkpt lat="50.71054627" lon="-119.442995">
      </trkpt>
      <trkpt lat="50.71063382" lon="-119.44267268">
      </trkpt>
      <trkpt lat="50.71075679" lon="-119.44236651">
      </trkpt>
      <trkpt lat="50.71088854" lon="-119.4421053">
      </trkpt>
      <trkpt lat="50.71101027" lon="-119.44185623">
      </trkpt>
      <trkpt lat="50.711168" lon="-119.44165168">
      </trkpt>
      <trkpt lat="50.71123459" lon="-119.44147117">
      </trkpt>
      <trkpt lat="50.71131022" lon="-119.44129117">
      </trkpt>
      <trkpt lat="50.71135733" lon="-119.4411811">
      </trkpt>
      <trkpt lat="50.71141597" lon="-119.44097144">
      </trkpt>
      <trkpt lat="50.7114546" lon="-119.44083244">
      </trkpt>
      <trkpt lat="50.71152263" lon="-119.44060902">
      </trkpt>
      <trkpt lat="50.71158922" lon="-119.44042851">
      </trkpt>
      <trkpt lat="50.71167388" lon="-119.44024704">
      </trkpt>
      <trkpt lat="50.71170309" lon="-119.44015027">
      </trkpt>
      <trkpt lat="50.7117423" lon="-119.43998273">
      </trkpt>
      <trkpt lat="50.71179075" lon="-119.43982976">
      </trkpt>
      <trkpt lat="50.71185709" lon="-119.43966351">
      </trkpt>
      <trkpt lat="50.71194142" lon="-119.43949632">
      </trkpt>
      <trkpt lat="50.71200776" lon="-119.43933007">
      </trkpt>
      <trkpt lat="50.71210149" lon="-119.43915097">
      </trkpt>
      <trkpt lat="50.71216784" lon="-119.43898471">
      </trkpt>
      <trkpt lat="50.71223381" lon="-119.4388612">
      </trkpt>
      <trkpt lat="50.71232925" lon="-119.43859633">
      </trkpt>
      <trkpt lat="50.71235126" lon="-119.43838505">
      </trkpt>
      <trkpt lat="50.71239971" lon="-119.43823209">
      </trkpt>
      <trkpt lat="50.71242168" lon="-119.43804914">
      </trkpt>
      <trkpt lat="50.71242547" lon="-119.43786544">
      </trkpt>
      <trkpt lat="50.71243737" lon="-119.4377231">
      </trkpt>
      <trkpt lat="50.71246725" lon="-119.43759776">
      </trkpt>
      <trkpt lat="50.71250808" lon="-119.43734459">
      </trkpt>
      <trkpt lat="50.71253966" lon="-119.43713362">
      </trkpt>
      <trkpt lat="50.7125791" lon="-119.43695167">
      </trkpt>
      <trkpt lat="50.71260829" lon="-119.43685318">
      </trkpt>
      <trkpt lat="50.71264952" lon="-119.43661589">
      </trkpt>
      <trkpt lat="50.71267105" lon="-119.43644553">
      </trkpt>
      <trkpt lat="50.71270933" lon="-119.43632066">
      </trkpt>
      <trkpt lat="50.71275673" lon="-119.43622477">
      </trkpt>
      <trkpt lat="50.71282306" lon="-119.43605851">
      </trkpt>
      <trkpt lat="50.71285217" lon="-119.43596003">
      </trkpt>
      <trkpt lat="50.71288199" lon="-119.43580624">
      </trkpt>
      <trkpt lat="50.71292114" lon="-119.43566701">
      </trkpt>
      <trkpt lat="50.712943" lon="-119.43548237">
      </trkpt>
      <trkpt lat="50.71297224" lon="-119.43535712">
      </trkpt>
      <trkpt lat="50.71302159" lon="-119.43516133">
      </trkpt>
      <trkpt lat="50.71305113" lon="-119.43505026">
      </trkpt>
      <trkpt lat="50.7130987" lon="-119.43490995">
      </trkpt>
      <trkpt lat="50.71316527" lon="-119.43472941">
      </trkpt>
      <trkpt lat="50.71318519" lon="-119.43464637">
      </trkpt>
      <trkpt lat="50.71326606" lon="-119.43421115">
      </trkpt>
      <trkpt lat="50.71331517" lon="-119.43402962">
      </trkpt>
      <trkpt lat="50.71334495" lon="-119.43390429">
      </trkpt>
      <trkpt lat="50.71341941" lon="-119.43377951">
      </trkpt>
      <trkpt lat="50.71344047" lon="-119.43363953">
      </trkpt>
      <trkpt lat="50.71346295" lon="-119.43339957">
      </trkpt>
      <trkpt lat="50.71351139" lon="-119.4332466">
      </trkpt>
      <trkpt lat="50.71354297" lon="-119.43303562">
      </trkpt>
      <trkpt lat="50.71358149" lon="-119.43289477">
      </trkpt>
      <trkpt lat="50.71362031" lon="-119.43276997">
      </trkpt>
      <trkpt lat="50.7136495" lon="-119.43267133">
      </trkpt>
      <trkpt lat="50.71372455" lon="-119.43251986">
      </trkpt>
      <trkpt lat="50.71375526" lon="-119.43232324">
      </trkpt>
      <trkpt lat="50.71377656" lon="-119.43216884">
      </trkpt>
      <trkpt lat="50.7138148" lon="-119.43207073">
      </trkpt>
      <trkpt lat="50.71385547" lon="-119.43183351">
      </trkpt>
      <trkpt lat="50.713932" lon="-119.43161066">
      </trkpt>
      <trkpt lat="50.71394471" lon="-119.4314255">
      </trkpt>
      <trkpt lat="50.71396644" lon="-119.43125866">
      </trkpt>
      <trkpt lat="50.71402392" lon="-119.43110435">
      </trkpt>
      <trkpt lat="50.71404468" lon="-119.43095017">
      </trkpt>
      <trkpt lat="50.71405636" lon="-119.43082394">
      </trkpt>
      <trkpt lat="50.71408578" lon="-119.43071104">
      </trkpt>
      <trkpt lat="50.71417078" lon="-119.43051711">
      </trkpt>
      <trkpt lat="50.71420936" lon="-119.43040657">
      </trkpt>
      <trkpt lat="50.71423825" lon="-119.43029374">
      </trkpt>
      <trkpt lat="50.7142774" lon="-119.43015465">
      </trkpt>
      <trkpt lat="50.7143074" lon="-119.4300132">
      </trkpt>
      <trkpt lat="50.71432745" lon="-119.42990353">
      </trkpt>
      <trkpt lat="50.71436674" lon="-119.42974833">
      </trkpt>
      <trkpt lat="50.71438755" lon="-119.4296226">
      </trkpt>
      <trkpt lat="50.71439075" lon="-119.4294673">
      </trkpt>
      <trkpt lat="50.71440323" lon="-119.42929655">
      </trkpt>
    </trkseg>
    <trkseg>
      <trkpt lat="50.61417173" lon="-119.46464067">
      </trkpt>
      <trkpt lat="50.61426903" lon="-119.46454101">
      </trkpt>
      <trkpt lat="50.61440865" lon="-119.46446603">
      </trkpt>
      <trkpt lat="50.61457299" lon="-119.46434745">
      </trkpt>
      <trkpt lat="50.61475412" lon="-119.46411005">
      </trkpt>
      <trkpt lat="50.6148958" lon="-119.46393792">
      </trkpt>
      <trkpt lat="50.61505189" lon="-119.46375905">
      </trkpt>
      <trkpt lat="50.61511607" lon="-119.46365019">
      </trkpt>
      <trkpt lat="50.61525062" lon="-119.46358989">
      </trkpt>
      <trkpt lat="50.61541703" lon="-119.4635986">
      </trkpt>
      <trkpt lat="50.61565792" lon="-119.463686">
      </trkpt>
      <trkpt lat="50.61582322" lon="-119.46374701">
      </trkpt>
      <trkpt lat="50.61604287" lon="-119.46371359">
      </trkpt>
      <trkpt lat="50.61618265" lon="-119.46363113">
      </trkpt>
      <trkpt lat="50.61637901" lon="-119.46357407">
      </trkpt>
      <trkpt lat="50.61647441" lon="-119.46356408">
      </trkpt>
      <trkpt lat="50.61658804" lon="-119.46359246">
      </trkpt>
      <trkpt lat="50.61670691" lon="-119.46359868">
      </trkpt>
      <trkpt lat="50.61675878" lon="-119.46362395">
      </trkpt>
      <trkpt lat="50.61691388" lon="-119.46371424">
      </trkpt>
      <trkpt lat="50.61710249" lon="-119.46379891">
      </trkpt>
      <trkpt lat="50.61729155" lon="-119.46386116">
      </trkpt>
      <trkpt lat="50.61750535" lon="-119.46387981">
      </trkpt>
      <trkpt lat="50.61772025" lon="-119.46384617">
      </trkpt>
      <trkpt lat="50.6178391" lon="-119.46385237">
      </trkpt>
      <trkpt lat="50.61807683" lon="-119.4638648">
      </trkpt>
      <trkpt lat="50.61828634" lon="-119.46386079">
      </trkpt>
      <trkpt lat="50.61847621" lon="-119.46388568">
      </trkpt>
      <trkpt lat="50.61864784" lon="-119.46387221">
      </trkpt>
      <trkpt lat="50.61883928" lon="-119.46382237">
      </trkpt>
      <trkpt lat="50.61907921" lon="-119.46373017">
      </trkpt>
      <trkpt lat="50.61930568" lon="-119.46359985">
      </trkpt>
      <trkpt lat="50.61950394" lon="-119.46345311">
      </trkpt>
      <trkpt lat="50.6196754" lon="-119.46322265">
      </trkpt>
      <trkpt lat="50.61992055" lon="-119.46288384">
      </trkpt>
      <trkpt lat="50.62008519" lon="-119.46252583">
      </trkpt>
      <trkpt lat="50.62026901" lon="-119.46216136">
      </trkpt>
      <trkpt lat="50.62036995" lon="-119.46188981">
      </trkpt>
      <trkpt lat="50.62047944" lon="-119.46166359">
      </trkpt>
      <trkpt lat="50.62059306" lon="-119.46146751">
      </trkpt>
      <trkpt lat="50.62066436" lon="-119.46124679">
      </trkpt>
      <trkpt lat="50.6207187" lon="-119.46092791">
      </trkpt>
      <trkpt lat="50.62074879" lon="-119.46063021">
      </trkpt>
      <trkpt lat="50.620725" lon="-119.4604045">
      </trkpt>
      <trkpt lat="50.62066634" lon="-119.46025181">
      </trkpt>
      <trkpt lat="50.620647" lon="-119.46004132">
      </trkpt>
      <trkpt lat="50.62064634" lon="-119.45984675">
      </trkpt>
      <trkpt lat="50.62065298" lon="-119.45953287">
      </trkpt>
      <trkpt lat="50.62067355" lon="-119.45923467">
      </trkpt>
      <trkpt lat="50.6206785" lon="-119.45891878">
      </trkpt>
      <trkpt lat="50.62064602" lon="-119.45873181">
      </trkpt>
      <trkpt lat="50.62057651" lon="-119.45819166">
      </trkpt>
      <trkpt lat="50.6205543" lon="-119.45797834">
      </trkpt>
      <trkpt lat="50.62052443" lon="-119.45768093">
      </trkpt>
      <trkpt lat="50.62049509" lon="-119.45738344">
      </trkpt>
      <trkpt lat="50.6204974" lon="-119.4572695">
      </trkpt>
      <trkpt lat="50.62050105" lon="-119.45666189">
      </trkpt>
      <trkpt lat="50.62050369" lon="-119.45653369">
      </trkpt>
      <trkpt lat="50.62051482" lon="-119.45643621">
      </trkpt>
      <trkpt lat="50.62052652" lon="-119.45630854">
      </trkpt>
      <trkpt lat="50.62053765" lon="-119.45621106">
      </trkpt>
      <trkpt lat="50.62055748" lon="-119.45612652">
      </trkpt>
      <trkpt lat="50.62062444" lon="-119.45593214">
      </trkpt>
      <trkpt lat="50.62081023" lon="-119.45566006">
      </trkpt>
      <trkpt lat="50.62088415" lon="-119.45556407">
      </trkpt>
      <trkpt lat="50.62111887" lon="-119.45551916">
      </trkpt>
      <trkpt lat="50.62118191" lon="-119.45550811">
      </trkpt>
      <trkpt lat="50.62128126" lon="-119.45550072">
      </trkpt>
      <trkpt lat="50.62142496" lon="-119.45550815">
      </trkpt>
      <trkpt lat="50.62149682" lon="-119.45551186">
      </trkpt>
      <trkpt lat="50.62157752" lon="-119.45551429">
      </trkpt>
      <trkpt lat="50.62170411" lon="-119.45550831">
      </trkpt>
      <trkpt lat="50.62182322" lon="-119.45538612">
      </trkpt>
      <trkpt lat="50.6218974" lon="-119.45527773">
      </trkpt>
      <trkpt lat="50.62202571" lon="-119.45518616">
      </trkpt>
      <trkpt lat="50.6221352" lon="-119.45509207">
      </trkpt>
      <trkpt lat="50.62221717" lon="-119.45503935">
      </trkpt>
      <trkpt lat="50.62234457" lon="-119.45499051">
      </trkpt>
      <trkpt lat="50.62240738" lon="-119.45499384">
      </trkpt>
      <trkpt lat="50.62256095" lon="-119.45495892">
      </trkpt>
      <trkpt lat="50.62261528" lon="-119.45493324">
      </trkpt>
      <trkpt lat="50.62271535" lon="-119.45488143">
      </trkpt>
      <trkpt lat="50.62278936" lon="-119.45478712">
      </trkpt>
      <trkpt lat="50.62284476" lon="-119.45470448">
      </trkpt>
      <trkpt lat="50.62292783" lon="-119.45461069">
      </trkpt>
      <trkpt lat="50.62304783" lon="-119.45447601">
      </trkpt>
      <trkpt lat="50.62311237" lon="-119.45439388">
      </trkpt>
      <trkpt lat="50.62317657" lon="-119.45432586">
      </trkpt>
      <trkpt lat="50.62325964" lon="-119.45423207">
      </trkpt>
      <trkpt lat="50.62337081" lon="-119.45408093">
      </trkpt>
      <trkpt lat="50.6234357" lon="-119.45398625">
      </trkpt>
      <trkpt lat="50.62348268" lon="-119.45390312">
      </trkpt>
      <trkpt lat="50.62355694" lon="-119.45379458">
      </trkpt>
      <trkpt lat="50.62361209" lon="-119.45372617">
      </trkpt>
      <trkpt lat="50.62370355" lon="-119.4536614">
      </trkpt>
      <trkpt lat="50.62380529" lon="-119.45354004">
      </trkpt>
      <trkpt lat="50.62392555" lon="-119.45336086">
      </trkpt>
      <trkpt lat="50.62396314" lon="-119.45329147">
      </trkpt>
      <trkpt lat="50.62401874" lon="-119.45321063">
      </trkpt>
      <trkpt lat="50.6240842" lon="-119.45308746">
      </trkpt>
      <trkpt lat="50.6242232" lon="-119.45291095">
      </trkpt>
      <trkpt lat="50.62434288" lon="-119.45276026">
      </trkpt>
      <trkpt lat="50.62448106" lon="-119.45262646">
      </trkpt>
      <trkpt lat="50.62456404" lon="-119.45253268">
      </trkpt>
      <trkpt lat="50.62468383" lon="-119.45238382">
      </trkpt>
      <trkpt lat="50.62484005" lon="-119.45222084">
      </trkpt>
      <trkpt lat="50.62504325" lon="-119.45197628">
      </trkpt>
      <trkpt lat="50.62515433" lon="-119.45181279">
      </trkpt>
      <trkpt lat="50.62515727" lon="-119.45170044">
      </trkpt>
      <trkpt lat="50.62515944" lon="-119.45160255">
      </trkpt>
      <trkpt lat="50.62515212" lon="-119.45151656">
      </trkpt>
      <trkpt lat="50.62515593" lon="-119.45133322">
      </trkpt>
      <trkpt lat="50.62515833" lon="-119.45122096">
      </trkpt>
      <trkpt lat="50.62517085" lon="-119.45105055">
      </trkpt>
      <trkpt lat="50.62519139" lon="-119.45091078">
      </trkpt>
      <trkpt lat="50.62520217" lon="-119.45082583">
      </trkpt>
      <trkpt lat="50.62522234" lon="-119.45072873">
      </trkpt>
      <trkpt lat="50.6252244" lon="-119.45062901">
      </trkpt>
      <trkpt lat="50.62522855" lon="-119.45043142">
      </trkpt>
      <trkpt lat="50.62524082" lon="-119.45027695">
      </trkpt>
      <trkpt lat="50.62527013" lon="-119.45018035">
      </trkpt>
      <trkpt lat="50.62532677" lon="-119.4500407">
      </trkpt>
      <trkpt lat="50.6253954" lon="-119.44978924">
      </trkpt>
      <trkpt lat="50.62543337" lon="-119.44967888">
      </trkpt>
      <trkpt lat="50.62547967" lon="-119.44961175">
      </trkpt>
      <trkpt lat="50.62551702" lon="-119.44955659">
      </trkpt>
      <trkpt lat="50.62558122" lon="-119.44948869">
      </trkpt>
      <trkpt lat="50.62565422" lon="-119.44943542">
      </trkpt>
      <trkpt lat="50.62571849" lon="-119.44939763">
      </trkpt>
      <trkpt lat="50.62595666" lon="-119.44918175">
      </trkpt>
    </trkseg>
    <trkseg>
      <trkpt lat="50.75842497" lon="-119.36736171">
      </trkpt>
      <trkpt lat="50.75845263" lon="-119.36775684">
      </trkpt>
      <trkpt lat="50.75849088" lon="-119.3682165">
      </trkpt>
      <trkpt lat="50.75847437" lon="-119.36856083">
      </trkpt>
      <trkpt lat="50.75844743" lon="-119.36894966">
      </trkpt>
      <trkpt lat="50.75841113" lon="-119.36933052">
      </trkpt>
      <trkpt lat="50.75838415" lon="-119.36948672">
      </trkpt>
      <trkpt lat="50.75834292" lon="-119.36964223">
      </trkpt>
      <trkpt lat="50.75829799" lon="-119.36974499">
      </trkpt>
      <trkpt lat="50.75824402" lon="-119.36982481">
      </trkpt>
      <trkpt lat="50.75818129" lon="-119.36986667">
      </trkpt>
      <trkpt lat="50.75806318" lon="-119.36982317">
      </trkpt>
      <trkpt lat="50.75787159" lon="-119.36964842">
      </trkpt>
      <trkpt lat="50.7574349" lon="-119.36935624">
      </trkpt>
      <trkpt lat="50.75727522" lon="-119.36925061">
      </trkpt>
      <trkpt lat="50.75712935" lon="-119.36916822">
      </trkpt>
      <trkpt lat="50.75701524" lon="-119.36916245">
      </trkpt>
      <trkpt lat="50.75694346" lon="-119.36918133">
      </trkpt>
      <trkpt lat="50.75686602" lon="-119.36924496">
      </trkpt>
      <trkpt lat="50.75679195" lon="-119.36937628">
      </trkpt>
      <trkpt lat="50.75667312" lon="-119.36960287">
      </trkpt>
      <trkpt lat="50.75657897" lon="-119.36978571">
      </trkpt>
      <trkpt lat="50.75647607" lon="-119.36993057">
      </trkpt>
      <trkpt lat="50.75639817" lon="-119.37001668">
      </trkpt>
      <trkpt lat="50.75627242" lon="-119.37011536">
      </trkpt>
      <trkpt lat="50.75614084" lon="-119.37026629">
      </trkpt>
      <trkpt lat="50.75602215" lon="-119.37048539">
      </trkpt>
      <trkpt lat="50.75590838" lon="-119.37069723">
      </trkpt>
      <trkpt lat="50.75576622" lon="-119.37090014">
      </trkpt>
      <trkpt lat="50.75563863" lon="-119.37108877">
      </trkpt>
      <trkpt lat="50.75541337" lon="-119.37140002">
      </trkpt>
      <trkpt lat="50.75526691" lon="-119.3715802">
      </trkpt>
      <trkpt lat="50.75514484" lon="-119.37173159">
      </trkpt>
      <trkpt lat="50.75497998" lon="-119.37188082">
      </trkpt>
      <trkpt lat="50.75484932" lon="-119.37198674">
      </trkpt>
      <trkpt lat="50.75471896" lon="-119.3720777">
      </trkpt>
      <trkpt lat="50.75454627" lon="-119.372144">
      </trkpt>
      <trkpt lat="50.75441252" lon="-119.37216725">
      </trkpt>
      <trkpt lat="50.7542843" lon="-119.37215325">
      </trkpt>
      <trkpt lat="50.75417495" lon="-119.37214773">
      </trkpt>
      <trkpt lat="50.7540794" lon="-119.3721654">
      </trkpt>
      <trkpt lat="50.75402679" lon="-119.37217774">
      </trkpt>
      <trkpt lat="50.75399719" lon="-119.37222877">
      </trkpt>
      <trkpt lat="50.75399091" lon="-119.37230349">
      </trkpt>
      <trkpt lat="50.75401806" lon="-119.37237238">
      </trkpt>
      <trkpt lat="50.75411639" lon="-119.37245239">
      </trkpt>
      <trkpt lat="50.75434354" lon="-119.3725164">
      </trkpt>
      <trkpt lat="50.75456594" lon="-119.37258016">
      </trkpt>
      <trkpt lat="50.75473114" lon="-119.37264855">
      </trkpt>
      <trkpt lat="50.7548244" lon="-119.3727433">
      </trkpt>
      <trkpt lat="50.75491598" lon="-119.3729205">
      </trkpt>
      <trkpt lat="50.75503502" lon="-119.37315162">
      </trkpt>
      <trkpt lat="50.75514011" lon="-119.37336702">
      </trkpt>
      <trkpt lat="50.7552277" lon="-119.37350651">
      </trkpt>
      <trkpt lat="50.75530655" lon="-119.37360805">
      </trkpt>
      <trkpt lat="50.75535165" lon="-119.37373038">
      </trkpt>
      <trkpt lat="50.75535949" lon="-119.3738133">
      </trkpt>
      <trkpt lat="50.75532406" lon="-119.37391656">
      </trkpt>
      <trkpt lat="50.75523174" lon="-119.37400943">
      </trkpt>
      <trkpt lat="50.7550727" lon="-119.37410643">
      </trkpt>
      <trkpt lat="50.7548787" lon="-119.37428418">
      </trkpt>
      <trkpt lat="50.75466568" lon="-119.37446097">
      </trkpt>
      <trkpt lat="50.7544867" lon="-119.37460197">
      </trkpt>
      <trkpt lat="50.75427535" lon="-119.37469632">
      </trkpt>
      <trkpt lat="50.75412521" lon="-119.37482377">
      </trkpt>
      <trkpt lat="50.75400253" lon="-119.37500513">
      </trkpt>
      <trkpt lat="50.75388767" lon="-119.37526942">
      </trkpt>
      <trkpt lat="50.75382573" lon="-119.37550637">
      </trkpt>
      <trkpt lat="50.75376976" lon="-119.37568362">
      </trkpt>
      <trkpt lat="50.75368143" lon="-119.3758142">
      </trkpt>
      <trkpt lat="50.75361809" lon="-119.37588602">
      </trkpt>
      <trkpt lat="50.75347301" lon="-119.37599871">
      </trkpt>
      <trkpt lat="50.75336289" lon="-119.37603065">
      </trkpt>
      <trkpt lat="50.75324463" lon="-119.37599464">
      </trkpt>
      <trkpt lat="50.75314186" lon="-119.37589941">
      </trkpt>
      <trkpt lat="50.75303342" lon="-119.3758489">
      </trkpt>
      <trkpt lat="50.75282974" lon="-119.37580106">
      </trkpt>
      <trkpt lat="50.75272008" lon="-119.37581052">
      </trkpt>
      <trkpt lat="50.75258435" lon="-119.37593119">
      </trkpt>
      <trkpt lat="50.75243389" lon="-119.37607362">
      </trkpt>
      <trkpt lat="50.75231795" lon="-119.37615778">
      </trkpt>
      <trkpt lat="50.75207671" lon="-119.37631813">
      </trkpt>
      <trkpt lat="50.7518899" lon="-119.37637619">
      </trkpt>
      <trkpt lat="50.75168039" lon="-119.37638058">
      </trkpt>
      <trkpt lat="50.75154711" lon="-119.37638133">
      </trkpt>
      <trkpt lat="50.75141797" lon="-119.3764123">
      </trkpt>
      <trkpt lat="50.75135877" lon="-119.37651433">
      </trkpt>
      <trkpt lat="50.75134054" lon="-119.37670847">
      </trkpt>
      <trkpt lat="50.75132844" lon="-119.37706798">
      </trkpt>
      <trkpt lat="50.75132158" lon="-119.37763782">
      </trkpt>
      <trkpt lat="50.75131272" lon="-119.37807253">
      </trkpt>
      <trkpt lat="50.75124356" lon="-119.37842913">
      </trkpt>
      <trkpt lat="50.7511537" lon="-119.37863465">
      </trkpt>
      <trkpt lat="50.75090616" lon="-119.37886968">
      </trkpt>
      <trkpt lat="50.75057658" lon="-119.37916056">
      </trkpt>
      <trkpt lat="50.75034821" lon="-119.37938906">
      </trkpt>
      <trkpt lat="50.75011924" lon="-119.37964753">
      </trkpt>
      <trkpt lat="50.74992293" lon="-119.37993766">
      </trkpt>
      <trkpt lat="50.74977692" lon="-119.3800953">
      </trkpt>
      <trkpt lat="50.74968582" lon="-119.38012819">
      </trkpt>
      <trkpt lat="50.74956189" lon="-119.38007863">
      </trkpt>
      <trkpt lat="50.7494041" lon="-119.37987083">
      </trkpt>
      <trkpt lat="50.74913134" lon="-119.37958876">
      </trkpt>
      <trkpt lat="50.7488368" lon="-119.37924692">
      </trkpt>
      <trkpt lat="50.74866063" lon="-119.37903098">
      </trkpt>
      <trkpt lat="50.74853084" lon="-119.3789554">
      </trkpt>
      <trkpt lat="50.74838819" lon="-119.37897403">
      </trkpt>
      <trkpt lat="50.74821574" lon="-119.37911191">
      </trkpt>
      <trkpt lat="50.74787473" lon="-119.3794655">
      </trkpt>
      <trkpt lat="50.74754623" lon="-119.37974209">
      </trkpt>
      <trkpt lat="50.7472895" lon="-119.3799878">
      </trkpt>
      <trkpt lat="50.74710295" lon="-119.38028022">
      </trkpt>
      <trkpt lat="50.74701921" lon="-119.38062959">
      </trkpt>
      <trkpt lat="50.7469411" lon="-119.38097062">
      </trkpt>
      <trkpt lat="50.74690832" lon="-119.38123632">
      </trkpt>
      <trkpt lat="50.74696334" lon="-119.38148923">
      </trkpt>
      <trkpt lat="50.74706033" lon="-119.38183052">
      </trkpt>
      <trkpt lat="50.74724885" lon="-119.38224545">
      </trkpt>
      <trkpt lat="50.747446" lon="-119.38250559">
      </trkpt>
      <trkpt lat="50.74758425" lon="-119.38270235">
      </trkpt>
      <trkpt lat="50.74762551" lon="-119.3828252">
      </trkpt>
      <trkpt lat="50.74762834" lon="-119.38295473">
      </trkpt>
      <trkpt lat="50.74757103" lon="-119.38308118">
      </trkpt>
      <trkpt lat="50.74747123" lon="-119.38314511">
      </trkpt>
      <trkpt lat="50.74734409" lon="-119.38320765">
      </trkpt>
      <trkpt lat="50.74718363" lon="-119.38329438">
      </trkpt>
      <trkpt lat="50.74703957" lon="-119.38338193">
      </trkpt>
      <trkpt lat="50.74687011" lon="-119.38337332">
      </trkpt>
      <trkpt lat="50.74674509" lon="-119.38333248">
      </trkpt>
      <trkpt lat="50.7466072" lon="-119.38338584">
      </trkpt>
      <trkpt lat="50.74645713" lon="-119.38349897">
      </trkpt>
      <trkpt lat="50.74637521" lon="-119.38371575">
      </trkpt>
      <trkpt lat="50.74622826" lon="-119.38398757">
      </trkpt>
      <trkpt lat="50.74616191" lon="-119.38404639">
      </trkpt>
      <trkpt lat="50.74612264" lon="-119.38406845">
      </trkpt>
      <trkpt lat="50.74603588" lon="-119.38402954">
      </trkpt>
      <trkpt lat="50.74596641" lon="-119.38394838">
      </trkpt>
      <trkpt lat="50.7458599" lon="-119.38380499">
      </trkpt>
      <trkpt lat="50.74573558" lon="-119.38372968">
      </trkpt>
      <trkpt lat="50.74552327" lon="-119.38367577">
      </trkpt>
      <trkpt lat="50.74537621" lon="-119.38364242">
      </trkpt>
      <trkpt lat="50.74517361" lon="-119.38364937">
      </trkpt>
      <trkpt lat="50.74497205" lon="-119.38360464">
      </trkpt>
      <trkpt lat="50.74471055" lon="-119.38354823">
      </trkpt>
      <trkpt lat="50.74453305" lon="-119.38353398">
      </trkpt>
      <trkpt lat="50.74434199" lon="-119.38353902">
      </trkpt>
      <trkpt lat="50.7442302" lon="-119.38349049">
      </trkpt>
      <trkpt lat="50.74411957" lon="-119.3833628">
      </trkpt>
      <trkpt lat="50.74403431" lon="-119.3831663">
      </trkpt>
      <trkpt lat="50.74387745" lon="-119.38285491">
      </trkpt>
      <trkpt lat="50.74369261" lon="-119.38261738">
      </trkpt>
      <trkpt lat="50.74350493" lon="-119.38243138">
      </trkpt>
      <trkpt lat="50.74333658" lon="-119.38237264">
      </trkpt>
      <trkpt lat="50.7432336" lon="-119.38234622">
      </trkpt>
      <trkpt lat="50.7431267" lon="-119.38232781">
      </trkpt>
    </trkseg>
    <trkseg>
      <trkpt lat="50.72131215" lon="-119.43183661">
      </trkpt>
      <trkpt lat="50.72119836" lon="-119.4316754">
      </trkpt>
      <trkpt lat="50.72112065" lon="-119.43151416">
      </trkpt>
      <trkpt lat="50.72104353" lon="-119.43132622">
      </trkpt>
      <trkpt lat="50.72096478" lon="-119.43122391">
      </trkpt>
      <trkpt lat="50.72085029" lon="-119.43111804">
      </trkpt>
      <trkpt lat="50.72071755" lon="-119.43102722">
      </trkpt>
      <trkpt lat="50.72056538" lon="-119.43099078">
      </trkpt>
      <trkpt lat="50.72049354" lon="-119.43098709">
      </trkpt>
      <trkpt lat="50.72035845" lon="-119.43098031">
      </trkpt>
      <trkpt lat="50.7202606" lon="-119.43091811">
      </trkpt>
      <trkpt lat="50.7201633" lon="-119.43085596">
      </trkpt>
      <trkpt lat="50.72011083" lon="-119.4307693">
      </trkpt>
      <trkpt lat="50.72011458" lon="-119.43058373">
      </trkpt>
      <trkpt lat="50.7201096" lon="-119.43041366">
      </trkpt>
      <trkpt lat="50.72009366" lon="-119.43031467">
      </trkpt>
      <trkpt lat="50.72006847" lon="-119.43021333">
      </trkpt>
      <trkpt lat="50.72005309" lon="-119.43008578">
      </trkpt>
      <trkpt lat="50.72004868" lon="-119.42988717">
      </trkpt>
      <trkpt lat="50.72004374" lon="-119.42968864">
      </trkpt>
      <trkpt lat="50.7200475" lon="-119.42950477">
      </trkpt>
      <trkpt lat="50.72001303" lon="-119.42941732">
      </trkpt>
      <trkpt lat="50.71999762" lon="-119.42931824">
      </trkpt>
      <trkpt lat="50.71999232" lon="-119.42913214">
      </trkpt>
      <trkpt lat="50.71998509" lon="-119.42904781">
      </trkpt>
      <trkpt lat="50.71998762" lon="-119.42891934">
      </trkpt>
      <trkpt lat="50.72000742" lon="-119.42883459">
      </trkpt>
      <trkpt lat="50.72006447" lon="-119.42868389">
      </trkpt>
      <trkpt lat="50.72008518" lon="-119.42855631">
      </trkpt>
      <trkpt lat="50.72010591" lon="-119.42843057">
      </trkpt>
      <trkpt lat="50.72029216" lon="-119.42853843">
      </trkpt>
      <trkpt lat="50.72035353" lon="-119.42864143">
      </trkpt>
      <trkpt lat="50.7204306" lon="-119.42880091">
      </trkpt>
      <trkpt lat="50.72046508" lon="-119.42888836">
      </trkpt>
      <trkpt lat="50.72053488" lon="-119.42899197">
      </trkpt>
      <trkpt lat="50.72058796" lon="-119.4290216">
      </trkpt>
      <trkpt lat="50.72068718" lon="-119.4290123">
      </trkpt>
      <trkpt lat="50.72074161" lon="-119.42898836">
      </trkpt>
      <trkpt lat="50.72081652" lon="-119.4288635">
      </trkpt>
      <trkpt lat="50.7209176" lon="-119.4287419">
      </trkpt>
      <trkpt lat="50.72100316" lon="-119.4285194">
      </trkpt>
      <trkpt lat="50.72109662" lon="-119.42835437">
      </trkpt>
      <trkpt lat="50.72119058" lon="-119.42816095">
      </trkpt>
      <trkpt lat="50.72127818" lon="-119.42783851">
      </trkpt>
      <trkpt lat="50.72131813" lon="-119.42765643">
      </trkpt>
      <trkpt lat="50.72142385" lon="-119.42733673">
      </trkpt>
      <trkpt lat="50.72151493" lon="-119.42728421">
      </trkpt>
      <trkpt lat="50.721623" lon="-119.42726122">
      </trkpt>
      <trkpt lat="50.72174043" lon="-119.42725464">
      </trkpt>
      <trkpt lat="50.7218934" lon="-119.42724811">
      </trkpt>
      <trkpt lat="50.72203733" lon="-119.4272412">
      </trkpt>
      <trkpt lat="50.72219031" lon="-119.4272348">
      </trkpt>
      <trkpt lat="50.72230853" lon="-119.42718356">
      </trkpt>
      <trkpt lat="50.72237395" lon="-119.42706008">
      </trkpt>
      <trkpt lat="50.72248609" lon="-119.42686753">
      </trkpt>
      <trkpt lat="50.7225505" lon="-119.42678505">
      </trkpt>
      <trkpt lat="50.72259735" lon="-119.42668921">
      </trkpt>
      <trkpt lat="50.72269049" lon="-119.42653859">
      </trkpt>
      <trkpt lat="50.72284856" lon="-119.42630357">
      </trkpt>
      <trkpt lat="50.72289508" lon="-119.42622201">
      </trkpt>
      <trkpt lat="50.72296083" lon="-119.42608424">
      </trkpt>
      <trkpt lat="50.72297193" lon="-119.42598653">
      </trkpt>
      <trkpt lat="50.72300136" lon="-119.42587375">
      </trkpt>
      <trkpt lat="50.72304311" lon="-119.42560599">
      </trkpt>
      <trkpt lat="50.72310063" lon="-119.42542503">
      </trkpt>
      <trkpt lat="50.72318447" lon="-119.42528816">
      </trkpt>
      <trkpt lat="50.72329503" lon="-119.42516516">
      </trkpt>
      <trkpt lat="50.72336982" lon="-119.42502777">
      </trkpt>
      <trkpt lat="50.7234632" lon="-119.42486288">
      </trkpt>
      <trkpt lat="50.72352023" lon="-119.42471031">
      </trkpt>
      <trkpt lat="50.72359459" lon="-119.4245855">
      </trkpt>
      <trkpt lat="50.72371487" lon="-119.42443616">
      </trkpt>
      <trkpt lat="50.72378967" lon="-119.42429891">
      </trkpt>
      <trkpt lat="50.7238466" lon="-119.42414635">
      </trkpt>
      <trkpt lat="50.72393963" lon="-119.42399389">
      </trkpt>
      <trkpt lat="50.72401476" lon="-119.42384236">
      </trkpt>
      <trkpt lat="50.72406148" lon="-119.42377499">
      </trkpt>
      <trkpt lat="50.72417531" lon="-119.42349664">
      </trkpt>
      <trkpt lat="50.72421392" lon="-119.42335758">
      </trkpt>
      <trkpt lat="50.7242801" lon="-119.4232179">
      </trkpt>
      <trkpt lat="50.72436275" lon="-119.42310967">
      </trkpt>
      <trkpt lat="50.72448188" lon="-119.42301742">
      </trkpt>
      <trkpt lat="50.72463747" lon="-119.42288252">
      </trkpt>
      <trkpt lat="50.72473941" lon="-119.42274654">
      </trkpt>
      <trkpt lat="50.72483163" lon="-119.42263861">
      </trkpt>
      <trkpt lat="50.72488652" lon="-119.42258427">
      </trkpt>
      <trkpt lat="50.72504131" lon="-119.4224939">
      </trkpt>
      <trkpt lat="50.72517844" lon="-119.42240086">
      </trkpt>
      <trkpt lat="50.7252418" lon="-119.42237546">
      </trkpt>
      <trkpt lat="50.72535222" lon="-119.42226855">
      </trkpt>
      <trkpt lat="50.72547014" lon="-119.42220309">
      </trkpt>
      <trkpt lat="50.72557899" lon="-119.42216574">
      </trkpt>
      <trkpt lat="50.72570663" lon="-119.42207409">
      </trkpt>
      <trkpt lat="50.72593441" lon="-119.42193027">
      </trkpt>
      <trkpt lat="50.72607129" lon="-119.42185136">
      </trkpt>
      <trkpt lat="50.7261804" lon="-119.42177125">
      </trkpt>
      <trkpt lat="50.72636414" lon="-119.42159833">
      </trkpt>
      <trkpt lat="50.7264368" lon="-119.42155917">
      </trkpt>
      <trkpt lat="50.72660029" lon="-119.42148175">
      </trkpt>
      <trkpt lat="50.72667327" lon="-119.42142831">
      </trkpt>
      <trkpt lat="50.72673785" lon="-119.42137611">
      </trkpt>
      <trkpt lat="50.72685634" lon="-119.42128224">
      </trkpt>
      <trkpt lat="50.72692934" lon="-119.42123051">
      </trkpt>
      <trkpt lat="50.72706598" lon="-119.421166">
      </trkpt>
      <trkpt lat="50.72740056" lon="-119.42108476">
      </trkpt>
      <trkpt lat="50.72745512" lon="-119.42104471">
      </trkpt>
      <trkpt lat="50.72778797" lon="-119.42104728">
      </trkpt>
      <trkpt lat="50.72780403" lon="-119.42114813">
      </trkpt>
      <trkpt lat="50.72780935" lon="-119.42130394">
      </trkpt>
      <trkpt lat="50.72781399" lon="-119.42151679">
      </trkpt>
      <trkpt lat="50.72781085" lon="-119.42167051">
      </trkpt>
      <trkpt lat="50.7278192" lon="-119.42181188">
      </trkpt>
      <trkpt lat="50.72782436" lon="-119.42208587">
      </trkpt>
      <trkpt lat="50.72784405" lon="-119.42222599">
      </trkpt>
      <trkpt lat="50.72783996" lon="-119.42242403">
      </trkpt>
      <trkpt lat="50.72784321" lon="-119.42270827">
      </trkpt>
      <trkpt lat="50.72778866" lon="-119.42315943">
      </trkpt>
      <trkpt lat="50.72778457" lon="-119.42335748">
      </trkpt>
      <trkpt lat="50.72778072" lon="-119.4235414">
      </trkpt>
    </trkseg>
    <trkseg>
      <trkpt lat="50.67928148" lon="-119.48800137">
      </trkpt>
      <trkpt lat="50.6790024" lon="-119.48802957">
      </trkpt>
      <trkpt lat="50.67891235" lon="-119.48802305">
      </trkpt>
      <trkpt lat="50.67877746" lon="-119.48803029">
      </trkpt>
      <trkpt lat="50.67870561" lon="-119.48802652">
      </trkpt>
      <trkpt lat="50.67858969" lon="-119.48796332">
      </trkpt>
      <trkpt lat="50.67838549" lon="-119.48785438">
      </trkpt>
      <trkpt lat="50.67830602" lon="-119.48777892">
      </trkpt>
      <trkpt lat="50.67822663" lon="-119.4877033">
      </trkpt>
      <trkpt lat="50.67818242" lon="-119.48765997">
      </trkpt>
      <trkpt lat="50.67810392" lon="-119.48757185">
      </trkpt>
      <trkpt lat="50.67800786" lon="-119.48742416">
      </trkpt>
      <trkpt lat="50.6779207" lon="-119.4872928">
      </trkpt>
      <trkpt lat="50.67786025" lon="-119.48717547">
      </trkpt>
      <trkpt lat="50.6777905" lon="-119.48707187">
      </trkpt>
      <trkpt lat="50.67773802" lon="-119.48701367">
      </trkpt>
      <trkpt lat="50.67767644" lon="-119.48692494">
      </trkpt>
      <trkpt lat="50.67758136" lon="-119.4867646">
      </trkpt>
      <trkpt lat="50.6775207" lon="-119.48663294">
      </trkpt>
      <trkpt lat="50.67748691" lon="-119.48654729">
      </trkpt>
      <trkpt lat="50.67742714" lon="-119.48640313">
      </trkpt>
      <trkpt lat="50.67738644" lon="-119.48618867">
      </trkpt>
      <trkpt lat="50.67735498" lon="-119.48598878">
      </trkpt>
      <trkpt lat="50.67736094" lon="-119.4857054">
      </trkpt>
      <trkpt lat="50.67736514" lon="-119.48550744">
      </trkpt>
      <trkpt lat="50.67736934" lon="-119.48530962">
      </trkpt>
      <trkpt lat="50.67737505" lon="-119.48504035">
      </trkpt>
      <trkpt lat="50.67737312" lon="-119.48469939">
      </trkpt>
      <trkpt lat="50.67738706" lon="-119.48447528">
      </trkpt>
      <trkpt lat="50.67739209" lon="-119.48423454">
      </trkpt>
      <trkpt lat="50.67739501" lon="-119.48409193">
      </trkpt>
      <trkpt lat="50.67739315" lon="-119.48378125">
      </trkpt>
      <trkpt lat="50.67740037" lon="-119.48344252">
      </trkpt>
      <trkpt lat="50.67739552" lon="-119.48324416">
      </trkpt>
      <trkpt lat="50.67738103" lon="-119.48307381">
      </trkpt>
      <trkpt lat="50.67737408" lon="-119.48297358">
      </trkpt>
      <trkpt lat="50.67735959" lon="-119.48280322">
      </trkpt>
      <trkpt lat="50.67732685" lon="-119.48265869">
      </trkpt>
      <trkpt lat="50.67728518" lon="-119.48251547">
      </trkpt>
      <trkpt lat="50.67726894" lon="-119.48243081">
      </trkpt>
      <trkpt lat="50.6772453" lon="-119.48225823">
      </trkpt>
      <trkpt lat="50.67719677" lon="-119.48201647">
      </trkpt>
      <trkpt lat="50.67710406" lon="-119.48171361">
      </trkpt>
      <trkpt lat="50.67704487" lon="-119.48154094">
      </trkpt>
      <trkpt lat="50.67696029" lon="-119.4812814">
      </trkpt>
      <trkpt lat="50.67688461" lon="-119.48103819">
      </trkpt>
      <trkpt lat="50.67682624" lon="-119.48082105">
      </trkpt>
      <trkpt lat="50.67670717" lon="-119.48050241">
      </trkpt>
      <trkpt lat="50.67664901" lon="-119.48028878">
      </trkpt>
      <trkpt lat="50.67660796" lon="-119.4800886">
      </trkpt>
      <trkpt lat="50.67654088" lon="-119.47985836">
      </trkpt>
      <trkpt lat="50.67649954" lon="-119.47970087">
      </trkpt>
      <trkpt lat="50.67643153" lon="-119.47951172">
      </trkpt>
      <trkpt lat="50.6763896" lon="-119.47938275">
      </trkpt>
      <trkpt lat="50.67632083" lon="-119.47920978">
      </trkpt>
      <trkpt lat="50.6762269" lon="-119.47899241">
      </trkpt>
      <trkpt lat="50.67611517" lon="-119.47873143">
      </trkpt>
      <trkpt lat="50.67604633" lon="-119.47858676">
      </trkpt>
      <trkpt lat="50.67596938" lon="-119.47839891">
      </trkpt>
      <trkpt lat="50.67589962" lon="-119.47829533">
      </trkpt>
      <trkpt lat="50.67583858" lon="-119.47820654">
      </trkpt>
      <trkpt lat="50.67578609" lon="-119.47814835">
      </trkpt>
      <trkpt lat="50.67563704" lon="-119.477971">
      </trkpt>
      <trkpt lat="50.67546241" lon="-119.47770497">
      </trkpt>
      <trkpt lat="50.67536585" lon="-119.47758752">
      </trkpt>
      <trkpt lat="50.67523573" lon="-119.47736832">
      </trkpt>
      <trkpt lat="50.67514831" lon="-119.47725138">
      </trkpt>
      <trkpt lat="50.67510536" lon="-119.47716338">
      </trkpt>
      <trkpt lat="50.67506284" lon="-119.47706293">
      </trkpt>
      <trkpt lat="50.6750196" lon="-119.47696089">
      </trkpt>
      <trkpt lat="50.67489794" lon="-119.47677061">
      </trkpt>
      <trkpt lat="50.67482842" lon="-119.47665277">
      </trkpt>
      <trkpt lat="50.67475063" lon="-119.47650771">
      </trkpt>
      <trkpt lat="50.67452245" lon="-119.47624238">
      </trkpt>
      <trkpt lat="50.67444481" lon="-119.47608137">
      </trkpt>
      <trkpt lat="50.67438317" lon="-119.47602096">
      </trkpt>
      <trkpt lat="50.67431283" lon="-119.47594591">
      </trkpt>
      <trkpt lat="50.67417162" lon="-119.47579771">
      </trkpt>
      <trkpt lat="50.67399712" lon="-119.47556182">
      </trkpt>
      <trkpt lat="50.67394433" lon="-119.47548775">
      </trkpt>
      <trkpt lat="50.67388338" lon="-119.47540067">
      </trkpt>
      <trkpt lat="50.67373399" lon="-119.4752376">
      </trkpt>
      <trkpt lat="50.67363651" lon="-119.47516124">
      </trkpt>
      <trkpt lat="50.67350278" lon="-119.47511134">
      </trkpt>
      <trkpt lat="50.67329745" lon="-119.47504358">
      </trkpt>
      <trkpt lat="50.67324472" lon="-119.47499965">
      </trkpt>
      <trkpt lat="50.67318289" lon="-119.4749252">
      </trkpt>
      <trkpt lat="50.67312219" lon="-119.47482386">
      </trkpt>
      <trkpt lat="50.67304453" lon="-119.47466272">
      </trkpt>
      <trkpt lat="50.67299345" lon="-119.47453155">
      </trkpt>
      <trkpt lat="50.67291532" lon="-119.47440076">
      </trkpt>
      <trkpt lat="50.6727671" lon="-119.47418067">
      </trkpt>
      <trkpt lat="50.67262943" lon="-119.4738915">
      </trkpt>
      <trkpt lat="50.67257743" lon="-119.47380312">
      </trkpt>
      <trkpt lat="50.67253379" lon="-119.47373128">
      </trkpt>
      <trkpt lat="50.67239393" lon="-119.47353841">
      </trkpt>
      <trkpt lat="50.67231546" lon="-119.47342189">
      </trkpt>
      <trkpt lat="50.67221856" lon="-119.47331701">
      </trkpt>
      <trkpt lat="50.67211324" lon="-119.47321322">
      </trkpt>
      <trkpt lat="50.67186718" lon="-119.47293104">
      </trkpt>
      <trkpt lat="50.67181518" lon="-119.47284266">
      </trkpt>
      <trkpt lat="50.67175398" lon="-119.47276983">
      </trkpt>
      <trkpt lat="50.67167541" lon="-119.47265148">
      </trkpt>
      <trkpt lat="50.67154449" lon="-119.47244665">
      </trkpt>
      <trkpt lat="50.67145752" lon="-119.47232967">
      </trkpt>
      <trkpt lat="50.67141344" lon="-119.47227027">
      </trkpt>
      <trkpt lat="50.67133488" lon="-119.47215206">
      </trkpt>
      <trkpt lat="50.67127368" lon="-119.47207923">
      </trkpt>
      <trkpt lat="50.67123072" lon="-119.47199124">
      </trkpt>
      <trkpt lat="50.67114227" lon="-119.47191527">
      </trkpt>
      <trkpt lat="50.67099205" lon="-119.471795">
      </trkpt>
      <trkpt lat="50.6708665" lon="-119.47175999">
      </trkpt>
      <trkpt lat="50.67077338" lon="-119.47149989">
      </trkpt>
      <trkpt lat="50.67062573" lon="-119.4712513">
      </trkpt>
      <trkpt lat="50.67049447" lon="-119.47106074">
      </trkpt>
      <trkpt lat="50.67047005" lon="-119.47096123">
      </trkpt>
      <trkpt lat="50.67030814" lon="-119.4705282">
      </trkpt>
      <trkpt lat="50.67025831" lon="-119.4703417">
      </trkpt>
      <trkpt lat="50.67016466" lon="-119.47008169">
      </trkpt>
      <trkpt lat="50.67011299" lon="-119.46997904">
      </trkpt>
      <trkpt lat="50.66999252" lon="-119.46970347">
      </trkpt>
      <trkpt lat="50.66994095" lon="-119.46960252">
      </trkpt>
      <trkpt lat="50.66991555" lon="-119.46951566">
      </trkpt>
      <trkpt lat="50.66989046" lon="-119.46944469">
      </trkpt>
      <trkpt lat="50.66986539" lon="-119.46934342">
      </trkpt>
      <trkpt lat="50.66982087" lon="-119.46925735">
      </trkpt>
      <trkpt lat="50.66978306" lon="-119.46912707">
      </trkpt>
      <trkpt lat="50.66970926" lon="-119.46893414">
      </trkpt>
      <trkpt lat="50.66966245" lon="-119.46873869">
      </trkpt>
      <trkpt lat="50.66947785" lon="-119.46812048">
      </trkpt>
    </trkseg>
    <trkseg>
      <trkpt lat="50.6986091" lon="-119.46143729">
      </trkpt>
      <trkpt lat="50.69877783" lon="-119.46148248">
      </trkpt>
      <trkpt lat="50.69888623" lon="-119.46153312">
      </trkpt>
      <trkpt lat="50.69903742" lon="-119.461586">
      </trkpt>
      <trkpt lat="50.69914614" lon="-119.46162166">
      </trkpt>
      <trkpt lat="50.6992967" lon="-119.4617045">
      </trkpt>
      <trkpt lat="50.69941873" lon="-119.46178583">
      </trkpt>
      <trkpt lat="50.69956155" lon="-119.46188142">
      </trkpt>
      <trkpt lat="50.69965972" lon="-119.4619311">
      </trkpt>
      <trkpt lat="50.69978426" lon="-119.46200722">
      </trkpt>
      <trkpt lat="50.69988122" lon="-119.46208368">
      </trkpt>
      <trkpt lat="50.69999613" lon="-119.46218782">
      </trkpt>
      <trkpt lat="50.70001398" lon="-119.46220299">
      </trkpt>
      <trkpt lat="50.70016547" lon="-119.46226807">
      </trkpt>
      <trkpt lat="50.70026301" lon="-119.46231599">
      </trkpt>
      <trkpt lat="50.70037952" lon="-119.46235062">
      </trkpt>
      <trkpt lat="50.70054028" lon="-119.46239997">
      </trkpt>
      <trkpt lat="50.70065568" lon="-119.46246321">
      </trkpt>
      <trkpt lat="50.7007628" lon="-119.46251158">
      </trkpt>
      <trkpt lat="50.70085284" lon="-119.46251792">
      </trkpt>
      <trkpt lat="50.70094292" lon="-119.46250662">
      </trkpt>
      <trkpt lat="50.70103321" lon="-119.46249869">
      </trkpt>
      <trkpt lat="50.70108711" lon="-119.46248556">
      </trkpt>
      <trkpt lat="50.70115023" lon="-119.46247449">
      </trkpt>
      <trkpt lat="50.70129023" lon="-119.462416">
      </trkpt>
      <trkpt lat="50.70144285" lon="-119.46240151">
      </trkpt>
      <trkpt lat="50.7016037" lon="-119.46244741">
      </trkpt>
      <trkpt lat="50.70171467" lon="-119.46259122">
      </trkpt>
      <trkpt lat="50.70178468" lon="-119.46267887">
      </trkpt>
      <trkpt lat="50.70184622" lon="-119.46273917">
      </trkpt>
      <trkpt lat="50.70192561" lon="-119.46281293">
      </trkpt>
      <trkpt lat="50.70200627" lon="-119.46283316">
      </trkpt>
      <trkpt lat="50.70209611" lon="-119.46283612">
      </trkpt>
      <trkpt lat="50.70226603" lon="-119.4628877">
      </trkpt>
      <trkpt lat="50.70235588" lon="-119.46289236">
      </trkpt>
      <trkpt lat="50.70254394" lon="-119.46291653">
      </trkpt>
      <trkpt lat="50.70272392" lon="-119.46292752">
      </trkpt>
      <trkpt lat="50.70283187" lon="-119.4629331">
      </trkpt>
      <trkpt lat="50.70313111" lon="-119.46280588">
      </trkpt>
    </trkseg>
    <trkseg>
      <trkpt lat="50.65292201" lon="-119.47728216">
      </trkpt>
      <trkpt lat="50.65289421" lon="-119.47752102">
      </trkpt>
      <trkpt lat="50.65287072" lon="-119.47773932">
      </trkpt>
      <trkpt lat="50.65283776" lon="-119.4779892">
      </trkpt>
      <trkpt lat="50.65281514" lon="-119.47818997">
      </trkpt>
      <trkpt lat="50.65275066" lon="-119.47856279">
      </trkpt>
      <trkpt lat="50.65273134" lon="-119.47864561">
      </trkpt>
      <trkpt lat="50.65268523" lon="-119.47895063">
      </trkpt>
      <trkpt lat="50.65263744" lon="-119.47923651">
      </trkpt>
      <trkpt lat="50.65255133" lon="-119.47947115">
      </trkpt>
      <trkpt lat="50.65245787" lon="-119.47963566">
      </trkpt>
      <trkpt lat="50.65229976" lon="-119.47988248">
      </trkpt>
      <trkpt lat="50.65228035" lon="-119.47996531">
      </trkpt>
      <trkpt lat="50.6522497" lon="-119.48013489">
      </trkpt>
      <trkpt lat="50.6522078" lon="-119.48040033">
      </trkpt>
      <trkpt lat="50.65218678" lon="-119.48054194">
      </trkpt>
      <trkpt lat="50.65218249" lon="-119.48073795">
      </trkpt>
      <trkpt lat="50.65217981" lon="-119.48086624">
      </trkpt>
      <trkpt lat="50.65217748" lon="-119.48098026">
      </trkpt>
      <trkpt lat="50.65218384" lon="-119.48110723">
      </trkpt>
      <trkpt lat="50.65218811" lon="-119.48133397">
      </trkpt>
      <trkpt lat="50.65218183" lon="-119.4816316">
      </trkpt>
      <trkpt lat="50.6522035" lon="-119.48188594">
      </trkpt>
      <trkpt lat="50.65220841" lon="-119.48205575">
      </trkpt>
      <trkpt lat="50.65226249" lon="-119.48246893">
      </trkpt>
      <trkpt lat="50.65226978" lon="-119.48255484">
      </trkpt>
      <trkpt lat="50.65228529" lon="-119.48268403">
      </trkpt>
      <trkpt lat="50.65230061" lon="-119.48281154">
      </trkpt>
      <trkpt lat="50.65231567" lon="-119.48295316">
      </trkpt>
      <trkpt lat="50.65236499" lon="-119.4831681">
      </trkpt>
      <trkpt lat="50.65239728" lon="-119.48332498">
      </trkpt>
      <trkpt lat="50.65244508" lon="-119.48361118">
      </trkpt>
      <trkpt lat="50.6524852" lon="-119.48385403">
      </trkpt>
      <trkpt lat="50.65250178" lon="-119.48392438">
      </trkpt>
      <trkpt lat="50.65253534" lon="-119.48402608">
      </trkpt>
      <trkpt lat="50.65258573" lon="-119.48418402">
      </trkpt>
      <trkpt lat="50.65262078" lon="-119.48454578">
      </trkpt>
      <trkpt lat="50.65261035" lon="-119.4847382">
      </trkpt>
      <trkpt lat="50.65260757" lon="-119.48486465">
      </trkpt>
      <trkpt lat="50.6525929" lon="-119.48513323">
      </trkpt>
      <trkpt lat="50.65257178" lon="-119.48527314">
      </trkpt>
      <trkpt lat="50.65255218" lon="-119.48534349">
      </trkpt>
      <trkpt lat="50.65245627" lon="-119.48562203">
      </trkpt>
      <trkpt lat="50.65237495" lon="-119.48580557">
      </trkpt>
      <trkpt lat="50.6523231" lon="-119.48600498">
      </trkpt>
      <trkpt lat="50.652276" lon="-119.48620463">
      </trkpt>
      <trkpt lat="50.65224951" lon="-119.4863305">
      </trkpt>
      <trkpt lat="50.65222667" lon="-119.48650898">
      </trkpt>
      <trkpt lat="50.65219859" lon="-119.48670964">
      </trkpt>
      <trkpt lat="50.65216499" lon="-119.48704987">
      </trkpt>
      <trkpt lat="50.6521053" lon="-119.48728868">
      </trkpt>
      <trkpt lat="50.65208341" lon="-119.4874223">
      </trkpt>
      <trkpt lat="50.65202648" lon="-119.48763641">
      </trkpt>
      <trkpt lat="50.65196005" lon="-119.48785001">
      </trkpt>
      <trkpt lat="50.65186572" lon="-119.48802413">
      </trkpt>
      <trkpt lat="50.65177121" lon="-119.4882297">
      </trkpt>
      <trkpt lat="50.65166626" lon="-119.48850784">
      </trkpt>
      <trkpt lat="50.65158149" lon="-119.48868712">
      </trkpt>
      <trkpt lat="50.65152481" lon="-119.4888268">
      </trkpt>
      <trkpt lat="50.65148651" lon="-119.48892302">
      </trkpt>
      <trkpt lat="50.65142972" lon="-119.48906087">
      </trkpt>
      <trkpt lat="50.65134378" lon="-119.48929716">
      </trkpt>
      <trkpt lat="50.65123907" lon="-119.48956105">
      </trkpt>
      <trkpt lat="50.65115489" lon="-119.48971182">
      </trkpt>
      <trkpt lat="50.65108035" lon="-119.48983463">
      </trkpt>
      <trkpt lat="50.6510023" lon="-119.48990314">
      </trkpt>
      <trkpt lat="50.6509397" lon="-119.48993726">
      </trkpt>
      <trkpt lat="50.65085808" lon="-119.48997038">
      </trkpt>
      <trkpt lat="50.65070623" lon="-119.49007015">
      </trkpt>
      <trkpt lat="50.65062474" lon="-119.49009435">
      </trkpt>
      <trkpt lat="50.65043586" lon="-119.49012772">
      </trkpt>
      <trkpt lat="50.65028736" lon="-119.49017227">
      </trkpt>
      <trkpt lat="50.65018084" lon="-119.49025647">
      </trkpt>
      <trkpt lat="50.65011093" lon="-119.49040999">
      </trkpt>
      <trkpt lat="50.65005575" lon="-119.49054182">
      </trkpt>
      <trkpt lat="50.6500444" lon="-119.49072756">
      </trkpt>
      <trkpt lat="50.65006613" lon="-119.49094665">
      </trkpt>
    </trkseg>
    <trkseg>
      <trkpt lat="50.61675878" lon="-119.46362395">
      </trkpt>
      <trkpt lat="50.61676287" lon="-119.46349732">
      </trkpt>
      <trkpt lat="50.61671785" lon="-119.46337528">
      </trkpt>
      <trkpt lat="50.61659819" lon="-119.463182">
      </trkpt>
      <trkpt lat="50.61632637" lon="-119.46275633">
      </trkpt>
      <trkpt lat="50.61612286" lon="-119.46247638">
      </trkpt>
      <trkpt lat="50.61596167" lon="-119.46222108">
      </trkpt>
      <trkpt lat="50.61577797" lon="-119.46190477">
      </trkpt>
      <trkpt lat="50.61569096" lon="-119.46174313">
      </trkpt>
      <trkpt lat="50.61560917" lon="-119.4615593">
      </trkpt>
      <trkpt lat="50.61552548" lon="-119.46146516">
      </trkpt>
      <trkpt lat="50.61543625" lon="-119.46140814">
      </trkpt>
      <trkpt lat="50.61531787" lon="-119.46137951">
      </trkpt>
      <trkpt lat="50.61517539" lon="-119.46136459">
      </trkpt>
      <trkpt lat="50.61500392" lon="-119.46137059">
      </trkpt>
      <trkpt lat="50.61486571" lon="-119.46137835">
      </trkpt>
      <trkpt lat="50.61473323" lon="-119.4613415">
      </trkpt>
      <trkpt lat="50.61452149" lon="-119.46122571">
      </trkpt>
      <trkpt lat="50.61439643" lon="-119.46106208">
      </trkpt>
      <trkpt lat="50.61433952" lon="-119.46082721">
      </trkpt>
      <trkpt lat="50.61428941" lon="-119.46049545">
      </trkpt>
      <trkpt lat="50.61422649" lon="-119.4603201">
      </trkpt>
      <trkpt lat="50.61406037" lon="-119.46007204">
      </trkpt>
      <trkpt lat="50.61396813" lon="-119.45993259">
      </trkpt>
      <trkpt lat="50.61388967" lon="-119.45981628">
      </trkpt>
      <trkpt lat="50.61385051" lon="-119.45964218">
      </trkpt>
      <trkpt lat="50.61382831" lon="-119.45956622">
      </trkpt>
      <trkpt lat="50.61382704" lon="-119.45940157">
      </trkpt>
      <trkpt lat="50.61386316" lon="-119.4592688">
      </trkpt>
      <trkpt lat="50.61391228" lon="-119.45919656">
      </trkpt>
    </trkseg>
    <trkseg>
      <trkpt lat="50.70731215" lon="-119.51134126">
      </trkpt>
      <trkpt lat="50.70719221" lon="-119.51160621">
      </trkpt>
      <trkpt lat="50.70716046" lon="-119.51175442">
      </trkpt>
      <trkpt lat="50.70710436" lon="-119.51214868">
      </trkpt>
      <trkpt lat="50.70703367" lon="-119.51255716">
      </trkpt>
      <trkpt lat="50.70700231" lon="-119.51290778">
      </trkpt>
      <trkpt lat="50.70696934" lon="-119.51333327">
      </trkpt>
      <trkpt lat="50.70688688" lon="-119.51384604">
      </trkpt>
      <trkpt lat="50.70678492" lon="-119.51438027">
      </trkpt>
      <trkpt lat="50.70670964" lon="-119.514781">
      </trkpt>
      <trkpt lat="50.70666281" lon="-119.51496588">
      </trkpt>
      <trkpt lat="50.70651428" lon="-119.51545264">
      </trkpt>
      <trkpt lat="50.70634623" lon="-119.51596083">
      </trkpt>
      <trkpt lat="50.70611315" lon="-119.51661545">
      </trkpt>
      <trkpt lat="50.70593294" lon="-119.51702553">
      </trkpt>
      <trkpt lat="50.70584121" lon="-119.51730544">
      </trkpt>
      <trkpt lat="50.7057361" lon="-119.51776453">
      </trkpt>
      <trkpt lat="50.70566274" lon="-119.5180754">
      </trkpt>
      <trkpt lat="50.7055478" lon="-119.51854894">
      </trkpt>
      <trkpt lat="50.70541843" lon="-119.51902921">
      </trkpt>
      <trkpt lat="50.70519943" lon="-119.51969204">
      </trkpt>
      <trkpt lat="50.7050453" lon="-119.52021594">
      </trkpt>
      <trkpt lat="50.704921" lon="-119.52068147">
      </trkpt>
      <trkpt lat="50.70475834" lon="-119.52115995">
      </trkpt>
      <trkpt lat="50.70459784" lon="-119.52175844">
      </trkpt>
      <trkpt lat="50.70448611" lon="-119.52208224">
      </trkpt>
      <trkpt lat="50.70442701" lon="-119.52239385">
      </trkpt>
      <trkpt lat="50.70431815" lon="-119.5230251">
      </trkpt>
      <trkpt lat="50.70424548" lon="-119.52352338">
      </trkpt>
      <trkpt lat="50.70420529" lon="-119.52406087">
      </trkpt>
      <trkpt lat="50.70420112" lon="-119.52447287">
      </trkpt>
      <trkpt lat="50.70421153" lon="-119.52487068">
      </trkpt>
      <trkpt lat="50.70418998" lon="-119.52511123">
      </trkpt>
      <trkpt lat="50.7041938" lon="-119.52546934">
      </trkpt>
      <trkpt lat="50.70418763" lon="-119.52575383">
      </trkpt>
      <trkpt lat="50.70418545" lon="-119.52629337">
      </trkpt>
      <trkpt lat="50.70419322" lon="-119.52659359">
      </trkpt>
      <trkpt lat="50.70422017" lon="-119.52688734">
      </trkpt>
      <trkpt lat="50.70427678" lon="-119.52713023">
      </trkpt>
      <trkpt lat="50.70432587" lon="-119.52750014">
      </trkpt>
      <trkpt lat="50.70437069" lon="-119.52784733">
      </trkpt>
      <trkpt lat="50.70437894" lon="-119.52812509">
      </trkpt>
      <trkpt lat="50.70437213" lon="-119.52843952">
      </trkpt>
      <trkpt lat="50.7043458" lon="-119.52877539">
      </trkpt>
      <trkpt lat="50.70431093" lon="-119.52906583">
      </trkpt>
      <trkpt lat="50.70425396" lon="-119.52949748">
      </trkpt>
      <trkpt lat="50.70420813" lon="-119.52985479">
      </trkpt>
      <trkpt lat="50.70417148" lon="-119.53022757">
      </trkpt>
      <trkpt lat="50.70415104" lon="-119.53051128">
      </trkpt>
      <trkpt lat="50.7041388" lon="-119.5308554">
      </trkpt>
      <trkpt lat="50.70413266" lon="-119.53135724">
      </trkpt>
      <trkpt lat="50.70414537" lon="-119.5318676">
      </trkpt>
      <trkpt lat="50.70417657" lon="-119.53218407">
      </trkpt>
      <trkpt lat="50.70421122" lon="-119.5325607">
      </trkpt>
      <trkpt lat="50.70425948" lon="-119.53296805">
      </trkpt>
      <trkpt lat="50.70430413" lon="-119.53332272">
      </trkpt>
      <trkpt lat="50.70428843" lon="-119.53360669">
      </trkpt>
      <trkpt lat="50.7043039" lon="-119.53398978">
      </trkpt>
      <trkpt lat="50.70430263" lon="-119.53426704">
      </trkpt>
      <trkpt lat="50.70428856" lon="-119.53447614">
      </trkpt>
      <trkpt lat="50.7042519" lon="-119.53484892">
      </trkpt>
      <trkpt lat="50.70423818" lon="-119.53526042">
      </trkpt>
      <trkpt lat="50.70420434" lon="-119.53594065">
      </trkpt>
      <trkpt lat="50.70415362" lon="-119.5367399">
      </trkpt>
      <trkpt lat="50.70416612" lon="-119.53704038">
      </trkpt>
      <trkpt lat="50.70419926" lon="-119.53726702">
      </trkpt>
      <trkpt lat="50.70428453" lon="-119.53750398">
      </trkpt>
      <trkpt lat="50.70437111" lon="-119.53768104">
      </trkpt>
      <trkpt lat="50.70444769" lon="-119.53788006">
      </trkpt>
      <trkpt lat="50.70447738" lon="-119.53804655">
      </trkpt>
      <trkpt lat="50.70448594" lon="-119.53830935">
      </trkpt>
      <trkpt lat="50.70448383" lon="-119.53862403">
      </trkpt>
      <trkpt lat="50.70449421" lon="-119.53902184">
      </trkpt>
      <trkpt lat="50.70452063" lon="-119.53933807">
      </trkpt>
      <trkpt lat="50.70458721" lon="-119.53955903">
      </trkpt>
      <trkpt lat="50.70468937" lon="-119.53989434">
      </trkpt>
      <trkpt lat="50.70482482" lon="-119.54023145">
      </trkpt>
      <trkpt lat="50.70495665" lon="-119.54051591">
      </trkpt>
      <trkpt lat="50.70512306" lon="-119.54074227">
      </trkpt>
      <trkpt lat="50.70530357" lon="-119.5409769">
      </trkpt>
      <trkpt lat="50.70543752" lon="-119.54116403">
      </trkpt>
      <trkpt lat="50.70559607" lon="-119.54131501">
      </trkpt>
      <trkpt lat="50.70576492" lon="-119.54142908">
      </trkpt>
      <trkpt lat="50.7059146" lon="-119.54154961">
      </trkpt>
      <trkpt lat="50.70608904" lon="-119.54162651">
      </trkpt>
      <trkpt lat="50.70622641" lon="-119.54165643">
      </trkpt>
      <trkpt lat="50.70640215" lon="-119.54167343">
      </trkpt>
      <trkpt lat="50.7066351" lon="-119.54168603">
      </trkpt>
      <trkpt lat="50.70699248" lon="-119.54166789">
      </trkpt>
      <trkpt lat="50.707221" lon="-119.54166527">
      </trkpt>
      <trkpt lat="50.70740641" lon="-119.54167529">
      </trkpt>
      <trkpt lat="50.70753822" lon="-119.54174239">
      </trkpt>
      <trkpt lat="50.70763708" lon="-119.54179271">
      </trkpt>
      <trkpt lat="50.70780594" lon="-119.54190679">
      </trkpt>
      <trkpt lat="50.70805316" lon="-119.54213754">
      </trkpt>
      <trkpt lat="50.70835171" lon="-119.54241605">
      </trkpt>
      <trkpt lat="50.70857696" lon="-119.54256317">
      </trkpt>
      <trkpt lat="50.7088255" lon="-119.54273403">
      </trkpt>
      <trkpt lat="50.70899863" lon="-119.54287083">
      </trkpt>
      <trkpt lat="50.70925354" lon="-119.54296709">
      </trkpt>
      <trkpt lat="50.70946175" lon="-119.54302335">
      </trkpt>
      <trkpt lat="50.7096606" lon="-119.54307158">
      </trkpt>
      <trkpt lat="50.70986421" lon="-119.54312009">
      </trkpt>
      <trkpt lat="50.71005995" lon="-119.5430932">
      </trkpt>
      <trkpt lat="50.71029321" lon="-119.54309074">
      </trkpt>
      <trkpt lat="50.71041536" lon="-119.54316491">
      </trkpt>
      <trkpt lat="50.71071136" lon="-119.54331141">
      </trkpt>
      <trkpt lat="50.71098685" lon="-119.54345492">
      </trkpt>
      <trkpt lat="50.71128145" lon="-119.54360912">
      </trkpt>
      <trkpt lat="50.71156883" lon="-119.54374461">
      </trkpt>
      <trkpt lat="50.71188685" lon="-119.54382832">
      </trkpt>
      <trkpt lat="50.71225032" lon="-119.54392395">
      </trkpt>
      <trkpt lat="50.71246244" lon="-119.5440179">
      </trkpt>
      <trkpt lat="50.71276032" lon="-119.54410901">
      </trkpt>
      <trkpt lat="50.7130059" lon="-119.54419727">
      </trkpt>
      <trkpt lat="50.71334639" lon="-119.54429817">
      </trkpt>
      <trkpt lat="50.7137018" lon="-119.54436991">
      </trkpt>
      <trkpt lat="50.71404738" lon="-119.5444561">
      </trkpt>
      <trkpt lat="50.71431771" lon="-119.54450073">
      </trkpt>
      <trkpt lat="50.7145459" lon="-119.54451309">
      </trkpt>
      <trkpt lat="50.71474098" lon="-119.54451616">
      </trkpt>
      <trkpt lat="50.7149418" lon="-119.54447456">
      </trkpt>
      <trkpt lat="50.71509507" lon="-119.54443039">
      </trkpt>
      <trkpt lat="50.7152041" lon="-119.54445129">
      </trkpt>
      <trkpt lat="50.71538426" lon="-119.54448354">
      </trkpt>
      <trkpt lat="50.71558786" lon="-119.54453206">
      </trkpt>
      <trkpt lat="50.71574819" lon="-119.54460073">
      </trkpt>
      <trkpt lat="50.71588082" lon="-119.5446304">
      </trkpt>
      <trkpt lat="50.71607809" lon="-119.5446899">
      </trkpt>
      <trkpt lat="50.71649696" lon="-119.54450074">
      </trkpt>
      <trkpt lat="50.71684902" lon="-119.54429029">
      </trkpt>
      <trkpt lat="50.71706716" lon="-119.5441766">
      </trkpt>
      <trkpt lat="50.7172224" lon="-119.54404256">
      </trkpt>
      <trkpt lat="50.71739092" lon="-119.54395423">
      </trkpt>
      <trkpt lat="50.71765354" lon="-119.54391596">
      </trkpt>
      <trkpt lat="50.71793025" lon="-119.54388597">
      </trkpt>
      <trkpt lat="50.71825862" lon="-119.54388876">
      </trkpt>
      <trkpt lat="50.71860615" lon="-119.54388509">
      </trkpt>
      <trkpt lat="50.71888681" lon="-119.5438928">
      </trkpt>
      <trkpt lat="50.71915352" lon="-119.54388475">
      </trkpt>
      <trkpt lat="50.71934369" lon="-119.54389505">
      </trkpt>
      <trkpt lat="50.7196232" lon="-119.54395519">
      </trkpt>
      <trkpt lat="50.71996992" lon="-119.54398897">
      </trkpt>
      <trkpt lat="50.72040549" lon="-119.54409504">
      </trkpt>
      <trkpt lat="50.72053795" lon="-119.54413221">
      </trkpt>
      <trkpt lat="50.72076041" lon="-119.54418925">
      </trkpt>
      <trkpt lat="50.7209309" lon="-119.54422847">
      </trkpt>
      <trkpt lat="50.72118763" lon="-119.54424239">
      </trkpt>
      <trkpt lat="50.7213832" lon="-119.54422298">
      </trkpt>
      <trkpt lat="50.72150697" lon="-119.5442222">
      </trkpt>
      <trkpt lat="50.72164369" lon="-119.5442821">
      </trkpt>
      <trkpt lat="50.72179861" lon="-119.54438046">
      </trkpt>
      <trkpt lat="50.72201452" lon="-119.54451963">
      </trkpt>
      <trkpt lat="50.72215189" lon="-119.54454957">
      </trkpt>
      <trkpt lat="50.72228058" lon="-119.54454155">
      </trkpt>
      <trkpt lat="50.72241993" lon="-119.54448161">
      </trkpt>
      <trkpt lat="50.72259222" lon="-119.54443847">
      </trkpt>
      <trkpt lat="50.72281156" lon="-119.54442035">
      </trkpt>
      <trkpt lat="50.72301205" lon="-119.54439373">
      </trkpt>
      <trkpt lat="50.72315483" lon="-119.54439397">
      </trkpt>
      <trkpt lat="50.72328778" lon="-119.54440867">
      </trkpt>
      <trkpt lat="50.72340221" lon="-119.54439987">
      </trkpt>
      <trkpt lat="50.72350253" lon="-119.54438282">
      </trkpt>
      <trkpt lat="50.72374662" lon="-119.54432106">
      </trkpt>
      <trkpt lat="50.7239817" lon="-119.54423633">
      </trkpt>
      <trkpt lat="50.72421186" lon="-119.54415882">
      </trkpt>
      <trkpt lat="50.72436973" lon="-119.54412238">
      </trkpt>
      <trkpt lat="50.72441759" lon="-119.54410998">
      </trkpt>
      <trkpt lat="50.72448513" lon="-119.54406865">
      </trkpt>
      <trkpt lat="50.72460513" lon="-119.54402266">
      </trkpt>
      <trkpt lat="50.72474906" lon="-119.54397048">
      </trkpt>
      <trkpt lat="50.72490741" lon="-119.54391156">
      </trkpt>
      <trkpt lat="50.72509872" lon="-119.54386944">
      </trkpt>
      <trkpt lat="50.72531872" lon="-119.54382137">
      </trkpt>
      <trkpt lat="50.72551363" lon="-119.54383194">
      </trkpt>
      <trkpt lat="50.72567215" lon="-119.54376554">
      </trkpt>
      <trkpt lat="50.72586034" lon="-119.54364826">
      </trkpt>
      <trkpt lat="50.7261036" lon="-119.54340648">
      </trkpt>
      <trkpt lat="50.72628277" lon="-119.54326621">
      </trkpt>
      <trkpt lat="50.72649997" lon="-119.543128">
      </trkpt>
      <trkpt lat="50.72664029" lon="-119.54302312">
      </trkpt>
      <trkpt lat="50.72681438" lon="-119.54289758">
      </trkpt>
      <trkpt lat="50.72693142" lon="-119.54276893">
      </trkpt>
      <trkpt lat="50.72704517" lon="-119.54257263">
      </trkpt>
      <trkpt lat="50.72715435" lon="-119.54236858">
      </trkpt>
      <trkpt lat="50.7272935" lon="-119.54209866">
      </trkpt>
      <trkpt lat="50.72742201" lon="-119.54188065">
      </trkpt>
      <trkpt lat="50.72753675" lon="-119.54163939">
      </trkpt>
      <trkpt lat="50.7277864" lon="-119.54132295">
      </trkpt>
      <trkpt lat="50.72790949" lon="-119.54113465">
      </trkpt>
      <trkpt lat="50.72804014" lon="-119.54103674">
      </trkpt>
      <trkpt lat="50.72827684" lon="-119.54087707">
      </trkpt>
      <trkpt lat="50.72843569" lon="-119.54079568">
      </trkpt>
      <trkpt lat="50.72864863" lon="-119.54063473">
      </trkpt>
      <trkpt lat="50.72889402" lon="-119.54051302">
      </trkpt>
      <trkpt lat="50.72908188" lon="-119.5404107">
      </trkpt>
      <trkpt lat="50.7292445" lon="-119.54037451">
      </trkpt>
      <trkpt lat="50.72942171" lon="-119.5403241">
      </trkpt>
      <trkpt lat="50.72966677" lon="-119.54021737">
      </trkpt>
      <trkpt lat="50.72993201" lon="-119.54005925">
      </trkpt>
      <trkpt lat="50.73016839" lon="-119.53991455">
      </trkpt>
      <trkpt lat="50.73034657" lon="-119.53981919">
      </trkpt>
      <trkpt lat="50.73064065" lon="-119.53964762">
      </trkpt>
      <trkpt lat="50.73091457" lon="-119.53952745">
      </trkpt>
      <trkpt lat="50.73126095" lon="-119.53935872">
      </trkpt>
      <trkpt lat="50.73152536" lon="-119.53923802">
      </trkpt>
      <trkpt lat="50.73176601" lon="-119.53911605">
      </trkpt>
      <trkpt lat="50.73191289" lon="-119.5391465">
      </trkpt>
      <trkpt lat="50.73210256" lon="-119.53917926">
      </trkpt>
      <trkpt lat="50.73223698" lon="-119.53912653">
      </trkpt>
      <trkpt lat="50.73246173" lon="-119.53907868">
      </trkpt>
      <trkpt lat="50.73272992" lon="-119.53900319">
      </trkpt>
      <trkpt lat="50.73296105" lon="-119.53888071">
      </trkpt>
      <trkpt lat="50.73314924" lon="-119.53876339">
      </trkpt>
      <trkpt lat="50.73327562" lon="-119.53864273">
      </trkpt>
      <trkpt lat="50.73334576" lon="-119.53848152">
      </trkpt>
      <trkpt lat="50.73338181" lon="-119.53835597">
      </trkpt>
      <trkpt lat="50.73340393" lon="-119.53821468">
      </trkpt>
      <trkpt lat="50.73344803" lon="-119.53815707">
      </trkpt>
      <trkpt lat="50.73356079" lon="-119.53800566">
      </trkpt>
      <trkpt lat="50.7337934" lon="-119.53781574">
      </trkpt>
      <trkpt lat="50.73409125" lon="-119.53768935">
      </trkpt>
      <trkpt lat="50.73432616" lon="-119.53761205">
      </trkpt>
      <trkpt lat="50.73452206" lon="-119.53757764">
      </trkpt>
      <trkpt lat="50.73472746" lon="-119.53754375">
      </trkpt>
      <trkpt lat="50.73492827" lon="-119.53750211">
      </trkpt>
      <trkpt lat="50.735134" lon="-119.53745322">
      </trkpt>
      <trkpt lat="50.73534973" lon="-119.53738239">
      </trkpt>
      <trkpt lat="50.73545644" lon="-119.53729066">
      </trkpt>
      <trkpt lat="50.73567429" lon="-119.53712243">
      </trkpt>
      <trkpt lat="50.73582854" lon="-119.53703326">
      </trkpt>
      <trkpt lat="50.73599656" lon="-119.53696735">
      </trkpt>
      <trkpt lat="50.73614492" lon="-119.53693036">
      </trkpt>
      <trkpt lat="50.73626803" lon="-119.53695952">
      </trkpt>
      <trkpt lat="50.73637706" lon="-119.53698041">
      </trkpt>
      <trkpt lat="50.73650147" lon="-119.53694964">
      </trkpt>
      <trkpt lat="50.73669474" lon="-119.53681757">
      </trkpt>
      <trkpt lat="50.73683554" lon="-119.53669019">
      </trkpt>
      <trkpt lat="50.737077" lon="-119.53653073">
      </trkpt>
      <trkpt lat="50.73729617" lon="-119.53652007">
      </trkpt>
      <trkpt lat="50.737457" lon="-119.53656627">
      </trkpt>
      <trkpt lat="50.73761815" lon="-119.53659748">
      </trkpt>
      <trkpt lat="50.73782684" lon="-119.53663126">
      </trkpt>
      <trkpt lat="50.73801716" lon="-119.53663405">
      </trkpt>
      <trkpt lat="50.73817454" lon="-119.53662005">
      </trkpt>
      <trkpt lat="50.73832683" lon="-119.53662078">
      </trkpt>
      <trkpt lat="50.73847339" lon="-119.53666621">
      </trkpt>
      <trkpt lat="50.73856831" lon="-119.53667884">
      </trkpt>
      <trkpt lat="50.73881897" lon="-119.5367524">
      </trkpt>
      <trkpt lat="50.73896062" lon="-119.53680505">
      </trkpt>
      <trkpt lat="50.73910604" lon="-119.53690293">
      </trkpt>
      <trkpt lat="50.73926588" lon="-119.53699408">
      </trkpt>
      <trkpt lat="50.73948114" lon="-119.53716323">
      </trkpt>
      <trkpt lat="50.73964985" lon="-119.53728487">
      </trkpt>
      <trkpt lat="50.73974789" lon="-119.53737268">
      </trkpt>
      <trkpt lat="50.73987068" lon="-119.53741681">
      </trkpt>
      <trkpt lat="50.73995938" lon="-119.53749662">
      </trkpt>
      <trkpt lat="50.74003905" lon="-119.53755343">
      </trkpt>
      <trkpt lat="50.74011463" lon="-119.53758003">
      </trkpt>
      <trkpt lat="50.74019987" lon="-119.53759965">
      </trkpt>
      <trkpt lat="50.74026676" lon="-119.53758826">
      </trkpt>
      <trkpt lat="50.74030118" lon="-119.53753761">
      </trkpt>
      <trkpt lat="50.74032642" lon="-119.53747146">
      </trkpt>
      <trkpt lat="50.74033329" lon="-119.53737433">
      </trkpt>
      <trkpt lat="50.74032131" lon="-119.53726867">
      </trkpt>
      <trkpt lat="50.74033721" lon="-119.53719451">
      </trkpt>
      <trkpt lat="50.7404095" lon="-119.53715341">
      </trkpt>
      <trkpt lat="50.74052556" lon="-119.53706968">
      </trkpt>
      <trkpt lat="50.7406026" lon="-119.53702884">
      </trkpt>
      <trkpt lat="50.74075161" lon="-119.53696189">
      </trkpt>
      <trkpt lat="50.74082799" lon="-119.53695102">
      </trkpt>
      <trkpt lat="50.74090849" lon="-119.53697037">
      </trkpt>
      <trkpt lat="50.7409839" lon="-119.53700444">
      </trkpt>
      <trkpt lat="50.7410644" lon="-119.53702381">
      </trkpt>
      <trkpt lat="50.74114931" lon="-119.53705841">
      </trkpt>
      <trkpt lat="50.74124867" lon="-119.53708628">
      </trkpt>
      <trkpt lat="50.74135358" lon="-119.53707695">
      </trkpt>
      <trkpt lat="50.74141079" lon="-119.53707254">
      </trkpt>
      <trkpt lat="50.74150489" lon="-119.53712263">
      </trkpt>
      <trkpt lat="50.74158474" lon="-119.53717196">
      </trkpt>
      <trkpt lat="50.74165096" lon="-119.53719053">
      </trkpt>
      <trkpt lat="50.74171736" lon="-119.53720163">
      </trkpt>
      <trkpt lat="50.7417849" lon="-119.53716027">
      </trkpt>
      <trkpt lat="50.74182833" lon="-119.53713263">
      </trkpt>
      <trkpt lat="50.7418875" lon="-119.53703831">
      </trkpt>
      <trkpt lat="50.74194651" lon="-119.53695149">
      </trkpt>
      <trkpt lat="50.74204436" lon="-119.53682925">
      </trkpt>
      <trkpt lat="50.74212812" lon="-119.53669876">
      </trkpt>
      <trkpt lat="50.74219172" lon="-119.53661969">
      </trkpt>
      <trkpt lat="50.74227482" lon="-119.53651916">
      </trkpt>
      <trkpt lat="50.74233448" lon="-119.53640236">
      </trkpt>
      <trkpt lat="50.74239316" lon="-119.53633052">
      </trkpt>
      <trkpt lat="50.74247134" lon="-119.53623724">
      </trkpt>
      <trkpt lat="50.74257264" lon="-119.5361752">
      </trkpt>
      <trkpt lat="50.74262165" lon="-119.53611034">
      </trkpt>
      <trkpt lat="50.74267395" lon="-119.53611316">
      </trkpt>
      <trkpt lat="50.74280296" lon="-119.53609013">
      </trkpt>
      <trkpt lat="50.7429559" lon="-119.53606089">
      </trkpt>
      <trkpt lat="50.74312296" lon="-119.53603991">
      </trkpt>
      <trkpt lat="50.74325066" lon="-119.53607681">
      </trkpt>
      <trkpt lat="50.74341494" lon="-119.53618322">
      </trkpt>
      <trkpt lat="50.7435792" lon="-119.53628962">
      </trkpt>
      <trkpt lat="50.74392365" lon="-119.53642826">
      </trkpt>
      <trkpt lat="50.74413399" lon="-119.53660466">
      </trkpt>
      <trkpt lat="50.74444287" lon="-119.53684641">
      </trkpt>
      <trkpt lat="50.74453911" lon="-119.53701665">
      </trkpt>
      <trkpt lat="50.74465093" lon="-119.53712773">
      </trkpt>
      <trkpt lat="50.74470045" lon="-119.53725793">
      </trkpt>
      <trkpt lat="50.74472588" lon="-119.53740184">
      </trkpt>
      <trkpt lat="50.74468213" lon="-119.53766202">
      </trkpt>
      <trkpt lat="50.7446397" lon="-119.53786227">
      </trkpt>
      <trkpt lat="50.7446125" lon="-119.53801834">
      </trkpt>
      <trkpt lat="50.74454368" lon="-119.53833719">
      </trkpt>
      <trkpt lat="50.74443781" lon="-119.53860902">
      </trkpt>
      <trkpt lat="50.7442939" lon="-119.53887879">
      </trkpt>
      <trkpt lat="50.74417637" lon="-119.53902997">
      </trkpt>
      <trkpt lat="50.74402557" lon="-119.53917933">
      </trkpt>
      <trkpt lat="50.7438705" lon="-119.53930597">
      </trkpt>
      <trkpt lat="50.74375379" lon="-119.53941967">
      </trkpt>
      <trkpt lat="50.74357446" lon="-119.5395675">
      </trkpt>
      <trkpt lat="50.74343939" lon="-119.5396502">
      </trkpt>
      <trkpt lat="50.74333596" lon="-119.53980964">
      </trkpt>
      <trkpt lat="50.74314926" lon="-119.54007708">
      </trkpt>
      <trkpt lat="50.74296159" lon="-119.54038948">
      </trkpt>
      <trkpt lat="50.7428298" lon="-119.54053987">
      </trkpt>
      <trkpt lat="50.74260031" lon="-119.540805">
      </trkpt>
      <trkpt lat="50.74244458" lon="-119.5409616">
      </trkpt>
      <trkpt lat="50.74235673" lon="-119.54106185">
      </trkpt>
    </trkseg>
    <trkseg>
      <trkpt lat="50.66005292" lon="-119.50847994">
      </trkpt>
      <trkpt lat="50.65999449" lon="-119.50806233">
      </trkpt>
      <trkpt lat="50.65999859" lon="-119.50767749">
      </trkpt>
      <trkpt lat="50.66003589" lon="-119.50747248">
      </trkpt>
      <trkpt lat="50.66015641" lon="-119.5073754">
      </trkpt>
      <trkpt lat="50.66018855" lon="-119.50731976">
      </trkpt>
      <trkpt lat="50.66016228" lon="-119.50721352">
      </trkpt>
      <trkpt lat="50.66006437" lon="-119.50711844">
      </trkpt>
      <trkpt lat="50.65994841" lon="-119.50697749">
      </trkpt>
      <trkpt lat="50.65989426" lon="-119.50683982">
      </trkpt>
      <trkpt lat="50.65988039" lon="-119.50659946">
      </trkpt>
      <trkpt lat="50.6599139" lon="-119.50636911">
      </trkpt>
      <trkpt lat="50.65991302" lon="-119.50618936">
      </trkpt>
      <trkpt lat="50.65988457" lon="-119.5059632">
      </trkpt>
      <trkpt lat="50.65980365" lon="-119.50574173">
      </trkpt>
      <trkpt lat="50.65973112" lon="-119.50557314">
      </trkpt>
      <trkpt lat="50.65957971" lon="-119.50531048">
      </trkpt>
      <trkpt lat="50.65937937" lon="-119.50488797">
      </trkpt>
      <trkpt lat="50.6592715" lon="-119.50471518">
      </trkpt>
      <trkpt lat="50.65925419" lon="-119.5044452">
      </trkpt>
      <trkpt lat="50.65924315" lon="-119.50413942">
      </trkpt>
      <trkpt lat="50.65923297" lon="-119.50372704">
      </trkpt>
      <trkpt lat="50.659229" lon="-119.5032476">
      </trkpt>
      <trkpt lat="50.65924292" lon="-119.50282152">
      </trkpt>
      <trkpt lat="50.6592624" lon="-119.5023583">
      </trkpt>
      <trkpt lat="50.65927486" lon="-119.50199954">
      </trkpt>
      <trkpt lat="50.65926082" lon="-119.50176668">
      </trkpt>
      <trkpt lat="50.65925298" lon="-119.50146674">
      </trkpt>
      <trkpt lat="50.65924586" lon="-119.50091225">
      </trkpt>
      <trkpt lat="50.65924155" lon="-119.50044776">
      </trkpt>
      <trkpt lat="50.65924909" lon="-119.50009624">
      </trkpt>
      <trkpt lat="50.65925012" lon="-119.49982672">
      </trkpt>
      <trkpt lat="50.65923203" lon="-119.49933904">
      </trkpt>
      <trkpt lat="50.6592432" lon="-119.49904011">
      </trkpt>
      <trkpt lat="50.65925977" lon="-119.49871152">
      </trkpt>
      <trkpt lat="50.65928995" lon="-119.49841362">
      </trkpt>
      <trkpt lat="50.65935231" lon="-119.49816981">
      </trkpt>
      <trkpt lat="50.65941715" lon="-119.49803098">
      </trkpt>
      <trkpt lat="50.65945567" lon="-119.49801057">
      </trkpt>
      <trkpt lat="50.65955027" lon="-119.49803806">
      </trkpt>
      <trkpt lat="50.65958388" lon="-119.49802487">
      </trkpt>
      <trkpt lat="50.65959136" lon="-119.49789796">
      </trkpt>
      <trkpt lat="50.65959078" lon="-119.49770325">
      </trkpt>
      <trkpt lat="50.65957897" lon="-119.49736566">
      </trkpt>
      <trkpt lat="50.65961247" lon="-119.4971353">
      </trkpt>
      <trkpt lat="50.6596628" lon="-119.49678605">
      </trkpt>
      <trkpt lat="50.6597058" lon="-119.49655619">
      </trkpt>
      <trkpt lat="50.65977253" lon="-119.49639386">
      </trkpt>
    </trkseg>
    <trkseg>
      <trkpt lat="50.70117691" lon="-119.44027026">
      </trkpt>
      <trkpt lat="50.70119192" lon="-119.44041032">
      </trkpt>
      <trkpt lat="50.70123253" lon="-119.44061251">
      </trkpt>
      <trkpt lat="50.70127013" lon="-119.4409537">
      </trkpt>
      <trkpt lat="50.70128501" lon="-119.44110986">
      </trkpt>
      <trkpt lat="50.7012557" lon="-119.44142492">
      </trkpt>
      <trkpt lat="50.70124096" lon="-119.44167508">
      </trkpt>
      <trkpt lat="50.70124677" lon="-119.44189897">
      </trkpt>
      <trkpt lat="50.70123283" lon="-119.44207926">
      </trkpt>
      <trkpt lat="50.70122211" lon="-119.44218932">
      </trkpt>
      <trkpt lat="50.70121356" lon="-119.44236687">
      </trkpt>
      <trkpt lat="50.70115546" lon="-119.44255946">
      </trkpt>
      <trkpt lat="50.70111102" lon="-119.44280621">
      </trkpt>
      <trkpt lat="50.70112398" lon="-119.44306781">
      </trkpt>
      <trkpt lat="50.70116026" lon="-119.44321405">
      </trkpt>
      <trkpt lat="50.7011927" lon="-119.44337119">
      </trkpt>
      <trkpt lat="50.70123857" lon="-119.44363556">
      </trkpt>
      <trkpt lat="50.70119991" lon="-119.44389652">
      </trkpt>
      <trkpt lat="50.70112044" lon="-119.4441263">
      </trkpt>
      <trkpt lat="50.70110119" lon="-119.44449304">
      </trkpt>
      <trkpt lat="50.70116323" lon="-119.44464499">
      </trkpt>
      <trkpt lat="50.70120886" lon="-119.44474695">
      </trkpt>
      <trkpt lat="50.7012336" lon="-119.4448607">
      </trkpt>
      <trkpt lat="50.70126695" lon="-119.44497674">
      </trkpt>
    </trkseg>
    <trkseg>
      <trkpt lat="50.72474314" lon="-119.41806954">
      </trkpt>
      <trkpt lat="50.72468148" lon="-119.418168">
      </trkpt>
      <trkpt lat="50.72452545" lon="-119.41831366">
      </trkpt>
      <trkpt lat="50.72442452" lon="-119.41840865">
      </trkpt>
      <trkpt lat="50.72422129" lon="-119.41868224">
      </trkpt>
      <trkpt lat="50.7239632" lon="-119.41897999">
      </trkpt>
      <trkpt lat="50.72382684" lon="-119.41905698">
      </trkpt>
      <trkpt lat="50.72362545" lon="-119.41921827">
      </trkpt>
      <trkpt lat="50.72347972" lon="-119.41930917">
      </trkpt>
      <trkpt lat="50.72330807" lon="-119.41934325">
      </trkpt>
      <trkpt lat="50.72325355" lon="-119.41935483">
      </trkpt>
      <trkpt lat="50.72317206" lon="-119.41940781">
      </trkpt>
      <trkpt lat="50.72301549" lon="-119.41955353">
      </trkpt>
      <trkpt lat="50.72292381" lon="-119.4196631">
      </trkpt>
      <trkpt lat="50.72287652" lon="-119.41975901">
      </trkpt>
      <trkpt lat="50.72284654" lon="-119.4199005">
      </trkpt>
      <trkpt lat="50.7228007" lon="-119.41995521">
      </trkpt>
      <trkpt lat="50.72272705" lon="-119.4200355">
      </trkpt>
      <trkpt lat="50.72267163" lon="-119.42008991">
      </trkpt>
      <trkpt lat="50.72266811" lon="-119.42025939">
      </trkpt>
      <trkpt lat="50.72272715" lon="-119.42044642">
      </trkpt>
      <trkpt lat="50.72292536" lon="-119.42044218">
      </trkpt>
      <trkpt lat="50.723133" lon="-119.4203974">
      </trkpt>
      <trkpt lat="50.72334108" lon="-119.42035086">
      </trkpt>
      <trkpt lat="50.72349438" lon="-119.42033002">
      </trkpt>
      <trkpt lat="50.72363831" lon="-119.42032309">
      </trkpt>
      <trkpt lat="50.7236933" lon="-119.42027059">
      </trkpt>
      <trkpt lat="50.72383801" lon="-119.4202493">
      </trkpt>
      <trkpt lat="50.72409848" lon="-119.42024829">
      </trkpt>
      <trkpt lat="50.72426956" lon="-119.42024277">
      </trkpt>
      <trkpt lat="50.72435102" lon="-119.42021826">
      </trkpt>
      <trkpt lat="50.72447863" lon="-119.42015508">
      </trkpt>
      <trkpt lat="50.72470369" lon="-119.42013792">
      </trkpt>
      <trkpt lat="50.7247673" lon="-119.42009839">
      </trkpt>
      <trkpt lat="50.72485994" lon="-119.41997615">
      </trkpt>
      <trkpt lat="50.72498634" lon="-119.41993977">
      </trkpt>
      <trkpt lat="50.72511238" lon="-119.41994614">
      </trkpt>
      <trkpt lat="50.72524727" lon="-119.41993882">
      </trkpt>
      <trkpt lat="50.72536435" lon="-119.41994466">
      </trkpt>
      <trkpt lat="50.72548961" lon="-119.41996538">
      </trkpt>
      <trkpt lat="50.72556113" lon="-119.41998333">
      </trkpt>
      <trkpt lat="50.72564179" lon="-119.42000179">
      </trkpt>
      <trkpt lat="50.72572259" lon="-119.42000585">
      </trkpt>
      <trkpt lat="50.72582948" lon="-119.42006842">
      </trkpt>
      <trkpt lat="50.72598076" lon="-119.42014766">
      </trkpt>
      <trkpt lat="50.72612231" lon="-119.4202531">
      </trkpt>
      <trkpt lat="50.72621168" lon="-119.42028622">
      </trkpt>
      <trkpt lat="50.72630977" lon="-119.42033414">
      </trkpt>
      <trkpt lat="50.72645232" lon="-119.42039859">
      </trkpt>
      <trkpt lat="50.72659535" lon="-119.42043449">
      </trkpt>
      <trkpt lat="50.72671243" lon="-119.42044033">
      </trkpt>
      <trkpt lat="50.7269453" lon="-119.4204791">
      </trkpt>
      <trkpt lat="50.72700753" lon="-119.42051081">
      </trkpt>
      <trkpt lat="50.72708753" lon="-119.42055783">
      </trkpt>
      <trkpt lat="50.72718484" lon="-119.42061996">
      </trkpt>
      <trkpt lat="50.72731007" lon="-119.42066916">
      </trkpt>
      <trkpt lat="50.72739007" lon="-119.42071619">
      </trkpt>
      <trkpt lat="50.72744314" lon="-119.42074568">
      </trkpt>
      <trkpt lat="50.72755933" lon="-119.4207945">
      </trkpt>
      <trkpt lat="50.72778797" lon="-119.42104728">
      </trkpt>
    </trkseg>
    <trkseg>
      <trkpt lat="50.73190455" lon="-119.44701065">
      </trkpt>
      <trkpt lat="50.73202567" lon="-119.44681851">
      </trkpt>
      <trkpt lat="50.73219423" lon="-119.44650197">
      </trkpt>
      <trkpt lat="50.73229553" lon="-119.44639289">
      </trkpt>
      <trkpt lat="50.73236886" lon="-119.4463269">
      </trkpt>
      <trkpt lat="50.73243281" lon="-119.44627312">
      </trkpt>
      <trkpt lat="50.73253467" lon="-119.44613533">
      </trkpt>
      <trkpt lat="50.73263606" lon="-119.44602794">
      </trkpt>
      <trkpt lat="50.73271022" lon="-119.44591927">
      </trkpt>
      <trkpt lat="50.73274793" lon="-119.4458212">
      </trkpt>
      <trkpt lat="50.73278767" lon="-119.44565337">
      </trkpt>
      <trkpt lat="50.73286538" lon="-119.44537504">
      </trkpt>
      <trkpt lat="50.73295155" lon="-119.44512395">
      </trkpt>
      <trkpt lat="50.73302695" lon="-119.44495815">
      </trkpt>
      <trkpt lat="50.73310981" lon="-119.4448623">
      </trkpt>
      <trkpt lat="50.7331934" lon="-119.44476818">
      </trkpt>
      <trkpt lat="50.73333082" lon="-119.44463244">
      </trkpt>
      <trkpt lat="50.73340531" lon="-119.44450934">
      </trkpt>
      <trkpt lat="50.73346204" lon="-119.44437118">
      </trkpt>
      <trkpt lat="50.73347349" lon="-119.44425917">
      </trkpt>
      <trkpt lat="50.73347521" lon="-119.4441735">
      </trkpt>
      <trkpt lat="50.73346789" lon="-119.4440873">
      </trkpt>
      <trkpt lat="50.73345273" lon="-119.44397392">
      </trkpt>
      <trkpt lat="50.73341942" lon="-119.44382932">
      </trkpt>
      <trkpt lat="50.73337836" lon="-119.44365737">
      </trkpt>
      <trkpt lat="50.73332934" lon="-119.44339933">
      </trkpt>
      <trkpt lat="50.7333457" lon="-119.44307489">
      </trkpt>
      <trkpt lat="50.73344952" lon="-119.44282648">
      </trkpt>
      <trkpt lat="50.73356239" lon="-119.44258926">
      </trkpt>
      <trkpt lat="50.73360945" lon="-119.44250761">
      </trkpt>
      <trkpt lat="50.73362955" lon="-119.44238009">
      </trkpt>
      <trkpt lat="50.73353326" lon="-119.44227676">
      </trkpt>
      <trkpt lat="50.73347931" lon="-119.44225975">
      </trkpt>
      <trkpt lat="50.73341627" lon="-119.44227085">
      </trkpt>
      <trkpt lat="50.73323673" lon="-119.44224734">
      </trkpt>
      <trkpt lat="50.73302063" lon="-119.44226479">
      </trkpt>
      <trkpt lat="50.73291268" lon="-119.44225926">
      </trkpt>
      <trkpt lat="50.73274181" lon="-119.4422789">
      </trkpt>
      <trkpt lat="50.73256135" lon="-119.44229653">
      </trkpt>
      <trkpt lat="50.73242502" lon="-119.4423467">
      </trkpt>
      <trkpt lat="50.73228052" lon="-119.44238212">
      </trkpt>
      <trkpt lat="50.73213601" lon="-119.44241755">
      </trkpt>
      <trkpt lat="50.73206417" lon="-119.44241384">
      </trkpt>
      <trkpt lat="50.73199174" lon="-119.44243699">
      </trkpt>
      <trkpt lat="50.73180257" lon="-119.44244152">
      </trkpt>
      <trkpt lat="50.7317304" lon="-119.4424521">
      </trkpt>
      <trkpt lat="50.73164022" lon="-119.44246176">
      </trkpt>
      <trkpt lat="50.73154186" lon="-119.44245668">
      </trkpt>
      <trkpt lat="50.73144254" lon="-119.44246583">
      </trkpt>
      <trkpt lat="50.73128956" lon="-119.44247231">
      </trkpt>
      <trkpt lat="50.73113658" lon="-119.44247865">
      </trkpt>
      <trkpt lat="50.73096527" lon="-119.4424985">
      </trkpt>
      <trkpt lat="50.73081014" lon="-119.4426031">
      </trkpt>
      <trkpt lat="50.73071938" lon="-119.44264132">
      </trkpt>
      <trkpt lat="50.73053743" lon="-119.4427302">
      </trkpt>
      <trkpt lat="50.73037426" lon="-119.44279327">
      </trkpt>
      <trkpt lat="50.73023812" lon="-119.44285593">
      </trkpt>
      <trkpt lat="50.73012894" lon="-119.44290753">
      </trkpt>
      <trkpt lat="50.72999256" lon="-119.44298446">
      </trkpt>
      <trkpt lat="50.72982849" lon="-119.44309037">
      </trkpt>
      <trkpt lat="50.72966449" lon="-119.44319626">
      </trkpt>
      <trkpt lat="50.72958235" lon="-119.44324745">
      </trkpt>
      <trkpt lat="50.72939111" lon="-119.44335022">
      </trkpt>
      <trkpt lat="50.72929123" lon="-119.44338807">
      </trkpt>
      <trkpt lat="50.72910846" lon="-119.44351977">
      </trkpt>
      <trkpt lat="50.72904452" lon="-119.4435737">
      </trkpt>
      <trkpt lat="50.72888957" lon="-119.44367997">
      </trkpt>
      <trkpt lat="50.72872457" lon="-119.44382701">
      </trkpt>
      <trkpt lat="50.72862318" lon="-119.44393439">
      </trkpt>
      <trkpt lat="50.72847536" lon="-119.44412503">
      </trkpt>
      <trkpt lat="50.72841151" lon="-119.44417895">
      </trkpt>
      <trkpt lat="50.72831917" lon="-119.44428672">
      </trkpt>
      <trkpt lat="50.72822669" lon="-119.44441059">
      </trkpt>
      <trkpt lat="50.72812472" lon="-119.44454653">
      </trkpt>
      <trkpt lat="50.72800348" lon="-119.44476715">
      </trkpt>
      <trkpt lat="50.72795583" lon="-119.44487734">
      </trkpt>
      <trkpt lat="50.72787033" lon="-119.44509983">
      </trkpt>
      <trkpt lat="50.7277844" lon="-119.44533662">
      </trkpt>
      <trkpt lat="50.72771781" lon="-119.4455172">
      </trkpt>
      <trkpt lat="50.72764127" lon="-119.44574023">
      </trkpt>
      <trkpt lat="50.72758376" lon="-119.44589272">
      </trkpt>
      <trkpt lat="50.72751683" lon="-119.44608757">
      </trkpt>
      <trkpt lat="50.72744933" lon="-119.44631099">
      </trkpt>
      <trkpt lat="50.72738162" lon="-119.44652019">
      </trkpt>
      <trkpt lat="50.72735122" lon="-119.44670258">
      </trkpt>
      <trkpt lat="50.72732981" lon="-119.44685703">
      </trkpt>
      <trkpt lat="50.72725268" lon="-119.44710847">
      </trkpt>
      <trkpt lat="50.72725624" lon="-119.44734994">
      </trkpt>
      <trkpt lat="50.72704793" lon="-119.44742316">
      </trkpt>
      <trkpt lat="50.72699139" lon="-119.44756311">
      </trkpt>
      <trkpt lat="50.7269449" lon="-119.44761619">
      </trkpt>
      <trkpt lat="50.72684236" lon="-119.44778067">
      </trkpt>
      <trkpt lat="50.72675777" lon="-119.44796217">
      </trkpt>
      <trkpt lat="50.726729" lon="-119.44805891">
      </trkpt>
      <trkpt lat="50.72669084" lon="-119.44815702">
      </trkpt>
      <trkpt lat="50.7265868" lon="-119.44839104">
      </trkpt>
      <trkpt lat="50.72653041" lon="-119.44851674">
      </trkpt>
      <trkpt lat="50.72644572" lon="-119.44869639">
      </trkpt>
      <trkpt lat="50.72636045" lon="-119.44890461">
      </trkpt>
      <trkpt lat="50.72626696" lon="-119.44906961">
      </trkpt>
      <trkpt lat="50.72616474" lon="-119.4492198">
      </trkpt>
      <trkpt lat="50.72608097" lon="-119.44935833">
      </trkpt>
      <trkpt lat="50.72605233" lon="-119.44942658">
      </trkpt>
      <trkpt lat="50.72596697" lon="-119.4496348">
      </trkpt>
      <trkpt lat="50.72590196" lon="-119.44974581">
      </trkpt>
      <trkpt lat="50.72582795" lon="-119.4498402">
      </trkpt>
      <trkpt lat="50.72573512" lon="-119.44997663">
      </trkpt>
      <trkpt lat="50.72565009" lon="-119.45017057">
      </trkpt>
      <trkpt lat="50.72555601" lon="-119.45036398">
      </trkpt>
      <trkpt lat="50.72548186" lon="-119.45047447">
      </trkpt>
      <trkpt lat="50.72541674" lon="-119.45058365">
      </trkpt>
      <trkpt lat="50.72537839" lon="-119.45068008">
      </trkpt>
      <trkpt lat="50.72526839" lon="-119.45077447">
      </trkpt>
      <trkpt lat="50.72521382" lon="-119.45081448">
      </trkpt>
      <trkpt lat="50.72510578" lon="-119.45080895">
      </trkpt>
      <trkpt lat="50.72502821" lon="-119.4506495">
      </trkpt>
      <trkpt lat="50.7250132" lon="-119.45052003">
      </trkpt>
      <trkpt lat="50.72500862" lon="-119.45030719">
      </trkpt>
      <trkpt lat="50.72500727" lon="-119.44993901">
      </trkpt>
      <trkpt lat="50.72495091" lon="-119.44962344">
      </trkpt>
      <trkpt lat="50.72489144" lon="-119.4494649">
      </trkpt>
      <trkpt lat="50.72479601" lon="-119.44929027">
      </trkpt>
      <trkpt lat="50.72473735" lon="-119.44908891">
      </trkpt>
      <trkpt lat="50.72459182" lon="-119.44874199">
      </trkpt>
      <trkpt lat="50.72452354" lon="-119.44856866">
      </trkpt>
      <trkpt lat="50.72443979" lon="-119.44826607">
      </trkpt>
      <trkpt lat="50.72442727" lon="-119.44802408">
      </trkpt>
      <trkpt lat="50.72442375" lon="-119.44775415">
      </trkpt>
      <trkpt lat="50.7244289" lon="-119.44751498">
      </trkpt>
      <trkpt lat="50.72443534" lon="-119.44720274">
      </trkpt>
      <trkpt lat="50.72442974" lon="-119.4470309">
      </trkpt>
      <trkpt lat="50.72443181" lon="-119.44693281">
      </trkpt>
      <trkpt lat="50.7244357" lon="-119.44674891">
      </trkpt>
      <trkpt lat="50.72443868" lon="-119.44660798">
      </trkpt>
      <trkpt lat="50.7244442" lon="-119.44633844">
      </trkpt>
      <trkpt lat="50.72443962" lon="-119.4461256">
      </trkpt>
      <trkpt lat="50.72444433" lon="-119.44589902">
      </trkpt>
      <trkpt lat="50.72443846" lon="-119.44577177">
      </trkpt>
      <trkpt lat="50.72442252" lon="-119.44567262">
      </trkpt>
      <trkpt lat="50.7243602" lon="-119.44563905">
      </trkpt>
      <trkpt lat="50.72429515" lon="-119.4457216">
      </trkpt>
      <trkpt lat="50.72425823" lon="-119.44577498">
      </trkpt>
      <trkpt lat="50.72420657" lon="-119.44608502">
      </trkpt>
      <trkpt lat="50.72416952" lon="-119.4461545">
      </trkpt>
      <trkpt lat="50.72410533" lon="-119.44622268">
      </trkpt>
      <trkpt lat="50.72403256" lon="-119.44625996">
      </trkpt>
      <trkpt lat="50.72397737" lon="-119.44630007">
      </trkpt>
      <trkpt lat="50.72387689" lon="-119.44636461">
      </trkpt>
      <trkpt lat="50.72381294" lon="-119.44641853">
      </trkpt>
      <trkpt lat="50.72370438" lon="-119.44647002">
      </trkpt>
      <trkpt lat="50.72362089" lon="-119.4465658">
      </trkpt>
      <trkpt lat="50.72353822" lon="-119.44667399">
      </trkpt>
      <trkpt lat="50.72348164" lon="-119.44678547">
      </trkpt>
      <trkpt lat="50.7234444" lon="-119.44685327">
      </trkpt>
      <trkpt lat="50.72337761" lon="-119.44702133">
      </trkpt>
      <trkpt lat="50.72325807" lon="-119.44715455">
      </trkpt>
      <trkpt lat="50.72319244" lon="-119.44726551">
      </trkpt>
      <trkpt lat="50.72309948" lon="-119.44743043">
      </trkpt>
      <trkpt lat="50.72296955" lon="-119.44760773">
      </trkpt>
      <trkpt lat="50.7229479" lon="-119.44777644">
      </trkpt>
      <trkpt lat="50.72294319" lon="-119.44800301">
      </trkpt>
      <trkpt lat="50.7229316" lon="-119.4481311">
      </trkpt>
      <trkpt lat="50.72288232" lon="-119.44833929">
      </trkpt>
      <trkpt lat="50.72280596" lon="-119.44856398">
      </trkpt>
      <trkpt lat="50.72266804" lon="-119.4486838">
      </trkpt>
      <trkpt lat="50.72247035" lon="-119.44868614">
      </trkpt>
      <trkpt lat="50.72234159" lon="-119.44880818">
      </trkpt>
      <trkpt lat="50.72225838" lon="-119.44891644">
      </trkpt>
      <trkpt lat="50.72217427" lon="-119.44906924">
      </trkpt>
      <trkpt lat="50.72213722" lon="-119.44913871">
      </trkpt>
      <trkpt lat="50.72206093" lon="-119.44931712">
      </trkpt>
      <trkpt lat="50.72199493" lon="-119.44947097">
      </trkpt>
      <trkpt lat="50.72194815" lon="-119.44956677">
      </trkpt>
      <trkpt lat="50.72187365" lon="-119.44968969">
      </trkpt>
      <trkpt lat="50.721807" lon="-119.44984178">
      </trkpt>
      <trkpt lat="50.72178723" lon="-119.44995498">
      </trkpt>
      <trkpt lat="50.72177577" lon="-119.45006697">
      </trkpt>
      <trkpt lat="50.72176442" lon="-119.45018078">
      </trkpt>
      <trkpt lat="50.72169662" lon="-119.45038997">
      </trkpt>
      <trkpt lat="50.72165009" lon="-119.45047151">
      </trkpt>
      <trkpt lat="50.72155245" lon="-119.45041108">
      </trkpt>
      <trkpt lat="50.72150043" lon="-119.45032262">
      </trkpt>
      <trkpt lat="50.72147569" lon="-119.45020882">
      </trkpt>
      <trkpt lat="50.72143329" lon="-119.4500922">
      </trkpt>
      <trkpt lat="50.72139022" lon="-119.44999176">
      </trkpt>
      <trkpt lat="50.72133787" lon="-119.44991758">
      </trkpt>
      <trkpt lat="50.72127541" lon="-119.44990011">
      </trkpt>
      <trkpt lat="50.72116644" lon="-119.44993556">
      </trkpt>
      <trkpt lat="50.72110351" lon="-119.44994833">
      </trkpt>
      <trkpt lat="50.72103981" lon="-119.44998798">
      </trkpt>
      <trkpt lat="50.72090434" lon="-119.45002375">
      </trkpt>
      <trkpt lat="50.72084091" lon="-119.4500188">
      </trkpt>
      <trkpt lat="50.72067979" lon="-119.4499819">
      </trkpt>
      <trkpt lat="50.72060039" lon="-119.44990642">
      </trkpt>
      <trkpt lat="50.72050434" lon="-119.44978883">
      </trkpt>
      <trkpt lat="50.72043548" lon="-119.44964406">
      </trkpt>
      <trkpt lat="50.72034818" lon="-119.44951096">
      </trkpt>
      <trkpt lat="50.72027793" lon="-119.4494377">
      </trkpt>
      <trkpt lat="50.72022508" lon="-119.44939207">
      </trkpt>
      <trkpt lat="50.72008283" lon="-119.4492848">
      </trkpt>
      <trkpt lat="50.71993191" lon="-119.44919119">
      </trkpt>
      <trkpt lat="50.71983336" lon="-119.4491736">
      </trkpt>
      <trkpt lat="50.7196993" lon="-119.44913814">
      </trkpt>
      <trkpt lat="50.7196184" lon="-119.44913391">
      </trkpt>
      <trkpt lat="50.7195557" lon="-119.4491307">
      </trkpt>
      <trkpt lat="50.71948352" lon="-119.44914127">
      </trkpt>
      <trkpt lat="50.71937467" lon="-119.44917856">
      </trkpt>
      <trkpt lat="50.71930132" lon="-119.44924438">
      </trkpt>
      <trkpt lat="50.71923713" lon="-119.44931255">
      </trkpt>
      <trkpt lat="50.71915408" lon="-119.44940655">
      </trkpt>
      <trkpt lat="50.71907039" lon="-119.44954504">
      </trkpt>
      <trkpt lat="50.71894975" lon="-119.44970858">
      </trkpt>
      <trkpt lat="50.71883079" lon="-119.44981495">
      </trkpt>
      <trkpt lat="50.7187564" lon="-119.44993969">
      </trkpt>
      <trkpt lat="50.71870029" lon="-119.45002092">
      </trkpt>
      <trkpt lat="50.71865443" lon="-119.45007559">
      </trkpt>
      <trkpt lat="50.71853354" lon="-119.4502534">
      </trkpt>
      <trkpt lat="50.71865443" lon="-119.45007559">
      </trkpt>
      <trkpt lat="50.71870029" lon="-119.45002092">
      </trkpt>
      <trkpt lat="50.7187564" lon="-119.44993969">
      </trkpt>
      <trkpt lat="50.71883079" lon="-119.44981495">
      </trkpt>
      <trkpt lat="50.71894975" lon="-119.44970858">
      </trkpt>
      <trkpt lat="50.71907039" lon="-119.44954504">
      </trkpt>
      <trkpt lat="50.71915408" lon="-119.44940655">
      </trkpt>
      <trkpt lat="50.71923713" lon="-119.44931255">
      </trkpt>
      <trkpt lat="50.71930132" lon="-119.44924438">
      </trkpt>
      <trkpt lat="50.71937467" lon="-119.44917856">
      </trkpt>
      <trkpt lat="50.71948352" lon="-119.44914127">
      </trkpt>
      <trkpt lat="50.7195557" lon="-119.4491307">
      </trkpt>
      <trkpt lat="50.7196184" lon="-119.44913391">
      </trkpt>
      <trkpt lat="50.7196993" lon="-119.44913814">
      </trkpt>
      <trkpt lat="50.71983336" lon="-119.4491736">
      </trkpt>
      <trkpt lat="50.71993191" lon="-119.44919119">
      </trkpt>
      <trkpt lat="50.72008283" lon="-119.4492848">
      </trkpt>
      <trkpt lat="50.72022508" lon="-119.44939207">
      </trkpt>
      <trkpt lat="50.72027793" lon="-119.4494377">
      </trkpt>
      <trkpt lat="50.72034818" lon="-119.44951096">
      </trkpt>
      <trkpt lat="50.72043548" lon="-119.44964406">
      </trkpt>
      <trkpt lat="50.72050434" lon="-119.44978883">
      </trkpt>
      <trkpt lat="50.72060039" lon="-119.44990642">
      </trkpt>
      <trkpt lat="50.72067979" lon="-119.4499819">
      </trkpt>
      <trkpt lat="50.72084091" lon="-119.4500188">
      </trkpt>
      <trkpt lat="50.72090434" lon="-119.45002375">
      </trkpt>
      <trkpt lat="50.72103981" lon="-119.44998798">
      </trkpt>
      <trkpt lat="50.72110351" lon="-119.44994833">
      </trkpt>
      <trkpt lat="50.72116644" lon="-119.44993556">
      </trkpt>
      <trkpt lat="50.72127541" lon="-119.44990011">
      </trkpt>
      <trkpt lat="50.72133787" lon="-119.44991758">
      </trkpt>
      <trkpt lat="50.72139022" lon="-119.44999176">
      </trkpt>
      <trkpt lat="50.72143329" lon="-119.4500922">
      </trkpt>
      <trkpt lat="50.72147569" lon="-119.45020882">
      </trkpt>
      <trkpt lat="50.72150043" lon="-119.45032262">
      </trkpt>
      <trkpt lat="50.72155245" lon="-119.45041108">
      </trkpt>
      <trkpt lat="50.72165009" lon="-119.45047151">
      </trkpt>
      <trkpt lat="50.72169662" lon="-119.45038997">
      </trkpt>
      <trkpt lat="50.72176442" lon="-119.45018078">
      </trkpt>
      <trkpt lat="50.72177577" lon="-119.45006697">
      </trkpt>
      <trkpt lat="50.72178723" lon="-119.44995498">
      </trkpt>
      <trkpt lat="50.721807" lon="-119.44984178">
      </trkpt>
      <trkpt lat="50.72187365" lon="-119.44968969">
      </trkpt>
      <trkpt lat="50.72194815" lon="-119.44956677">
      </trkpt>
      <trkpt lat="50.72199493" lon="-119.44947097">
      </trkpt>
      <trkpt lat="50.72206093" lon="-119.44931712">
      </trkpt>
      <trkpt lat="50.72213722" lon="-119.44913871">
      </trkpt>
      <trkpt lat="50.72217427" lon="-119.44906924">
      </trkpt>
      <trkpt lat="50.72225838" lon="-119.44891644">
      </trkpt>
      <trkpt lat="50.72234159" lon="-119.44880818">
      </trkpt>
      <trkpt lat="50.72247035" lon="-119.44868614">
      </trkpt>
      <trkpt lat="50.72266804" lon="-119.4486838">
      </trkpt>
      <trkpt lat="50.72280596" lon="-119.44856398">
      </trkpt>
      <trkpt lat="50.72288232" lon="-119.44833929">
      </trkpt>
      <trkpt lat="50.7229316" lon="-119.4481311">
      </trkpt>
      <trkpt lat="50.72294319" lon="-119.44800301">
      </trkpt>
      <trkpt lat="50.7229479" lon="-119.44777644">
      </trkpt>
      <trkpt lat="50.72296955" lon="-119.44760773">
      </trkpt>
      <trkpt lat="50.72309948" lon="-119.44743043">
      </trkpt>
      <trkpt lat="50.72319244" lon="-119.44726551">
      </trkpt>
      <trkpt lat="50.72325807" lon="-119.44715455">
      </trkpt>
      <trkpt lat="50.72337761" lon="-119.44702133">
      </trkpt>
      <trkpt lat="50.7234444" lon="-119.44685327">
      </trkpt>
      <trkpt lat="50.72348164" lon="-119.44678547">
      </trkpt>
      <trkpt lat="50.72353822" lon="-119.44667399">
      </trkpt>
      <trkpt lat="50.72362089" lon="-119.4465658">
      </trkpt>
      <trkpt lat="50.72370438" lon="-119.44647002">
      </trkpt>
      <trkpt lat="50.72381294" lon="-119.44641853">
      </trkpt>
      <trkpt lat="50.72387689" lon="-119.44636461">
      </trkpt>
      <trkpt lat="50.72397737" lon="-119.44630007">
      </trkpt>
      <trkpt lat="50.72403256" lon="-119.44625996">
      </trkpt>
      <trkpt lat="50.72410533" lon="-119.44622268">
      </trkpt>
      <trkpt lat="50.72416952" lon="-119.4461545">
      </trkpt>
      <trkpt lat="50.72420657" lon="-119.44608502">
      </trkpt>
      <trkpt lat="50.72425823" lon="-119.44577498">
      </trkpt>
      <trkpt lat="50.72429515" lon="-119.4457216">
      </trkpt>
      <trkpt lat="50.7243602" lon="-119.44563905">
      </trkpt>
      <trkpt lat="50.72442252" lon="-119.44567262">
      </trkpt>
      <trkpt lat="50.72443846" lon="-119.44577177">
      </trkpt>
      <trkpt lat="50.72444433" lon="-119.44589902">
      </trkpt>
      <trkpt lat="50.72443962" lon="-119.4461256">
      </trkpt>
      <trkpt lat="50.7244442" lon="-119.44633844">
      </trkpt>
      <trkpt lat="50.72443868" lon="-119.44660798">
      </trkpt>
      <trkpt lat="50.7244357" lon="-119.44674891">
      </trkpt>
      <trkpt lat="50.72443181" lon="-119.44693281">
      </trkpt>
      <trkpt lat="50.72442974" lon="-119.4470309">
      </trkpt>
      <trkpt lat="50.72443534" lon="-119.44720274">
      </trkpt>
      <trkpt lat="50.7244289" lon="-119.44751498">
      </trkpt>
      <trkpt lat="50.72442375" lon="-119.44775415">
      </trkpt>
      <trkpt lat="50.72442727" lon="-119.44802408">
      </trkpt>
      <trkpt lat="50.72443979" lon="-119.44826607">
      </trkpt>
      <trkpt lat="50.72452354" lon="-119.44856866">
      </trkpt>
      <trkpt lat="50.72459182" lon="-119.44874199">
      </trkpt>
      <trkpt lat="50.72473735" lon="-119.44908891">
      </trkpt>
      <trkpt lat="50.72479601" lon="-119.44929027">
      </trkpt>
      <trkpt lat="50.72489144" lon="-119.4494649">
      </trkpt>
      <trkpt lat="50.72495091" lon="-119.44962344">
      </trkpt>
      <trkpt lat="50.72500727" lon="-119.44993901">
      </trkpt>
      <trkpt lat="50.72500862" lon="-119.45030719">
      </trkpt>
      <trkpt lat="50.7250132" lon="-119.45052003">
      </trkpt>
      <trkpt lat="50.72502821" lon="-119.4506495">
      </trkpt>
      <trkpt lat="50.72510578" lon="-119.45080895">
      </trkpt>
      <trkpt lat="50.72521382" lon="-119.45081448">
      </trkpt>
      <trkpt lat="50.72526839" lon="-119.45077447">
      </trkpt>
      <trkpt lat="50.72537839" lon="-119.45068008">
      </trkpt>
      <trkpt lat="50.72541674" lon="-119.45058365">
      </trkpt>
      <trkpt lat="50.72548186" lon="-119.45047447">
      </trkpt>
      <trkpt lat="50.72555601" lon="-119.45036398">
      </trkpt>
      <trkpt lat="50.72565009" lon="-119.45017057">
      </trkpt>
      <trkpt lat="50.72573512" lon="-119.44997663">
      </trkpt>
      <trkpt lat="50.72582795" lon="-119.4498402">
      </trkpt>
      <trkpt lat="50.72590196" lon="-119.44974581">
      </trkpt>
      <trkpt lat="50.72596697" lon="-119.4496348">
      </trkpt>
      <trkpt lat="50.72605233" lon="-119.44942658">
      </trkpt>
      <trkpt lat="50.72608097" lon="-119.44935833">
      </trkpt>
      <trkpt lat="50.72616474" lon="-119.4492198">
      </trkpt>
      <trkpt lat="50.72626696" lon="-119.44906961">
      </trkpt>
      <trkpt lat="50.72636045" lon="-119.44890461">
      </trkpt>
      <trkpt lat="50.72644572" lon="-119.44869639">
      </trkpt>
      <trkpt lat="50.72653041" lon="-119.44851674">
      </trkpt>
      <trkpt lat="50.7265868" lon="-119.44839104">
      </trkpt>
      <trkpt lat="50.72669084" lon="-119.44815702">
      </trkpt>
      <trkpt lat="50.726729" lon="-119.44805891">
      </trkpt>
      <trkpt lat="50.72675777" lon="-119.44796217">
      </trkpt>
      <trkpt lat="50.72684236" lon="-119.44778067">
      </trkpt>
      <trkpt lat="50.7269449" lon="-119.44761619">
      </trkpt>
      <trkpt lat="50.72699139" lon="-119.44756311">
      </trkpt>
      <trkpt lat="50.72704793" lon="-119.44742316">
      </trkpt>
      <trkpt lat="50.72725624" lon="-119.44734994">
      </trkpt>
      <trkpt lat="50.72725268" lon="-119.44710847">
      </trkpt>
      <trkpt lat="50.72732981" lon="-119.44685703">
      </trkpt>
      <trkpt lat="50.72735122" lon="-119.44670258">
      </trkpt>
      <trkpt lat="50.72738162" lon="-119.44652019">
      </trkpt>
      <trkpt lat="50.72744933" lon="-119.44631099">
      </trkpt>
      <trkpt lat="50.72751683" lon="-119.44608757">
      </trkpt>
      <trkpt lat="50.72758376" lon="-119.44589272">
      </trkpt>
      <trkpt lat="50.72764127" lon="-119.44574023">
      </trkpt>
      <trkpt lat="50.72771781" lon="-119.4455172">
      </trkpt>
      <trkpt lat="50.7277844" lon="-119.44533662">
      </trkpt>
      <trkpt lat="50.72787033" lon="-119.44509983">
      </trkpt>
      <trkpt lat="50.72795583" lon="-119.44487734">
      </trkpt>
      <trkpt lat="50.72800348" lon="-119.44476715">
      </trkpt>
      <trkpt lat="50.72812472" lon="-119.44454653">
      </trkpt>
      <trkpt lat="50.72822669" lon="-119.44441059">
      </trkpt>
      <trkpt lat="50.72831917" lon="-119.44428672">
      </trkpt>
      <trkpt lat="50.72841151" lon="-119.44417895">
      </trkpt>
      <trkpt lat="50.72847536" lon="-119.44412503">
      </trkpt>
      <trkpt lat="50.72862318" lon="-119.44393439">
      </trkpt>
      <trkpt lat="50.72872457" lon="-119.44382701">
      </trkpt>
      <trkpt lat="50.72888957" lon="-119.44367997">
      </trkpt>
      <trkpt lat="50.72904452" lon="-119.4435737">
      </trkpt>
      <trkpt lat="50.72910846" lon="-119.44351977">
      </trkpt>
      <trkpt lat="50.72929123" lon="-119.44338807">
      </trkpt>
      <trkpt lat="50.72939111" lon="-119.44335022">
      </trkpt>
      <trkpt lat="50.72958235" lon="-119.44324745">
      </trkpt>
      <trkpt lat="50.72966449" lon="-119.44319626">
      </trkpt>
      <trkpt lat="50.72982849" lon="-119.44309037">
      </trkpt>
      <trkpt lat="50.72999256" lon="-119.44298446">
      </trkpt>
      <trkpt lat="50.73012894" lon="-119.44290753">
      </trkpt>
      <trkpt lat="50.73023812" lon="-119.44285593">
      </trkpt>
      <trkpt lat="50.73037426" lon="-119.44279327">
      </trkpt>
      <trkpt lat="50.73053743" lon="-119.4427302">
      </trkpt>
      <trkpt lat="50.73071938" lon="-119.44264132">
      </trkpt>
      <trkpt lat="50.73081014" lon="-119.4426031">
      </trkpt>
      <trkpt lat="50.73096527" lon="-119.4424985">
      </trkpt>
      <trkpt lat="50.73113658" lon="-119.44247865">
      </trkpt>
      <trkpt lat="50.73128956" lon="-119.44247231">
      </trkpt>
      <trkpt lat="50.73144254" lon="-119.44246583">
      </trkpt>
      <trkpt lat="50.73154186" lon="-119.44245668">
      </trkpt>
      <trkpt lat="50.73164022" lon="-119.44246176">
      </trkpt>
      <trkpt lat="50.7317304" lon="-119.4424521">
      </trkpt>
      <trkpt lat="50.73180257" lon="-119.44244152">
      </trkpt>
      <trkpt lat="50.73199174" lon="-119.44243699">
      </trkpt>
      <trkpt lat="50.73206417" lon="-119.44241384">
      </trkpt>
      <trkpt lat="50.73213601" lon="-119.44241755">
      </trkpt>
      <trkpt lat="50.73228052" lon="-119.44238212">
      </trkpt>
      <trkpt lat="50.73242502" lon="-119.4423467">
      </trkpt>
      <trkpt lat="50.73256135" lon="-119.44229653">
      </trkpt>
      <trkpt lat="50.73274181" lon="-119.4422789">
      </trkpt>
      <trkpt lat="50.73291268" lon="-119.44225926">
      </trkpt>
      <trkpt lat="50.73302063" lon="-119.44226479">
      </trkpt>
      <trkpt lat="50.73323673" lon="-119.44224734">
      </trkpt>
      <trkpt lat="50.73341627" lon="-119.44227085">
      </trkpt>
      <trkpt lat="50.73347931" lon="-119.44225975">
      </trkpt>
      <trkpt lat="50.73353326" lon="-119.44227676">
      </trkpt>
      <trkpt lat="50.73362955" lon="-119.44238009">
      </trkpt>
      <trkpt lat="50.73360945" lon="-119.44250761">
      </trkpt>
      <trkpt lat="50.73356239" lon="-119.44258926">
      </trkpt>
      <trkpt lat="50.73344952" lon="-119.44282648">
      </trkpt>
      <trkpt lat="50.7333457" lon="-119.44307489">
      </trkpt>
      <trkpt lat="50.73332934" lon="-119.44339933">
      </trkpt>
      <trkpt lat="50.73337836" lon="-119.44365737">
      </trkpt>
      <trkpt lat="50.73341942" lon="-119.44382932">
      </trkpt>
      <trkpt lat="50.73345273" lon="-119.44397392">
      </trkpt>
      <trkpt lat="50.73346789" lon="-119.4440873">
      </trkpt>
      <trkpt lat="50.73347521" lon="-119.4441735">
      </trkpt>
      <trkpt lat="50.73347349" lon="-119.44425917">
      </trkpt>
      <trkpt lat="50.73346204" lon="-119.44437118">
      </trkpt>
      <trkpt lat="50.73340531" lon="-119.44450934">
      </trkpt>
      <trkpt lat="50.73333082" lon="-119.44463244">
      </trkpt>
      <trkpt lat="50.7331934" lon="-119.44476818">
      </trkpt>
      <trkpt lat="50.73310981" lon="-119.4448623">
      </trkpt>
      <trkpt lat="50.73302695" lon="-119.44495815">
      </trkpt>
      <trkpt lat="50.73295155" lon="-119.44512395">
      </trkpt>
      <trkpt lat="50.73286538" lon="-119.44537504">
      </trkpt>
      <trkpt lat="50.73278767" lon="-119.44565337">
      </trkpt>
      <trkpt lat="50.73274793" lon="-119.4458212">
      </trkpt>
      <trkpt lat="50.73271022" lon="-119.44591927">
      </trkpt>
      <trkpt lat="50.73263606" lon="-119.44602794">
      </trkpt>
      <trkpt lat="50.73253467" lon="-119.44613533">
      </trkpt>
      <trkpt lat="50.73243281" lon="-119.44627312">
      </trkpt>
      <trkpt lat="50.73236886" lon="-119.4463269">
      </trkpt>
      <trkpt lat="50.73229553" lon="-119.44639289">
      </trkpt>
      <trkpt lat="50.73219423" lon="-119.44650197">
      </trkpt>
      <trkpt lat="50.73202567" lon="-119.44681851">
      </trkpt>
      <trkpt lat="50.73190455" lon="-119.44701065">
      </trkpt>
      <trkpt lat="50.73184499" lon="-119.44710195">
      </trkpt>
      <trkpt lat="50.73178869" lon="-119.44721977">
      </trkpt>
      <trkpt lat="50.73173689" lon="-119.44737216">
      </trkpt>
      <trkpt lat="50.73170438" lon="-119.4474728">
      </trkpt>
      <trkpt lat="50.73163763" lon="-119.447645">
      </trkpt>
      <trkpt lat="50.73153512" lon="-119.44782047">
      </trkpt>
      <trkpt lat="50.73148067" lon="-119.44790672">
      </trkpt>
      <trkpt lat="50.73139414" lon="-119.44807985">
      </trkpt>
      <trkpt lat="50.73133012" lon="-119.44819294">
      </trkpt>
      <trkpt lat="50.73127964" lon="-119.44832556">
      </trkpt>
      <trkpt lat="50.7312294" lon="-119.44846207">
      </trkpt>
      <trkpt lat="50.73117285" lon="-119.44866016">
      </trkpt>
      <trkpt lat="50.73111527" lon="-119.44884078">
      </trkpt>
      <trkpt lat="50.73106377" lon="-119.44895595">
      </trkpt>
      <trkpt lat="50.73100536" lon="-119.44918561">
      </trkpt>
      <trkpt lat="50.73093984" lon="-119.44935763">
      </trkpt>
      <trkpt lat="50.73092226" lon="-119.4495226">
      </trkpt>
      <trkpt lat="50.73093236" lon="-119.44965222">
      </trkpt>
      <trkpt lat="50.7309316" lon="-119.44976582">
      </trkpt>
      <trkpt lat="50.73094714" lon="-119.44986139">
      </trkpt>
      <trkpt lat="50.73094176" lon="-119.4499385">
      </trkpt>
    </trkseg>
    <trkseg>
      <trkpt lat="50.68811987" lon="-119.43150746">
      </trkpt>
      <trkpt lat="50.6881321" lon="-119.43135092">
      </trkpt>
      <trkpt lat="50.68811908" lon="-119.43113949">
      </trkpt>
      <trkpt lat="50.68810408" lon="-119.43098169">
      </trkpt>
      <trkpt lat="50.68804628" lon="-119.43073771">
      </trkpt>
      <trkpt lat="50.68803435" lon="-119.43044079">
      </trkpt>
      <trkpt lat="50.68804783" lon="-119.43022903">
      </trkpt>
      <trkpt lat="50.68807965" lon="-119.43000391">
      </trkpt>
      <trkpt lat="50.68809226" lon="-119.4298065">
      </trkpt>
      <trkpt lat="50.6881001" lon="-119.42945333">
      </trkpt>
      <trkpt lat="50.68810944" lon="-119.42900039">
      </trkpt>
      <trkpt lat="50.68817229" lon="-119.42856449">
      </trkpt>
      <trkpt lat="50.68819825" lon="-119.42818377">
      </trkpt>
      <trkpt lat="50.6882155" lon="-119.42778841">
      </trkpt>
      <trkpt lat="50.68823916" lon="-119.42751997">
      </trkpt>
      <trkpt lat="50.68826431" lon="-119.42718204">
      </trkpt>
      <trkpt lat="50.68826979" lon="-119.42691285">
      </trkpt>
      <trkpt lat="50.6882646" lon="-119.42672872">
      </trkpt>
      <trkpt lat="50.68827121" lon="-119.42640233">
      </trkpt>
      <trkpt lat="50.68826545" lon="-119.42624672">
      </trkpt>
      <trkpt lat="50.68826184" lon="-119.42600546">
      </trkpt>
      <trkpt lat="50.68825632" lon="-119.4258356">
      </trkpt>
      <trkpt lat="50.68825137" lon="-119.42563721">
      </trkpt>
      <trkpt lat="50.68821903" lon="-119.4254518">
      </trkpt>
      <trkpt lat="50.68817761" lon="-119.42529432">
      </trkpt>
      <trkpt lat="50.68807594" lon="-119.42497672">
      </trkpt>
      <trkpt lat="50.68805261" lon="-119.42482014">
      </trkpt>
      <trkpt lat="50.68801204" lon="-119.42459142">
      </trkpt>
      <trkpt lat="50.68795595" lon="-119.42426372">
      </trkpt>
      <trkpt lat="50.68790809" lon="-119.42397733">
      </trkpt>
      <trkpt lat="50.68786038" lon="-119.42367684">
      </trkpt>
      <trkpt lat="50.68784499" lon="-119.42354925">
      </trkpt>
      <trkpt lat="50.68779714" lon="-119.42326471">
      </trkpt>
      <trkpt lat="50.68777555" lon="-119.4229941">
      </trkpt>
      <trkpt lat="50.68776993" lon="-119.42282255">
      </trkpt>
      <trkpt lat="50.6877749" lon="-119.42261203">
      </trkpt>
      <trkpt lat="50.68777898" lon="-119.42241402">
      </trkpt>
      <trkpt lat="50.68778478" lon="-119.42213056">
      </trkpt>
      <trkpt lat="50.68778862" lon="-119.42194681">
      </trkpt>
      <trkpt lat="50.68780143" lon="-119.42176359">
      </trkpt>
      <trkpt lat="50.68781489" lon="-119.42155182">
      </trkpt>
      <trkpt lat="50.68783554" lon="-119.4213959">
      </trkpt>
      <trkpt lat="50.68787582" lon="-119.42119982">
      </trkpt>
      <trkpt lat="50.68790829" lon="-119.42094786">
      </trkpt>
      <trkpt lat="50.68791384" lon="-119.42067866">
      </trkpt>
      <trkpt lat="50.68791012" lon="-119.4204249">
      </trkpt>
      <trkpt lat="50.68790572" lon="-119.42019798">
      </trkpt>
      <trkpt lat="50.68788106" lon="-119.42009678">
      </trkpt>
      <trkpt lat="50.68784024" lon="-119.41988233">
      </trkpt>
      <trkpt lat="50.68780923" lon="-119.41965392">
      </trkpt>
      <trkpt lat="50.68776163" lon="-119.41932497">
      </trkpt>
      <trkpt lat="50.6877374" lon="-119.41921119">
      </trkpt>
      <trkpt lat="50.68767223" lon="-119.41888113">
      </trkpt>
      <trkpt lat="50.68763399" lon="-119.41856859">
      </trkpt>
      <trkpt lat="50.6875925" lon="-119.41838268">
      </trkpt>
      <trkpt lat="50.68753511" lon="-119.41812615">
      </trkpt>
      <trkpt lat="50.68748682" lon="-119.4178542">
      </trkpt>
      <trkpt lat="50.68742051" lon="-119.4175812">
      </trkpt>
      <trkpt lat="50.68733522" lon="-119.41735025">
      </trkpt>
      <trkpt lat="50.68724968" lon="-119.41713341">
      </trkpt>
      <trkpt lat="50.68719128" lon="-119.41691799">
      </trkpt>
      <trkpt lat="50.68709783" lon="-119.41664372">
      </trkpt>
      <trkpt lat="50.68704759" lon="-119.41647162">
      </trkpt>
      <trkpt lat="50.68699792" lon="-119.41627085">
      </trkpt>
      <trkpt lat="50.68693919" lon="-119.4160697">
      </trkpt>
      <trkpt lat="50.68689746" lon="-119.41589805">
      </trkpt>
      <trkpt lat="50.68683826" lon="-119.41572542">
      </trkpt>
      <trkpt lat="50.6867973" lon="-119.41553944">
      </trkpt>
      <trkpt lat="50.68674037" lon="-119.41525269">
      </trkpt>
      <trkpt lat="50.68668278" lon="-119.41499449">
      </trkpt>
      <trkpt lat="50.68666957" lon="-119.41475294">
      </trkpt>
      <trkpt lat="50.68666616" lon="-119.41448493">
      </trkpt>
      <trkpt lat="50.68667013" lon="-119.41428523">
      </trkpt>
      <trkpt lat="50.68668179" lon="-119.41415906">
      </trkpt>
      <trkpt lat="50.6866958" lon="-119.41391877">
      </trkpt>
      <trkpt lat="50.6866905" lon="-119.41373466">
      </trkpt>
      <trkpt lat="50.68669717" lon="-119.41340841">
      </trkpt>
      <trkpt lat="50.68670216" lon="-119.41316945">
      </trkpt>
      <trkpt lat="50.68670768" lon="-119.41290012">
      </trkpt>
      <trkpt lat="50.68671346" lon="-119.41261666">
      </trkpt>
      <trkpt lat="50.68671171" lon="-119.41229151">
      </trkpt>
      <trkpt lat="50.68671783" lon="-119.41199549">
      </trkpt>
      <trkpt lat="50.68671544" lon="-119.41166872">
      </trkpt>
      <trkpt lat="50.68672766" lon="-119.41151403">
      </trkpt>
      <trkpt lat="50.68673206" lon="-119.41130189">
      </trkpt>
      <trkpt lat="50.68675266" lon="-119.41117441">
      </trkpt>
      <trkpt lat="50.6868391" lon="-119.41091095">
      </trkpt>
      <trkpt lat="50.68694273" lon="-119.41068947">
      </trkpt>
      <trkpt lat="50.68703472" lon="-119.410596">
      </trkpt>
      <trkpt lat="50.68720558" lon="-119.41057612">
      </trkpt>
      <trkpt lat="50.68734181" lon="-119.41052592">
      </trkpt>
      <trkpt lat="50.68741399" lon="-119.41051529">
      </trkpt>
      <trkpt lat="50.68754854" lon="-119.41052209">
      </trkpt>
      <trkpt lat="50.68768263" lon="-119.41055754">
      </trkpt>
      <trkpt lat="50.68793169" lon="-119.41069867">
      </trkpt>
      <trkpt lat="50.68802977" lon="-119.41074468">
      </trkpt>
      <trkpt lat="50.68815595" lon="-119.41072427">
      </trkpt>
      <trkpt lat="50.68822946" lon="-119.41067078">
      </trkpt>
      <trkpt lat="50.68836672" lon="-119.41055102">
      </trkpt>
      <trkpt lat="50.68851405" lon="-119.41037288">
      </trkpt>
      <trkpt lat="50.68874125" lon="-119.41025765">
      </trkpt>
      <trkpt lat="50.68888518" lon="-119.41025069">
      </trkpt>
      <trkpt lat="50.68902998" lon="-119.41022938">
      </trkpt>
      <trkpt lat="50.68920925" lon="-119.41023856">
      </trkpt>
      <trkpt lat="50.68938" lon="-119.41024727">
      </trkpt>
      <trkpt lat="50.68949595" lon="-119.41031014">
      </trkpt>
      <trkpt lat="50.68956724" lon="-119.41034232">
      </trkpt>
      <trkpt lat="50.68976233" lon="-119.41046651">
      </trkpt>
      <trkpt lat="50.6899051" lon="-119.41054506">
      </trkpt>
      <trkpt lat="50.68999238" lon="-119.41064786">
      </trkpt>
      <trkpt lat="50.69008063" lon="-119.41073799">
      </trkpt>
      <trkpt lat="50.69019389" lon="-119.41092756">
      </trkpt>
      <trkpt lat="50.6903256" lon="-119.41107531">
      </trkpt>
      <trkpt lat="50.69044069" lon="-119.41115253">
      </trkpt>
      <trkpt lat="50.69057577" lon="-119.41115755">
      </trkpt>
      <trkpt lat="50.69068386" lon="-119.41113638">
      </trkpt>
      <trkpt lat="50.69080332" lon="-119.4110299">
      </trkpt>
      <trkpt lat="50.69091419" lon="-119.41089268">
      </trkpt>
      <trkpt lat="50.69105257" lon="-119.41071584">
      </trkpt>
      <trkpt lat="50.69117183" lon="-119.41060754">
      </trkpt>
      <trkpt lat="50.69128228" lon="-119.41047223">
      </trkpt>
      <trkpt lat="50.6913556" lon="-119.41040625">
      </trkpt>
      <trkpt lat="50.69150176" lon="-119.41031362">
      </trkpt>
      <trkpt lat="50.69162873" lon="-119.4102487">
      </trkpt>
      <trkpt lat="50.69173834" lon="-119.41018463">
      </trkpt>
      <trkpt lat="50.69186565" lon="-119.41010714">
      </trkpt>
      <trkpt lat="50.69195673" lon="-119.41005462">
      </trkpt>
      <trkpt lat="50.69201105" lon="-119.41002885">
      </trkpt>
      <trkpt lat="50.69207475" lon="-119.40999102">
      </trkpt>
      <trkpt lat="50.69219548" lon="-119.40981152">
      </trkpt>
      <trkpt lat="50.69230758" lon="-119.40961892">
      </trkpt>
      <trkpt lat="50.69242867" lon="-119.40939839">
      </trkpt>
      <trkpt lat="50.69257674" lon="-119.40922198">
      </trkpt>
      <trkpt lat="50.69269533" lon="-119.40912984">
      </trkpt>
      <trkpt lat="50.69280621" lon="-119.40899431">
      </trkpt>
      <trkpt lat="50.69298916" lon="-119.40884647">
      </trkpt>
      <trkpt lat="50.69309747" lon="-119.40880919">
      </trkpt>
      <trkpt lat="50.69323422" lon="-119.40874638">
      </trkpt>
      <trkpt lat="50.69335271" lon="-119.40865255">
      </trkpt>
      <trkpt lat="50.69358024" lon="-119.40852473">
      </trkpt>
      <trkpt lat="50.69374421" lon="-119.4084188">
      </trkpt>
      <trkpt lat="50.69381751" lon="-119.40835111">
      </trkpt>
      <trkpt lat="50.69390131" lon="-119.40824275">
      </trkpt>
      <trkpt lat="50.69404718" lon="-119.40813592">
      </trkpt>
      <trkpt lat="50.6941833" lon="-119.4080732">
      </trkpt>
      <trkpt lat="50.69439184" lon="-119.4079856">
      </trkpt>
      <trkpt lat="50.69462795" lon="-119.40789748">
      </trkpt>
      <trkpt lat="50.69480867" lon="-119.40783531">
      </trkpt>
      <trkpt lat="50.69494702" lon="-119.40768691">
      </trkpt>
      <trkpt lat="50.69507636" lon="-119.40750967">
      </trkpt>
      <trkpt lat="50.69516777" lon="-119.40744457">
      </trkpt>
      <trkpt lat="50.69534935" lon="-119.40736804">
      </trkpt>
      <trkpt lat="50.69555926" lon="-119.4072091">
      </trkpt>
      <trkpt lat="50.69572185" lon="-119.40717449">
      </trkpt>
      <trkpt lat="50.69584912" lon="-119.40712374">
      </trkpt>
      <trkpt lat="50.69599305" lon="-119.40711676">
      </trkpt>
      <trkpt lat="50.69616503" lon="-119.4070701">
      </trkpt>
      <trkpt lat="50.69628352" lon="-119.40697625">
      </trkpt>
      <trkpt lat="50.69635617" lon="-119.4069371">
      </trkpt>
      <trkpt lat="50.69644678" lon="-119.40691479">
      </trkpt>
      <trkpt lat="50.69658254" lon="-119.40689309">
      </trkpt>
      <trkpt lat="50.69673608" lon="-119.40685796">
      </trkpt>
      <trkpt lat="50.69685344" lon="-119.40682119">
      </trkpt>
      <trkpt lat="50.69695323" lon="-119.4067833">
      </trkpt>
      <trkpt lat="50.69705313" lon="-119.40674725">
      </trkpt>
      <trkpt lat="50.69717138" lon="-119.40666766">
      </trkpt>
      <trkpt lat="50.69726335" lon="-119.40657402">
      </trkpt>
      <trkpt lat="50.69733657" lon="-119.40650633">
      </trkpt>
      <trkpt lat="50.6973921" lon="-119.40645377">
      </trkpt>
      <trkpt lat="50.69746564" lon="-119.40637181">
      </trkpt>
      <trkpt lat="50.69759642" lon="-119.40612307">
      </trkpt>
      <trkpt lat="50.69765477" lon="-119.40592783">
      </trkpt>
      <trkpt lat="50.69770208" lon="-119.4058035">
      </trkpt>
      <trkpt lat="50.69775809" lon="-119.40569211">
      </trkpt>
      <trkpt lat="50.69784618" lon="-119.40537142">
      </trkpt>
    </trkseg>
    <trkseg>
      <trkpt lat="50.68684182" lon="-119.46366589">
      </trkpt>
      <trkpt lat="50.686769" lon="-119.46328003">
      </trkpt>
      <trkpt lat="50.68673595" lon="-119.4631213">
      </trkpt>
      <trkpt lat="50.68669143" lon="-119.46267982">
      </trkpt>
      <trkpt lat="50.68658514" lon="-119.46302955">
      </trkpt>
      <trkpt lat="50.68653777" lon="-119.46315379">
      </trkpt>
      <trkpt lat="50.68644377" lon="-119.46334884">
      </trkpt>
    </trkseg>
    <trkseg>
      <trkpt lat="50.66303828" lon="-119.51894181">
      </trkpt>
      <trkpt lat="50.66283694" lon="-119.5186601">
      </trkpt>
      <trkpt lat="50.66279387" lon="-119.51858816">
      </trkpt>
      <trkpt lat="50.66265418" lon="-119.51839687">
      </trkpt>
      <trkpt lat="50.6625045" lon="-119.51824627">
      </trkpt>
      <trkpt lat="50.66242668" lon="-119.51810118">
      </trkpt>
      <trkpt lat="50.66231419" lon="-119.51788294">
      </trkpt>
      <trkpt lat="50.66221915" lon="-119.51772259">
      </trkpt>
      <trkpt lat="50.66210657" lon="-119.51750436">
      </trkpt>
      <trkpt lat="50.66202813" lon="-119.51738595">
      </trkpt>
      <trkpt lat="50.66195843" lon="-119.51728418">
      </trkpt>
      <trkpt lat="50.66187965" lon="-119.51718003">
      </trkpt>
      <trkpt lat="50.66181967" lon="-119.51705013">
      </trkpt>
      <trkpt lat="50.6617677" lon="-119.51696172">
      </trkpt>
      <trkpt lat="50.6617054" lon="-119.51691743">
      </trkpt>
      <trkpt lat="50.66159097" lon="-119.51681148">
      </trkpt>
      <trkpt lat="50.66151374" lon="-119.51663789">
      </trkpt>
      <trkpt lat="50.66142736" lon="-119.51646207">
      </trkpt>
      <trkpt lat="50.66136644" lon="-119.51637495">
      </trkpt>
      <trkpt lat="50.6613061" lon="-119.51625747">
      </trkpt>
      <trkpt lat="50.66127135" lon="-119.51618433">
      </trkpt>
      <trkpt lat="50.66117486" lon="-119.51609525">
      </trkpt>
      <trkpt lat="50.6610867" lon="-119.51600497">
      </trkpt>
      <trkpt lat="50.660989" lon="-119.51594449">
      </trkpt>
      <trkpt lat="50.66091809" lon="-119.51589791">
      </trkpt>
      <trkpt lat="50.66083991" lon="-119.51576539">
      </trkpt>
      <trkpt lat="50.66076115" lon="-119.51566309">
      </trkpt>
      <trkpt lat="50.66069142" lon="-119.51555948">
      </trkpt>
      <trkpt lat="50.66065685" lon="-119.51548802">
      </trkpt>
      <trkpt lat="50.66056206" lon="-119.51531342">
      </trkpt>
      <trkpt lat="50.6605367" lon="-119.51522656">
      </trkpt>
      <trkpt lat="50.66049318" lon="-119.51516706">
      </trkpt>
      <trkpt lat="50.66022146" lon="-119.51482805">
      </trkpt>
      <trkpt lat="50.66054801" lon="-119.51470432">
      </trkpt>
      <trkpt lat="50.66063777" lon="-119.51470739">
      </trkpt>
      <trkpt lat="50.66076372" lon="-119.51470153">
      </trkpt>
      <trkpt lat="50.66087176" lon="-119.51470721">
      </trkpt>
      <trkpt lat="50.66098874" lon="-119.51471159">
      </trkpt>
      <trkpt lat="50.6611868" lon="-119.51469543">
      </trkpt>
      <trkpt lat="50.66127792" lon="-119.51464316">
      </trkpt>
      <trkpt lat="50.66137939" lon="-119.51453609">
      </trkpt>
      <trkpt lat="50.66146172" lon="-119.51446903">
      </trkpt>
      <trkpt lat="50.66160591" lon="-119.51444816">
      </trkpt>
      <trkpt lat="50.66170525" lon="-119.51443918">
      </trkpt>
      <trkpt lat="50.66192317" lon="-119.51433828">
      </trkpt>
      <trkpt lat="50.66198775" lon="-119.51425616">
      </trkpt>
    </trkseg>
    <trkseg>
      <trkpt lat="50.6326427" lon="-119.44861136">
      </trkpt>
      <trkpt lat="50.63253003" lon="-119.44842186">
      </trkpt>
      <trkpt lat="50.63247862" lon="-119.44827667">
      </trkpt>
      <trkpt lat="50.63240792" lon="-119.44821598">
      </trkpt>
      <trkpt lat="50.63235576" lon="-119.44814377">
      </trkpt>
      <trkpt lat="50.63225848" lon="-119.44805316">
      </trkpt>
      <trkpt lat="50.63215338" lon="-119.44793542">
      </trkpt>
      <trkpt lat="50.63208277" lon="-119.44787471">
      </trkpt>
      <trkpt lat="50.63191225" lon="-119.44785162">
      </trkpt>
      <trkpt lat="50.63177764" lon="-119.44781632">
      </trkpt>
      <trkpt lat="50.63163461" lon="-119.44778211">
      </trkpt>
      <trkpt lat="50.63155336" lon="-119.44779043">
      </trkpt>
      <trkpt lat="50.63149961" lon="-119.44778764">
      </trkpt>
      <trkpt lat="50.63140975" lon="-119.44778301">
      </trkpt>
      <trkpt lat="50.63132852" lon="-119.44779318">
      </trkpt>
      <trkpt lat="50.63121966" lon="-119.4478304">
      </trkpt>
      <trkpt lat="50.63114712" lon="-119.44785335">
      </trkpt>
      <trkpt lat="50.63110203" lon="-119.44788125">
      </trkpt>
      <trkpt lat="50.63100935" lon="-119.44800317">
      </trkpt>
      <trkpt lat="50.6309259" lon="-119.44812716">
      </trkpt>
      <trkpt lat="50.63085198" lon="-119.44822148">
      </trkpt>
      <trkpt lat="50.63080347" lon="-119.44840257">
      </trkpt>
      <trkpt lat="50.63075467" lon="-119.4485695">
      </trkpt>
      <trkpt lat="50.63070722" lon="-119.44869362">
      </trkpt>
      <trkpt lat="50.63068739" lon="-119.44877819">
      </trkpt>
      <trkpt lat="50.63067536" lon="-119.44891844">
      </trkpt>
      <trkpt lat="50.63067339" lon="-119.44901815">
      </trkpt>
      <trkpt lat="50.63067007" lon="-119.44917304">
      </trkpt>
      <trkpt lat="50.63067704" lon="-119.44927145">
      </trkpt>
      <trkpt lat="50.63067498" lon="-119.44937118">
      </trkpt>
      <trkpt lat="50.63067247" lon="-119.44947097">
      </trkpt>
      <trkpt lat="50.63067075" lon="-119.44955645">
      </trkpt>
      <trkpt lat="50.63067739" lon="-119.44966911">
      </trkpt>
      <trkpt lat="50.63067498" lon="-119.44978139">
      </trkpt>
      <trkpt lat="50.63070887" lon="-119.44989718">
      </trkpt>
      <trkpt lat="50.6307309" lon="-119.45010873">
      </trkpt>
      <trkpt lat="50.63078988" lon="-119.45032567">
      </trkpt>
      <trkpt lat="50.63081384" lon="-119.45045356">
      </trkpt>
      <trkpt lat="50.63084819" lon="-119.45053902">
      </trkpt>
      <trkpt lat="50.63087275" lon="-119.45064026">
      </trkpt>
      <trkpt lat="50.6309063" lon="-119.4507703">
      </trkpt>
      <trkpt lat="50.63098397" lon="-119.45092941">
      </trkpt>
      <trkpt lat="50.63106155" lon="-119.45108853">
      </trkpt>
      <trkpt lat="50.6311295" lon="-119.45127561">
      </trkpt>
      <trkpt lat="50.63122556" lon="-119.45139297">
      </trkpt>
      <trkpt lat="50.63129679" lon="-119.45145359">
      </trkpt>
      <trkpt lat="50.63134964" lon="-119.45149914">
      </trkpt>
      <trkpt lat="50.63145566" lon="-119.45157598">
      </trkpt>
      <trkpt lat="50.63151798" lon="-119.45162014">
      </trkpt>
      <trkpt lat="50.63159774" lon="-119.45168136">
      </trkpt>
      <trkpt lat="50.6316681" lon="-119.45175631">
      </trkpt>
      <trkpt lat="50.63173913" lon="-119.45180276">
      </trkpt>
      <trkpt lat="50.63188067" lon="-119.45190808">
      </trkpt>
      <trkpt lat="50.63203193" lon="-119.45198726">
      </trkpt>
      <trkpt lat="50.63217588" lon="-119.45198045">
      </trkpt>
      <trkpt lat="50.63232898" lon="-119.45197584">
      </trkpt>
      <trkpt lat="50.63240954" lon="-119.45199419">
      </trkpt>
      <trkpt lat="50.63246204" lon="-119.45205229">
      </trkpt>
      <trkpt lat="50.63254088" lon="-119.45215612">
      </trkpt>
      <trkpt lat="50.63267102" lon="-119.45240345">
      </trkpt>
      <trkpt lat="50.63274609" lon="-119.45266238">
      </trkpt>
      <trkpt lat="50.6327533" lon="-119.45274655">
      </trkpt>
      <trkpt lat="50.6327777" lon="-119.45287438">
      </trkpt>
      <trkpt lat="50.63279176" lon="-119.45307475">
      </trkpt>
      <trkpt lat="50.63275074" lon="-119.45329736">
      </trkpt>
      <trkpt lat="50.63266869" lon="-119.45335025">
      </trkpt>
      <trkpt lat="50.63260506" lon="-119.45338965">
      </trkpt>
      <trkpt lat="50.63249494" lon="-119.45348216">
      </trkpt>
      <trkpt lat="50.63238559" lon="-119.4535602">
      </trkpt>
      <trkpt lat="50.63223073" lon="-119.45366804">
      </trkpt>
      <trkpt lat="50.63206743" lon="-119.45372924">
      </trkpt>
      <trkpt lat="50.63197633" lon="-119.4537816">
      </trkpt>
      <trkpt lat="50.63189359" lon="-119.45386115">
      </trkpt>
      <trkpt lat="50.63182914" lon="-119.45394329">
      </trkpt>
      <trkpt lat="50.63169038" lon="-119.45410559">
      </trkpt>
      <trkpt lat="50.63159023" lon="-119.45415757">
      </trkpt>
      <trkpt lat="50.63153522" lon="-119.45420992">
      </trkpt>
      <trkpt lat="50.63146081" lon="-119.45433442">
      </trkpt>
      <trkpt lat="50.63135709" lon="-119.45455552">
      </trkpt>
      <trkpt lat="50.63129942" lon="-119.4547344">
      </trkpt>
      <trkpt lat="50.63123107" lon="-119.45500005">
      </trkpt>
      <trkpt lat="50.63118237" lon="-119.4551688">
      </trkpt>
      <trkpt lat="50.63115281" lon="-119.45527965">
      </trkpt>
      <trkpt lat="50.63113317" lon="-119.45537655">
      </trkpt>
      <trkpt lat="50.63110096" lon="-119.45561562">
      </trkpt>
      <trkpt lat="50.63107082" lon="-119.45575496">
      </trkpt>
      <trkpt lat="50.63105923" lon="-119.45588278">
      </trkpt>
      <trkpt lat="50.6310662" lon="-119.4559829">
      </trkpt>
      <trkpt lat="50.63109127" lon="-119.45608222">
      </trkpt>
      <trkpt lat="50.63114959" lon="-119.45629742">
      </trkpt>
      <trkpt lat="50.63120964" lon="-119.45642715">
      </trkpt>
      <trkpt lat="50.63130565" lon="-119.45657294">
      </trkpt>
      <trkpt lat="50.63136682" lon="-119.45666344">
      </trkpt>
      <trkpt lat="50.63143733" lon="-119.45672246">
      </trkpt>
      <trkpt lat="50.63152346" lon="-119.45691046">
      </trkpt>
      <trkpt lat="50.63154742" lon="-119.4570402">
      </trkpt>
      <trkpt lat="50.6315631" lon="-119.45715325">
      </trkpt>
      <trkpt lat="50.6315592" lon="-119.45733677">
      </trkpt>
      <trkpt lat="50.63154749" lon="-119.45746276">
      </trkpt>
      <trkpt lat="50.63151832" lon="-119.45758946">
      </trkpt>
      <trkpt lat="50.63144372" lon="-119.45771228">
      </trkpt>
      <trkpt lat="50.63138687" lon="-119.45783776">
      </trkpt>
      <trkpt lat="50.63129277" lon="-119.45803075">
      </trkpt>
      <trkpt lat="50.63117297" lon="-119.45817961">
      </trkpt>
      <trkpt lat="50.6311079" lon="-119.45826198">
      </trkpt>
      <trkpt lat="50.63105148" lon="-119.45838554">
      </trkpt>
      <trkpt lat="50.63102337" lon="-119.45845356">
      </trkpt>
      <trkpt lat="50.63097548" lon="-119.45857958">
      </trkpt>
      <trkpt lat="50.63089159" lon="-119.45871611">
      </trkpt>
      <trkpt lat="50.63082645" lon="-119.45882504">
      </trkpt>
      <trkpt lat="50.63076216" lon="-119.45889294">
      </trkpt>
      <trkpt lat="50.63063263" lon="-119.45905743">
      </trkpt>
      <trkpt lat="50.63055803" lon="-119.45918024">
      </trkpt>
      <trkpt lat="50.63045613" lon="-119.45931584">
      </trkpt>
      <trkpt lat="50.63034562" lon="-119.45945084">
      </trkpt>
      <trkpt lat="50.6302623" lon="-119.45955887">
      </trkpt>
      <trkpt lat="50.6300962" lon="-119.4597642">
      </trkpt>
      <trkpt lat="50.63000302" lon="-119.45991458">
      </trkpt>
      <trkpt lat="50.62991945" lon="-119.46003684">
      </trkpt>
      <trkpt lat="50.62978044" lon="-119.46021336">
      </trkpt>
      <trkpt lat="50.62972495" lon="-119.46029602">
      </trkpt>
      <trkpt lat="50.629632" lon="-119.46043202">
      </trkpt>
      <trkpt lat="50.62955759" lon="-119.4605565">
      </trkpt>
      <trkpt lat="50.62947427" lon="-119.46066452">
      </trkpt>
      <trkpt lat="50.62941936" lon="-119.46071869">
      </trkpt>
      <trkpt lat="50.62929935" lon="-119.46085337">
      </trkpt>
      <trkpt lat="50.62922393" lon="-119.46101891">
      </trkpt>
      <trkpt lat="50.62920351" lon="-119.46113196">
      </trkpt>
      <trkpt lat="50.62920109" lon="-119.4612441">
      </trkpt>
      <trkpt lat="50.62918929" lon="-119.4613701">
      </trkpt>
      <trkpt lat="50.62917008" lon="-119.46145457">
      </trkpt>
      <trkpt lat="50.62913031" lon="-119.461622">
      </trkpt>
      <trkpt lat="50.62910932" lon="-119.46176355">
      </trkpt>
      <trkpt lat="50.62907884" lon="-119.46191713">
      </trkpt>
      <trkpt lat="50.62906737" lon="-119.46202888">
      </trkpt>
      <trkpt lat="50.62906378" lon="-119.462198">
      </trkpt>
      <trkpt lat="50.6290618" lon="-119.46229771">
      </trkpt>
      <trkpt lat="50.62905915" lon="-119.46242593">
      </trkpt>
      <trkpt lat="50.62906462" lon="-119.46259557">
      </trkpt>
      <trkpt lat="50.6290622" lon="-119.46270784">
      </trkpt>
      <trkpt lat="50.62904052" lon="-119.46287605">
      </trkpt>
      <trkpt lat="50.62900312" lon="-119.46295962">
      </trkpt>
      <trkpt lat="50.62895546" lon="-119.46306954">
      </trkpt>
      <trkpt lat="50.628909" lon="-119.46315088">
      </trkpt>
      <trkpt lat="50.62884388" lon="-119.46326165">
      </trkpt>
      <trkpt lat="50.62878727" lon="-119.46337287">
      </trkpt>
      <trkpt lat="50.62874977" lon="-119.46345461">
      </trkpt>
      <trkpt lat="50.628692" lon="-119.46362282">
      </trkpt>
      <trkpt lat="50.62863572" lon="-119.46373045">
      </trkpt>
      <trkpt lat="50.62858125" lon="-119.46377219">
      </trkpt>
      <trkpt lat="50.62851728" lon="-119.46382583">
      </trkpt>
      <trkpt lat="50.62841711" lon="-119.46387594">
      </trkpt>
      <trkpt lat="50.62830699" lon="-119.46397011">
      </trkpt>
      <trkpt lat="50.62823363" lon="-119.46403591">
      </trkpt>
      <trkpt lat="50.6281881" lon="-119.46407621">
      </trkpt>
      <trkpt lat="50.62803292" lon="-119.4641805">
      </trkpt>
      <trkpt lat="50.62790596" lon="-119.46421676">
      </trkpt>
      <trkpt lat="50.62784175" lon="-119.46428478">
      </trkpt>
      <trkpt lat="50.62778673" lon="-119.46433711">
      </trkpt>
      <trkpt lat="50.62772987" lon="-119.46446257">
      </trkpt>
      <trkpt lat="50.62770142" lon="-119.46454483">
      </trkpt>
      <trkpt lat="50.62767254" lon="-119.46462901">
      </trkpt>
      <trkpt lat="50.62761611" lon="-119.46475256">
      </trkpt>
      <trkpt lat="50.62756938" lon="-119.46482158">
      </trkpt>
      <trkpt lat="50.6274575" lon="-119.46499937">
      </trkpt>
      <trkpt lat="50.62733827" lon="-119.46511972">
      </trkpt>
      <trkpt lat="50.62728369" lon="-119.46515963">
      </trkpt>
      <trkpt lat="50.62721073" lon="-119.46518446">
      </trkpt>
      <trkpt lat="50.62703054" lon="-119.46521783">
      </trkpt>
      <trkpt lat="50.62702754" lon="-119.46535859">
      </trkpt>
      <trkpt lat="50.62679005" lon="-119.46552982">
      </trkpt>
      <trkpt lat="50.62676093" lon="-119.46562823">
      </trkpt>
      <trkpt lat="50.62675792" lon="-119.46576885">
      </trkpt>
      <trkpt lat="50.62675434" lon="-119.4659381">
      </trkpt>
      <trkpt lat="50.62675133" lon="-119.46607872">
      </trkpt>
      <trkpt lat="50.62675679" lon="-119.46624835">
      </trkpt>
      <trkpt lat="50.62678017" lon="-119.46640657">
      </trkpt>
      <trkpt lat="50.62684075" lon="-119.46653622">
      </trkpt>
      <trkpt lat="50.62688313" lon="-119.46665247">
      </trkpt>
      <trkpt lat="50.62692449" lon="-119.46680978">
      </trkpt>
      <trkpt lat="50.62693944" lon="-119.46696738">
      </trkpt>
      <trkpt lat="50.62693425" lon="-119.46720603">
      </trkpt>
      <trkpt lat="50.62690537" lon="-119.4672902">
      </trkpt>
      <trkpt lat="50.62680044" lon="-119.46756638">
      </trkpt>
      <trkpt lat="50.62674204" lon="-119.46779148">
      </trkpt>
      <trkpt lat="50.62665513" lon="-119.46806874">
      </trkpt>
      <trkpt lat="50.62661704" lon="-119.46817896">
      </trkpt>
      <trkpt lat="50.62656982" lon="-119.46827645">
      </trkpt>
      <trkpt lat="50.62650226" lon="-119.46849933">
      </trkpt>
      <trkpt lat="50.62643621" lon="-119.46865097">
      </trkpt>
      <trkpt lat="50.62634358" lon="-119.46877269">
      </trkpt>
      <trkpt lat="50.62621511" lon="-119.46888016">
      </trkpt>
      <trkpt lat="50.626142" lon="-119.46893171">
      </trkpt>
      <trkpt lat="50.62605969" lon="-119.46899867">
      </trkpt>
      <trkpt lat="50.62596833" lon="-119.46906523">
      </trkpt>
      <trkpt lat="50.62588583" lon="-119.46913051">
      </trkpt>
      <trkpt lat="50.62581291" lon="-119.46918373">
      </trkpt>
      <trkpt lat="50.6257485" lon="-119.46924992">
      </trkpt>
      <trkpt lat="50.62569218" lon="-119.46937529">
      </trkpt>
      <trkpt lat="50.62560802" lon="-119.46952602">
      </trkpt>
      <trkpt lat="50.62554312" lon="-119.46962069">
      </trkpt>
      <trkpt lat="50.62538602" lon="-119.46979808">
      </trkpt>
      <trkpt lat="50.6253398" lon="-119.46986517">
      </trkpt>
      <trkpt lat="50.62528498" lon="-119.46992102">
      </trkpt>
      <trkpt lat="50.62515465" lon="-119.47011042">
      </trkpt>
      <trkpt lat="50.62505962" lon="-119.47034624">
      </trkpt>
      <trkpt lat="50.62504673" lon="-119.47052919">
      </trkpt>
      <trkpt lat="50.62500389" lon="-119.47086562">
      </trkpt>
      <trkpt lat="50.62496036" lon="-119.47121806">
      </trkpt>
      <trkpt lat="50.62496698" lon="-119.47133071">
      </trkpt>
      <trkpt lat="50.62498057" lon="-119.47154361">
      </trkpt>
      <trkpt lat="50.62500997" lon="-119.47184283">
      </trkpt>
      <trkpt lat="50.62500521" lon="-119.47206905">
      </trkpt>
      <trkpt lat="50.62497481" lon="-119.47222259">
      </trkpt>
      <trkpt lat="50.62495515" lon="-119.47231947">
      </trkpt>
      <trkpt lat="50.62492465" lon="-119.47247303">
      </trkpt>
      <trkpt lat="50.62490423" lon="-119.47258607">
      </trkpt>
      <trkpt lat="50.62485452" lon="-119.47282408">
      </trkpt>
      <trkpt lat="50.6248516" lon="-119.47296653">
      </trkpt>
      <trkpt lat="50.62484699" lon="-119.47317668">
      </trkpt>
      <trkpt lat="50.62482482" lon="-119.47337518">
      </trkpt>
      <trkpt lat="50.62481241" lon="-119.47352795">
      </trkpt>
      <trkpt lat="50.62478143" lon="-119.47371169">
      </trkpt>
      <trkpt lat="50.62466827" lon="-119.47394473">
      </trkpt>
      <trkpt lat="50.6245684" lon="-119.47401082">
      </trkpt>
      <trkpt lat="50.62447729" lon="-119.47406313">
      </trkpt>
      <trkpt lat="50.62440519" lon="-119.47407363">
      </trkpt>
      <trkpt lat="50.6243416" lon="-119.47408459">
      </trkpt>
      <trkpt lat="50.62426124" lon="-119.47408037">
      </trkpt>
      <trkpt lat="50.6241532" lon="-119.47407479">
      </trkpt>
      <trkpt lat="50.62403643" lon="-119.47405444">
      </trkpt>
      <trkpt lat="50.62391266" lon="-119.47396239">
      </trkpt>
      <trkpt lat="50.62353842" lon="-119.47380212">
      </trkpt>
      <trkpt lat="50.62346748" lon="-119.47375564">
      </trkpt>
      <trkpt lat="50.6234234" lon="-119.4736963">
      </trkpt>
      <trkpt lat="50.62337106" lon="-119.47362226">
      </trkpt>
      <trkpt lat="50.62325065" lon="-119.47337706">
      </trkpt>
      <trkpt lat="50.62319932" lon="-119.47326027">
      </trkpt>
      <trkpt lat="50.62308665" lon="-119.47304235">
      </trkpt>
      <trkpt lat="50.62293841" lon="-119.4728225">
      </trkpt>
      <trkpt lat="50.62280768" lon="-119.47263206">
      </trkpt>
      <trkpt lat="50.62261362" lon="-119.47243848">
      </trkpt>
      <trkpt lat="50.62249948" lon="-119.47231834">
      </trkpt>
      <trkpt lat="50.62242982" lon="-119.47221672">
      </trkpt>
      <trkpt lat="50.62225108" lon="-119.47215043">
      </trkpt>
      <trkpt lat="50.62194044" lon="-119.47194884">
      </trkpt>
      <trkpt lat="50.62174484" lon="-119.4718549">
      </trkpt>
      <trkpt lat="50.62159275" lon="-119.47181839">
      </trkpt>
      <trkpt lat="50.62142317" lon="-119.47175432">
      </trkpt>
      <trkpt lat="50.62114542" lon="-119.47168114">
      </trkpt>
      <trkpt lat="50.62087631" lon="-119.47166891">
      </trkpt>
      <trkpt lat="50.62077706" lon="-119.47167796">
      </trkpt>
      <trkpt lat="50.62052356" lon="-119.47174866">
      </trkpt>
      <trkpt lat="50.62008164" lon="-119.47180944">
      </trkpt>
      <trkpt lat="50.61997301" lon="-119.47183235">
      </trkpt>
      <trkpt lat="50.61975638" lon="-119.47187809">
      </trkpt>
      <trkpt lat="50.61959317" lon="-119.47194089">
      </trkpt>
      <trkpt lat="50.61934939" lon="-119.47198518">
      </trkpt>
      <trkpt lat="50.6191884" lon="-119.47193236">
      </trkpt>
      <trkpt lat="50.6190209" lon="-119.47176859">
      </trkpt>
      <trkpt lat="50.61883802" lon="-119.47150582">
      </trkpt>
      <trkpt lat="50.61857468" lon="-119.47118035">
      </trkpt>
      <trkpt lat="50.61849502" lon="-119.4711191">
      </trkpt>
      <trkpt lat="50.61838843" lon="-119.47107072">
      </trkpt>
      <trkpt lat="50.61820099" lon="-119.4709898">
      </trkpt>
      <trkpt lat="50.61807698" lon="-119.47091371">
      </trkpt>
      <trkpt lat="50.61799691" lon="-119.47086686">
      </trkpt>
      <trkpt lat="50.61792597" lon="-119.47082039">
      </trkpt>
      <trkpt lat="50.61782813" lon="-119.47075824">
      </trkpt>
      <trkpt lat="50.61773921" lon="-119.47071268">
      </trkpt>
      <trkpt lat="50.61766769" lon="-119.47069469">
      </trkpt>
      <trkpt lat="50.61761417" lon="-119.47067579">
      </trkpt>
      <trkpt lat="50.61727382" lon="-119.47060294">
      </trkpt>
    </trkseg>
  </trk>
</gpx>